v 64.543701171875 100.0 58.0
v 65.0 100.0 57.5
v 65.0 99.52196502685547 58.0
v 65.0 99.50181579589844 59.0
v 64.52285766601562 100.0 59.0
v 65.0 99.54678344726562 60.0
v 64.56828308105469 100.0 60.0
v 65.0 100.0 60.45325469970703
v 64.543701171875 101.0 56.0
v 65.0 101.0 55.5009651184082
v 65.0 100.52192687988281 56.0
v 65.0 100.47807312011719 57.0
v 64.52101135253906 101.0 57.0
v 64.5008544921875 101.0 58.0
v 64.5210189819336 101.0 59.0
v 65.0 101.0 59.52191925048828
v 65.0 100.47595977783203 60.0
v 64.54270935058594 102.0 55.0
v 65.0 102.0 54.500003814697266
v 65.0 101.5 55.0
v 64.5008544921875 102.0 56.0
v 64.5008544921875 102.0 57.0
v 64.52101135253906 102.0 58.0
v 64.5447006225586 102.0 59.0
v 65.0 102.0 59.47710418701172
v 64.56828308105469 103.0 54.0
v 65.0 103.0 53.54674530029297
v 65.0 102.5250015258789 54.0
v 64.52285766601562 103.0 55.0
v 64.52193450927734 103.0 56.0
v 64.543701171875 103.0 57.0
v 65.0 103.0 57.499996185302734
v 65.0 102.52192687988281 58.0
v 65.0 102.47710418701172 59.0
v 65.0 103.4541244506836 54.0
v 65.0 103.49910736083984 55.0
v 65.0 103.5 56.0
v 65.0 103.47807312011719 57.0
v 64.56936645507812 107.0 59.0
v 65.0 107.0 58.546932220458984
v 65.0 106.54780578613281 59.0
v 65.0 107.0 59.45306396484375
v 64.56936645507812 108.0 59.0
v 65.0 108.0 58.546932220458984
v 65.0 108.0 59.453067779541016
v 65.0 108.45219421386719 59.0
v 65.59739685058594 98.0 51.0
v 66.0 98.0 50.59580612182617
v 66.0 97.59658813476562 51.0
v 66.0 98.0 51.444156646728516
v 65.56832885742188 98.0 53.0
v 66.0 98.0 52.52699279785156
v 66.0 97.54769897460938 53.0
v 66.0 97.50093078613281 54.0
v 65.52285766601562 98.0 54.0
v 66.0 97.5 55.0
v 65.52192687988281 98.0 55.0
v 66.0 97.5 56.0
v 65.52192687988281 98.0 56.0
v 66.0 97.5 57.0
v 65.52193450927734 98.0 57.0
v 66.0 97.52192687988281 58.0
v 65.543701171875 98.0 58.0
v 66.0 98.0 58.500003814697266
v 65.543701171875 98.0 61.0
v 66.0 98.0 60.499996185302734
v 66.0 97.52192687988281 61.0
v 66.0 97.5 62.0
v 65.52193450927734 98.0 62.0
v 66.0 97.52192687988281 63.0
v 65.543701171875 98.0 63.0
v 66.0 98.0 63.4990348815918
v 66.0 98.42542266845703 51.0
v 66.0 98.49995422363281 53.0
v 65.52009582519531 99.0 54.0
v 66.0 99.0 53.4532585144043
v 65.5 99.0 55.0
v 65.5 99.0 56.0
v 65.4991455078125 99.0 57.0
v 65.47984313964844 99.0 58.0
v 66.0 98.47711181640625 59.0
v 65.49907684326172 99.0 59.0
v 66.0 98.4771499633789 60.0
v 65.5 99.0 60.0
v 65.5 99.0 61.0
v 65.5 99.0 62.0
v 65.5008544921875 99.0 63.0
v 66.0 98.50096130371094 64.0
v 65.543701171875 99.0 64.0
v 66.0 99.0 64.47807312011719
v 65.5447006225586 100.0 52.0
v 66.0 100.0 51.522891998291016
v 66.0 99.52112579345703 52.0
v 66.0 99.45413208007812 53.0
v 65.52101135253906 100.0 53.0
v 65.5008544921875 100.0 54.0
v 65.4991455078125 100.0 55.0
v 65.47898864746094 100.0 56.0
v 65.456298828125 100.0 57.0
v 65.47994232177734 100.0 61.0
v 65.5 100.0 62.0
v 65.5 100.0 63.0
v 65.52193450927734 100.0 64.0
v 66.0 100.0 64.5
v 65.52101135253906 101.0 52.0
v 66.0 101.0 51.47807312011719
v 65.50000762939453 101.0 53.0
v 65.4991455078125 101.0 54.0
v 65.45729064941406 101.0 55.0
v 65.47715759277344 101.0 60.0
v 65.5 101.0 61.0
v 65.5 101.0 62.0
v 65.5 101.0 63.0
v 65.52192687988281 101.0 64.0
v 66.0 101.0 64.5
v 65.543701171875 102.0 51.0
v 66.0 102.0 50.52193069458008
v 66.0 101.5 51.0
v 65.5008544921875 102.0 52.0
v 65.4991455078125 102.0 53.0
v 65.45729064941406 102.0 54.0
v 65.50092315673828 102.0 60.0
v 65.50089263916016 102.0 61.0
v 65.5 102.0 62.0
v 65.5 102.0 63.0
v 65.52101135253906 102.0 64.0
v 66.0 102.0 64.52192687988281
v 65.52193450927734 103.0 51.0
v 66.0 103.0 50.5
v 65.5 103.0 52.0
v 65.47990417480469 103.0 53.0
v 65.4771499633789 103.0 58.0
v 65.50096130371094 103.0 59.0
v 65.52115631103516 103.0 60.0
v 65.501708984375 103.0 61.0
v 65.50003814697266 103.0 62.0
v 65.5 103.0 63.0
v 65.5008544921875 103.0 64.0
v 66.0 102.5 65.0
v 65.543701171875 103.0 65.0
v 66.0 103.0 65.4771499633789
v 65.52193450927734 104.0 51.0
v 66.0 104.0 50.500003814697266
v 65.5 104.0 52.0
v 65.4991455078125 104.0 53.0
v 65.47899627685547 104.0 54.0
v 65.47807312011719 104.0 55.0
v 65.47807312011719 104.0 56.0
v 65.4790267944336 104.0 57.0
v 65.5 104.0 58.0
v 65.50174713134766 104.0 59.0
v 65.52201080322266 104.0 60.0
v 65.52112579345703 104.0 61.0
v 65.5008544921875 104.0 62.0
v 65.5 104.0 63.0
v 65.5008544921875 104.0 64.0
v 65.54374694824219 104.0 65.0
v 66.0 104.0 65.47618865966797
v 65.54270935058594 105.0 51.0
v 66.0 105.0 50.500003814697266
v 65.5008544921875 105.0 52.0
v 65.5 105.0 53.0
v 65.5 105.0 54.0
v 65.5 105.0 55.0
v 65.5 105.0 56.0
v 65.5 105.0 57.0
v 65.5 105.0 58.0
v 65.50089263916016 105.0 59.0
v 65.52201080322266 105.0 60.0
v 65.52201080322266 105.0 61.0
v 65.50089263916016 105.0 62.0
v 65.5 105.0 63.0
v 65.52101135253906 105.0 64.0
v 66.0 105.0 64.52091979980469
v 66.0 104.49894714355469 65.0
v 65.59266662597656 106.0 50.0
v 66.0 106.0 49.57071304321289
v 66.0 105.54913330078125 50.0
v 66.0 105.54796600341797 51.0
v 66.0 106.0 50.49882507324219
v 65.54171752929688 106.0 52.0
v 66.0 106.0 51.451080322265625
v 65.5008544921875 106.0 53.0
v 65.5 106.0 54.0
v 65.5 106.0 55.0
v 65.5 106.0 56.0
v 65.5 106.0 57.0
v 65.49918365478516 106.0 58.0
v 65.48161315917969 106.0 59.0
v 65.52119445800781 106.0 60.0
v 65.52201080322266 106.0 61.0
v 65.50089263916016 106.0 62.0
v 65.5008544921875 106.0 63.0
v 65.543701171875 106.0 64.0
v 66.0 106.0 64.47711181640625
v 66.0 106.4508285522461 50.0
v 66.0 106.47586059570312 51.0
v 65.56720733642578 107.0 51.0
v 66.0 107.0 50.52398681640625
v 66.0 106.52489471435547 52.0
v 66.0 107.0 51.499996185302734
v 65.543701171875 107.0 53.0
v 66.0 107.0 52.47702407836914
v 65.52101135253906 107.0 54.0
v 65.5008544921875 107.0 55.0
v 65.5 107.0 56.0
v 65.5 107.0 57.0
v 65.47980499267578 107.0 58.0
v 65.50089263916016 107.0 60.0
v 65.52108764648438 107.0 61.0
v 65.5008544921875 107.0 62.0
v 65.52101135253906 107.0 63.0
v 66.0 107.0 63.52188491821289
v 66.0 106.49995422363281 64.0
v 65.56941223144531 108.0 51.0
v 66.0 108.0 50.54875946044922
v 66.0 108.0 51.45390319824219
v 66.0 107.47807312011719 53.0
v 66.0 107.52288818359375 54.0
v 65.52193450927734 108.0 55.0
v 66.0 108.0 54.47799301147461
v 65.52009582519531 108.0 56.0
v 65.5008544921875 108.0 57.0
v 65.4790267944336 108.0 58.0
v 65.4798812866211 108.0 60.0
v 65.5008544921875 108.0 61.0
v 65.50089263916016 108.0 62.0
v 65.54374694824219 108.0 63.0
v 66.0 108.0 63.47623062133789
v 66.0 108.45124053955078 51.0
v 65.56828308105469 109.0 55.0
v 66.0 109.0 54.545867919921875
v 66.0 109.0 55.5
v 66.0 108.54673767089844 56.0
v 65.52101135253906 109.0 57.0
v 66.0 109.0 56.454132080078125
v 65.49915313720703 109.0 58.0
v 65.47991180419922 109.0 59.0
v 65.49915313720703 109.0 60.0
v 65.5008544921875 109.0 61.0
v 65.54275512695312 109.0 62.0
v 66.0 109.0 62.49799728393555
v 66.0 108.49703979492188 63.0
v 66.0 109.45238494873047 55.0
v 65.54469299316406 110.0 57.0
v 66.0 110.0 56.52204895019531
v 65.52101135253906 110.0 58.0
v 65.501708984375 110.0 59.0
v 65.52101135253906 110.0 60.0
v 65.543701171875 110.0 61.0
v 66.0 110.0 61.4980354309082
v 66.0 109.49895477294922 62.0
v 66.0 110.47706604003906 57.0
v 66.0 110.52192687988281 58.0
v 65.56721496582031 111.0 59.0
v 66.0 111.0 58.52298355102539
v 66.0 111.0 59.47701644897461
v 66.0 110.52192687988281 60.0
v 66.0 110.47803497314453 61.0
v 66.0 111.45335388183594 59.0
v 66.56720733642578 94.0 58.0
v 67.0 94.0 57.523983001708984
v 67.0 93.54663848876953 58.0
v 67.0 94.0 58.5
v 66.543701171875 94.0 60.0
v 67.0 94.0 59.477020263671875
v 67.0 93.5228500366211 60.0
v 67.0 93.50003814697266 61.0
v 66.52193450927734 94.0 61.0
v 67.0 93.5 62.0
v 66.52193450927734 94.0 62.0
v 67.0 93.52196502685547 63.0
v 66.543701171875 94.0 63.0
v 67.0 94.0 63.4990348815918
v 66.54270935058594 95.0 57.0
v 67.0 95.0 56.4990348815918
v 67.0 94.50004577636719 57.0
v 66.501708984375 95.0 58.0
v 67.0 94.45430755615234 59.0
v 66.52009582519531 95.0 59.0
v 66.5008544921875 95.0 60.0
v 66.5 95.0 61.0
v 66.5 95.0 62.0
v 66.5008544921875 95.0 63.0
v 67.0 94.5 64.0
v 66.54270935058594 95.0 64.0
v 67.0 95.0 64.4990005493164
v 66.543701171875 96.0 54.0
v 67.0 96.0 53.501007080078125
v 67.0 95.5228500366211 54.0
v 67.0 95.50003814697266 55.0
v 66.52192687988281 96.0 55.0
v 67.0 95.47807312011719 56.0
v 66.52101135253906 96.0 56.0
v 66.5008544921875 96.0 57.0
v 66.5 96.0 58.0
v 66.5 96.0 59.0
v 66.5 96.0 60.0
v 66.5 96.0 61.0
v 66.5 96.0 62.0
v 66.5 96.0 63.0
v 66.5008544921875 96.0 64.0
v 67.0 95.50200653076172 65.0
v 66.54374694824219 96.0 65.0
v 67.0 96.0 65.4761962890625
v 66.52176666259766 97.0 53.0
v 67.0 97.0 52.49795150756836
v 67.0 96.49903869628906 53.0
v 66.47892761230469 97.0 54.0
v 66.47807312011719 97.0 55.0
v 66.47807312011719 97.0 56.0
v 66.47807312011719 97.0 57.0
v 66.47898864746094 97.0 58.0
v 66.4991455078125 97.0 59.0
v 66.4991455078125 97.0 60.0
v 66.47898864746094 97.0 61.0
v 66.47807312011719 97.0 62.0
v 66.47898864746094 97.0 63.0
v 66.4991455078125 97.0 64.0
v 66.52101135253906 97.0 65.0
v 67.0 97.0 65.52092742919922
v 67.0 98.0 50.47895812988281
v 67.0 97.50003814697266 51.0
v 67.0 97.47622680664062 52.0
v 66.47923278808594 98.0 52.0
v 66.456298828125 98.0 59.0
v 66.456298828125 98.0 60.0
v 66.45729064941406 98.0 64.0
v 66.5 98.0 65.0
v 67.0 97.50008392333984 66.0
v 66.54275512695312 98.0 66.0
v 67.0 98.0 66.49795532226562
v 66.54186248779297 99.0 50.0
v 67.0 99.0 49.49995803833008
v 67.0 98.49899291992188 50.0
v 66.4798812866211 99.0 51.0
v 66.47795867919922 99.0 52.0
v 66.43175506591797 99.0 53.0
v 66.47898864746094 99.0 65.0
v 66.501708984375 99.0 66.0
v 67.0 98.52703857421875 67.0
v 66.56829833984375 99.0 67.0
v 67.0 99.0 67.43250274658203
v 66.543701171875 100.0 49.0
v 67.0 100.0 48.52104568481445
v 67.0 99.50096130371094 49.0
v 66.5008544921875 100.0 50.0
v 66.47980499267578 100.0 51.0
v 66.47807312011719 100.0 65.0
v 66.52101135253906 100.0 66.0
v 67.0 100.0 66.52188873291016
v 67.0 99.47587585449219 67.0
v 66.56828308105469 101.0 47.0
v 67.0 101.0 46.54678726196289
v 67.0 100.54674530029297 47.0
v 67.0 101.0 47.499996185302734
v 66.52101135253906 101.0 49.0
v 67.0 101.0 48.454132080078125
v 66.4991455078125 101.0 50.0
v 66.45633697509766 101.0 51.0
v 66.54390716552734 101.0 59.0
v 67.0 100.54474639892578 59.0
v 67.0 101.0 58.5030632019043
v 66.52487182617188 101.0 60.0
v 67.0 100.54570770263672 60.0
v 67.0 101.0 60.47421646118164
v 66.47807312011719 101.0 65.0
v 66.52101135253906 101.0 66.0
v 67.0 101.0 66.52192687988281
v 66.52285766601562 102.0 47.0
v 67.0 102.0 46.50185775756836
v 67.0 101.45326232910156 48.0
v 66.52009582519531 102.0 48.0
v 66.5008544921875 102.0 49.0
v 66.47898864746094 102.0 50.0
v 66.54286193847656 102.0 58.0
v 67.0 101.50200653076172 58.0
v 67.0 102.0 57.52193069458008
v 66.49911499023438 102.0 59.0
v 66.49996185302734 102.0 60.0
v 67.0 102.0 60.49996566772461
v 66.456298828125 102.0 65.0
v 66.5008544921875 102.0 66.0
v 67.0 101.52297973632812 67.0
v 66.56720733642578 102.0 67.0
v 67.0 102.0 67.45335388183594
v 66.543701171875 103.0 47.0
v 67.0 103.0 46.52288818359375
v 66.5008544921875 103.0 48.0
v 66.50003814697266 103.0 49.0
v 66.4788818359375 103.0 50.0
v 66.52381134033203 103.0 58.0
v 67.0 103.0 57.52289581298828
v 66.49903869628906 103.0 59.0
v 66.49906921386719 103.0 60.0
v 67.0 103.0 60.52104949951172
v 66.5 103.0 66.0
v 67.0 103.0 66.5228042602539
v 67.0 102.47697448730469 67.0
v 67.0 103.5 47.0
v 66.52101135253906 104.0 48.0
v 67.0 104.0 47.47807312011719
v 66.5008544921875 104.0 49.0
v 66.49815368652344 104.0 50.0
v 67.0 103.47711181640625 58.0
v 67.0 103.52289581298828 59.0
v 67.0 104.0 59.47798538208008
v 66.49903106689453 104.0 60.0
v 67.0 103.5 61.0
v 66.52096557617188 104.0 61.0
v 67.0 104.0 61.47807312011719
v 66.5228042602539 104.0 66.0
v 67.0 104.0 66.47723388671875
v 66.52193450927734 105.0 48.0
v 67.0 105.0 47.500038146972656
v 66.50003814697266 105.0 49.0
v 66.47815704345703 105.0 50.0
v 66.49903106689453 105.0 60.0
v 67.0 105.0 59.49999237060547
v 66.49903106689453 105.0 61.0
v 67.0 105.0 61.5
v 66.47819519042969 105.0 65.0
v 67.0 105.0 65.5218505859375
v 67.0 104.5 66.0
v 66.543701171875 106.0 48.0
v 67.0 106.0 47.522850036621094
v 66.48162078857422 106.0 49.0
v 66.4288330078125 106.0 51.0
v 66.4981460571289 106.0 60.0
v 67.0 106.0 59.47807312011719
v 66.49903106689453 106.0 61.0
v 67.0 106.0 61.5
v 66.50184631347656 106.0 65.0
v 67.0 106.0 65.49903106689453
v 67.0 106.49899291992188 48.0
v 66.54190063476562 107.0 49.0
v 67.0 107.0 48.50004196166992
v 66.45980072021484 107.0 50.0
v 66.45256805419922 107.0 52.0
v 66.56575012207031 107.0 59.0
v 67.0 106.52404022216797 59.0
v 67.0 107.0 58.546783447265625
v 66.50089263916016 107.0 60.0
v 66.52197265625 107.0 61.0
v 67.0 107.0 61.47706985473633
v 66.45880889892578 107.0 64.0
v 66.54290008544922 107.0 65.0
v 67.0 107.0 65.47711181640625
v 67.0 107.49995422363281 49.0
v 66.52180480957031 108.0 50.0
v 67.0 108.0 49.49908447265625
v 66.47891998291016 108.0 52.0
v 66.47905731201172 108.0 53.0
v 66.45695495605469 108.0 54.0
v 67.0 107.4541244506836 59.0
v 67.0 107.49910736083984 60.0
v 67.0 107.47711181640625 61.0
v 66.52180480957031 108.0 64.0
v 67.0 108.0 64.5009536743164
v 67.0 107.49903106689453 65.0
v 67.0 108.50192260742188 50.0
v 66.50092315673828 109.0 51.0
v 67.0 109.0 50.47719192504883
v 66.49915313720703 109.0 52.0
v 66.5 109.0 53.0
v 66.4790267944336 109.0 54.0
v 66.43254852294922 109.0 56.0
v 66.5009994506836 109.0 63.0
v 67.0 109.0 63.50095748901367
v 67.0 108.5009536743164 64.0
v 66.54373931884766 110.0 51.0
v 67.0 110.0 50.523765563964844
v 66.5008544921875 110.0 52.0
v 66.5 110.0 53.0
v 66.50003814697266 110.0 54.0
v 66.5008773803711 110.0 55.0
v 66.47895812988281 110.0 56.0
v 66.47915649414062 110.0 62.0
v 67.0 110.0 62.522804260253906
v 67.0 109.50192260742188 63.0
v 67.0 110.49703979492188 51.0
v 66.54275512695312 111.0 52.0
v 67.0 111.0 51.50199890136719
v 66.5008544921875 111.0 53.0
v 66.5209732055664 111.0 54.0
v 67.0 111.0 54.545867919921875
v 67.0 110.54674530029297 55.0
v 66.54182434082031 111.0 56.0
v 67.0 111.0 55.47496032714844
v 66.4798812866211 111.0 57.0
v 66.45795440673828 111.0 58.0
v 66.45795440673828 111.0 60.0
v 66.4798812866211 111.0 61.0
v 66.54289245605469 111.0 62.0
v 67.0 111.0 62.47715377807617
v 67.0 111.49800109863281 52.0
v 66.54374694824219 112.0 53.0
v 67.0 112.0 52.50296401977539
v 66.52289581298828 112.0 54.0
v 67.0 111.5 55.0
v 66.56824493408203 112.0 55.0
v 67.0 111.52288055419922 56.0
v 67.0 112.0 55.49783706665039
v 66.543701171875 112.0 57.0
v 67.0 112.0 56.478118896484375
v 66.5211181640625 112.0 58.0
v 66.50272369384766 112.0 59.0
v 66.5211181640625 112.0 60.0
v 66.54373931884766 112.0 61.0
v 67.0 112.0 61.49703598022461
v 67.0 111.49707794189453 62.0
v 67.0 112.47618865966797 53.0
v 67.0 112.4981460571289 54.0
v 67.0 112.45409393310547 55.0
v 67.0 112.47803497314453 57.0
v 67.0 112.49906921386719 58.0
v 67.0 112.49903106689453 59.0
v 67.0 112.49903106689453 60.0
v 67.0 112.47618865966797 61.0
v 67.54373931884766 92.0 61.0
v 68.0 92.0 60.50104904174805
v 68.0 91.52381134033203 61.0
v 68.0 91.50189208984375 62.0
v 67.52197265625 92.0 62.0
v 68.0 91.54389953613281 63.0
v 67.5447006225586 92.0 63.0
v 68.0 92.0 63.49794387817383
v 67.54289245605469 93.0 57.0
v 68.0 93.0 56.501007080078125
v 68.0 92.52376556396484 57.0
v 68.0 92.50007629394531 58.0
v 67.50183868408203 93.0 58.0
v 68.0 92.50088500976562 59.0
v 67.52022552490234 93.0 59.0
v 68.0 92.47815704345703 60.0
v 67.5 93.0 60.0
v 67.47891998291016 93.0 61.0
v 67.47807312011719 93.0 62.0
v 67.47984313964844 93.0 63.0
v 68.0 92.47908020019531 64.0
v 67.52015686035156 93.0 64.0
v 68.0 92.52477264404297 65.0
v 67.54473876953125 93.0 65.0
v 68.0 93.0 65.47526550292969
v 67.543701171875 94.0 55.0
v 68.0 94.0 54.50004196166992
v 68.0 93.52288818359375 55.0
v 68.0 93.47903442382812 56.0
v 67.52015686035156 94.0 56.0
v 67.45814514160156 94.0 57.0
v 67.43279266357422 94.0 59.0
v 67.45729064941406 94.0 64.0
v 67.52108001708984 94.0 65.0
v 68.0 94.0 65.5
v 67.54289245605469 95.0 53.0
v 68.0 95.0 52.501007080078125
v 68.0 94.52372741699219 53.0
v 68.0 94.4771957397461 54.0
v 67.5 95.0 54.0
v 67.47891998291016 95.0 55.0
v 67.456298828125 95.0 56.0
v 67.47823333740234 95.0 65.0
v 68.0 95.0 65.52376556396484
v 67.54373931884766 96.0 51.0
v 68.0 96.0 50.50104904174805
v 68.0 95.5238037109375 51.0
v 68.0 95.47903442382812 52.0
v 67.52015686035156 96.0 52.0
v 67.45813751220703 96.0 53.0
v 68.0 95.49895477294922 66.0
v 67.52275848388672 96.0 66.0
v 68.0 96.0 66.47811889648438
v 67.543701171875 97.0 49.0
v 68.0 97.0 48.501007080078125
v 68.0 96.52288818359375 49.0
v 68.0 96.47903442382812 50.0
v 67.52012634277344 97.0 50.0
v 67.47895812988281 97.0 51.0
v 67.45625305175781 97.0 52.0
v 67.47724151611328 97.0 66.0
v 68.0 97.0 66.5228042602539
v 67.56828308105469 98.0 45.0
v 68.0 98.0 44.54587173461914
v 68.0 97.54678344726562 45.0
v 68.0 98.0 45.47595977783203
v 67.54270935058594 98.0 48.0
v 68.0 98.0 47.4990348815918
v 68.0 97.50004577636719 48.0
v 67.5 98.0 49.0
v 67.45637512207031 98.0 50.0
v 68.0 97.49903869628906 67.0
v 67.50104522705078 98.0 67.0
v 68.0 98.0 67.47819519042969
v 67.52285766601562 99.0 45.0
v 68.0 99.0 44.50089645385742
v 68.0 98.47811126708984 46.0
v 67.52104949951172 99.0 46.0
v 68.0 98.47895812988281 47.0
v 67.52189636230469 99.0 47.0
v 67.50003814697266 99.0 48.0
v 67.45729064941406 99.0 49.0
v 68.0 99.0 67.54199981689453
v 67.543701171875 100.0 45.0
v 68.0 100.0 44.52193069458008
v 67.50086212158203 100.0 46.0
v 67.50003814697266 100.0 47.0
v 67.479736328125 100.0 48.0
v 67.59217071533203 100.0 52.0
v 68.0 99.57272338867188 52.0
v 68.0 100.0 51.57276153564453
v 68.0 100.0 52.44970703125
v 67.45718383789062 100.0 67.0
v 68.0 99.50105285644531 68.0
v 67.54385375976562 100.0 68.0
v 68.0 100.0 68.45614624023438
v 68.0 100.5 45.0
v 67.50092315673828 101.0 46.0
v 68.0 101.0 45.47807312011719
v 67.45234680175781 101.0 48.0
v 68.0 100.4487533569336 52.0
v 68.0 101.0 52.52490234375
v 67.56720733642578 101.0 53.0
v 68.0 100.5239486694336 53.0
v 67.54469299316406 101.0 54.0
v 68.0 100.52289581298828 54.0
v 68.0 101.0 54.52201461791992
v 67.543701171875 101.0 56.0
v 68.0 100.52192687988281 56.0
v 68.0 101.0 55.47701644897461
v 67.52108001708984 101.0 57.0
v 68.0 100.49996185302734 57.0
v 67.47915649414062 101.0 58.0
v 68.0 100.49815368652344 58.0
v 68.0 100.47795867919922 59.0
v 68.0 100.47799682617188 60.0
v 67.52275848388672 101.0 61.0
v 68.0 100.52088928222656 61.0
v 68.0 101.0 61.50004196166992
v 67.45713806152344 101.0 67.0
v 67.5211181640625 101.0 68.0
v 68.0 101.0 68.49815368652344
v 67.50003814697266 102.0 46.0
v 68.0 102.0 45.499114990234375
v 68.0 101.47702026367188 53.0
v 68.0 102.0 53.47895431518555
v 67.52192687988281 102.0 54.0
v 68.0 101.45430755615234 55.0
v 67.52009582519531 102.0 55.0
v 67.5008544921875 102.0 56.0
v 67.47898864746094 102.0 57.0
v 67.47891998291016 102.0 61.0
v 68.0 101.5 62.0
v 67.54270935058594 102.0 62.0
v 68.0 102.0 62.5
v 67.50183868408203 102.0 68.0
v 68.0 102.0 68.49992370605469
v 67.50092315673828 103.0 46.0
v 68.0 103.0 45.5
v 67.52101135253906 103.0 54.0
v 68.0 103.0 53.47710418701172
v 67.5 103.0 55.0
v 67.5 103.0 56.0
v 67.47898864746094 103.0 57.0
v 67.456298828125 103.0 61.0
v 67.5 103.0 62.0
v 68.0 102.5 63.0
v 67.54270935058594 103.0 63.0
v 68.0 103.0 63.5
v 67.45719146728516 103.0 67.0
v 67.54285430908203 103.0 68.0
v 68.0 103.0 68.47715759277344
v 67.52108001708984 104.0 46.0
v 68.0 104.0 45.50092697143555
v 67.45714569091797 104.0 47.0
v 67.5478744506836 104.0 50.0
v 68.0 103.54866790771484 50.0
v 68.0 104.0 49.54696273803711
v 68.0 104.0 50.47490310668945
v 67.54469299316406 104.0 52.0
v 68.0 103.52289581298828 52.0
v 68.0 104.0 51.50096893310547
v 67.52101135253906 104.0 53.0
v 68.0 103.47710418701172 53.0
v 67.5008544921875 104.0 54.0
v 67.5 104.0 55.0
v 67.5 104.0 56.0
v 67.4991455078125 104.0 57.0
v 67.47898864746094 104.0 58.0
v 67.4552993774414 104.0 59.0
v 67.47898864746094 104.0 62.0
v 67.5008544921875 104.0 63.0
v 68.0 103.50096130371094 64.0
v 67.54366302490234 104.0 64.0
v 68.0 104.0 64.4771499633789
v 67.52176666259766 104.0 67.0
v 68.0 104.0 67.50096130371094
v 68.0 103.49903869628906 68.0
v 67.543701171875 105.0 46.0
v 68.0 105.0 45.52288818359375
v 67.47895812988281 105.0 47.0
v 67.52377319335938 105.0 50.0
v 68.0 105.0 49.52293395996094
v 68.0 105.0 50.5230712890625
v 67.54267120361328 105.0 52.0
v 68.0 105.0 51.47500228881836
v 67.5008544921875 105.0 53.0
v 67.5 105.0 54.0
v 67.5 105.0 55.0
v 67.5 105.0 56.0
v 67.5 105.0 57.0
v 67.49999237060547 105.0 58.0
v 67.47806549072266 105.0 59.0
v 67.47806549072266 105.0 62.0
v 67.5 105.0 63.0
v 67.52108001708984 105.0 64.0
v 68.0 105.0 64.49996185302734
v 67.47815704345703 105.0 66.0
v 68.0 105.0 66.5228500366211
v 68.0 104.50200653076172 67.0
v 68.0 105.49995422363281 46.0
v 67.5 106.0 47.0
v 68.0 106.0 46.477195739746094
v 67.54142761230469 106.0 50.0
v 68.0 106.0 49.52473449707031
v 68.0 105.47500610351562 51.0
v 67.52352142333984 106.0 51.0
v 68.0 106.0 51.54912567138672
v 68.0 105.54912567138672 52.0
v 68.0 106.0 52.449920654296875
v 67.54167938232422 106.0 53.0
v 67.5008544921875 106.0 54.0
v 67.5 106.0 55.0
v 67.5 106.0 56.0
v 67.5 106.0 57.0
v 67.4991455078125 106.0 58.0
v 67.456298828125 106.0 59.0
v 67.47806549072266 106.0 62.0
v 67.50081634521484 106.0 63.0
v 67.5420150756836 106.0 64.0
v 68.0 106.0 64.47807312011719
v 67.50096893310547 106.0 66.0
v 68.0 106.0 66.49996185302734
v 67.54285430908203 107.0 47.0
v 68.0 107.0 46.522804260253906
v 67.45817565917969 107.0 48.0
v 68.0 106.49610900878906 50.0
v 68.0 107.0 50.50389099121094
v 67.54224395751953 107.0 51.0
v 68.0 106.47469329833984 52.0
v 67.54743194580078 107.0 52.0
v 68.0 107.0 52.49894714355469
v 68.0 106.52384948730469 53.0
v 68.0 107.0 53.47711181640625
v 67.54186248779297 107.0 54.0
v 67.50081634521484 107.0 55.0
v 67.5008544921875 107.0 56.0
v 67.52008819580078 107.0 57.0
v 67.48075866699219 107.0 58.0
v 67.47984313964844 107.0 62.0
v 67.54186248779297 107.0 63.0
v 68.0 107.0 63.500003814697266
v 68.0 106.49903869628906 64.0
v 67.50184631347656 107.0 66.0
v 68.0 107.0 66.49911499023438
v 68.0 107.49903869628906 47.0
v 67.54186248779297 108.0 48.0
v 68.0 108.0 47.5
v 67.45817565917969 108.0 49.0
v 68.0 107.47530364990234 51.0
v 68.0 107.45514678955078 52.0
v 68.0 107.50000762939453 54.0
v 68.0 108.0 54.50096130371094
v 67.5428237915039 108.0 55.0
v 67.54289245605469 108.0 56.0
v 68.0 108.0 56.52404022216797
v 68.0 107.54674530029297 57.0
v 68.0 108.0 57.4540901184082
v 67.52015686035156 108.0 58.0
v 67.47899627685547 108.0 59.0
v 67.47806549072266 108.0 60.0
v 67.47898864746094 108.0 61.0
v 67.5201187133789 108.0 62.0
v 68.0 108.0 62.521968841552734
v 68.0 107.50096130371094 63.0
v 67.45894622802734 108.0 65.0
v 67.52115631103516 108.0 66.0
v 68.0 108.0 66.49899291992188
v 68.0 108.5 48.0
v 67.54186248779297 109.0 49.0
v 68.0 109.0 48.5
v 67.45714569091797 109.0 50.0
v 68.0 108.47807312011719 55.0
v 68.0 108.47807312011719 56.0
v 67.52192687988281 109.0 58.0
v 68.0 109.0 57.49911117553711
v 67.5 109.0 59.0
v 67.5008544921875 109.0 60.0
v 67.5209732055664 109.0 61.0
v 67.54219055175781 109.0 62.0
v 68.0 109.0 62.47803497314453
v 67.45979309082031 109.0 64.0
v 67.52019500732422 109.0 65.0
v 67.54570007324219 109.0 66.0
v 68.0 109.0 66.4551773071289
v 68.0 109.5 49.0
v 67.52176666259766 110.0 50.0
v 68.0 110.0 49.49903869628906
v 67.54286193847656 110.0 58.0
v 68.0 110.0 57.521968841552734
v 67.50164031982422 110.0 59.0
v 67.5418701171875 110.0 60.0
v 68.0 110.0 60.500919342041016
v 68.0 109.52188873291016 61.0
v 68.0 109.4771499633789 62.0
v 67.47803497314453 110.0 63.0
v 67.52108001708984 110.0 64.0
v 68.0 110.0 64.52200317382812
v 68.0 109.52288818359375 65.0
v 68.0 109.47513580322266 66.0
v 68.0 110.5009994506836 50.0
v 67.5 111.0 51.0
v 68.0 111.0 50.498043060302734
v 68.0 110.54802703857422 55.0
v 68.0 111.0 54.54977035522461
v 68.0 111.0 55.43368911743164
v 68.0 110.49899291992188 58.0
v 68.0 111.0 58.523983001708984
v 67.56474304199219 111.0 59.0
v 68.0 111.0 59.476016998291016
v 68.0 110.49995422363281 60.0
v 67.50092315673828 111.0 63.0
v 67.5447769165039 111.0 64.0
v 68.0 111.0 64.47610473632812
v 68.0 111.50196075439453 51.0
v 67.5 112.0 52.0
v 68.0 112.0 51.498043060302734
v 68.0 111.45197296142578 55.0
v 67.45460510253906 112.0 56.0
v 68.0 111.45430755615234 59.0
v 67.50008392333984 112.0 62.0
v 68.0 112.0 62.50187301635742
v 68.0 111.52096557617188 63.0
v 68.0 111.47518920898438 64.0
v 68.0 112.50196075439453 52.0
v 67.52275848388672 113.0 53.0
v 68.0 113.0 52.49995803833008
v 67.4991226196289 113.0 54.0
v 67.48069763183594 113.0 55.0
v 67.49996948242188 113.0 56.0
v 67.49919891357422 113.0 57.0
v 67.50088500976562 113.0 58.0
v 67.50096893310547 113.0 59.0
v 67.50093078613281 113.0 60.0
v 67.5228500366211 113.0 61.0
v 68.0 113.0 61.498043060302734
v 68.0 112.49995422363281 62.0
v 68.0 113.47899627685547 53.0
v 68.0 113.52188110351562 54.0
v 67.54373931884766 114.0 55.0
v 68.0 114.0 54.501007080078125
v 67.52104949951172 114.0 56.0
v 67.52281951904297 114.0 57.0
v 68.0 114.0 57.521034240722656
v 68.0 113.52195739746094 58.0
v 68.0 113.49911499023438 59.0
v 68.0 113.49995422363281 60.0
v 68.0 113.4771957397461 61.0
v 68.0 114.4761962890625 55.0
v 68.0 114.52083587646484 56.0
v 67.56941986083984 115.0 57.0
v 68.0 115.0 56.526241302490234
v 68.0 115.0 57.45115661621094
v 68.0 115.43061065673828 57.0
v 68.5228042602539 91.0 61.0
v 69.0 91.0 60.49903869628906
v 69.0 90.5228042602539 61.0
v 69.0 90.54285430908203 62.0
v 68.5228500366211 91.0 62.0
v 69.0 91.0 62.499996185302734
v 68.52275848388672 92.0 57.0
v 69.0 92.0 56.498992919921875
v 69.0 91.52188110351562 57.0
v 69.0 91.5 58.0
v 68.5 92.0 58.0
v 69.0 91.49996185302734 59.0
v 68.5 92.0 59.0
v 69.0 91.47623443603516 60.0
v 68.47724151611328 92.0 60.0
v 69.0 91.45714569091797 63.0
v 69.0 91.5 64.0
v 68.47819519042969 92.0 64.0
v 69.0 91.54289245605469 65.0
v 68.52376556396484 92.0 65.0
v 69.0 92.0 65.49707794189453
v 68.54285430908203 93.0 54.0
v 69.0 93.0 53.5009651184082
v 69.0 92.52284240722656 54.0
v 69.0 92.5 55.0
v 68.50092315673828 93.0 55.0
v 69.0 92.47623443603516 56.0
v 68.47724151611328 93.0 56.0
v 69.0 92.5009994506836 66.0
v 68.52180480957031 93.0 66.0
v 69.0 93.0 66.49896240234375
v 68.52176666259766 94.0 53.0
v 69.0 94.0 52.4980354309082
v 69.0 93.49903869628906 53.0
v 68.45718383789062 94.0 54.0
v 68.47891998291016 94.0 66.0
v 69.0 93.50397491455078 67.0
v 68.5447006225586 94.0 67.0
v 69.0 94.0 67.45610046386719
v 68.52275848388672 95.0 51.0
v 69.0 95.0 50.49895095825195
v 69.0 94.52184295654297 51.0
v 69.0 94.47628021240234 52.0
v 68.47727966308594 95.0 52.0
v 68.54666900634766 95.0 61.0
v 69.0 94.54586791992188 61.0
v 69.0 95.0 60.545021057128906
v 68.54478454589844 95.0 62.0
v 69.0 94.52481842041016 62.0
v 69.0 95.0 62.475181579589844
v 68.45626068115234 95.0 66.0
v 68.5211181640625 95.0 67.0
v 69.0 95.0 67.49815368652344
v 68.54374694824219 96.0 44.0
v 69.0 96.0 43.50104904174805
v 69.0 95.52293395996094 44.0
v 69.0 95.54386138916016 45.0
v 68.5447006225586 96.0 45.0
v 69.0 96.0 45.49798583984375
v 68.54285430908203 96.0 48.0
v 69.0 96.0 47.5
v 69.0 95.5228042602539 48.0
v 69.0 95.49911499023438 49.0
v 68.50092315673828 96.0 49.0
v 69.0 95.47623443603516 50.0
v 68.47727966308594 96.0 50.0
v 68.52197265625 96.0 61.0
v 69.0 96.0 60.479957580566406
v 68.5447006225586 96.0 62.0
v 69.0 96.0 62.45610046386719
v 68.50092315673828 96.0 67.0
v 69.0 96.0 67.49996185302734
v 68.543701171875 97.0 43.0
v 69.0 97.0 42.522850036621094
v 69.0 96.50100708007812 43.0
v 68.50000762939453 97.0 44.0
v 68.48075866699219 97.0 45.0
v 69.0 96.47907257080078 46.0
v 68.52019500732422 97.0 46.0
v 69.0 96.47895812988281 47.0
v 68.52104187011719 97.0 47.0
v 68.45817565917969 97.0 48.0
v 68.543701171875 97.0 55.0
v 69.0 96.52196502685547 55.0
v 69.0 97.0 54.5
v 68.52192687988281 97.0 56.0
v 69.0 96.5 56.0
v 68.52192687988281 97.0 57.0
v 69.0 96.5 57.0
v 68.543701171875 97.0 58.0
v 69.0 96.52192687988281 58.0
v 69.0 97.0 58.52298355102539
v 68.54270935058594 97.0 60.0
v 69.0 96.5 60.0
v 69.0 97.0 59.47605895996094
v 68.52101135253906 97.0 61.0
v 69.0 97.0 61.543724060058594
v 69.0 96.52086639404297 62.0
v 68.47723388671875 97.0 67.0
v 69.0 97.0 67.52276611328125
v 68.52193450927734 98.0 43.0
v 69.0 98.0 42.50008010864258
v 68.47903442382812 98.0 44.0
v 68.4579849243164 98.0 46.0
v 68.47628021240234 98.0 47.0
v 68.54366302490234 98.0 53.0
v 69.0 97.52196502685547 53.0
v 69.0 98.0 52.5
v 68.52101135253906 98.0 54.0
v 69.0 97.47807312011719 54.0
v 68.5008544921875 98.0 55.0
v 68.5 98.0 56.0
v 68.5 98.0 57.0
v 68.5008544921875 98.0 58.0
v 69.0 97.45430755615234 59.0
v 68.52008819580078 98.0 59.0
v 68.5008544921875 98.0 60.0
v 68.5008544921875 98.0 61.0
v 69.0 97.47815704345703 62.0
v 68.54373931884766 98.0 62.0
v 69.0 98.0 62.47711181640625
v 69.0 97.5 68.0
v 68.52276611328125 98.0 68.0
v 69.0 98.0 68.4771957397461
v 68.52192687988281 99.0 43.0
v 69.0 99.0 42.50088882446289
v 68.47888946533203 99.0 44.0
v 68.54381561279297 99.0 51.0
v 69.0 98.52288818359375 51.0
v 69.0 99.0 50.522891998291016
v 68.50092315673828 99.0 52.0
v 69.0 98.47718811035156 52.0
v 68.5 99.0 53.0
v 68.5 99.0 54.0
v 68.5 99.0 55.0
v 68.5 99.0 56.0
v 68.5 99.0 57.0
v 68.5 99.0 58.0
v 68.5 99.0 59.0
v 68.5 99.0 60.0
v 68.5 99.0 61.0
v 68.52101135253906 99.0 62.0
v 69.0 99.0 62.52289581298828
v 68.59420013427734 99.0 65.0
v 69.0 98.5933837890625 65.0
v 69.0 99.0 64.55149841308594
v 69.0 99.0 65.4260482788086
v 68.4771957397461 99.0 68.0
v 69.0 99.0 68.50092315673828
v 68.52192687988281 100.0 43.0
v 69.0 100.0 42.50008010864258
v 68.4790267944336 100.0 44.0
v 68.54780578613281 100.0 47.0
v 69.0 99.54792022705078 47.0
v 69.0 100.0 46.56687927246094
v 69.0 100.0 47.47293472290039
v 68.50183868408203 100.0 51.0
v 69.0 100.0 50.499114990234375
v 68.45729064941406 100.0 53.0
v 68.47898864746094 100.0 54.0
v 68.498291015625 100.0 55.0
v 68.47898864746094 100.0 56.0
v 68.47807312011719 100.0 57.0
v 68.47803497314453 100.0 58.0
v 68.47714233398438 100.0 59.0
v 68.47714233398438 100.0 60.0
v 68.47895050048828 100.0 61.0
v 68.5 100.0 62.0
v 69.0 99.47710418701172 63.0
v 68.52101135253906 100.0 63.0
v 68.52104949951172 100.0 64.0
v 69.0 99.47911834716797 64.0
v 68.52281951904297 100.0 65.0
v 69.0 100.0 65.5190658569336
v 69.0 100.0 68.54285430908203
v 68.543701171875 101.0 43.0
v 69.0 101.0 42.522850036621094
v 68.5 101.0 44.0
v 68.45714569091797 101.0 45.0
v 68.54220581054688 101.0 47.0
v 69.0 101.0 46.52385711669922
v 69.0 100.50192260742188 48.0
v 68.52372741699219 101.0 48.0
v 69.0 101.0 48.49903869628906
v 68.52107238769531 101.0 51.0
v 69.0 101.0 50.49906921386719
v 68.45828247070312 101.0 52.0
v 68.43279266357422 101.0 55.0
v 68.45729064941406 101.0 62.0
v 68.4991455078125 101.0 63.0
v 68.5 101.0 64.0
v 68.5008544921875 101.0 65.0
v 69.0 100.50210571289062 66.0
v 68.54386138916016 101.0 66.0
v 69.0 101.0 66.45610046386719
v 69.0 100.5 69.0
v 68.52284240722656 101.0 69.0
v 69.0 101.0 69.45714569091797
v 69.0 101.49899291992188 43.0
v 68.54270935058594 102.0 44.0
v 69.0 102.0 43.50004577636719
v 68.47977447509766 102.0 45.0
v 69.0 101.49894714355469 47.0
v 69.0 102.0 47.479000091552734
v 68.5211181640625 102.0 48.0
v 69.0 101.5 49.0
v 68.54267120361328 102.0 49.0
v 69.0 102.0 49.525001525878906
v 68.52101135253906 102.0 51.0
v 69.0 102.0 50.45412826538086
v 68.4991455078125 102.0 52.0
v 68.456298828125 102.0 53.0
v 68.45729064941406 102.0 63.0
v 68.4991455078125 102.0 64.0
v 68.5008544921875 102.0 65.0
v 68.54367065429688 102.0 66.0
v 69.0 102.0 66.47618865966797
v 68.50003814697266 102.0 69.0
v 69.0 102.0 69.49907684326172
v 69.0 102.50096130371094 44.0
v 68.4991226196289 103.0 45.0
v 69.0 103.0 44.47715377807617
v 68.52189636230469 103.0 48.0
v 69.0 103.0 47.50092315673828
v 68.5 103.0 49.0
v 69.0 102.45238494873047 50.0
v 68.5 103.0 50.0
v 68.4991455078125 103.0 51.0
v 68.47898864746094 103.0 52.0
v 68.4552993774414 103.0 53.0
v 68.45729064941406 103.0 64.0
v 68.52015686035156 103.0 65.0
v 69.0 103.0 65.52192687988281
v 69.0 102.49991607666016 66.0
v 68.50096130371094 103.0 69.0
v 69.0 103.0 69.49903869628906
v 68.5 104.0 45.0
v 69.0 104.0 44.49907302856445
v 68.54285430908203 104.0 48.0
v 69.0 104.0 47.522884368896484
v 68.47984313964844 104.0 49.0
v 68.456298828125 104.0 51.0
v 68.50088500976562 104.0 65.0
v 69.0 104.0 65.50003814697266
v 68.45817565917969 104.0 68.0
v 68.54385375976562 104.0 69.0
v 69.0 104.0 69.45614624023438
v 68.50092315673828 105.0 45.0
v 69.0 105.0 44.500003814697266
v 69.0 104.49995422363281 48.0
v 69.0 105.0 48.47715759277344
v 68.49907684326172 105.0 49.0
v 68.43171691894531 105.0 51.0
v 68.49906921386719 105.0 65.0
v 69.0 105.0 65.50092315673828
v 68.45713806152344 105.0 67.0
v 68.52015686035156 105.0 68.0
v 69.0 105.0 68.52091979980469
v 69.0 104.49798583984375 69.0
v 68.54289245605469 106.0 45.0
v 69.0 106.0 44.523765563964844
v 68.45718383789062 106.0 46.0
v 68.52272033691406 106.0 49.0
v 69.0 106.0 48.52184295654297
v 68.40733337402344 106.0 52.0
v 68.49996185302734 106.0 65.0
v 69.0 106.0 65.50092315673828
v 68.47981262207031 106.0 67.0
v 68.543701171875 106.0 68.0
v 69.0 106.0 68.47711181640625
v 69.0 106.49899291992188 45.0
v 68.5 107.0 46.0
v 69.0 107.0 45.47815704345703
v 69.0 106.50004577636719 49.0
v 68.49995422363281 107.0 50.0
v 69.0 107.0 49.498043060302734
v 68.4338607788086 107.0 53.0
v 68.45809936523438 107.0 64.0
v 68.54119873046875 107.0 65.0
v 69.0 107.0 65.4771957397461
v 68.49908447265625 107.0 67.0
v 69.0 107.0 67.54568481445312
v 69.0 106.52293395996094 68.0
v 68.54285430908203 108.0 46.0
v 69.0 108.0 45.52284240722656
v 68.45817565917969 108.0 47.0
v 69.0 107.50196075439453 50.0
v 68.521728515625 108.0 51.0
v 69.0 108.0 50.49899673461914
v 68.47984313964844 108.0 52.0
v 68.49828338623047 108.0 53.0
v 68.45729064941406 108.0 54.0
v 68.43171691894531 108.0 57.0
v 68.45710754394531 108.0 63.0
v 68.54019927978516 108.0 64.0
v 69.0 108.0 64.4990463256836
v 69.0 107.49803924560547 65.0
v 68.50003814697266 108.0 67.0
v 69.0 107.5022201538086 68.0
v 68.56937408447266 108.0 68.0
v 69.0 108.0 68.43145751953125
v 69.0 108.49903869628906 46.0
v 68.54186248779297 109.0 47.0
v 69.0 109.0 46.5
v 68.45817565917969 109.0 48.0
v 69.0 108.50096130371094 51.0
v 69.0 109.0 51.50004196166992
v 68.54270935058594 109.0 52.0
v 68.5008544921875 109.0 53.0
v 68.4991455078125 109.0 54.0
v 68.47898864746094 109.0 55.0
v 68.47898864746094 109.0 56.0
v 68.47714233398438 109.0 57.0
v 68.4981918334961 109.0 63.0
v 69.0 109.0 63.522850036621094
v 69.0 108.50100708007812 64.0
v 69.0 108.52394104003906 67.0
v 69.0 109.0 66.54398345947266
v 69.0 108.45207977294922 68.0
v 69.0 109.50004577636719 47.0
v 68.54186248779297 110.0 48.0
v 69.0 110.0 47.49995803833008
v 68.45817565917969 110.0 49.0
v 69.0 109.49995422363281 52.0
v 69.0 110.0 52.50004196166992
v 68.54270935058594 110.0 53.0
v 68.49996185302734 110.0 54.0
v 68.47987365722656 110.0 55.0
v 68.51919555664062 110.0 56.0
v 68.47984313964844 110.0 57.0
v 68.45714569091797 110.0 61.0
v 68.49907684326172 110.0 62.0
v 68.5229263305664 110.0 63.0
v 69.0 110.0 63.47623062133789
v 68.45696258544922 110.0 65.0
v 68.5009994506836 110.0 66.0
v 69.0 110.0 66.49996185302734
v 69.0 110.50004577636719 48.0
v 68.54186248779297 111.0 49.0
v 69.0 111.0 48.49995803833008
v 68.45813751220703 111.0 50.0
v 69.0 110.49995422363281 53.0
v 69.0 111.0 53.49908447265625
v 68.52181243896484 111.0 54.0
v 69.0 110.57301330566406 56.0
v 69.0 111.0 55.59095001220703
v 69.0 111.0 56.447547912597656
v 68.54083251953125 111.0 57.0
v 68.45813751220703 111.0 58.0
v 68.45813751220703 111.0 60.0
v 68.54182434082031 111.0 61.0
v 69.0 111.0 61.501007080078125
v 69.0 110.5228500366211 62.0
v 69.0 110.47623443603516 63.0
v 68.50003814697266 111.0 65.0
v 68.54570007324219 111.0 66.0
v 69.0 111.0 66.4551773071289
v 69.0 111.50003814697266 49.0
v 68.54186248779297 112.0 50.0
v 69.0 112.0 49.49995803833008
v 68.45813751220703 112.0 51.0
v 69.0 111.50096130371094 54.0
v 68.52197265625 112.0 55.0
v 69.0 112.0 54.5009651184082
v 69.0 111.47124481201172 56.0
v 68.54539489746094 112.0 56.0
v 69.0 112.0 56.52524185180664
v 69.0 111.54896545410156 57.0
v 69.0 112.0 57.451988220214844
v 68.54097747802734 112.0 58.0
v 68.50088500976562 112.0 59.0
v 68.5420150756836 112.0 60.0
v 69.0 112.0 60.498077392578125
v 69.0 111.49908447265625 61.0
v 68.47899627685547 112.0 63.0
v 68.5228042602539 112.0 64.0
v 69.0 112.0 64.50096130371094
v 69.0 111.52281188964844 65.0
v 69.0 111.47425842285156 66.0
v 69.0 112.50003814697266 50.0
v 68.54186248779297 113.0 51.0
v 69.0 113.0 50.49995803833008
v 68.45813751220703 113.0 52.0
v 69.0 112.4771499633789 55.0
v 69.0 112.47611999511719 56.0
v 69.0 113.0 56.55131912231445
v 68.57178497314453 113.0 57.0
v 69.0 112.5023422241211 57.0
v 69.0 112.50096893310547 58.0
v 69.0 113.0 57.450626373291016
v 69.0 112.50092315673828 59.0
v 69.0 112.47718811035156 60.0
v 68.50096130371094 113.0 62.0
v 69.0 113.0 62.50191879272461
v 69.0 112.52196502685547 63.0
v 69.0 112.47899627685547 64.0
v 69.0 113.49903869628906 51.0
v 68.54190063476562 114.0 52.0
v 69.0 114.0 51.50100326538086
v 68.4807357788086 114.0 53.0
v 68.47723388671875 114.0 54.0
v 69.0 113.40861511230469 57.0
v 68.47715759277344 114.0 58.0
v 68.5 114.0 59.0
v 68.48063659667969 114.0 60.0
v 68.5218505859375 114.0 61.0
v 69.0 114.0 61.49995803833008
v 69.0 113.5 62.0
v 69.0 114.49803924560547 52.0
v 68.56729888916016 115.0 53.0
v 69.0 115.0 52.52598571777344
v 69.0 115.0 53.49885177612305
v 69.0 114.5455551147461 54.0
v 68.5238037109375 115.0 55.0
v 69.0 115.0 54.47811508178711
v 68.47908020019531 115.0 56.0
v 68.52371978759766 115.0 58.0
v 69.0 115.0 58.522926330566406
v 69.0 114.54472351074219 59.0
v 68.56829071044922 115.0 60.0
v 69.0 115.0 59.50120162963867
v 69.0 115.0 60.47296142578125
v 69.0 114.49891662597656 61.0
v 69.0 115.45153045654297 53.0
v 69.0 115.45626068115234 55.0
v 69.0 115.47984313964844 56.0
v 69.0 115.51922607421875 57.0
v 69.0 115.4771957397461 58.0
v 69.0 115.43250274658203 60.0
v 69.54293823242188 90.0 60.0
v 70.0 90.0 59.50104904174805
v 70.0 89.5246810913086 60.0
v 70.0 89.54290008544922 61.0
v 69.52376556396484 90.0 61.0
v 70.0 90.0 61.498992919921875
v 69.54285430908203 91.0 56.0
v 70.0 91.0 55.5
v 70.0 90.52284240722656 56.0
v 70.0 90.50003814697266 57.0
v 69.50092315673828 91.0 57.0
v 70.0 90.5 58.0
v 69.5 91.0 58.0
v 70.0 90.47811889648438 59.0
v 69.49907684326172 91.0 59.0
v 69.45710754394531 91.0 60.0
v 70.0 90.45813751220703 62.0
v 70.0 90.52015686035156 63.0
v 69.47807312011719 91.0 63.0
v 70.0 90.54469299316406 64.0
v 69.52381134033203 91.0 64.0
v 70.0 91.0 64.47706604003906
v 69.54285430908203 92.0 53.0
v 70.0 92.0 52.5009651184082
v 70.0 91.52196502685547 53.0
v 70.0 91.49996185302734 54.0
v 69.50092315673828 92.0 54.0
v 70.0 91.47715759277344 55.0
v 69.49907684326172 92.0 55.0
v 69.45710754394531 92.0 56.0
v 70.0 91.47984313964844 65.0
v 70.0 91.5427474975586 66.0
v 69.50199890136719 92.0 66.0
v 70.0 92.0 66.49795532226562
v 69.54186248779297 93.0 52.0
v 70.0 93.0 51.49903869628906
v 70.0 92.5 52.0
v 69.45817565917969 93.0 53.0
v 70.0 92.50199890136719 67.0
v 69.50199890136719 93.0 67.0
v 70.0 93.0 67.45809936523438
v 69.56828308105469 94.0 44.0
v 70.0 94.0 43.525047302246094
v 70.0 93.54769897460938 44.0
v 70.0 94.0 44.454124450683594
v 69.543701171875 94.0 49.0
v 70.0 94.0 48.5
v 70.0 93.52196502685547 49.0
v 70.0 93.50084686279297 50.0
v 69.52108001708984 94.0 50.0
v 70.0 93.47723388671875 51.0
v 69.50003814697266 94.0 51.0
v 69.45795440673828 94.0 52.0
v 69.54879760742188 94.0 62.0
v 70.0 93.56941223144531 62.0
v 70.0 94.0 61.54875946044922
v 69.56989288330078 94.0 63.0
v 70.0 93.57151794433594 63.0
v 70.0 94.0 63.4293098449707
v 70.0 94.0 67.54186248779297
v 69.54186248779297 95.0 43.0
v 70.0 95.0 42.50096130371094
v 70.0 94.50000762939453 43.0
v 69.50092315673828 95.0 44.0
v 70.0 95.0 44.52394104003906
v 69.54285430908203 95.0 47.0
v 70.0 95.0 46.499916076660156
v 70.0 94.52188873291016 47.0
v 70.0 94.47715759277344 48.0
v 69.5 95.0 48.0
v 69.47895812988281 95.0 49.0
v 69.45709991455078 95.0 50.0
v 69.54366302490234 95.0 55.0
v 70.0 94.52288818359375 55.0
v 70.0 95.0 54.50004196166992
v 69.52192687988281 95.0 56.0
v 70.0 94.50096130371094 56.0
v 69.52192687988281 95.0 57.0
v 70.0 94.50096130371094 57.0
v 69.52192687988281 95.0 58.0
v 70.0 94.50096893310547 58.0
v 69.54373931884766 95.0 59.0
v 70.0 94.5238037109375 59.0
v 70.0 95.0 59.52294158935547
v 70.0 94.5009536743164 61.0
v 70.0 95.0 60.454341888427734
v 69.52381134033203 95.0 63.0
v 70.0 95.0 63.47615051269531
v 70.0 94.50096130371094 68.0
v 69.52284240722656 95.0 68.0
v 70.0 95.0 68.45714569091797
v 69.54289245605469 96.0 42.0
v 70.0 96.0 41.52376174926758
v 70.0 95.50196838378906 42.0
v 69.45817565917969 96.0 43.0
v 70.0 95.45602416992188 45.0
v 70.0 95.47711181640625 46.0
v 69.47815704345703 96.0 46.0
v 69.45722198486328 96.0 47.0
v 69.54366302490234 96.0 53.0
v 70.0 95.52281188964844 53.0
v 70.0 96.0 52.50004196166992
v 69.52015686035156 96.0 54.0
v 70.0 95.47807312011719 54.0
v 69.47984313964844 96.0 55.0
v 69.47807312011719 96.0 56.0
v 69.47807312011719 96.0 57.0
v 69.47898864746094 96.0 58.0
v 69.4991455078125 96.0 59.0
v 70.0 95.4524917602539 60.0
v 69.476318359375 96.0 60.0
v 70.0 96.0 62.54389953613281
v 70.0 95.50096893310547 63.0
v 69.50003814697266 96.0 68.0
v 70.0 96.0 68.49907684326172
v 69.50003814697266 97.0 42.0
v 70.0 97.0 41.47819519042969
v 69.54366302490234 97.0 51.0
v 70.0 96.52281188964844 51.0
v 70.0 97.0 50.501007080078125
v 69.52015686035156 97.0 52.0
v 70.0 96.47807312011719 52.0
v 69.47984313964844 97.0 53.0
v 69.456298828125 97.0 54.0
v 69.43279266357422 97.0 59.0
v 69.45358276367188 97.0 62.0
v 70.0 97.0 62.525691986083984
v 69.4771957397461 97.0 68.0
v 70.0 97.0 68.52275848388672
v 69.56725311279297 98.0 41.0
v 70.0 98.0 40.54755401611328
v 70.0 97.52403259277344 41.0
v 69.48062896728516 98.0 42.0
v 69.5487060546875 98.0 47.0
v 70.0 97.56686401367188 47.0
v 70.0 98.0 46.525142669677734
v 70.0 98.0 47.453914642333984
v 69.54186248779297 98.0 50.0
v 70.0 97.5 50.0
v 70.0 98.0 49.49995422363281
v 69.47984313964844 98.0 51.0
v 69.456298828125 98.0 52.0
v 69.5 98.0 63.0
v 70.0 97.4760971069336 63.0
v 69.54489135742188 98.0 64.0
v 70.0 97.52485656738281 64.0
v 70.0 98.0 64.47514343261719
v 69.59811401367188 98.0 66.0
v 70.0 97.59970092773438 66.0
v 70.0 98.0 65.57781982421875
v 70.0 98.0 66.40188598632812
v 70.0 97.50104522705078 69.0
v 69.52381134033203 98.0 69.0
v 70.0 98.0 69.45625305175781
v 70.0 98.49995422363281 41.0
v 69.49907684326172 99.0 42.0
v 70.0 99.0 41.45426940917969
v 69.56846618652344 99.0 45.0
v 70.0 98.54692840576172 45.0
v 70.0 99.0 44.5478401184082
v 69.54200744628906 99.0 46.0
v 70.0 98.50000762939453 46.0
v 69.50184631347656 99.0 47.0
v 70.0 99.0 47.545040130615234
v 69.5427017211914 99.0 49.0
v 70.0 98.49999237060547 49.0
v 70.0 99.0 48.474952697753906
v 69.47984313964844 99.0 50.0
v 69.45530700683594 99.0 63.0
v 69.47815704345703 99.0 64.0
v 69.47335815429688 99.0 65.0
v 70.0 99.0 64.54673767089844
v 70.0 99.0 65.50222778320312
v 69.54989624023438 99.0 66.0
v 70.0 99.0 66.45006561279297
v 69.50092315673828 99.0 69.0
v 70.0 99.0 69.47807312011719
v 69.56725311279297 100.0 41.0
v 70.0 100.0 40.54755401611328
v 70.0 99.50004577636719 41.0
v 69.47981262207031 100.0 42.0
v 70.0 99.45394897460938 45.0
v 70.0 99.52518463134766 46.0
v 70.0 100.0 46.43308639526367
v 69.4773178100586 100.0 48.0
v 70.0 99.45143127441406 48.0
v 69.5 100.0 49.0
v 69.47807312011719 100.0 50.0
v 70.0 99.43342590332031 65.0
v 69.50105285644531 100.0 66.0
v 70.0 100.0 66.47715759277344
v 69.47811126708984 100.0 69.0
v 70.0 100.0 69.47899627685547
v 70.0 100.47596740722656 41.0
v 69.5 101.0 42.0
v 70.0 101.0 41.47815704345703
v 69.52184295654297 101.0 46.0
v 70.0 100.4738540649414 46.0
v 70.0 101.0 45.52092361450195
v 69.45729064941406 101.0 49.0
v 69.47714233398438 101.0 50.0
v 70.0 101.0 66.54199981689453
v 70.0 101.0 69.51924133300781
v 69.54285430908203 102.0 42.0
v 70.0 102.0 41.52284240722656
v 69.458984375 102.0 43.0
v 69.5419692993164 102.0 46.0
v 70.0 102.0 45.521888732910156
v 69.45714569091797 102.0 47.0
v 69.43171691894531 102.0 50.0
v 70.0 101.50012969970703 67.0
v 69.52381134033203 102.0 67.0
v 70.0 102.0 67.45625305175781
v 70.0 101.54678344726562 70.0
v 69.54682159423828 102.0 70.0
v 70.0 102.0 70.43171691894531
v 70.0 102.5 42.0
v 69.52019500732422 103.0 43.0
v 70.0 103.0 42.47811508178711
v 69.45795440673828 103.0 44.0
v 70.0 102.5 46.0
v 70.0 103.0 46.47715377807617
v 69.49907684326172 103.0 47.0
v 69.45714569091797 103.0 66.0
v 69.54386138916016 103.0 67.0
v 70.0 103.0 67.45529174804688
v 69.52385711669922 103.0 70.0
v 70.0 103.0 70.4552993774414
v 69.543701171875 104.0 43.0
v 70.0 104.0 42.522850036621094
v 69.47895812988281 104.0 44.0
v 69.50092315673828 104.0 47.0
v 70.0 104.0 46.5
v 69.49903869628906 104.0 66.0
v 70.0 104.0 66.52184295654297
v 70.0 103.49794006347656 67.0
v 70.0 103.4980239868164 70.0
v 70.0 104.0 69.54186248779297
v 70.0 104.49995422363281 43.0
v 69.49908447265625 105.0 44.0
v 70.0 105.0 43.47715759277344
v 69.54281616210938 105.0 47.0
v 70.0 105.0 46.52284622192383
v 69.45714569091797 105.0 48.0
v 69.49907684326172 105.0 66.0
v 70.0 105.0 66.5
v 69.47908020019531 105.0 69.0
v 70.0 105.0 69.47984313964844
v 69.52275848388672 106.0 44.0
v 70.0 106.0 43.52184295654297
v 70.0 105.5 47.0
v 70.0 106.0 47.477195739746094
v 69.5 106.0 48.0
v 69.49907684326172 106.0 66.0
v 70.0 106.0 66.49911499023438
v 69.50188446044922 106.0 69.0
v 70.0 106.0 69.47802734375
v 70.0 106.50100708007812 44.0
v 69.47727966308594 107.0 45.0
v 70.0 107.0 44.47627639770508
v 69.54285430908203 107.0 48.0
v 70.0 107.0 47.52372360229492
v 69.45809936523438 107.0 49.0
v 69.5228042602539 107.0 66.0
v 70.0 107.0 66.45791625976562
v 69.43367004394531 107.0 68.0
v 69.54304504394531 107.0 69.0
v 70.0 107.0 69.45533752441406
v 69.50092315673828 108.0 45.0
v 70.0 108.0 44.5
v 70.0 107.49803161621094 48.0
v 70.0 108.0 48.50096130371094
v 69.54182434082031 108.0 49.0
v 69.45809936523438 108.0 50.0
v 69.478271484375 108.0 65.0
v 70.0 108.0 65.52176666259766
v 70.0 107.49807739257812 66.0
v 70.0 107.49798583984375 69.0
v 70.0 108.0 68.54097747802734
v 69.54289245605469 109.0 45.0
v 70.0 109.0 44.523765563964844
v 69.45814514160156 109.0 46.0
v 70.0 108.5 49.0
v 70.0 109.0 49.5
v 69.54182434082031 109.0 50.0
v 69.45813751220703 109.0 51.0
v 69.45710754394531 109.0 64.0
v 69.54300689697266 109.0 65.0
v 70.0 109.0 65.45699310302734
v 69.45433807373047 109.0 67.0
v 69.50184631347656 109.0 68.0
v 70.0 109.0 68.47891998291016
v 70.0 109.49899291992188 45.0
v 69.52015686035156 110.0 46.0
v 70.0 110.0 45.47903823852539
v 69.45732879638672 110.0 47.0
v 70.0 109.50004577636719 50.0
v 70.0 110.0 50.49995803833008
v 69.54182434082031 110.0 51.0
v 69.45813751220703 110.0 52.0
v 69.52088928222656 110.0 64.0
v 70.0 110.0 64.49896240234375
v 70.0 109.4960708618164 65.0
v 69.49907684326172 110.0 67.0
v 69.54670715332031 110.0 68.0
v 70.0 110.0 68.45329284667969
v 69.54374694824219 111.0 46.0
v 70.0 111.0 45.523807525634766
v 69.5 111.0 47.0
v 69.4581298828125 111.0 48.0
v 70.0 110.50004577636719 51.0
v 70.0 111.0 51.49995803833008
v 69.54182434082031 111.0 52.0
v 69.45813751220703 111.0 53.0
v 69.405029296875 111.0 56.0
v 69.45710754394531 111.0 62.0
v 69.52088928222656 111.0 63.0
v 70.0 111.0 63.49908447265625
v 70.0 110.49908447265625 64.0
v 70.0 110.5228500366211 67.0
v 70.0 111.0 66.54278564453125
v 70.0 110.45409393310547 68.0
v 70.0 111.49703979492188 46.0
v 69.54275512695312 112.0 47.0
v 70.0 112.0 46.50199890136719
v 69.50003814697266 112.0 48.0
v 69.45893859863281 112.0 49.0
v 70.0 111.5 52.0
v 70.0 112.0 52.5
v 69.54182434082031 112.0 53.0
v 69.45809936523438 112.0 54.0
v 69.40850067138672 112.0 57.0
v 69.47819519042969 112.0 61.0
v 69.54037475585938 112.0 62.0
v 70.0 112.0 62.49812316894531
v 70.0 111.5 63.0
v 69.4571762084961 112.0 65.0
v 69.52472686767578 112.0 66.0
v 70.0 112.0 66.45614624023438
v 70.0 112.49800109863281 47.0
v 69.54275512695312 113.0 48.0
v 70.0 113.0 47.50199890136719
v 69.50003814697266 113.0 49.0
v 69.4581298828125 113.0 50.0
v 70.0 112.49903869628906 53.0
v 70.0 113.0 53.5019645690918
v 69.54204559326172 113.0 54.0
v 69.5008773803711 113.0 55.0
v 69.47915649414062 113.0 56.0
v 69.45799255371094 113.0 58.0
v 69.49810791015625 113.0 59.0
v 69.52184295654297 113.0 60.0
v 70.0 113.0 60.50004196166992
v 70.0 112.5228042602539 61.0
v 70.0 112.47808074951172 62.0
v 69.4587631225586 113.0 63.0
v 69.47991180419922 113.0 64.0
v 69.54381561279297 113.0 65.0
v 70.0 113.0 65.47523498535156
v 70.0 112.47523498535156 66.0
v 70.0 113.49800109863281 48.0
v 69.54374694824219 114.0 49.0
v 70.0 114.0 48.50296401977539
v 69.52108001708984 114.0 50.0
v 69.478271484375 114.0 51.0
v 70.0 113.47711944580078 54.0
v 70.0 113.5 55.0
v 70.0 113.50088500976562 56.0
v 70.0 113.54122924804688 57.0
v 69.54485321044922 114.0 58.0
v 70.0 114.0 57.52302169799805
v 70.0 114.0 58.47697830200195
v 70.0 113.52284240722656 59.0
v 70.0 113.47727966308594 60.0
v 69.47911071777344 114.0 62.0
v 69.52115631103516 114.0 63.0
v 69.54566192626953 114.0 64.0
v 70.0 114.0 64.4742202758789
v 70.0 113.47523498535156 65.0
v 70.0 114.47618865966797 49.0
v 70.0 114.49911499023438 50.0
v 70.0 114.52368927001953 51.0
v 69.5 115.0 52.0
v 70.0 115.0 51.49707794189453
v 69.4544448852539 115.0 54.0
v 70.0 114.45343780517578 58.0
v 69.4361572265625 115.0 59.0
v 69.50108337402344 115.0 61.0
v 70.0 115.0 61.50091552734375
v 70.0 114.52184295654297 62.0
v 70.0 114.49811553955078 63.0
v 70.0 114.4551010131836 64.0
v 70.0 115.5009536743164 52.0
v 69.54846954345703 116.0 53.0
v 70.0 116.0 52.5250358581543
v 70.0 116.0 53.4759635925293
v 70.0 115.52275848388672 54.0
v 70.0 115.52018737792969 55.0
v 70.0 115.54286193847656 56.0
v 69.52108764648438 116.0 57.0
v 70.0 116.0 56.4990348815918
v 69.50270080566406 116.0 58.0
v 69.5430908203125 116.0 59.0
v 70.0 115.54115295410156 60.0
v 70.0 116.0 59.498905181884766
v 70.0 115.4781494140625 61.0
v 70.0 116.43270111083984 53.0
v 70.0 116.47628021240234 57.0
v 70.0 116.47798919677734 58.0
v 70.0 116.4552993774414 59.0
v 70.54966735839844 89.0 60.0
v 71.0 89.0 59.54788589477539
v 71.0 88.56941223144531 60.0
v 71.0 89.0 60.45298767089844
v 70.56829071044922 90.0 53.0
v 71.0 90.0 52.525089263916016
v 71.0 89.56749725341797 53.0
v 71.0 90.0 53.497745513916016
v 70.54389190673828 90.0 55.0
v 71.0 90.0 54.47917556762695
v 71.0 89.5447006225586 55.0
v 71.0 89.52196502685547 56.0
v 70.50188446044922 90.0 56.0
v 71.0 89.52192687988281 57.0
v 70.50096130371094 90.0 57.0
v 71.0 89.52192687988281 58.0
v 70.50096130371094 90.0 58.0
v 71.0 89.5 59.0
v 70.47815704345703 90.0 59.0
v 71.0 89.47984313964844 61.0
v 71.0 89.54270935058594 62.0
v 70.50004577636719 90.0 62.0
v 71.0 90.0 62.5
v 70.56832885742188 91.0 48.0
v 71.0 91.0 47.54683303833008
v 71.0 90.5486068725586 48.0
v 71.0 91.0 48.474952697753906
v 70.54186248779297 91.0 52.0
v 71.0 91.0 51.49995803833008
v 71.0 90.50000762939453 52.0
v 70.48069763183594 91.0 53.0
v 71.0 90.45449829101562 54.0
v 70.49816131591797 91.0 54.0
v 70.45714569091797 91.0 55.0
v 71.0 90.45729064941406 63.0
v 71.0 90.52015686035156 64.0
v 71.0 91.0 64.52196502685547
v 70.52193450927734 92.0 48.0
v 71.0 92.0 47.47799301147461
v 71.0 91.5 49.0
v 70.54270935058594 92.0 49.0
v 71.0 92.0 49.52394104003906
v 70.54186248779297 92.0 51.0
v 71.0 92.0 50.476016998291016
v 71.0 91.49995422363281 51.0
v 70.45817565917969 92.0 52.0
v 71.0 91.456298828125 65.0
v 71.0 91.5 66.0
v 71.0 91.54470825195312 67.0
v 70.50397491455078 92.0 67.0
v 71.0 92.0 67.45610046386719
v 70.54293823242188 93.0 43.0
v 71.0 93.0 42.50104904174805
v 71.0 92.52293395996094 43.0
v 71.0 92.52119445800781 44.0
v 70.50365447998047 93.0 44.0
v 71.0 92.50273895263672 45.0
v 70.52204895019531 93.0 45.0
v 71.0 92.50007629394531 46.0
v 70.52196502685547 93.0 46.0
v 71.0 92.47710418701172 47.0
v 70.52101135253906 93.0 47.0
v 70.5 93.0 48.0
v 70.4798812866211 93.0 49.0
v 71.0 92.45426940917969 50.0
v 70.49907684326172 93.0 50.0
v 70.4580307006836 93.0 51.0
v 71.0 93.0 67.54185485839844
v 70.54285430908203 94.0 42.0
v 71.0 94.0 41.52280807495117
v 71.0 93.50096893310547 42.0
v 70.45899200439453 94.0 43.0
v 70.50004577636719 94.0 45.0
v 70.50081634521484 94.0 46.0
v 70.47906494140625 94.0 47.0
v 70.45713806152344 94.0 48.0
v 70.54281616210938 94.0 54.0
v 71.0 93.52284240722656 54.0
v 71.0 94.0 53.5
v 70.50092315673828 94.0 55.0
v 71.0 93.50003814697266 55.0
v 70.5 94.0 56.0
v 71.0 93.5 56.0
v 70.5 94.0 57.0
v 71.0 93.5 57.0
v 70.50003814697266 94.0 58.0
v 71.0 93.50092315673828 58.0
v 70.52376556396484 94.0 59.0
v 71.0 93.54289245605469 59.0
v 71.0 94.0 59.498077392578125
v 70.45301818847656 94.0 62.0
v 70.45085906982422 94.0 63.0
v 71.0 93.5 68.0
v 70.5 94.0 68.0
v 71.0 94.0 68.45813751220703
v 70.47827911376953 95.0 42.0
v 71.0 95.0 41.476314544677734
v 70.47698211669922 95.0 45.0
v 70.47718811035156 95.0 46.0
v 70.54200744628906 95.0 52.0
v 71.0 94.52276611328125 52.0
v 71.0 95.0 51.49995803833008
v 70.49996185302734 95.0 53.0
v 71.0 94.4771957397461 53.0
v 70.45714569091797 95.0 54.0
v 70.45252990722656 95.0 60.0
v 71.0 94.4773178100586 60.0
v 71.0 94.49913787841797 61.0
v 71.0 94.4790267944336 62.0
v 71.0 94.48069763183594 63.0
v 71.0 94.54486083984375 64.0
v 70.5257797241211 95.0 64.0
v 71.0 95.0 64.4551010131836
v 71.0 95.0 68.54186248779297
v 70.52275848388672 96.0 41.0
v 71.0 96.0 40.52184295654297
v 71.0 95.49899291992188 41.0
v 70.54200744628906 96.0 50.0
v 71.0 95.52191925048828 50.0
v 71.0 96.0 49.49995803833008
v 70.49996185302734 96.0 51.0
v 71.0 95.4771499633789 51.0
v 70.45714569091797 96.0 52.0
v 70.4552993774414 96.0 63.0
v 70.5211181640625 96.0 64.0
v 71.0 96.0 64.49815368652344
v 71.0 95.50100708007812 69.0
v 70.52288818359375 96.0 69.0
v 71.0 96.0 69.456298828125
v 70.47724151611328 97.0 41.0
v 71.0 97.0 40.47623825073242
v 70.54366302490234 97.0 44.0
v 71.0 96.52192687988281 44.0
v 71.0 97.0 43.50200653076172
v 70.52188873291016 97.0 45.0
v 71.0 96.49907684326172 45.0
v 70.54199981689453 97.0 46.0
v 71.0 96.52099609375 46.0
v 71.0 97.0 46.52408218383789
v 70.54281616210938 97.0 48.0
v 71.0 96.52191925048828 48.0
v 71.0 97.0 47.47591781616211
v 70.52015686035156 97.0 49.0
v 71.0 96.47803497314453 49.0
v 70.45813751220703 97.0 50.0
v 70.45521545410156 97.0 63.0
v 70.50092315673828 97.0 64.0
v 71.0 97.0 64.50003814697266
v 70.47907257080078 97.0 69.0
v 71.0 97.0 69.47898864746094
v 70.523681640625 98.0 40.0
v 71.0 98.0 39.52192687988281
v 71.0 97.49903869628906 40.0
v 70.54386901855469 98.0 43.0
v 71.0 97.50305938720703 43.0
v 71.0 98.0 42.544673919677734
v 70.5 98.0 44.0
v 70.47898864746094 98.0 45.0
v 70.4571533203125 98.0 46.0
v 71.0 97.43338012695312 47.0
v 70.47891998291016 98.0 48.0
v 70.45729064941406 98.0 49.0
v 71.0 98.0 64.52196502685547
v 70.4027328491211 98.0 66.0
v 71.0 98.0 69.5
v 70.52022552490234 99.0 40.0
v 71.0 99.0 39.50088882446289
v 70.43280029296875 99.0 41.0
v 70.54386901855469 99.0 43.0
v 71.0 99.0 42.54393768310547
v 70.48075866699219 99.0 44.0
v 70.43167114257812 99.0 48.0
v 71.0 99.0 64.54574584960938
v 70.45284271240234 99.0 66.0
v 71.0 98.57073211669922 67.0
v 71.0 99.0 66.54827117919922
v 70.5510482788086 99.0 67.0
v 71.0 99.0 67.42926788330078
v 71.0 99.0 69.52100372314453
v 70.52371978759766 100.0 40.0
v 71.0 100.0 39.52284622192383
v 71.0 99.4979019165039 43.0
v 71.0 100.0 43.47907638549805
v 70.52015686035156 100.0 44.0
v 70.47807312011719 100.0 45.0
v 70.43062591552734 100.0 46.0
v 71.0 99.47417449951172 65.0
v 70.52625274658203 100.0 66.0
v 71.0 100.0 65.54989624023438
v 70.5136947631836 99.49852752685547 66.48790740966797
v 71.0 100.0 66.47572326660156
v 70.52481842041016 100.0 67.0
v 71.0 100.0 67.45599365234375
v 71.0 100.0 69.52188873291016
v 71.0 100.49995422363281 40.0
v 70.47724151611328 101.0 41.0
v 71.0 101.0 40.477195739746094
v 70.52188873291016 101.0 44.0
v 71.0 101.0 43.5009651184082
v 70.47898864746094 101.0 45.0
v 71.0 100.43037414550781 66.0
v 70.47819519042969 101.0 67.0
v 71.0 101.0 67.49816131591797
v 71.0 101.0 69.52204132080078
v 70.50092315673828 102.0 41.0
v 71.0 102.0 40.500038146972656
v 70.54204559326172 102.0 44.0
v 71.0 102.0 43.52284622192383
v 70.47980499267578 102.0 45.0
v 71.0 102.0 67.5
v 70.49893951416016 102.0 70.0
v 71.0 102.0 69.56716918945312
v 70.54285430908203 103.0 41.0
v 71.0 103.0 40.52284622192383
v 70.4580307006836 103.0 42.0
v 71.0 102.49903869628906 44.0
v 71.0 103.0 44.49995422363281
v 70.541015625 103.0 45.0
v 70.45714569091797 103.0 46.0
v 71.0 103.0 67.5
v 71.0 102.47605895996094 70.0
v 71.0 103.0 70.45729064941406
v 71.0 103.5 41.0
v 70.50092315673828 104.0 42.0
v 71.0 104.0 41.47811508178711
v 71.0 103.50096130371094 45.0
v 71.0 104.0 45.47715377807617
v 70.49907684326172 104.0 46.0
v 70.47819519042969 104.0 67.0
v 71.0 104.0 67.5
v 70.50100708007812 104.0 70.0
v 71.0 104.0 70.456298828125
v 70.54290008544922 105.0 42.0
v 71.0 105.0 41.522850036621094
v 70.45799255371094 105.0 43.0
v 70.50092315673828 105.0 46.0
v 71.0 105.0 45.5
v 70.50003814697266 105.0 67.0
v 71.0 105.0 67.49907684326172
v 71.0 104.49903106689453 70.0
v 71.0 105.0 69.54186248779297
v 71.0 105.49995422363281 42.0
v 70.5 106.0 43.0
v 71.0 106.0 42.477195739746094
v 70.54281616210938 106.0 46.0
v 71.0 106.0 45.52280807495117
v 70.45714569091797 106.0 47.0
v 70.5228042602539 106.0 67.0
v 71.0 106.0 67.4571533203125
v 71.0 106.0 69.50081634521484
v 70.54285430908203 107.0 43.0
v 71.0 107.0 42.522804260253906
v 70.45795440673828 107.0 44.0
v 71.0 106.49903869628906 46.0
v 71.0 107.0 46.49903869628906
v 70.52176666259766 107.0 47.0
v 71.0 107.0 66.54285430908203
v 71.0 106.5 67.0
v 71.0 107.0 69.4991455078125
v 71.0 107.50004577636719 43.0
v 70.49911499023438 108.0 44.0
v 71.0 108.0 43.47715377807617
v 71.0 107.50200653076172 47.0
v 70.47823333740234 108.0 48.0
v 71.0 108.0 47.476234436035156
v 70.49995422363281 108.0 66.0
v 71.0 108.0 66.47823333740234
v 70.50008392333984 108.0 69.0
v 71.0 108.0 69.45729064941406
v 70.5228042602539 109.0 44.0
v 71.0 109.0 43.52188491821289
v 70.54281616210938 109.0 48.0
v 71.0 109.0 47.52192306518555
v 70.45813751220703 109.0 49.0
v 71.0 109.0 65.54190063476562
v 71.0 108.5009994506836 66.0
v 71.0 108.5 69.0
v 71.0 109.0 68.54267120361328
v 71.0 109.5 44.0
v 70.47727966308594 110.0 45.0
v 71.0 110.0 44.477237701416016
v 71.0 109.5 48.0
v 71.0 110.0 48.47807693481445
v 70.5201187133789 110.0 49.0
v 70.45729064941406 110.0 50.0
v 70.50199890136719 110.0 65.0
v 71.0 110.0 65.45813751220703
v 71.0 110.0 68.47980499267578
v 70.5228042602539 111.0 45.0
v 71.0 111.0 44.52280044555664
v 70.5420913696289 111.0 49.0
v 71.0 111.0 48.523765563964844
v 70.49996185302734 111.0 50.0
v 70.45729064941406 111.0 51.0
v 70.49995422363281 111.0 64.0
v 71.0 111.0 64.49996185302734
v 71.0 110.49803924560547 65.0
v 70.49703979492188 111.0 67.0
v 71.0 111.0 67.5009994506836
v 71.0 110.51996612548828 68.0
v 71.0 111.49808502197266 45.0
v 70.50004577636719 112.0 46.0
v 71.0 112.0 45.5
v 71.0 111.49699401855469 49.0
v 71.0 112.0 49.503971099853516
v 70.54305267333984 112.0 50.0
v 70.52015686035156 112.0 51.0
v 70.45813751220703 112.0 52.0
v 70.49903869628906 112.0 63.0
v 71.0 112.0 63.5
v 71.0 111.5 64.0
v 71.0 111.50103759765625 67.0
v 71.0 112.0 66.52176666259766
v 71.0 112.5009536743164 46.0
v 70.5 113.0 47.0
v 71.0 113.0 46.499000549316406
v 71.0 112.45610809326172 50.0
v 71.0 112.51996612548828 51.0
v 71.0 113.0 51.5019645690918
v 70.54285430908203 113.0 52.0
v 70.47823333740234 113.0 53.0
v 70.4771957397461 113.0 61.0
v 70.52196502685547 113.0 62.0
v 71.0 113.0 62.4970817565918
v 71.0 112.49996185302734 63.0
v 71.0 112.5227279663086 66.0
v 71.0 113.0 65.52276611328125
v 71.0 113.5009994506836 47.0
v 70.50004577636719 114.0 48.0
v 71.0 114.0 47.49904251098633
v 71.0 113.47627258300781 52.0
v 71.0 113.52272033691406 53.0
v 70.52288055419922 114.0 54.0
v 71.0 114.0 53.501007080078125
v 70.50003814697266 114.0 55.0
v 70.50088500976562 114.0 56.0
v 70.4771957397461 114.0 57.0
v 70.47628021240234 114.0 59.0
v 70.52272033691406 114.0 60.0
v 71.0 114.0 60.49908447265625
v 71.0 113.5218505859375 61.0
v 71.0 113.45795440673828 62.0
v 71.0 113.52276611328125 65.0
v 71.0 114.0 64.5227279663086
v 71.0 114.49995422363281 48.0
v 70.52376556396484 115.0 49.0
v 71.0 115.0 48.50292205810547
v 70.49911499023438 115.0 50.0
v 70.45713806152344 115.0 51.0
v 71.0 114.45795440673828 54.0
v 71.0 114.49911499023438 55.0
v 71.0 114.47977447509766 56.0
v 71.0 114.50003814697266 57.0
v 70.5477066040039 115.0 58.0
v 71.0 115.0 57.546836853027344
v 71.0 115.0 58.474910736083984
v 71.0 114.5228042602539 59.0
v 71.0 114.47811889648438 60.0
v 70.47815704345703 115.0 62.0
v 70.52288818359375 115.0 63.0
v 71.0 115.0 63.4980354309082
v 71.0 114.52172088623047 64.0
v 71.0 115.45710754394531 49.0
v 71.0 115.52084350585938 50.0
v 70.54385375976562 116.0 51.0
v 71.0 116.0 50.50297546386719
v 70.47915649414062 116.0 52.0
v 70.47811889648438 116.0 54.0
v 70.49996185302734 116.0 55.0
v 70.47623443603516 116.0 56.0
v 71.0 115.45225524902344 58.0
v 70.47815704345703 116.0 60.0
v 70.52473449707031 116.0 61.0
v 71.0 116.0 61.47614288330078
v 71.0 115.49996185302734 62.0
v 71.0 115.456298828125 63.0
v 71.0 116.45614624023438 51.0
v 71.0 116.49996185302734 52.0
v 71.0 116.52022552490234 53.0
v 71.0 116.5008773803711 54.0
v 71.0 116.49911499023438 55.0
v 71.0 116.52272033691406 56.0
v 70.54756164550781 117.0 57.0
v 71.0 117.0 56.52403259277344
v 71.0 117.0 57.47697067260742
v 71.0 116.52371978759766 58.0
v 71.0 116.51937103271484 59.0
v 71.0 116.49907684326172 60.0
v 71.0 116.45606994628906 61.0
v 71.0 117.43274688720703 57.0
v 71.54374694824219 89.0 51.0
v 72.0 89.0 50.50104904174805
v 72.0 88.52381134033203 51.0
v 72.0 88.5228500366211 52.0
v 71.54285430908203 89.0 52.0
v 72.0 89.0 52.501007080078125
v 72.0 89.0 59.4990348815918
v 72.0 88.543701171875 60.0
v 72.0 89.0 60.5009651184082
v 71.523681640625 90.0 48.0
v 72.0 90.0 47.49903869628906
v 72.0 89.52192687988281 48.0
v 72.0 89.50092315673828 49.0
v 71.52108001708984 90.0 49.0
v 72.0 89.47907257080078 50.0
v 71.52101135253906 90.0 50.0
v 71.50003814697266 90.0 51.0
v 71.458984375 90.0 52.0
v 72.0 89.45783996582031 53.0
v 72.0 89.49815368652344 54.0
v 71.45540618896484 90.0 54.0
v 72.0 89.47891998291016 55.0
v 72.0 89.47811126708984 56.0
v 72.0 89.4788818359375 57.0
v 72.0 89.47810363769531 58.0
v 72.0 89.45530700683594 59.0
v 72.0 89.45530700683594 61.0
v 72.0 89.47984313964844 62.0
v 72.0 89.54186248779297 63.0
v 71.49995422363281 90.0 63.0
v 72.0 90.0 63.5
v 71.56832885742188 91.0 43.0
v 72.0 91.0 42.525089263916016
v 72.0 90.5486068725586 43.0
v 72.0 91.0 43.45408248901367
v 71.543701171875 91.0 46.0
v 72.0 91.0 45.50100326538086
v 72.0 90.5228500366211 46.0
v 72.0 90.4771499633789 47.0
v 71.5 91.0 47.0
v 71.4572982788086 91.0 49.0
v 71.49832916259766 91.0 50.0
v 71.45893859863281 91.0 51.0
v 72.0 90.45813751220703 64.0
v 72.0 90.54285430908203 65.0
v 71.49995422363281 91.0 65.0
v 72.0 91.0 65.47807312011719
v 71.54186248779297 92.0 42.0
v 72.0 92.0 41.500003814697266
v 72.0 91.50000762939453 42.0
v 71.50092315673828 92.0 43.0
v 72.0 92.0 43.54700469970703
v 71.52180480957031 92.0 45.0
v 72.0 92.0 44.473812103271484
v 72.0 91.49996185302734 45.0
v 71.47895812988281 92.0 46.0
v 71.4553451538086 92.0 47.0
v 71.43445587158203 92.0 50.0
v 72.0 91.47984313964844 66.0
v 72.0 91.54374694824219 67.0
v 72.0 92.0 67.47618865966797
v 71.54290008544922 93.0 41.0
v 72.0 93.0 40.522850036621094
v 72.0 92.50100708007812 41.0
v 71.458984375 93.0 42.0
v 72.0 92.45215606689453 44.0
v 71.54281616210938 93.0 53.0
v 72.0 92.52188873291016 53.0
v 72.0 93.0 52.49995803833008
v 71.50092315673828 93.0 54.0
v 72.0 92.49911499023438 54.0
v 71.5 93.0 55.0
v 72.0 92.49996185302734 55.0
v 71.5 93.0 56.0
v 72.0 92.49996185302734 56.0
v 71.5 93.0 57.0
v 72.0 92.49911499023438 57.0
v 71.52188110351562 93.0 58.0
v 72.0 92.52272033691406 58.0
v 72.0 93.0 58.501007080078125
v 72.0 92.52376556396484 68.0
v 71.50100708007812 93.0 68.0
v 72.0 93.0 68.45710754394531
v 71.50092315673828 94.0 41.0
v 72.0 94.0 40.47811508178711
v 71.54316711425781 94.0 44.0
v 72.0 93.5247802734375 44.0
v 72.0 94.0 43.52482223510742
v 71.52197265625 94.0 45.0
v 72.0 93.52288818359375 45.0
v 72.0 94.0 45.49795150756836
v 71.54281616210938 94.0 50.0
v 72.0 93.52196502685547 50.0
v 72.0 94.0 49.5
v 71.52022552490234 94.0 51.0
v 72.0 93.49996185302734 51.0
v 71.49995422363281 94.0 52.0
v 72.0 93.4771499633789 52.0
v 71.45714569091797 94.0 53.0
v 72.0 93.45710754394531 59.0
v 71.49995422363281 94.0 60.0
v 72.0 93.52176666259766 60.0
v 72.0 94.0 60.50104522705078
v 72.0 94.0 68.54186248779297
v 71.54285430908203 95.0 40.0
v 72.0 95.0 39.52284240722656
v 72.0 94.5 40.0
v 71.4579849243164 95.0 41.0
v 71.52012634277344 95.0 44.0
v 72.0 95.0 43.47807312011719
v 71.47977447509766 95.0 45.0
v 72.0 94.50099182128906 46.0
v 71.52180480957031 95.0 46.0
v 72.0 95.0 46.52394485473633
v 71.54285430908203 95.0 48.0
v 72.0 94.52196502685547 48.0
v 72.0 95.0 47.47701644897461
v 71.5201187133789 95.0 49.0
v 72.0 94.47803497314453 49.0
v 71.47984313964844 95.0 50.0
v 71.456298828125 95.0 51.0
v 72.0 94.45724487304688 61.0
v 72.0 94.4991455078125 62.0
v 72.0 94.5 63.0
v 72.0 94.52104949951172 64.0
v 72.0 95.0 64.52088165283203
v 72.0 94.50004577636719 69.0
v 71.50004577636719 95.0 69.0
v 72.0 95.0 69.45729064941406
v 71.50003814697266 96.0 40.0
v 72.0 96.0 39.47823715209961
v 71.54281616210938 96.0 43.0
v 72.0 95.49995422363281 43.0
v 72.0 96.0 42.522769927978516
v 71.47980499267578 96.0 44.0
v 71.47714233398438 96.0 45.0
v 71.47891998291016 96.0 46.0
v 72.0 95.45423126220703 47.0
v 71.51834869384766 96.0 47.0
v 71.47984313964844 96.0 48.0
v 71.456298828125 96.0 49.0
v 72.0 95.49996185302734 65.0
v 71.52184295654297 96.0 65.0
v 72.0 96.0 65.47815704345703
v 72.0 96.0 69.5
v 71.54389953613281 97.0 39.0
v 72.0 97.0 38.544700622558594
v 72.0 96.50205993652344 39.0
v 71.45795440673828 97.0 40.0
v 71.47915649414062 97.0 43.0
v 72.0 97.0 42.49819564819336
v 71.43174743652344 97.0 47.0
v 71.49996185302734 97.0 65.0
v 72.0 97.0 65.49907684326172
v 72.0 97.0 69.52101135253906
v 71.50188446044922 98.0 39.0
v 72.0 98.0 38.521968841552734
v 72.0 98.0 42.47795867919922
v 71.49906921386719 98.0 65.0
v 72.0 98.0 65.47977447509766
v 72.0 98.0 69.543701171875
v 71.50096893310547 99.0 39.0
v 72.0 99.0 38.52193069458008
v 72.0 99.0 42.47795867919922
v 71.47600555419922 99.0 65.0
v 72.0 99.0 65.50096893310547
v 72.0 98.57151794433594 67.0
v 72.0 99.0 66.54822540283203
v 72.0 99.0 67.43009948730469
v 72.0 98.5 70.0
v 71.52192687988281 99.0 70.0
v 72.0 99.0 70.456298828125
v 71.52381134033203 100.0 39.0
v 72.0 100.0 38.54374313354492
v 71.47815704345703 100.0 43.0
v 72.0 100.0 42.49815368652344
v 72.0 100.0 65.56990051269531
v 72.0 100.0 66.45089721679688
v 72.0 100.0 67.52088165283203
v 71.5 100.0 70.0
v 72.0 100.0 70.47806549072266
v 72.0 100.49895477294922 39.0
v 71.47723388671875 101.0 40.0
v 72.0 101.0 39.47727966308594
v 71.5 101.0 43.0
v 72.0 101.0 42.499961853027344
v 72.0 100.4284439086914 66.0
v 72.0 100.52398681640625 68.0
v 71.54660034179688 101.0 68.0
v 72.0 101.0 68.43365478515625
v 71.49911499023438 101.0 70.0
v 72.0 101.0 70.47806549072266
v 71.5 102.0 40.0
v 72.0 102.0 39.5
v 71.5008773803711 102.0 43.0
v 72.0 102.0 42.500038146972656
v 72.0 102.0 67.543701171875
v 72.0 101.47702026367188 68.0
v 71.47605895996094 102.0 70.0
v 72.0 102.0 70.45729064941406
v 71.50092315673828 103.0 40.0
v 72.0 103.0 39.50004196166992
v 71.52022552490234 103.0 43.0
v 72.0 103.0 42.500885009765625
v 71.45729064941406 103.0 44.0
v 72.0 103.0 67.54271697998047
v 72.0 103.0 69.59229278564453
v 71.55033874511719 103.0 70.0
v 72.0 102.55034637451172 70.0
v 71.54285430908203 104.0 40.0
v 72.0 104.0 39.52284622192383
v 71.4580307006836 104.0 41.0
v 71.54300689697266 104.0 43.0
v 72.0 104.0 42.52293014526367
v 71.5201187133789 104.0 44.0
v 71.45714569091797 104.0 45.0
v 72.0 103.52394104003906 68.0
v 71.54573822021484 104.0 68.0
v 72.0 104.0 68.4336166381836
v 72.0 103.42813110351562 70.0
v 72.0 104.0 70.49907684326172
v 72.0 104.49903869628906 40.0
v 71.50096130371094 105.0 41.0
v 72.0 105.0 40.47911834716797
v 72.0 104.47711181640625 43.0
v 72.0 104.52293395996094 44.0
v 72.0 105.0 44.47614669799805
v 71.49907684326172 105.0 45.0
v 71.52384948730469 105.0 68.0
v 72.0 105.0 68.45695495605469
v 71.49996185302734 105.0 70.0
v 72.0 105.0 70.45813751220703
v 71.54389953613281 106.0 41.0
v 72.0 106.0 40.543861389160156
v 71.45880126953125 106.0 42.0
v 71.50088500976562 106.0 45.0
v 72.0 106.0 44.499114990234375
v 72.0 106.0 67.54186248779297
v 72.0 105.4980239868164 68.0
v 72.0 105.5009994506836 70.0
v 72.0 106.0 69.54205322265625
v 72.0 106.49794006347656 41.0
v 71.50003814697266 107.0 42.0
v 72.0 107.0 41.47823715209961
v 71.54204559326172 107.0 45.0
v 72.0 107.0 44.523685455322266
v 71.45813751220703 107.0 46.0
v 71.47807312011719 107.0 67.0
v 72.0 107.0 67.47984313964844
v 72.0 107.0 69.5209732055664
v 71.5211181640625 108.0 42.0
v 72.0 108.0 41.50184631347656
v 71.45633697509766 108.0 43.0
v 72.0 107.49899291992188 45.0
v 72.0 108.0 45.47903823852539
v 71.52015686035156 108.0 46.0
v 71.45626068115234 108.0 47.0
v 71.52376556396484 108.0 67.0
v 72.0 108.0 67.45629119873047
v 72.0 108.0 69.5
v 71.54666900634766 109.0 42.0
v 72.0 109.0 41.54586410522461
v 71.50003814697266 109.0 43.0
v 71.543701171875 109.0 46.0
v 72.0 109.0 45.523765563964844
v 71.47984313964844 109.0 47.0
v 71.49803924560547 109.0 66.0
v 72.0 109.0 66.5
v 72.0 108.49703979492188 67.0
v 71.50096130371094 109.0 69.0
v 72.0 109.0 69.456298828125
v 72.0 109.45417785644531 42.0
v 72.0 109.52281188964844 43.0
v 71.47723388671875 110.0 44.0
v 72.0 110.0 43.47627639770508
v 72.0 109.49703979492188 46.0
v 72.0 110.0 46.501956939697266
v 71.54190063476562 110.0 47.0
v 71.45714569091797 110.0 48.0
v 72.0 110.0 65.54190063476562
v 72.0 109.50196075439453 66.0
v 72.0 109.47803497314453 69.0
v 72.0 110.0 68.5201187133789
v 71.5228042602539 111.0 44.0
v 72.0 111.0 43.52280044555664
v 72.0 110.49803924560547 47.0
v 72.0 111.0 47.500999450683594
v 71.52180480957031 111.0 48.0
v 71.50292205810547 111.0 65.0
v 72.0 111.0 65.45713806152344
v 71.50200653076172 111.0 68.0
v 72.0 111.0 68.45626068115234
v 72.0 111.49808502197266 44.0
v 71.5 112.0 45.0
v 72.0 112.0 44.5
v 72.0 111.4990463256836 48.0
v 71.50103759765625 112.0 49.0
v 72.0 112.0 48.50095748901367
v 71.50191497802734 112.0 64.0
v 72.0 112.0 64.47723388671875
v 72.0 111.47627258300781 65.0
v 71.50096130371094 112.0 67.0
v 72.0 112.0 67.4771957397461
v 72.0 111.47618865966797 68.0
v 72.0 112.5009536743164 45.0
v 71.47823333740234 113.0 46.0
v 72.0 113.0 45.478233337402344
v 72.0 112.47819519042969 49.0
v 72.0 112.54289245605469 50.0
v 71.4990463256836 113.0 51.0
v 72.0 113.0 50.49707794189453
v 71.50292205810547 113.0 63.0
v 72.0 113.0 63.47627639770508
v 72.0 112.47723388671875 64.0
v 71.49903869628906 113.0 66.0
v 72.0 113.0 66.47819519042969
v 72.0 112.47723388671875 67.0
v 71.54581451416016 114.0 46.0
v 72.0 114.0 45.54581832885742
v 71.47823333740234 114.0 47.0
v 72.0 113.50003814697266 51.0
v 71.52276611328125 114.0 52.0
v 72.0 114.0 51.501914978027344
v 71.47811889648438 114.0 53.0
v 71.49991607666016 114.0 61.0
v 72.0 114.0 61.50096130371094
v 72.0 113.54186248779297 62.0
v 72.0 113.45714569091797 63.0
v 71.49903869628906 114.0 65.0
v 72.0 114.0 65.49896240234375
v 72.0 113.49896240234375 66.0
v 72.0 114.45417785644531 46.0
v 72.0 114.521728515625 47.0
v 71.50196075439453 115.0 48.0
v 72.0 115.0 47.50100326538086
v 72.0 114.4771957397461 52.0
v 72.0 114.50092315673828 53.0
v 72.0 114.54289245605469 54.0
v 71.54464721679688 115.0 55.0
v 72.0 115.0 54.52192687988281
v 72.0 115.0 55.47811508178711
v 72.0 114.54373931884766 56.0
v 72.0 114.54469299316406 57.0
v 72.0 115.0 57.477989196777344
v 71.47903442382812 115.0 59.0
v 71.52384948730469 115.0 60.0
v 72.0 115.0 60.4761848449707
v 72.0 114.47915649414062 61.0
v 71.50196838378906 115.0 64.0
v 72.0 115.0 64.47627258300781
v 72.0 114.47819519042969 65.0
v 72.0 115.45809936523438 48.0
v 72.0 115.54186248779297 49.0
v 71.5009994506836 116.0 50.0
v 72.0 116.0 49.5
v 72.0 115.45361328125 55.0
v 72.0 115.47891998291016 58.0
v 72.0 115.47987365722656 59.0
v 72.0 115.45694732666016 60.0
v 72.0 115.54308319091797 62.0
v 72.0 116.0 61.5238151550293
v 72.0 115.5201187133789 63.0
v 72.0 115.45710754394531 64.0
v 72.0 116.45813751220703 50.0
v 72.0 116.54186248779297 51.0
v 71.52184295654297 117.0 52.0
v 72.0 117.0 51.49995803833008
v 71.49911499023438 117.0 53.0
v 71.50003814697266 117.0 54.0
v 71.50181579589844 117.0 55.0
v 71.47911834716797 117.0 56.0
v 71.47807312011719 117.0 58.0
v 71.50003814697266 117.0 59.0
v 71.5228500366211 117.0 60.0
v 72.0 117.0 60.49803161621094
v 72.0 116.52084350585938 61.0
v 72.0 117.47724151611328 52.0
v 72.0 117.5 53.0
v 72.0 117.49903869628906 54.0
v 72.0 117.47803497314453 55.0
v 72.0 117.47895050048828 56.0
v 72.0 117.498291015625 57.0
v 72.0 117.47898864746094 58.0
v 72.0 117.47806549072266 59.0
v 72.0 117.456298828125 60.0
v 72.52275848388672 88.0 51.0
v 73.0 88.0 50.49899673461914
v 73.0 87.52188110351562 51.0
v 73.0 87.50096130371094 52.0
v 72.50096130371094 88.0 52.0
v 73.0 87.52114868164062 53.0
v 72.52196502685547 88.0 53.0
v 73.0 87.52472686767578 54.0
v 72.54378509521484 88.0 54.0
v 73.0 88.0 54.49890899658203
v 72.54385375976562 89.0 47.0
v 73.0 89.0 46.50197219848633
v 73.0 88.54385375976562 47.0
v 73.0 88.50096130371094 48.0
v 72.50096130371094 89.0 48.0
v 73.0 88.49996185302734 49.0
v 72.5 89.0 49.0
v 73.0 88.47624206542969 50.0
v 72.47724151611328 89.0 50.0
v 72.45622253417969 89.0 53.0
v 72.47969818115234 89.0 54.0
v 73.0 88.47815704345703 55.0
v 72.4981918334961 89.0 55.0
v 73.0 88.5 56.0
v 72.49903869628906 89.0 56.0
v 73.0 88.5 57.0
v 72.49903869628906 89.0 57.0
v 73.0 88.5 58.0
v 72.49903869628906 89.0 58.0
v 73.0 88.5 59.0
v 72.47618865966797 89.0 59.0
v 73.0 88.5008544921875 60.0
v 73.0 88.52101135253906 61.0
v 72.47711181640625 89.0 61.0
v 73.0 88.543701171875 62.0
v 72.52196502685547 89.0 62.0
v 73.0 89.0 62.498992919921875
v 72.54290008544922 90.0 42.0
v 73.0 90.0 41.50292205810547
v 73.0 89.52376556396484 42.0
v 73.0 89.52192687988281 43.0
v 72.523681640625 90.0 43.0
v 73.0 90.0 43.52398681640625
v 72.5428466796875 90.0 45.0
v 73.0 90.0 44.476932525634766
v 73.0 89.52196502685547 45.0
v 73.0 89.47815704345703 46.0
v 72.5 90.0 46.0
v 72.45713806152344 90.0 47.0
v 73.0 89.45814514160156 63.0
v 73.0 89.54285430908203 64.0
v 72.50096130371094 90.0 64.0
v 73.0 90.0 64.4771957397461
v 72.54190063476562 91.0 41.0
v 73.0 91.0 40.501956939697266
v 73.0 90.50196075439453 41.0
v 72.45814514160156 91.0 42.0
v 73.0 90.4542236328125 44.0
v 72.49907684326172 91.0 44.0
v 72.45902252197266 91.0 45.0
v 72.5420913696289 91.0 52.0
v 73.0 90.52376556396484 52.0
v 73.0 91.0 51.50200653076172
v 72.52185821533203 91.0 53.0
v 73.0 90.50004577636719 53.0
v 72.54293060302734 91.0 54.0
v 73.0 90.5228500366211 54.0
v 73.0 91.0 54.49895477294922
v 72.5683364868164 91.0 57.0
v 73.0 90.56747436523438 57.0
v 73.0 91.0 56.525177001953125
v 73.0 91.0 57.4738655090332
v 73.0 90.5 65.0
v 73.0 91.0 65.52184295654297
v 72.54293823242188 92.0 40.0
v 73.0 92.0 39.523807525634766
v 73.0 91.50296020507812 40.0
v 72.458984375 92.0 41.0
v 72.45211791992188 92.0 44.0
v 72.54105377197266 92.0 51.0
v 73.0 91.5009994506836 51.0
v 73.0 92.0 50.4990348815918
v 72.49996185302734 92.0 52.0
v 72.47898864746094 92.0 53.0
v 72.47891998291016 92.0 54.0
v 73.0 91.47811126708984 55.0
v 72.49907684326172 92.0 55.0
v 72.49907684326172 92.0 56.0
v 73.0 91.47815704345703 56.0
v 72.47978210449219 92.0 57.0
v 73.0 91.50004577636719 58.0
v 72.52176666259766 92.0 58.0
v 73.0 92.0 58.50200653076172
v 73.0 91.47724151611328 66.0
v 72.5 92.0 67.0
v 73.0 92.0 66.5238037109375
v 72.50092315673828 93.0 40.0
v 73.0 93.0 39.47911834716797
v 73.0 93.0 44.519901275634766
v 72.54454803466797 93.0 45.0
v 73.0 92.54371643066406 45.0
v 73.0 93.0 45.47821044921875
v 72.54366302490234 93.0 48.0
v 73.0 92.52196502685547 48.0
v 73.0 93.0 47.499996185302734
v 72.52104187011719 93.0 49.0
v 73.0 92.49996185302734 49.0
v 72.49911499023438 93.0 50.0
v 73.0 92.4771499633789 50.0
v 72.4788818359375 93.0 51.0
v 72.456298828125 93.0 52.0
v 72.47623443603516 93.0 59.0
v 73.0 92.4761962890625 59.0
v 72.52272033691406 93.0 60.0
v 73.0 92.52096557617188 60.0
v 73.0 93.0 60.499080657958984
v 73.0 92.45626068115234 67.0
v 73.0 92.5211181640625 68.0
v 73.0 93.0 68.49815368652344
v 72.54389953613281 94.0 39.0
v 73.0 94.0 38.544700622558594
v 73.0 93.50205993652344 39.0
v 72.4580307006836 94.0 40.0
v 72.54300689697266 94.0 42.0
v 73.0 93.52381134033203 42.0
v 73.0 94.0 41.52293014526367
v 72.5008773803711 94.0 43.0
v 73.0 93.49992370605469 43.0
v 73.0 93.4552230834961 44.0
v 72.47823333740234 94.0 46.0
v 73.0 93.47623443603516 46.0
v 72.51929473876953 94.0 47.0
v 73.0 93.47798919677734 47.0
v 72.47984313964844 94.0 48.0
v 72.456298828125 94.0 49.0
v 72.49800109863281 94.0 61.0
v 73.0 93.4990005493164 61.0
v 73.0 94.0 61.50199890136719
v 73.0 93.52288818359375 69.0
v 72.50100708007812 94.0 69.0
v 73.0 94.0 69.456298828125
v 72.50184631347656 95.0 39.0
v 73.0 95.0 38.5211181640625
v 72.52022552490234 95.0 42.0
v 73.0 95.0 41.500885009765625
v 72.456298828125 95.0 43.0
v 72.43279266357422 95.0 47.0
v 73.0 94.45724487304688 62.0
v 73.0 94.5 63.0
v 73.0 94.52101135253906 64.0
v 72.48088836669922 95.0 65.0
v 73.0 94.52289581298828 65.0
v 72.56888580322266 95.0 66.0
v 73.0 94.57047271728516 66.0
v 73.0 95.0 66.42952728271484
v 73.0 95.0 69.4991455078125
v 72.47823333740234 96.0 39.0
v 73.0 96.0 38.500038146972656
v 72.49996185302734 96.0 42.0
v 73.0 96.0 41.478153228759766
v 72.50273895263672 96.0 66.0
v 73.0 96.0 66.47795104980469
v 73.0 96.0 69.52009582519531
v 73.0 97.0 38.47977828979492
v 72.54290008544922 97.0 41.0
v 73.0 96.50104522705078 41.0
v 73.0 97.0 40.523765563964844
v 72.4788818359375 97.0 42.0
v 72.52192687988281 97.0 66.0
v 73.0 97.0 66.476318359375
v 73.0 96.54674530029297 70.0
v 72.54586791992188 97.0 70.0
v 73.0 97.0 70.43171691894531
v 73.0 98.0 38.47895812988281
v 72.52189636230469 98.0 41.0
v 73.0 98.0 40.5009651184082
v 72.47714233398438 98.0 42.0
v 73.0 98.0 65.54383087158203
v 73.0 97.50109100341797 66.0
v 72.47895812988281 98.0 70.0
v 73.0 98.0 70.47806549072266
v 73.0 99.0 38.47895812988281
v 72.52192687988281 99.0 41.0
v 73.0 99.0 40.5009651184082
v 72.47714233398438 99.0 42.0
v 73.0 99.0 65.54667663574219
v 72.47167205810547 99.0 67.0
v 73.0 99.0 70.4991455078125
v 73.0 100.0 38.47981262207031
v 72.54366302490234 100.0 41.0
v 73.0 100.0 40.52284622192383
v 72.4788818359375 100.0 42.0
v 73.0 99.4722900390625 66.0
v 72.44808959960938 100.0 66.0
v 73.0 99.45894622802734 67.0
v 73.0 99.54304504394531 68.0
v 72.5019760131836 100.0 68.0
v 73.0 100.0 68.45533752441406
v 73.0 100.0 70.5
v 72.47907257080078 101.0 39.0
v 73.0 101.0 38.500038146972656
v 73.0 100.5 41.0
v 73.0 101.0 41.47711181640625
v 72.49907684326172 101.0 42.0
v 73.0 101.0 68.498291015625
v 73.0 101.0 70.5
v 72.50096130371094 102.0 39.0
v 73.0 102.0 38.5009651184082
v 72.5 102.0 42.0
v 73.0 102.0 41.4990348815918
v 72.47807312011719 102.0 68.0
v 73.0 102.0 68.4790267944336
v 73.0 102.0 70.4991455078125
v 72.50096130371094 103.0 39.0
v 73.0 103.0 38.50184631347656
v 72.49996185302734 103.0 42.0
v 73.0 103.0 41.49907684326172
v 72.50096130371094 103.0 68.0
v 73.0 103.0 68.45710754394531
v 72.42726135253906 103.0 70.0
v 73.0 103.0 70.5
v 72.50188446044922 104.0 39.0
v 73.0 104.0 38.521156311035156
v 72.5 104.0 42.0
v 73.0 104.0 41.499961853027344
v 73.0 103.52404022216797 68.0
v 72.50105285644531 104.0 68.0
v 73.0 104.0 67.56828308105469
v 73.0 103.57389068603516 71.0
v 72.57392883300781 104.0 71.0
v 73.0 104.0 71.40494537353516
v 72.54586029052734 105.0 39.0
v 73.0 105.0 38.54666519165039
v 72.47819519042969 105.0 40.0
v 72.54216003417969 105.0 42.0
v 73.0 105.0 41.522972106933594
v 72.4798355102539 105.0 43.0
v 72.45530700683594 105.0 44.0
v 73.0 104.45500946044922 68.0
v 73.0 105.0 68.47810363769531
v 73.0 104.42693328857422 71.0
v 73.0 105.0 70.51923370361328
v 73.0 105.45413970947266 39.0
v 73.0 105.52276611328125 40.0
v 73.0 106.0 40.458839416503906
v 73.0 105.47534942626953 42.0
v 73.0 106.0 42.52372360229492
v 72.54286193847656 106.0 43.0
v 72.47891998291016 106.0 44.0
v 72.50004577636719 106.0 68.0
v 73.0 106.0 68.4581298828125
v 72.47807312011719 106.0 70.0
v 73.0 106.0 70.47898864746094
v 72.47908020019531 107.0 41.0
v 73.0 107.0 40.52016067504883
v 73.0 106.4979476928711 43.0
v 73.0 107.0 43.50004196166992
v 72.521728515625 107.0 44.0
v 73.0 107.0 67.54270935058594
v 73.0 106.5 68.0
v 72.52192687988281 107.0 70.0
v 73.0 107.0 70.456298828125
v 72.52384948730469 108.0 41.0
v 73.0 108.0 40.54469680786133
v 73.0 107.50196838378906 44.0
v 72.47724151611328 108.0 45.0
v 73.0 108.0 44.47623825073242
v 73.0 108.0 67.5
v 73.0 107.49903869628906 70.0
v 73.0 108.0 69.54267120361328
v 73.0 108.47618865966797 41.0
v 73.0 109.0 41.50007629394531
v 72.52372741699219 109.0 45.0
v 73.0 109.0 44.52372360229492
v 72.50296020507812 109.0 67.0
v 73.0 109.0 67.45713806152344
v 73.0 109.0 69.47891998291016
v 73.0 109.52176666259766 42.0
v 72.47627258300781 110.0 43.0
v 73.0 110.0 42.47727966308594
v 73.0 109.47631072998047 45.0
v 72.5009994506836 110.0 46.0
v 73.0 110.0 45.521766662597656
v 72.49995422363281 110.0 66.0
v 73.0 110.0 66.47724151611328
v 73.0 109.4761962890625 67.0
v 73.0 109.50003814697266 69.0
v 73.0 110.0 68.52108001708984
v 72.52472686767578 111.0 43.0
v 73.0 111.0 42.543888092041016
v 73.0 110.4990005493164 46.0
v 72.50004577636719 111.0 47.0
v 73.0 111.0 46.50004196166992
v 73.0 111.0 65.5
v 73.0 110.47815704345703 66.0
v 73.0 111.0 68.47807312011719
v 73.0 111.47531127929688 43.0
v 72.5009536743164 112.0 44.0
v 73.0 112.0 43.52180480957031
v 73.0 111.49995422363281 47.0
v 72.5009536743164 112.0 48.0
v 73.0 112.0 47.500999450683594
v 73.0 112.0 64.52275848388672
v 73.0 111.52184295654297 65.0
v 73.0 111.49903106689453 68.0
v 73.0 112.0 67.5
v 73.0 112.49896240234375 44.0
v 72.49995422363281 113.0 45.0
v 73.0 113.0 44.500999450683594
v 73.0 112.47819519042969 48.0
v 72.52468872070312 113.0 49.0
v 73.0 113.0 48.52469253540039
v 72.47627258300781 113.0 50.0
v 73.0 113.0 63.522762298583984
v 73.0 112.5228042602539 64.0
v 73.0 112.50092315673828 67.0
v 73.0 113.0 66.52104187011719
v 73.0 113.47911071777344 45.0
v 73.0 114.0 45.50092315673828
v 73.0 113.45610809326172 49.0
v 73.0 113.52176666259766 50.0
v 72.5009536743164 114.0 51.0
v 73.0 114.0 50.50004196166992
v 72.5 114.0 62.0
v 73.0 114.0 62.49904251098633
v 73.0 113.52176666259766 63.0
v 72.50397491455078 114.0 66.0
v 73.0 114.0 66.4552993774414
v 73.0 114.49903869628906 46.0
v 72.50192260742188 115.0 47.0
v 73.0 115.0 46.52284240722656
v 73.0 114.47819519042969 51.0
v 72.52477264404297 115.0 52.0
v 73.0 115.0 51.52473068237305
v 72.50088500976562 115.0 53.0
v 72.47627258300781 115.0 54.0
v 72.47711181640625 115.0 56.0
v 72.47710418701172 115.0 57.0
v 73.0 115.0 60.52192687988281
v 73.0 114.54289245605469 61.0
v 73.0 114.458984375 62.0
v 73.0 114.54281616210938 65.0
v 73.0 115.0 64.52276611328125
v 73.0 114.45610046386719 66.0
v 73.0 115.45714569091797 47.0
v 73.0 115.54186248779297 48.0
v 72.5 116.0 49.0
v 73.0 116.0 48.5
v 73.0 115.4552993774414 52.0
v 73.0 115.47891998291016 53.0
v 73.0 115.52176666259766 54.0
v 72.54857635498047 116.0 55.0
v 73.0 116.0 54.526092529296875
v 73.0 116.0 55.453128814697266
v 73.0 115.5 56.0
v 73.0 115.47899627685547 57.0
v 73.0 115.4991455078125 58.0
v 73.0 115.5 59.0
v 73.0 115.4790267944336 60.0
v 72.47618865966797 116.0 62.0
v 72.52293395996094 116.0 63.0
v 73.0 116.0 63.4761848449707
v 73.0 115.49996185302734 64.0
v 73.0 116.45813751220703 49.0
v 73.0 116.54186248779297 50.0
v 72.4990005493164 117.0 51.0
v 73.0 117.0 50.49903869628906
v 73.0 116.45316314697266 55.0
v 72.50200653076172 117.0 61.0
v 73.0 117.0 61.47711181640625
v 73.0 116.49996185302734 62.0
v 73.0 116.45530700683594 63.0
v 73.0 117.47823333740234 51.0
v 72.52477264404297 118.0 52.0
v 73.0 118.0 51.52473449707031
v 72.50096893310547 118.0 53.0
v 72.52384948730469 118.0 54.0
v 73.0 118.0 54.47710418701172
v 73.0 117.5008773803711 55.0
v 73.0 117.4991455078125 56.0
v 73.0 117.5 57.0
v 73.0 117.5 58.0
v 73.0 117.5 59.0
v 73.0 117.4991455078125 60.0
v 73.0 117.45625305175781 61.0
v 73.0 118.45526123046875 52.0
v 73.0 118.47806549072266 53.0
v 73.0 118.45530700683594 54.0
v 73.54481506347656 87.0 50.0
v 74.0 87.0 49.50398635864258
v 74.0 86.54481506347656 50.0
v 74.0 86.50192260742188 51.0
v 73.50104522705078 87.0 51.0
v 74.0 86.54285430908203 52.0
v 73.52284240722656 87.0 52.0
v 74.0 87.0 52.52302169799805
v 73.54755401611328 87.0 54.0
v 74.0 87.0 53.50004577636719
v 74.0 86.56725311279297 54.0
v 74.0 87.0 54.47597122192383
v 73.56829071044922 88.0 45.0
v 74.0 88.0 44.52513122558594
v 74.0 87.56749725341797 45.0
v 74.0 88.0 45.475914001464844
v 73.52284240722656 88.0 48.0
v 74.0 88.0 47.49898910522461
v 74.0 87.54204559326172 48.0
v 74.0 87.48100280761719 49.0
v 73.50092315673828 88.0 49.0
v 73.4771957397461 88.0 50.0
v 74.0 87.43362426757812 53.0
v 74.0 87.47724151611328 55.0
v 73.47724151611328 88.0 55.0
v 74.0 87.5 56.0
v 73.5 88.0 56.0
v 74.0 87.5 57.0
v 73.5 88.0 57.0
v 74.0 87.5 58.0
v 73.5 88.0 58.0
v 74.0 87.52184295654297 59.0
v 73.52180480957031 88.0 59.0
v 74.0 88.0 59.50205612182617
v 73.52275848388672 89.0 42.0
v 74.0 89.0 41.49995803833008
v 74.0 88.52188110351562 42.0
v 74.0 88.50007629394531 43.0
v 73.50096130371094 89.0 43.0
v 74.0 88.47992706298828 44.0
v 73.52018737792969 89.0 44.0
v 73.4807357788086 89.0 45.0
v 74.0 88.47623443603516 46.0
v 73.47724151611328 89.0 46.0
v 74.0 88.45618438720703 47.0
v 74.0 88.45533752441406 60.0
v 74.0 88.47895050048828 61.0
v 74.0 88.5 62.0
v 74.0 88.543701171875 63.0
v 73.50100708007812 89.0 63.0
v 74.0 89.0 63.477149963378906
v 73.5 90.0 41.0
v 74.0 90.0 40.499000549316406
v 74.0 89.49803924560547 41.0
v 73.45248413085938 90.0 44.0
v 73.52272033691406 90.0 52.0
v 74.0 89.52188110351562 52.0
v 74.0 90.0 51.49895095825195
v 73.49911499023438 90.0 53.0
v 74.0 89.50092315673828 53.0
v 73.52281188964844 90.0 54.0
v 74.0 89.54285430908203 54.0
v 74.0 90.0 54.498992919921875
v 74.0 89.5 64.0
v 74.0 90.0 64.5228042602539
v 73.50008392333984 91.0 40.0
v 74.0 91.0 39.500083923339844
v 74.0 90.49908447265625 40.0
v 73.54370880126953 91.0 48.0
v 74.0 90.52376556396484 48.0
v 74.0 91.0 47.50104904174805
v 73.52192687988281 91.0 49.0
v 74.0 90.50003814697266 49.0
v 73.52107238769531 91.0 50.0
v 74.0 90.49996185302734 50.0
v 73.47823333740234 91.0 51.0
v 74.0 90.47623443603516 51.0
v 73.47723388671875 91.0 55.0
v 74.0 90.47724151611328 55.0
v 73.47815704345703 91.0 56.0
v 74.0 90.49907684326172 56.0
v 74.0 90.47977447509766 57.0
v 73.47915649414062 91.0 58.0
v 74.0 90.49911499023438 58.0
v 73.5211181640625 91.0 59.0
v 74.0 90.50184631347656 59.0
v 73.5447006225586 91.0 60.0
v 74.0 90.54389190673828 60.0
v 74.0 91.0 60.4959831237793
v 74.0 90.45714569091797 65.0
v 74.0 90.54389953613281 66.0
v 73.50201416015625 91.0 66.0
v 74.0 91.0 66.4552993774414
v 73.5238037109375 92.0 39.0
v 74.0 92.0 38.54374313354492
v 74.0 91.50296020507812 39.0
v 73.52284240722656 92.0 44.0
v 74.0 91.52200317382812 44.0
v 74.0 92.0 43.50100326538086
v 73.50003814697266 92.0 45.0
v 74.0 91.5 45.0
v 73.52104187011719 92.0 46.0
v 74.0 91.50092315673828 46.0
v 73.52015686035156 92.0 47.0
v 74.0 91.47903442382812 47.0
v 73.47984313964844 92.0 48.0
v 73.47807312011719 92.0 49.0
v 73.456298828125 92.0 50.0
v 73.45626068115234 92.0 59.0
v 73.47984313964844 92.0 60.0
v 74.0 91.50397491455078 61.0
v 73.54385375976562 92.0 61.0
v 74.0 92.0 61.456146240234375
v 74.0 92.0 66.52204132080078
v 73.47911834716797 93.0 39.0
v 74.0 93.0 38.520198822021484
v 73.54315948486328 93.0 41.0
v 74.0 92.52569580078125 41.0
v 74.0 93.0 40.54397201538086
v 73.50088500976562 93.0 42.0
v 74.0 92.50003814697266 42.0
v 73.4990005493164 93.0 43.0
v 74.0 92.47811889648438 43.0
v 73.45518493652344 93.0 44.0
v 73.45626068115234 93.0 46.0
v 73.456298828125 93.0 47.0
v 73.47823333740234 93.0 61.0
v 74.0 93.0 61.521724700927734
v 74.0 92.47714233398438 67.0
v 74.0 92.52196502685547 68.0
v 74.0 93.0 68.49811553955078
v 74.0 94.0 38.48069381713867
v 73.50003814697266 94.0 41.0
v 74.0 94.0 40.500919342041016
v 73.49895477294922 94.0 62.0
v 74.0 93.5 62.0
v 74.0 94.0 62.47915267944336
v 74.0 93.52385711669922 69.0
v 74.0 94.0 69.4552993774414
v 74.0 95.0 38.45718002319336
v 73.49995422363281 95.0 41.0
v 74.0 95.0 40.499996185302734
v 74.0 94.49995422363281 63.0
v 73.54586791992188 95.0 64.0
v 74.0 95.0 63.54678726196289
v 74.0 95.0 64.49898529052734
v 74.0 94.56725311279297 65.0
v 73.47077941894531 95.0 66.0
v 74.0 95.0 65.47401428222656
v 74.0 95.0 69.47898864746094
v 73.5228500366211 96.0 38.0
v 74.0 96.0 37.543701171875
v 74.0 95.5 38.0
v 73.47724151611328 96.0 41.0
v 74.0 96.0 40.477237701416016
v 74.0 95.43171691894531 64.0
v 74.0 95.50109100341797 66.0
v 74.0 96.0 66.4772720336914
v 74.0 96.0 69.5
v 73.50004577636719 97.0 38.0
v 74.0 97.0 37.521934509277344
v 73.52376556396484 97.0 40.0
v 74.0 96.50105285644531 40.0
v 74.0 97.0 39.54286575317383
v 74.0 96.57368469238281 67.0
v 73.57372283935547 97.0 67.0
v 74.0 97.0 67.40606689453125
v 73.47595977783203 97.0 70.0
v 74.0 97.0 69.543701171875
v 73.5 98.0 38.0
v 74.0 98.0 37.52193069458008
v 73.50096130371094 98.0 40.0
v 74.0 98.0 39.52104568481445
v 73.47527313232422 98.0 66.0
v 74.0 98.0 66.54533386230469
v 74.0 97.47127532958984 67.0
v 74.0 97.47807312011719 70.0
v 74.0 98.0 70.47898864746094
v 73.5 99.0 38.0
v 74.0 99.0 37.52193069458008
v 73.50096130371094 99.0 40.0
v 74.0 99.0 39.52104568481445
v 73.45409393310547 99.0 66.0
v 74.0 98.47816467285156 67.0
v 73.49999237060547 99.0 67.0
v 74.0 99.0 67.47815704345703
v 74.0 99.0 70.5
v 73.50003814697266 100.0 38.0
v 74.0 100.0 37.52193069458008
v 73.50184631347656 100.0 40.0
v 74.0 100.0 39.52108383178711
v 74.0 99.50184631347656 68.0
v 74.0 100.0 68.47803497314453
v 74.0 100.0 70.5
v 73.50092315673828 101.0 38.0
v 74.0 101.0 37.52193069458008
v 73.52118682861328 101.0 40.0
v 74.0 101.0 39.521968841552734
v 73.456298828125 101.0 41.0
v 74.0 101.0 68.5
v 74.0 101.0 70.5
v 73.50096893310547 102.0 38.0
v 74.0 102.0 37.52193069458008
v 73.52201080322266 102.0 40.0
v 74.0 102.0 39.52200698852539
v 73.47807312011719 102.0 41.0
v 74.0 102.0 68.5
v 74.0 102.0 70.5
v 73.52288818359375 103.0 38.0
v 74.0 103.0 37.543701171875
v 73.54386138916016 103.0 40.0
v 74.0 103.0 39.54305648803711
v 73.47891998291016 103.0 41.0
v 74.0 103.0 68.47811126708984
v 74.0 103.0 70.5
v 74.0 103.5 38.0
v 74.0 104.0 38.45795440673828
v 74.0 103.49694061279297 40.0
v 74.0 104.0 40.47915267944336
v 73.49907684326172 104.0 41.0
v 74.0 104.0 67.5447006225586
v 74.0 103.52201080322266 68.0
v 73.42607116699219 104.0 71.0
v 74.0 104.0 70.49907684326172
v 74.0 105.0 38.50008010864258
v 73.52389526367188 105.0 41.0
v 74.0 105.0 40.54315185546875
v 74.0 104.49903106689453 68.0
v 74.0 105.0 68.45714569091797
v 74.0 105.0 70.47984313964844
v 74.0 105.52080535888672 39.0
v 73.49903869628906 106.0 40.0
v 74.0 106.0 39.50096130371094
v 74.0 105.45691680908203 41.0
v 74.0 105.54381561279297 42.0
v 74.0 106.0 42.456146240234375
v 74.0 106.0 68.49832153320312
v 74.0 106.0 70.4991455078125
v 74.0 106.47911071777344 40.0
v 74.0 107.0 40.4789924621582
v 73.48007202148438 107.0 43.0
v 74.0 107.0 42.52019500732422
v 73.50096130371094 107.0 68.0
v 74.0 107.0 68.45633697509766
v 74.0 107.0 70.4991455078125
v 74.0 108.0 40.52101135253906
v 73.54485321044922 108.0 43.0
v 74.0 108.0 42.54486083984375
v 73.45714569091797 108.0 44.0
v 74.0 108.0 67.52101135253906
v 74.0 107.47807312011719 68.0
v 73.50096130371094 108.0 70.0
v 74.0 108.0 70.456298828125
v 74.0 108.52188110351562 41.0
v 74.0 109.0 41.45799255371094
v 74.0 108.47425842285156 43.0
v 74.0 109.0 43.52472686767578
v 73.52468872070312 109.0 44.0
v 74.0 109.0 67.47895812988281
v 74.0 108.47711181640625 70.0
v 74.0 109.0 69.49907684326172
v 73.50096130371094 110.0 42.0
v 74.0 110.0 41.54285430908203
v 74.0 109.45614624023438 44.0
v 74.0 109.54381561279297 45.0
v 74.0 110.0 45.456146240234375
v 74.0 110.0 66.5
v 74.0 109.49903869628906 67.0
v 74.0 109.50092315673828 69.0
v 74.0 110.0 68.52104187011719
v 74.0 110.4771957397461 42.0
v 74.0 111.0 42.5
v 73.50292205810547 111.0 46.0
v 74.0 111.0 45.54289627075195
v 74.0 111.0 65.52108001708984
v 74.0 110.50092315673828 66.0
v 74.0 111.0 68.47807312011719
v 74.0 111.5228042602539 43.0
v 74.0 112.0 43.457149505615234
v 74.0 111.47623443603516 46.0
v 73.50296020507812 112.0 47.0
v 74.0 112.0 46.523807525634766
v 73.50104522705078 112.0 65.0
v 74.0 112.0 65.45709991455078
v 74.0 111.49907684326172 68.0
v 74.0 112.0 67.50091552734375
v 73.5039291381836 113.0 44.0
v 74.0 113.0 43.543853759765625
v 74.0 112.45626068115234 47.0
v 74.0 112.52108001708984 48.0
v 74.0 113.0 48.499114990234375
v 73.5 113.0 64.0
v 74.0 113.0 64.4771957397461
v 74.0 112.4761962890625 65.0
v 74.0 112.52288818359375 67.0
v 74.0 113.0 66.54285430908203
v 74.0 113.45614624023438 44.0
v 74.0 113.54289245605469 45.0
v 74.0 114.0 45.476234436035156
v 74.0 113.49907684326172 49.0
v 73.50192260742188 114.0 50.0
v 74.0 114.0 49.52284622192383
v 73.50196838378906 114.0 63.0
v 74.0 114.0 63.47627639770508
v 74.0 113.47723388671875 64.0
v 74.0 114.0 66.4788818359375
v 74.0 114.52275848388672 46.0
v 74.0 115.0 46.47815704345703
v 74.0 114.45714569091797 50.0
v 74.0 114.5428466796875 51.0
v 74.0 115.0 51.47807693481445
v 73.49903869628906 115.0 61.0
v 74.0 115.0 61.49995803833008
v 74.0 114.54186248779297 62.0
v 74.0 114.4579849243164 63.0
v 73.50004577636719 115.0 65.0
v 74.0 115.0 65.47711181640625
v 74.0 114.49815368652344 66.0
v 74.0 115.5 47.0
v 73.50100708007812 116.0 48.0
v 74.0 116.0 47.52284622192383
v 74.0 115.47984313964844 52.0
v 74.0 115.54270935058594 53.0
v 73.50100708007812 116.0 54.0
v 74.0 116.0 53.500003814697266
v 74.0 116.0 55.52104568481445
v 74.0 115.543701171875 56.0
v 74.0 115.5008544921875 57.0
v 74.0 115.5 58.0
v 74.0 115.5 59.0
v 74.0 115.4991455078125 60.0
v 74.0 115.4581298828125 61.0
v 74.0 115.52022552490234 64.0
v 74.0 116.0 63.49995803833008
v 74.0 115.456298828125 65.0
v 74.0 116.456298828125 48.0
v 74.0 116.52015686035156 49.0
v 73.50096130371094 117.0 50.0
v 74.0 117.0 49.52192687988281
v 74.0 116.4581298828125 54.0
v 74.0 116.49907684326172 55.0
v 74.0 116.54204559326172 62.0
v 74.0 117.0 61.52196502685547
v 74.0 116.4788818359375 63.0
v 74.0 117.45714569091797 50.0
v 74.0 117.5428466796875 51.0
v 74.0 118.0 51.47811508178711
v 74.0 117.5239028930664 55.0
v 74.0 118.0 54.523895263671875
v 74.0 117.52027130126953 56.0
v 74.0 117.52188873291016 57.0
v 74.0 117.52192687988281 58.0
v 74.0 117.52192687988281 59.0
v 74.0 117.52100372314453 60.0
v 74.0 117.47984313964844 61.0
v 74.0 118.47898864746094 52.0
v 74.0 118.49999237060547 53.0
v 74.0 118.4798355102539 54.0
v 74.54664611816406 86.0 51.0
v 75.0 86.0 50.52302551269531
v 75.0 85.56720733642578 51.0
v 75.0 86.0 51.47697448730469
v 74.54285430908203 87.0 46.0
v 75.0 87.0 45.4990348815918
v 75.0 86.5228500366211 46.0
v 75.0 86.52284240722656 47.0
v 74.54285430908203 87.0 47.0
v 75.0 87.0 47.524078369140625
v 74.50200653076172 87.0 49.0
v 75.0 87.0 48.475921630859375
v 75.0 86.5228042602539 49.0
v 75.0 86.47724151611328 50.0
v 75.0 86.45718383789062 52.0
v 75.0 86.49816131591797 53.0
v 74.45336151123047 87.0 53.0
v 75.0 86.47977447509766 54.0
v 75.0 86.5 55.0
v 74.47815704345703 87.0 55.0
v 75.0 86.52022552490234 56.0
v 74.50088500976562 87.0 56.0
v 75.0 86.50183868408203 57.0
v 74.50007629394531 87.0 57.0
v 75.0 86.52108001708984 58.0
v 74.50092315673828 87.0 58.0
v 75.0 86.52196502685547 59.0
v 74.50188446044922 87.0 59.0
v 75.0 86.54570007324219 60.0
v 74.54486083984375 87.0 60.0
v 75.0 87.0 60.474220275878906
v 74.54385375976562 88.0 41.0
v 75.0 88.0 40.52472686767578
v 75.0 87.52476501464844 41.0
v 75.0 87.50007629394531 42.0
v 74.50096130371094 88.0 42.0
v 75.0 87.50092315673828 43.0
v 74.50092315673828 88.0 43.0
v 75.0 87.49996185302734 44.0
v 74.47908020019531 88.0 44.0
v 75.0 87.45703125 45.0
v 74.45713806152344 88.0 46.0
v 74.45699310302734 88.0 47.0
v 75.0 87.43502044677734 48.0
v 75.0 88.0 49.525081634521484
v 74.54678344726562 88.0 50.0
v 75.0 87.54678344726562 50.0
v 75.0 88.0 50.473915100097656
v 74.45613861083984 88.0 60.0
v 75.0 87.52375793457031 61.0
v 74.5218505859375 88.0 61.0
v 75.0 88.0 61.478111267089844
v 74.54486083984375 89.0 40.0
v 75.0 89.0 39.54570007324219
v 75.0 88.52574157714844 40.0
v 74.45816802978516 89.0 41.0
v 74.5418701171875 89.0 49.0
v 75.0 88.50008392333984 49.0
v 75.0 89.0 48.500999450683594
v 74.5008544921875 89.0 50.0
v 75.0 88.48007202148438 51.0
v 74.52015686035156 89.0 51.0
v 74.50184631347656 89.0 52.0
v 75.0 88.52108001708984 52.0
v 74.52288055419922 89.0 53.0
v 75.0 88.54289245605469 53.0
v 75.0 89.0 53.49995803833008
v 75.0 88.47898864746094 62.0
v 75.0 88.52192687988281 63.0
v 75.0 89.0 63.49995803833008
v 74.4791488647461 90.0 40.0
v 75.0 90.0 39.50007629394531
v 74.5485610961914 90.0 44.0
v 75.0 89.54769897460938 44.0
v 75.0 90.0 43.545955657958984
v 75.0 90.0 44.474910736083984
v 74.52176666259766 90.0 48.0
v 75.0 89.49995422363281 48.0
v 75.0 90.0 47.4980354309082
v 74.47892761230469 90.0 49.0
v 74.47806549072266 90.0 50.0
v 74.45626068115234 90.0 51.0
v 75.0 89.45714569091797 54.0
v 74.47811889648438 90.0 55.0
v 75.0 89.49907684326172 55.0
v 74.49996185302734 90.0 56.0
v 75.0 89.5 56.0
v 74.49915313720703 90.0 57.0
v 75.0 89.50092315673828 57.0
v 74.50088500976562 90.0 58.0
v 75.0 89.52108001708984 58.0
v 74.52288818359375 90.0 59.0
v 75.0 89.54366302490234 59.0
v 75.0 90.0 59.498992919921875
v 75.0 89.47891998291016 64.0
v 75.0 89.543701171875 65.0
v 74.50004577636719 90.0 65.0
v 75.0 90.0 65.47711181640625
v 74.50296020507812 91.0 39.0
v 75.0 91.0 38.54374313354492
v 75.0 90.52288818359375 39.0
v 74.50003814697266 91.0 44.0
v 75.0 91.0 43.47702407836914
v 75.0 90.47811889648438 45.0
v 74.49903869628906 91.0 45.0
v 74.5 91.0 46.0
v 75.0 90.49995422363281 46.0
v 74.47724151611328 91.0 47.0
v 75.0 90.47623443603516 47.0
v 75.0 90.45814514160156 60.0
v 74.50401306152344 91.0 61.0
v 75.0 90.54389953613281 61.0
v 75.0 91.0 61.455299377441406
v 75.0 90.50189208984375 66.0
v 75.0 91.0 66.47802734375
v 75.0 92.0 38.500003814697266
v 74.52477264404297 92.0 41.0
v 75.0 91.52473449707031 41.0
v 75.0 92.0 40.54462814331055
v 74.5 92.0 42.0
v 75.0 91.49907684326172 42.0
v 74.47724151611328 92.0 43.0
v 75.0 91.47522735595703 43.0
v 75.0 92.0 61.52015686035156
v 75.0 92.0 66.5228500366211
v 75.0 93.0 38.458133697509766
v 75.0 93.0 40.47987747192383
v 75.0 92.52192687988281 62.0
v 74.50192260742188 93.0 62.0
v 75.0 93.0 62.457149505615234
v 75.0 92.47795867919922 67.0
v 75.0 92.5447006225586 68.0
v 75.0 93.0 68.45610046386719
v 74.52197265625 94.0 38.0
v 75.0 94.0 37.543704986572266
v 75.0 93.50096893310547 38.0
v 74.52381134033203 94.0 40.0
v 75.0 93.52293395996094 40.0
v 75.0 94.0 39.54301071166992
v 75.0 94.0 62.54289245605469
v 74.47795104980469 94.0 69.0
v 75.0 94.0 68.52108001708984
v 74.47807312011719 95.0 38.0
v 75.0 95.0 37.52101516723633
v 74.50096130371094 95.0 40.0
v 75.0 95.0 39.52108383178711
v 75.0 94.47623443603516 63.0
v 75.0 95.0 63.52473068237305
v 74.45335388183594 95.0 65.0
v 74.54586791992188 95.0 69.0
v 75.0 95.0 68.56828308105469
v 75.0 96.0 37.500858306884766
v 74.4799575805664 96.0 40.0
v 75.0 96.0 39.52189254760742
v 75.0 95.45610809326172 64.0
v 75.0 95.52180480957031 65.0
v 74.4990005493164 96.0 66.0
v 75.0 96.0 65.4990463256836
v 75.0 95.45325469970703 69.0
v 75.0 96.0 69.47991180419922
v 75.0 97.0 37.500003814697266
v 75.0 97.0 39.52193069458008
v 75.0 96.5 66.0
v 74.44766998291016 97.0 67.0
v 75.0 97.0 66.49995422363281
v 75.0 97.0 69.52192687988281
v 75.0 98.0 37.500003814697266
v 75.0 98.0 39.52101135253906
v 74.47825622558594 98.0 67.0
v 75.0 97.50200653076172 67.0
v 75.0 98.0 67.45724487304688
v 75.0 97.5 70.0
v 75.0 98.0 70.47807312011719
v 75.0 99.0 37.500003814697266
v 75.0 99.0 39.5008544921875
v 75.0 99.0 67.52107238769531
v 75.0 99.0 70.5
v 75.0 100.0 37.500003814697266
v 75.0 100.0 39.5
v 75.0 99.50003814697266 68.0
v 75.0 100.0 68.47807312011719
v 75.0 100.0 70.5
v 75.0 101.0 37.49918746948242
v 75.0 101.0 39.4991455078125
v 75.0 101.0 68.5
v 75.0 101.0 70.5
v 75.0 102.0 37.47984313964844
v 75.0 102.0 39.47898864746094
v 75.0 102.0 68.5
v 75.0 102.0 70.5
v 75.0 103.0 37.48069763183594
v 75.0 103.0 39.47980499267578
v 75.0 103.0 68.47891998291016
v 75.0 103.0 70.47898864746094
v 74.47807312011719 104.0 38.0
v 75.0 104.0 37.520198822021484
v 74.50196075439453 104.0 40.0
v 75.0 104.0 39.54200744628906
v 75.0 104.0 67.52285766601562
v 75.0 103.50089263916016 68.0
v 74.5237808227539 104.0 70.0
v 75.0 103.52289581298828 70.0
v 75.0 104.0 69.54378509521484
v 74.52288818359375 105.0 38.0
v 75.0 105.0 37.54374313354492
v 75.0 104.47723388671875 40.0
v 75.0 105.0 40.499996185302734
v 74.4990463256836 105.0 68.0
v 75.0 105.0 67.54271697998047
v 74.52196502685547 105.0 70.0
v 75.0 105.0 69.54205322265625
v 75.0 105.49703979492188 38.0
v 74.50004577636719 106.0 39.0
v 75.0 106.0 38.500999450683594
v 75.0 105.5218505859375 41.0
v 74.4960708618164 106.0 42.0
v 75.0 106.0 41.49800109863281
v 75.0 105.5 68.0
v 75.0 106.0 68.45893859863281
v 75.0 105.49903869628906 70.0
v 75.0 106.0 70.45729064941406
v 75.0 106.47819519042969 39.0
v 75.0 106.54315948486328 40.0
v 75.0 107.0 40.45683670043945
v 75.0 106.50204467773438 42.0
v 75.0 107.0 42.45724868774414
v 75.0 107.0 68.47718048095703
v 75.0 107.0 70.49913787841797
v 75.0 108.0 40.5
v 75.0 108.0 42.52103805541992
v 75.0 108.0 67.52192687988281
v 75.0 107.49910736083984 68.0
v 75.0 108.0 70.47806549072266
v 74.50004577636719 109.0 41.0
v 75.0 109.0 40.543701171875
v 75.0 108.49907684326172 43.0
v 75.0 109.0 43.50004196166992
v 75.0 109.0 67.47895812988281
v 75.0 108.49903106689453 70.0
v 75.0 109.0 69.5
v 75.0 109.4771499633789 41.0
v 75.0 110.0 41.500003814697266
v 75.0 109.49907684326172 44.0
v 74.49798583984375 110.0 45.0
v 75.0 110.0 44.52184295654297
v 75.0 110.0 66.50092315673828
v 75.0 109.49907684326172 67.0
v 75.0 109.50096130371094 69.0
v 75.0 110.0 68.52104187011719
v 75.0 110.5228042602539 42.0
v 75.0 111.0 42.457149505615234
v 75.0 110.47815704345703 45.0
v 75.0 111.0 45.50092315673828
v 75.0 111.0 65.543701171875
v 75.0 110.52288818359375 66.0
v 75.0 111.0 68.47807312011719
v 74.5 112.0 43.0
v 75.0 112.0 42.542850494384766
v 75.0 111.49996185302734 46.0
v 75.0 112.0 46.50092697143555
v 75.0 112.0 65.47895812988281
v 75.0 111.49996185302734 68.0
v 75.0 112.0 67.52104187011719
v 75.0 112.47715759277344 43.0
v 75.0 113.0 43.50096130371094
v 75.0 112.47891998291016 47.0
v 75.0 112.543701171875 48.0
v 75.0 113.0 48.47711181640625
v 75.0 113.0 64.5
v 75.0 112.49907684326172 65.0
v 74.5 113.0 67.0
v 75.0 113.0 67.456298828125
v 75.0 113.49903869628906 44.0
v 74.49899291992188 114.0 45.0
v 75.0 114.0 44.52188491821289
v 75.0 113.50092315673828 49.0
v 75.0 114.0 49.50004196166992
v 75.0 114.0 63.49992370605469
v 75.0 113.5 64.0
v 75.0 113.47711181640625 67.0
v 75.0 114.0 66.49907684326172
v 75.0 114.47724151611328 45.0
v 74.50100708007812 115.0 46.0
v 75.0 115.0 45.523765563964844
v 75.0 114.49816131591797 50.0
v 74.52302551269531 115.0 51.0
v 75.0 115.0 50.5466423034668
v 74.52398681640625 115.0 62.0
v 75.0 115.0 62.45426940917969
v 75.0 114.49907684326172 63.0
v 75.0 114.49996185302734 66.0
v 75.0 115.0 65.49907684326172
v 75.0 115.45710754394531 46.0
v 75.0 115.54285430908203 47.0
v 75.0 116.0 47.47811508178711
v 75.0 115.43279266357422 51.0
v 75.0 115.51930236816406 52.0
v 74.50096130371094 116.0 53.0
v 75.0 116.0 52.52200698852539
v 74.49903106689453 116.0 56.0
v 75.0 116.0 56.5
v 75.0 115.54270935058594 57.0
v 75.0 115.501708984375 58.0
v 75.0 115.52008819580078 59.0
v 75.0 115.5008544921875 60.0
v 75.0 115.49832916259766 61.0
v 75.0 115.43445587158203 62.0
v 75.0 115.54281616210938 64.0
v 75.0 116.0 63.52196502685547
v 75.0 115.47891998291016 65.0
v 75.0 116.47898864746094 48.0
v 75.0 116.52192687988281 49.0
v 75.0 117.0 49.499114990234375
v 75.0 116.456298828125 53.0
v 75.0 116.49918365478516 54.0
v 75.0 116.5 55.0
v 75.0 116.45816802978516 56.0
v 74.49996185302734 117.0 62.0
v 75.0 117.0 62.47719192504883
v 75.0 116.49911499023438 63.0
v 75.0 117.49816131591797 50.0
v 74.52302551269531 118.0 51.0
v 75.0 118.0 50.5466423034668
v 74.45606231689453 118.0 55.0
v 74.49903869628906 118.0 56.0
v 74.5 118.0 57.0
v 74.5 118.0 58.0
v 74.5 118.0 59.0
v 74.52192687988281 118.0 60.0
v 75.0 118.0 60.498992919921875
v 75.0 117.54185485839844 61.0
v 75.0 117.45714569091797 62.0
v 75.0 118.43279266357422 51.0
v 75.0 118.498291015625 52.0
v 75.0 118.5 53.0
v 75.0 118.52015686035156 54.0
v 74.5695571899414 119.0 55.0
v 75.0 119.0 54.548072814941406
v 75.0 119.0 55.45101547241211
v 75.0 118.49907684326172 56.0
v 75.0 118.47807312011719 57.0
v 75.0 118.47807312011719 58.0
v 75.0 118.47806549072266 59.0
v 75.0 118.456298828125 60.0
v 75.0 119.4295425415039 55.0
v 75.54385375976562 86.0 45.0
v 76.0 86.0 44.50297546386719
v 76.0 85.54385375976562 45.0
v 76.0 85.50096130371094 46.0
v 75.50096130371094 86.0 46.0
v 76.0 85.50096130371094 47.0
v 75.50096130371094 86.0 47.0
v 76.0 85.52196502685547 48.0
v 75.52114868164062 86.0 48.0
v 76.0 85.52201080322266 49.0
v 75.50188446044922 86.0 49.0
v 76.0 85.52189636230469 50.0
v 75.47900390625 86.0 50.0
v 76.0 85.50174713134766 51.0
v 76.0 85.52101135253906 52.0
v 75.47811126708984 86.0 52.0
v 76.0 85.52192687988281 53.0
v 75.50088500976562 86.0 53.0
v 76.0 85.52193450927734 54.0
v 75.50007629394531 86.0 54.0
v 76.0 85.543701171875 55.0
v 75.5228500366211 86.0 55.0
v 76.0 86.0 55.522979736328125
v 75.54663848876953 86.0 57.0
v 76.0 86.0 56.5
v 76.0 85.56720733642578 57.0
v 76.0 86.0 57.477020263671875
v 75.5257797241211 87.0 41.0
v 76.0 87.0 40.54486083984375
v 76.0 86.54570007324219 41.0
v 76.0 86.52192687988281 42.0
v 75.50096893310547 87.0 42.0
v 76.0 86.5211181640625 43.0
v 75.50096893310547 87.0 43.0
v 76.0 86.48003387451172 44.0
v 75.49996185302734 87.0 44.0
v 75.45622253417969 87.0 45.0
v 75.43341827392578 87.0 48.0
v 76.0 86.43362426757812 56.0
v 76.0 86.45633697509766 58.0
v 76.0 86.47898864746094 59.0
v 76.0 86.52108001708984 60.0
v 76.0 87.0 60.49907302856445
v 76.0 88.0 40.45722198486328
v 76.0 88.0 48.4990348815918
v 75.5 88.0 49.0
v 76.0 87.54016876220703 49.0
v 76.0 87.48069763183594 50.0
v 75.50100708007812 88.0 51.0
v 76.0 87.54178619384766 51.0
v 76.0 88.0 51.501007080078125
v 76.0 87.5 61.0
v 76.0 88.0 61.50096130371094
v 76.0 89.0 39.52015686035156
v 76.0 88.47807312011719 40.0
v 75.54297637939453 89.0 43.0
v 76.0 88.54297637939453 43.0
v 76.0 89.0 42.50397491455078
v 75.5228500366211 89.0 44.0
v 76.0 88.52281188964844 44.0
v 76.0 89.0 44.499916076660156
v 75.54204559326172 89.0 47.0
v 76.0 88.52371978759766 47.0
v 76.0 89.0 46.50100326538086
v 75.47819519042969 89.0 48.0
v 76.0 88.476318359375 48.0
v 76.0 88.456298828125 52.0
v 76.0 88.47984313964844 53.0
v 75.47807312011719 89.0 54.0
v 76.0 88.52015686035156 54.0
v 75.50088500976562 89.0 55.0
v 76.0 88.52107238769531 55.0
v 75.50003814697266 89.0 56.0
v 76.0 88.50092315673828 56.0
v 75.52188110351562 89.0 57.0
v 76.0 88.52275848388672 57.0
v 76.0 89.0 57.500083923339844
v 76.0 88.47807312011719 62.0
v 76.0 88.52192687988281 63.0
v 76.0 89.0 63.499961853027344
v 76.0 90.0 39.45714569091797
v 75.54367065429688 90.0 42.0
v 76.0 89.5030517578125 42.0
v 76.0 90.0 41.523807525634766
v 75.47984313964844 90.0 43.0
v 75.47724151611328 90.0 45.0
v 76.0 89.4771957397461 45.0
v 75.49907684326172 90.0 46.0
v 76.0 89.47811126708984 46.0
v 75.45710754394531 90.0 47.0
v 76.0 89.4572525024414 58.0
v 76.0 89.5 59.0
v 75.50100708007812 90.0 60.0
v 76.0 89.543701171875 60.0
v 76.0 90.0 60.47711181640625
v 76.0 89.47895812988281 64.0
v 76.0 89.5447006225586 65.0
v 76.0 90.0 65.47518920898438
v 76.0 91.0 38.52101135253906
v 76.0 90.47807312011719 39.0
v 75.52473449707031 91.0 41.0
v 76.0 90.52477264404297 41.0
v 76.0 91.0 40.543861389160156
v 75.47895812988281 91.0 42.0
v 75.45526123046875 91.0 43.0
v 76.0 90.50184631347656 61.0
v 76.0 91.0 61.478885650634766
v 76.0 90.5257797241211 66.0
v 76.0 91.0 66.45429992675781
v 76.0 92.0 38.4789924621582
v 76.0 92.0 40.50088882446289
v 76.0 92.0 61.543701171875
v 76.0 92.0 66.5
v 75.50096130371094 93.0 38.0
v 76.0 93.0 37.543701171875
v 76.0 92.52192687988281 38.0
v 76.0 93.0 40.47898864746094
v 76.0 92.4771499633789 62.0
v 76.0 93.0 62.500038146972656
v 76.0 92.52088928222656 67.0
v 75.49602508544922 93.0 68.0
v 76.0 93.0 67.49896240234375
v 76.0 94.0 37.500858306884766
v 76.0 93.52289581298828 40.0
v 76.0 94.0 39.54466247558594
v 76.0 93.5208511352539 63.0
v 75.49803161621094 94.0 63.0
v 76.0 94.0 63.499000549316406
v 76.0 93.50108337402344 68.0
v 76.0 94.0 68.47727966308594
v 76.0 95.0 37.500003814697266
v 76.0 95.0 39.521934509277344
v 75.4980239868164 95.0 64.0
v 76.0 94.50196075439453 64.0
v 76.0 95.0 64.45894622802734
v 76.0 94.54751586914062 69.0
v 75.49898529052734 95.0 69.0
v 76.0 95.0 69.43274688720703
v 76.0 96.0 37.5
v 76.0 96.0 39.54374313354492
v 76.0 96.0 64.56641387939453
v 75.52490234375 96.0 65.0
v 76.0 96.0 69.498291015625
v 76.0 97.0 37.5
v 76.0 96.49895477294922 40.0
v 75.5200424194336 97.0 40.0
v 76.0 97.0 40.477237701416016
v 76.0 96.45252227783203 65.0
v 75.50196075439453 97.0 66.0
v 76.0 97.0 65.523681640625
v 76.0 97.0 69.52192687988281
v 76.0 98.0 37.5
v 75.52092742919922 98.0 40.0
v 76.0 98.0 40.477237701416016
v 76.0 97.47715759277344 66.0
v 76.0 97.5448989868164 67.0
v 76.0 98.0 67.45433044433594
v 76.0 97.5 70.0
v 76.0 98.0 70.47806549072266
v 76.0 99.0 37.5
v 76.0 98.50008392333984 40.0
v 76.0 99.0 39.54275131225586
v 76.0 99.0 67.5201187133789
v 76.0 99.0 70.5
v 76.0 100.0 37.5
v 76.0 100.0 39.5008544921875
v 76.0 99.52196502685547 68.0
v 76.0 100.0 68.456298828125
v 76.0 100.0 70.5
v 76.0 101.0 37.47983932495117
v 76.0 101.0 39.47898864746094
v 76.0 101.0 68.4991455078125
v 76.0 101.0 70.5
v 75.52289581298828 102.0 37.0
v 76.0 102.0 36.544700622558594
v 76.0 101.52289581298828 37.0
v 75.52289581298828 102.0 39.0
v 76.0 101.52289581298828 39.0
v 76.0 102.0 38.54297637939453
v 76.0 102.0 68.4991455078125
v 76.0 102.0 70.5
v 75.52294158935547 103.0 37.0
v 76.0 103.0 36.544700622558594
v 75.52289581298828 103.0 39.0
v 76.0 103.0 38.54297637939453
v 76.0 103.0 68.4571762084961
v 76.0 103.0 70.47806549072266
v 76.0 103.47710418701172 37.0
v 76.0 104.0 37.47984313964844
v 76.0 103.47618865966797 39.0
v 76.0 104.0 39.5
v 76.0 104.0 67.52101135253906
v 76.0 103.47807312011719 68.0
v 76.0 103.5 70.0
v 76.0 104.0 69.52108001708984
v 76.0 105.0 37.5008544921875
v 76.0 104.5228042602539 40.0
v 76.0 105.0 40.457149505615234
v 76.0 105.0 67.5008544921875
v 76.0 105.0 69.50081634521484
v 75.50296020507812 106.0 38.0
v 76.0 106.0 37.54374313354492
v 75.50092315673828 106.0 41.0
v 76.0 106.0 40.54200744628906
v 75.49995422363281 106.0 68.0
v 76.0 106.0 67.54186248779297
v 75.5 106.0 70.0
v 76.0 106.0 69.54106140136719
v 76.0 106.47623443603516 38.0
v 75.52372741699219 107.0 39.0
v 76.0 107.0 38.52372360229492
v 75.47518157958984 107.0 40.0
v 76.0 106.47811126708984 41.0
v 75.49895477294922 107.0 42.0
v 76.0 107.0 41.51996612548828
v 76.0 106.5261001586914 68.0
v 76.0 107.0 68.43233489990234
v 76.0 106.50096893310547 70.0
v 76.0 107.0 70.45629119873047
v 76.0 107.4761962890625 39.0
v 76.0 107.52389526367188 40.0
v 76.0 108.0 40.45698547363281
v 76.0 107.49996185302734 42.0
v 76.0 108.0 42.47915267944336
v 76.0 108.0 67.52015686035156
v 76.0 107.45303344726562 68.0
v 76.0 108.0 70.4552993774414
v 76.0 109.0 40.521080017089844
v 76.0 108.50088500976562 43.0
v 76.0 109.0 43.49995803833008
v 76.0 109.0 67.47895812988281
v 76.0 108.47614288330078 70.0
v 76.0 109.0 69.49907684326172
v 76.0 109.49996185302734 41.0
v 76.0 110.0 41.47892379760742
v 76.0 109.5 44.0
v 76.0 110.0 44.5
v 76.0 110.0 66.52108001708984
v 76.0 109.49996185302734 67.0
v 76.0 109.50092315673828 69.0
v 76.0 110.0 68.52104187011719
v 75.50004577636719 111.0 42.0
v 76.0 111.0 41.543701171875
v 76.0 110.5 45.0
v 76.0 111.0 45.5
v 75.5 111.0 66.0
v 76.0 111.0 66.4571762084961
v 76.0 111.0 68.47807312011719
v 76.0 111.47711181640625 42.0
v 76.0 112.0 42.50092315673828
v 76.0 111.5 46.0
v 76.0 112.0 46.500038146972656
v 76.0 112.0 65.49908447265625
v 76.0 111.47711181640625 66.0
v 76.0 111.5 68.0
v 76.0 112.0 67.52108001708984
v 76.0 112.49996185302734 43.0
v 76.0 113.0 43.5
v 76.0 112.49907684326172 47.0
v 75.5 113.0 48.0
v 76.0 113.0 47.52288818359375
v 76.0 113.0 64.5
v 76.0 112.49996185302734 65.0
v 76.0 113.0 67.47807312011719
v 76.0 113.5 44.0
v 76.0 114.0 44.5
v 76.0 113.456298828125 48.0
v 76.0 113.52108001708984 49.0
v 76.0 114.0 49.5
v 76.0 114.0 63.49907302856445
v 76.0 113.5 64.0
v 76.0 113.49903106689453 67.0
v 76.0 114.0 66.5
v 76.0 114.5 45.0
v 76.0 115.0 45.50004196166992
v 76.0 114.47891998291016 50.0
v 76.0 114.543701171875 51.0
v 75.47702026367188 115.0 51.0
v 76.0 115.0 51.477115631103516
v 75.47702026367188 115.0 62.0
v 76.0 115.0 61.52193069458008
v 76.0 114.543701171875 62.0
v 76.0 114.47895812988281 63.0
v 76.0 114.5 66.0
v 76.0 115.0 65.49996185302734
v 76.0 115.49907684326172 46.0
v 75.50004577636719 116.0 47.0
v 76.0 116.0 46.52288818359375
v 76.0 115.50092315673828 52.0
v 76.0 116.0 52.50092697143555
v 75.50096130371094 116.0 57.0
v 76.0 116.0 57.49903869628906
v 76.0 115.54270935058594 58.0
v 75.5729751586914 116.0 59.0
v 76.0 116.0 58.551456451416016
v 76.0 116.0 59.42702102661133
v 76.0 115.52008819580078 60.0
v 76.0 115.47898864746094 61.0
v 75.5 116.0 64.0
v 76.0 116.0 64.47711181640625
v 76.0 115.49907684326172 65.0
v 76.0 116.456298828125 47.0
v 76.0 116.4991455078125 48.0
v 76.0 116.52193450927734 49.0
v 76.0 117.0 49.49995803833008
v 76.0 116.47806549072266 53.0
v 76.0 116.5 54.0
v 76.0 116.5 55.0
v 76.0 116.4991455078125 56.0
v 76.0 116.456298828125 57.0
v 76.0 116.40499877929688 59.0
v 76.0 116.52104187011719 63.0
v 76.0 117.0 62.5008430480957
v 76.0 116.456298828125 64.0
v 76.0 117.47891998291016 50.0
v 75.47702026367188 118.0 51.0
v 76.0 117.543701171875 51.0
v 76.0 118.0 51.47807312011719
v 75.52398681640625 118.0 61.0
v 76.0 118.0 61.4533576965332
v 76.0 117.49816131591797 62.0
v 76.0 118.47898864746094 52.0
v 76.0 118.5008544921875 53.0
v 76.0 118.543701171875 54.0
v 76.0 119.0 54.500003814697266
v 76.0 118.54369354248047 56.0
v 76.0 119.0 55.499996185302734
v 76.0 118.5008544921875 57.0
v 76.0 118.5 58.0
v 76.0 118.5 59.0
v 76.0 118.49828338623047 60.0
v 76.0 118.43279266357422 61.0
v 76.0 119.456298828125 55.0
v 76.52288818359375 85.0 46.0
v 77.0 85.0 45.50004577636719
v 77.0 84.543701171875 46.0
v 77.0 84.543701171875 47.0
v 76.52288818359375 85.0 47.0
v 77.0 85.0 47.499996185302734
v 76.50004577636719 86.0 44.0
v 77.0 86.0 43.49799346923828
v 77.0 85.52176666259766 44.0
v 77.0 85.4571533203125 45.0
v 77.0 85.456298828125 48.0
v 77.0 85.47980499267578 49.0
v 77.0 85.51842498779297 50.0
v 77.0 85.50081634521484 51.0
v 77.0 85.5 52.0
v 77.0 85.5 53.0
v 77.0 85.4991455078125 54.0
v 77.0 85.48079681396484 55.0
v 77.0 85.5201644897461 56.0
v 76.45518493652344 86.0 56.0
v 77.0 85.50257110595703 57.0
v 77.0 85.52104949951172 58.0
v 76.47811126708984 86.0 58.0
v 77.0 85.54469299316406 59.0
v 76.52289581298828 86.0 59.0
v 77.0 86.0 59.47614669799805
v 77.0 87.0 40.50092315673828
v 77.0 86.50096130371094 41.0
v 77.0 86.47807312011719 42.0
v 77.0 86.45709991455078 43.0
v 76.57215118408203 87.0 50.0
v 77.0 86.57301330566406 50.0
v 77.0 87.0 49.57301330566406
v 77.0 87.0 50.42698669433594
v 77.0 86.50092315673828 60.0
v 77.0 87.0 60.499961853027344
v 76.50004577636719 88.0 40.0
v 77.0 88.0 39.543701171875
v 77.0 87.5228500366211 40.0
v 76.54766082763672 88.0 44.0
v 77.0 87.56670379638672 44.0
v 77.0 88.0 43.54599380493164
v 77.0 88.0 44.474910736083984
v 76.52376556396484 88.0 47.0
v 77.0 87.54374694824219 47.0
v 77.0 88.0 46.50104522705078
v 76.47811126708984 88.0 48.0
v 77.0 87.52100372314453 48.0
v 77.0 87.48075866699219 49.0
v 77.0 87.48075866699219 51.0
v 76.47807312011719 88.0 52.0
v 77.0 87.52101135253906 52.0
v 76.52196502685547 88.0 53.0
v 77.0 87.543701171875 53.0
v 77.0 88.0 53.5
v 76.52188110351562 88.0 56.0
v 77.0 87.52188110351562 56.0
v 77.0 88.0 55.49895095825195
v 76.5228042602539 88.0 57.0
v 77.0 87.5227279663086 57.0
v 77.0 88.0 57.49808120727539
v 77.0 87.5 61.0
v 77.0 88.0 61.5009651184082
v 77.0 89.0 39.4798469543457
v 76.52713012695312 89.0 42.0
v 77.0 88.5683364868164 42.0
v 77.0 89.0 41.568302154541016
v 77.0 88.48069763183594 43.0
v 76.4771957397461 89.0 45.0
v 77.0 88.47724151611328 45.0
v 76.47723388671875 89.0 46.0
v 77.0 88.47723388671875 46.0
v 77.0 88.456298828125 54.0
v 77.0 88.45625305175781 55.0
v 76.49800109863281 89.0 58.0
v 77.0 88.49996185302734 58.0
v 77.0 89.0 58.50199890136719
v 77.0 88.47811126708984 62.0
v 77.0 88.52192687988281 63.0
v 77.0 89.0 63.49907302856445
v 76.5 90.0 39.0
v 77.0 90.0 38.543704986572266
v 77.0 89.52197265625 39.0
v 77.0 90.0 41.4807014465332
v 77.0 89.4572525024414 59.0
v 77.0 89.52015686035156 60.0
v 77.0 90.0 60.52096176147461
v 77.0 89.5 64.0
v 76.47614288330078 90.0 65.0
v 77.0 90.0 64.49911499023438
v 77.0 91.0 38.5008544921875
v 77.0 90.52201080322266 41.0
v 77.0 91.0 40.54366683959961
v 77.0 90.47727966308594 61.0
v 77.0 91.0 61.52176284790039
v 76.5448226928711 91.0 65.0
v 77.0 91.0 64.54570007324219
v 76.4551773071289 91.0 66.0
v 77.0 92.0 38.47807312011719
v 77.0 92.0 40.5008544921875
v 77.0 91.50096130371094 62.0
v 76.49899291992188 92.0 62.0
v 77.0 92.0 62.4581413269043
v 77.0 91.4742202758789 65.0
v 77.0 92.0 65.5238037109375
v 76.52281188964844 92.0 66.0
v 77.0 93.0 37.521934509277344
v 77.0 92.5 38.0
v 77.0 93.0 40.4991455078125
v 77.0 93.0 62.5438117980957
v 77.0 92.47623443603516 66.0
v 76.50096130371094 93.0 67.0
v 77.0 93.0 66.5228042602539
v 77.0 94.0 37.500003814697266
v 76.47710418701172 94.0 40.0
v 77.0 94.0 40.47898864746094
v 77.0 93.45700073242188 63.0
v 76.52703857421875 94.0 64.0
v 77.0 93.56749725341797 64.0
v 77.0 94.0 64.43170166015625
v 77.0 93.47723388671875 67.0
v 76.49995422363281 94.0 68.0
v 77.0 94.0 67.52180480957031
v 77.0 95.0 37.5
v 76.49995422363281 95.0 40.0
v 77.0 95.0 40.47892379760742
v 77.0 95.0 64.51930236816406
v 77.0 94.4990005493164 68.0
v 76.47406005859375 95.0 69.0
v 77.0 95.0 68.5
v 77.0 96.0 37.5
v 76.47622680664062 96.0 40.0
v 77.0 96.0 40.52176284790039
v 77.0 95.52201080322266 65.0
v 76.47702026367188 96.0 65.0
v 77.0 96.0 65.456298828125
v 77.0 95.50199890136719 69.0
v 77.0 96.0 69.4572525024414
v 77.0 97.0 37.5
v 77.0 96.50201416015625 41.0
v 76.52381134033203 97.0 41.0
v 77.0 97.0 41.45625305175781
v 77.0 97.0 65.50003814697266
v 77.0 97.0 69.52015686035156
v 77.0 98.0 37.5
v 76.52381134033203 98.0 41.0
v 77.0 98.0 41.45625305175781
v 76.52574157714844 98.0 66.0
v 77.0 98.0 65.54566192626953
v 76.47425842285156 98.0 67.0
v 77.0 97.52293395996094 70.0
v 77.0 98.0 70.45530700683594
v 77.0 99.0 37.5
v 76.49800109863281 99.0 40.0
v 77.0 99.0 40.499996185302734
v 77.0 98.49703216552734 41.0
v 77.0 98.45510864257812 66.0
v 77.0 98.52376556396484 67.0
v 77.0 99.0 67.45713806152344
v 77.0 99.0 70.47806549072266
v 77.0 100.0 37.4991455078125
v 77.0 99.50199890136719 40.0
v 77.0 100.0 39.542747497558594
v 76.49899291992188 100.0 68.0
v 77.0 100.0 67.54185485839844
v 77.0 100.0 70.47807312011719
v 77.0 101.0 37.457176208496094
v 77.0 101.0 39.478919982910156
v 77.0 100.50100708007812 68.0
v 77.0 101.0 68.45713806152344
v 77.0 101.0 70.47898864746094
v 77.0 102.0 36.52101516723633
v 77.0 101.47807312011719 37.0
v 77.0 101.50004577636719 39.0
v 77.0 102.0 38.52108383178711
v 77.0 102.0 68.45636749267578
v 77.0 102.0 70.498291015625
v 77.0 103.0 36.52193832397461
v 77.0 103.0 38.52104949951172
v 76.49899291992188 103.0 68.0
v 77.0 103.0 67.54186248779297
v 77.0 102.49899291992188 68.0
v 77.0 103.0 70.456298828125
v 77.0 103.49999237060547 37.0
v 77.0 104.0 37.47895812988281
v 77.0 103.49995422363281 39.0
v 77.0 104.0 39.478919982910156
v 77.0 104.0 67.47984313964844
v 77.0 103.47807312011719 70.0
v 77.0 104.0 69.5209732055664
v 77.0 105.0 37.5
v 76.50004577636719 105.0 40.0
v 77.0 105.0 39.543697357177734
v 77.0 105.0 67.47807312011719
v 77.0 105.0 69.5
v 77.0 106.0 37.52101135253906
v 77.0 105.47711181640625 40.0
v 77.0 106.0 40.50092315673828
v 77.0 106.0 67.45718383789062
v 77.0 106.0 69.49996185302734
v 77.0 106.52184295654297 38.0
v 77.0 107.0 38.458038330078125
v 77.0 106.50092315673828 41.0
v 77.0 107.0 41.478885650634766
v 76.56661987304688 107.0 67.0
v 77.0 107.0 66.56824493408203
v 77.0 106.52408599853516 67.0
v 76.43313598632812 107.0 68.0
v 76.4771499633789 107.0 70.0
v 77.0 107.0 69.49911499023438
v 76.54878234863281 108.0 39.0
v 77.0 108.0 38.56849670410156
v 76.47611236572266 108.0 40.0
v 76.50301361083984 108.0 42.0
v 77.0 108.0 41.543052673339844
v 77.0 107.47592163085938 67.0
v 77.0 108.0 67.45799255371094
v 76.47618103027344 108.0 70.0
v 77.0 108.0 69.49995422363281
v 77.0 108.43146514892578 39.0
v 77.0 108.52183532714844 40.0
v 77.0 109.0 40.4791145324707
v 77.0 108.45698547363281 42.0
v 77.0 108.54285430908203 43.0
v 77.0 109.0 43.47715377807617
v 77.0 109.0 67.45621490478516
v 77.0 109.0 69.47799682617188
v 77.0 109.50092315673828 41.0
v 77.0 110.0 41.47806930541992
v 77.0 109.50092315673828 44.0
v 77.0 110.0 44.49995803833008
v 77.0 110.0 66.52101135253906
v 77.0 109.47710418701172 67.0
v 77.0 109.4991455078125 69.0
v 77.0 110.0 68.52108001708984
v 77.0 111.0 41.52193069458008
v 77.0 110.5 45.0
v 77.0 111.0 45.5
v 77.0 111.0 66.47895812988281
v 77.0 111.0 68.47806549072266
v 77.0 111.49903106689453 42.0
v 77.0 112.0 42.5
v 77.0 111.5 46.0
v 77.0 112.0 46.5
v 77.0 112.0 65.5
v 77.0 111.49903869628906 66.0
v 77.0 111.49999237060547 68.0
v 77.0 112.0 67.52104187011719
v 77.0 112.5 43.0
v 77.0 113.0 43.5
v 77.0 112.5 47.0
v 77.0 113.0 47.5009651184082
v 77.0 113.0 64.49996185302734
v 77.0 112.5 65.0
v 77.0 113.0 67.47807312011719
v 77.0 113.5 44.0
v 77.0 114.0 44.5
v 77.0 113.47807312011719 48.0
v 77.0 113.52192687988281 49.0
v 77.0 114.0 49.5
v 77.0 114.0 63.47715377807617
v 77.0 113.49907684326172 64.0
v 77.0 113.49903869628906 67.0
v 77.0 114.0 66.5
v 77.0 114.5 45.0
v 77.0 115.0 45.500038146972656
v 77.0 114.47807312011719 50.0
v 77.0 114.52192687988281 51.0
v 77.0 115.0 51.49907302856445
v 77.0 115.0 61.521888732910156
v 77.0 114.54285430908203 62.0
v 77.0 114.4571533203125 63.0
v 77.0 114.5 66.0
v 77.0 115.0 65.5
v 77.0 115.49907684326172 46.0
v 77.0 116.0 46.52288818359375
v 77.0 115.49907684326172 52.0
v 77.0 116.0 52.52288818359375
v 77.0 116.0 57.52293014526367
v 77.0 115.54469299316406 58.0
v 77.0 115.52101135253906 59.0
v 76.42788696289062 116.0 59.0
v 77.0 115.5008544921875 60.0
v 77.0 115.47898864746094 61.0
v 77.0 115.5 65.0
v 77.0 116.0 64.49903106689453
v 77.0 116.456298828125 47.0
v 77.0 116.5 48.0
v 77.0 116.543701171875 49.0
v 77.0 117.0 49.47807312011719
v 77.0 116.456298828125 53.0
v 77.0 116.4991455078125 54.0
v 77.0 116.5008544921875 55.0
v 77.0 116.52008819580078 56.0
v 77.0 116.47984313964844 57.0
v 77.0 116.52188873291016 63.0
v 77.0 117.0 62.500038146972656
v 77.0 116.47807312011719 64.0
v 77.0 117.47898864746094 50.0
v 77.0 117.52192687988281 51.0
v 77.0 118.0 51.5
v 76.47605895996094 118.0 61.0
v 77.0 117.5427017211914 61.0
v 77.0 118.0 60.499996185302734
v 77.0 117.47891998291016 62.0
v 77.0 118.47807312011719 52.0
v 77.0 118.52100372314453 53.0
v 76.50000762939453 119.0 54.0
v 77.0 119.0 53.52193069458008
v 76.50000762939453 119.0 56.0
v 77.0 119.0 56.47806930541992
v 77.0 118.5209732055664 57.0
v 77.0 118.5 58.0
v 77.0 118.4991455078125 59.0
v 77.0 118.45729064941406 60.0
v 77.0 119.456298828125 54.0
v 77.0 119.49828338623047 55.0
v 77.0 119.456298828125 56.0
v 77.52372741699219 85.0 44.0
v 78.0 85.0 43.5019645690918
v 78.0 84.54289245605469 44.0
v 78.0 84.50092315673828 45.0
v 77.47723388671875 85.0 45.0
v 78.0 84.5 46.0
v 78.0 84.5008544921875 47.0
v 78.0 84.52101135253906 48.0
v 77.47807312011719 85.0 48.0
v 78.0 84.543701171875 49.0
v 77.52192687988281 85.0 49.0
v 78.0 85.0 49.4990348815918
v 77.54573059082031 85.0 55.0
v 78.0 85.0 54.52394485473633
v 78.0 84.56720733642578 55.0
v 78.0 85.0 55.47701644897461
v 77.52486419677734 86.0 41.0
v 78.0 86.0 40.54486083984375
v 78.0 85.54570007324219 41.0
v 78.0 85.52108001708984 42.0
v 77.49996185302734 86.0 42.0
v 78.0 85.478271484375 43.0
v 77.47627258300781 86.0 43.0
v 78.0 85.45809936523438 50.0
v 78.0 85.49918365478516 51.0
v 78.0 85.5 52.0
v 78.0 85.4991455078125 53.0
v 78.0 85.45729064941406 54.0
v 78.0 85.47715759277344 56.0
v 78.0 85.5 57.0
v 78.0 85.50000762939453 58.0
v 78.0 85.52193450927734 59.0
v 78.0 86.0 59.4990348815918
v 78.0 87.0 40.45817565917969
v 77.4270248413086 87.0 50.0
v 77.52389526367188 87.0 56.0
v 78.0 86.52385711669922 56.0
v 78.0 87.0 55.52385330200195
v 77.52469635009766 87.0 57.0
v 78.0 86.52293395996094 57.0
v 78.0 87.0 57.4752311706543
v 78.0 86.5 60.0
v 78.0 87.0 60.5
v 78.0 88.0 39.54270935058594
v 78.0 87.50004577636719 40.0
v 78.0 87.5018081665039 44.0
v 78.0 88.0 43.50084686279297
v 77.47815704345703 88.0 45.0
v 78.0 87.5 45.0
v 77.47903442382812 88.0 46.0
v 78.0 87.52015686035156 46.0
v 78.0 87.5 47.0
v 78.0 87.47991180419922 48.0
v 78.0 87.498291015625 49.0
v 78.0 87.47990417480469 50.0
v 78.0 87.4991455078125 51.0
v 78.0 87.5 52.0
v 78.0 87.5008544921875 53.0
v 77.47806549072266 88.0 54.0
v 78.0 87.52100372314453 54.0
v 77.47710418701172 88.0 55.0
v 78.0 87.5 55.0
v 77.50191497802734 88.0 58.0
v 78.0 87.5228042602539 58.0
v 78.0 88.0 58.47723388671875
v 78.0 87.50003814697266 61.0
v 78.0 88.0 61.500885009765625
v 78.0 89.0 39.47984313964844
v 77.47482299804688 89.0 42.0
v 78.0 89.0 42.4781608581543
v 78.0 88.49903869628906 43.0
v 77.49895477294922 89.0 59.0
v 78.0 88.52176666259766 59.0
v 78.0 89.0 59.50095748901367
v 78.0 88.47977447509766 62.0
v 78.0 88.54373931884766 63.0
v 78.0 89.0 63.476192474365234
v 78.0 90.0 38.543701171875
v 78.0 89.52196502685547 39.0
v 78.0 89.47908020019531 42.0
v 78.0 90.0 41.52015686035156
v 78.0 89.45814514160156 60.0
v 77.50105285644531 90.0 61.0
v 78.0 89.54206085205078 61.0
v 78.0 90.0 61.47535705566406
v 78.0 89.52381134033203 64.0
v 78.0 90.0 64.45626068115234
v 78.0 91.0 38.5008544921875
v 77.5 91.0 41.0
v 78.0 91.0 41.456298828125
v 77.52498626708984 91.0 62.0
v 78.0 90.54751586914062 62.0
v 78.0 91.0 62.43278503417969
v 78.0 91.0 64.5211181640625
v 78.0 92.0 38.4789924621582
v 78.0 91.47807312011719 41.0
v 78.0 92.0 40.52101135253906
v 78.0 92.0 62.51838302612305
v 78.0 91.49815368652344 65.0
v 78.0 92.0 65.5228500366211
v 78.0 93.0 37.54469299316406
v 78.0 92.52289581298828 38.0
v 78.0 93.0 40.5
v 78.0 92.54572296142578 63.0
v 77.52201080322266 93.0 63.0
v 78.0 93.0 63.433631896972656
v 78.0 92.47623443603516 66.0
v 78.0 93.0 66.52376556396484
v 78.0 94.0 37.52193069458008
v 78.0 94.0 40.5
v 78.0 94.0 63.54100799560547
v 77.47486877441406 94.0 64.0
v 78.0 93.47807312011719 67.0
v 78.0 94.0 67.47984313964844
v 78.0 95.0 37.5210075378418
v 78.0 95.0 40.52009201049805
v 78.0 94.49908447265625 64.0
v 78.0 95.0 64.47823333740234
v 77.50296020507812 95.0 68.0
v 78.0 95.0 67.54373931884766
v 78.0 96.0 37.5008544921875
v 78.0 95.54674530029297 41.0
v 77.5260009765625 96.0 41.0
v 78.0 96.0 41.43171310424805
v 78.0 95.52473449707031 65.0
v 78.0 96.0 65.45526123046875
v 78.0 95.47623443603516 68.0
v 77.49895477294922 96.0 69.0
v 78.0 96.0 68.52176666259766
v 78.0 97.0 37.5
v 78.0 97.0 41.477142333984375
v 78.0 97.0 65.47807312011719
v 78.0 96.50192260742188 69.0
v 78.0 97.0 69.45714569091797
v 78.0 98.0 37.5
v 78.0 98.0 41.477142333984375
v 78.0 98.0 65.50003814697266
v 77.47615051269531 98.0 70.0
v 78.0 98.0 69.49907684326172
v 78.0 99.0 37.5
v 77.5270004272461 99.0 41.0
v 78.0 99.0 41.43166732788086
v 78.0 98.5218505859375 66.0
v 77.49699401855469 99.0 67.0
v 78.0 99.0 66.49795532226562
v 77.49907684326172 99.0 70.0
v 78.0 99.0 69.50092315673828
v 78.0 100.0 37.47898864746094
v 77.49996185302734 100.0 40.0
v 78.0 100.0 40.476318359375
v 78.0 99.4513931274414 41.0
v 78.0 99.50397491455078 67.0
v 78.0 100.0 67.45618438720703
v 77.49996185302734 100.0 70.0
v 78.0 100.0 69.52104187011719
v 77.5 101.0 37.0
v 78.0 101.0 36.543704986572266
v 78.0 100.52193450927734 37.0
v 78.0 100.47811126708984 40.0
v 78.0 101.0 39.5
v 77.47711181640625 101.0 68.0
v 78.0 101.0 67.49903869628906
v 77.52289581298828 101.0 70.0
v 78.0 101.0 69.54385375976562
v 78.0 102.0 36.50171661376953
v 78.0 101.52381896972656 39.0
v 78.0 102.0 38.54462432861328
v 77.47711181640625 102.0 68.0
v 78.0 102.0 67.49907684326172
v 78.0 101.49903106689453 70.0
v 78.0 102.0 70.456298828125
v 78.0 103.0 36.543704986572266
v 78.0 103.0 38.54301071166992
v 78.0 103.0 67.45714569091797
v 77.5 103.0 70.0
v 78.0 102.5 70.0
v 78.0 103.0 69.54366302490234
v 78.0 103.47806549072266 37.0
v 78.0 104.0 37.47983932495117
v 78.0 103.47710418701172 39.0
v 78.0 104.0 39.47898864746094
v 77.52196502685547 104.0 67.0
v 78.0 104.0 66.543701171875
v 78.0 103.50004577636719 67.0
v 78.0 104.0 69.5008544921875
v 78.0 105.0 37.5
v 78.0 105.0 39.52192687988281
v 77.49996185302734 105.0 67.0
v 78.0 105.0 66.52108001708984
v 78.0 105.0 69.4991455078125
v 78.0 106.0 37.501708984375
v 78.0 105.49903106689453 40.0
v 78.0 106.0 40.5
v 77.4771957397461 106.0 67.0
v 78.0 106.0 66.5
v 78.0 106.0 69.45729064941406
v 77.52412414550781 107.0 38.0
v 78.0 107.0 37.5682487487793
v 78.0 106.50092315673828 41.0
v 78.0 107.0 41.478919982910156
v 78.0 107.0 66.47978210449219
v 77.52197265625 107.0 69.0
v 78.0 106.50096893310547 69.0
v 78.0 107.0 68.54363250732422
v 78.0 107.43334197998047 38.0
v 78.0 107.56661224365234 39.0
v 77.49888610839844 108.0 39.0
v 78.0 108.0 39.43259811401367
v 78.0 108.0 41.543704986572266
v 77.47715759277344 108.0 67.0
v 78.0 108.0 66.49908447265625
v 77.5228042602539 108.0 69.0
v 78.0 108.0 68.54286193847656
v 78.0 109.0 39.54300308227539
v 77.5019760131836 109.0 40.0
v 78.0 108.47710418701172 42.0
v 77.50004577636719 109.0 43.0
v 78.0 109.0 42.522850036621094
v 77.47618103027344 109.0 67.0
v 78.0 109.0 66.5
v 78.0 108.52404022216797 69.0
v 78.0 109.0 69.43171691894531
v 78.0 109.45619201660156 40.0
v 78.0 109.54305267333984 41.0
v 78.0 110.0 41.45614242553711
v 78.0 109.45710754394531 43.0
v 78.0 109.54285430908203 44.0
v 78.0 110.0 44.47715377807617
v 78.0 110.0 66.49917602539062
v 78.0 109.45408630371094 69.0
v 78.0 110.0 68.5201187133789
v 78.0 111.0 41.52107620239258
v 78.0 110.50092315673828 45.0
v 78.0 111.0 45.49995803833008
v 78.0 111.0 66.4579849243164
v 78.0 111.0 68.456298828125
v 78.0 111.49907684326172 42.0
v 78.0 112.0 42.5
v 78.0 111.5 46.0
v 78.0 112.0 46.5
v 78.0 112.0 65.49903869628906
v 78.0 111.47711181640625 66.0
v 78.0 111.47806549072266 68.0
v 78.0 112.0 67.52015686035156
v 78.0 112.5 43.0
v 78.0 113.0 43.5
v 78.0 112.5 47.0
v 78.0 113.0 47.5009651184082
v 78.0 113.0 64.47715759277344
v 78.0 112.49903869628906 65.0
v 78.0 113.0 67.47807312011719
v 78.0 113.5 44.0
v 78.0 114.0 44.5
v 78.0 113.47807312011719 48.0
v 78.0 113.52192687988281 49.0
v 78.0 114.0 49.5
v 77.50096893310547 114.0 63.0
v 78.0 114.0 62.54300308227539
v 78.0 113.54381561279297 63.0
v 78.0 113.45714569091797 64.0
v 78.0 113.49903106689453 67.0
v 78.0 114.0 66.5
v 78.0 114.5 45.0
v 78.0 115.0 45.50092697143555
v 78.0 114.47807312011719 50.0
v 78.0 114.52192687988281 51.0
v 78.0 115.0 51.499961853027344
v 77.52412414550781 115.0 62.0
v 78.0 115.0 62.43250274658203
v 78.0 114.5 66.0
v 78.0 115.0 65.5
v 78.0 115.47891998291016 46.0
v 77.5 116.0 47.0
v 78.0 115.543701171875 47.0
v 78.0 116.0 47.47718811035156
v 78.0 115.47891998291016 52.0
v 78.0 115.543701171875 53.0
v 77.5 116.0 53.0
v 78.0 116.0 53.47806930541992
v 77.49903106689453 116.0 58.0
v 78.0 116.0 58.47807312011719
v 78.0 115.52101135253906 59.0
v 78.0 115.5 60.0
v 78.0 115.498291015625 61.0
v 78.0 115.43257141113281 62.0
v 78.0 115.5 65.0
v 78.0 116.0 64.49903869628906
v 78.0 116.49908447265625 48.0
v 77.52297973632812 117.0 49.0
v 78.0 117.0 48.54660415649414
v 78.0 116.47898864746094 54.0
v 78.0 116.52008819580078 55.0
v 77.57298278808594 117.0 56.0
v 78.0 117.0 55.57297897338867
v 78.0 117.0 56.42698287963867
v 78.0 116.51924133300781 57.0
v 78.0 116.45633697509766 58.0
v 78.0 116.5211181640625 63.0
v 78.0 117.0 62.499996185302734
v 78.0 116.47807312011719 64.0
v 78.0 117.43279266357422 49.0
v 78.0 117.498291015625 50.0
v 78.0 117.52101135253906 51.0
v 78.0 118.0 51.52193069458008
v 78.0 117.40662384033203 56.0
v 77.5 118.0 60.0
v 78.0 117.54270935058594 60.0
v 78.0 118.0 59.5
v 78.0 117.5008544921875 61.0
v 78.0 117.47806549072266 62.0
v 78.0 118.456298828125 52.0
v 78.0 118.52015686035156 53.0
v 78.0 119.0 53.5229377746582
v 78.0 118.54190063476562 57.0
v 78.0 119.0 56.49903106689453
v 78.0 118.5 58.0
v 78.0 118.45729064941406 59.0
v 78.0 119.4552993774414 54.0
v 78.0 119.47806549072266 55.0
v 78.0 119.45629119873047 56.0
v 78.5466079711914 84.0 45.0
v 79.0 84.0 44.52302551269531
v 79.0 83.56720733642578 45.0
v 79.0 84.0 45.47701644897461
v 78.50004577636719 85.0 43.0
v 79.0 85.0 42.49899673461914
v 79.0 84.52180480957031 43.0
v 79.0 84.45800018310547 44.0
v 79.0 84.45713806152344 46.0
v 79.0 84.4790267944336 47.0
v 79.0 84.49915313720703 48.0
v 79.0 84.5008544921875 49.0
v 79.0 84.543701171875 50.0
v 78.50096130371094 85.0 50.0
v 79.0 85.0 50.47806930541992
v 78.5 85.0 54.0
v 79.0 85.0 53.5
v 79.0 84.54270935058594 54.0
v 79.0 84.501708984375 55.0
v 79.0 84.52101135253906 56.0
v 78.47808074951172 85.0 56.0
v 79.0 84.5447006225586 57.0
v 78.52289581298828 85.0 57.0
v 79.0 85.0 57.47710037231445
v 79.0 86.0 40.50185012817383
v 79.0 85.5211181640625 41.0
v 79.0 85.45729064941406 42.0
v 79.0 85.47898864746094 51.0
v 79.0 85.4991455078125 52.0
v 79.0 85.45729064941406 53.0
v 79.0 85.4798812866211 58.0
v 79.0 85.52192687988281 59.0
v 79.0 86.0 59.4990348815918
v 78.52397918701172 87.0 40.0
v 79.0 87.0 39.56720733642578
v 79.0 86.54576873779297 40.0
v 78.52288818359375 87.0 44.0
v 79.0 86.52372741699219 44.0
v 79.0 87.0 43.52372741699219
v 78.52180480957031 87.0 45.0
v 79.0 86.52184295654297 45.0
v 79.0 87.0 45.50205612182617
v 78.54674530029297 87.0 48.0
v 79.0 86.56828308105469 48.0
v 79.0 87.0 47.52399444580078
v 79.0 87.0 48.45412826538086
v 79.0 86.5201644897461 56.0
v 79.0 87.0 55.47807312011719
v 79.0 86.52019500732422 57.0
v 79.0 87.0 57.4990348815918
v 79.0 86.5 60.0
v 79.0 87.0 60.500038146972656
v 78.55028533935547 88.0 40.0
v 79.0 87.52647399902344 40.0
v 79.0 88.0 40.406166076660156
v 79.0 88.0 43.4561882019043
v 79.0 87.4552993774414 46.0
v 79.0 87.45625305175781 47.0
v 79.0 87.47898864746094 49.0
v 79.0 87.5 50.0
v 79.0 87.5 51.0
v 79.0 87.5 52.0
v 79.0 87.5 53.0
v 79.0 87.4991455078125 54.0
v 79.0 87.456298828125 55.0
v 79.0 87.5 58.0
v 79.0 88.0 58.50088119506836
v 79.0 87.49996185302734 61.0
v 79.0 88.0 61.52099609375
v 79.0 89.0 39.51838302612305
v 79.0 88.4281005859375 40.0
v 79.0 88.47618865966797 43.0
v 79.0 89.0 42.49907684326172
v 79.0 88.47978210449219 59.0
v 78.52403259277344 89.0 60.0
v 79.0 88.5663833618164 60.0
v 79.0 89.0 60.45335388183594
v 79.0 88.47815704345703 62.0
v 78.49899291992188 89.0 63.0
v 79.0 89.0 62.52188491821289
v 78.52297973632812 90.0 39.0
v 79.0 90.0 39.432796478271484
v 79.0 89.50092315673828 42.0
v 79.0 90.0 41.52192687988281
v 79.0 89.52376556396484 61.0
v 79.0 90.0 61.457908630371094
v 79.0 89.47724151611328 63.0
v 78.49899291992188 90.0 64.0
v 79.0 90.0 63.522762298583984
v 79.0 91.0 38.52009201049805
v 79.0 90.45430755615234 39.0
v 79.0 91.0 41.47898864746094
v 78.47596740722656 91.0 62.0
v 79.0 91.0 61.5418586730957
v 79.0 90.4771957397461 64.0
v 79.0 91.0 64.52376556396484
v 79.0 92.0 38.498294830322266
v 79.0 91.52192687988281 41.0
v 79.0 92.0 40.543701171875
v 79.0 91.5 62.0
v 79.0 92.0 62.45813751220703
v 79.0 91.45710754394531 65.0
v 79.0 91.5211181640625 66.0
v 78.47899627685547 92.0 66.0
v 79.0 91.57047271728516 67.0
v 78.56884765625 92.0 67.0
v 79.0 92.0 67.42952728271484
v 78.49903106689453 93.0 38.0
v 79.0 93.0 38.456298828125
v 79.0 93.0 40.5008544921875
v 78.47605895996094 93.0 63.0
v 79.0 93.0 62.5418586730957
v 78.47903442382812 93.0 67.0
v 79.0 93.0 67.47802734375
v 78.52297973632812 94.0 38.0
v 79.0 94.0 38.45430374145508
v 79.0 94.0 40.499996185302734
v 79.0 93.5 63.0
v 79.0 94.0 63.4581413269043
v 79.0 94.0 67.4991455078125
v 78.54692840576172 95.0 38.0
v 79.0 95.0 38.43063735961914
v 79.0 95.0 40.500850677490234
v 78.5009994506836 95.0 64.0
v 79.0 95.0 63.541900634765625
v 79.0 95.0 67.52101135253906
v 79.0 96.0 37.52009201049805
v 79.0 95.45219421386719 38.0
v 78.4541244506836 96.0 41.0
v 79.0 96.0 40.5210075378418
v 79.0 95.4990005493164 64.0
v 78.47526550292969 96.0 65.0
v 79.0 96.0 64.47823333740234
v 79.0 95.52188110351562 68.0
v 79.0 96.0 68.4571533203125
v 79.0 97.0 37.5
v 78.49906921386719 97.0 41.0
v 79.0 97.0 40.52107620239258
v 78.49996185302734 97.0 65.0
v 79.0 97.0 64.52108001708984
v 78.47895812988281 97.0 69.0
v 79.0 97.0 68.52108001708984
v 79.0 98.0 37.5
v 78.49818420410156 98.0 41.0
v 79.0 98.0 40.500919342041016
v 78.52288818359375 98.0 65.0
v 79.0 98.0 64.54373931884766
v 78.52293395996094 98.0 69.0
v 79.0 98.0 68.5447006225586
v 79.0 99.0 37.5
v 78.453125 99.0 41.0
v 79.0 99.0 40.49907684326172
v 79.0 98.49799346923828 65.0
v 78.4772720336914 99.0 66.0
v 79.0 99.0 65.478271484375
v 78.54792785644531 99.0 69.0
v 79.0 99.0 68.56937408447266
v 79.0 100.0 37.47898864746094
v 79.0 100.0 40.45615005493164
v 78.54385375976562 100.0 66.0
v 79.0 100.0 65.54385375976562
v 78.45614624023438 100.0 67.0
v 79.0 99.45124053955078 69.0
v 79.0 100.0 69.50092315673828
v 79.0 101.0 36.544700622558594
v 79.0 100.52289581298828 37.0
v 79.0 100.47710418701172 40.0
v 79.0 101.0 39.52015686035156
v 79.0 100.49798583984375 66.0
v 78.49903869628906 101.0 67.0
v 79.0 101.0 66.47815704345703
v 79.0 101.0 69.54469299316406
v 79.0 102.0 36.543704986572266
v 78.47710418701172 102.0 39.0
v 79.0 102.0 39.4789924621582
v 78.49996185302734 102.0 67.0
v 79.0 102.0 66.5
v 79.0 101.5 70.0
v 79.0 102.0 70.4552993774414
v 79.0 102.49903106689453 37.0
v 78.49903106689453 103.0 37.0
v 79.0 103.0 37.458133697509766
v 78.47710418701172 103.0 39.0
v 79.0 103.0 39.47898864746094
v 78.47715759277344 103.0 67.0
v 79.0 103.0 66.49907684326172
v 79.0 102.47798919677734 70.0
v 79.0 103.0 69.52192687988281
v 79.0 104.0 37.499183654785156
v 79.0 104.0 39.4991455078125
v 79.0 104.0 66.47891998291016
v 79.0 104.0 69.4991455078125
v 79.0 105.0 37.500003814697266
v 79.0 105.0 39.52193069458008
v 79.0 105.0 66.456298828125
v 79.0 105.0 69.45729064941406
v 79.0 106.0 37.52101135253906
v 79.0 105.49907684326172 40.0
v 79.0 106.0 40.499080657958984
v 78.5228500366211 106.0 66.0
v 79.0 106.0 65.543701171875
v 79.0 105.5 66.0
v 78.5 106.0 69.0
v 79.0 105.5 69.0
v 79.0 106.0 68.54270935058594
v 79.0 106.52188873291016 38.0
v 78.47591400146484 107.0 38.0
v 79.0 107.0 38.457149505615234
v 79.0 106.52188110351562 41.0
v 79.0 107.0 41.477237701416016
v 78.50007629394531 107.0 66.0
v 79.0 107.0 65.52193450927734
v 79.0 107.0 68.5008544921875
v 79.0 108.0 38.542850494384766
v 78.47596740722656 108.0 39.0
v 79.0 107.52381134033203 42.0
v 78.5 108.0 42.0
v 79.0 108.0 42.45625686645508
v 78.50092315673828 108.0 66.0
v 79.0 108.0 65.52193450927734
v 79.0 108.0 68.5008544921875
v 79.0 108.4771957397461 39.0
v 79.0 109.0 39.50004196166992
v 79.0 109.0 42.521080017089844
v 78.5228042602539 109.0 66.0
v 79.0 109.0 65.54285430908203
v 78.45321655273438 109.0 69.0
v 79.0 109.0 68.51924133300781
v 79.0 109.52080535888672 40.0
v 78.49698638916016 110.0 41.0
v 79.0 110.0 40.5
v 79.0 109.49815368652344 43.0
v 78.5 110.0 44.0
v 79.0 110.0 43.52284622192383
v 79.0 109.52408599853516 66.0
v 79.0 110.0 66.43338012695312
v 79.0 110.0 68.45813751220703
v 79.0 110.47915649414062 41.0
v 79.0 111.0 41.50088119506836
v 79.0 110.45714569091797 44.0
v 79.0 110.54285430908203 45.0
v 79.0 111.0 45.47715377807617
v 78.49895477294922 111.0 66.0
v 79.0 111.0 65.54100799560547
v 79.0 110.47491455078125 66.0
v 78.49903106689453 111.0 68.0
v 79.0 110.50003814697266 68.0
v 79.0 111.0 67.54106140136719
v 79.0 111.49996185302734 42.0
v 79.0 112.0 42.5
v 79.0 111.50092315673828 46.0
v 79.0 112.0 46.5
v 79.0 112.0 65.45618438720703
v 79.0 112.0 67.49996185302734
v 79.0 112.5 43.0
v 79.0 113.0 43.5
v 79.0 112.49907684326172 47.0
v 79.0 113.0 47.52288818359375
v 78.5 113.0 64.0
v 79.0 113.0 63.52284240722656
v 79.0 112.54285430908203 64.0
v 79.0 112.45618438720703 65.0
v 79.0 113.0 67.45625305175781
v 79.0 113.5 44.0
v 79.0 114.0 44.500038146972656
v 79.0 113.456298828125 48.0
v 79.0 113.52107238769531 49.0
v 79.0 114.0 49.50004196166992
v 79.0 114.0 62.500919342041016
v 79.0 113.50096130371094 63.0
v 79.0 113.47618865966797 67.0
v 79.0 114.0 66.4771957397461
v 79.0 114.49907684326172 45.0
v 79.0 115.0 45.52288818359375
v 79.0 114.47807312011719 50.0
v 79.0 114.52100372314453 51.0
v 79.0 115.0 51.52193069458008
v 78.47390747070312 115.0 62.0
v 79.0 115.0 61.49895477294922
v 79.0 114.52084350585938 62.0
v 79.0 114.4771957397461 66.0
v 79.0 115.0 65.47724151611328
v 79.0 115.456298828125 46.0
v 79.0 115.52108001708984 47.0
v 79.0 116.0 47.5
v 79.0 115.456298828125 52.0
v 79.0 115.52108001708984 53.0
v 79.0 116.0 53.500038146972656
v 79.0 116.0 58.52192687988281
v 79.0 115.543701171875 59.0
v 79.0 115.5 60.0
v 79.0 115.45729064941406 61.0
v 79.0 115.47811889648438 65.0
v 79.0 116.0 64.49811553955078
v 79.0 116.47891998291016 48.0
v 78.47702026367188 117.0 49.0
v 79.0 116.543701171875 49.0
v 79.0 117.0 49.47807312011719
v 79.0 116.47807312011719 54.0
v 79.0 116.5008544921875 55.0
v 79.0 116.52008819580078 56.0
v 78.42701721191406 117.0 56.0
v 79.0 116.50084686279297 57.0
v 79.0 116.4798355102539 58.0
v 79.0 116.52188873291016 63.0
v 79.0 117.0 62.499996185302734
v 79.0 116.47803497314453 64.0
v 79.0 117.47898864746094 50.0
v 79.0 117.5008544921875 51.0
v 78.5 118.0 52.0
v 79.0 117.543701171875 52.0
v 79.0 118.0 52.47803497314453
v 78.50096130371094 118.0 59.0
v 79.0 117.5420150756836 59.0
v 79.0 118.0 58.52280807495117
v 79.0 117.50081634521484 60.0
v 79.0 117.49999237060547 61.0
v 79.0 117.47806549072266 62.0
v 79.0 118.47984313964844 53.0
v 78.47710418701172 119.0 54.0
v 79.0 118.52100372314453 54.0
v 78.5 119.0 55.0
v 79.0 118.52189636230469 55.0
v 78.49903106689453 119.0 56.0
v 79.0 118.54190063476562 56.0
v 78.55029296875 119.0 57.0
v 79.0 119.0 56.55029296875
v 79.0 119.0 57.427276611328125
v 79.0 118.49907684326172 58.0
v 79.0 119.40616607666016 57.0
v 79.52473449707031 84.0 43.0
v 80.0 84.0 42.524776458740234
v 80.0 83.54473876953125 43.0
v 80.0 83.52101135253906 44.0
v 79.47811889648438 84.0 44.0
v 80.0 83.501708984375 45.0
v 80.0 83.52101135253906 46.0
v 79.47807312011719 84.0 46.0
v 80.0 83.5447006225586 47.0
v 79.52289581298828 84.0 47.0
v 80.0 84.0 47.47710418701172
v 79.49991607666016 85.0 42.0
v 80.0 85.0 41.52188491821289
v 80.0 84.52276611328125 42.0
v 80.0 84.47898864746094 48.0
v 80.0 84.5 49.0
v 80.0 84.52193450927734 50.0
v 80.0 85.0 50.5
v 79.50096893310547 85.0 53.0
v 80.0 85.0 52.52193069458008
v 80.0 84.543701171875 53.0
v 80.0 84.5008544921875 54.0
v 80.0 84.5 55.0
v 80.0 84.5008544921875 56.0
v 80.0 84.54370880126953 57.0
v 80.0 85.0 57.47802734375
v 80.0 86.0 40.500038146972656
v 80.0 85.50092315673828 41.0
v 79.5247802734375 86.0 44.0
v 80.0 85.54393768310547 44.0
v 80.0 86.0 43.52565383911133
v 79.50189208984375 86.0 45.0
v 80.0 85.52190399169922 45.0
v 79.54486083984375 86.0 46.0
v 80.0 85.54486083984375 46.0
v 80.0 86.0 46.47517395019531
v 80.0 85.47807312011719 51.0
v 80.0 85.47898864746094 52.0
v 80.0 85.48069763183594 58.0
v 80.0 85.543701171875 59.0
v 80.0 86.0 59.47711181640625
v 80.0 87.0 39.52285385131836
v 80.0 86.5018539428711 40.0
v 79.54765319824219 87.0 43.0
v 80.0 86.54852294921875 43.0
v 80.0 87.0 42.56748962402344
v 79.45613861083984 87.0 46.0
v 80.0 86.5 47.0
v 79.47711181640625 87.0 47.0
v 80.0 86.5228500366211 48.0
v 80.0 87.0 48.499107360839844
v 79.5 87.0 55.0
v 80.0 86.543701171875 55.0
v 80.0 87.0 54.521968841552734
v 80.0 86.50167846679688 56.0
v 80.0 86.54205322265625 57.0
v 80.0 87.0 57.476234436035156
v 80.0 86.50096130371094 60.0
v 80.0 87.0 60.49991989135742
v 79.42813873291016 88.0 40.0
v 80.0 88.0 39.51924133300781
v 79.47711181640625 88.0 43.0
v 80.0 88.0 42.50092315673828
v 80.0 87.47807312011719 49.0
v 80.0 87.5008544921875 50.0
v 80.0 87.52008819580078 51.0
v 80.0 87.501708984375 52.0
v 80.0 87.52008819580078 53.0
v 80.0 87.47984313964844 54.0
v 80.0 87.52272033691406 58.0
v 80.0 88.0 58.478153228759766
v 80.0 87.50003814697266 61.0
v 80.0 87.56941986083984 62.0
v 79.52619934082031 88.0 62.0
v 80.0 88.0 62.43061447143555
v 80.0 89.0 39.45912551879883
v 80.0 89.0 42.45615005493164
v 80.0 88.5 59.0
v 79.47601318359375 89.0 60.0
v 80.0 89.0 59.52188491821289
v 80.0 89.0 62.519229888916016
v 79.49893951416016 90.0 39.0
v 80.0 90.0 38.566131591796875
v 80.0 89.52388000488281 39.0
v 80.0 89.4771499633789 42.0
v 80.0 90.0 41.52101135253906
v 80.0 89.47724151611328 60.0
v 79.49799346923828 90.0 61.0
v 80.0 90.0 60.52176284790039
v 80.0 89.52095794677734 63.0
v 80.0 90.0 63.479042053222656
v 80.0 91.0 38.501708984375
v 80.0 91.0 41.4991455078125
v 80.0 90.50192260742188 61.0
v 80.0 91.0 61.457183837890625
v 80.0 90.48155212402344 64.0
v 80.0 90.56834411621094 65.0
v 79.52413177490234 91.0 65.0
v 80.0 91.0 65.45134735107422
v 80.0 92.0 38.47898864746094
v 79.5 92.0 41.0
v 80.0 92.0 41.456295013427734
v 79.49903869628906 92.0 62.0
v 80.0 92.0 61.52176284790039
v 80.0 91.52376556396484 66.0
v 79.47077941894531 92.0 67.0
v 80.0 92.0 66.49790954589844
v 79.50096893310547 93.0 38.0
v 80.0 93.0 37.54469299316406
v 80.0 92.52289581298828 38.0
v 80.0 92.47802734375 41.0
v 80.0 93.0 40.52015686035156
v 80.0 92.50196838378906 62.0
v 80.0 93.0 62.4571418762207
v 80.0 92.50204467773438 67.0
v 80.0 93.0 67.45724487304688
v 79.47702026367188 94.0 38.0
v 80.0 94.0 37.52193069458008
v 80.0 94.0 40.4789924621582
v 79.49903869628906 94.0 63.0
v 80.0 94.0 62.52176284790039
v 80.0 94.0 67.49996185302734
v 79.45307159423828 95.0 38.0
v 80.0 95.0 37.5210075378418
v 80.0 95.0 40.47806930541992
v 80.0 94.5009994506836 63.0
v 80.0 95.0 63.458099365234375
v 80.0 95.0 67.52108001708984
v 80.0 96.0 37.5008544921875
v 80.0 96.0 40.47806930541992
v 79.50096130371094 96.0 64.0
v 80.0 96.0 63.5418586730957
v 79.52408599853516 96.0 68.0
v 80.0 96.0 67.56745910644531
v 80.0 97.0 37.50003433227539
v 80.0 97.0 40.45625686645508
v 80.0 96.50100708007812 64.0
v 80.0 97.0 64.45633697509766
v 80.0 96.45238494873047 68.0
v 80.0 97.0 68.50088500976562
v 80.0 98.0 37.5008544921875
v 79.52188110351562 98.0 40.0
v 80.0 97.49895477294922 40.0
v 80.0 98.0 39.522762298583984
v 80.0 98.0 64.47984313964844
v 80.0 97.52372741699219 69.0
v 79.49995422363281 98.0 69.0
v 80.0 98.0 69.4561538696289
v 80.0 99.0 37.5008544921875
v 79.5 99.0 40.0
v 80.0 99.0 39.50092315673828
v 79.50096130371094 99.0 65.0
v 80.0 99.0 64.54186248779297
v 79.45127868652344 99.0 69.0
v 80.0 99.0 69.521728515625
v 80.0 100.0 37.499183654785156
v 79.47710418701172 100.0 40.0
v 80.0 100.0 39.52015686035156
v 80.0 99.50096130371094 65.0
v 80.0 100.0 65.45799255371094
v 80.0 99.50200653076172 70.0
v 79.5228500366211 100.0 70.0
v 80.0 100.0 70.45625305175781
v 79.47710418701172 101.0 37.0
v 80.0 101.0 37.4789924621582
v 80.0 101.0 39.500850677490234
v 79.47819519042969 101.0 66.0
v 80.0 101.0 65.49911499023438
v 79.47799682617188 101.0 70.0
v 80.0 101.0 70.47806549072266
v 79.47806549072266 102.0 37.0
v 80.0 102.0 37.4789924621582
v 80.0 102.0 39.499996185302734
v 79.5 102.0 66.0
v 80.0 102.0 65.5
v 80.0 102.0 70.45530700683594
v 80.0 103.0 37.499149322509766
v 80.0 103.0 39.499996185302734
v 79.49996185302734 103.0 66.0
v 80.0 103.0 65.5
v 80.0 102.47710418701172 70.0
v 80.0 103.0 69.52019500732422
v 80.0 104.0 37.500003814697266
v 80.0 104.0 39.5008544921875
v 79.49907684326172 104.0 66.0
v 80.0 104.0 65.5
v 80.0 104.0 69.47895050048828
v 80.0 105.0 37.500003814697266
v 80.0 105.0 39.543701171875
v 79.47711181640625 105.0 66.0
v 80.0 105.0 65.49907684326172
v 79.50096130371094 105.0 69.0
v 80.0 104.52188873291016 69.0
v 80.0 105.0 68.543701171875
v 80.0 106.0 37.52193069458008
v 80.0 105.47803497314453 40.0
v 80.0 106.0 40.47984313964844
v 80.0 106.0 65.47984313964844
v 80.0 106.0 68.5008544921875
v 80.0 106.5 38.0
v 80.0 107.0 38.47807312011719
v 79.50201416015625 107.0 41.0
v 80.0 107.0 40.544700622558594
v 80.0 107.0 65.4991455078125
v 80.0 107.0 68.5
v 80.0 108.0 38.52193069458008
v 80.0 107.45610046386719 41.0
v 80.0 107.54389953613281 42.0
v 80.0 108.0 42.45529556274414
v 80.0 108.0 65.4991455078125
v 80.0 108.0 68.4991455078125
v 80.0 108.49996185302734 39.0
v 80.0 109.0 39.47892379760742
v 80.0 109.0 42.52107620239258
v 80.0 109.0 65.45814514160156
v 80.0 109.0 68.45729064941406
v 79.50305938720703 110.0 40.0
v 80.0 110.0 39.54474639892578
v 80.0 109.49907684326172 43.0
v 80.0 110.0 43.50004196166992
v 79.56665802001953 110.0 65.0
v 80.0 110.0 64.56824493408203
v 80.0 109.52503967285156 65.0
v 79.43334197998047 110.0 66.0
v 79.50003814697266 110.0 68.0
v 80.0 109.5 68.0
v 80.0 110.0 67.54190063476562
v 80.0 110.45525360107422 40.0
v 80.0 110.52107238769531 41.0
v 80.0 111.0 41.499114990234375
v 80.0 110.49911499023438 44.0
v 79.50004577636719 111.0 45.0
v 80.0 111.0 44.522850036621094
v 80.0 110.49889373779297 65.0
v 80.0 111.0 65.43363952636719
v 80.0 111.0 67.50081634521484
v 80.0 111.49907684326172 42.0
v 80.0 112.0 42.5218391418457
v 80.0 111.456298828125 45.0
v 80.0 111.52108001708984 46.0
v 80.0 112.0 46.5
v 79.49702453613281 112.0 65.0
v 80.0 112.0 64.52080535888672
v 80.0 111.47506713867188 65.0
v 80.0 112.0 67.47898864746094
v 80.0 112.47815704345703 43.0
v 80.0 113.0 43.50092315673828
v 80.0 112.47891998291016 47.0
v 80.0 112.54270935058594 48.0
v 79.49903869628906 113.0 48.0
v 80.0 113.0 48.49899673461914
v 80.0 113.0 63.47815704345703
v 80.0 112.49996185302734 64.0
v 79.49895477294922 113.0 67.0
v 80.0 112.52092742919922 67.0
v 80.0 113.0 66.52272033691406
v 80.0 113.49996185302734 44.0
v 80.0 114.0 44.50092697143555
v 80.0 113.47823333740234 49.0
v 80.0 114.0 49.52473449707031
v 80.0 114.0 62.476234436035156
v 80.0 113.47724151611328 63.0
v 79.5 114.0 66.0
v 80.0 113.52276611328125 66.0
v 80.0 114.0 65.5228042602539
v 80.0 114.47891998291016 45.0
v 79.5 115.0 46.0
v 80.0 114.543701171875 46.0
v 80.0 115.0 46.47715377807617
v 80.0 114.45526123046875 50.0
v 80.0 114.47984313964844 51.0
v 80.0 114.54285430908203 52.0
v 79.49995422363281 115.0 52.0
v 80.0 115.0 52.477195739746094
v 79.50092315673828 115.0 61.0
v 80.0 115.0 60.52276611328125
v 80.0 114.54285430908203 61.0
v 80.0 114.45714569091797 62.0
v 79.50100708007812 115.0 65.0
v 80.0 114.52376556396484 65.0
v 80.0 115.0 64.54285430908203
v 80.0 115.5 47.0
v 80.0 116.0 47.522850036621094
v 80.0 115.5 53.0
v 80.0 116.0 53.5238151550293
v 79.52403259277344 116.0 59.0
v 80.0 116.0 59.45238494873047
v 80.0 115.4991226196289 60.0
v 80.0 116.0 64.45513916015625
v 80.0 116.456298828125 48.0
v 80.0 116.52108001708984 49.0
v 80.0 117.0 49.500038146972656
v 80.0 116.45533752441406 54.0
v 80.0 116.47807312011719 55.0
v 80.0 116.47807312011719 56.0
v 80.0 116.47807312011719 57.0
v 80.0 116.47803497314453 58.0
v 80.0 116.45321655273438 59.0
v 80.0 116.5 63.0
v 80.0 117.0 62.47614288330078
v 80.0 116.45429992675781 64.0
v 80.0 117.47807312011719 50.0
v 80.0 117.5 51.0
v 80.0 117.52101135253906 52.0
v 80.0 118.0 52.52192687988281
v 80.0 117.5018081665039 59.0
v 80.0 118.0 58.500038146972656
v 80.0 117.49832916259766 60.0
v 80.0 117.47898864746094 61.0
v 80.0 117.45526123046875 62.0
v 80.0 118.456298828125 53.0
v 80.0 118.4991455078125 54.0
v 80.0 118.5 55.0
v 80.0 118.5008544921875 56.0
v 79.42817687988281 119.0 57.0
v 80.0 118.52008819580078 57.0
v 80.0 118.47891998291016 58.0
v 81.0 84.0 42.52381134033203
v 81.0 83.54374694824219 43.0
v 81.0 83.50086212158203 44.0
v 81.0 83.5 45.0
v 81.0 83.5008544921875 46.0
v 81.0 83.543701171875 47.0
v 81.0 84.0 47.47806930541992
v 81.0 85.0 41.52188491821289
v 81.0 84.52276611328125 42.0
v 81.0 84.47898864746094 48.0
v 81.0 84.5 49.0
v 81.0 84.52193450927734 50.0
v 81.0 85.0 50.5
v 81.0 85.0 52.52193069458008
v 81.0 84.543701171875 53.0
v 81.0 84.5008544921875 54.0
v 81.0 84.50000762939453 55.0
v 81.0 84.52101135253906 56.0
v 80.49999237060547 85.0 57.0
v 81.0 85.0 56.52192687988281
v 81.0 86.0 40.50004196166992
v 81.0 85.50092315673828 41.0
v 81.0 85.54570770263672 44.0
v 81.0 86.0 43.54486846923828
v 81.0 85.52281951904297 45.0
v 81.0 85.5447006225586 46.0
v 81.0 86.0 46.47705841064453
v 81.0 85.47806549072266 51.0
v 81.0 85.47898864746094 52.0
v 81.0 85.45795440673828 57.0
v 81.0 85.52019500732422 58.0
v 80.49995422363281 86.0 59.0
v 81.0 86.0 58.52188491821289
v 81.0 87.0 39.52193069458008
v 81.0 86.50096893310547 40.0
v 80.47587585449219 87.0 43.0
v 81.0 87.0 43.458919525146484
v 81.0 86.47903442382812 47.0
v 81.0 86.52192687988281 48.0
v 81.0 87.0 48.5
v 81.0 86.54478454589844 55.0
v 81.0 87.0 54.524742126464844
v 81.0 86.54386138916016 56.0
v 80.49699401855469 87.0 57.0
v 81.0 87.0 56.496028900146484
v 81.0 86.45718383789062 59.0
v 81.0 86.54385375976562 60.0
v 81.0 87.0 60.456180572509766
v 81.0 88.0 39.47899627685547
v 80.54898834228516 88.0 42.0
v 81.0 87.56963348388672 42.0
v 81.0 88.0 41.5704231262207
v 81.0 87.47815704345703 43.0
v 81.0 87.47807312011719 49.0
v 81.0 87.52008819580078 50.0
v 80.5729751586914 88.0 51.0
v 81.0 88.0 50.57297897338867
v 81.0 88.0 51.447593688964844
v 81.0 87.54171752929688 52.0
v 80.57182312011719 88.0 53.0
v 81.0 88.0 52.551239013671875
v 81.0 88.0 53.44777297973633
v 81.0 87.52076721191406 54.0
v 81.0 87.5009994506836 57.0
v 80.50004577636719 88.0 58.0
v 81.0 88.0 57.50100326538086
v 80.5239028930664 88.0 61.0
v 81.0 88.0 60.54397201538086
v 80.45115661621094 88.0 62.0
v 80.52494049072266 89.0 39.0
v 81.0 89.0 38.56720733642578
v 81.0 88.5448226928711 39.0
v 80.47895812988281 89.0 42.0
v 81.0 89.0 41.52289581298828
v 81.0 88.40499114990234 51.0
v 81.0 88.40616607666016 53.0
v 81.0 88.45809936523438 58.0
v 81.0 88.54285430908203 59.0
v 81.0 89.0 59.47715377807617
v 81.0 88.45599365234375 61.0
v 81.0 88.52376556396484 62.0
v 81.0 89.0 62.4571418762207
v 80.52752685546875 90.0 39.0
v 81.0 89.52647399902344 39.0
v 81.0 90.0 39.40616989135742
v 81.0 90.0 41.5210075378418
v 81.0 89.52381134033203 60.0
v 81.0 90.0 60.45615005493164
v 80.50104522705078 90.0 63.0
v 81.0 90.0 62.54281997680664
v 81.0 91.0 38.52008819580078
v 81.0 90.42817687988281 39.0
v 81.0 91.0 41.5
v 80.4771957397461 91.0 61.0
v 81.0 91.0 60.5
v 81.0 90.4771499633789 63.0
v 81.0 90.56770324707031 64.0
v 80.45133972167969 91.0 65.0
v 81.0 91.0 64.45038604736328
v 81.0 92.0 38.47810745239258
v 81.0 92.0 41.45625305175781
v 80.52372741699219 92.0 61.0
v 81.0 92.0 60.54289245605469
v 80.56930541992188 92.0 64.0
v 81.0 91.50004577636719 64.0
v 81.0 92.0 63.56854248046875
v 80.50089263916016 92.0 65.0
v 80.47627258300781 92.0 66.0
v 81.0 93.0 37.52193069458008
v 81.0 92.5 38.0
v 81.0 92.47622680664062 41.0
v 81.0 93.0 40.478233337402344
v 81.0 92.49803161621094 61.0
v 80.47627258300781 93.0 62.0
v 81.0 93.0 61.47823715209961
v 81.0 92.45116424560547 64.0
v 81.0 93.0 64.54883575439453
v 80.5693359375 93.0 65.0
v 81.0 93.0 65.49783325195312
v 81.0 92.54747009277344 66.0
v 80.49795532226562 93.0 67.0
v 81.0 93.0 66.47406005859375
v 81.0 94.0 37.500003814697266
v 80.52192687988281 94.0 40.0
v 81.0 93.50196838378906 40.0
v 81.0 94.0 39.543701171875
v 80.52372741699219 94.0 62.0
v 81.0 94.0 61.54289245605469
v 81.0 93.43301391601562 65.0
v 81.0 93.50300598144531 67.0
v 81.0 94.0 67.47535705566406
v 81.0 95.0 37.500003814697266
v 80.5 95.0 40.0
v 81.0 95.0 39.52193069458008
v 81.0 94.49707794189453 62.0
v 80.49803924560547 95.0 63.0
v 81.0 95.0 62.5
v 80.59547424316406 95.0 66.0
v 81.0 94.57427215576172 66.0
v 81.0 95.0 65.57603454589844
v 81.0 95.0 66.4078369140625
v 81.0 94.54857635498047 68.0
v 80.5450439453125 95.0 68.0
v 81.0 95.0 68.4316635131836
v 81.0 96.0 37.5
v 80.5 96.0 40.0
v 81.0 96.0 39.52192687988281
v 81.0 95.50292205810547 63.0
v 81.0 96.0 63.457950592041016
v 80.57160949707031 96.0 66.0
v 81.0 96.0 65.55101776123047
v 81.0 96.0 66.43008422851562
v 80.45500946044922 96.0 68.0
v 81.0 96.0 68.47806549072266
v 81.0 97.0 37.50082015991211
v 80.4771499633789 97.0 40.0
v 81.0 97.0 39.50091552734375
v 80.47718811035156 97.0 64.0
v 81.0 97.0 63.500038146972656
v 81.0 96.44894409179688 66.0
v 81.0 97.0 68.520263671875
v 81.0 98.0 37.520164489746094
v 80.54879760742188 98.0 39.0
v 81.0 97.54875946044922 39.0
v 81.0 98.0 38.546974182128906
v 80.52192687988281 98.0 64.0
v 81.0 98.0 63.542850494384766
v 80.59661865234375 98.0 67.0
v 81.0 97.59574127197266 67.0
v 81.0 98.0 66.57637786865234
v 81.0 98.0 67.40426635742188
v 81.0 97.4991226196289 69.0
v 81.0 98.0 69.49907684326172
v 81.0 99.0 37.520164489746094
v 80.54788208007812 99.0 39.0
v 81.0 99.0 38.54692840576172
v 81.0 98.5 64.0
v 81.0 99.0 64.45799255371094
v 80.54676055908203 99.0 67.0
v 81.0 99.0 66.52593231201172
v 81.0 99.0 67.47315216064453
v 81.0 98.52288818359375 70.0
v 80.50196838378906 99.0 70.0
v 81.0 99.0 70.456298828125
v 81.0 100.0 37.50082015991211
v 81.0 99.45220184326172 39.0
v 81.0 100.0 39.47990798950195
v 80.4771957397461 100.0 65.0
v 81.0 100.0 64.49911499023438
v 80.54772186279297 100.0 67.0
v 81.0 100.0 66.5460433959961
v 81.0 99.57633209228516 68.0
v 80.59650421142578 100.0 68.0
v 81.0 100.0 68.40350341796875
v 81.0 100.0 70.49824523925781
v 81.0 101.0 37.5
v 81.0 101.0 39.499996185302734
v 80.49996185302734 101.0 65.0
v 81.0 101.0 64.5
v 81.0 100.47130584716797 67.0
v 81.0 100.40584564208984 68.0
v 81.0 101.0 70.45629119873047
v 81.0 102.0 37.5
v 81.0 102.0 39.5
v 80.5 102.0 65.0
v 81.0 102.0 64.5
v 80.49702453613281 102.0 70.0
v 81.0 101.4979476928711 70.0
v 81.0 102.0 69.51904296875
v 81.0 103.0 37.5008544921875
v 81.0 103.0 39.49996566772461
v 80.5 103.0 65.0
v 81.0 103.0 64.5
v 80.59624481201172 103.0 68.0
v 81.0 102.57598876953125 68.0
v 81.0 103.0 67.59540557861328
v 81.0 103.0 68.44921875
v 81.0 103.0 69.4569091796875
v 81.0 104.0 37.52101135253906
v 81.0 104.0 39.52016067504883
v 80.50003814697266 104.0 65.0
v 81.0 104.0 64.50092315673828
v 81.0 103.42572784423828 68.0
v 81.0 104.0 69.45329284667969
v 81.0 105.0 37.52193069458008
v 81.0 104.52192687988281 40.0
v 80.5 105.0 40.0
v 81.0 105.0 40.456298828125
v 80.50088500976562 105.0 65.0
v 81.0 105.0 64.52108001708984
v 81.0 104.47412109375 69.0
v 81.0 105.0 68.49907684326172
v 81.0 106.0 37.54469680786133
v 81.0 106.0 40.4991455078125
v 80.52196502685547 106.0 65.0
v 81.0 106.0 64.543701171875
v 81.0 106.0 68.47807312011719
v 81.0 106.47710418701172 38.0
v 81.0 107.0 38.4789924621582
v 81.0 107.0 40.521968841552734
v 81.0 106.5 65.0
v 81.0 107.0 65.456298828125
v 81.0 107.0 68.47806549072266
v 81.0 108.0 38.52193069458008
v 81.0 107.49811553955078 41.0
v 80.49794006347656 108.0 42.0
v 81.0 108.0 41.52184295654297
v 81.0 108.0 65.456298828125
v 81.0 108.0 68.456298828125
v 81.0 108.49996185302734 39.0
v 81.0 109.0 39.47892379760742
v 81.0 108.47815704345703 42.0
v 81.0 109.0 42.50092315673828
v 80.5 109.0 65.0
v 81.0 109.0 64.54186248779297
v 81.0 108.49899291992188 65.0
v 80.5 109.0 68.0
v 81.0 108.49903869628906 68.0
v 81.0 109.0 67.54270935058594
v 81.0 110.0 39.54474639892578
v 81.0 109.49996185302734 43.0
v 81.0 110.0 43.5
v 81.0 110.0 64.48065948486328
v 81.0 110.0 67.5008544921875
v 81.0 110.45525360107422 40.0
v 81.0 110.52107238769531 41.0
v 81.0 111.0 41.499961853027344
v 81.0 110.50088500976562 44.0
v 81.0 111.0 44.50008010864258
v 80.45340728759766 111.0 65.0
v 81.0 111.0 64.49723052978516
v 81.0 111.0 67.4991455078125
v 81.0 111.47977447509766 42.0
v 80.52513122558594 112.0 43.0
v 81.0 111.56742858886719 43.0
v 81.0 112.0 43.43336868286133
v 81.0 111.47810363769531 45.0
v 81.0 111.52192687988281 46.0
v 81.0 112.0 46.5
v 81.0 112.0 64.45417022705078
v 81.0 112.0 67.45625305175781
v 81.0 113.0 43.54204177856445
v 81.0 112.47807312011719 47.0
v 81.0 112.5008544921875 48.0
v 81.0 112.5427474975586 49.0
v 80.50104522705078 113.0 49.0
v 81.0 113.0 49.49895477294922
v 80.49908447265625 113.0 63.0
v 81.0 113.0 62.500999450683594
v 81.0 112.52088928222656 63.0
v 81.0 112.45417022705078 64.0
v 81.0 112.4761962890625 67.0
v 81.0 113.0 66.4771957397461
v 81.0 113.47628021240234 44.0
v 81.0 114.0 44.523807525634766
v 81.0 113.47823333740234 50.0
v 80.47526550292969 114.0 50.0
v 81.0 113.54285430908203 51.0
v 80.52192687988281 114.0 51.0
v 81.0 114.0 51.4990348815918
v 80.49803161621094 114.0 62.0
v 81.0 114.0 61.52084732055664
v 81.0 113.5009536743164 62.0
v 81.0 113.4771957397461 66.0
v 81.0 114.0 65.4771957397461
v 81.0 114.45626068115234 45.0
v 81.0 114.52015686035156 46.0
v 81.0 115.0 46.52192306518555
v 81.0 114.47724151611328 52.0
v 81.0 115.0 52.52569580078125
v 81.0 115.0 60.477195739746094
v 81.0 114.49996185302734 61.0
v 81.0 114.47723388671875 65.0
v 81.0 115.0 64.47723388671875
v 81.0 115.45714569091797 47.0
v 80.49995422363281 116.0 48.0
v 81.0 115.54285430908203 48.0
v 81.0 116.0 48.47715759277344
v 81.0 115.45514678955078 53.0
v 81.0 115.49903869628906 54.0
v 80.47615051269531 116.0 54.0
v 81.0 115.50092315673828 55.0
v 80.49907684326172 116.0 55.0
v 81.0 115.52108001708984 56.0
v 80.49996185302734 116.0 56.0
v 81.0 115.52192687988281 57.0
v 80.5 116.0 57.0
v 81.0 115.52192687988281 58.0
v 80.49910736083984 116.0 58.0
v 81.0 115.52019500732422 59.0
v 80.45413208007812 116.0 59.0
v 81.0 115.45880126953125 60.0
v 80.52381134033203 116.0 63.0
v 81.0 115.54385375976562 63.0
v 81.0 116.0 62.52381134033203
v 80.47425842285156 116.0 64.0
v 81.0 115.4771957397461 64.0
v 81.0 116.50092315673828 49.0
v 81.0 117.0 49.50092315673828
v 80.52192687988281 117.0 61.0
v 81.0 116.54285430908203 61.0
v 81.0 117.0 60.5009651184082
v 80.47614288330078 117.0 62.0
v 81.0 116.5 62.0
v 81.0 117.47807312011719 50.0
v 81.0 117.5 51.0
v 81.0 117.5008544921875 52.0
v 80.5 118.0 53.0
v 81.0 117.54366302490234 53.0
v 81.0 118.0 53.47806930541992
v 81.0 117.54200744628906 59.0
v 81.0 118.0 58.52188491821289
v 81.0 117.45809936523438 60.0
v 81.0 118.47898864746094 54.0
v 81.0 118.5 55.0
v 81.0 118.5 56.0
v 81.0 118.5 57.0
v 81.0 118.47898864746094 58.0
v 81.49799346923828 84.0 43.0
v 82.0 84.0 43.50100326538086
v 82.0 83.54270935058594 44.0
v 82.0 83.5008544921875 45.0
v 82.0 83.52101135253906 46.0
v 81.5 84.0 47.0
v 82.0 84.0 46.52193069458008
v 81.50100708007812 85.0 42.0
v 82.0 85.0 42.476314544677734
v 82.0 84.478271484375 43.0
v 82.0 84.45633697509766 47.0
v 82.0 84.4991455078125 48.0
v 82.0 84.5008544921875 49.0
v 82.0 84.543701171875 50.0
v 82.0 85.0 50.47806930541992
v 81.49807739257812 85.0 53.0
v 82.0 85.0 53.5019645690918
v 82.0 84.54374694824219 54.0
v 82.0 84.52193450927734 55.0
v 82.0 84.54473876953125 56.0
v 82.0 85.0 56.47614288330078
v 82.0 86.0 40.523765563964844
v 82.0 85.54289245605469 41.0
v 82.0 85.45710754394531 42.0
v 81.47417449951172 86.0 44.0
v 81.47884368896484 86.0 45.0
v 81.4752197265625 86.0 46.0
v 82.0 85.47898864746094 51.0
v 82.0 85.5 52.0
v 82.0 85.4773178100586 53.0
v 82.0 85.50007629394531 57.0
v 82.0 85.545654296875 58.0
v 82.0 86.0 58.475181579589844
v 82.0 87.0 39.54374313354492
v 82.0 86.52381134033203 40.0
v 82.0 86.54989624023438 44.0
v 82.0 87.0 43.568763732910156
v 81.54267120361328 87.0 45.0
v 82.0 87.0 44.47282409667969
v 82.0 87.0 45.525047302246094
v 82.0 86.54773712158203 46.0
v 82.0 86.52197265625 47.0
v 82.0 86.52197265625 48.0
v 82.0 87.0 48.52100372314453
v 81.47430419921875 87.0 55.0
v 81.45613861083984 87.0 56.0
v 82.0 86.50092315673828 59.0
v 81.49798583984375 87.0 60.0
v 82.0 87.0 59.52091979980469
v 82.0 88.0 39.4798469543457
v 81.45014190673828 88.0 42.0
v 81.50088500976562 88.0 43.0
v 82.0 87.45284271240234 44.0
v 81.52108001708984 88.0 44.0
v 81.50174713134766 88.0 45.0
v 82.0 87.4749526977539 46.0
v 81.54270935058594 88.0 46.0
v 82.0 88.0 46.499000549316406
v 82.0 87.45633697509766 49.0
v 82.0 87.5 50.0
v 81.42788696289062 88.0 51.0
v 82.0 87.52100372314453 51.0
v 82.0 87.52189636230469 52.0
v 81.4506607055664 88.0 53.0
v 82.0 87.54289245605469 53.0
v 81.52589416503906 88.0 54.0
v 82.0 88.0 53.522979736328125
v 82.0 88.0 54.5
v 82.0 87.5475082397461 55.0
v 81.5428466796875 88.0 56.0
v 82.0 88.0 55.47697830200195
v 81.4791488647461 88.0 57.0
v 82.0 87.47824096679688 60.0
v 82.0 88.0 60.5
v 82.0 89.0 38.54469680786133
v 82.0 88.52293395996094 39.0
v 82.0 88.54779052734375 42.0
v 82.0 89.0 41.56834411621094
v 82.0 88.50089263916016 43.0
v 81.54367065429688 89.0 44.0
v 82.0 89.0 43.52015686035156
v 81.5008544921875 89.0 45.0
v 81.5008544921875 89.0 46.0
v 82.0 88.50104522705078 47.0
v 81.54275512695312 89.0 47.0
v 82.0 89.0 47.497955322265625
v 82.0 88.43358612060547 54.0
v 82.0 88.4771957397461 56.0
v 82.0 88.50177001953125 57.0
v 82.0 88.5430908203125 58.0
v 81.49703979492188 89.0 59.0
v 82.0 89.0 58.496028900146484
v 82.0 88.5218505859375 61.0
v 81.49699401855469 89.0 62.0
v 82.0 89.0 61.49795913696289
v 81.42904663085938 90.0 39.0
v 82.0 90.0 38.52101135253906
v 82.0 89.49879455566406 42.0
v 81.54476928710938 90.0 42.0
v 82.0 90.0 42.45431900024414
v 82.0 89.49995422363281 44.0
v 81.52101135253906 90.0 45.0
v 82.0 90.0 44.478111267089844
v 81.5 90.0 46.0
v 81.50171661376953 90.0 47.0
v 82.0 89.52703857421875 48.0
v 81.56829833984375 90.0 48.0
v 82.0 90.0 48.432498931884766
v 82.0 89.50296020507812 59.0
v 81.47618865966797 90.0 60.0
v 82.0 90.0 59.47715377807617
v 82.0 89.50397491455078 62.0
v 82.0 90.0 62.45618438720703
v 82.0 91.0 38.500850677490234
v 82.0 90.45523071289062 42.0
v 82.0 91.0 41.50092315673828
v 81.52192687988281 91.0 45.0
v 82.0 91.0 44.500038146972656
v 81.5008544921875 91.0 46.0
v 81.54275512695312 91.0 47.0
v 82.0 91.0 47.4989128112793
v 82.0 90.47390747070312 48.0
v 81.52184295654297 91.0 60.0
v 82.0 91.0 59.52184295654297
v 81.52184295654297 91.0 63.0
v 82.0 91.0 62.52268600463867
v 81.43146514892578 91.0 64.0
v 82.0 92.0 38.478919982910156
v 81.49895477294922 92.0 41.0
v 82.0 91.5218505859375 41.0
v 82.0 92.0 40.522762298583984
v 81.52197265625 92.0 45.0
v 82.0 92.0 44.50185012817383
v 81.52104949951172 92.0 46.0
v 82.0 92.0 46.51992416381836
v 82.0 91.49895477294922 47.0
v 82.0 91.5019760131836 60.0
v 82.0 92.0 60.45618438720703
v 82.0 91.49903869628906 63.0
v 82.0 92.0 63.4791145324707
v 82.0 93.0 37.521934509277344
v 82.0 92.5 38.0
v 81.50200653076172 93.0 40.0
v 82.0 92.52381134033203 40.0
v 82.0 93.0 39.54286575317383
v 81.54671478271484 93.0 45.0
v 82.0 93.0 44.5459098815918
v 81.54671478271484 93.0 46.0
v 82.0 93.0 46.4540901184082
v 81.5 93.0 61.0
v 82.0 93.0 60.521724700927734
v 82.0 92.52188873291016 64.0
v 82.0 93.0 64.47811126708984
v 81.43358612060547 93.0 66.0
v 82.0 94.0 37.500003814697266
v 82.0 94.0 39.5008544921875
v 82.0 93.45328521728516 45.0
v 82.0 93.45328521728516 46.0
v 82.0 93.50196838378906 61.0
v 82.0 94.0 61.45710754394531
v 82.0 93.54473114013672 65.0
v 81.52084350585938 94.0 66.0
v 82.0 94.0 65.47602081298828
v 81.4761962890625 94.0 67.0
v 82.0 95.0 37.5
v 82.0 95.0 39.5
v 81.5009994506836 95.0 62.0
v 82.0 95.0 61.52180480957031
v 81.54655456542969 95.0 65.0
v 82.0 94.50004577636719 65.0
v 82.0 95.0 64.54651641845703
v 81.49635314941406 95.0 66.0
v 82.0 94.55016326904297 66.0
v 82.0 95.0 65.5262680053711
v 82.0 94.52574157714844 67.0
v 81.47295379638672 95.0 68.0
v 82.0 95.0 67.49504852294922
v 82.0 96.0 37.500003814697266
v 82.0 96.0 39.5
v 82.0 95.5 62.0
v 81.476318359375 96.0 63.0
v 82.0 96.0 62.478233337402344
v 81.52570343017578 96.0 65.0
v 82.0 96.0 64.54397583007812
v 82.0 95.45187377929688 66.0
v 82.0 96.0 66.47807312011719
v 82.0 95.50398254394531 68.0
v 82.0 96.0 68.45529174804688
v 82.0 97.0 37.500038146972656
v 82.0 97.0 39.499149322509766
v 81.5228042602539 97.0 63.0
v 82.0 97.0 62.542850494384766
v 82.0 96.49700927734375 65.0
v 81.52574157714844 97.0 66.0
v 82.0 97.0 65.50299072265625
v 82.0 97.0 66.45768737792969
v 82.0 97.0 68.4990005493164
v 82.0 98.0 37.500858306884766
v 81.4530258178711 98.0 39.0
v 82.0 98.0 39.4789924621582
v 82.0 97.5 63.0
v 82.0 98.0 63.458030700683594
v 81.52481079101562 98.0 66.0
v 82.0 98.0 65.52297973632812
v 81.446044921875 98.0 67.0
v 82.0 98.0 66.49797821044922
v 82.0 97.52384948730469 69.0
v 82.0 98.0 69.47522735595703
v 82.0 99.0 37.5008544921875
v 81.45307159423828 99.0 39.0
v 82.0 99.0 39.47898864746094
v 81.47807312011719 99.0 64.0
v 82.0 99.0 63.5
v 81.52389526367188 99.0 66.0
v 82.0 99.0 65.52385711669922
v 82.0 98.5029067993164 67.0
v 82.0 99.0 67.45772552490234
v 82.0 98.52582550048828 70.0
v 82.0 99.0 70.45425415039062
v 82.0 100.0 37.500038146972656
v 82.0 100.0 39.4991455078125
v 81.5 100.0 64.0
v 82.0 100.0 63.500038146972656
v 82.0 99.49697875976562 66.0
v 82.0 100.0 66.50306701660156
v 81.44705200195312 100.0 68.0
v 82.0 100.0 67.4989013671875
v 82.0 100.0 70.45429229736328
v 82.0 101.0 37.500003814697266
v 82.0 101.0 39.5
v 81.5 101.0 64.0
v 82.0 101.0 63.5
v 81.57475280761719 101.0 67.0
v 82.0 101.0 66.59254455566406
v 82.0 101.0 67.47240447998047
v 82.0 101.0 68.47693634033203
v 81.54199981689453 101.0 69.0
v 82.0 100.52099609375 69.0
v 81.47618865966797 101.0 70.0
v 82.0 100.47421264648438 70.0
v 82.0 102.0 37.500858306884766
v 82.0 102.0 39.500816345214844
v 81.5 102.0 64.0
v 82.0 102.0 63.5
v 82.0 101.4476089477539 67.0
v 82.0 102.0 67.50008392333984
v 81.52272033691406 102.0 68.0
v 82.0 101.47514343261719 68.0
v 81.47888946533203 102.0 69.0
v 82.0 103.0 37.5427131652832
v 82.0 103.0 39.519344329833984
v 81.50003814697266 103.0 64.0
v 82.0 103.0 63.50092315673828
v 82.0 103.0 67.48062896728516
v 81.4552993774414 103.0 69.0
v 82.0 103.50096130371094 38.0
v 81.52192687988281 104.0 38.0
v 82.0 104.0 38.47715377807617
v 82.0 104.0 39.52381134033203
v 81.52284240722656 104.0 64.0
v 82.0 104.0 63.542850494384766
v 81.50092315673828 104.0 68.0
v 82.0 104.0 67.50092315673828
v 81.45329284667969 104.0 69.0
v 81.5 105.0 38.0
v 82.0 105.0 38.478919982910156
v 82.0 104.47711181640625 40.0
v 82.0 105.0 40.47898864746094
v 82.0 104.50004577636719 64.0
v 82.0 105.0 64.456298828125
v 81.50092315673828 105.0 68.0
v 82.0 105.0 67.5211181640625
v 81.47710418701172 106.0 38.0
v 82.0 106.0 38.4789924621582
v 82.0 106.0 40.5
v 82.0 106.0 64.47891998291016
v 81.5 106.0 68.0
v 82.0 106.0 67.52192687988281
v 82.0 107.0 38.500003814697266
v 82.0 107.0 40.52189254760742
v 81.47711181640625 107.0 65.0
v 82.0 107.0 64.49907684326172
v 81.5 107.0 68.0
v 82.0 107.0 67.52192687988281
v 82.0 108.0 38.543701171875
v 82.0 107.49903106689453 41.0
v 82.0 108.0 41.50004196166992
v 81.47711181640625 108.0 65.0
v 82.0 108.0 64.49907684326172
v 81.47807312011719 108.0 68.0
v 82.0 108.0 67.52101135253906
v 82.0 108.4771499633789 39.0
v 82.0 109.0 39.500003814697266
v 82.0 108.49907684326172 42.0
v 82.0 109.0 42.52188491821289
v 82.0 109.0 64.45710754394531
v 82.0 109.0 67.5008544921875
v 82.0 109.52180480957031 40.0
v 81.49789428710938 110.0 40.0
v 82.0 110.0 40.47819900512695
v 82.0 109.47727966308594 43.0
v 82.0 110.0 43.52276611328125
v 81.52000427246094 110.0 64.0
v 82.0 110.0 63.500999450683594
v 82.0 109.49803161621094 64.0
v 82.0 110.0 67.5
v 82.0 110.5 41.0
v 82.0 111.0 41.521888732910156
v 82.0 110.4772720336914 44.0
v 82.0 111.0 44.52473449707031
v 81.5447006225586 111.0 63.0
v 82.0 111.0 62.54389572143555
v 82.0 110.50397491455078 63.0
v 81.47884368896484 111.0 64.0
v 82.0 111.0 67.47895050048828
v 82.0 111.476318359375 42.0
v 81.49884796142578 112.0 43.0
v 82.0 112.0 42.547462463378906
v 82.0 111.45602416992188 45.0
v 82.0 111.50003814697266 46.0
v 82.0 112.0 46.5009651184082
v 81.5 112.0 63.0
v 82.0 112.0 62.47911071777344
v 81.453369140625 112.0 64.0
v 81.49799346923828 112.0 67.0
v 82.0 111.51992797851562 67.0
v 82.0 112.0 66.5009536743164
v 82.0 112.43443298339844 43.0
v 82.0 112.56472778320312 44.0
v 81.5229721069336 113.0 44.0
v 82.0 113.0 44.452579498291016
v 82.0 112.47806549072266 47.0
v 82.0 112.4991455078125 48.0
v 82.0 112.48075866699219 49.0
v 82.0 112.54186248779297 50.0
v 81.50096130371094 113.0 50.0
v 82.0 113.0 50.499996185302734
v 81.5009994506836 113.0 62.0
v 82.0 113.0 61.52180480957031
v 82.0 112.5 62.0
v 81.49808502197266 113.0 66.0
v 82.0 112.50003814697266 66.0
v 82.0 113.0 65.5
v 81.49803161621094 114.0 45.0
v 82.0 113.52267456054688 45.0
v 82.0 114.0 45.500919342041016
v 82.0 113.45814514160156 51.0
v 82.0 113.52019500732422 52.0
v 81.47907257080078 114.0 52.0
v 82.0 113.54570007324219 53.0
v 81.5448226928711 114.0 53.0
v 82.0 114.0 53.47513198852539
v 82.0 114.0 61.45518493652344
v 81.49903869628906 114.0 65.0
v 82.0 113.5009536743164 65.0
v 82.0 114.0 64.52176666259766
v 82.0 114.45813751220703 46.0
v 81.5 115.0 47.0
v 82.0 114.54285430908203 47.0
v 82.0 115.0 47.477195739746094
v 81.45521545410156 115.0 53.0
v 82.0 114.50092315673828 54.0
v 81.49996185302734 115.0 54.0
v 82.0 114.543701171875 55.0
v 81.52288818359375 115.0 55.0
v 82.0 115.0 55.5
v 81.49908447265625 115.0 60.0
v 82.0 115.0 59.5
v 82.0 114.5418701171875 60.0
v 82.0 114.45602416992188 61.0
v 81.4990005493164 115.0 64.0
v 82.0 114.521728515625 64.0
v 82.0 115.0 63.5
v 82.0 115.5 48.0
v 82.0 116.0 48.52180099487305
v 82.0 115.456298828125 56.0
v 82.0 115.47898864746094 57.0
v 82.0 115.498291015625 58.0
v 82.0 115.45809936523438 59.0
v 82.0 115.47823333740234 63.0
v 82.0 116.0 62.47526931762695
v 82.0 116.47815704345703 49.0
v 82.0 117.0 49.501888275146484
v 81.52494812011719 117.0 60.0
v 82.0 116.5657730102539 60.0
v 82.0 117.0 59.56657028198242
v 82.0 116.48065948486328 61.0
v 82.0 116.45526123046875 62.0
v 82.0 117.47802734375 50.0
v 82.0 117.5 51.0
v 82.0 117.5 52.0
v 82.0 117.52192687988281 53.0
v 82.0 118.0 53.5
v 81.525146484375 118.0 59.0
v 82.0 118.0 59.43229675292969
v 82.0 118.47806549072266 54.0
v 82.0 118.4991455078125 55.0
v 82.0 118.47898864746094 56.0
v 82.0 118.47807312011719 57.0
v 82.0 118.47714233398438 58.0
v 82.0 118.43067169189453 59.0
v 82.49995422363281 84.0 44.0
v 83.0 84.0 44.50008773803711
v 83.0 83.54275512695312 45.0
v 83.0 83.52374267578125 46.0
v 83.0 84.0 46.49817657470703
v 83.0 85.0 42.52372360229492
v 83.0 84.54289245605469 43.0
v 83.0 84.45814514160156 44.0
v 83.0 84.47891998291016 47.0
v 83.0 84.5008544921875 48.0
v 83.0 84.54270935058594 49.0
v 82.49903869628906 85.0 50.0
v 83.0 85.0 49.499996185302734
v 82.47618865966797 85.0 54.0
v 82.49903106689453 85.0 55.0
v 82.47522735595703 85.0 56.0
v 82.49707794189453 86.0 41.0
v 83.0 86.0 41.500999450683594
v 83.0 85.52180480957031 42.0
v 83.0 85.45809936523438 50.0
v 83.0 85.4991455078125 51.0
v 83.0 85.52101135253906 52.0
v 82.54856872558594 86.0 53.0
v 83.0 86.0 52.54591751098633
v 83.0 86.0 53.474910736083984
v 83.0 85.52275848388672 54.0
v 83.0 85.50000762939453 55.0
v 83.0 85.5228042602539 56.0
v 82.5208511352539 86.0 57.0
v 83.0 86.0 56.49903869628906
v 82.45599365234375 86.0 58.0
v 82.49703979492188 87.0 40.0
v 83.0 87.0 40.50004196166992
v 83.0 86.50004577636719 41.0
v 83.0 86.59899139404297 44.0
v 83.0 87.0 43.598995208740234
v 83.0 87.0 44.4017448425293
v 82.43167114257812 87.0 46.0
v 82.49722290039062 87.0 47.0
v 83.0 87.0 47.52587890625
v 83.0 86.54663848876953 48.0
v 82.52408599853516 87.0 49.0
v 83.0 86.56670379638672 49.0
v 83.0 87.0 49.45320510864258
v 83.0 86.4513931274414 53.0
v 83.0 86.49896240234375 57.0
v 83.0 87.0 57.52699279785156
v 82.5673828125 87.0 58.0
v 83.0 86.56853485107422 59.0
v 83.0 87.0 58.50106430053711
v 83.0 87.0 59.45121383666992
v 83.0 88.0 39.54289627075195
v 83.0 87.50292205810547 40.0
v 83.0 87.40177917480469 44.0
v 82.47823333740234 88.0 47.0
v 83.0 88.0 47.52285385131836
v 83.0 87.47994232177734 50.0
v 83.0 87.52101135253906 51.0
v 82.54499053955078 88.0 52.0
v 83.0 88.0 51.545867919921875
v 83.0 88.0 52.5
v 83.0 87.5485610961914 53.0
v 83.0 88.0 53.45409393310547
v 82.43362426757812 88.0 55.0
v 83.0 87.43341827392578 58.0
v 83.0 87.5257797241211 60.0
v 83.0 88.0 60.455101013183594
v 82.4980239868164 89.0 39.0
v 83.0 89.0 39.47724151611328
v 82.450439453125 89.0 42.0
v 83.0 89.0 42.5781364440918
v 83.0 88.5958251953125 43.0
v 83.0 89.0 43.404144287109375
v 83.0 88.49895477294922 48.0
v 82.50104522705078 89.0 48.0
v 83.0 89.0 48.47819519042969
v 83.0 88.43171691894531 52.0
v 83.0 88.49907684326172 54.0
v 82.5439682006836 89.0 55.0
v 83.0 89.0 54.524776458740234
v 82.50003814697266 89.0 56.0
v 82.4788818359375 89.0 57.0
v 82.45613861083984 89.0 58.0
v 82.47811126708984 89.0 61.0
v 83.0 89.0 60.49815368652344
v 83.0 90.0 38.521053314208984
v 83.0 89.47911834716797 39.0
v 83.0 89.42450714111328 43.0
v 82.49999237060547 90.0 43.0
v 82.45714569091797 90.0 44.0
v 83.0 90.0 48.541996002197266
v 83.0 89.45519256591797 55.0
v 83.0 89.52084350585938 56.0
v 82.54373931884766 90.0 57.0
v 83.0 90.0 56.50200653076172
v 82.52019500732422 90.0 58.0
v 82.4587631225586 90.0 59.0
v 82.54305267333984 90.0 61.0
v 83.0 90.0 60.52385330200195
v 82.45699310302734 90.0 62.0
v 83.0 91.0 38.5
v 83.0 90.56590270996094 42.0
v 83.0 91.0 41.5477409362793
v 82.54190063476562 91.0 43.0
v 83.0 91.0 42.474952697753906
v 82.47891998291016 91.0 44.0
v 82.47919464111328 91.0 48.0
v 83.0 90.52629852294922 49.0
v 82.56963348388672 91.0 49.0
v 83.0 91.0 49.4295768737793
v 83.0 90.4761962890625 57.0
v 83.0 90.52188873291016 58.0
v 82.50007629394531 91.0 59.0
v 83.0 91.0 58.47727584838867
v 83.0 90.47443389892578 61.0
v 83.0 91.0 61.546382904052734
v 82.54551696777344 91.0 62.0
v 83.0 92.0 38.47983932495117
v 83.0 91.5228042602539 41.0
v 83.0 92.0 40.522804260253906
v 83.0 91.49800109863281 43.0
v 82.52188873291016 92.0 44.0
v 83.0 92.0 43.50199890136719
v 82.50004577636719 92.0 47.0
v 83.0 92.0 47.49995803833008
v 83.0 91.52084350585938 48.0
v 83.0 91.43116760253906 49.0
v 82.54385375976562 92.0 59.0
v 83.0 92.0 58.54381561279297
v 82.45614624023438 92.0 60.0
v 83.0 91.47515869140625 62.0
v 82.49908447265625 92.0 63.0
v 83.0 92.0 62.50004196166992
v 83.0 93.0 37.543704986572266
v 83.0 92.52193450927734 38.0
v 83.0 92.52477264404297 40.0
v 83.0 93.0 39.54305648803711
v 83.0 92.47723388671875 44.0
v 83.0 93.0 44.52473831176758
v 83.0 92.47819519042969 47.0
v 83.0 93.0 46.47526168823242
v 83.0 92.49702453613281 59.0
v 82.521728515625 93.0 60.0
v 83.0 93.0 59.50004196166992
v 83.0 92.5009536743164 63.0
v 82.49808502197266 93.0 64.0
v 83.0 93.0 63.49904251098633
v 83.0 94.0 37.500858306884766
v 83.0 94.0 39.52189254760742
v 83.0 93.45525360107422 45.0
v 83.0 93.45525360107422 46.0
v 83.0 93.50196838378906 60.0
v 82.47627258300781 94.0 61.0
v 83.0 94.0 60.47627639770508
v 83.0 93.52489471435547 64.0
v 82.4526596069336 94.0 65.0
v 83.0 94.0 64.4526138305664
v 83.0 95.0 37.500003814697266
v 83.0 95.0 39.52192687988281
v 82.52272033691406 95.0 61.0
v 83.0 95.0 60.52184295654297
v 82.54647064208984 95.0 64.0
v 83.0 94.49995422363281 64.0
v 83.0 95.0 63.54733657836914
v 82.42667388916016 95.0 66.0
v 82.4551010131836 95.0 67.0
v 83.0 96.0 37.500858306884766
v 83.0 96.0 39.52189254760742
v 83.0 95.49908447265625 61.0
v 82.4990463256836 96.0 62.0
v 83.0 96.0 61.49904251098633
v 83.0 95.47802734375 64.0
v 83.0 96.0 64.47628021240234
v 83.0 95.60449981689453 66.0
v 82.57980346679688 96.0 66.0
v 83.0 96.0 65.60279083251953
v 83.0 96.0 66.41727447509766
v 82.51892852783203 96.0 67.0
v 82.45610046386719 96.0 68.0
v 83.0 97.0 37.52101135253906
v 83.0 97.0 39.521080017089844
v 83.0 96.50287628173828 62.0
v 83.0 97.0 62.45795440673828
v 82.47908020019531 97.0 65.0
v 83.0 97.0 64.50083923339844
v 83.0 96.39720916748047 66.0
v 83.0 96.52815246582031 67.0
v 83.0 97.0 66.5488052368164
v 83.0 97.0 67.45206451416016
v 82.49903869628906 97.0 68.0
v 83.0 98.0 37.52101135253906
v 83.0 98.0 39.52015686035156
v 82.4771957397461 98.0 63.0
v 83.0 98.0 62.49911880493164
v 82.50088500976562 98.0 65.0
v 83.0 98.0 64.52022552490234
v 83.0 98.0 66.54502868652344
v 82.5411148071289 98.0 68.0
v 83.0 98.0 67.49691009521484
v 82.45618438720703 98.0 69.0
v 83.0 99.0 37.500858306884766
v 83.0 99.0 39.501670837402344
v 82.49996185302734 99.0 63.0
v 83.0 99.0 62.5
v 82.52288818359375 99.0 65.0
v 83.0 99.0 64.54286193847656
v 82.50203704833984 99.0 67.0
v 83.0 99.0 66.5451431274414
v 83.0 98.52417755126953 68.0
v 83.0 99.0 68.45316314697266
v 82.5191650390625 99.0 69.0
v 82.45429229736328 99.0 70.0
v 83.0 100.0 37.500858306884766
v 83.0 100.0 39.520973205566406
v 82.5 100.0 63.0
v 83.0 100.0 62.5
v 83.0 99.4979476928711 65.0
v 82.52488708496094 100.0 66.0
v 83.0 100.0 65.52488708496094
v 83.0 100.0 66.5022201538086
v 82.5240478515625 100.0 67.0
v 82.49894714355469 100.0 68.0
v 83.0 99.47482299804688 68.0
v 83.0 100.0 67.47380828857422
v 82.47895812988281 100.0 69.0
v 82.45425415039062 100.0 70.0
v 83.0 101.0 37.52101516723633
v 83.0 101.0 39.521080017089844
v 82.5 101.0 63.0
v 83.0 101.0 62.5
v 83.0 100.45531463623047 66.0
v 82.47451782226562 101.0 67.0
v 82.4524917602539 101.0 68.0
v 83.0 101.0 67.45038604736328
v 83.0 102.0 37.543704986572266
v 83.0 102.0 39.54201126098633
v 82.5 102.0 63.0
v 83.0 102.0 62.500003814697266
v 82.59455108642578 102.0 66.0
v 83.0 101.57323455810547 66.0
v 83.0 102.0 65.57685089111328
v 83.0 101.45311737060547 67.0
v 82.48007202148438 102.0 67.0
v 82.46297454833984 101.4595947265625 67.4713363647461
v 83.0 102.49903106689453 38.0
v 82.5 103.0 38.0
v 83.0 103.0 38.458980560302734
v 83.0 102.49996185302734 40.0
v 82.52188873291016 103.0 40.0
v 83.0 103.0 40.45714569091797
v 82.52188110351562 103.0 63.0
v 83.0 103.0 62.522762298583984
v 83.0 102.42496490478516 66.0
v 83.0 103.0 66.50180053710938
v 82.49915313720703 103.0 67.0
v 83.0 104.0 38.5008544921875
v 82.47622680664062 104.0 40.0
v 83.0 104.0 40.49995803833008
v 83.0 103.50100708007812 63.0
v 83.0 104.0 63.45710372924805
v 82.5228500366211 104.0 67.0
v 83.0 104.0 66.543701171875
v 83.0 105.0 38.52104949951172
v 83.0 105.0 40.520225524902344
v 82.47711181640625 105.0 64.0
v 83.0 105.0 63.49903869628906
v 83.0 104.5 67.0
v 83.0 105.0 67.456298828125
v 83.0 106.0 38.52193069458008
v 83.0 106.0 40.52104187011719
v 82.49907684326172 106.0 64.0
v 83.0 106.0 63.49907684326172
v 83.0 106.0 67.47898864746094
v 83.0 107.0 38.543704986572266
v 83.0 107.0 40.543052673339844
v 82.49996185302734 107.0 64.0
v 83.0 107.0 63.4990348815918
v 83.0 107.0 67.4991455078125
v 83.0 107.49899291992188 39.0
v 82.49899291992188 108.0 39.0
v 83.0 108.0 39.458988189697266
v 83.0 107.47526550292969 41.0
v 83.0 108.0 41.52372360229492
v 82.49996185302734 108.0 64.0
v 83.0 108.0 63.4990348815918
v 83.0 108.0 67.5
v 83.0 109.0 39.54289627075195
v 83.0 108.45714569091797 42.0
v 83.0 108.54190063476562 43.0
v 82.50004577636719 109.0 43.0
v 83.0 109.0 43.49899673461914
v 82.47623443603516 109.0 64.0
v 83.0 109.0 63.476192474365234
v 83.0 109.0 67.5
v 83.0 109.47623443603516 40.0
v 83.0 110.0 40.523765563964844
v 83.0 109.49908447265625 44.0
v 82.49808502197266 110.0 44.0
v 83.0 110.0 44.52589797973633
v 82.56832885742188 110.0 46.0
v 83.0 110.0 45.501060485839844
v 83.0 109.5486068725586 46.0
v 83.0 110.0 46.4522590637207
v 82.5009994506836 110.0 63.0
v 83.0 110.0 62.519927978515625
v 83.0 109.49799346923828 63.0
v 83.0 110.0 67.4991455078125
v 83.0 110.45710754394531 41.0
v 82.5 111.0 42.0
v 83.0 110.54186248779297 42.0
v 83.0 111.0 42.498043060302734
v 83.0 110.45244598388672 45.0
v 82.47431182861328 111.0 45.0
v 82.50092315673828 111.0 46.0
v 83.0 111.0 46.49915313720703
v 83.0 111.0 62.45610427856445
v 83.0 111.0 67.4552993774414
v 82.47605895996094 112.0 43.0
v 83.0 111.50191497802734 43.0
v 83.0 112.0 43.459022521972656
v 83.0 112.0 46.54579162597656
v 82.54682922363281 112.0 49.0
v 83.0 112.0 48.524044036865234
v 83.0 111.56832885742188 49.0
v 83.0 112.0 49.453128814697266
v 82.4990005493164 112.0 62.0
v 83.0 112.0 61.499000549316406
v 83.0 111.4960708618164 62.0
v 82.50196075439453 112.0 66.0
v 83.0 111.54190063476562 66.0
v 83.0 112.0 65.50196075439453
v 83.0 111.45610809326172 67.0
v 83.0 113.0 43.56854248046875
v 82.5022201538086 113.0 44.0
v 83.0 112.45417022705078 47.0
v 83.0 112.45625305175781 48.0
v 83.0 112.50092315673828 50.0
v 83.0 112.56720733642578 51.0
v 82.52398681640625 113.0 51.0
v 83.0 113.0 51.476016998291016
v 82.52276611328125 113.0 61.0
v 83.0 113.0 60.52188491821289
v 83.0 112.50096130371094 61.0
v 82.5009536743164 113.0 65.0
v 83.0 112.5009994506836 65.0
v 83.0 113.0 64.52092742919922
v 83.0 113.43062591552734 44.0
v 83.0 113.47891998291016 45.0
v 82.50096130371094 114.0 46.0
v 83.0 113.54200744628906 46.0
v 83.0 114.0 46.477195739746094
v 83.0 113.45814514160156 52.0
v 83.0 113.52275848388672 53.0
v 83.0 114.0 53.47999954223633
v 82.47430419921875 114.0 61.0
v 83.0 114.0 60.47426223754883
v 83.0 114.0 64.45510864257812
v 83.0 114.5 47.0
v 83.0 115.0 47.522804260253906
v 83.0 114.47803497314453 54.0
v 83.0 114.47984313964844 55.0
v 83.0 114.49907684326172 56.0
v 82.47711181640625 115.0 56.0
v 83.0 114.52180480957031 57.0
v 82.52088165283203 115.0 57.0
v 83.0 115.0 57.52518081665039
v 82.49895477294922 115.0 59.0
v 83.0 115.0 58.4738655090332
v 83.0 114.51988220214844 59.0
v 83.0 114.45594787597656 60.0
v 82.5009994506836 115.0 63.0
v 83.0 114.54105377197266 63.0
v 83.0 115.0 62.50100326538086
v 83.0 114.45513916015625 64.0
v 83.0 115.45714569091797 48.0
v 82.50201416015625 116.0 49.0
v 83.0 115.54385375976562 49.0
v 83.0 116.0 49.45618438720703
v 83.0 115.43169403076172 58.0
v 82.54691314697266 116.0 61.0
v 83.0 115.56685638427734 61.0
v 83.0 116.0 60.56758117675781
v 82.47614288330078 116.0 62.0
v 83.0 115.47911071777344 62.0
v 83.0 117.0 49.54486083984375
v 82.50106811523438 117.0 60.0
v 83.0 117.0 60.43238067626953
v 83.0 117.45429992675781 50.0
v 83.0 117.47806549072266 51.0
v 83.0 117.47807312011719 52.0
v 83.0 117.5 53.0
v 83.0 118.0 53.52385711669922
v 82.52192687988281 118.0 56.0
v 83.0 117.543701171875 56.0
v 83.0 118.0 55.499996185302734
v 82.5 118.0 57.0
v 83.0 117.52192687988281 57.0
v 82.49906921386719 118.0 58.0
v 83.0 117.52107238769531 58.0
v 82.45211791992188 118.0 59.0
v 83.0 117.49907684326172 59.0
v 83.0 117.43151092529297 60.0
v 83.0 118.45526123046875 54.0
v 83.0 118.456298828125 55.0
v 83.49795532226562 84.0 45.0
v 84.0 84.0 45.55353927612305
v 84.0 83.59429931640625 46.0
v 84.0 84.0 46.42598342895508
v 83.49707794189453 85.0 43.0
v 84.0 85.0 43.50292205810547
v 84.0 84.54289245605469 44.0
v 84.0 84.50104522705078 45.0
v 84.0 85.0 45.55012893676758
v 83.59190368652344 85.0 46.0
v 84.0 84.49759674072266 46.0
v 84.0 85.0 46.45082473754883
v 84.0 84.5228042602539 47.0
v 84.0 84.543701171875 48.0
v 83.5 85.0 49.0
v 84.0 85.0 48.4990348815918
v 83.4990463256836 86.0 42.0
v 84.0 86.0 42.50004196166992
v 84.0 85.50008392333984 43.0
v 84.0 85.42662811279297 46.0
v 84.0 85.45813751220703 49.0
v 84.0 85.49918365478516 50.0
v 84.0 85.50000762939453 51.0
v 84.0 85.52197265625 52.0
v 84.0 86.0 52.49992370605469
v 83.47811889648438 86.0 54.0
v 83.5 86.0 55.0
v 83.4771957397461 86.0 56.0
v 83.49995422363281 87.0 41.0
v 84.0 87.0 41.500999450683594
v 84.0 86.5009536743164 42.0
v 83.40023040771484 87.0 44.0
v 83.45413208007812 87.0 48.0
v 83.45225524902344 87.0 49.0
v 84.0 86.49903869628906 53.0
v 84.0 86.50096130371094 54.0
v 84.0 86.5 55.0
v 84.0 86.5228042602539 56.0
v 83.50104522705078 87.0 57.0
v 84.0 87.0 56.49903869628906
v 83.43150329589844 87.0 59.0
v 83.47623443603516 88.0 40.0
v 84.0 88.0 40.52376174926758
v 84.0 87.50292205810547 41.0
v 83.47623443603516 88.0 48.0
v 84.0 88.0 48.54865264892578
v 84.0 87.54778289794922 49.0
v 84.0 87.52293395996094 50.0
v 84.0 87.54574584960938 51.0
v 84.0 88.0 51.47601318359375
v 83.4532241821289 88.0 53.0
v 84.0 87.47823333740234 57.0
v 84.0 87.5439682006836 58.0
v 83.51923370361328 88.0 59.0
v 84.0 88.0 58.476104736328125
v 83.45433807373047 88.0 60.0
v 83.52376556396484 89.0 40.0
v 84.0 89.0 40.47627639770508
v 83.402587890625 89.0 43.0
v 84.0 88.47486877441406 49.0
v 83.52272033691406 89.0 49.0
v 84.0 89.0 49.47903823852539
v 84.0 88.49996185302734 52.0
v 84.0 88.50092315673828 53.0
v 84.0 88.54300689697266 54.0
v 84.0 89.0 54.475311279296875
v 83.54305267333984 89.0 59.0
v 84.0 89.0 58.5247688293457
v 83.4788818359375 89.0 60.0
v 84.0 90.0 38.5456657409668
v 84.0 89.54486083984375 39.0
v 84.0 89.47627258300781 40.0
v 83.47724151611328 90.0 49.0
v 84.0 90.0 49.50003433227539
v 84.0 89.52180480957031 55.0
v 83.4990463256836 90.0 56.0
v 84.0 90.0 55.499000549316406
v 84.0 89.47618865966797 59.0
v 84.0 90.0 59.52276611328125
v 83.5228042602539 90.0 60.0
v 84.0 91.0 38.500892639160156
v 83.45052337646484 91.0 42.0
v 84.0 91.0 49.4788818359375
v 84.0 90.5009994506836 56.0
v 83.52275848388672 91.0 57.0
v 84.0 91.0 56.500919342041016
v 83.47711944580078 91.0 58.0
v 84.0 90.4771957397461 60.0
v 84.0 90.52378845214844 61.0
v 84.0 90.59548950195312 62.0
v 83.53004455566406 91.0 62.0
v 84.0 91.0 62.40373611450195
v 84.0 92.0 38.499183654785156
v 83.49803924560547 92.0 41.0
v 84.0 92.0 41.5259895324707
v 84.0 91.54846954345703 42.0
v 83.5009994506836 92.0 43.0
v 84.0 92.0 42.4749641418457
v 83.50096130371094 92.0 48.0
v 84.0 92.0 48.49899673461914
v 84.0 91.51904296875 49.0
v 84.0 91.47815704345703 57.0
v 84.0 91.52481079101562 58.0
v 84.0 92.0 58.45606994628906
v 83.5009536743164 92.0 62.0
v 84.0 92.0 61.52084732055664
v 84.0 91.44622802734375 62.0
v 83.49903106689453 93.0 38.0
v 84.0 93.0 38.458133697509766
v 83.47522735595703 93.0 40.0
v 84.0 93.0 40.523807525634766
v 84.0 92.50296783447266 41.0
v 84.0 92.48003387451172 43.0
v 84.0 92.52111053466797 44.0
v 83.47794342041016 93.0 45.0
v 84.0 92.52193450927734 45.0
v 83.47794342041016 93.0 46.0
v 84.0 92.52193450927734 46.0
v 84.0 92.52015686035156 47.0
v 84.0 92.45813751220703 48.0
v 83.47915649414062 93.0 59.0
v 84.0 93.0 58.499080657958984
v 83.54481506347656 93.0 62.0
v 84.0 93.0 61.525699615478516
v 83.47823333740234 93.0 63.0
v 84.0 94.0 37.543701171875
v 84.0 93.50096130371094 38.0
v 83.49903106689453 94.0 40.0
v 84.0 94.0 40.5009651184082
v 83.54289245605469 94.0 59.0
v 84.0 94.0 58.523765563964844
v 83.45713806152344 94.0 60.0
v 84.0 93.45683288574219 62.0
v 84.0 93.5466537475586 63.0
v 83.45258331298828 94.0 64.0
v 84.0 94.0 63.451534271240234
v 84.0 95.0 37.521934509277344
v 83.49903869628906 95.0 40.0
v 84.0 95.0 40.50092315673828
v 84.0 94.49803161621094 59.0
v 83.50003814697266 95.0 60.0
v 84.0 95.0 59.47915267944336
v 83.54737854003906 95.0 63.0
v 84.0 94.49894714355469 63.0
v 84.0 95.0 62.54737854003906
v 84.0 96.0 37.543701171875
v 83.49903869628906 96.0 40.0
v 84.0 96.0 40.500038146972656
v 83.54485321044922 96.0 60.0
v 84.0 96.0 59.54481506347656
v 83.47823333740234 96.0 61.0
v 84.0 95.47706604003906 63.0
v 83.47624206542969 96.0 64.0
v 84.0 96.0 63.47715759277344
v 83.37660217285156 96.0 66.0
v 84.0 96.5 38.0
v 83.52192687988281 97.0 38.0
v 84.0 97.0 38.457176208496094
v 83.49903869628906 97.0 40.0
v 84.0 97.0 40.499996185302734
v 84.0 96.47430419921875 60.0
v 84.0 96.52465057373047 61.0
v 83.47715759277344 97.0 62.0
v 84.0 97.0 61.47618865966797
v 83.52180480957031 97.0 64.0
v 84.0 97.0 63.52184295654297
v 83.43058013916016 97.0 67.0
v 83.52192687988281 98.0 38.0
v 84.0 98.0 38.457984924316406
v 83.52088165283203 98.0 40.0
v 84.0 98.0 40.47815704345703
v 83.5 98.0 62.0
v 84.0 98.0 61.5
v 84.0 97.50104522705078 64.0
v 84.0 98.0 64.45626068115234
v 83.45328521728516 98.0 67.0
v 84.0 99.0 37.543704986572266
v 84.0 98.5 38.0
v 84.0 98.52517700195312 40.0
v 84.0 99.0 39.56667709350586
v 83.5 99.0 62.0
v 84.0 99.0 61.5
v 84.0 99.0 64.47891998291016
v 83.453125 99.0 67.0
v 83.43170166015625 99.0 68.0
v 84.0 100.0 37.54374694824219
v 84.0 99.47486114501953 40.0
v 83.52092742919922 100.0 40.0
v 84.0 100.0 40.478118896484375
v 83.5 100.0 62.0
v 84.0 100.0 61.5
v 83.48003387451172 100.0 65.0
v 84.0 100.0 64.5
v 83.43228912353516 100.0 67.0
v 84.0 100.49894714355469 38.0
v 83.52091979980469 101.0 38.0
v 84.0 101.0 38.47819519042969
v 83.49996185302734 101.0 40.0
v 84.0 101.0 40.49907302856445
v 83.5 101.0 62.0
v 84.0 101.0 61.5
v 83.54400634765625 101.0 65.0
v 84.0 101.0 64.52481842041016
v 84.0 100.56977081298828 66.0
v 84.0 101.0 65.52534484863281
v 83.451171875 101.0 67.0
v 84.0 101.0 66.44905090332031
v 83.47711181640625 102.0 38.0
v 84.0 102.0 38.50184631347656
v 83.47807312011719 102.0 40.0
v 84.0 102.0 40.499961853027344
v 83.5 102.0 62.0
v 84.0 102.0 61.5
v 83.576904296875 102.0 65.0
v 84.0 102.0 64.5946044921875
v 83.47222900390625 102.0 66.0
v 84.0 102.0 65.47217559814453
v 84.0 102.0 66.43334197998047
v 84.0 103.0 38.5211181640625
v 84.0 103.0 40.541969299316406
v 83.52275848388672 103.0 62.0
v 84.0 103.0 61.521846771240234
v 84.0 102.40465545654297 65.0
v 84.0 103.0 66.47718811035156
v 84.0 104.0 38.543701171875
v 84.0 103.5 41.0
v 83.5228042602539 104.0 41.0
v 84.0 104.0 41.45714569091797
v 84.0 103.50105285644531 62.0
v 83.47623443603516 104.0 63.0
v 84.0 104.0 62.47618865966797
v 84.0 104.0 66.5
v 84.0 104.49995422363281 39.0
v 83.52184295654297 105.0 39.0
v 84.0 105.0 39.458030700683594
v 83.49916076660156 105.0 41.0
v 84.0 105.0 41.4990348815918
v 83.49903869628906 105.0 63.0
v 84.0 105.0 62.47614669799805
v 83.47807312011719 105.0 67.0
v 84.0 105.0 66.52101135253906
v 83.49907684326172 106.0 39.0
v 84.0 106.0 39.500038146972656
v 83.49996185302734 106.0 41.0
v 84.0 106.0 41.49911117553711
v 83.54469299316406 106.0 61.0
v 84.0 106.0 60.522972106933594
v 84.0 105.52289581298828 61.0
v 84.0 105.47710418701172 62.0
v 83.52101135253906 106.0 62.0
v 83.47891998291016 106.0 63.0
v 83.52289581298828 106.0 67.0
v 84.0 106.0 66.54469299316406
v 83.47711181640625 107.0 39.0
v 84.0 107.0 39.50185012817383
v 83.47618865966797 107.0 41.0
v 84.0 107.0 41.52280807495117
v 83.52193450927734 107.0 61.0
v 84.0 107.0 60.50088882446289
v 83.5 107.0 62.0
v 83.47807312011719 107.0 63.0
v 84.0 106.47710418701172 67.0
v 84.0 107.0 67.47898864746094
v 84.0 108.0 39.542938232421875
v 84.0 107.49707794189453 42.0
v 83.49707794189453 108.0 42.0
v 84.0 108.0 42.50388717651367
v 83.52192687988281 108.0 61.0
v 84.0 108.0 60.50007629394531
v 83.5 108.0 62.0
v 83.47807312011719 108.0 63.0
v 84.0 108.0 67.4991455078125
v 84.0 108.49703979492188 40.0
v 83.49707794189453 109.0 40.0
v 84.0 109.0 40.500083923339844
v 84.0 108.45699310302734 43.0
v 84.0 108.49911499023438 44.0
v 83.4791488647461 109.0 44.0
v 84.0 108.5018081665039 45.0
v 83.520263671875 109.0 45.0
v 84.0 108.54293823242188 46.0
v 83.5246810913086 109.0 46.0
v 84.0 109.0 46.49703598022461
v 83.52192687988281 109.0 61.0
v 84.0 109.0 60.50092315673828
v 83.4991455078125 109.0 62.0
v 83.45629119873047 109.0 63.0
v 84.0 109.0 67.47898864746094
v 83.49707794189453 110.0 41.0
v 84.0 109.49991607666016 41.0
v 84.0 110.0 41.50292205810547
v 83.43278503417969 110.0 45.0
v 84.0 109.50196075439453 47.0
v 83.5228042602539 110.0 47.0
v 84.0 110.0 47.47719955444336
v 83.52192687988281 110.0 61.0
v 84.0 110.0 60.50092315673828
v 83.47895050048828 110.0 62.0
v 84.0 110.0 67.45625305175781
v 84.0 110.45710754394531 42.0
v 83.50196075439453 111.0 43.0
v 84.0 110.52272033691406 43.0
v 84.0 111.0 43.47731399536133
v 83.49903869628906 111.0 47.0
v 84.0 111.0 47.522884368896484
v 83.52107238769531 111.0 61.0
v 84.0 111.0 60.5
v 83.4552993774414 111.0 62.0
v 83.49602508544922 111.0 67.0
v 84.0 110.49699401855469 67.0
v 84.0 111.0 66.49703979492188
v 84.0 112.0 43.54481506347656
v 83.45417022705078 112.0 47.0
v 84.0 111.47627258300781 48.0
v 83.47623443603516 112.0 48.0
v 84.0 111.52192687988281 49.0
v 84.0 112.0 49.49826431274414
v 83.47819519042969 112.0 61.0
v 84.0 112.0 60.47526550292969
v 83.5009536743164 112.0 65.0
v 84.0 111.5208511352539 65.0
v 84.0 112.0 64.4990005493164
v 84.0 111.45710754394531 66.0
v 84.0 112.4742660522461 44.0
v 83.45116424560547 113.0 44.0
v 83.52008056640625 113.0 45.0
v 84.0 112.52272033691406 45.0
v 84.0 113.0 45.49912643432617
v 83.54918670654297 113.0 50.0
v 84.0 113.0 49.57149124145508
v 83.50004577636719 113.0 51.0
v 83.52499389648438 113.0 52.0
v 84.0 113.0 51.5009651184082
v 84.0 112.5674057006836 52.0
v 84.0 112.57365417480469 53.0
v 83.57276153564453 113.0 53.0
v 84.0 113.0 53.42818069458008
v 83.543701171875 113.0 58.0
v 84.0 113.0 57.50004196166992
v 84.0 112.5228500366211 58.0
v 84.0 112.50003814697266 59.0
v 83.52192687988281 113.0 59.0
v 84.0 112.47614288330078 60.0
v 83.5 113.0 60.0
v 83.57042694091797 113.0 63.0
v 84.0 112.56880950927734 63.0
v 84.0 113.0 62.570430755615234
v 83.50092315673828 113.0 64.0
v 84.0 112.47903442382812 64.0
v 84.0 113.4781494140625 46.0
v 84.0 114.0 46.52372360229492
v 84.0 113.42843627929688 50.0
v 84.0 113.43274688720703 51.0
v 83.55155181884766 114.0 53.0
v 84.0 114.0 52.592647552490234
v 84.0 113.50123596191406 53.0
v 83.52091979980469 114.0 55.0
v 84.0 114.0 54.495994567871094
v 84.0 113.52180480957031 55.0
v 84.0 113.49996185302734 56.0
v 83.49996185302734 114.0 56.0
v 84.0 113.4771957397461 57.0
v 83.5 114.0 57.0
v 83.4991455078125 114.0 58.0
v 83.47895050048828 114.0 59.0
v 83.45429992675781 114.0 60.0
v 84.0 113.49777221679688 63.0
v 84.0 114.0 63.4514045715332
v 83.47335052490234 114.0 64.0
v 84.0 114.45710754394531 47.0
v 83.5 115.0 48.0
v 84.0 114.5428466796875 48.0
v 84.0 115.0 48.477195739746094
v 84.0 114.40575408935547 53.0
v 84.0 114.45333099365234 54.0
v 83.43169403076172 115.0 58.0
v 83.50289154052734 115.0 62.0
v 84.0 114.54296875 62.0
v 84.0 115.0 61.542930603027344
v 84.0 114.43338012695312 63.0
v 84.0 115.50003814697266 49.0
v 84.0 116.0 49.52276611328125
v 83.50004577636719 116.0 61.0
v 84.0 116.0 61.43150329589844
v 84.0 116.47624206542969 50.0
v 83.4742202758789 117.0 50.0
v 83.49907684326172 117.0 51.0
v 84.0 116.50091552734375 51.0
v 83.49996185302734 117.0 52.0
v 84.0 116.52108001708984 52.0
v 83.52288818359375 117.0 53.0
v 84.0 116.54373931884766 53.0
v 84.0 117.0 53.49895095825195
v 83.52096557617188 117.0 59.0
v 84.0 116.52272033691406 59.0
v 84.0 117.0 58.49895095825195
v 83.45213317871094 117.0 60.0
v 84.0 116.49815368652344 60.0
v 84.0 116.43146514892578 61.0
v 83.47522735595703 118.0 54.0
v 84.0 117.47724151611328 54.0
v 83.47711181640625 118.0 55.0
v 84.0 117.49907684326172 55.0
v 84.0 117.47891998291016 56.0
v 84.0 117.47807312011719 57.0
v 84.0 117.45626068115234 58.0
v 84.40496063232422 84.0 46.0
v 84.47623443603516 85.0 44.0
v 84.47819519042969 85.0 45.0
v 84.47723388671875 85.0 47.0
v 84.47711181640625 85.0 48.0
v 84.49991607666016 86.0 43.0
v 85.0 86.0 43.50296401977539
v 85.0 85.52381134033203 44.0
v 85.0 85.52376556396484 45.0
v 84.54733276367188 86.0 46.0
v 85.0 86.0 45.52188491821289
v 85.0 86.0 46.47811508178711
v 85.0 85.52376556396484 47.0
v 85.0 85.50188446044922 48.0
v 85.0 85.52200317382812 49.0
v 85.0 85.52196502685547 50.0
v 85.0 85.52197265625 51.0
v 85.0 85.54666900634766 52.0
v 85.0 86.0 52.45417404174805
v 84.47819519042969 87.0 42.0
v 85.0 87.0 42.52376937866211
v 85.0 86.50296020507812 43.0
v 85.0 86.45535278320312 46.0
v 84.52301025390625 87.0 53.0
v 85.0 87.0 52.52465057373047
v 84.5 87.0 54.0
v 84.50088500976562 87.0 55.0
v 84.47723388671875 87.0 56.0
v 84.45710754394531 88.0 41.0
v 84.54281616210938 88.0 42.0
v 85.0 88.0 42.47811508178711
v 84.45308685302734 88.0 49.0
v 84.47709655761719 88.0 50.0
v 84.45433044433594 88.0 51.0
v 85.0 87.45703125 53.0
v 85.0 87.49907684326172 54.0
v 85.0 87.47981262207031 55.0
v 85.0 87.52180480957031 56.0
v 84.52176666259766 88.0 57.0
v 85.0 88.0 56.5
v 84.45519256591797 88.0 58.0
v 84.52176666259766 89.0 41.0
v 85.0 89.0 41.50100326538086
v 85.0 88.49907684326172 42.0
v 84.4806900024414 89.0 50.0
v 84.5201187133789 89.0 51.0
v 84.50003814697266 89.0 52.0
v 84.49996185302734 89.0 53.0
v 84.47615051269531 89.0 54.0
v 85.0 88.49896240234375 57.0
v 85.0 89.0 57.50296401977539
v 84.52375793457031 89.0 58.0
v 84.4742202758789 90.0 39.0
v 84.52276611328125 90.0 40.0
v 85.0 90.0 40.49903869628906
v 85.0 89.50004577636719 41.0
v 84.5208511352539 90.0 50.0
v 85.0 90.0 50.501922607421875
v 85.0 89.52192687988281 51.0
v 85.0 89.5 52.0
v 85.0 89.5 53.0
v 85.0 89.52288055419922 54.0
v 84.4990005493164 90.0 55.0
v 85.0 90.0 54.49707794189453
v 85.0 89.45880126953125 58.0
v 85.0 89.56771087646484 59.0
v 85.0 90.0 59.43145751953125
v 85.0 91.0 38.5456657409668
v 85.0 90.5257797241211 39.0
v 85.0 90.47723388671875 40.0
v 85.0 90.50196838378906 50.0
v 85.0 91.0 49.5428581237793
v 85.0 90.50296020507812 55.0
v 84.47819519042969 91.0 56.0
v 85.0 91.0 55.476234436035156
v 84.56581115722656 91.0 59.0
v 85.0 90.49884033203125 59.0
v 85.0 91.0 58.547603607177734
v 84.50088500976562 91.0 60.0
v 84.4761734008789 91.0 61.0
v 84.40451049804688 91.0 62.0
v 85.0 92.0 38.521968841552734
v 84.43270111083984 92.0 42.0
v 84.50297546386719 92.0 49.0
v 85.0 92.0 49.45618438720703
v 84.5438461303711 92.0 56.0
v 85.0 92.0 55.52288818359375
v 84.50092315673828 92.0 57.0
v 84.47698974609375 92.0 58.0
v 85.0 91.45417785644531 59.0
v 85.0 91.52288818359375 60.0
v 85.0 92.0 60.47623062133789
v 84.49996185302734 92.0 61.0
v 85.0 93.0 38.52107620239258
v 84.45626068115234 93.0 41.0
v 84.498291015625 93.0 42.0
v 84.47980499267578 93.0 43.0
v 84.51904296875 93.0 44.0
v 85.0 93.0 44.50302505493164
v 85.0 92.54470825195312 45.0
v 85.0 92.54374694824219 46.0
v 84.54481506347656 93.0 47.0
v 85.0 93.0 46.52288818359375
v 85.0 93.0 47.477020263671875
v 85.0 92.54281616210938 48.0
v 85.0 92.45618438720703 49.0
v 85.0 92.47711181640625 56.0
v 85.0 92.5228500366211 57.0
v 84.49996185302734 93.0 58.0
v 85.0 93.0 57.47711181640625
v 84.52472686767578 93.0 61.0
v 85.0 93.0 60.52472686767578
v 84.47711181640625 94.0 38.0
v 85.0 94.0 38.50092315673828
v 84.47807312011719 94.0 41.0
v 84.5 94.0 42.0
v 84.52008819580078 94.0 43.0
v 85.0 94.0 43.54569625854492
v 85.0 93.52498626708984 44.0
v 85.0 93.43446350097656 47.0
v 84.5228042602539 94.0 58.0
v 85.0 94.0 57.52188491821289
v 85.0 93.45702362060547 61.0
v 85.0 93.56663513183594 62.0
v 84.45149230957031 94.0 63.0
v 85.0 94.0 62.45048904418945
v 84.49903106689453 95.0 38.0
v 85.0 95.0 38.5
v 84.47891998291016 95.0 41.0
v 84.52008819580078 95.0 42.0
v 84.501708984375 95.0 43.0
v 85.0 94.47605895996094 44.0
v 84.54270935058594 95.0 44.0
v 85.0 95.0 44.49995803833008
v 85.0 94.49808502197266 58.0
v 84.4990463256836 95.0 59.0
v 85.0 95.0 58.49995803833008
v 84.54842376708984 95.0 62.0
v 85.0 94.49898529052734 62.0
v 85.0 95.0 61.56729507446289
v 84.47711181640625 96.0 38.0
v 85.0 96.0 38.50092315673828
v 84.49907684326172 96.0 41.0
v 85.0 96.0 41.54682159423828
v 85.0 95.54674530029297 42.0
v 84.54270935058594 96.0 43.0
v 85.0 96.0 42.474998474121094
v 84.50171661376953 96.0 44.0
v 85.0 95.50100708007812 45.0
v 84.543701171875 96.0 45.0
v 85.0 96.0 45.47806930541992
v 85.0 95.50292205810547 59.0
v 85.0 96.0 59.4571418762207
v 85.0 95.47596740722656 62.0
v 84.47715759277344 96.0 63.0
v 85.0 96.0 62.47719955444336
v 85.0 97.0 38.52107620239258
v 84.5 97.0 41.0
v 85.0 97.0 41.501853942871094
v 85.0 96.50000762939453 43.0
v 84.543701171875 97.0 44.0
v 85.0 97.0 43.5009651184082
v 84.5447006225586 97.0 45.0
v 85.0 97.0 45.4770622253418
v 84.5228042602539 97.0 60.0
v 85.0 97.0 59.522762298583984
v 84.45699310302734 97.0 61.0
v 84.52184295654297 97.0 63.0
v 85.0 97.0 62.52096176147461
v 85.0 98.0 38.521114349365234
v 84.50092315673828 98.0 41.0
v 85.0 98.0 41.50092315673828
v 85.0 97.47802734375 44.0
v 85.0 97.47618103027344 45.0
v 85.0 97.49995422363281 60.0
v 84.5 98.0 61.0
v 85.0 98.0 60.479034423828125
v 85.0 97.50100708007812 63.0
v 84.47618865966797 98.0 64.0
v 85.0 98.0 63.476234436035156
v 84.47711181640625 99.0 38.0
v 85.0 99.0 38.501808166503906
v 84.43252563476562 99.0 40.0
v 84.52022552490234 99.0 41.0
v 85.0 99.0 41.50007629394531
v 84.50007629394531 99.0 61.0
v 85.0 99.0 60.50095748901367
v 84.49907684326172 99.0 64.0
v 85.0 99.0 63.49995803833008
v 84.47618865966797 100.0 38.0
v 85.0 100.0 38.522804260253906
v 84.50092315673828 100.0 41.0
v 85.0 100.0 41.50092315673828
v 84.50092315673828 100.0 61.0
v 85.0 100.0 60.52107620239258
v 84.49996185302734 100.0 64.0
v 85.0 100.0 63.5
v 84.5228500366211 101.0 39.0
v 85.0 100.50100708007812 39.0
v 85.0 101.0 39.45713806152344
v 84.50000762939453 101.0 41.0
v 85.0 101.0 41.50096130371094
v 84.50092315673828 101.0 61.0
v 85.0 101.0 60.52107620239258
v 84.52288818359375 101.0 64.0
v 85.0 101.0 63.52372360229492
v 84.42932891845703 101.0 66.0
v 84.49996185302734 102.0 39.0
v 85.0 102.0 39.47981262207031
v 84.5 102.0 41.0
v 85.0 102.0 41.500919342041016
v 84.50003814697266 102.0 61.0
v 85.0 102.0 60.5
v 85.0 101.47811126708984 64.0
v 85.0 101.56766510009766 65.0
v 84.47323608398438 102.0 65.0
v 85.0 102.0 65.45121765136719
v 84.4522705078125 102.0 66.0
v 84.49906921386719 103.0 39.0
v 85.0 103.0 39.500003814697266
v 84.47808074951172 103.0 41.0
v 85.0 103.0 41.50096130371094
v 84.57047271728516 103.0 59.0
v 85.0 103.0 58.569679260253906
v 85.0 102.56967163085938 59.0
v 85.0 103.0 59.49772262573242
v 84.5 103.0 61.0
v 85.0 103.0 60.45326232910156
v 85.0 103.0 65.51995849609375
v 84.5190658569336 103.0 66.0
v 84.47711181640625 104.0 39.0
v 85.0 104.0 39.5009651184082
v 85.0 104.0 41.54301452636719
v 84.54574584960938 104.0 59.0
v 85.0 104.0 58.54570770263672
v 85.0 103.45417785644531 60.0
v 84.52101135253906 104.0 60.0
v 84.5 104.0 61.0
v 84.45625305175781 104.0 62.0
v 85.0 103.5020980834961 66.0
v 85.0 104.0 66.4552993774414
v 85.0 105.0 39.54289627075195
v 85.0 104.49798583984375 42.0
v 84.52188110351562 105.0 42.0
v 85.0 105.0 42.478118896484375
v 85.0 104.51981353759766 59.0
v 84.51924133300781 105.0 60.0
v 85.0 105.0 59.45541000366211
v 84.47898864746094 105.0 61.0
v 84.45530700683594 105.0 62.0
v 85.0 105.0 66.47799682617188
v 85.0 105.49899291992188 40.0
v 84.52092742919922 106.0 40.0
v 85.0 106.0 40.47819519042969
v 84.5 106.0 42.0
v 85.0 106.0 42.520957946777344
v 84.56829071044922 106.0 59.0
v 85.0 106.0 58.56749725341797
v 85.0 105.50225067138672 59.0
v 84.48069763183594 106.0 60.0
v 85.0 106.0 66.49815368652344
v 84.49903106689453 107.0 40.0
v 85.0 107.0 40.50092697143555
v 84.4579849243164 107.0 42.0
v 85.0 106.50004577636719 43.0
v 84.54190063476562 107.0 43.0
v 85.0 107.0 43.49995803833008
v 85.0 106.49884796142578 59.0
v 84.49816131591797 107.0 60.0
v 85.0 107.0 59.453407287597656
v 85.0 106.52490997314453 67.0
v 85.0 107.0 67.45425415039062
v 84.47618865966797 108.0 40.0
v 85.0 108.0 40.52284622192383
v 84.45618438720703 108.0 43.0
v 85.0 107.47811889648438 44.0
v 84.49903869628906 108.0 44.0
v 85.0 107.52275848388672 45.0
v 84.52188110351562 108.0 45.0
v 85.0 108.0 45.50004196166992
v 84.56720733642578 108.0 59.0
v 85.0 108.0 58.54573059082031
v 85.0 107.50004577636719 59.0
v 84.47977447509766 108.0 60.0
v 85.0 108.0 67.45525360107422
v 84.49995422363281 109.0 41.0
v 85.0 108.49803924560547 41.0
v 85.0 109.0 41.500999450683594
v 85.0 108.45809936523438 46.0
v 85.0 108.54190063476562 47.0
v 84.50196075439453 109.0 47.0
v 85.0 109.0 47.49899673461914
v 85.0 108.47702026367188 59.0
v 84.49907684326172 109.0 60.0
v 85.0 109.0 59.47711181640625
v 84.52088165283203 109.0 67.0
v 85.0 108.49789428710938 67.0
v 85.0 109.0 66.52088165283203
v 84.47627258300781 110.0 42.0
v 85.0 109.4781494140625 42.0
v 84.523681640625 110.0 43.0
v 85.0 109.54204559326172 43.0
v 85.0 110.0 43.49707794189453
v 85.0 109.50096130371094 48.0
v 84.52275848388672 110.0 48.0
v 85.0 110.0 48.47815704345703
v 84.49907684326172 110.0 60.0
v 85.0 110.0 59.47711181640625
v 84.56825256347656 110.0 64.0
v 85.0 109.54674530029297 64.0
v 85.0 110.0 63.54678726196289
v 85.0 110.0 64.47595977783203
v 84.4761962890625 110.0 67.0
v 85.0 110.0 66.47522735595703
v 84.521728515625 111.0 44.0
v 85.0 110.5009994506836 44.0
v 85.0 111.0 44.499000549316406
v 84.4761962890625 111.0 48.0
v 85.0 111.0 48.525733947753906
v 84.54270935058594 111.0 59.0
v 85.0 111.0 58.4990348815918
v 85.0 110.49903106689453 59.0
v 84.47891998291016 111.0 60.0
v 84.52200317382812 111.0 64.0
v 85.0 111.0 63.50088882446289
v 85.0 110.4771499633789 65.0
v 84.49996185302734 111.0 65.0
v 84.47623443603516 111.0 66.0
v 85.0 110.47522735595703 66.0
v 84.45514678955078 112.0 44.0
v 85.0 111.5009994506836 45.0
v 84.52180480957031 112.0 45.0
v 85.0 112.0 45.49904251098633
v 85.0 111.45521545410156 49.0
v 85.0 111.5227279663086 50.0
v 84.52096557617188 112.0 50.0
v 85.0 112.0 50.49904251098633
v 84.54755401611328 112.0 53.0
v 85.0 112.0 52.54481506347656
v 85.0 111.54664611816406 53.0
v 85.0 111.52381134033203 54.0
v 84.54385375976562 112.0 54.0
v 85.0 112.0 54.49907684326172
v 84.54285430908203 112.0 57.0
v 85.0 112.0 56.49995422363281
v 85.0 111.52188873291016 57.0
v 85.0 111.4771499633789 58.0
v 84.5 112.0 58.0
v 84.47891998291016 112.0 59.0
v 84.45526123046875 112.0 60.0
v 84.4771957397461 112.0 64.0
v 85.0 112.0 63.47522735595703
v 84.4990005493164 113.0 46.0
v 85.0 112.5 46.0
v 85.0 113.0 46.5
v 84.43006134033203 113.0 50.0
v 85.0 112.49895477294922 51.0
v 84.47401428222656 113.0 51.0
v 85.0 113.0 51.529170989990234
v 84.50222778320312 113.0 52.0
v 85.0 112.52770233154297 53.0
v 84.50122833251953 113.0 53.0
v 84.52206420898438 112.52595520019531 53.45224380493164
v 84.49996185302734 113.0 54.0
v 85.0 113.0 53.426937103271484
v 85.0 112.4771499633789 55.0
v 84.5 113.0 55.0
v 85.0 112.47711181640625 56.0
v 84.49907684326172 113.0 56.0
v 84.45714569091797 113.0 57.0
v 85.0 112.4770278930664 63.0
v 85.0 113.0 62.5
v 84.49707794189453 114.0 47.0
v 85.0 113.49995422363281 47.0
v 85.0 114.0 47.500999450683594
v 85.0 113.43036651611328 52.0
v 84.42513275146484 114.0 53.0
v 85.0 113.42514038085938 53.0
v 84.45413208007812 114.0 54.0
v 84.45140075683594 114.0 63.0
v 85.0 114.0 62.47431564331055
v 85.0 114.47819519042969 48.0
v 85.0 115.0 48.524688720703125
v 85.0 114.47526550292969 62.0
v 85.0 115.0 61.475311279296875
v 85.0 115.45610809326172 49.0
v 84.4771957397461 116.0 50.0
v 85.0 115.5 50.0
v 84.52284240722656 116.0 51.0
v 85.0 115.54285430908203 51.0
v 85.0 116.0 51.50004196166992
v 84.52272033691406 116.0 59.0
v 85.0 115.52188110351562 59.0
v 85.0 116.0 58.498992919921875
v 84.49907684326172 116.0 60.0
v 85.0 115.49996185302734 60.0
v 84.45121002197266 116.0 61.0
v 85.0 115.47522735595703 61.0
v 85.0 116.456298828125 52.0
v 85.0 116.47891998291016 53.0
v 84.47811889648438 117.0 54.0
v 85.0 116.49907684326172 54.0
v 84.5 117.0 55.0
v 85.0 116.50092315673828 55.0
v 84.49996185302734 117.0 56.0
v 85.0 116.52022552490234 56.0
v 84.49907684326172 117.0 57.0
v 85.0 116.5008773803711 57.0
v 84.47618865966797 117.0 58.0
v 85.0 116.47623443603516 58.0
v 85.45625305175781 86.0 44.0
v 85.45625305175781 86.0 45.0
v 85.45626068115234 86.0 47.0
v 85.47802734375 86.0 48.0
v 85.47799682617188 86.0 49.0
v 85.49811553955078 86.0 50.0
v 85.49811553955078 86.0 51.0
v 85.45413970947266 86.0 52.0
v 85.45625305175781 87.0 43.0
v 85.4991455078125 87.0 44.0
v 85.4991455078125 87.0 45.0
v 85.47990417480469 87.0 46.0
v 85.4991455078125 87.0 47.0
v 85.49996185302734 87.0 48.0
v 85.52015686035156 87.0 49.0
v 86.0 87.0 49.52285385131836
v 86.0 86.52381134033203 50.0
v 86.0 86.52192687988281 51.0
v 86.0 87.0 51.499996185302734
v 85.5227279663086 87.0 52.0
v 85.47898864746094 88.0 43.0
v 85.5008544921875 88.0 44.0
v 85.52009582519531 88.0 45.0
v 85.501708984375 88.0 46.0
v 85.52101135253906 88.0 47.0
v 85.52019500732422 88.0 48.0
v 85.50277709960938 88.0 49.0
v 86.0 88.0 49.49726867675781
v 86.0 87.4772720336914 52.0
v 86.0 87.54381561279297 53.0
v 85.54458618164062 88.0 54.0
v 86.0 88.0 53.52086639404297
v 86.0 88.0 54.50230407714844
v 86.0 87.5683364868164 55.0
v 85.49895477294922 88.0 56.0
v 86.0 88.0 55.4729118347168
v 85.45732879638672 89.0 42.0
v 85.50081634521484 89.0 43.0
v 85.5427474975586 89.0 44.0
v 86.0 89.0 44.52389907836914
v 86.0 88.54569244384766 45.0
v 86.0 89.0 45.5
v 85.56720733642578 89.0 46.0
v 86.0 89.0 46.47697830200195
v 86.0 88.52188873291016 47.0
v 86.0 88.52092742919922 48.0
v 86.0 89.0 48.52726364135742
v 85.56880950927734 89.0 49.0
v 86.0 89.0 49.431156158447266
v 86.0 88.45541381835938 54.0
v 86.0 88.50104522705078 56.0
v 85.50103759765625 89.0 57.0
v 86.0 89.0 56.5
v 85.47819519042969 90.0 41.0
v 85.52200317382812 90.0 42.0
v 85.5675048828125 90.0 43.0
v 86.0 90.0 43.47296142578125
v 86.0 89.49796295166016 44.0
v 86.0 89.45336151123047 46.0
v 86.0 89.4295654296875 49.0
v 85.45714569091797 90.0 51.0
v 85.49911499023438 90.0 52.0
v 85.5 90.0 53.0
v 85.4579849243164 90.0 54.0
v 86.0 89.47911071777344 57.0
v 86.0 89.5677490234375 58.0
v 85.44943237304688 90.0 59.0
v 86.0 90.0 58.449432373046875
v 85.4551010131836 91.0 39.0
v 85.52176666259766 91.0 40.0
v 86.0 91.0 40.50200653076172
v 86.0 90.52376556396484 41.0
v 86.0 90.4981460571289 42.0
v 86.0 90.43253326416016 43.0
v 85.47623443603516 91.0 50.0
v 85.54186248779297 91.0 51.0
v 86.0 91.0 51.523983001708984
v 86.0 90.54573059082031 52.0
v 86.0 90.5239028930664 53.0
v 85.52015686035156 91.0 54.0
v 86.0 91.0 53.476097106933594
v 85.45626068115234 91.0 55.0
v 85.52376556396484 91.0 58.0
v 86.0 90.47489166259766 58.0
v 86.0 91.0 57.54293441772461
v 85.49811553955078 92.0 39.0
v 86.0 92.0 39.52288818359375
v 86.0 91.50196838378906 40.0
v 86.0 91.52477264404297 50.0
v 86.0 92.0 49.52473449707031
v 86.0 91.50100708007812 51.0
v 86.0 92.0 51.522979736328125
v 85.56720733642578 92.0 52.0
v 86.0 91.5 52.0
v 86.0 92.0 52.5
v 85.54270935058594 92.0 54.0
v 86.0 92.0 53.47605895996094
v 85.47984313964844 92.0 55.0
v 85.52403259277344 92.0 58.0
v 86.0 92.0 57.54578399658203
v 85.4991226196289 92.0 59.0
v 85.4561538696289 92.0 60.0
v 85.49907684326172 93.0 39.0
v 86.0 93.0 39.5009651184082
v 85.45610046386719 93.0 45.0
v 85.47618865966797 93.0 46.0
v 85.47715759277344 93.0 48.0
v 86.0 93.0 48.523895263671875
v 86.0 92.52473449707031 49.0
v 85.5447006225586 93.0 52.0
v 86.0 93.0 51.52289581298828
v 86.0 92.47702026367188 53.0
v 85.543701171875 93.0 53.0
v 86.0 92.52394104003906 54.0
v 86.0 93.0 53.522979736328125
v 85.54186248779297 93.0 55.0
v 86.0 93.0 54.47601318359375
v 85.47984313964844 93.0 56.0
v 85.45619201660156 93.0 57.0
v 86.0 92.45502471923828 58.0
v 86.0 92.52080535888672 59.0
v 86.0 93.0 59.50200653076172
v 85.52376556396484 93.0 60.0
v 85.49996185302734 94.0 39.0
v 86.0 94.0 39.5009651184082
v 85.43279266357422 94.0 44.0
v 85.51837921142578 94.0 45.0
v 86.0 94.0 45.54792785644531
v 86.0 93.54879760742188 46.0
v 86.0 93.56690216064453 47.0
v 85.56636810302734 94.0 48.0
v 86.0 94.0 47.497825622558594
v 86.0 94.0 48.455230712890625
v 86.0 93.49806213378906 52.0
v 85.56721496582031 94.0 53.0
v 86.0 94.0 52.52394485473633
v 86.0 94.0 53.47701644897461
v 86.0 93.50100708007812 55.0
v 85.543701171875 94.0 56.0
v 86.0 94.0 55.5
v 85.5 94.0 57.0
v 86.0 93.4579849243164 60.0
v 86.0 93.54386901855469 61.0
v 85.45135498046875 94.0 62.0
v 86.0 94.0 61.474273681640625
v 85.5 95.0 39.0
v 86.0 95.0 39.5009651184082
v 85.45813751220703 95.0 45.0
v 86.0 94.45298767089844 46.0
v 85.52015686035156 95.0 46.0
v 86.0 94.47393798828125 47.0
v 85.54270935058594 95.0 47.0
v 86.0 94.49899291992188 48.0
v 86.0 95.0 47.52288818359375
v 86.0 94.47509765625 53.0
v 86.0 94.54817962646484 54.0
v 85.59266662597656 95.0 54.0
v 86.0 95.0 53.550079345703125
v 86.0 95.0 54.450870513916016
v 86.0 94.47895812988281 56.0
v 86.0 94.52288818359375 57.0
v 85.49996185302734 95.0 58.0
v 86.0 95.0 57.49703598022461
v 86.0 95.0 61.47888946533203
v 85.49996185302734 96.0 39.0
v 86.0 96.0 39.5009651184082
v 85.43257904052734 96.0 42.0
v 85.47899627685547 96.0 46.0
v 85.501708984375 96.0 47.0
v 86.0 95.50105285644531 48.0
v 85.56720733642578 96.0 48.0
v 86.0 96.0 48.454307556152344
v 86.0 95.45086669921875 54.0
v 86.0 95.5250015258789 55.0
v 85.56829071044922 96.0 55.0
v 86.0 96.0 54.52500534057617
v 86.0 96.0 55.454124450683594
v 86.0 95.50296020507812 58.0
v 85.47627258300781 96.0 59.0
v 86.0 96.0 58.476234436035156
v 85.47811126708984 96.0 62.0
v 86.0 96.0 61.499961853027344
v 85.49907684326172 97.0 39.0
v 86.0 97.0 39.5009651184082
v 85.47802734375 97.0 42.0
v 85.45729064941406 97.0 43.0
v 85.47984313964844 97.0 46.0
v 85.54270935058594 97.0 47.0
v 86.0 97.0 47.499996185302734
v 86.0 96.47605895996094 48.0
v 85.56936645507812 97.0 55.0
v 86.0 97.0 54.546966552734375
v 86.0 97.0 55.453067779541016
v 85.52276611328125 97.0 59.0
v 86.0 97.0 58.521846771240234
v 85.50092315673828 97.0 62.0
v 86.0 97.0 61.521080017089844
v 85.49903869628906 98.0 39.0
v 86.0 98.0 39.50092315673828
v 85.47891998291016 98.0 42.0
v 85.4991455078125 98.0 43.0
v 85.47984313964844 98.0 44.0
v 85.5 98.0 45.0
v 85.54285430908203 98.0 46.0
v 86.0 98.0 46.499080657958984
v 86.0 97.5 47.0
v 86.0 97.45215606689453 55.0
v 86.0 97.5 59.0
v 85.47724151611328 98.0 60.0
v 86.0 98.0 59.47719955444336
v 85.54301452636719 98.0 62.0
v 86.0 98.0 61.54385757446289
v 85.45710754394531 98.0 63.0
v 85.49907684326172 99.0 39.0
v 86.0 99.0 39.50004196166992
v 85.47811126708984 99.0 42.0
v 85.5 99.0 43.0
v 85.52101135253906 99.0 44.0
v 86.0 99.0 44.522891998291016
v 86.0 98.52381134033203 45.0
v 86.0 98.47811126708984 46.0
v 85.52188110351562 99.0 60.0
v 86.0 99.0 59.52272033691406
v 86.0 98.49794006347656 62.0
v 86.0 99.0 62.47815704345703
v 85.49907684326172 99.0 63.0
v 85.47807312011719 100.0 39.0
v 86.0 100.0 39.50096130371094
v 85.47811126708984 100.0 42.0
v 85.5008544921875 100.0 43.0
v 85.543701171875 100.0 44.0
v 86.0 100.0 44.47807312011719
v 86.0 99.50109100341797 60.0
v 86.0 100.0 60.45709228515625
v 85.5 100.0 63.0
v 86.0 100.0 62.5
v 86.0 101.0 39.522003173828125
v 85.47891998291016 101.0 42.0
v 85.52101135253906 101.0 43.0
v 86.0 101.0 43.52192687988281
v 86.0 100.5 44.0
v 86.0 101.0 60.456138610839844
v 85.5228042602539 101.0 63.0
v 86.0 101.0 62.52280044555664
v 86.0 102.0 39.544742584228516
v 85.47895812988281 102.0 42.0
v 85.52192687988281 102.0 43.0
v 86.0 102.0 43.5
v 85.5199203491211 102.0 60.0
v 86.0 102.0 59.49899673461914
v 86.0 101.49694061279297 60.0
v 86.0 101.5 63.0
v 85.49907684326172 102.0 64.0
v 86.0 102.0 63.478111267089844
v 85.43146514892578 102.0 65.0
v 86.0 102.4979019165039 40.0
v 85.52091979980469 103.0 40.0
v 86.0 103.0 40.47911834716797
v 85.47891998291016 103.0 42.0
v 85.52192687988281 103.0 43.0
v 86.0 103.0 43.499996185302734
v 86.0 103.0 58.521080017089844
v 86.0 102.4800033569336 59.0
v 85.43256378173828 103.0 60.0
v 85.52188873291016 103.0 64.0
v 86.0 103.0 63.50096130371094
v 85.47810363769531 103.0 65.0
v 85.49992370605469 104.0 40.0
v 86.0 104.0 40.50092315673828
v 85.4561767578125 104.0 42.0
v 85.52108001708984 104.0 43.0
v 86.0 104.0 43.500038146972656
v 86.0 104.0 58.479881286621094
v 85.5228500366211 104.0 64.0
v 86.0 104.0 63.50181198120117
v 85.51924133300781 104.0 65.0
v 85.45610046386719 104.0 66.0
v 85.47623443603516 105.0 40.0
v 86.0 105.0 40.52284622192383
v 85.50096130371094 105.0 43.0
v 86.0 105.0 43.500885009765625
v 85.45449829101562 105.0 59.0
v 86.0 105.0 58.4981575012207
v 85.543701171875 105.0 64.0
v 86.0 105.0 63.52108383178711
v 86.0 105.0 64.55050659179688
v 86.0 104.57301330566406 65.0
v 86.0 105.0 65.42608642578125
v 85.4971923828125 105.0 66.0
v 85.52184295654297 106.0 41.0
v 86.0 105.49995422363281 41.0
v 86.0 106.0 41.47811508178711
v 85.47815704345703 106.0 43.0
v 86.0 106.0 43.52385330200195
v 86.0 106.0 58.45795440673828
v 85.52192687988281 106.0 64.0
v 86.0 106.0 63.47895431518555
v 86.0 105.4270248413086 65.0
v 85.52008819580078 106.0 65.0
v 85.47891998291016 106.0 66.0
v 85.49907684326172 107.0 41.0
v 86.0 107.0 41.50008010864258
v 86.0 106.47526550292969 44.0
v 85.47727966308594 107.0 44.0
v 86.0 106.52188873291016 45.0
v 85.5228042602539 107.0 45.0
v 86.0 107.0 45.49903869628906
v 85.54105377197266 107.0 58.0
v 86.0 107.0 57.501914978027344
v 86.0 106.49903869628906 58.0
v 85.43363952636719 107.0 59.0
v 85.543701171875 107.0 63.0
v 86.0 106.5 63.0
v 86.0 107.0 62.522850036621094
v 85.5008544921875 107.0 64.0
v 85.5 107.0 65.0
v 85.49910736083984 107.0 66.0
v 85.45429229736328 107.0 67.0
v 85.4771499633789 108.0 41.0
v 86.0 108.0 41.523765563964844
v 86.0 107.4990005493164 46.0
v 85.49803924560547 108.0 46.0
v 86.0 108.0 46.50388717651367
v 85.54373931884766 108.0 57.0
v 86.0 108.0 56.523765563964844
v 86.0 107.50296020507812 57.0
v 85.48075866699219 108.0 58.0
v 85.52192687988281 108.0 63.0
v 86.0 108.0 62.50092697143555
v 85.5 108.0 64.0
v 85.5 108.0 65.0
v 85.4991455078125 108.0 66.0
v 85.45525360107422 108.0 67.0
v 85.49891662597656 109.0 42.0
v 86.0 108.49703979492188 42.0
v 86.0 109.0 42.503929138183594
v 86.0 108.45618438720703 47.0
v 86.0 108.49907684326172 48.0
v 85.47911071777344 109.0 48.0
v 86.0 108.52472686767578 49.0
v 85.54389190673828 109.0 49.0
v 86.0 109.0 49.475311279296875
v 85.52101135253906 109.0 57.0
v 86.0 109.0 56.47811508178711
v 85.4991455078125 109.0 58.0
v 85.456298828125 109.0 59.0
v 85.52108001708984 109.0 63.0
v 86.0 109.0 62.5
v 85.47991180419922 109.0 64.0
v 85.4991455078125 109.0 65.0
v 85.47898864746094 109.0 66.0
v 86.0 109.45614624023438 43.0
v 85.5009536743164 110.0 44.0
v 86.0 109.52084350585938 44.0
v 86.0 110.0 44.50100326538086
v 85.5 110.0 49.0
v 86.0 110.0 49.522804260253906
v 85.54270935058594 110.0 56.0
v 86.0 110.0 55.4990348815918
v 86.0 109.49907684326172 56.0
v 85.5008544921875 110.0 57.0
v 85.4991455078125 110.0 58.0
v 85.456298828125 110.0 59.0
v 85.5 110.0 63.0
v 86.0 110.0 62.477149963378906
v 85.456298828125 110.0 65.0
v 85.45526123046875 110.0 66.0
v 85.5 111.0 45.0
v 86.0 110.49803924560547 45.0
v 86.0 111.0 45.500999450683594
v 85.45518493652344 111.0 49.0
v 86.0 110.49807739257812 50.0
v 85.521728515625 111.0 50.0
v 86.0 111.0 50.502010345458984
v 85.52276611328125 111.0 53.0
v 86.0 111.0 52.49895095825195
v 86.0 110.52096557617188 53.0
v 86.0 110.49907684326172 54.0
v 85.50092315673828 111.0 54.0
v 86.0 110.47803497314453 55.0
v 85.52015686035156 111.0 55.0
v 85.5 111.0 56.0
v 85.47898864746094 111.0 57.0
v 85.456298828125 111.0 58.0
v 85.543701171875 111.0 62.0
v 86.0 110.5 62.0
v 86.0 111.0 61.52288818359375
v 85.47891998291016 111.0 63.0
v 85.5 112.0 46.0
v 86.0 111.4990463256836 46.0
v 86.0 112.0 46.50095748901367
v 86.0 111.47622680664062 51.0
v 85.47818756103516 112.0 51.0
v 86.0 111.47710418701172 52.0
v 85.49907684326172 112.0 52.0
v 85.456298828125 112.0 55.0
v 85.456298828125 112.0 56.0
v 85.52104187011719 112.0 62.0
v 86.0 112.0 61.500885009765625
v 85.4552993774414 112.0 63.0
v 85.49995422363281 113.0 47.0
v 86.0 112.4990005493164 47.0
v 86.0 113.0 47.501956939697266
v 85.43036651611328 113.0 52.0
v 85.40575408935547 113.0 53.0
v 85.49911499023438 113.0 62.0
v 86.0 113.0 61.47719192504883
v 85.4990005493164 114.0 48.0
v 86.0 113.49803924560547 48.0
v 86.0 114.0 48.50292205810547
v 85.54182434082031 114.0 61.0
v 86.0 113.49903869628906 61.0
v 86.0 114.0 60.4990348815918
v 85.45610046386719 114.0 62.0
v 85.47527313232422 115.0 49.0
v 86.0 114.47623443603516 49.0
v 85.52184295654297 115.0 50.0
v 86.0 114.52272033691406 50.0
v 86.0 115.0 50.501007080078125
v 85.54285430908203 115.0 58.0
v 86.0 114.52284240722656 58.0
v 86.0 115.0 57.500919342041016
v 85.50092315673828 115.0 59.0
v 86.0 114.5 59.0
v 85.49907684326172 115.0 60.0
v 86.0 114.47715759277344 60.0
v 85.45614624023438 115.0 61.0
v 86.0 115.45710754394531 51.0
v 85.47711181640625 116.0 52.0
v 86.0 115.49907684326172 52.0
v 85.49907684326172 116.0 53.0
v 86.0 115.5 53.0
v 85.49996185302734 116.0 54.0
v 86.0 115.5 54.0
v 85.52184295654297 116.0 55.0
v 86.0 115.52180480957031 55.0
v 86.0 116.0 55.525177001953125
v 85.52084350585938 116.0 57.0
v 86.0 115.49895477294922 57.0
v 86.0 116.0 56.4738655090332
v 85.45710754394531 116.0 58.0
v 86.0 116.43165588378906 56.0
v 86.4561538696289 87.0 50.0
v 86.476318359375 87.0 51.0
v 86.52084350585938 88.0 50.0
v 87.0 88.0 50.52503204345703
v 87.0 87.54756164550781 51.0
v 86.52172088623047 88.0 52.0
v 87.0 88.0 51.47500991821289
v 86.45614624023438 88.0 53.0
v 86.4316635131836 88.0 55.0
v 86.43279266357422 89.0 45.0
v 86.45714569091797 89.0 47.0
v 86.47724151611328 89.0 48.0
v 87.0 89.0 49.522010803222656
v 87.0 88.5020523071289 50.0
v 87.0 88.50100708007812 52.0
v 87.0 89.0 52.500919342041016
v 86.5419692993164 89.0 53.0
v 86.50092315673828 89.0 54.0
v 86.52018737792969 89.0 55.0
v 86.47819519042969 89.0 56.0
v 86.52783203125 90.0 43.0
v 87.0 90.0 42.59462356567383
v 87.0 89.5962142944336 43.0
v 86.50103759765625 90.0 44.0
v 87.0 90.0 43.446319580078125
v 86.52111053466797 90.0 45.0
v 86.50187683105469 90.0 46.0
v 86.54289245605469 90.0 47.0
v 87.0 90.0 47.4990348815918
v 87.0 89.5228042602539 48.0
v 87.0 89.49996185302734 49.0
v 87.0 89.47811126708984 53.0
v 87.0 89.5 54.0
v 87.0 89.50003814697266 55.0
v 87.0 89.52376556396484 56.0
v 86.52080535888672 90.0 57.0
v 87.0 90.0 56.49795150756836
v 86.4314193725586 90.0 58.0
v 86.45626068115234 91.0 41.0
v 86.5 91.0 42.0
v 87.0 91.0 42.502784729003906
v 87.0 90.47911071777344 44.0
v 87.0 90.47892761230469 45.0
v 87.0 90.4990005493164 46.0
v 87.0 90.47623443603516 47.0
v 86.4534683227539 91.0 52.0
v 86.45680236816406 91.0 53.0
v 87.0 90.50297546386719 57.0
v 87.0 91.0 57.456146240234375
v 86.456298828125 92.0 40.0
v 86.4991455078125 92.0 41.0
v 86.52192687988281 92.0 42.0
v 87.0 92.0 42.5
v 86.45532989501953 92.0 50.0
v 86.45713806152344 92.0 51.0
v 86.45169830322266 92.0 53.0
v 87.0 92.0 57.49903869628906
v 86.47806549072266 93.0 40.0
v 86.5008544921875 93.0 41.0
v 86.54373931884766 93.0 42.0
v 87.0 93.0 42.477108001708984
v 86.4552993774414 93.0 49.0
v 86.49910736083984 93.0 50.0
v 86.47898864746094 93.0 51.0
v 86.45260620117188 93.0 54.0
v 87.0 92.52288818359375 58.0
v 86.5 93.0 59.0
v 87.0 93.0 58.49795150756836
v 86.47807312011719 94.0 40.0
v 86.52100372314453 94.0 41.0
v 87.0 94.0 41.52096939086914
v 87.0 93.49899291992188 42.0
v 86.43058776855469 94.0 46.0
v 86.43067169189453 94.0 47.0
v 86.47898864746094 94.0 49.0
v 86.5 94.0 50.0
v 86.4991455078125 94.0 51.0
v 86.45729064941406 94.0 52.0
v 86.47711181640625 94.0 54.0
v 86.47631072998047 94.0 55.0
v 87.0 93.48095703125 59.0
v 87.0 93.5677490234375 60.0
v 86.47427368164062 94.0 61.0
v 87.0 94.0 60.45029830932617
v 86.47807312011719 95.0 40.0
v 86.52188873291016 95.0 41.0
v 87.0 95.0 41.499961853027344
v 86.43386840820312 95.0 48.0
v 86.498291015625 95.0 49.0
v 86.5008544921875 95.0 50.0
v 86.52009582519531 95.0 51.0
v 86.5 95.0 52.0
v 86.45832061767578 95.0 53.0
v 86.45816802978516 95.0 55.0
v 86.47895050048828 95.0 56.0
v 86.45713806152344 95.0 57.0
v 86.56721496582031 95.0 60.0
v 87.0 94.49787139892578 60.0
v 87.0 95.0 59.54747772216797
v 86.47888946533203 95.0 61.0
v 86.47807312011719 96.0 40.0
v 86.52108001708984 96.0 41.0
v 87.0 96.0 41.500003814697266
v 86.47991180419922 96.0 49.0
v 86.52100372314453 96.0 50.0
v 87.0 96.0 50.54587173461914
v 87.0 95.54674530029297 51.0
v 86.54270935058594 96.0 52.0
v 87.0 96.0 51.474998474121094
v 86.5 96.0 53.0
v 86.4572982788086 96.0 54.0
v 86.49819946289062 96.0 56.0
v 86.49996185302734 96.0 57.0
v 86.456298828125 96.0 58.0
v 87.0 95.47406005859375 60.0
v 87.0 96.0 60.50095748901367
v 86.5208511352539 96.0 61.0
v 86.47807312011719 97.0 40.0
v 86.52104187011719 97.0 41.0
v 87.0 97.0 41.5
v 86.45729064941406 97.0 48.0
v 86.4991455078125 97.0 49.0
v 86.52193450927734 97.0 50.0
v 87.0 97.0 50.50088882446289
v 87.0 96.50000762939453 52.0
v 86.54270935058594 97.0 53.0
v 87.0 97.0 52.499996185302734
v 86.47985076904297 97.0 54.0
v 86.47980499267578 97.0 56.0
v 86.50088500976562 97.0 57.0
v 86.49907684326172 97.0 58.0
v 87.0 96.50200653076172 61.0
v 87.0 97.0 61.45625686645508
v 86.47891998291016 98.0 40.0
v 86.5428237915039 98.0 41.0
v 87.0 98.0 41.47807312011719
v 86.45729064941406 98.0 47.0
v 86.4991455078125 98.0 48.0
v 86.5008544921875 98.0 49.0
v 86.543701171875 98.0 50.0
v 87.0 98.0 50.47806930541992
v 87.0 97.5 53.0
v 86.54186248779297 98.0 54.0
v 87.0 98.0 53.49995803833008
v 86.48076629638672 98.0 55.0
v 86.49915313720703 98.0 56.0
v 86.52101135253906 98.0 57.0
v 87.0 98.0 57.54697036743164
v 87.0 97.54875946044922 58.0
v 86.4771957397461 98.0 59.0
v 87.0 98.0 58.451202392578125
v 87.0 98.0 61.478919982910156
v 86.49907684326172 99.0 40.0
v 87.0 99.0 40.52288818359375
v 87.0 98.5 41.0
v 86.45530700683594 99.0 45.0
v 86.47898864746094 99.0 46.0
v 86.4991455078125 99.0 47.0
v 86.5 99.0 48.0
v 86.52101135253906 99.0 49.0
v 87.0 99.0 49.52192687988281
v 87.0 98.5 50.0
v 87.0 98.50003814697266 54.0
v 86.543701171875 99.0 55.0
v 87.0 99.0 54.5009651184082
v 86.52193450927734 99.0 56.0
v 86.543701171875 99.0 57.0
v 87.0 99.0 57.522979736328125
v 86.52175903320312 99.0 59.0
v 87.0 99.0 58.475059509277344
v 86.47819519042969 99.0 62.0
v 87.0 99.0 61.499961853027344
v 86.49903869628906 100.0 40.0
v 87.0 100.0 40.52288818359375
v 86.47898864746094 100.0 45.0
v 86.5 100.0 46.0
v 86.5 100.0 47.0
v 86.5008544921875 100.0 48.0
v 86.543701171875 100.0 49.0
v 87.0 100.0 49.47803497314453
v 87.0 99.47803497314453 55.0
v 87.0 99.5 56.0
v 87.0 99.49903106689453 57.0
v 87.0 99.52413940429688 58.0
v 86.59150695800781 100.0 58.0
v 87.0 100.0 57.547969818115234
v 87.0 99.5501708984375 59.0
v 87.0 100.0 58.501216888427734
v 86.47531127929688 100.0 60.0
v 87.0 100.0 59.42752456665039
v 86.50092315673828 100.0 62.0
v 87.0 100.0 61.520225524902344
v 86.47799682617188 101.0 40.0
v 87.0 100.5 41.0
v 86.5428237915039 101.0 41.0
v 87.0 101.0 41.47807312011719
v 86.4571762084961 101.0 44.0
v 86.4991455078125 101.0 45.0
v 86.5 101.0 46.0
v 86.5 101.0 47.0
v 86.52101135253906 101.0 48.0
v 87.0 101.0 48.52192687988281
v 87.0 100.5 49.0
v 87.0 100.4520263671875 58.0
v 87.0 101.0 58.49995803833008
v 86.54186248779297 101.0 59.0
v 87.0 100.4507827758789 59.0
v 86.45610809326172 101.0 60.0
v 86.5238037109375 101.0 62.0
v 87.0 101.0 61.54290008544922
v 86.45525360107422 102.0 40.0
v 86.52018737792969 102.0 41.0
v 87.0 102.0 41.500038146972656
v 86.47895812988281 102.0 44.0
v 86.5 102.0 45.0
v 86.5 102.0 46.0
v 86.5008544921875 102.0 47.0
v 86.543701171875 102.0 48.0
v 87.0 102.0 48.47807312011719
v 86.47820281982422 102.0 59.0
v 87.0 102.0 58.49815368652344
v 87.0 101.49899291992188 62.0
v 86.4771957397461 102.0 63.0
v 87.0 102.0 62.477195739746094
v 86.49996185302734 103.0 41.0
v 87.0 103.0 41.50092697143555
v 86.47895812988281 103.0 44.0
v 86.5 103.0 45.0
v 86.5008544921875 103.0 46.0
v 86.54270935058594 103.0 47.0
v 87.0 103.0 47.5
v 87.0 102.49903869628906 48.0
v 87.0 103.0 58.45610427856445
v 86.5 103.0 63.0
v 87.0 103.0 62.49907302856445
v 86.49907684326172 104.0 41.0
v 87.0 104.0 41.50096893310547
v 86.47895812988281 104.0 44.0
v 86.5008544921875 104.0 45.0
v 86.54270935058594 104.0 46.0
v 87.0 104.0 46.5
v 87.0 103.5 47.0
v 86.52091979980469 104.0 58.0
v 87.0 104.0 57.52088165283203
v 87.0 103.49794006347656 58.0
v 86.49907684326172 104.0 63.0
v 87.0 104.0 62.47614669799805
v 86.47715759277344 105.0 41.0
v 87.0 105.0 41.523807525634766
v 86.47895812988281 105.0 44.0
v 86.52101135253906 105.0 45.0
v 87.0 105.0 45.52193069458008
v 87.0 104.50096893310547 46.0
v 86.49992370605469 105.0 58.0
v 87.0 105.0 57.4990348815918
v 86.54473876953125 105.0 61.0
v 87.0 104.52385711669922 61.0
v 87.0 105.0 60.52477264404297
v 86.52101135253906 105.0 62.0
v 87.0 104.47710418701172 62.0
v 86.47891998291016 105.0 63.0
v 86.40499114990234 105.0 65.0
v 86.52184295654297 106.0 42.0
v 87.0 105.49895477294922 42.0
v 87.0 106.0 42.47903823852539
v 86.45614624023438 106.0 44.0
v 86.5 106.0 45.0
v 87.0 106.0 45.52385711669922
v 86.47628021240234 106.0 58.0
v 87.0 106.0 57.476192474365234
v 86.543701171875 106.0 61.0
v 87.0 106.0 60.52288818359375
v 86.5 106.0 62.0
v 86.456298828125 106.0 63.0
v 86.49903869628906 107.0 42.0
v 87.0 107.0 42.52192306518555
v 87.0 106.47526550292969 46.0
v 86.47819519042969 107.0 46.0
v 87.0 106.52188873291016 47.0
v 86.5428466796875 107.0 47.0
v 87.0 107.0 47.50004196166992
v 86.5 107.0 57.0
v 87.0 107.0 56.49800109863281
v 87.0 106.49703979492188 57.0
v 87.0 106.5 61.0
v 87.0 107.0 61.477149963378906
v 86.5 107.0 62.0
v 86.45710754394531 108.0 42.0
v 87.0 107.5 43.0
v 86.54186248779297 108.0 43.0
v 87.0 108.0 43.49899673461914
v 86.45618438720703 108.0 47.0
v 87.0 107.47711181640625 48.0
v 86.49903869628906 108.0 48.0
v 87.0 107.52092742919922 49.0
v 86.52275848388672 108.0 49.0
v 87.0 108.0 49.500083923339844
v 86.52176666259766 108.0 56.0
v 87.0 108.0 55.498077392578125
v 87.0 107.49895477294922 56.0
v 86.49907684326172 108.0 62.0
v 87.0 108.0 61.47711181640625
v 86.45614624023438 109.0 43.0
v 87.0 108.4791488647461 44.0
v 86.5 109.0 44.0
v 86.54381561279297 109.0 45.0
v 87.0 108.54381561279297 45.0
v 87.0 109.0 45.49611282348633
v 87.0 108.49895477294922 50.0
v 86.52176666259766 109.0 50.0
v 87.0 109.0 50.50196838378906
v 86.543701171875 109.0 53.0
v 87.0 109.0 52.5
v 87.0 108.52288818359375 53.0
v 87.0 108.50092315673828 54.0
v 86.52192687988281 109.0 54.0
v 87.0 108.47807312011719 55.0
v 86.52015686035156 109.0 55.0
v 86.45714569091797 109.0 56.0
v 86.543701171875 109.0 61.0
v 87.0 108.5 61.0
v 87.0 109.0 60.52281188964844
v 86.47891998291016 109.0 62.0
v 86.45809936523438 110.0 45.0
v 87.0 109.50292205810547 46.0
v 86.54289245605469 110.0 46.0
v 87.0 110.0 46.47627639770508
v 86.45718383789062 110.0 50.0
v 87.0 109.47802734375 51.0
v 86.52015686035156 110.0 51.0
v 87.0 109.47802734375 52.0
v 86.52015686035156 110.0 52.0
v 86.47984313964844 110.0 53.0
v 86.47807312011719 110.0 54.0
v 86.456298828125 110.0 55.0
v 86.52108001708984 110.0 61.0
v 87.0 110.0 60.5
v 86.456298828125 110.0 62.0
v 86.47819519042969 111.0 46.0
v 87.0 111.0 46.524688720703125
v 86.45629119873047 111.0 51.0
v 86.45626068115234 111.0 52.0
v 86.50092315673828 111.0 61.0
v 87.0 111.0 60.49907302856445
v 86.47819519042969 112.0 47.0
v 87.0 111.47531127929688 47.0
v 86.54281616210938 112.0 48.0
v 87.0 111.5228042602539 48.0
v 87.0 112.0 48.4990348815918
v 86.49907684326172 112.0 61.0
v 87.0 112.0 60.47711181640625
v 86.45809936523438 113.0 48.0
v 87.0 112.5 49.0
v 86.54185485839844 113.0 49.0
v 87.0 113.0 49.5
v 86.54185485839844 113.0 60.0
v 87.0 112.49899291992188 60.0
v 87.0 113.0 59.498992919921875
v 86.45714569091797 113.0 61.0
v 86.45710754394531 114.0 49.0
v 87.0 113.49903869628906 50.0
v 86.52176666259766 114.0 50.0
v 87.0 114.0 50.50200653076172
v 86.543701171875 114.0 56.0
v 87.0 113.5228500366211 56.0
v 87.0 114.0 55.50004196166992
v 86.52108001708984 114.0 57.0
v 87.0 113.5 57.0
v 86.50092315673828 114.0 58.0
v 87.0 113.49907684326172 58.0
v 86.49907684326172 114.0 59.0
v 87.0 113.47711181640625 59.0
v 86.45714569091797 114.0 60.0
v 86.47623443603516 115.0 51.0
v 87.0 114.47618865966797 51.0
v 86.49996185302734 115.0 52.0
v 87.0 114.49907684326172 52.0
v 86.5 115.0 53.0
v 87.0 114.49996185302734 53.0
v 86.5 115.0 54.0
v 87.0 114.49996185302734 54.0
v 86.5 115.0 55.0
v 87.0 114.4771957397461 55.0
v 86.4991455078125 115.0 56.0
v 86.45729064941406 115.0 57.0
v 86.43165588378906 116.0 56.0
v 87.43274688720703 88.0 51.0
v 87.45629119873047 89.0 50.0
v 87.49828338623047 89.0 51.0
v 87.45729064941406 89.0 52.0
v 87.4045639038086 90.0 43.0
v 87.4771957397461 90.0 48.0
v 87.50003814697266 90.0 49.0
v 87.5201187133789 90.0 50.0
v 87.50081634521484 90.0 51.0
v 87.4991455078125 90.0 52.0
v 87.49907684326172 90.0 53.0
v 87.49903869628906 90.0 54.0
v 87.47891998291016 90.0 55.0
v 87.45626068115234 90.0 56.0
v 87.4762191772461 91.0 43.0
v 87.49995422363281 91.0 44.0
v 88.0 91.0 44.547935485839844
v 88.0 90.56938934326172 45.0
v 87.52184295654297 91.0 46.0
v 88.0 91.0 45.473758697509766
v 87.52276611328125 91.0 47.0
v 88.0 91.0 47.50104522705078
v 88.0 90.52381134033203 48.0
v 88.0 90.50093078613281 49.0
v 88.0 90.52196502685547 50.0
v 88.0 91.0 50.5
v 87.54205322265625 91.0 51.0
v 87.52268981933594 91.0 52.0
v 88.0 91.0 52.52394485473633
v 88.0 90.54573822021484 53.0
v 88.0 90.52482604980469 54.0
v 88.0 91.0 54.47701644897461
v 87.52192687988281 91.0 55.0
v 87.51924133300781 91.0 56.0
v 87.45614624023438 91.0 57.0
v 87.47807312011719 92.0 43.0
v 87.52192687988281 92.0 44.0
v 88.0 92.0 44.50088882446289
v 88.0 91.47911834716797 46.0
v 88.0 91.47907257080078 47.0
v 88.0 91.47807312011719 51.0
v 88.0 91.5 52.0
v 88.0 92.0 52.54912185668945
v 87.5732421875 92.0 53.0
v 88.0 91.52529907226562 53.0
v 88.0 92.0 53.4736442565918
v 87.56609344482422 92.0 55.0
v 88.0 92.0 54.499996185302734
v 88.0 92.0 55.527530670166016
v 88.0 91.57186126708984 56.0
v 88.0 92.0 56.42728042602539
v 87.49815368652344 92.0 57.0
v 87.5 93.0 43.0
v 87.54469299316406 93.0 44.0
v 88.0 93.0 44.47710418701172
v 88.0 92.45087432861328 53.0
v 88.0 93.0 53.52288818359375
v 87.54634857177734 93.0 54.0
v 88.0 92.5 54.0
v 88.0 93.0 54.52519226074219
v 88.0 92.52519989013672 55.0
v 88.0 93.0 55.473758697509766
v 87.56502532958984 93.0 56.0
v 88.0 92.47142028808594 56.0
v 87.50081634521484 93.0 57.0
v 87.45629119873047 93.0 58.0
v 87.476318359375 94.0 42.0
v 88.0 94.0 42.54861068725586
v 88.0 93.54682922363281 43.0
v 88.0 93.47798919677734 44.0
v 87.52482604980469 94.0 54.0
v 88.0 94.0 53.52386474609375
v 88.0 93.47586059570312 55.0
v 87.54656219482422 94.0 55.0
v 88.0 94.0 55.49894714355469
v 88.0 93.50105285644531 56.0
v 88.0 94.0 56.47807312011719
v 87.54285430908203 94.0 57.0
v 87.5201187133789 94.0 58.0
v 87.4788818359375 94.0 59.0
v 87.43062591552734 94.0 60.0
v 87.47891998291016 95.0 42.0
v 88.0 94.4749526977539 43.0
v 87.54270935058594 95.0 43.0
v 88.0 95.0 43.50096893310547
v 88.0 94.4760971069336 54.0
v 88.0 94.45606231689453 55.0
v 88.0 94.47895812988281 57.0
v 88.0 94.52196502685547 58.0
v 88.0 95.0 58.498077392578125
v 87.52264404296875 95.0 59.0
v 87.47806549072266 96.0 42.0
v 87.5008544921875 96.0 43.0
v 88.0 95.47807312011719 44.0
v 87.52101135253906 96.0 44.0
v 87.52285766601562 96.0 45.0
v 88.0 95.50089263916016 45.0
v 87.56828308105469 96.0 46.0
v 88.0 95.5458755493164 46.0
v 88.0 96.0 46.45325469970703
v 87.43175506591797 96.0 51.0
v 87.5738754272461 96.0 56.0
v 88.0 95.57124328613281 56.0
v 88.0 96.0 55.572975158691406
v 88.0 96.0 56.42698669433594
v 88.0 95.50096130371094 59.0
v 87.5 96.0 60.0
v 88.0 96.0 59.498043060302734
v 87.47806549072266 97.0 42.0
v 87.50084686279297 97.0 43.0
v 87.52101135253906 97.0 44.0
v 87.543701171875 97.0 45.0
v 88.0 97.0 45.49903106689453
v 88.0 96.4749984741211 46.0
v 87.47714233398438 97.0 51.0
v 87.45729064941406 97.0 52.0
v 88.0 96.4270248413086 56.0
v 88.0 96.50292205810547 60.0
v 87.47618865966797 97.0 61.0
v 88.0 97.0 60.476234436035156
v 87.47898864746094 98.0 42.0
v 87.52100372314453 98.0 43.0
v 88.0 98.0 43.52285385131836
v 88.0 97.5228500366211 44.0
v 88.0 97.47718811035156 45.0
v 87.47898864746094 98.0 51.0
v 87.4991455078125 98.0 52.0
v 87.45732879638672 98.0 53.0
v 87.45127868652344 98.0 58.0
v 87.49907684326172 98.0 61.0
v 88.0 98.0 60.49992370605469
v 87.456298828125 99.0 41.0
v 87.4991455078125 99.0 42.0
v 87.52192687988281 99.0 43.0
v 88.0 99.0 43.49907684326172
v 87.456298828125 99.0 50.0
v 87.4991455078125 99.0 51.0
v 87.5 99.0 52.0
v 87.4991455078125 99.0 53.0
v 87.45732879638672 99.0 54.0
v 87.45430755615234 99.0 58.0
v 87.52176666259766 99.0 61.0
v 88.0 99.0 60.52088165283203
v 87.456298828125 100.0 41.0
v 87.4991455078125 100.0 42.0
v 87.52188873291016 100.0 43.0
v 88.0 100.0 43.49907684326172
v 87.47984313964844 100.0 50.0
v 87.52008819580078 100.0 51.0
v 87.5008544921875 100.0 52.0
v 87.5008544921875 100.0 53.0
v 87.51924133300781 100.0 54.0
v 87.47984313964844 100.0 55.0
v 87.47810363769531 100.0 56.0
v 87.45813751220703 100.0 57.0
v 87.42845916748047 100.0 59.0
v 88.0 99.5020980834961 61.0
v 88.0 100.0 61.455257415771484
v 87.47898864746094 101.0 42.0
v 87.52108001708984 101.0 43.0
v 88.0 101.0 43.499961853027344
v 87.456298828125 101.0 49.0
v 87.52015686035156 101.0 50.0
v 88.0 101.0 50.5459098815918
v 88.0 100.54674530029297 51.0
v 87.54270935058594 101.0 52.0
v 88.0 101.0 51.47500228881836
v 87.52193450927734 101.0 53.0
v 88.0 101.0 53.546051025390625
v 88.0 100.54784393310547 54.0
v 87.52100372314453 101.0 55.0
v 88.0 101.0 54.453067779541016
v 87.5 101.0 56.0
v 87.4991455078125 101.0 57.0
v 87.45816802978516 101.0 58.0
v 88.0 101.0 61.47795486450195
v 87.47807312011719 102.0 42.0
v 87.52104187011719 102.0 43.0
v 88.0 102.0 43.500003814697266
v 87.47898864746094 102.0 49.0
v 87.52192687988281 102.0 50.0
v 88.0 102.0 50.500892639160156
v 88.0 101.5 52.0
v 87.56720733642578 102.0 53.0
v 88.0 102.0 52.5239372253418
v 88.0 102.0 53.50106430053711
v 87.52101135253906 102.0 55.0
v 88.0 102.0 54.45412826538086
v 87.5 102.0 56.0
v 87.5 102.0 57.0
v 87.47891235351562 102.0 58.0
v 87.4771957397461 102.0 62.0
v 88.0 102.0 61.476192474365234
v 87.47807312011719 103.0 42.0
v 87.52104187011719 103.0 43.0
v 88.0 103.0 43.500003814697266
v 87.45729064941406 103.0 48.0
v 87.4991455078125 103.0 49.0
v 87.52192687988281 103.0 50.0
v 88.0 103.0 50.5
v 88.0 102.47605895996094 53.0
v 88.0 103.0 53.500003814697266
v 87.54270935058594 103.0 54.0
v 88.0 102.47500610351562 54.0
v 87.5008544921875 103.0 55.0
v 87.5 103.0 56.0
v 87.4991455078125 103.0 57.0
v 87.45613861083984 103.0 58.0
v 87.543701171875 103.0 61.0
v 88.0 102.49995422363281 61.0
v 88.0 103.0 60.52196502685547
v 87.47891998291016 103.0 62.0
v 87.47806549072266 104.0 42.0
v 87.52104187011719 104.0 43.0
v 88.0 104.0 43.500003814697266
v 87.45732879638672 104.0 47.0
v 87.4991455078125 104.0 48.0
v 87.5 104.0 49.0
v 87.52192687988281 104.0 50.0
v 88.0 104.0 50.5
v 87.5447006225586 104.0 54.0
v 88.0 104.0 53.52289581298828
v 87.52101135253906 104.0 55.0
v 87.5008544921875 104.0 56.0
v 87.47898864746094 104.0 57.0
v 87.5 104.0 61.0
v 88.0 104.0 60.47807312011719
v 87.45530700683594 104.0 62.0
v 87.45626068115234 105.0 42.0
v 87.52018737792969 105.0 43.0
v 88.0 105.0 43.50004196166992
v 87.4571762084961 105.0 46.0
v 87.4991455078125 105.0 47.0
v 87.5 105.0 48.0
v 87.5 105.0 49.0
v 87.52101135253906 105.0 50.0
v 88.0 105.0 50.52193069458008
v 88.0 104.47798919677734 54.0
v 88.0 104.54586791992188 55.0
v 87.52008819580078 105.0 56.0
v 88.0 105.0 55.45325469970703
v 87.47807312011719 105.0 57.0
v 87.5228042602539 105.0 60.0
v 88.0 104.49995422363281 60.0
v 88.0 105.0 59.522804260253906
v 87.49999237060547 106.0 43.0
v 88.0 106.0 43.50092697143555
v 87.45613861083984 106.0 46.0
v 87.47898864746094 106.0 47.0
v 87.4991455078125 106.0 48.0
v 87.5 106.0 49.0
v 87.5008544921875 106.0 50.0
v 88.0 105.5 51.0
v 87.543701171875 106.0 51.0
v 88.0 106.0 51.47807312011719
v 87.543701171875 106.0 55.0
v 88.0 106.0 54.52192306518555
v 88.0 105.47595977783203 55.0
v 87.5 106.0 56.0
v 87.45629119873047 106.0 57.0
v 87.50092315673828 106.0 60.0
v 88.0 106.0 59.5
v 87.4771957397461 107.0 43.0
v 88.0 107.0 43.523807525634766
v 87.45633697509766 107.0 48.0
v 87.47898864746094 107.0 49.0
v 87.4991455078125 107.0 50.0
v 87.52101135253906 107.0 51.0
v 88.0 107.0 51.522891998291016
v 87.52015686035156 107.0 55.0
v 88.0 107.0 54.47706985473633
v 87.4572525024414 107.0 56.0
v 87.52015686035156 107.0 60.0
v 88.0 107.0 59.47807693481445
v 87.456298828125 107.0 61.0
v 87.4990005493164 108.0 44.0
v 88.0 107.49699401855469 44.0
v 88.0 108.0 44.503929138183594
v 87.4572525024414 108.0 50.0
v 87.5 108.0 51.0
v 88.0 107.47706604003906 52.0
v 87.52015686035156 108.0 52.0
v 88.0 107.49906921386719 53.0
v 87.50092315673828 108.0 53.0
v 88.0 107.47615051269531 54.0
v 87.49907684326172 108.0 54.0
v 87.45714569091797 108.0 55.0
v 87.56720733642578 108.0 59.0
v 88.0 107.52302551269531 59.0
v 88.0 108.0 58.54660415649414
v 87.5008544921875 108.0 60.0
v 87.456298828125 108.0 61.0
v 88.0 108.45614624023438 45.0
v 87.5009536743164 109.0 46.0
v 88.0 108.52084350585938 46.0
v 88.0 109.0 46.50100326538086
v 87.45633697509766 109.0 51.0
v 87.456298828125 109.0 52.0
v 88.0 108.5 59.0
v 88.0 109.0 59.45339584350586
v 87.49908447265625 109.0 60.0
v 87.52176666259766 110.0 47.0
v 88.0 109.4990005493164 47.0
v 88.0 110.0 47.501922607421875
v 87.5427017211914 110.0 59.0
v 88.0 109.47605895996094 59.0
v 88.0 110.0 58.499996185302734
v 87.47891998291016 110.0 60.0
v 87.45610809326172 111.0 47.0
v 88.0 110.4771957397461 48.0
v 87.5 111.0 48.0
v 87.54281616210938 111.0 49.0
v 88.0 110.5228042602539 49.0
v 88.0 111.0 49.4990348815918
v 87.54270935058594 111.0 58.0
v 88.0 110.5 58.0
v 88.0 111.0 57.5
v 87.5008544921875 111.0 59.0
v 87.47806549072266 111.0 60.0
v 87.45813751220703 112.0 49.0
v 88.0 111.5 50.0
v 87.54182434082031 112.0 50.0
v 88.0 112.0 50.501007080078125
v 87.54270935058594 112.0 57.0
v 88.0 111.5 57.0
v 88.0 112.0 56.4990348815918
v 87.5008544921875 112.0 58.0
v 87.4991455078125 112.0 59.0
v 87.456298828125 112.0 60.0
v 87.45813751220703 113.0 50.0
v 88.0 112.47803497314453 51.0
v 87.52015686035156 113.0 51.0
v 87.543701171875 113.0 52.0
v 88.0 112.52192687988281 52.0
v 88.0 113.0 52.500003814697266
v 87.54285430908203 113.0 55.0
v 88.0 112.52188873291016 55.0
v 88.0 113.0 54.49995422363281
v 87.5 113.0 56.0
v 88.0 112.4771499633789 56.0
v 87.47891998291016 113.0 57.0
v 87.47806549072266 113.0 58.0
v 87.456298828125 113.0 59.0
v 87.45626068115234 114.0 51.0
v 87.47891998291016 114.0 52.0
v 88.0 113.47711181640625 53.0
v 87.49907684326172 114.0 53.0
v 87.49907684326172 114.0 54.0
v 88.0 113.47711181640625 54.0
v 87.45714569091797 114.0 55.0
v 88.43058013916016 91.0 45.0
v 88.45625305175781 91.0 48.0
v 88.47806549072266 91.0 49.0
v 88.456298828125 91.0 50.0
v 88.43278503417969 91.0 53.0
v 88.45429992675781 91.0 54.0
v 88.47714233398438 92.0 45.0
v 88.47898864746094 92.0 46.0
v 88.47898864746094 92.0 47.0
v 88.4991455078125 92.0 48.0
v 88.5 92.0 49.0
v 88.4991455078125 92.0 50.0
v 88.47898864746094 92.0 51.0
v 88.45729064941406 92.0 52.0
v 88.43386840820312 92.0 54.0
v 88.40616607666016 92.0 56.0
v 88.47898864746094 93.0 45.0
v 88.5 93.0 46.0
v 88.5 93.0 47.0
v 88.5 93.0 48.0
v 88.5 93.0 49.0
v 88.5008544921875 93.0 50.0
v 88.52008819580078 93.0 51.0
v 88.5 93.0 52.0
v 88.45729064941406 93.0 53.0
v 88.40850067138672 93.0 55.0
v 88.43167114257812 94.0 43.0
v 88.47806549072266 94.0 44.0
v 88.4991455078125 94.0 45.0
v 88.5 94.0 46.0
v 88.5 94.0 47.0
v 88.5 94.0 48.0
v 88.5008544921875 94.0 49.0
v 88.54270935058594 94.0 50.0
v 89.0 94.0 50.525001525878906
v 89.0 93.54674530029297 51.0
v 89.0 94.0 51.45412826538086
v 88.52100372314453 94.0 52.0
v 88.47898864746094 94.0 53.0
v 88.4338607788086 94.0 56.0
v 88.456298828125 95.0 44.0
v 88.47806549072266 95.0 45.0
v 88.47898864746094 95.0 46.0
v 88.4991455078125 95.0 47.0
v 88.5 95.0 48.0
v 88.52101135253906 95.0 49.0
v 89.0 95.0 49.52193069458008
v 89.0 94.50096893310547 50.0
v 88.54466247558594 95.0 52.0
v 89.0 95.0 51.52200698852539
v 88.52015686035156 95.0 53.0
v 88.47984313964844 95.0 54.0
v 88.47807312011719 95.0 55.0
v 88.47806549072266 95.0 56.0
v 88.47806549072266 95.0 57.0
v 88.456298828125 95.0 58.0
v 88.47990417480469 96.0 47.0
v 88.5 96.0 48.0
v 88.52192687988281 96.0 49.0
v 89.0 96.0 49.5
v 89.0 95.47710418701172 52.0
v 89.0 95.52293395996094 53.0
v 89.0 96.0 53.477108001708984
v 88.52100372314453 96.0 54.0
v 88.47991180419922 96.0 55.0
v 88.48075866699219 96.0 57.0
v 88.51923370361328 96.0 58.0
v 88.45809936523438 96.0 59.0
v 88.45729064941406 97.0 46.0
v 88.4991455078125 97.0 47.0
v 88.5008544921875 97.0 48.0
v 88.543701171875 97.0 49.0
v 89.0 97.0 49.47806930541992
v 88.54366302490234 97.0 54.0
v 89.0 97.0 53.52192687988281
v 88.5 97.0 55.0
v 88.47991180419922 97.0 56.0
v 88.51920318603516 97.0 57.0
v 89.0 97.0 57.57186508178711
v 89.0 96.57186126708984 58.0
v 89.0 97.0 58.44871139526367
v 88.54083251953125 97.0 59.0
v 88.45710754394531 97.0 60.0
v 88.4561538696289 98.0 44.0
v 88.49907684326172 98.0 45.0
v 88.5 98.0 46.0
v 88.5008544921875 98.0 47.0
v 88.54270935058594 98.0 48.0
v 89.0 98.0 48.5
v 89.0 97.49903869628906 49.0
v 89.0 97.49903869628906 54.0
v 89.0 98.0 54.5009651184082
v 88.54366302490234 98.0 55.0
v 88.52101135253906 98.0 56.0
v 88.5008544921875 98.0 57.0
v 89.0 97.4487533569336 58.0
v 88.52176666259766 98.0 58.0
v 89.0 98.0 58.551246643066406
v 89.0 97.55128479003906 59.0
v 89.0 98.0 59.42723846435547
v 88.49815368652344 98.0 60.0
v 88.49907684326172 99.0 44.0
v 89.0 99.0 44.54682922363281
v 89.0 98.54766082763672 45.0
v 89.0 99.0 45.475955963134766
v 88.543701171875 99.0 46.0
v 88.543701171875 99.0 47.0
v 89.0 99.0 47.4990348815918
v 89.0 98.5 48.0
v 89.0 98.47803497314453 55.0
v 89.0 98.52192687988281 56.0
v 89.0 99.0 56.5
v 88.5420150756836 99.0 57.0
v 88.50177001953125 99.0 58.0
v 89.0 98.42903900146484 59.0
v 88.51934051513672 99.0 59.0
v 88.47980499267578 99.0 60.0
v 88.49907684326172 100.0 44.0
v 89.0 100.0 44.52482223510742
v 89.0 99.50096893310547 46.0
v 89.0 99.5 47.0
v 89.0 99.47807312011719 57.0
v 89.0 99.52201080322266 58.0
v 89.0 100.0 58.47710418701172
v 88.50172424316406 100.0 59.0
v 88.49832916259766 100.0 60.0
v 88.45525360107422 100.0 61.0
v 88.47891998291016 101.0 44.0
v 89.0 100.47613525390625 45.0
v 88.52101135253906 101.0 45.0
v 88.5228500366211 101.0 46.0
v 89.0 100.47887420654297 46.0
v 88.56828308105469 101.0 47.0
v 89.0 100.52404022216797 47.0
v 89.0 101.0 47.45325469970703
v 88.43254852294922 101.0 51.0
v 88.43070220947266 101.0 54.0
v 88.520263671875 101.0 59.0
v 89.0 101.0 58.499996185302734
v 88.49996185302734 101.0 60.0
v 88.47714233398438 101.0 61.0
v 88.47807312011719 102.0 44.0
v 88.5 102.0 45.0
v 88.52101135253906 102.0 46.0
v 89.0 102.0 46.52192306518555
v 89.0 101.47595977783203 47.0
v 88.47718048095703 102.0 51.0
v 88.45729064941406 102.0 52.0
v 88.43171691894531 102.0 54.0
v 88.52104187011719 102.0 59.0
v 89.0 102.0 58.5
v 88.4991455078125 102.0 60.0
v 88.45625305175781 102.0 61.0
v 88.47807312011719 103.0 44.0
v 88.5008544921875 103.0 45.0
v 88.54366302490234 103.0 46.0
v 89.0 103.0 46.47806930541992
v 88.47807312011719 103.0 51.0
v 88.4991455078125 103.0 52.0
v 88.45729064941406 103.0 53.0
v 88.54285430908203 103.0 59.0
v 89.0 103.0 58.52192687988281
v 88.47984313964844 103.0 60.0
v 88.47807312011719 104.0 44.0
v 88.5209732055664 104.0 45.0
v 89.0 104.0 45.52192687988281
v 89.0 103.49999237060547 46.0
v 88.47807312011719 104.0 51.0
v 88.5 104.0 52.0
v 88.47898864746094 104.0 53.0
v 89.0 103.52302551269531 59.0
v 89.0 104.0 59.45244216918945
v 88.47628021240234 104.0 60.0
v 88.47807312011719 105.0 44.0
v 88.52108001708984 105.0 45.0
v 89.0 105.0 45.5
v 88.456298828125 105.0 51.0
v 88.4991455078125 105.0 52.0
v 88.4991455078125 105.0 53.0
v 88.47807312011719 105.0 54.0
v 88.43175506591797 105.0 55.0
v 88.52275848388672 105.0 59.0
v 89.0 104.47596740722656 59.0
v 89.0 105.0 58.52092361450195
v 88.47806549072266 106.0 44.0
v 88.52108001708984 106.0 45.0
v 89.0 106.0 45.500003814697266
v 88.47898864746094 106.0 52.0
v 88.5 106.0 53.0
v 88.4790267944336 106.0 54.0
v 88.49907684326172 106.0 59.0
v 89.0 106.0 58.477115631103516
v 88.45626068115234 107.0 44.0
v 88.5201187133789 107.0 45.0
v 89.0 107.0 45.52293395996094
v 88.45530700683594 107.0 52.0
v 88.47810363769531 107.0 53.0
v 88.45695495605469 107.0 54.0
v 88.54281616210938 107.0 58.0
v 89.0 106.49995422363281 58.0
v 89.0 107.0 57.52188491821289
v 88.4571533203125 107.0 59.0
v 88.45614624023438 108.0 45.0
v 89.0 107.47618865966797 46.0
v 88.49996185302734 108.0 46.0
v 88.54281616210938 108.0 47.0
v 89.0 107.52188873291016 47.0
v 89.0 108.0 47.499080657958984
v 88.50092315673828 108.0 58.0
v 89.0 108.0 57.47719192504883
v 88.45809936523438 109.0 47.0
v 89.0 108.49995422363281 48.0
v 88.54185485839844 109.0 48.0
v 89.0 109.0 48.501007080078125
v 88.54270935058594 109.0 57.0
v 89.0 108.49903869628906 57.0
v 89.0 109.0 56.4990348815918
v 88.4991455078125 109.0 58.0
v 88.43279266357422 109.0 59.0
v 88.45714569091797 110.0 48.0
v 89.0 109.4771499633789 49.0
v 88.5 110.0 49.0
v 88.54281616210938 110.0 50.0
v 89.0 109.52192687988281 50.0
v 89.0 110.0 50.50004196166992
v 88.543701171875 110.0 55.0
v 89.0 109.52192687988281 55.0
v 89.0 110.0 54.5
v 88.52101135253906 110.0 56.0
v 89.0 109.47807312011719 56.0
v 88.5 110.0 57.0
v 88.45729064941406 110.0 58.0
v 88.45813751220703 111.0 50.0
v 89.0 110.47803497314453 51.0
v 88.52015686035156 111.0 51.0
v 88.52192687988281 111.0 52.0
v 89.0 110.5 52.0
v 88.52192687988281 111.0 53.0
v 89.0 110.5 53.0
v 88.52101135253906 111.0 54.0
v 89.0 110.47807312011719 54.0
v 88.5008544921875 111.0 55.0
v 88.4991455078125 111.0 56.0
v 88.45729064941406 111.0 57.0
v 88.456298828125 112.0 51.0
v 88.47898864746094 112.0 52.0
v 88.4991455078125 112.0 53.0
v 88.4991455078125 112.0 54.0
v 88.47898864746094 112.0 55.0
v 88.456298828125 112.0 56.0
v 88.456298828125 113.0 53.0
v 88.456298828125 113.0 54.0
v 89.43171691894531 94.0 51.0
v 89.456298828125 95.0 50.0
v 89.47806549072266 95.0 51.0
v 89.47806549072266 96.0 50.0
v 89.4991455078125 96.0 51.0
v 89.47898864746094 96.0 52.0
v 89.45530700683594 96.0 53.0
v 89.47898864746094 97.0 50.0
v 89.5 97.0 51.0
v 89.49999237060547 97.0 52.0
v 89.47898864746094 97.0 53.0
v 89.40616607666016 97.0 58.0
v 89.45729064941406 98.0 49.0
v 89.4991455078125 98.0 50.0
v 89.5 98.0 51.0
v 89.5 98.0 52.0
v 89.4991455078125 98.0 53.0
v 89.45729064941406 98.0 54.0
v 89.40616607666016 98.0 59.0
v 89.43170928955078 99.0 45.0
v 89.45729064941406 99.0 48.0
v 89.4991455078125 99.0 49.0
v 89.5008544921875 99.0 50.0
v 89.52101135253906 99.0 51.0
v 89.52101135253906 99.0 52.0
v 89.501708984375 99.0 53.0
v 89.51924133300781 99.0 54.0
v 89.47984313964844 99.0 55.0
v 89.456298828125 99.0 56.0
v 89.45514678955078 100.0 45.0
v 89.45533752441406 100.0 46.0
v 89.456298828125 100.0 47.0
v 89.498291015625 100.0 48.0
v 89.5 100.0 49.0
v 89.5209732055664 100.0 50.0
v 90.0 100.0 50.52289581298828
v 90.0 99.52289581298828 51.0
v 90.0 99.52192687988281 52.0
v 90.0 100.0 52.522979736328125
v 89.56716918945312 100.0 53.0
v 90.0 100.0 53.5
v 90.0 99.54573059082031 54.0
v 90.0 100.0 54.47605895996094
v 89.54267120361328 100.0 55.0
v 89.5 100.0 56.0
v 89.47898864746094 100.0 57.0
v 89.45530700683594 100.0 58.0
v 89.47990417480469 101.0 48.0
v 89.5008544921875 101.0 49.0
v 89.54286193847656 101.0 50.0
v 90.0 101.0 50.47807312011719
v 90.0 100.45430755615234 53.0
v 90.0 100.5 55.0
v 90.0 101.0 55.499996185302734
v 89.54270935058594 101.0 56.0
v 89.50084686279297 101.0 57.0
v 89.47806549072266 101.0 58.0
v 89.45713806152344 102.0 47.0
v 89.5 102.0 48.0
v 89.54270935058594 102.0 49.0
v 90.0 102.0 49.500003814697266
v 90.0 101.49903869628906 50.0
v 90.0 101.52394104003906 56.0
v 90.0 102.0 56.454307556152344
v 89.52008819580078 102.0 57.0
v 89.47807312011719 102.0 58.0
v 89.47987365722656 103.0 47.0
v 89.52008819580078 103.0 48.0
v 90.0 103.0 48.54569625854492
v 90.0 102.52394104003906 49.0
v 89.56720733642578 103.0 56.0
v 90.0 102.5 56.0
v 90.0 103.0 55.545692443847656
v 89.501708984375 103.0 57.0
v 89.47898864746094 103.0 58.0
v 89.47807312011719 104.0 46.0
v 89.50003051757812 104.0 47.0
v 89.5008544921875 104.0 48.0
v 90.0 103.47702026367188 49.0
v 89.543701171875 104.0 49.0
v 90.0 104.0 49.47807312011719
v 90.0 103.47702026367188 56.0
v 90.0 104.0 56.47806930541992
v 89.52101135253906 104.0 57.0
v 89.498291015625 104.0 58.0
v 89.43274688720703 104.0 59.0
v 89.49907684326172 105.0 46.0
v 89.50084686279297 105.0 47.0
v 89.5 105.0 48.0
v 89.52192687988281 105.0 49.0
v 90.0 105.0 49.5
v 89.52100372314453 105.0 57.0
v 90.0 105.0 56.47806930541992
v 89.47898864746094 105.0 58.0
v 89.47891235351562 106.0 46.0
v 89.50003051757812 106.0 47.0
v 89.5 106.0 48.0
v 89.52192687988281 106.0 49.0
v 90.0 106.0 49.5
v 89.54267120361328 106.0 56.0
v 90.0 105.49903106689453 56.0
v 90.0 106.0 55.5
v 89.5 106.0 57.0
v 89.456298828125 106.0 58.0
v 89.45530700683594 107.0 46.0
v 89.47898864746094 107.0 47.0
v 89.4991455078125 107.0 48.0
v 89.52101135253906 107.0 49.0
v 90.0 107.0 49.52193069458008
v 89.5418701171875 107.0 55.0
v 90.0 106.5 55.0
v 90.0 107.0 54.499996185302734
v 89.5008544921875 107.0 56.0
v 89.47898864746094 107.0 57.0
v 89.45729064941406 108.0 48.0
v 89.5 108.0 49.0
v 90.0 107.49903869628906 50.0
v 89.54270935058594 108.0 50.0
v 90.0 108.0 50.5009651184082
v 89.5418701171875 108.0 54.0
v 90.0 107.5 54.0
v 90.0 108.0 53.4990348815918
v 89.50081634521484 108.0 55.0
v 89.4991455078125 108.0 56.0
v 89.456298828125 108.0 57.0
v 89.456298828125 109.0 49.0
v 89.47984313964844 109.0 50.0
v 90.0 108.47803497314453 51.0
v 89.52015686035156 109.0 51.0
v 89.52192687988281 109.0 52.0
v 90.0 108.5 52.0
v 89.52101135253906 109.0 53.0
v 90.0 108.47807312011719 53.0
v 89.5 109.0 54.0
v 89.47898864746094 109.0 55.0
v 89.456298828125 109.0 56.0
v 89.456298828125 110.0 51.0
v 89.47807312011719 110.0 52.0
v 89.47807312011719 110.0 53.0
v 89.456298828125 110.0 54.0
v 90.4552993774414 100.0 51.0
v 90.456298828125 100.0 52.0
v 90.43279266357422 100.0 54.0
v 90.5456771850586 101.0 44.0
v 91.0 101.0 43.52578353881836
v 91.0 100.54574584960938 44.0
v 91.0 100.54574584960938 45.0
v 90.54486846923828 101.0 45.0
v 91.0 101.0 45.47417449951172
v 90.47898864746094 101.0 51.0
v 90.4991455078125 101.0 52.0
v 90.47990417480469 101.0 53.0
v 90.49828338623047 101.0 54.0
v 90.45729064941406 101.0 55.0
v 90.54470825195312 102.0 43.0
v 91.0 102.0 42.52481460571289
v 91.0 101.52477264404297 43.0
v 90.50089263916016 102.0 44.0
v 90.50089263916016 102.0 45.0
v 91.0 101.52582550048828 46.0
v 90.54486846923828 102.0 46.0
v 91.0 102.0 46.454254150390625
v 90.45729064941406 102.0 50.0
v 90.4991455078125 102.0 51.0
v 90.5 102.0 52.0
v 90.5 102.0 53.0
v 90.5 102.0 54.0
v 90.498291015625 102.0 55.0
v 90.43279266357422 102.0 56.0
v 90.54374694824219 103.0 43.0
v 91.0 103.0 42.52381134033203
v 90.5008544921875 103.0 44.0
v 90.49996185302734 103.0 45.0
v 90.52119445800781 103.0 46.0
v 91.0 103.0 46.47710418701172
v 90.43279266357422 103.0 49.0
v 90.498291015625 103.0 50.0
v 90.5 103.0 51.0
v 90.5 103.0 52.0
v 90.5 103.0 53.0
v 90.5 103.0 54.0
v 90.47990417480469 103.0 55.0
v 91.0 103.49894714355469 43.0
v 90.52101135253906 104.0 44.0
v 91.0 104.0 43.47907638549805
v 90.49915313720703 104.0 45.0
v 90.5018539428711 104.0 46.0
v 91.0 104.0 46.477108001708984
v 90.47898864746094 104.0 50.0
v 90.5 104.0 51.0
v 90.5 104.0 52.0
v 90.5 104.0 53.0
v 90.5 104.0 54.0
v 90.4991455078125 104.0 55.0
v 90.456298828125 104.0 56.0
v 90.54473876953125 105.0 44.0
v 91.0 105.0 43.52477264404297
v 90.52108764648438 105.0 45.0
v 90.52495574951172 105.0 46.0
v 91.0 105.0 46.45329284667969
v 90.47807312011719 105.0 50.0
v 90.5 105.0 51.0
v 90.5 105.0 52.0
v 90.5 105.0 53.0
v 90.5 105.0 54.0
v 90.4991455078125 105.0 55.0
v 90.456298828125 105.0 56.0
v 91.0 105.47522735595703 44.0
v 91.0 105.49810791015625 45.0
v 91.0 105.45409393310547 46.0
v 90.47806549072266 106.0 50.0
v 90.5 106.0 51.0
v 90.5 106.0 52.0
v 90.5 106.0 53.0
v 90.4991455078125 106.0 54.0
v 90.45729064941406 106.0 55.0
v 90.456298828125 107.0 50.0
v 90.4991455078125 107.0 51.0
v 90.5 107.0 52.0
v 90.4991455078125 107.0 53.0
v 90.45729064941406 107.0 54.0
v 90.456298828125 108.0 51.0
v 90.47806549072266 108.0 52.0
v 90.456298828125 108.0 53.0
v 92.0 101.0 43.477108001708984
v 92.0 100.52101135253906 44.0
v 92.0 100.52197265625 45.0
v 92.0 101.0 45.498111724853516
v 91.52481079101562 102.0 42.0
v 92.0 102.0 41.54470443725586
v 92.0 101.52389526367188 42.0
v 92.0 101.45618438720703 43.0
v 92.0 101.52288818359375 46.0
v 92.0 102.0 46.456295013427734
v 91.52381134033203 103.0 42.0
v 92.0 103.0 41.54374313354492
v 92.0 103.0 46.499107360839844
v 92.0 103.49799346923828 42.0
v 91.47819519042969 104.0 43.0
v 92.0 104.0 42.47915267944336
v 92.0 104.0 46.499141693115234
v 91.5238037109375 105.0 43.0
v 92.0 105.0 42.542938232421875
v 92.0 105.0 46.47710418701172
v 92.0 105.49699401855469 43.0
v 91.52381134033203 106.0 44.0
v 92.0 106.0 43.50300979614258
v 91.52385711669922 106.0 45.0
v 92.0 106.0 45.47614288330078
v 92.0 105.49718475341797 46.0
v 92.0 106.45706176757812 44.0
v 92.0 106.47435760498047 45.0
v 92.5954360961914 100.0 42.0
v 93.0 100.0 41.575218200683594
v 93.0 99.5962142944336 42.0
v 93.0 100.0 42.42485809326172
v 92.50273132324219 101.0 42.0
v 93.0 101.0 41.50181579589844
v 93.0 100.50092315673828 43.0
v 92.47622680664062 101.0 43.0
v 93.0 100.5008544921875 44.0
v 93.0 100.52285766601562 45.0
v 93.0 101.0 45.47795486450195
v 93.0 102.0 41.47895812988281
v 92.49903106689453 102.0 46.0
v 93.0 102.0 45.541900634765625
v 93.0 103.0 41.4798469543457
v 92.5966567993164 103.0 44.0
v 93.0 102.59746551513672 44.0
v 93.0 103.0 43.596656799316406
v 93.0 103.0 44.42359161376953
v 93.0 102.5019302368164 46.0
v 93.0 103.0 46.45533752441406
v 92.50192260742188 104.0 42.0
v 93.0 104.0 41.54285430908203
v 92.54785919189453 104.0 44.0
v 93.0 104.0 43.547054290771484
v 93.0 103.5488510131836 45.0
v 92.56867218017578 104.0 45.0
v 93.0 104.0 45.47480392456055
v 93.0 104.0 46.45709228515625
v 93.0 104.47807312011719 42.0
v 93.0 105.0 42.48069763183594
v 93.0 104.47119903564453 44.0
v 93.0 105.0 44.55091094970703
v 92.56973266601562 105.0 45.0
v 93.0 105.0 45.47566223144531
v 93.0 105.0 46.45417785644531
v 92.50402069091797 106.0 43.0
v 93.0 106.0 42.54474639892578
v 93.0 105.45182800292969 45.0
v 93.0 106.0 45.4990348815918
v 93.0 105.47509002685547 46.0
v 93.0 106.45525360107422 43.0
v 93.0 106.51929473876953 44.0
v 92.55081176757812 107.0 45.0
v 93.0 107.0 44.54812240600586
v 93.0 107.0 45.430355072021484
v 93.0 107.42948913574219 45.0
v 93.59664154052734 100.0 40.0
v 94.0 100.0 39.597415924072266
v 94.0 99.59667205810547 40.0
v 94.0 99.57042694091797 41.0
v 93.54989624023438 100.0 41.0
v 93.44627380371094 100.0 42.0
v 94.0 100.0 41.47182083129883
v 94.0 100.44401550292969 40.0
v 93.50096893310547 101.0 41.0
v 94.0 101.0 40.48200225830078
v 94.0 100.45916748046875 42.0
v 94.0 100.4991455078125 43.0
v 94.0 100.5008544921875 44.0
v 94.0 100.54474639892578 45.0
v 94.0 101.0 45.45525360107422
v 93.50000762939453 102.0 41.0
v 94.0 102.0 40.521080017089844
v 94.0 102.0 45.499961853027344
v 93.52293395996094 103.0 41.0
v 94.0 103.0 40.54469680786133
v 93.42180633544922 103.0 44.0
v 93.47706604003906 103.0 46.0
v 94.0 103.0 45.51848602294922
v 94.0 103.47614288330078 41.0
v 94.0 104.0 41.50092697143555
v 94.0 103.57697296142578 44.0
v 94.0 104.0 43.594642639160156
v 93.49552154541016 104.0 45.0
v 94.0 104.0 44.46881103515625
v 94.0 104.0 45.478214263916016
v 93.49894714355469 104.0 46.0
v 94.0 104.5008773803711 42.0
v 94.0 105.0 42.47981262207031
v 94.0 104.42477416992188 44.0
v 94.0 104.52985382080078 45.0
v 94.0 105.0 44.57391357421875
v 94.0 104.52509307861328 46.0
v 94.0 105.0 45.47344970703125
v 94.0 105.0 46.432498931884766
v 94.0 106.0 42.54570770263672
v 94.0 105.42788696289062 45.0
v 94.0 105.47491455078125 46.0
v 94.0 106.0 45.52092361450195
v 94.0 106.45425415039062 43.0
v 94.0 106.49999237060547 44.0
v 94.0 107.0 44.524967193603516
v 94.0 107.0 45.45492935180664
v 94.0 107.4532470703125 45.0
v 94.4227066040039 100.0 40.0
v 94.45101165771484 100.0 41.0
v 95.0 100.5760726928711 40.0
v 94.55475616455078 101.0 40.0
v 95.0 101.0 39.59621810913086
v 95.0 100.50277709960938 41.0
v 95.0 100.50003814697266 42.0
v 95.0 100.5008544921875 43.0
v 95.0 100.54275512695312 44.0
v 94.49598693847656 101.0 45.0
v 95.0 101.0 44.49795913696289
v 95.0 101.42481994628906 40.0
v 95.0 102.0 40.50188446044922
v 95.0 101.50300598144531 45.0
v 95.0 102.0 45.45625686645508
v 95.0 103.0 40.54570388793945
v 95.0 103.0 45.47895431518555
v 95.0 103.4742202758789 41.0
v 95.0 104.0 41.5238037109375
v 94.40380859375 104.0 44.0
v 95.0 104.0 45.519405364990234
v 95.0 104.47627258300781 42.0
v 95.0 105.0 42.52280807495117
v 94.40672302246094 105.0 45.0
v 95.0 104.50186157226562 46.0
v 95.0 105.0 46.476253509521484
v 95.0 105.47715759277344 43.0
v 94.47421264648438 106.0 43.0
v 94.52385711669922 106.0 44.0
v 95.0 105.5431900024414 44.0
v 95.0 106.0 44.457733154296875
v 94.5010986328125 106.0 46.0
v 95.0 106.0 46.456207275390625
v 95.0 107.0 44.56881332397461
v 95.0 106.47614288330078 46.0
v 95.0 107.0 45.450096130371094
v 95.0 107.42949676513672 45.0
v 95.40455627441406 101.0 40.0
v 95.49718475341797 101.0 41.0
v 96.0 101.0 41.52494812011719
v 96.0 100.54571533203125 42.0
v 96.0 100.54474639892578 43.0
v 95.49795532226562 101.0 44.0
v 96.0 101.0 43.4959831237793
v 95.49903106689453 102.0 41.0
v 96.0 102.0 41.522850036621094
v 96.0 101.50300598144531 44.0
v 95.4761962890625 102.0 45.0
v 96.0 102.0 44.476192474365234
v 95.45513916015625 103.0 41.0
v 96.0 102.49995422363281 42.0
v 95.54281616210938 103.0 42.0
v 96.0 103.0 42.47811508178711
v 95.52084350585938 103.0 45.0
v 96.0 103.0 44.52088165283203
v 95.47627258300781 104.0 42.0
v 96.0 104.0 42.52376937866211
v 96.0 103.50109100341797 45.0
v 96.0 104.0 45.476192474365234
v 95.49795532226562 105.0 43.0
v 96.0 104.49699401855469 43.0
v 96.0 105.0 43.50300598144531
v 96.0 104.52578735351562 46.0
v 96.0 105.0 46.454254150390625
v 96.0 105.47623443603516 44.0
v 96.0 106.0 44.524776458740234
v 96.0 106.0 46.45328140258789
v 96.0 106.47427368164062 45.0
v 95.44918823242188 107.0 45.0
v 96.0 106.45408630371094 46.0
v 96.45425415039062 101.0 42.0
v 96.45525360107422 101.0 43.0
v 96.456298828125 102.0 42.0
v 96.49828338623047 102.0 43.0
v 96.45625305175781 102.0 44.0
v 96.47898864746094 103.0 43.0
v 96.47898864746094 103.0 44.0
v 96.45625305175781 104.0 43.0
v 96.49828338623047 104.0 44.0
v 96.45629119873047 104.0 45.0
v 96.45629119873047 105.0 44.0
v 96.49821472167969 105.0 45.0
v 96.45428466796875 105.0 46.0
v 96.45525360107422 106.0 45.0
v 96.45328521728516 106.0 46.0
f 3 2 1
f 5 4 1
f 1 4 3
f 7 6 5
f 5 6 4
f 7 8 6
f 11 10 9
f 13 12 9
f 9 12 11
f 12 13 2
f 13 1 2
f 13 14 1
f 1 15 5
f 1 14 15
f 17 7 16
f 7 15 16
f 7 5 15
f 7 17 8
f 20 19 18
f 20 18 10
f 18 9 10
f 18 21 9
f 9 22 13
f 9 21 22
f 13 23 14
f 13 22 23
f 14 24 15
f 14 23 24
f 16 15 25
f 25 15 24
f 28 27 26
f 28 26 19
f 26 18 19
f 26 29 18
f 18 30 21
f 18 29 30
f 21 31 22
f 21 30 31
f 33 23 32
f 23 31 32
f 23 22 31
f 23 33 24
f 24 33 34
f 24 34 25
f 27 35 26
f 26 35 29
f 29 35 36
f 29 36 30
f 30 36 37
f 30 37 31
f 31 37 38
f 31 38 32
f 41 40 39
f 39 42 41
f 39 40 43
f 43 40 44
f 42 39 45
f 45 39 43
f 44 46 43
f 43 46 45
f 49 48 47
f 47 50 49
f 53 52 51
f 55 54 51
f 51 54 53
f 57 56 55
f 55 56 54
f 59 58 57
f 57 58 56
f 61 60 59
f 59 60 58
f 63 62 61
f 61 62 60
f 63 64 62
f 67 66 65
f 69 68 65
f 65 68 67
f 71 70 69
f 69 70 68
f 71 72 70
f 48 73 47
f 47 73 50
f 52 74 51
f 76 75 74
f 75 51 74
f 75 55 51
f 55 77 57
f 55 75 77
f 57 78 59
f 57 77 78
f 59 79 61
f 59 78 79
f 61 80 63
f 61 79 80
f 64 63 81
f 63 82 81
f 63 80 82
f 84 83 82
f 82 83 81
f 83 84 66
f 84 65 66
f 84 85 65
f 65 86 69
f 65 85 86
f 69 87 71
f 69 86 87
f 72 71 88
f 71 89 88
f 71 87 89
f 89 90 88
f 93 92 91
f 95 94 91
f 91 94 93
f 94 95 76
f 95 75 76
f 95 96 75
f 75 97 77
f 75 96 97
f 77 98 78
f 77 97 98
f 78 99 79
f 78 98 99
f 99 2 3
f 80 99 3
f 79 99 80
f 80 3 4
f 80 4 82
f 82 4 6
f 82 6 84
f 84 6 8
f 100 84 8
f 85 84 100
f 85 101 86
f 85 100 101
f 86 102 87
f 86 101 102
f 87 103 89
f 87 102 103
f 90 89 104
f 104 89 103
f 91 92 105
f 105 92 106
f 91 107 95
f 91 105 107
f 95 108 96
f 95 107 108
f 96 109 97
f 96 108 109
f 109 10 11
f 98 109 11
f 97 109 98
f 98 11 12
f 98 12 99
f 99 12 2
f 16 110 17
f 100 8 17
f 110 100 17
f 111 100 110
f 100 112 101
f 100 111 112
f 101 113 102
f 101 112 113
f 102 114 103
f 102 113 114
f 104 103 115
f 115 103 114
f 118 117 116
f 118 116 106
f 116 105 106
f 116 119 105
f 105 120 107
f 105 119 120
f 107 121 108
f 107 120 121
f 121 19 20
f 109 121 20
f 108 121 109
f 109 20 10
f 25 122 110
f 25 110 16
f 110 123 111
f 110 122 123
f 111 124 112
f 111 123 124
f 112 125 113
f 112 124 125
f 113 126 114
f 113 125 126
f 115 114 127
f 127 114 126
f 116 117 128
f 128 117 129
f 116 130 119
f 116 128 130
f 119 131 120
f 119 130 131
f 131 27 28
f 121 131 28
f 120 131 121
f 121 28 19
f 32 132 33
f 133 34 33
f 133 33 132
f 122 25 34
f 133 122 34
f 134 122 133
f 122 135 123
f 122 134 135
f 123 136 124
f 123 135 136
f 124 137 125
f 124 136 137
f 125 138 126
f 125 137 138
f 127 126 139
f 126 140 139
f 126 138 140
f 140 141 139
f 128 129 142
f 142 129 143
f 128 144 130
f 128 142 144
f 130 145 131
f 130 144 145
f 146 35 27
f 131 146 27
f 145 146 131
f 147 36 35
f 147 35 146
f 148 37 36
f 148 36 147
f 149 38 37
f 149 37 148
f 132 32 38
f 149 132 38
f 150 132 149
f 132 151 133
f 132 150 151
f 133 152 134
f 133 151 152
f 134 153 135
f 134 152 153
f 135 154 136
f 135 153 154
f 136 155 137
f 136 154 155
f 137 156 138
f 137 155 156
f 138 157 140
f 138 156 157
f 141 140 158
f 158 140 157
f 142 143 159
f 159 143 160
f 142 161 144
f 142 159 161
f 144 162 145
f 144 161 162
f 145 163 146
f 145 162 163
f 146 164 147
f 146 163 164
f 147 165 148
f 147 164 165
f 148 166 149
f 148 165 166
f 149 167 150
f 149 166 167
f 150 168 151
f 150 167 168
f 151 169 152
f 151 168 169
f 152 170 153
f 152 169 170
f 153 171 154
f 153 170 171
f 154 172 155
f 154 171 172
f 155 173 156
f 155 172 173
f 175 157 174
f 157 173 174
f 157 156 173
f 157 175 158
f 178 177 176
f 179 159 160
f 176 180 178
f 182 181 179
f 181 159 179
f 181 161 159
f 161 183 162
f 161 181 183
f 162 184 163
f 162 183 184
f 163 185 164
f 163 184 185
f 164 186 165
f 164 185 186
f 165 187 166
f 165 186 187
f 166 188 167
f 166 187 188
f 167 189 168
f 167 188 189
f 168 190 169
f 168 189 190
f 169 191 170
f 169 190 191
f 170 192 171
f 170 191 192
f 171 193 172
f 171 192 193
f 172 194 173
f 172 193 194
f 174 173 195
f 195 173 194
f 177 196 176
f 199 198 197
f 176 196 180
f 201 200 198
f 200 181 198
f 182 197 198
f 182 198 181
f 203 202 200
f 202 181 200
f 202 183 181
f 183 204 184
f 183 202 204
f 184 205 185
f 184 204 205
f 185 206 186
f 185 205 206
f 186 207 187
f 186 206 207
f 187 208 188
f 187 207 208
f 208 40 41
f 189 208 41
f 188 208 189
f 189 41 42
f 209 189 42
f 190 189 209
f 190 210 191
f 190 209 210
f 191 211 192
f 191 210 211
f 192 212 193
f 192 211 212
f 214 194 213
f 194 212 213
f 194 193 212
f 194 214 195
f 198 199 215
f 215 199 216
f 201 198 217
f 217 198 215
f 203 218 202
f 202 218 204
f 204 218 219
f 221 220 219
f 220 204 219
f 220 205 204
f 205 222 206
f 205 220 222
f 206 223 207
f 206 222 223
f 207 224 208
f 207 223 224
f 224 44 40
f 224 40 208
f 45 225 209
f 45 209 42
f 209 226 210
f 209 225 226
f 210 227 211
f 210 226 227
f 211 228 212
f 211 227 228
f 213 212 229
f 229 212 228
f 216 230 215
f 215 230 217
f 220 221 231
f 231 221 232
f 234 222 233
f 222 231 233
f 222 220 231
f 236 235 234
f 235 222 234
f 235 223 222
f 223 237 224
f 223 235 237
f 238 46 44
f 224 238 44
f 237 238 224
f 225 45 46
f 238 225 46
f 239 225 238
f 225 240 226
f 225 239 240
f 226 241 227
f 226 240 241
f 243 228 242
f 228 241 242
f 228 227 241
f 228 243 229
f 232 244 231
f 231 244 233
f 235 236 245
f 245 236 246
f 235 247 237
f 235 245 247
f 237 248 238
f 237 247 248
f 238 249 239
f 238 248 249
f 239 250 240
f 239 249 250
f 252 241 251
f 241 250 251
f 241 240 250
f 241 252 242
f 246 253 245
f 245 253 247
f 247 253 254
f 256 255 254
f 255 247 254
f 255 248 247
f 258 249 257
f 249 255 257
f 249 248 255
f 249 258 250
f 250 258 259
f 250 259 251
f 256 260 255
f 255 260 257
f 263 262 261
f 261 264 263
f 267 266 265
f 269 268 265
f 265 268 267
f 271 270 269
f 269 270 268
f 273 272 271
f 271 272 270
f 273 274 272
f 277 276 275
f 277 275 262
f 275 261 262
f 275 278 261
f 264 261 279
f 261 280 279
f 261 278 280
f 279 280 266
f 280 265 266
f 280 281 265
f 265 282 269
f 265 281 282
f 269 283 271
f 269 282 283
f 271 284 273
f 271 283 284
f 274 273 285
f 273 286 285
f 273 284 286
f 286 287 285
f 290 289 288
f 292 291 288
f 288 291 290
f 294 293 292
f 292 293 291
f 293 294 276
f 294 275 276
f 294 295 275
f 275 296 278
f 275 295 296
f 278 297 280
f 278 296 297
f 280 298 281
f 280 297 298
f 281 299 282
f 281 298 299
f 282 300 283
f 282 299 300
f 283 301 284
f 283 300 301
f 284 302 286
f 284 301 302
f 287 286 303
f 286 304 303
f 286 302 304
f 304 305 303
f 308 307 306
f 308 306 289
f 306 288 289
f 306 309 288
f 288 310 292
f 288 309 310
f 292 311 294
f 292 310 311
f 294 312 295
f 294 311 312
f 295 313 296
f 295 312 313
f 296 314 297
f 296 313 314
f 297 315 298
f 297 314 315
f 298 316 299
f 298 315 316
f 299 317 300
f 299 316 317
f 300 318 301
f 300 317 318
f 301 319 302
f 301 318 319
f 302 320 304
f 302 319 320
f 305 304 321
f 321 304 320
f 323 322 49
f 49 322 48
f 325 324 50
f 324 49 50
f 324 323 49
f 324 325 307
f 307 325 306
f 325 52 306
f 52 53 306
f 306 53 54
f 306 54 309
f 309 54 56
f 309 56 310
f 310 56 58
f 310 58 311
f 311 58 60
f 311 60 312
f 312 60 62
f 312 62 313
f 313 62 64
f 326 313 64
f 314 313 326
f 314 327 315
f 314 326 327
f 327 66 67
f 316 327 67
f 315 327 316
f 316 67 68
f 316 68 317
f 317 68 70
f 317 70 318
f 318 70 72
f 328 318 72
f 319 318 328
f 319 329 320
f 319 328 329
f 321 320 330
f 320 331 330
f 320 329 331
f 331 332 330
f 335 334 333
f 333 336 73
f 322 333 73
f 48 322 73
f 333 322 335
f 325 50 73
f 336 325 73
f 337 325 336
f 338 74 52
f 325 338 52
f 337 338 325
f 338 76 74
f 81 326 64
f 326 81 83
f 326 83 327
f 327 83 66
f 88 328 72
f 328 88 90
f 339 328 90
f 329 328 339
f 329 340 331
f 329 339 340
f 332 331 341
f 331 342 341
f 331 340 342
f 342 343 341
f 346 345 344
f 346 344 334
f 344 333 334
f 344 347 333
f 333 348 336
f 333 347 348
f 348 92 93
f 337 348 93
f 336 348 337
f 337 93 94
f 337 94 338
f 338 94 76
f 104 349 339
f 104 339 90
f 339 350 340
f 339 349 350
f 352 342 351
f 342 350 351
f 342 340 350
f 342 352 343
f 355 354 353
f 353 356 355
f 344 345 357
f 357 345 358
f 344 359 347
f 344 357 359
f 347 360 348
f 347 359 360
f 360 106 92
f 360 92 348
f 363 362 361
f 365 364 361
f 365 361 362
f 366 364 365
f 115 367 349
f 115 349 104
f 349 368 350
f 349 367 368
f 351 350 369
f 369 350 368
f 353 354 370
f 370 354 371
f 356 353 372
f 353 373 372
f 353 370 373
f 372 373 358
f 373 357 358
f 373 374 357
f 357 375 359
f 357 374 375
f 375 117 118
f 360 375 118
f 359 375 360
f 360 118 106
f 378 377 376
f 376 377 363
f 361 376 363
f 379 376 361
f 380 361 364
f 379 361 380
f 364 366 381
f 364 381 380
f 127 382 367
f 127 367 115
f 367 383 368
f 367 382 383
f 369 368 384
f 368 385 384
f 368 383 385
f 385 386 384
f 370 371 387
f 387 371 388
f 370 389 373
f 370 387 389
f 373 390 374
f 373 389 390
f 374 391 375
f 374 390 391
f 391 129 117
f 391 117 375
f 378 376 392
f 378 392 393
f 394 376 379
f 392 376 394
f 395 379 380
f 394 379 395
f 380 381 396
f 380 396 395
f 139 382 127
f 382 139 141
f 397 382 141
f 383 382 397
f 399 385 398
f 385 397 398
f 385 383 397
f 385 399 386
f 388 400 387
f 402 401 400
f 401 387 400
f 401 389 387
f 389 403 390
f 389 401 403
f 390 404 391
f 390 403 404
f 404 143 129
f 404 129 391
f 405 393 392
f 405 392 394
f 405 394 406
f 408 407 406
f 394 408 406
f 395 408 394
f 395 396 409
f 410 395 409
f 408 395 410
f 411 410 409
f 158 412 397
f 158 397 141
f 398 397 413
f 413 397 412
f 401 402 414
f 414 402 415
f 401 416 403
f 401 414 416
f 403 417 404
f 403 416 417
f 417 160 143
f 417 143 404
f 407 408 418
f 407 418 419
f 420 408 410
f 418 408 420
f 410 411 421
f 410 421 420
f 174 422 175
f 422 423 175
f 175 423 158
f 423 424 158
f 424 412 158
f 412 424 413
f 414 415 425
f 425 415 426
f 414 427 416
f 414 425 427
f 427 177 178
f 417 427 178
f 416 427 417
f 428 178 180
f 428 417 178
f 428 179 160
f 417 428 160
f 428 182 179
f 419 418 429
f 419 429 430
f 431 418 420
f 429 418 431
f 420 421 432
f 420 432 431
f 195 433 422
f 195 422 174
f 423 422 434
f 434 422 433
f 426 435 425
f 437 436 435
f 436 425 435
f 436 427 425
f 438 196 177
f 427 438 177
f 436 438 427
f 438 180 196
f 438 428 180
f 438 199 197
f 428 438 197
f 182 428 197
f 200 201 439
f 439 203 200
f 442 441 440
f 440 441 430
f 429 440 430
f 443 440 429
f 444 429 431
f 443 429 444
f 431 432 445
f 431 445 444
f 213 446 214
f 433 195 214
f 446 433 214
f 447 433 446
f 434 433 448
f 448 433 447
f 437 449 436
f 451 450 449
f 450 436 449
f 450 438 436
f 450 216 199
f 450 199 438
f 217 452 439
f 217 439 201
f 453 218 203
f 439 453 203
f 452 453 439
f 454 219 218
f 454 218 453
f 454 221 219
f 455 442 440
f 455 440 443
f 455 443 456
f 456 443 444
f 456 444 457
f 457 444 445
f 229 458 446
f 229 446 213
f 460 447 459
f 447 458 459
f 447 446 458
f 447 460 448
f 451 461 450
f 461 463 462
f 461 462 230
f 450 461 230
f 216 450 230
f 452 217 230
f 462 452 230
f 464 452 462
f 452 465 453
f 452 464 465
f 453 466 454
f 453 465 466
f 466 232 221
f 466 221 454
f 233 467 234
f 467 236 234
f 242 468 243
f 468 469 243
f 243 469 229
f 469 470 229
f 470 458 229
f 458 470 459
f 462 463 471
f 471 463 472
f 462 473 464
f 462 471 473
f 464 474 465
f 464 473 474
f 465 475 466
f 465 474 475
f 476 244 232
f 466 476 232
f 475 476 466
f 467 233 244
f 476 467 244
f 477 467 476
f 477 246 236
f 477 236 467
f 251 478 252
f 478 479 252
f 252 479 242
f 479 480 242
f 480 468 242
f 468 480 469
f 472 481 471
f 483 482 481
f 482 471 481
f 482 473 471
f 473 484 474
f 473 482 484
f 474 485 475
f 474 484 485
f 487 476 486
f 476 485 486
f 476 475 485
f 489 488 487
f 488 476 487
f 488 477 476
f 490 253 246
f 477 490 246
f 488 490 477
f 491 254 253
f 491 253 490
f 491 256 254
f 257 492 258
f 493 259 258
f 493 258 492
f 478 251 259
f 493 478 259
f 494 478 493
f 479 478 495
f 495 478 494
f 483 496 482
f 498 497 496
f 497 482 496
f 497 484 482
f 484 499 485
f 484 497 499
f 486 485 500
f 485 501 500
f 485 499 501
f 503 502 501
f 502 488 501
f 489 500 501
f 489 501 488
f 505 504 502
f 504 488 502
f 504 490 488
f 490 506 491
f 490 504 506
f 507 260 256
f 491 507 256
f 506 507 491
f 492 257 260
f 507 492 260
f 508 492 507
f 492 509 493
f 492 508 509
f 511 494 510
f 494 509 510
f 494 493 509
f 494 511 495
f 498 512 497
f 497 512 499
f 499 512 513
f 499 513 501
f 501 513 514
f 501 514 503
f 505 515 504
f 504 515 506
f 506 515 516
f 506 516 507
f 507 516 517
f 507 517 508
f 508 517 518
f 508 518 509
f 509 518 519
f 509 519 510
f 522 521 520
f 524 523 520
f 520 523 522
f 526 525 524
f 524 525 523
f 526 527 525
f 530 529 528
f 532 531 528
f 528 531 530
f 534 533 532
f 532 533 531
f 536 535 534
f 534 535 533
f 535 536 521
f 536 520 521
f 536 537 520
f 520 538 524
f 520 537 538
f 524 539 526
f 524 538 539
f 527 526 540
f 526 541 540
f 526 539 541
f 543 542 541
f 541 542 540
f 543 544 542
f 547 546 545
f 549 548 545
f 545 548 547
f 548 549 529
f 549 528 529
f 549 550 528
f 550 262 263
f 532 550 263
f 528 550 532
f 532 263 264
f 551 532 264
f 534 532 551
f 551 266 267
f 536 551 267
f 534 551 536
f 536 267 268
f 536 268 537
f 537 268 270
f 537 270 538
f 538 270 272
f 538 272 539
f 539 272 274
f 552 539 274
f 541 539 552
f 541 553 543
f 541 552 553
f 544 543 554
f 554 543 553
f 557 556 555
f 559 558 555
f 555 558 557
f 558 559 546
f 559 545 546
f 559 560 545
f 545 561 549
f 545 560 561
f 561 276 277
f 550 561 277
f 549 561 550
f 550 277 262
f 279 551 264
f 551 279 266
f 285 552 274
f 552 285 287
f 562 552 287
f 553 552 562
f 554 553 563
f 563 553 562
f 566 565 564
f 568 567 564
f 564 567 566
f 567 568 556
f 568 555 556
f 568 569 555
f 569 289 290
f 559 569 290
f 555 569 559
f 559 290 291
f 559 291 560
f 560 291 293
f 560 293 561
f 561 293 276
f 303 562 287
f 571 570 305
f 305 570 303
f 570 563 303
f 563 562 303
f 571 572 570
f 575 574 573
f 577 576 573
f 573 576 575
f 576 577 565
f 577 564 565
f 577 578 564
f 564 579 568
f 564 578 579
f 579 307 308
f 569 579 308
f 568 579 569
f 569 308 289
f 321 580 571
f 321 571 305
f 572 571 581
f 581 571 580
f 584 583 582
f 582 585 584
f 588 587 586
f 588 586 574
f 586 573 574
f 586 589 573
f 573 590 577
f 573 589 590
f 590 322 323
f 578 590 323
f 577 590 578
f 578 323 324
f 578 324 579
f 579 324 307
f 330 580 321
f 592 591 332
f 332 591 330
f 591 581 330
f 581 580 330
f 592 593 591
f 582 583 594
f 594 583 595
f 585 582 596
f 582 597 596
f 582 594 597
f 599 598 597
f 597 598 596
f 598 599 587
f 599 586 587
f 599 600 586
f 586 601 589
f 586 600 601
f 601 334 335
f 590 601 335
f 589 601 590
f 590 335 322
f 341 592 332
f 341 343 592
f 343 593 592
f 343 602 593
f 594 595 603
f 603 595 604
f 594 605 597
f 594 603 605
f 597 606 599
f 597 605 606
f 599 607 600
f 599 606 607
f 607 345 346
f 601 607 346
f 600 607 601
f 601 346 334
f 610 609 608
f 611 608 609
f 351 612 352
f 602 343 613
f 343 612 613
f 612 614 613
f 343 352 612
f 614 615 613
f 604 616 603
f 618 617 616
f 617 603 616
f 617 605 603
f 617 354 355
f 606 617 355
f 605 617 606
f 606 355 356
f 619 606 356
f 607 606 619
f 619 358 345
f 619 345 607
f 620 610 608
f 623 622 621
f 611 620 608
f 625 624 622
f 625 622 623
f 626 624 625
f 629 628 627
f 631 630 627
f 631 627 628
f 633 632 630
f 633 630 631
f 362 363 632
f 633 362 632
f 634 362 633
f 362 635 365
f 634 635 362
f 637 636 366
f 365 637 366
f 635 637 365
f 638 636 637
f 369 639 612
f 369 612 351
f 612 640 614
f 612 639 640
f 615 614 641
f 641 614 640
f 617 618 642
f 642 618 643
f 642 371 354
f 642 354 617
f 372 619 356
f 619 372 358
f 644 621 622
f 646 645 644
f 622 646 644
f 624 646 622
f 624 626 647
f 648 624 647
f 646 624 648
f 648 647 629
f 627 648 629
f 649 648 627
f 650 627 630
f 649 627 650
f 378 650 377
f 650 632 377
f 650 630 632
f 377 632 363
f 651 381 636
f 636 381 366
f 636 638 652
f 653 636 652
f 651 636 653
f 654 653 652
f 384 639 369
f 639 384 386
f 655 639 386
f 640 639 655
f 641 640 656
f 656 640 655
f 642 643 657
f 657 643 658
f 657 388 371
f 657 371 642
f 645 646 659
f 645 659 660
f 661 646 648
f 659 646 661
f 662 648 649
f 661 648 662
f 663 649 650
f 662 649 663
f 393 663 378
f 378 663 650
f 664 396 651
f 651 396 381
f 665 651 653
f 664 651 665
f 653 654 666
f 667 653 666
f 665 653 667
f 668 667 666
f 398 669 399
f 655 386 399
f 669 655 399
f 670 655 669
f 656 655 671
f 671 655 670
f 657 658 672
f 672 658 673
f 674 400 388
f 657 674 388
f 672 674 657
f 674 402 400
f 677 676 675
f 678 675 676
f 681 680 679
f 683 682 679
f 683 679 680
f 682 683 660
f 659 682 660
f 684 682 659
f 685 659 661
f 684 659 685
f 686 661 662
f 685 661 686
f 687 662 663
f 686 662 687
f 405 688 393
f 688 663 393
f 688 687 663
f 406 689 405
f 405 689 688
f 407 689 406
f 664 409 396
f 409 664 411
f 664 690 411
f 664 665 690
f 691 665 667
f 690 665 691
f 667 668 692
f 693 667 692
f 691 667 693
f 694 693 692
f 413 695 669
f 413 669 398
f 697 670 696
f 670 695 696
f 670 669 695
f 670 697 671
f 672 673 698
f 698 673 699
f 672 700 674
f 672 698 700
f 700 415 402
f 700 402 674
f 677 675 701
f 677 701 702
f 675 678 703
f 675 703 701
f 681 679 704
f 681 704 705
f 706 679 682
f 704 679 706
f 707 682 684
f 706 682 707
f 708 684 685
f 707 684 708
f 709 685 686
f 708 685 709
f 710 686 687
f 709 686 710
f 711 687 688
f 710 687 711
f 712 688 689
f 711 688 712
f 419 712 407
f 407 712 689
f 713 421 690
f 690 421 411
f 714 690 691
f 713 690 714
f 715 691 693
f 714 691 715
f 693 694 716
f 693 716 715
f 423 717 424
f 717 718 424
f 424 718 413
f 718 719 413
f 719 695 413
f 695 719 696
f 699 720 698
f 722 721 720
f 721 698 720
f 721 700 698
f 721 426 415
f 721 415 700
f 702 701 723
f 702 723 724
f 701 703 725
f 726 701 725
f 723 701 726
f 726 728 727
f 726 704 728
f 726 725 705
f 704 726 705
f 730 729 728
f 704 730 728
f 706 730 704
f 731 706 707
f 730 706 731
f 732 707 708
f 731 707 732
f 733 708 709
f 732 708 733
f 734 709 710
f 733 709 734
f 735 710 711
f 734 710 735
f 736 711 712
f 735 711 736
f 430 736 419
f 419 736 712
f 737 432 713
f 713 432 421
f 738 713 714
f 737 713 738
f 739 714 715
f 738 714 739
f 715 716 740
f 715 740 739
f 434 741 717
f 434 717 423
f 718 717 742
f 742 717 741
f 721 722 743
f 743 722 744
f 745 435 426
f 721 745 426
f 743 745 721
f 745 437 435
f 746 724 723
f 748 747 746
f 723 748 746
f 726 748 723
f 726 727 749
f 750 726 749
f 748 726 750
f 750 752 751
f 750 730 752
f 750 749 729
f 730 750 729
f 754 753 752
f 730 754 752
f 731 754 730
f 755 731 732
f 754 731 755
f 756 732 733
f 755 732 756
f 757 733 734
f 756 733 757
f 758 734 735
f 757 734 758
f 442 758 441
f 758 736 441
f 758 735 736
f 441 736 430
f 759 445 737
f 737 445 432
f 760 737 738
f 759 737 760
f 739 762 761
f 760 739 761
f 738 739 760
f 762 739 740
f 448 763 741
f 448 741 434
f 742 741 764
f 764 741 763
f 744 765 743
f 767 766 765
f 766 743 765
f 766 745 743
f 768 449 437
f 745 768 437
f 766 768 745
f 768 451 449
f 769 747 748
f 769 748 750
f 769 750 770
f 770 750 751
f 771 753 754
f 773 772 771
f 754 773 771
f 755 773 754
f 774 755 756
f 773 755 774
f 757 776 775
f 774 757 775
f 756 757 774
f 778 777 776
f 757 778 776
f 758 778 757
f 455 779 442
f 779 758 442
f 779 778 758
f 456 780 455
f 455 780 779
f 457 781 456
f 456 781 780
f 445 759 457
f 759 781 457
f 759 782 781
f 760 784 783
f 782 760 783
f 759 760 782
f 784 760 761
f 459 785 460
f 763 448 460
f 785 763 460
f 786 763 785
f 764 763 787
f 787 763 786
f 767 788 766
f 790 789 788
f 789 766 788
f 789 768 766
f 791 461 451
f 768 791 451
f 789 791 768
f 791 463 461
f 792 772 773
f 792 773 774
f 792 774 793
f 793 774 775
f 777 778 794
f 777 794 795
f 796 778 779
f 794 778 796
f 797 779 780
f 796 779 797
f 798 780 781
f 797 780 798
f 799 781 782
f 798 781 799
f 782 783 800
f 782 800 799
f 469 801 470
f 785 459 470
f 801 785 470
f 802 785 801
f 785 803 786
f 785 802 803
f 787 786 804
f 804 786 803
f 790 805 789
f 807 806 805
f 806 789 805
f 806 791 789
f 806 472 463
f 806 463 791
f 795 794 808
f 795 808 809
f 810 794 796
f 808 794 810
f 811 796 797
f 810 796 811
f 798 813 812
f 811 798 812
f 797 798 811
f 813 798 799
f 813 799 814
f 480 479 815
f 799 800 814
f 801 469 480
f 815 801 480
f 816 801 815
f 818 802 817
f 802 816 817
f 802 801 816
f 802 818 803
f 803 818 819
f 803 819 804
f 807 820 806
f 820 822 821
f 820 821 481
f 806 820 481
f 472 806 481
f 821 483 481
f 824 823 487
f 824 487 486
f 489 487 823
f 489 823 825
f 826 809 808
f 828 827 826
f 808 828 826
f 810 828 808
f 811 830 829
f 828 811 829
f 810 811 828
f 830 811 812
f 495 831 815
f 495 815 479
f 815 832 816
f 815 831 832
f 817 816 833
f 833 816 832
f 822 834 821
f 834 836 835
f 834 835 496
f 821 834 496
f 483 821 496
f 835 498 496
f 837 824 486
f 837 486 500
f 502 503 838
f 837 489 825
f 489 837 500
f 838 505 502
f 839 827 828
f 839 828 829
f 510 840 511
f 840 841 511
f 511 841 495
f 841 842 495
f 842 831 495
f 831 842 832
f 832 842 843
f 832 843 833
f 836 844 835
f 844 846 845
f 844 845 512
f 835 844 512
f 498 835 512
f 847 513 512
f 847 512 845
f 848 514 513
f 848 513 847
f 838 503 514
f 848 838 514
f 849 838 848
f 850 515 505
f 838 850 505
f 849 850 838
f 851 516 515
f 851 515 850
f 852 517 516
f 852 516 851
f 853 518 517
f 853 517 852
f 854 519 518
f 854 518 853
f 854 855 519
f 519 855 510
f 855 856 510
f 856 840 510
f 840 856 841
f 846 857 845
f 845 857 847
f 847 857 858
f 860 859 858
f 859 847 858
f 859 848 847
f 848 861 849
f 848 859 861
f 849 862 850
f 849 861 862
f 864 851 863
f 851 862 863
f 851 850 862
f 851 864 852
f 852 864 865
f 852 865 853
f 853 865 866
f 853 866 854
f 854 866 867
f 854 867 855
f 860 868 859
f 859 868 861
f 861 868 869
f 871 870 869
f 870 861 869
f 870 862 861
f 863 862 872
f 872 862 870
f 871 873 870
f 870 873 872
f 876 875 874
f 878 877 874
f 874 877 876
f 878 879 877
f 882 881 880
f 884 883 880
f 880 883 882
f 886 885 884
f 884 885 883
f 888 887 886
f 886 887 885
f 887 888 875
f 875 888 874
f 888 521 874
f 521 522 874
f 874 522 523
f 874 523 878
f 889 879 878
f 523 889 878
f 525 889 523
f 891 890 527
f 890 525 527
f 890 889 525
f 893 892 891
f 891 892 890
f 893 894 892
f 897 896 895
f 899 898 895
f 895 898 897
f 901 900 899
f 899 900 898
f 900 901 881
f 881 901 880
f 901 529 880
f 529 530 880
f 880 530 531
f 880 531 884
f 884 531 533
f 884 533 886
f 886 533 535
f 886 535 888
f 888 535 521
f 540 891 527
f 891 540 542
f 891 542 893
f 903 902 544
f 544 902 542
f 902 894 542
f 894 893 542
f 903 904 902
f 907 906 905
f 907 905 896
f 905 895 896
f 905 908 895
f 908 546 547
f 899 908 547
f 895 908 899
f 899 547 548
f 899 548 901
f 901 548 529
f 554 909 903
f 554 903 544
f 904 903 910
f 903 911 910
f 903 909 911
f 911 912 910
f 915 914 913
f 917 916 913
f 913 916 915
f 916 917 906
f 906 917 905
f 917 556 905
f 556 557 905
f 905 557 558
f 905 558 908
f 908 558 546
f 920 919 918
f 922 921 918
f 922 918 919
f 923 921 922
f 563 924 909
f 563 909 554
f 909 925 911
f 909 924 925
f 912 911 926
f 926 911 925
f 929 928 927
f 931 930 927
f 927 930 929
f 931 932 930
f 935 934 933
f 937 936 933
f 933 936 935
f 939 938 937
f 937 938 936
f 938 939 914
f 914 939 913
f 939 565 913
f 565 566 913
f 913 566 567
f 913 567 917
f 917 567 556
f 920 918 940
f 920 940 941
f 942 918 921
f 940 918 942
f 921 923 943
f 921 943 942
f 570 924 563
f 924 570 572
f 944 924 572
f 925 924 944
f 926 925 945
f 945 925 944
f 948 947 946
f 948 946 928
f 946 927 928
f 946 949 927
f 927 950 931
f 927 949 950
f 932 931 951
f 931 952 951
f 931 950 952
f 954 953 952
f 952 953 951
f 953 954 934
f 954 933 934
f 954 955 933
f 955 574 575
f 937 955 575
f 933 955 937
f 937 575 576
f 937 576 939
f 939 576 565
f 958 957 956
f 960 959 956
f 960 956 957
f 962 961 959
f 962 959 960
f 964 963 961
f 964 961 962
f 965 963 964
f 968 967 966
f 966 967 941
f 940 966 941
f 969 966 940
f 942 971 970
f 969 942 970
f 940 942 969
f 971 942 943
f 581 972 944
f 581 944 572
f 945 944 973
f 973 944 972
f 946 947 974
f 974 947 975
f 946 976 949
f 946 974 976
f 976 583 584
f 950 976 584
f 949 976 950
f 950 584 585
f 977 950 585
f 952 950 977
f 952 978 954
f 952 977 978
f 978 587 588
f 955 978 588
f 954 978 955
f 955 588 574
f 981 980 979
f 983 982 979
f 983 979 980
f 982 983 958
f 956 982 958
f 984 982 956
f 985 956 959
f 984 956 985
f 986 959 961
f 985 959 986
f 987 961 963
f 986 961 987
f 963 965 988
f 989 963 988
f 987 963 989
f 989 988 968
f 966 989 968
f 990 989 966
f 991 966 969
f 990 966 991
f 969 970 992
f 993 969 992
f 991 969 993
f 994 993 992
f 591 972 581
f 996 995 593
f 593 995 591
f 995 973 591
f 973 972 591
f 996 997 995
f 974 975 998
f 998 975 999
f 974 1000 976
f 974 998 1000
f 1000 595 583
f 1000 583 976
f 596 977 585
f 977 596 598
f 977 598 978
f 978 598 587
f 1003 1002 1001
f 1005 1004 1001
f 1005 1001 1002
f 1004 1005 981
f 979 1004 981
f 1006 1004 979
f 1007 979 982
f 1006 979 1007
f 1008 982 984
f 1007 982 1008
f 1009 984 985
f 1008 984 1009
f 1010 985 986
f 1009 985 1010
f 1011 986 987
f 1010 986 1011
f 1012 987 989
f 1011 987 1012
f 1013 989 990
f 1012 989 1013
f 1014 990 991
f 1013 990 1014
f 1015 991 993
f 1014 991 1015
f 993 994 1016
f 993 1016 1015
f 1019 1018 1017
f 1020 1017 1018
f 602 1021 996
f 602 996 593
f 997 996 1022
f 1022 996 1021
f 998 999 1023
f 1023 999 1024
f 998 1025 1000
f 998 1023 1025
f 1025 604 595
f 1025 595 1000
f 1028 1027 1026
f 1029 1026 1027
f 1003 1001 1030
f 1003 1030 1031
f 610 1030 609
f 1030 1004 609
f 1030 1001 1004
f 609 1004 611
f 1004 1032 611
f 1004 1006 1032
f 1033 1006 1007
f 1032 1006 1033
f 1034 1007 1008
f 1033 1007 1034
f 1035 1008 1009
f 1034 1008 1035
f 1036 1009 1010
f 1035 1009 1036
f 1037 1010 1011
f 1036 1010 1037
f 1038 1011 1012
f 1037 1011 1038
f 1039 1012 1013
f 1038 1012 1039
f 1040 1013 1014
f 1039 1013 1040
f 1041 1014 1015
f 1040 1014 1041
f 1015 1016 1042
f 1043 1015 1042
f 1041 1015 1043
f 1045 1044 1043
f 1045 1043 1042
f 1044 1045 1019
f 1017 1044 1019
f 1046 1044 1017
f 1017 1020 1047
f 1017 1047 1046
f 613 1021 602
f 613 615 1021
f 615 1022 1021
f 615 1048 1022
f 1023 1024 1049
f 1049 1024 1050
f 1023 1051 1025
f 1023 1049 1051
f 1052 616 604
f 1025 1052 604
f 1051 1052 1025
f 1052 618 616
f 1028 1026 1053
f 1028 1053 1054
f 1026 1029 1055
f 1056 1026 1055
f 1053 1026 1056
f 1057 1056 1055
f 1031 1030 1058
f 1031 1058 1059
f 620 1060 610
f 1060 1030 610
f 1060 1058 1030
f 620 611 1060
f 611 1032 1060
f 623 621 1060
f 623 1060 1032
f 623 1032 625
f 625 1032 1033
f 625 1033 626
f 1033 1061 626
f 1033 1034 1061
f 629 1061 628
f 1061 1035 628
f 1061 1034 1035
f 628 1035 631
f 631 1035 1036
f 631 1036 633
f 633 1036 1037
f 633 1037 634
f 634 1037 1038
f 634 1038 635
f 635 1038 1039
f 635 1039 637
f 637 1039 1040
f 637 1040 638
f 1040 1062 638
f 1040 1041 1062
f 1063 1041 1043
f 1062 1041 1063
f 1064 1043 1044
f 1063 1043 1064
f 1065 1044 1046
f 1064 1044 1065
f 1046 1047 1066
f 1067 1046 1066
f 1065 1046 1067
f 1068 1067 1066
f 641 1070 1069
f 1048 641 1069
f 615 641 1048
f 1070 1071 1069
f 1050 1072 1049
f 1074 1073 1072
f 1073 1049 1072
f 1073 1051 1049
f 1051 1075 1052
f 1051 1073 1075
f 1075 643 618
f 1075 618 1052
f 1076 1054 1053
f 1078 1077 1076
f 1053 1078 1076
f 1056 1078 1053
f 1056 1057 1079
f 1080 1056 1079
f 1078 1056 1080
f 1081 1080 1079
f 1059 1058 1082
f 1059 1082 1083
f 1084 1058 1060
f 1082 1058 1084
f 644 1085 621
f 1085 1060 621
f 1085 1084 1060
f 645 1085 644
f 1061 647 626
f 647 1061 629
f 1062 652 638
f 652 1062 654
f 1062 1086 654
f 1062 1063 1086
f 1087 1063 1064
f 1086 1063 1087
f 1088 1064 1065
f 1087 1064 1088
f 1089 1065 1067
f 1088 1065 1089
f 1067 1068 1090
f 1067 1090 1089
f 656 1091 1070
f 656 1070 641
f 1071 1070 1092
f 1092 1070 1091
f 1074 1093 1073
f 1095 1094 1093
f 1094 1073 1093
f 1094 1075 1073
f 1094 658 643
f 1094 643 1075
f 1077 1078 1096
f 1077 1096 1097
f 1098 1078 1080
f 1096 1078 1098
f 1080 1081 1099
f 1100 1080 1099
f 1098 1080 1100
f 1100 1099 1083
f 1082 1100 1083
f 1101 1100 1082
f 1102 1082 1084
f 1101 1082 1102
f 1103 1084 1085
f 1102 1084 1103
f 660 1103 645
f 645 1103 1085
f 1086 666 654
f 666 1086 668
f 1086 1104 668
f 1086 1087 1104
f 1105 1087 1088
f 1104 1087 1105
f 1089 1107 1106
f 1105 1089 1106
f 1088 1089 1105
f 1107 1089 1090
f 671 1108 1091
f 671 1091 656
f 1092 1091 1109
f 1109 1091 1108
f 1094 1095 1110
f 1110 1095 1111
f 1110 673 658
f 1110 658 1094
f 1097 1096 1112
f 1097 1112 1113
f 1114 1096 1098
f 1112 1096 1114
f 677 1114 676
f 1114 1100 676
f 1114 1098 1100
f 676 1100 678
f 1100 1115 678
f 1100 1101 1115
f 681 1115 680
f 1115 1102 680
f 1115 1101 1102
f 680 1102 683
f 683 1102 1103
f 683 1103 660
f 1104 692 668
f 692 1104 694
f 1104 1116 694
f 1104 1105 1116
f 1105 1106 1117
f 1105 1117 1116
f 696 1118 697
f 1108 671 697
f 1118 1108 697
f 1119 1108 1118
f 1109 1108 1120
f 1120 1108 1119
f 1110 1111 1121
f 1121 1111 1122
f 1121 699 673
f 1121 673 1110
f 1123 1113 1112
f 1125 1124 1123
f 1112 1125 1123
f 1114 1125 1112
f 702 1125 677
f 677 1125 1114
f 1126 703 1115
f 1115 703 678
f 705 1126 681
f 681 1126 1115
f 1127 716 1116
f 1116 716 694
f 1116 1117 1128
f 1116 1128 1127
f 718 1129 719
f 1118 696 719
f 1129 1118 719
f 1130 1118 1129
f 1132 1119 1131
f 1119 1130 1131
f 1119 1118 1130
f 1119 1132 1120
f 1121 1122 1133
f 1133 1122 1134
f 1135 720 699
f 1121 1135 699
f 1133 1135 1121
f 1135 722 720
f 1124 1125 1136
f 1124 1136 1137
f 724 1136 702
f 702 1136 1125
f 1126 725 703
f 725 1126 705
f 1138 727 728
f 729 1138 728
f 1139 740 1127
f 1127 740 716
f 1127 1128 1140
f 1127 1140 1139
f 742 1141 1129
f 742 1129 718
f 1129 1142 1130
f 1129 1141 1142
f 1131 1130 1143
f 1143 1130 1142
f 1134 1144 1133
f 1146 1145 1144
f 1145 1133 1144
f 1145 1135 1133
f 1145 744 722
f 1145 722 1135
f 1147 1137 1136
f 1149 1147 1148
f 1148 1147 746
f 1147 1136 746
f 1136 724 746
f 747 1148 746
f 1138 749 727
f 749 1138 729
f 1150 751 752
f 753 1150 752
f 1151 761 762
f 740 1139 762
f 1139 1151 762
f 1139 1152 1151
f 1139 1140 1153
f 1139 1153 1152
f 764 1154 1141
f 764 1141 742
f 1156 1142 1155
f 1142 1154 1155
f 1142 1141 1154
f 1142 1156 1143
f 1145 1146 1157
f 1157 1146 1158
f 1159 765 744
f 1145 1159 744
f 1157 1159 1145
f 1159 767 765
f 1160 1149 1148
f 1162 1160 1161
f 1161 1160 769
f 1160 1148 769
f 1148 747 769
f 770 1163 769
f 769 1163 1161
f 751 1150 770
f 1150 1163 770
f 1150 1164 1163
f 771 1165 753
f 1165 1150 753
f 1165 1164 1150
f 772 1165 771
f 1166 775 776
f 777 1166 776
f 1167 783 784
f 761 1151 784
f 1151 1167 784
f 1151 1168 1167
f 1152 1170 1169
f 1168 1152 1169
f 1151 1152 1168
f 1170 1152 1153
f 787 1171 1154
f 787 1154 764
f 1155 1154 1172
f 1154 1173 1172
f 1154 1171 1173
f 1173 1174 1172
f 1158 1175 1157
f 1177 1176 1175
f 1176 1157 1175
f 1176 1159 1157
f 1178 788 767
f 1159 1178 767
f 1176 1178 1159
f 1178 790 788
f 1179 1162 1161
f 1181 1180 1179
f 1161 1181 1179
f 1163 1181 1161
f 1182 1163 1164
f 1181 1163 1182
f 1183 1164 1165
f 1182 1164 1183
f 792 1184 772
f 1184 1165 772
f 1184 1183 1165
f 793 1185 792
f 792 1185 1184
f 775 1166 793
f 1166 1185 793
f 1166 1186 1185
f 795 1186 777
f 777 1186 1166
f 1187 800 1167
f 1167 800 783
f 1168 1189 1188
f 1187 1168 1188
f 1167 1168 1187
f 1189 1168 1169
f 1191 1190 1171
f 787 1191 1171
f 804 1191 787
f 1171 1190 1173
f 1173 1190 1192
f 1173 1192 1174
f 1177 1193 1176
f 1195 1194 1193
f 1194 1176 1193
f 1194 1178 1176
f 1196 805 790
f 1178 1196 790
f 1194 1196 1178
f 1196 807 805
f 1197 1180 1181
f 1199 1198 1197
f 1181 1199 1197
f 1182 1199 1181
f 1200 1182 1183
f 1199 1182 1200
f 1201 1183 1184
f 1200 1183 1201
f 1202 1184 1185
f 1201 1184 1202
f 1203 1185 1186
f 1202 1185 1203
f 809 1203 795
f 795 1203 1186
f 1204 812 813
f 814 1205 813
f 813 1205 1204
f 800 1187 814
f 1187 1205 814
f 1187 1206 1205
f 1187 1188 1207
f 1187 1207 1206
f 817 1208 818
f 1209 819 818
f 1209 818 1208
f 1209 1210 819
f 1210 804 819
f 1210 1191 804
f 1195 1211 1194
f 1213 1212 1211
f 1212 1194 1211
f 1212 1196 1194
f 1214 820 807
f 1196 1214 807
f 1212 1214 1196
f 1214 822 820
f 1215 1198 1199
f 1217 1216 1215
f 1199 1217 1215
f 1200 1217 1199
f 824 1217 823
f 1217 1201 823
f 1217 1200 1201
f 1201 1202 1218
f 825 1201 1218
f 1219 825 1218
f 1201 825 823
f 1221 1220 1218
f 1202 1221 1218
f 1203 1221 1202
f 826 1222 809
f 1222 1203 809
f 1222 1221 1203
f 827 1222 826
f 1223 829 830
f 812 1204 830
f 1204 1223 830
f 1204 1224 1223
f 1205 1226 1225
f 1224 1205 1225
f 1204 1205 1224
f 1226 1205 1206
f 1226 1206 1227
f 1227 1206 1207
f 833 1228 1208
f 833 1208 817
f 1208 1229 1209
f 1208 1228 1229
f 1210 1209 1230
f 1230 1209 1229
f 1213 1231 1212
f 1233 1232 1231
f 1232 1212 1231
f 1232 1214 1212
f 1234 834 822
f 1214 1234 822
f 1232 1234 1214
f 1234 836 834
f 1235 1216 1217
f 1237 1235 1236
f 1236 1235 837
f 1235 1217 837
f 1217 824 837
f 825 1219 1238
f 1236 825 1238
f 1239 1236 1238
f 837 825 1236
f 1239 1241 1240
f 1239 1221 1241
f 1239 1238 1220
f 1221 1239 1220
f 1243 1242 1241
f 1221 1243 1241
f 1222 1243 1221
f 839 1244 827
f 1244 1222 827
f 1244 1243 1222
f 829 1223 839
f 1223 1244 839
f 1223 1245 1244
f 1224 1247 1246
f 1245 1224 1246
f 1223 1224 1245
f 1247 1224 1225
f 841 1248 842
f 1249 843 842
f 1249 842 1248
f 1249 1250 843
f 843 1250 833
f 1250 1251 833
f 1251 1228 833
f 1228 1251 1229
f 1229 1251 1252
f 1229 1252 1230
f 1233 1253 1232
f 1255 1254 1253
f 1254 1232 1253
f 1254 1234 1232
f 1256 844 836
f 1234 1256 836
f 1254 1256 1234
f 1256 846 844
f 1257 1237 1236
f 1257 1236 1239
f 1257 1239 1258
f 1261 1260 1259
f 1240 1258 1239
f 1242 1243 1262
f 1261 1263 1260
f 1262 1243 1244
f 1262 1244 1264
f 1264 1244 1245
f 1264 1245 1265
f 1265 1245 1246
f 855 1266 856
f 1266 1267 856
f 856 1267 841
f 1267 1268 841
f 1268 1248 841
f 1248 1268 1249
f 1249 1268 1269
f 1249 1269 1250
f 1255 1270 1254
f 1272 1271 1270
f 1271 1254 1270
f 1271 1256 1254
f 1273 857 846
f 1256 1273 846
f 1271 1273 1256
f 1274 858 857
f 1274 857 1273
f 1274 860 858
f 1275 1259 1260
f 864 863 1276
f 1260 1263 1275
f 1277 865 864
f 1277 864 1276
f 1278 866 865
f 1278 865 1277
f 1279 867 866
f 1279 866 1278
f 1279 1280 867
f 867 1280 855
f 1280 1281 855
f 1281 1266 855
f 1266 1281 1267
f 1272 1282 1271
f 1284 1283 1282
f 1283 1271 1282
f 1283 1273 1271
f 1286 1274 1285
f 1274 1283 1285
f 1274 1273 1283
f 1286 1288 1287
f 1286 1287 868
f 1274 1286 868
f 860 1274 868
f 1289 869 868
f 1289 868 1287
f 1289 871 869
f 872 1290 1276
f 872 1276 863
f 1292 1277 1291
f 1277 1290 1291
f 1277 1276 1290
f 1294 1293 1292
f 1293 1277 1292
f 1293 1278 1277
f 1296 1279 1295
f 1279 1293 1295
f 1279 1278 1293
f 1279 1296 1280
f 1284 1297 1283
f 1283 1297 1285
f 1288 1298 1287
f 1287 1298 1289
f 1289 1298 1299
f 1289 1299 871
f 1299 873 871
f 1299 1300 873
f 872 873 1290
f 873 1301 1290
f 873 1300 1301
f 1290 1301 1291
f 1294 1302 1293
f 1293 1302 1295
f 1305 1304 1303
f 1307 1306 1303
f 1303 1306 1305
f 1307 1308 1306
f 1311 1310 1309
f 1313 1312 1309
f 1309 1312 1311
f 1315 1314 1313
f 1313 1314 1312
f 1317 1316 1315
f 1315 1316 1314
f 1316 1317 1304
f 1317 1303 1304
f 1317 1318 1303
f 1318 875 876
f 1307 1318 876
f 1303 1318 1307
f 1319 1308 1307
f 876 1319 1307
f 877 1319 876
f 1321 1320 879
f 1320 877 879
f 1320 1319 877
f 1323 1322 1321
f 1321 1322 1320
f 1323 1324 1322
f 1327 1326 1325
f 1329 1328 1325
f 1325 1328 1327
f 1331 1330 1329
f 1329 1330 1328
f 1330 1331 1310
f 1331 1309 1310
f 1331 1332 1309
f 1332 881 882
f 1313 1332 882
f 1309 1332 1313
f 1313 882 883
f 1313 883 1315
f 1315 883 885
f 1315 885 1317
f 1317 885 887
f 1317 887 1318
f 1318 887 875
f 889 1321 879
f 1321 889 890
f 1321 890 1323
f 1333 1324 1323
f 890 1333 1323
f 892 1333 890
f 1335 1334 894
f 1334 892 894
f 1334 1333 892
f 1335 1336 1334
f 1339 1338 1337
f 1339 1337 1326
f 1337 1325 1326
f 1337 1340 1325
f 1340 896 897
f 1329 1340 897
f 1325 1340 1329
f 1329 897 898
f 1329 898 1331
f 1331 898 900
f 1331 900 1332
f 1332 900 881
f 902 1335 894
f 1342 1341 904
f 904 1341 902
f 1341 1336 902
f 1336 1335 902
f 1342 1343 1341
f 1346 1345 1344
f 1344 1347 1346
f 1350 1349 1348
f 1352 1351 1348
f 1348 1351 1350
f 1354 1353 1352
f 1352 1353 1351
f 1353 1354 1338
f 1354 1337 1338
f 1354 1355 1337
f 1355 906 907
f 1340 1355 907
f 1337 1355 1340
f 1340 907 896
f 1358 1357 1356
f 1360 1359 1356
f 1360 1356 1357
f 1361 1359 1360
f 910 1342 904
f 910 912 1342
f 912 1343 1342
f 912 1362 1343
f 1365 1364 1363
f 1365 1363 1345
f 1363 1344 1345
f 1363 1366 1344
f 1347 1344 1367
f 1367 1344 1366
f 1370 1369 1368
f 1372 1371 1368
f 1368 1371 1370
f 1371 1372 1349
f 1372 1348 1349
f 1372 1373 1348
f 1348 1374 1352
f 1348 1373 1374
f 1374 914 915
f 1354 1374 915
f 1352 1374 1354
f 1354 915 916
f 1354 916 1355
f 1355 916 906
f 1377 1376 1375
f 1379 1378 1375
f 1379 1375 1376
f 1381 1380 1378
f 1381 1378 1379
f 1383 1382 1380
f 1383 1380 1381
f 1385 1384 1382
f 1385 1382 1383
f 1386 1384 1385
f 1388 1387 919
f 1388 919 920
f 1356 922 1358
f 922 1387 1358
f 922 919 1387
f 922 1356 923
f 1356 1389 923
f 1356 1359 1389
f 1359 1361 1390
f 1359 1390 1389
f 926 1392 1391
f 1362 926 1391
f 912 926 1362
f 1392 1393 1391
f 1396 1395 1394
f 1396 1394 1364
f 1394 1363 1364
f 1394 1397 1363
f 1397 928 929
f 1366 1397 929
f 1363 1397 1366
f 1398 1367 1366
f 929 1398 1366
f 930 1398 929
f 1400 1399 932
f 1399 930 932
f 1399 1398 930
f 1399 1400 1369
f 1400 1368 1369
f 1400 1401 1368
f 1401 934 935
f 1372 1401 935
f 1368 1401 1372
f 1372 935 936
f 1372 936 1373
f 1373 936 938
f 1373 938 1374
f 1374 938 914
f 1404 1403 1402
f 1406 1405 1402
f 1406 1402 1403
f 1405 1406 1377
f 1375 1405 1377
f 1407 1405 1375
f 1408 1375 1378
f 1407 1375 1408
f 1409 1378 1380
f 1408 1378 1409
f 1410 1380 1382
f 1409 1380 1410
f 1411 1382 1384
f 1410 1382 1411
f 1384 1386 1412
f 1413 1384 1412
f 1411 1384 1413
f 1412 1388 1413
f 1388 941 1413
f 1388 920 941
f 1415 1414 1389
f 1414 923 1389
f 1414 943 923
f 1415 1389 1390
f 945 1416 1392
f 945 1392 926
f 1393 1392 1417
f 1417 1392 1416
f 1394 1395 1418
f 1418 1395 1419
f 1418 947 948
f 1397 1418 948
f 1394 1418 1397
f 1397 948 928
f 951 1400 932
f 1400 951 953
f 1400 953 1401
f 1401 953 934
f 1422 1421 1420
f 1424 1423 1420
f 1424 1420 1421
f 1423 1424 1404
f 1402 1423 1404
f 1425 1423 1402
f 1426 1402 1405
f 1425 1402 1426
f 958 1426 957
f 1426 1407 957
f 1426 1405 1407
f 957 1407 960
f 960 1407 1408
f 960 1408 962
f 962 1408 1409
f 962 1409 964
f 964 1409 1410
f 964 1410 965
f 1410 1427 965
f 1410 1411 1427
f 968 1427 967
f 1427 1413 967
f 1427 1411 1413
f 967 1413 941
f 1428 970 971
f 1429 1428 971
f 943 1429 971
f 1414 1429 943
f 973 1430 1416
f 973 1416 945
f 1417 1416 1431
f 1431 1416 1430
f 1434 1433 1432
f 1434 1432 1419
f 1432 1418 1419
f 1432 1435 1418
f 1435 975 947
f 1435 947 1418
f 1438 1437 1436
f 1439 1436 1437
f 1442 1441 1440
f 1440 1441 1422
f 1420 1440 1422
f 1443 1440 1420
f 1444 1420 1423
f 1443 1420 1444
f 981 1444 980
f 1444 1425 980
f 1444 1423 1425
f 980 1425 983
f 983 1425 1426
f 983 1426 958
f 1427 988 965
f 988 1427 968
f 1428 992 970
f 1446 1445 994
f 1446 994 992
f 1429 1446 992
f 1428 1429 992
f 1448 1447 1445
f 1448 1445 1446
f 1449 1447 1448
f 1452 1451 1450
f 1453 1450 1451
f 995 1430 973
f 1455 1454 997
f 997 1454 995
f 1454 1431 995
f 1431 1430 995
f 1455 1456 1454
f 1433 1457 1432
f 1459 1458 1457
f 1458 1432 1457
f 1458 1435 1432
f 1458 999 975
f 1458 975 1435
f 1462 1461 1460
f 1464 1463 1460
f 1464 1460 1461
f 1463 1464 1438
f 1436 1463 1438
f 1465 1463 1436
f 1436 1439 1466
f 1436 1466 1465
f 1469 1468 1467
f 1467 1468 1442
f 1440 1467 1442
f 1470 1467 1440
f 1003 1470 1002
f 1470 1443 1002
f 1470 1440 1443
f 1002 1443 1005
f 1005 1443 1444
f 1005 1444 981
f 1471 1016 1445
f 1445 1016 994
f 1472 1445 1447
f 1471 1445 1472
f 1018 1019 1473
f 1449 1474 1447
f 1472 1447 1474
f 1473 1020 1018
f 1450 1475 1452
f 1475 1450 1476
f 1450 1453 1477
f 1450 1477 1476
f 1022 1478 1455
f 1022 1455 997
f 1456 1455 1479
f 1479 1455 1478
f 1482 1481 1480
f 1482 1480 1459
f 1480 1458 1459
f 1480 1483 1458
f 1483 1024 999
f 1483 999 1458
f 1484 1462 1460
f 1484 1460 1463
f 1484 1463 1485
f 1028 1486 1027
f 1486 1463 1027
f 1463 1465 1027
f 1486 1485 1463
f 1488 1487 1029
f 1488 1029 1027
f 1466 1488 1027
f 1465 1466 1027
f 1487 1488 1469
f 1467 1487 1469
f 1489 1487 1467
f 1490 1467 1470
f 1489 1467 1490
f 1031 1490 1003
f 1003 1490 1470
f 1471 1042 1016
f 1042 1471 1045
f 1045 1471 1472
f 1472 1474 1045
f 1474 1491 1045
f 1473 1019 1045
f 1473 1045 1491
f 1020 1473 1047
f 1491 1047 1473
f 1047 1491 1492
f 1475 1492 1491
f 1492 1475 1476
f 1476 1477 1493
f 1476 1493 1492
f 1048 1494 1478
f 1048 1478 1022
f 1479 1478 1495
f 1495 1478 1494
f 1481 1496 1480
f 1498 1497 1496
f 1497 1480 1496
f 1497 1483 1480
f 1497 1050 1024
f 1497 1024 1483
f 1501 1500 1499
f 1500 1486 1499
f 1486 1054 1499
f 1486 1028 1054
f 1487 1055 1029
f 1055 1487 1057
f 1487 1502 1057
f 1487 1489 1502
f 1503 1489 1490
f 1502 1489 1503
f 1059 1503 1031
f 1031 1503 1490
f 1492 1066 1047
f 1068 1066 1492
f 1493 1068 1492
f 1504 1068 1493
f 1069 1494 1048
f 1069 1071 1494
f 1071 1495 1494
f 1071 1505 1495
f 1497 1498 1506
f 1506 1498 1507
f 1508 1072 1050
f 1497 1508 1050
f 1506 1508 1497
f 1508 1074 1072
f 1501 1499 1509
f 1501 1509 1510
f 1076 1511 1054
f 1511 1499 1054
f 1511 1509 1499
f 1077 1511 1076
f 1502 1079 1057
f 1079 1502 1081
f 1502 1512 1081
f 1502 1503 1512
f 1083 1512 1059
f 1059 1512 1503
f 1514 1090 1513
f 1090 1504 1513
f 1090 1068 1504
f 1515 1514 1513
f 1092 1517 1516
f 1505 1092 1516
f 1071 1092 1505
f 1517 1518 1516
f 1507 1519 1506
f 1521 1520 1519
f 1520 1506 1519
f 1520 1508 1506
f 1522 1093 1074
f 1508 1522 1074
f 1520 1522 1508
f 1522 1095 1093
f 1523 1510 1509
f 1525 1524 1523
f 1509 1525 1523
f 1511 1525 1509
f 1097 1525 1077
f 1077 1525 1511
f 1512 1099 1081
f 1099 1512 1083
f 1526 1106 1107
f 1090 1514 1107
f 1514 1526 1107
f 1514 1527 1526
f 1514 1515 1528
f 1514 1528 1527
f 1109 1529 1517
f 1109 1517 1092
f 1518 1517 1530
f 1530 1517 1529
f 1520 1521 1531
f 1531 1521 1532
f 1520 1533 1522
f 1520 1531 1533
f 1533 1111 1095
f 1533 1095 1522
f 1524 1525 1534
f 1524 1534 1535
f 1113 1534 1097
f 1097 1534 1525
f 1536 1117 1526
f 1526 1117 1106
f 1527 1538 1537
f 1536 1527 1537
f 1526 1527 1536
f 1538 1527 1528
f 1540 1539 1529
f 1109 1540 1529
f 1120 1540 1109
f 1529 1539 1530
f 1532 1541 1531
f 1543 1542 1541
f 1542 1531 1541
f 1542 1533 1531
f 1542 1122 1111
f 1542 1111 1533
f 1535 1534 1544
f 1535 1544 1545
f 1123 1546 1113
f 1546 1534 1113
f 1546 1544 1534
f 1124 1546 1123
f 1547 1128 1536
f 1536 1128 1117
f 1536 1537 1548
f 1536 1548 1547
f 1131 1549 1132
f 1549 1550 1132
f 1550 1120 1132
f 1550 1540 1120
f 1542 1543 1551
f 1551 1543 1552
f 1551 1134 1122
f 1551 1122 1542
f 1553 1545 1544
f 1555 1554 1553
f 1544 1555 1553
f 1546 1555 1544
f 1137 1555 1124
f 1124 1555 1546
f 1556 1140 1547
f 1547 1140 1128
f 1547 1548 1557
f 1547 1557 1556
f 1143 1558 1549
f 1143 1549 1131
f 1550 1549 1559
f 1559 1549 1558
f 1552 1560 1551
f 1560 1562 1561
f 1560 1561 1144
f 1551 1560 1144
f 1134 1551 1144
f 1561 1146 1144
f 1554 1555 1563
f 1554 1563 1564
f 1147 1565 1137
f 1565 1555 1137
f 1565 1563 1555
f 1149 1565 1147
f 1566 1153 1556
f 1556 1153 1140
f 1556 1557 1567
f 1556 1567 1566
f 1155 1568 1156
f 1558 1143 1156
f 1568 1558 1156
f 1569 1558 1568
f 1559 1558 1570
f 1570 1558 1569
f 1561 1562 1571
f 1571 1562 1572
f 1571 1158 1146
f 1571 1146 1561
f 1573 1564 1563
f 1575 1574 1573
f 1563 1575 1573
f 1565 1575 1563
f 1160 1576 1149
f 1576 1565 1149
f 1576 1575 1565
f 1162 1576 1160
f 1577 1169 1170
f 1578 1577 1170
f 1578 1170 1153
f 1579 1578 1153
f 1566 1579 1153
f 1579 1566 1567
f 1172 1568 1155
f 1569 1568 1580
f 1568 1174 1580
f 1174 1581 1580
f 1174 1568 1172
f 1569 1580 1570
f 1571 1572 1582
f 1582 1572 1583
f 1584 1175 1158
f 1571 1584 1158
f 1582 1584 1571
f 1584 1177 1175
f 1585 1574 1575
f 1587 1586 1585
f 1575 1587 1585
f 1576 1587 1575
f 1179 1588 1162
f 1588 1576 1162
f 1588 1587 1576
f 1180 1588 1179
f 1589 1188 1189
f 1169 1577 1189
f 1577 1589 1189
f 1577 1590 1589
f 1577 1578 1591
f 1577 1591 1590
f 1191 1592 1190
f 1593 1192 1190
f 1593 1190 1592
f 1593 1594 1192
f 1594 1174 1192
f 1594 1581 1174
f 1583 1595 1582
f 1597 1596 1595
f 1596 1582 1595
f 1596 1584 1582
f 1598 1193 1177
f 1584 1598 1177
f 1596 1598 1584
f 1598 1195 1193
f 1599 1586 1587
f 1601 1600 1599
f 1587 1601 1599
f 1588 1601 1587
f 1197 1602 1180
f 1602 1588 1180
f 1602 1601 1588
f 1198 1602 1197
f 1603 1207 1589
f 1589 1207 1188
f 1590 1605 1604
f 1603 1590 1604
f 1589 1590 1603
f 1605 1590 1591
f 1210 1606 1592
f 1210 1592 1191
f 1592 1607 1593
f 1592 1606 1607
f 1594 1593 1608
f 1608 1593 1607
f 1596 1597 1609
f 1609 1597 1610
f 1596 1611 1598
f 1596 1609 1611
f 1612 1211 1195
f 1598 1612 1195
f 1611 1612 1598
f 1612 1213 1211
f 1613 1600 1601
f 1615 1614 1613
f 1601 1615 1613
f 1602 1615 1601
f 1215 1616 1198
f 1616 1602 1198
f 1616 1615 1602
f 1216 1616 1215
f 1617 1219 1218
f 1220 1617 1218
f 1618 1225 1226
f 1227 1619 1226
f 1226 1619 1618
f 1620 1619 1227
f 1620 1227 1207
f 1621 1620 1207
f 1603 1621 1207
f 1621 1603 1604
f 1623 1622 1606
f 1210 1623 1606
f 1230 1623 1210
f 1606 1622 1607
f 1607 1622 1624
f 1607 1624 1608
f 1610 1625 1609
f 1627 1626 1625
f 1626 1609 1625
f 1626 1611 1609
f 1611 1628 1612
f 1611 1626 1628
f 1629 1231 1213
f 1612 1629 1213
f 1628 1629 1612
f 1629 1233 1231
f 1630 1614 1615
f 1632 1631 1630
f 1615 1632 1630
f 1616 1632 1615
f 1235 1633 1216
f 1633 1616 1216
f 1633 1632 1616
f 1237 1633 1235
f 1617 1238 1219
f 1238 1617 1220
f 1634 1240 1241
f 1242 1634 1241
f 1635 1246 1247
f 1225 1618 1247
f 1618 1635 1247
f 1618 1636 1635
f 1619 1638 1637
f 1636 1619 1637
f 1618 1619 1636
f 1638 1619 1620
f 1250 1639 1251
f 1640 1252 1251
f 1640 1251 1639
f 1640 1641 1252
f 1641 1230 1252
f 1641 1623 1230
f 1627 1642 1626
f 1644 1643 1642
f 1643 1626 1642
f 1643 1628 1626
f 1628 1645 1629
f 1628 1643 1645
f 1646 1253 1233
f 1629 1646 1233
f 1645 1646 1629
f 1646 1255 1253
f 1647 1631 1632
f 1649 1648 1647
f 1632 1649 1647
f 1633 1649 1632
f 1257 1650 1237
f 1650 1633 1237
f 1650 1649 1633
f 1258 1651 1257
f 1257 1651 1650
f 1258 1240 1651
f 1240 1634 1651
f 1261 1259 1651
f 1261 1651 1634
f 1263 1261 1652
f 1261 1634 1652
f 1242 1262 1652
f 1242 1652 1634
f 1264 1653 1262
f 1262 1653 1652
f 1265 1654 1264
f 1264 1654 1653
f 1655 1654 1265
f 1655 1265 1246
f 1656 1655 1246
f 1635 1656 1246
f 1656 1635 1636
f 1656 1636 1657
f 1268 1267 1658
f 1636 1637 1657
f 1659 1269 1268
f 1659 1268 1658
f 1639 1250 1269
f 1659 1639 1269
f 1660 1639 1659
f 1662 1640 1661
f 1640 1660 1661
f 1640 1639 1660
f 1640 1662 1641
f 1644 1663 1643
f 1665 1664 1663
f 1664 1643 1663
f 1664 1645 1643
f 1645 1666 1646
f 1645 1664 1666
f 1667 1270 1255
f 1646 1667 1255
f 1666 1667 1646
f 1667 1272 1270
f 1668 1648 1649
f 1668 1649 1650
f 1668 1650 1669
f 1669 1650 1651
f 1669 1651 1670
f 1670 1651 1259
f 1275 1670 1259
f 1671 1670 1275
f 1671 1275 1263
f 1672 1671 1263
f 1652 1672 1263
f 1671 1672 1673
f 1653 1675 1674
f 1672 1653 1674
f 1652 1653 1672
f 1675 1653 1654
f 1675 1654 1676
f 1676 1654 1655
f 1280 1677 1281
f 1658 1267 1281
f 1677 1658 1281
f 1678 1658 1677
f 1658 1679 1659
f 1658 1678 1679
f 1681 1660 1680
f 1660 1679 1680
f 1660 1659 1679
f 1660 1681 1661
f 1665 1682 1664
f 1664 1682 1666
f 1666 1682 1683
f 1666 1683 1667
f 1667 1683 1684
f 1684 1686 1685
f 1684 1685 1282
f 1667 1684 1282
f 1272 1667 1282
f 1685 1284 1282
f 1285 1687 1286
f 1687 1288 1286
f 1688 1673 1672
f 1292 1291 1689
f 1672 1674 1688
f 1689 1294 1292
f 1295 1690 1296
f 1690 1691 1296
f 1296 1691 1280
f 1691 1692 1280
f 1692 1677 1280
f 1677 1692 1678
f 1678 1692 1693
f 1678 1693 1679
f 1679 1693 1694
f 1679 1694 1680
f 1686 1695 1685
f 1695 1697 1696
f 1695 1696 1297
f 1685 1695 1297
f 1284 1685 1297
f 1696 1698 1297
f 1297 1698 1285
f 1698 1699 1285
f 1699 1687 1285
f 1687 1699 1288
f 1699 1298 1288
f 1699 1700 1298
f 1298 1701 1299
f 1700 1701 1298
f 1701 1703 1702
f 1300 1701 1702
f 1299 1701 1300
f 1704 1301 1300
f 1704 1300 1702
f 1689 1291 1301
f 1704 1689 1301
f 1705 1689 1704
f 1689 1705 1294
f 1705 1706 1294
f 1706 1302 1294
f 1705 1707 1706
f 1295 1302 1690
f 1302 1708 1690
f 1302 1706 1708
f 1690 1708 1691
f 1697 1709 1696
f 1696 1709 1698
f 1703 1710 1702
f 1702 1710 1704
f 1704 1710 1711
f 1704 1711 1705
f 1705 1711 1712
f 1705 1712 1707
f 1715 1714 1713
f 1713 1716 1715
f 1719 1718 1717
f 1717 1720 1719
f 1723 1722 1721
f 1725 1724 1721
f 1721 1724 1723
f 1727 1726 1725
f 1725 1726 1724
f 1729 1728 1727
f 1727 1728 1726
f 1731 1730 1729
f 1729 1730 1728
f 1730 1731 1714
f 1714 1731 1713
f 1731 1304 1713
f 1304 1305 1713
f 1732 1716 1713
f 1305 1732 1713
f 1306 1732 1305
f 1734 1733 1308
f 1733 1306 1308
f 1733 1732 1306
f 1734 1735 1733
f 1738 1737 1736
f 1736 1739 1738
f 1742 1741 1740
f 1742 1740 1718
f 1740 1717 1718
f 1740 1743 1717
f 1720 1717 1744
f 1717 1745 1744
f 1717 1743 1745
f 1744 1745 1722
f 1745 1721 1722
f 1745 1746 1721
f 1746 1310 1311
f 1725 1746 1311
f 1721 1746 1725
f 1725 1311 1312
f 1725 1312 1727
f 1727 1312 1314
f 1727 1314 1729
f 1729 1314 1316
f 1729 1316 1731
f 1731 1316 1304
f 1319 1734 1308
f 1747 1735 1734
f 1319 1747 1734
f 1320 1747 1319
f 1748 1320 1322
f 1748 1747 1320
f 1322 1324 1748
f 1748 1324 1749
f 1736 1737 1750
f 1750 1737 1751
f 1739 1736 1752
f 1736 1753 1752
f 1736 1750 1753
f 1753 1754 1752
f 1757 1756 1755
f 1757 1755 1741
f 1755 1740 1741
f 1755 1758 1740
f 1758 1326 1327
f 1743 1758 1327
f 1740 1758 1743
f 1743 1327 1328
f 1743 1328 1745
f 1745 1328 1330
f 1745 1330 1746
f 1746 1330 1310
f 1759 1749 1324
f 1759 1324 1333
f 1760 1333 1334
f 1760 1759 1333
f 1762 1761 1336
f 1761 1334 1336
f 1761 1760 1334
f 1762 1763 1761
f 1766 1765 1764
f 1768 1767 1764
f 1764 1767 1766
f 1770 1769 1768
f 1768 1769 1767
f 1772 1771 1770
f 1770 1771 1769
f 1774 1773 1772
f 1772 1773 1771
f 1773 1774 1751
f 1774 1750 1751
f 1774 1775 1750
f 1750 1776 1753
f 1750 1775 1776
f 1754 1753 1777
f 1753 1778 1777
f 1753 1776 1778
f 1777 1778 1756
f 1778 1755 1756
f 1778 1779 1755
f 1779 1338 1339
f 1758 1779 1339
f 1755 1779 1758
f 1758 1339 1326
f 1341 1762 1336
f 1341 1343 1762
f 1343 1763 1762
f 1343 1780 1763
f 1783 1782 1781
f 1783 1781 1765
f 1781 1764 1765
f 1781 1784 1764
f 1784 1345 1346
f 1768 1784 1346
f 1764 1784 1768
f 1768 1346 1347
f 1785 1768 1347
f 1770 1768 1785
f 1770 1786 1772
f 1770 1785 1786
f 1772 1787 1774
f 1772 1786 1787
f 1774 1788 1775
f 1774 1787 1788
f 1788 1349 1350
f 1776 1788 1350
f 1775 1788 1776
f 1776 1350 1351
f 1776 1351 1778
f 1778 1351 1353
f 1778 1353 1779
f 1779 1353 1338
f 1791 1790 1789
f 1793 1792 1789
f 1793 1789 1790
f 1795 1794 1792
f 1795 1792 1793
f 1797 1796 1794
f 1797 1794 1795
f 1799 1798 1796
f 1799 1796 1797
f 1801 1800 1798
f 1801 1798 1799
f 1802 1800 1801
f 1358 1803 1357
f 1804 1360 1357
f 1804 1357 1803
f 1804 1361 1360
f 1362 1806 1805
f 1780 1362 1805
f 1343 1362 1780
f 1806 1807 1805
f 1781 1782 1808
f 1808 1782 1809
f 1808 1364 1365
f 1784 1808 1365
f 1781 1808 1784
f 1784 1365 1345
f 1367 1810 1785
f 1367 1785 1347
f 1785 1811 1786
f 1785 1810 1811
f 1811 1369 1370
f 1787 1811 1370
f 1786 1811 1787
f 1787 1370 1371
f 1787 1371 1788
f 1788 1371 1349
f 1814 1813 1812
f 1816 1815 1812
f 1816 1812 1813
f 1815 1816 1791
f 1789 1815 1791
f 1817 1815 1789
f 1377 1817 1376
f 1817 1792 1376
f 1817 1789 1792
f 1376 1792 1379
f 1379 1792 1794
f 1379 1794 1381
f 1381 1794 1796
f 1381 1796 1383
f 1383 1796 1798
f 1383 1798 1385
f 1385 1798 1800
f 1819 1818 1386
f 1819 1386 1385
f 1802 1819 1385
f 1800 1802 1385
f 1387 1388 1818
f 1819 1387 1818
f 1820 1387 1819
f 1358 1387 1803
f 1387 1821 1803
f 1387 1820 1821
f 1803 1821 1804
f 1804 1821 1822
f 1390 1361 1804
f 1823 1390 1804
f 1822 1823 1804
f 1390 1823 1824
f 1825 1824 1823
f 1391 1806 1362
f 1391 1393 1806
f 1393 1807 1806
f 1393 1826 1807
f 1829 1828 1827
f 1829 1827 1809
f 1809 1827 1808
f 1827 1395 1808
f 1395 1396 1808
f 1808 1396 1364
f 1398 1810 1367
f 1810 1398 1399
f 1810 1399 1811
f 1811 1399 1369
f 1832 1831 1830
f 1834 1833 1830
f 1834 1830 1831
f 1833 1834 1814
f 1812 1833 1814
f 1835 1833 1812
f 1404 1835 1403
f 1835 1815 1403
f 1835 1812 1815
f 1403 1815 1406
f 1406 1815 1817
f 1406 1817 1377
f 1818 1412 1386
f 1412 1818 1388
f 1836 1414 1415
f 1390 1824 1415
f 1824 1836 1415
f 1824 1837 1836
f 1824 1825 1838
f 1824 1838 1837
f 1417 1840 1839
f 1826 1417 1839
f 1393 1417 1826
f 1840 1841 1839
f 1827 1828 1842
f 1842 1828 1843
f 1842 1419 1395
f 1842 1395 1827
f 1846 1845 1844
f 1848 1847 1844
f 1848 1844 1845
f 1850 1849 1847
f 1850 1847 1848
f 1851 1849 1850
f 1854 1853 1852
f 1856 1855 1852
f 1856 1852 1853
f 1855 1856 1832
f 1830 1855 1832
f 1857 1855 1830
f 1422 1857 1421
f 1857 1833 1421
f 1857 1830 1833
f 1421 1833 1424
f 1424 1833 1835
f 1424 1835 1404
f 1858 1429 1836
f 1836 1429 1414
f 1859 1836 1837
f 1858 1836 1859
f 1837 1838 1860
f 1837 1860 1859
f 1431 1861 1840
f 1431 1840 1417
f 1841 1840 1862
f 1862 1840 1861
f 1865 1864 1863
f 1865 1863 1843
f 1843 1863 1842
f 1863 1433 1842
f 1433 1434 1842
f 1842 1434 1419
f 1868 1867 1866
f 1866 1867 1846
f 1844 1866 1846
f 1869 1866 1844
f 1870 1844 1847
f 1869 1844 1870
f 1871 1847 1849
f 1870 1847 1871
f 1872 1437 1438
f 1849 1872 1438
f 1871 1849 1438
f 1872 1849 1851
f 1852 1873 1439
f 1872 1852 1439
f 1437 1872 1439
f 1854 1852 1872
f 1874 1852 1855
f 1873 1852 1874
f 1442 1874 1441
f 1874 1857 1441
f 1874 1855 1857
f 1441 1857 1422
f 1858 1446 1429
f 1446 1858 1448
f 1448 1858 1859
f 1449 1448 1859
f 1860 1449 1859
f 1875 1449 1860
f 1452 1876 1451
f 1876 1453 1451
f 1454 1861 1431
f 1454 1456 1861
f 1456 1862 1861
f 1456 1877 1862
f 1863 1864 1878
f 1878 1864 1879
f 1880 1457 1433
f 1863 1880 1433
f 1878 1880 1863
f 1880 1459 1457
f 1868 1866 1881
f 1868 1881 1882
f 1883 1866 1869
f 1881 1866 1883
f 1462 1883 1461
f 1883 1870 1461
f 1883 1869 1870
f 1461 1870 1464
f 1464 1870 1871
f 1464 1871 1438
f 1884 1466 1873
f 1873 1466 1439
f 1469 1884 1468
f 1884 1874 1468
f 1884 1873 1874
f 1468 1874 1442
f 1875 1474 1449
f 1885 1474 1875
f 1475 1886 1876
f 1475 1876 1452
f 1889 1888 1887
f 1876 1477 1453
f 1477 1876 1886
f 1890 1889 1887
f 1479 1877 1456
f 1479 1891 1877
f 1878 1879 1892
f 1892 1879 1893
f 1892 1481 1482
f 1880 1892 1482
f 1878 1892 1880
f 1880 1482 1459
f 1894 1882 1881
f 1896 1895 1894
f 1881 1896 1894
f 1883 1896 1881
f 1484 1897 1462
f 1897 1883 1462
f 1897 1896 1883
f 1485 1898 1484
f 1484 1898 1897
f 1486 1898 1485
f 1884 1488 1466
f 1488 1884 1469
f 1885 1899 1474
f 1474 1899 1491
f 1491 1899 1475
f 1899 1900 1475
f 1900 1886 1475
f 1900 1899 1901
f 1888 1889 1902
f 1903 1888 1902
f 1900 1903 1902
f 1886 1900 1902
f 1477 1886 1902
f 1493 1477 1902
f 1904 1493 1902
f 1889 1904 1902
f 1889 1890 1905
f 1889 1905 1904
f 1495 1891 1479
f 1495 1906 1891
f 1893 1907 1892
f 1907 1909 1908
f 1907 1908 1496
f 1892 1907 1496
f 1481 1892 1496
f 1908 1498 1496
f 1895 1896 1910
f 1895 1910 1911
f 1912 1896 1897
f 1910 1896 1912
f 1501 1912 1500
f 1912 1898 1500
f 1912 1897 1898
f 1500 1898 1486
f 1901 1913 1900
f 1913 1903 1900
f 1504 1493 1914
f 1904 1914 1493
f 1904 1905 1915
f 1904 1915 1914
f 1505 1906 1495
f 1505 1916 1906
f 1908 1909 1917
f 1917 1909 1918
f 1917 1507 1498
f 1917 1498 1908
f 1911 1910 1919
f 1911 1919 1920
f 1921 1910 1912
f 1919 1910 1921
f 1510 1921 1501
f 1501 1921 1912
f 1914 1513 1504
f 1515 1513 1914
f 1915 1515 1914
f 1922 1515 1915
f 1505 1516 1923
f 1924 1505 1923
f 1916 1505 1924
f 1518 1923 1516
f 1917 1918 1925
f 1925 1918 1926
f 1927 1519 1507
f 1917 1927 1507
f 1925 1927 1917
f 1927 1521 1519
f 1928 1920 1919
f 1930 1929 1928
f 1919 1930 1928
f 1921 1930 1919
f 1523 1931 1510
f 1931 1921 1510
f 1931 1930 1921
f 1524 1931 1523
f 1922 1528 1515
f 1932 1528 1922
f 1933 1924 1923
f 1923 1518 1933
f 1518 1934 1933
f 1518 1530 1934
f 1926 1935 1925
f 1937 1936 1935
f 1936 1925 1935
f 1936 1927 1925
f 1936 1532 1521
f 1936 1521 1927
f 1938 1929 1930
f 1940 1939 1938
f 1930 1940 1938
f 1931 1940 1930
f 1535 1940 1524
f 1524 1940 1931
f 1941 1537 1538
f 1942 1941 1538
f 1528 1942 1538
f 1932 1942 1528
f 1540 1943 1539
f 1943 1944 1539
f 1944 1530 1539
f 1944 1934 1530
f 1936 1937 1945
f 1945 1937 1946
f 1947 1541 1532
f 1936 1947 1532
f 1945 1947 1936
f 1947 1543 1541
f 1939 1940 1948
f 1939 1948 1949
f 1545 1948 1535
f 1535 1948 1940
f 1950 1548 1941
f 1941 1548 1537
f 1941 1942 1951
f 1941 1951 1950
f 1953 1952 1943
f 1540 1953 1943
f 1550 1953 1540
f 1943 1952 1944
f 1946 1954 1945
f 1956 1955 1954
f 1955 1945 1954
f 1955 1947 1945
f 1955 1552 1543
f 1955 1543 1947
f 1949 1948 1957
f 1949 1957 1958
f 1553 1959 1545
f 1959 1948 1545
f 1959 1957 1948
f 1554 1959 1553
f 1960 1557 1950
f 1950 1557 1548
f 1950 1951 1961
f 1950 1961 1960
f 1559 1953 1550
f 1559 1962 1953
f 1955 1956 1963
f 1963 1956 1964
f 1965 1560 1552
f 1955 1965 1552
f 1963 1965 1955
f 1965 1562 1560
f 1966 1958 1957
f 1968 1967 1966
f 1957 1968 1966
f 1959 1968 1957
f 1564 1968 1554
f 1554 1968 1959
f 1970 1969 1960
f 1969 1557 1960
f 1969 1567 1557
f 1970 1960 1961
f 1570 1962 1559
f 1570 1971 1962
f 1964 1972 1963
f 1974 1973 1972
f 1973 1963 1972
f 1973 1965 1963
f 1973 1572 1562
f 1973 1562 1965
f 1975 1967 1968
f 1977 1975 1976
f 1976 1975 1573
f 1975 1968 1573
f 1968 1564 1573
f 1574 1976 1573
f 1978 1578 1579
f 1979 1978 1579
f 1567 1979 1579
f 1969 1979 1567
f 1581 1980 1580
f 1980 1981 1580
f 1981 1570 1580
f 1981 1971 1570
f 1973 1974 1982
f 1982 1974 1983
f 1982 1583 1572
f 1982 1572 1973
f 1977 1976 1984
f 1977 1984 1985
f 1585 1986 1574
f 1986 1976 1574
f 1986 1984 1976
f 1586 1986 1585
f 1988 1987 1978
f 1987 1578 1978
f 1987 1591 1578
f 1988 1978 1979
f 1990 1989 1980
f 1581 1990 1980
f 1594 1990 1581
f 1980 1989 1981
f 1983 1991 1982
f 1991 1993 1992
f 1991 1992 1595
f 1982 1991 1595
f 1583 1982 1595
f 1992 1597 1595
f 1994 1985 1984
f 1996 1995 1994
f 1984 1996 1994
f 1986 1996 1984
f 1599 1997 1586
f 1997 1986 1586
f 1997 1996 1986
f 1600 1997 1599
f 1998 1604 1605
f 1999 1998 1605
f 1591 1999 1605
f 1987 1999 1591
f 1608 1990 1594
f 1608 2000 1990
f 1992 1993 2001
f 2001 1993 2002
f 2001 1610 1597
f 2001 1597 1992
f 1995 1996 2003
f 1995 2003 2004
f 2005 1996 1997
f 2003 1996 2005
f 1613 2006 1600
f 2006 1997 1600
f 2006 2005 1997
f 1614 2006 1613
f 2007 1620 1621
f 2008 2007 1621
f 2008 1621 1604
f 2009 2008 1604
f 1998 2009 1604
f 2009 1998 1999
f 1623 2010 1622
f 1622 2010 2011
f 2012 1622 2011
f 1624 1622 2012
f 1608 1624 2000
f 2000 1624 2012
f 2002 2013 2001
f 2013 2015 2014
f 2013 2014 1625
f 2001 2013 1625
f 1610 2001 1625
f 2014 1627 1625
f 2016 2004 2003
f 2018 2017 2016
f 2003 2018 2016
f 2005 2018 2003
f 2019 2005 2006
f 2018 2005 2019
f 1630 2020 1614
f 2020 2006 1614
f 2020 2019 2006
f 1631 2020 1630
f 2021 1637 1638
f 2022 2021 1638
f 2022 1638 1620
f 2023 2022 1620
f 2007 2023 1620
f 2023 2007 2008
f 2025 2024 2010
f 1623 2025 2010
f 1641 2025 1623
f 2010 2024 2011
f 2015 2026 2014
f 2026 2028 2027
f 2026 2027 1642
f 2014 2026 1642
f 1627 2014 1642
f 2027 1644 1642
f 2029 2017 2018
f 2029 2018 2019
f 2029 2019 2030
f 2032 2031 2030
f 2019 2032 2030
f 2020 2032 2019
f 1647 2033 1631
f 2033 2020 1631
f 2033 2032 2020
f 1648 2033 1647
f 2034 1655 1656
f 1657 2035 1656
f 1656 2035 2034
f 2036 2035 1657
f 2036 1657 1637
f 2037 2036 1637
f 2021 2037 1637
f 2037 2021 2022
f 2039 2038 1662
f 2039 1662 1661
f 1641 1662 2025
f 2025 1662 2038
f 2028 2040 2027
f 2040 2042 2041
f 2040 2041 1663
f 2027 2040 1663
f 1644 2027 1663
f 2041 1665 1663
f 2043 2031 2032
f 2043 2032 2033
f 2043 2033 2044
f 2046 2044 2045
f 2045 2044 1668
f 2044 2033 1668
f 2033 1648 1668
f 1669 2047 1668
f 1668 2047 2045
f 1670 2048 1669
f 1669 2048 2047
f 1671 2049 1670
f 1670 2049 2048
f 1673 2049 1671
f 2050 1674 1675
f 1676 2051 1675
f 1675 2051 2050
f 2052 2051 1676
f 2052 1676 1655
f 2053 2052 1655
f 2034 2053 1655
f 2053 2034 2035
f 2053 2035 2054
f 2054 2035 2036
f 2056 2055 1681
f 2056 1681 1680
f 1661 1681 2039
f 2039 1681 2055
f 2042 2057 2041
f 2057 2059 2058
f 2057 2058 1682
f 2041 2057 1682
f 1665 2041 1682
f 2060 1683 1682
f 2060 1682 2058
f 2061 1684 1683
f 2061 1683 2060
f 2061 1686 1684
f 2062 2046 2045
f 2062 2045 2047
f 2062 2047 2063
f 2063 2047 2048
f 2063 2048 2064
f 2064 2048 2049
f 2064 2049 2065
f 2067 2065 2066
f 2066 2065 1688
f 2065 2049 1688
f 2049 1673 1688
f 2068 2066 1688
f 2068 1688 1674
f 2069 2068 1674
f 2050 2069 1674
f 2069 2050 2051
f 2069 2051 2070
f 2070 2051 2052
f 1691 2071 1692
f 2072 1693 1692
f 2072 1692 2071
f 1693 2072 2073
f 2074 1693 2073
f 1694 1693 2074
f 1680 1694 2056
f 2056 1694 2074
f 2059 2075 2058
f 2058 2075 2060
f 2060 2075 2076
f 2078 2077 2076
f 2077 2060 2076
f 2077 2061 2060
f 2079 1695 1686
f 2061 2079 1686
f 2077 2079 2061
f 2079 1697 1695
f 1698 2080 1699
f 2081 1700 1699
f 2081 1699 2080
f 2082 1701 1700
f 2082 1700 2081
f 2082 1703 1701
f 2083 2067 2066
f 2083 2066 2068
f 1707 2084 1706
f 2085 1708 1706
f 2085 1706 2084
f 2085 2086 1708
f 1708 2086 1691
f 2086 2087 1691
f 2087 2071 1691
f 2071 2087 2072
f 2072 2087 2088
f 2072 2088 2073
f 2078 2089 2077
f 2077 2089 2079
f 2079 2089 2090
f 2079 2090 1697
f 2090 1709 1697
f 2090 2091 1709
f 1698 1709 2080
f 1709 2092 2080
f 1709 2091 2092
f 2080 2092 2081
f 2081 2092 2093
f 2081 2093 2082
f 2082 2093 2094
f 2094 2096 2095
f 2094 2095 1710
f 2082 2094 1710
f 1703 2082 1710
f 1710 2095 2097
f 2098 1710 2097
f 1711 1710 2098
f 1711 2099 1712
f 2098 2099 1711
f 1707 1712 2084
f 1712 2100 2084
f 1712 2099 2100
f 2084 2100 2085
f 2085 2100 2101
f 2085 2101 2086
f 2096 2102 2095
f 2095 2102 2097
f 2105 2104 2103
f 2107 2106 2103
f 2103 2106 2105
f 2107 2108 2106
f 2110 2109 1715
f 1715 2109 1714
f 1715 1716 2110
f 2110 1716 2111
f 2114 2113 2112
f 2116 2115 2112
f 2112 2115 2114
f 2118 2117 2116
f 2116 2117 2115
f 2117 2118 2104
f 2118 2103 2104
f 2118 2119 2103
f 2103 2120 2107
f 2103 2119 2120
f 1719 2121 1718
f 2121 2107 1718
f 2107 2120 1718
f 2107 2121 2108
f 2123 2122 1720
f 2122 1719 1720
f 2122 2121 1719
f 1722 1723 2123
f 1723 2122 2123
f 1723 2124 2122
f 2125 1723 1724
f 2125 2124 1723
f 2126 1724 1726
f 2126 2125 1724
f 2127 1726 1728
f 2127 2126 1726
f 2128 1728 1730
f 2128 2127 1728
f 1730 1714 2109
f 1730 2109 2128
f 2129 2111 1716
f 2129 1716 1732
f 2130 1732 1733
f 2130 2129 1732
f 2132 2131 1735
f 2131 1733 1735
f 2131 2130 1733
f 2132 2133 2131
f 2136 2135 2134
f 2134 2137 2136
f 2140 2139 2138
f 2142 2141 2138
f 2138 2141 2140
f 2141 2142 2113
f 2113 2142 2112
f 2142 1737 2112
f 1737 1738 2112
f 2112 1738 1739
f 2143 2112 1739
f 2116 2112 2143
f 2116 2144 2118
f 2116 2143 2144
f 2118 2145 2119
f 2118 2144 2145
f 2145 1741 1742
f 2120 2145 1742
f 2119 2145 2120
f 2120 1742 1718
f 1744 2123 1720
f 2123 1744 1722
f 1747 2132 1735
f 2146 2133 2132
f 1747 2146 2132
f 1748 2146 1747
f 2148 2147 1749
f 2147 1748 1749
f 2147 2146 1748
f 2148 2149 2147
f 2152 2151 2150
f 2152 2150 2135
f 2150 2134 2135
f 2150 2153 2134
f 2137 2134 2154
f 2154 2134 2153
f 2157 2156 2155
f 2157 2155 2139
f 2155 2138 2139
f 2155 2158 2138
f 2138 2159 2142
f 2138 2158 2159
f 2159 1751 1737
f 2159 1737 2142
f 1752 2143 1739
f 2143 1752 1754
f 2160 2143 1754
f 2144 2143 2160
f 2160 1756 1757
f 2145 2160 1757
f 2144 2160 2145
f 2145 1757 1741
f 1759 2148 1749
f 2161 2149 2148
f 1759 2161 2148
f 1760 2161 1759
f 2162 1760 1761
f 2162 2161 1760
f 1761 1763 2162
f 2162 1763 2163
f 2166 2165 2164
f 2166 2164 2151
f 2164 2150 2151
f 2164 2167 2150
f 2167 1765 1766
f 2153 2167 1766
f 2150 2167 2153
f 2168 2154 2153
f 1766 2168 2153
f 1767 2168 1766
f 1769 2155 2156
f 2168 1769 2156
f 1767 1769 2168
f 2155 1769 1771
f 2155 1771 2158
f 2158 1771 1773
f 2158 1773 2159
f 2159 1773 1751
f 1777 2160 1754
f 2160 1777 1756
f 2171 2170 2169
f 2173 2172 2169
f 2173 2169 2170
f 2175 2174 2172
f 2175 2172 2173
f 2177 2176 2174
f 2177 2174 2175
f 2179 2178 2176
f 2179 2176 2177
f 2181 2180 2178
f 2181 2178 2179
f 2182 2180 2181
f 1780 2184 2183
f 2163 1780 2183
f 1763 1780 2163
f 2184 2185 2183
f 2164 2165 2186
f 2186 2165 2187
f 2186 1782 1783
f 2167 2186 1783
f 2164 2186 2167
f 2167 1783 1765
f 2190 2189 2188
f 2192 2191 2188
f 2192 2188 2189
f 2193 2191 2192
f 2196 2195 2194
f 2198 2197 2194
f 2198 2194 2195
f 2200 2199 2197
f 2200 2197 2198
f 2199 2200 2171
f 2169 2199 2171
f 2201 2199 2169
f 1791 2201 1790
f 2201 2172 1790
f 2201 2169 2172
f 1790 2172 1793
f 1793 2172 2174
f 1793 2174 1795
f 1795 2174 2176
f 1795 2176 1797
f 1797 2176 2178
f 1797 2178 1799
f 1799 2178 2180
f 2182 2202 2180
f 2202 1799 2180
f 2202 1801 1799
f 2204 2203 1802
f 1801 2204 1802
f 2202 2204 1801
f 2205 2203 2204
f 1805 2184 1780
f 1805 1807 2184
f 1807 2185 2184
f 1807 2206 2185
f 2209 2208 2207
f 2209 2207 2187
f 2207 2186 2187
f 2207 2210 2186
f 2210 1809 1782
f 2210 1782 2186
f 2190 2188 2211
f 2190 2211 2212
f 2213 2188 2191
f 2211 2188 2213
f 2191 2193 2214
f 2215 2191 2214
f 2213 2191 2215
f 2216 2215 2214
f 2219 2218 2217
f 2221 2220 2217
f 2221 2217 2218
f 2220 2221 2196
f 2194 2220 2196
f 2222 2220 2194
f 2223 2194 2197
f 2222 2194 2223
f 1814 2223 1813
f 2223 2199 1813
f 2223 2197 2199
f 1813 2199 1816
f 1816 2199 2201
f 1816 2201 1791
f 2203 1819 1802
f 2205 2224 2203
f 2224 1819 2203
f 2224 1820 1819
f 1820 2225 1821
f 2224 2225 1820
f 1821 2226 1822
f 2225 2226 1821
f 1822 2227 1823
f 2226 2227 1822
f 1825 1823 2227
f 1825 2227 2228
f 1826 2230 2229
f 2206 1826 2229
f 1807 1826 2206
f 2230 2231 2229
f 2207 2208 2232
f 2232 2208 2233
f 2232 1828 1829
f 2210 2232 1829
f 2207 2232 2210
f 2210 1829 1809
f 2236 2235 2234
f 2234 2235 2212
f 2211 2234 2212
f 2237 2234 2211
f 2238 2211 2213
f 2237 2211 2238
f 2239 2213 2215
f 2238 2213 2239
f 2215 2216 2240
f 2241 2215 2240
f 2239 2215 2241
f 2241 2240 2219
f 2217 2241 2219
f 2242 2241 2217
f 2243 2217 2220
f 2242 2217 2243
f 1832 2243 1831
f 2243 2222 1831
f 2243 2220 2222
f 1831 2222 1834
f 1834 2222 2223
f 1834 2223 1814
f 2245 1838 2244
f 1838 2228 2244
f 1838 1825 2228
f 2246 2245 2244
f 1839 2230 1826
f 1839 1841 2230
f 1841 2231 2230
f 1841 2247 2231
f 2250 2249 2248
f 2250 2248 2233
f 2248 2232 2233
f 2248 2251 2232
f 2251 1843 1828
f 2251 1828 2232
f 2236 2234 2252
f 2236 2252 2253
f 1846 2252 1845
f 2252 2237 1845
f 2252 2234 2237
f 1845 2237 1848
f 1848 2237 2238
f 1848 2238 1850
f 1850 2238 2239
f 1850 2239 1851
f 2239 2254 1851
f 2239 2241 2254
f 1854 2254 1853
f 2254 2242 1853
f 2254 2241 2242
f 1853 2242 1856
f 1856 2242 2243
f 1856 2243 1832
f 2255 1860 2245
f 2245 1860 1838
f 2245 2246 2256
f 2245 2256 2255
f 1862 2247 1841
f 1862 2257 2247
f 2248 2249 2258
f 2258 2249 2259
f 2258 1864 1865
f 2251 2258 1865
f 2248 2258 2251
f 2251 1865 1843
f 2253 2252 1867
f 1868 2253 1867
f 2260 2253 1868
f 1867 2252 1846
f 2254 1872 1851
f 1872 2254 1854
f 2261 1875 2255
f 2255 1875 1860
f 2255 2256 2262
f 2255 2262 2261
f 1877 2257 1862
f 1877 2263 2257
f 2258 2259 2264
f 2264 2259 2265
f 2264 1879 1864
f 2264 1864 2258
f 1882 2260 1868
f 1882 2266 2260
f 2267 1885 2261
f 2261 1885 1875
f 2261 2262 2268
f 2261 2268 2267
f 2270 2269 1887
f 2270 1887 1888
f 1890 1887 2269
f 1890 2269 2271
f 1891 2273 2272
f 2263 1891 2272
f 1877 1891 2263
f 2273 2274 2272
f 2264 2265 2275
f 2275 2265 2276
f 2275 1893 1879
f 2275 1879 2264
f 1882 1894 2277
f 2278 1882 2277
f 2266 1882 2278
f 1895 2277 1894
f 2267 1899 1885
f 1901 1899 2267
f 2268 1901 2267
f 2279 1901 2268
f 1903 2270 1888
f 1903 2280 2270
f 2271 1905 1890
f 2281 1905 2271
f 1906 2282 2273
f 1906 2273 1891
f 2274 2273 2283
f 2283 2273 2282
f 2276 2284 2275
f 2284 2286 2285
f 2284 2285 1907
f 2275 2284 1907
f 1893 2275 1907
f 2285 1909 1907
f 2278 2277 2287
f 2278 2287 2288
f 1911 2287 1895
f 1895 2287 2277
f 2279 2289 1901
f 1901 2289 1913
f 1903 1913 2280
f 2280 1913 2289
f 2291 1915 2290
f 1915 2281 2290
f 1915 1905 2281
f 2292 2291 2290
f 1916 2293 2282
f 1916 2282 1906
f 2283 2282 2294
f 2294 2282 2293
f 2285 2286 2295
f 2295 2286 2296
f 2295 1918 1909
f 2295 1909 2285
f 2288 2287 2297
f 2288 2297 2298
f 1920 2297 1911
f 1911 2297 2287
f 2300 2299 2291
f 2299 1915 2291
f 2299 1922 1915
f 2300 2291 2292
f 1924 2301 2293
f 1924 2293 1916
f 2294 2293 2302
f 2302 2293 2301
f 2295 2296 2303
f 2303 2296 2304
f 2303 1926 1918
f 2303 1918 2295
f 2298 2297 2305
f 2298 2305 2306
f 1928 2307 1920
f 2307 2297 1920
f 2307 2305 2297
f 1929 2307 1928
f 2299 1932 1922
f 2308 1932 2299
f 2301 1924 1933
f 2311 2310 2309
f 2310 2311 1934
f 2311 2302 1934
f 2301 1933 1934
f 2301 1934 2302
f 2303 2304 2312
f 2312 2304 2313
f 2314 1935 1926
f 2303 2314 1926
f 2312 2314 2303
f 2314 1937 1935
f 2306 2305 2315
f 2306 2315 2316
f 2317 2305 2307
f 2315 2305 2317
f 1938 2318 1929
f 2318 2307 1929
f 2318 2317 2307
f 1939 2318 1938
f 2320 1942 2319
f 1942 2308 2319
f 1942 1932 2308
f 2321 2320 2319
f 2322 2309 2310
f 2310 1934 2322
f 1934 2323 2322
f 1934 1944 2323
f 2313 2324 2312
f 2326 2325 2324
f 2325 2312 2324
f 2325 2314 2312
f 2325 1946 1937
f 2325 1937 2314
f 2327 2316 2315
f 2327 2315 2317
f 2327 2317 2328
f 2330 2329 2328
f 2317 2330 2328
f 2318 2330 2317
f 1949 2330 1939
f 1939 2330 2318
f 2331 1951 2320
f 2320 1951 1942
f 2320 2321 2332
f 2320 2332 2331
f 1953 2333 1952
f 2333 2334 1952
f 2334 1944 1952
f 2334 2323 1944
f 2325 2326 2335
f 2335 2326 2336
f 2337 1954 1946
f 2325 2337 1946
f 2335 2337 2325
f 2337 1956 1954
f 2329 2330 2338
f 2329 2338 2339
f 1958 2338 1949
f 1949 2338 2330
f 2341 2340 2331
f 2340 1951 2331
f 2340 1961 1951
f 2341 2331 2332
f 2343 2342 2333
f 1953 2343 2333
f 1962 2343 1953
f 2333 2342 2334
f 2336 2344 2335
f 2346 2345 2344
f 2345 2335 2344
f 2345 2337 2335
f 2345 1964 1956
f 2345 1956 2337
f 2339 2338 2347
f 2339 2347 2348
f 1966 2349 1958
f 2349 2338 1958
f 2349 2347 2338
f 1967 2349 1966
f 2350 1969 1970
f 2351 2350 1970
f 1961 2351 1970
f 2340 2351 1961
f 1971 2343 1962
f 1971 2352 2343
f 2345 2346 2353
f 2353 2346 2354
f 2355 1972 1964
f 2345 2355 1964
f 2353 2355 2345
f 2355 1974 1972
f 2356 2348 2347
f 2358 2357 2356
f 2347 2358 2356
f 2349 2358 2347
f 1975 2359 1967
f 2359 2349 1967
f 2359 2358 2349
f 1977 2359 1975
f 2360 1979 2350
f 2350 1979 1969
f 2350 2351 2361
f 2350 2361 2360
f 1981 2352 1971
f 1981 2362 2352
f 2353 2354 2363
f 2363 2354 2364
f 2353 2365 2355
f 2353 2363 2365
f 2365 1983 1974
f 2365 1974 2355
f 2357 2358 2366
f 2357 2366 2367
f 2368 2358 2359
f 2366 2358 2368
f 1985 2368 1977
f 1977 2368 2359
f 2369 1987 1988
f 2370 2369 1988
f 2370 1988 1979
f 2371 2370 1979
f 2360 2371 1979
f 2371 2360 2361
f 1990 2372 1989
f 2372 2373 1989
f 2373 1981 1989
f 2373 2362 1981
f 2364 2374 2363
f 2363 2374 2365
f 2365 2374 2375
f 2375 2377 2376
f 2375 2376 1991
f 2365 2375 1991
f 1983 2365 1991
f 2376 1993 1991
f 2378 2367 2366
f 2380 2379 2378
f 2366 2380 2378
f 2368 2380 2366
f 1994 2381 1985
f 2381 2368 1985
f 2381 2380 2368
f 1995 2381 1994
f 2383 2382 2369
f 2382 1987 2369
f 2382 1999 1987
f 2383 2369 2370
f 2385 2384 2372
f 1990 2385 2372
f 2000 2385 1990
f 2372 2384 2373
f 2376 2377 2386
f 2386 2377 2387
f 2386 2002 1993
f 2386 1993 2376
f 2388 2379 2380
f 2390 2389 2388
f 2380 2390 2388
f 2381 2390 2380
f 2004 2390 1995
f 1995 2390 2381
f 2391 2008 2009
f 2392 2391 2009
f 1999 2392 2009
f 2382 2392 1999
f 2011 2393 2012
f 2393 2394 2012
f 2394 2000 2012
f 2394 2385 2000
f 2387 2395 2386
f 2395 2397 2396
f 2395 2396 2013
f 2386 2395 2013
f 2002 2386 2013
f 2396 2015 2013
f 2398 2389 2390
f 2400 2398 2399
f 2399 2398 2016
f 2398 2390 2016
f 2390 2004 2016
f 2017 2399 2016
f 2401 2022 2023
f 2402 2401 2023
f 2402 2023 2008
f 2403 2402 2008
f 2391 2403 2008
f 2403 2391 2392
f 2025 2404 2024
f 2404 2405 2024
f 2024 2405 2011
f 2405 2406 2011
f 2406 2393 2011
f 2393 2406 2394
f 2397 2407 2396
f 2407 2409 2408
f 2407 2408 2026
f 2396 2407 2026
f 2015 2396 2026
f 2408 2028 2026
f 2410 2400 2399
f 2410 2399 2017
f 2029 2410 2017
f 2411 2410 2029
f 2413 2411 2412
f 2411 2030 2412
f 2411 2029 2030
f 2031 2412 2030
f 2414 2036 2037
f 2415 2414 2037
f 2415 2037 2022
f 2416 2415 2022
f 2401 2416 2022
f 2416 2401 2402
f 2039 2417 2038
f 2417 2418 2038
f 2038 2418 2025
f 2418 2419 2025
f 2419 2404 2025
f 2404 2419 2405
f 2408 2409 2420
f 2420 2409 2421
f 2422 2040 2028
f 2408 2422 2028
f 2420 2422 2408
f 2422 2042 2040
f 2423 2413 2412
f 2425 2423 2424
f 2424 2423 2043
f 2423 2412 2043
f 2412 2031 2043
f 2044 2426 2043
f 2043 2426 2424
f 2046 2426 2044
f 2427 2052 2053
f 2427 2053 2428
f 2053 2429 2428
f 2053 2054 2429
f 2054 2036 2414
f 2430 2054 2414
f 2429 2054 2430
f 2430 2414 2415
f 2056 2431 2055
f 2431 2432 2055
f 2055 2432 2039
f 2432 2433 2039
f 2433 2417 2039
f 2417 2433 2418
f 2421 2434 2420
f 2420 2434 2422
f 2422 2434 2435
f 2435 2437 2436
f 2435 2436 2057
f 2422 2435 2057
f 2042 2422 2057
f 2436 2059 2057
f 2438 2425 2424
f 2438 2424 2426
f 2438 2426 2439
f 2439 2426 2046
f 2062 2439 2046
f 2440 2439 2062
f 2442 2440 2441
f 2440 2063 2441
f 2440 2062 2063
f 2441 2063 2443
f 2063 2444 2443
f 2063 2064 2444
f 2445 2064 2065
f 2445 2444 2064
f 2065 2067 2445
f 2445 2067 2446
f 2447 2068 2069
f 2070 2448 2069
f 2069 2448 2447
f 2449 2448 2070
f 2449 2070 2052
f 2450 2449 2052
f 2427 2450 2052
f 2450 2427 2428
f 2073 2451 2074
f 2451 2452 2074
f 2074 2452 2056
f 2452 2453 2056
f 2453 2431 2056
f 2431 2453 2432
f 2437 2454 2436
f 2436 2454 2059
f 2454 2075 2059
f 2454 2455 2075
f 2455 2457 2456
f 2076 2455 2456
f 2075 2455 2076
f 2456 2078 2076
f 2458 2442 2441
f 2458 2441 2443
f 2459 2446 2067
f 2459 2067 2083
f 2083 2068 2447
f 2460 2083 2447
f 2459 2083 2460
f 2460 2447 2448
f 2460 2448 2461
f 2461 2448 2449
f 2463 2462 2087
f 2463 2087 2086
f 2087 2464 2088
f 2462 2464 2087
f 2073 2088 2451
f 2088 2465 2451
f 2088 2464 2465
f 2451 2465 2452
f 2457 2466 2456
f 2456 2466 2078
f 2466 2089 2078
f 2466 2467 2089
f 2467 2469 2468
f 2090 2467 2468
f 2089 2467 2090
f 2470 2091 2090
f 2470 2090 2468
f 2471 2092 2091
f 2471 2091 2470
f 2472 2093 2092
f 2472 2092 2471
f 2473 2094 2093
f 2473 2093 2472
f 2473 2096 2094
f 2097 2474 2098
f 2475 2099 2098
f 2475 2098 2474
f 2476 2100 2099
f 2476 2099 2475
f 2100 2476 2477
f 2478 2100 2477
f 2101 2100 2478
f 2086 2101 2463
f 2463 2101 2478
f 2469 2479 2468
f 2468 2479 2470
f 2470 2479 2480
f 2470 2480 2471
f 2471 2480 2481
f 2471 2481 2472
f 2472 2481 2482
f 2472 2482 2473
f 2473 2482 2483
f 2473 2483 2096
f 2483 2102 2096
f 2483 2484 2102
f 2097 2102 2474
f 2102 2485 2474
f 2102 2484 2485
f 2474 2485 2475
f 2475 2485 2486
f 2475 2486 2476
f 2476 2486 2487
f 2476 2487 2477
f 2490 2489 2488
f 2492 2491 2488
f 2488 2491 2490
f 2494 2493 2492
f 2492 2493 2491
f 2496 2495 2494
f 2494 2495 2493
f 2496 2497 2495
f 2500 2499 2498
f 2502 2501 2498
f 2498 2501 2500
f 2504 2503 2502
f 2502 2503 2501
f 2506 2505 2504
f 2504 2505 2503
f 2505 2506 2489
f 2489 2506 2488
f 2506 2104 2488
f 2104 2105 2488
f 2488 2105 2106
f 2488 2106 2492
f 2492 2106 2108
f 2507 2492 2108
f 2494 2492 2507
f 2494 2508 2496
f 2494 2507 2508
f 2497 2496 2509
f 2496 2510 2509
f 2496 2508 2510
f 2512 2511 2510
f 2510 2511 2509
f 2514 2513 2512
f 2512 2513 2511
f 2516 2515 2514
f 2514 2515 2513
f 2518 2517 2516
f 2516 2517 2515
f 2109 2110 2518
f 2110 2517 2518
f 2110 2519 2517
f 2521 2520 2111
f 2520 2110 2111
f 2520 2519 2110
f 2523 2522 2521
f 2521 2522 2520
f 2523 2524 2522
f 2527 2526 2525
f 2529 2528 2525
f 2525 2528 2527
f 2529 2530 2528
f 2533 2532 2531
f 2535 2534 2531
f 2531 2534 2533
f 2534 2535 2499
f 2535 2498 2499
f 2535 2536 2498
f 2536 2113 2114
f 2502 2536 2114
f 2498 2536 2502
f 2502 2114 2115
f 2502 2115 2504
f 2504 2115 2117
f 2504 2117 2506
f 2506 2117 2104
f 2121 2507 2108
f 2507 2121 2122
f 2507 2122 2508
f 2508 2122 2124
f 2508 2124 2510
f 2510 2124 2125
f 2510 2125 2512
f 2512 2125 2126
f 2512 2126 2514
f 2514 2126 2127
f 2514 2127 2516
f 2516 2127 2128
f 2516 2128 2518
f 2518 2128 2109
f 2129 2521 2111
f 2521 2129 2130
f 2521 2130 2523
f 2537 2524 2523
f 2130 2537 2523
f 2131 2537 2130
f 2539 2538 2133
f 2538 2131 2133
f 2538 2537 2131
f 2539 2540 2538
f 2543 2542 2541
f 2543 2541 2526
f 2541 2525 2526
f 2541 2544 2525
f 2544 2135 2136
f 2529 2544 2136
f 2525 2544 2529
f 2546 2545 2137
f 2137 2545 2136
f 2545 2530 2136
f 2530 2529 2136
f 2545 2546 2532
f 2546 2531 2532
f 2546 2547 2531
f 2547 2139 2140
f 2535 2547 2140
f 2531 2547 2535
f 2535 2140 2141
f 2535 2141 2536
f 2536 2141 2113
f 2550 2549 2548
f 2552 2551 2548
f 2552 2548 2549
f 2554 2553 2551
f 2554 2551 2552
f 2555 2553 2554
f 2558 2557 2556
f 2559 2556 2557
f 2146 2539 2133
f 2560 2540 2539
f 2146 2560 2539
f 2147 2560 2146
f 2147 2149 2560
f 2560 2149 2561
f 2564 2563 2562
f 2564 2562 2542
f 2562 2541 2542
f 2562 2565 2541
f 2565 2151 2152
f 2544 2565 2152
f 2541 2565 2544
f 2544 2152 2135
f 2154 2566 2546
f 2154 2546 2137
f 2566 2156 2157
f 2547 2566 2157
f 2546 2566 2547
f 2547 2157 2139
f 2569 2568 2567
f 2567 2568 2550
f 2548 2567 2550
f 2570 2567 2548
f 2571 2548 2551
f 2570 2548 2571
f 2572 2551 2553
f 2571 2551 2572
f 2553 2555 2573
f 2574 2553 2573
f 2572 2553 2574
f 2576 2575 2574
f 2576 2574 2573
f 2575 2576 2558
f 2556 2575 2558
f 2577 2575 2556
f 2556 2559 2578
f 2579 2556 2578
f 2577 2556 2579
f 2580 2579 2578
f 2581 2561 2149
f 2581 2149 2161
f 2583 2581 2582
f 2581 2162 2582
f 2581 2161 2162
f 2163 2582 2162
f 2562 2563 2584
f 2584 2563 2585
f 2584 2165 2166
f 2565 2584 2166
f 2562 2584 2565
f 2565 2166 2151
f 2168 2566 2154
f 2156 2566 2168
f 2588 2587 2586
f 2589 2587 2588
f 2592 2591 2590
f 2594 2593 2590
f 2594 2590 2591
f 2596 2595 2593
f 2596 2593 2594
f 2595 2596 2569
f 2567 2595 2569
f 2597 2595 2567
f 2598 2567 2570
f 2597 2567 2598
f 2171 2598 2170
f 2598 2571 2170
f 2598 2570 2571
f 2170 2571 2173
f 2173 2571 2572
f 2173 2572 2175
f 2175 2572 2574
f 2175 2574 2177
f 2177 2574 2575
f 2177 2575 2179
f 2179 2575 2577
f 2179 2577 2181
f 2181 2577 2579
f 2600 2599 2182
f 2600 2182 2181
f 2580 2600 2181
f 2579 2580 2181
f 2602 2601 2599
f 2602 2599 2600
f 2603 2601 2602
f 2604 2583 2582
f 2604 2582 2163
f 2183 2604 2163
f 2605 2604 2183
f 2183 2185 2605
f 2605 2185 2606
f 2609 2608 2607
f 2609 2607 2585
f 2607 2584 2585
f 2607 2610 2584
f 2610 2187 2165
f 2610 2165 2584
f 2613 2612 2611
f 2615 2614 2611
f 2615 2611 2612
f 2189 2190 2614
f 2615 2189 2614
f 2616 2189 2615
f 2587 2192 2586
f 2192 2616 2586
f 2192 2189 2616
f 2618 2617 2193
f 2618 2193 2192
f 2589 2618 2192
f 2587 2589 2192
f 2620 2619 2617
f 2620 2617 2618
f 2619 2620 2592
f 2590 2619 2592
f 2621 2619 2590
f 2622 2590 2593
f 2621 2590 2622
f 2196 2622 2195
f 2622 2595 2195
f 2622 2593 2595
f 2195 2595 2198
f 2198 2595 2597
f 2198 2597 2200
f 2200 2597 2598
f 2200 2598 2171
f 2599 2202 2182
f 2202 2599 2204
f 2204 2599 2601
f 2624 2623 2205
f 2624 2205 2204
f 2603 2624 2204
f 2601 2603 2204
f 2625 2623 2624
f 2206 2627 2626
f 2606 2206 2626
f 2185 2206 2606
f 2627 2628 2626
f 2607 2608 2629
f 2629 2608 2630
f 2629 2208 2209
f 2610 2629 2209
f 2607 2629 2610
f 2610 2209 2187
f 2613 2611 2631
f 2613 2631 2632
f 2633 2611 2614
f 2631 2611 2633
f 2212 2633 2190
f 2190 2633 2614
f 2617 2214 2193
f 2214 2617 2216
f 2617 2634 2216
f 2617 2619 2634
f 2219 2634 2218
f 2634 2621 2218
f 2634 2619 2621
f 2218 2621 2221
f 2221 2621 2622
f 2221 2622 2196
f 2623 2224 2205
f 2625 2635 2623
f 2635 2224 2623
f 2635 2225 2224
f 2225 2636 2226
f 2635 2636 2225
f 2226 2637 2227
f 2636 2637 2226
f 2639 2638 2228
f 2227 2639 2228
f 2637 2639 2227
f 2641 2640 2638
f 2641 2638 2639
f 2642 2640 2641
f 2229 2627 2206
f 2229 2231 2627
f 2231 2628 2627
f 2231 2643 2628
f 2629 2630 2644
f 2644 2630 2645
f 2644 2233 2208
f 2644 2208 2629
f 2632 2631 2646
f 2632 2646 2647
f 2236 2646 2235
f 2646 2633 2235
f 2646 2631 2633
f 2235 2633 2212
f 2634 2240 2216
f 2240 2634 2219
f 2638 2244 2228
f 2244 2638 2246
f 2638 2648 2246
f 2638 2640 2648
f 2640 2642 2649
f 2640 2649 2648
f 2247 2643 2231
f 2247 2650 2643
f 2644 2645 2250
f 2645 2249 2250
f 2645 2651 2249
f 2644 2250 2233
f 2654 2653 2652
f 2652 2653 2647
f 2646 2652 2647
f 2655 2652 2646
f 2253 2655 2236
f 2236 2655 2646
f 2656 2256 2648
f 2648 2256 2246
f 2648 2649 2657
f 2648 2657 2656
f 2257 2659 2658
f 2650 2257 2658
f 2247 2257 2650
f 2659 2660 2658
f 2651 2259 2249
f 2661 2259 2651
f 2654 2652 2662
f 2654 2662 2663
f 2664 2652 2655
f 2662 2652 2664
f 2260 2664 2253
f 2253 2664 2655
f 2666 2665 2656
f 2665 2256 2656
f 2665 2262 2256
f 2666 2656 2657
f 2263 2667 2659
f 2263 2659 2257
f 2660 2659 2668
f 2668 2659 2667
f 2661 2265 2259
f 2669 2265 2661
f 2663 2662 2670
f 2663 2670 2671
f 2672 2662 2664
f 2670 2662 2672
f 2266 2672 2260
f 2260 2672 2664
f 2665 2268 2262
f 2673 2268 2665
f 2270 2674 2269
f 2674 2271 2269
f 2272 2667 2263
f 2272 2274 2667
f 2274 2668 2667
f 2274 2675 2668
f 2669 2276 2265
f 2676 2276 2669
f 2671 2670 2677
f 2671 2677 2678
f 2679 2670 2672
f 2677 2670 2679
f 2278 2679 2266
f 2266 2679 2672
f 2681 2279 2680
f 2279 2673 2680
f 2279 2268 2673
f 2680 2682 2674
f 2280 2680 2674
f 2270 2280 2674
f 2681 2680 2280
f 2281 2271 2674
f 2683 2281 2674
f 2682 2683 2674
f 2281 2683 2684
f 2685 2684 2683
f 2283 2675 2274
f 2283 2686 2675
f 2284 2276 2687
f 2276 2688 2687
f 2276 2676 2688
f 2687 2286 2284
f 2689 2678 2677
f 2691 2690 2689
f 2677 2691 2689
f 2679 2691 2677
f 2288 2691 2278
f 2278 2691 2679
f 2681 2289 2279
f 2289 2681 2280
f 2684 2290 2281
f 2292 2290 2684
f 2685 2292 2684
f 2692 2292 2685
f 2294 2686 2283
f 2294 2693 2686
f 2687 2688 2694
f 2694 2688 2695
f 2694 2296 2286
f 2694 2286 2687
f 2690 2691 2696
f 2690 2696 2697
f 2298 2696 2288
f 2288 2696 2691
f 2698 2299 2300
f 2699 2698 2300
f 2292 2699 2300
f 2692 2699 2292
f 2302 2693 2294
f 2302 2700 2693
f 2694 2695 2701
f 2701 2695 2702
f 2701 2304 2296
f 2701 2296 2694
f 2697 2696 2703
f 2697 2703 2704
f 2306 2703 2298
f 2298 2703 2696
f 2705 2308 2698
f 2698 2308 2299
f 2698 2699 2706
f 2698 2706 2705
f 2309 2707 2311
f 2707 2708 2311
f 2708 2302 2311
f 2708 2700 2302
f 2701 2702 2709
f 2709 2702 2710
f 2709 2313 2304
f 2709 2304 2701
f 2704 2703 2711
f 2704 2711 2712
f 2316 2711 2306
f 2306 2711 2703
f 2319 2308 2705
f 2715 2714 2713
f 2321 2713 2714
f 2321 2706 2713
f 2321 2319 2705
f 2706 2321 2705
f 2322 2707 2309
f 2717 2716 2323
f 2323 2716 2322
f 2716 2708 2322
f 2708 2707 2322
f 2717 2718 2716
f 2709 2710 2719
f 2719 2710 2720
f 2721 2324 2313
f 2709 2721 2313
f 2719 2721 2709
f 2721 2326 2324
f 2712 2711 2722
f 2712 2722 2723
f 2327 2724 2316
f 2724 2711 2316
f 2724 2722 2711
f 2328 2725 2327
f 2327 2725 2724
f 2329 2725 2328
f 2715 2726 2714
f 2321 2714 2726
f 2727 2321 2726
f 2332 2321 2727
f 2729 2728 2717
f 2323 2729 2717
f 2334 2729 2323
f 2717 2728 2718
f 2720 2730 2719
f 2719 2730 2721
f 2721 2730 2731
f 2326 2721 2731
f 2732 2326 2731
f 2336 2326 2732
f 2733 2723 2722
f 2735 2734 2733
f 2722 2735 2733
f 2724 2735 2722
f 2736 2724 2725
f 2735 2724 2736
f 2339 2736 2329
f 2329 2736 2725
f 2737 2340 2341
f 2738 2737 2341
f 2332 2738 2341
f 2727 2738 2332
f 2343 2739 2342
f 2739 2740 2342
f 2740 2334 2342
f 2740 2729 2334
f 2344 2336 2741
f 2336 2742 2741
f 2336 2732 2742
f 2741 2346 2344
f 2743 2734 2735
f 2745 2744 2743
f 2735 2745 2743
f 2736 2745 2735
f 2348 2745 2339
f 2339 2745 2736
f 2747 2746 2737
f 2746 2340 2737
f 2746 2351 2340
f 2747 2737 2738
f 2352 2748 2739
f 2352 2739 2343
f 2740 2739 2749
f 2749 2739 2748
f 2741 2742 2750
f 2750 2742 2751
f 2750 2354 2346
f 2750 2346 2741
f 2752 2744 2745
f 2754 2752 2753
f 2753 2752 2356
f 2752 2745 2356
f 2745 2348 2356
f 2357 2753 2356
f 2746 2361 2351
f 2755 2361 2746
f 2757 2756 2748
f 2352 2757 2748
f 2362 2757 2352
f 2748 2756 2749
f 2751 2758 2750
f 2354 2750 2758
f 2759 2354 2758
f 2364 2354 2759
f 2754 2753 2760
f 2754 2760 2761
f 2367 2760 2357
f 2357 2760 2753
f 2762 2370 2371
f 2763 2762 2371
f 2361 2763 2371
f 2755 2763 2361
f 2373 2757 2362
f 2373 2764 2757
f 2759 2765 2364
f 2364 2765 2374
f 2765 2767 2766
f 2375 2765 2766
f 2374 2765 2375
f 2766 2377 2375
f 2768 2761 2760
f 2770 2768 2769
f 2769 2768 2378
f 2768 2760 2378
f 2760 2367 2378
f 2379 2769 2378
f 2771 2382 2383
f 2772 2771 2383
f 2772 2383 2370
f 2773 2772 2370
f 2762 2773 2370
f 2773 2762 2763
f 2775 2774 2384
f 2775 2384 2385
f 2373 2384 2764
f 2764 2384 2774
f 2766 2767 2776
f 2776 2767 2777
f 2776 2387 2377
f 2776 2377 2766
f 2778 2770 2769
f 2780 2778 2779
f 2779 2778 2388
f 2778 2769 2388
f 2769 2379 2388
f 2389 2779 2388
f 2782 2781 2771
f 2781 2382 2771
f 2781 2392 2382
f 2782 2771 2772
f 2394 2775 2385
f 2394 2783 2775
f 2777 2784 2776
f 2784 2786 2785
f 2784 2785 2395
f 2776 2784 2395
f 2387 2776 2395
f 2785 2397 2395
f 2787 2780 2779
f 2789 2787 2788
f 2788 2787 2398
f 2787 2779 2398
f 2779 2389 2398
f 2400 2788 2398
f 2791 2790 2403
f 2403 2790 2402
f 2403 2392 2781
f 2403 2781 2791
f 2793 2792 2406
f 2793 2406 2405
f 2394 2406 2783
f 2783 2406 2792
f 2786 2794 2785
f 2794 2796 2795
f 2794 2795 2407
f 2785 2794 2407
f 2397 2785 2407
f 2795 2409 2407
f 2797 2789 2788
f 2799 2797 2798
f 2798 2797 2410
f 2797 2788 2410
f 2788 2400 2410
f 2411 2800 2410
f 2410 2800 2798
f 2413 2800 2411
f 2802 2801 2416
f 2416 2801 2415
f 2416 2402 2790
f 2416 2790 2802
f 2804 2803 2419
f 2804 2419 2418
f 2405 2419 2793
f 2793 2419 2803
f 2796 2805 2795
f 2409 2795 2805
f 2806 2409 2805
f 2421 2409 2806
f 2807 2799 2798
f 2807 2798 2800
f 2807 2800 2808
f 2810 2808 2809
f 2809 2808 2423
f 2808 2800 2423
f 2800 2413 2423
f 2425 2809 2423
f 2811 2428 2429
f 2811 2429 2812
f 2429 2813 2812
f 2429 2430 2813
f 2430 2415 2801
f 2430 2801 2813
f 2432 2814 2433
f 2814 2815 2433
f 2815 2418 2433
f 2815 2804 2418
f 2806 2816 2421
f 2421 2816 2434
f 2816 2818 2817
f 2435 2816 2817
f 2434 2816 2435
f 2817 2437 2435
f 2819 2810 2809
f 2821 2819 2820
f 2820 2819 2438
f 2819 2809 2438
f 2809 2425 2438
f 2439 2822 2438
f 2438 2822 2820
f 2440 2823 2439
f 2439 2823 2822
f 2442 2823 2440
f 2824 2443 2444
f 2445 2825 2444
f 2444 2825 2824
f 2446 2825 2445
f 2827 2826 2450
f 2450 2826 2449
f 2450 2428 2811
f 2828 2450 2811
f 2827 2450 2828
f 2828 2811 2812
f 2830 2829 2453
f 2830 2453 2452
f 2432 2453 2814
f 2453 2831 2814
f 2453 2829 2831
f 2814 2831 2815
f 2818 2832 2817
f 2817 2832 2437
f 2832 2454 2437
f 2832 2833 2454
f 2833 2835 2834
f 2455 2833 2834
f 2454 2833 2455
f 2834 2457 2455
f 2836 2821 2820
f 2836 2820 2822
f 2836 2822 2837
f 2837 2822 2823
f 2837 2823 2838
f 2840 2838 2839
f 2839 2838 2458
f 2838 2823 2458
f 2823 2442 2458
f 2841 2839 2458
f 2841 2458 2443
f 2842 2841 2443
f 2824 2842 2443
f 2842 2824 2825
f 2842 2825 2843
f 2843 2825 2446
f 2459 2843 2446
f 2844 2843 2459
f 2845 2459 2460
f 2845 2844 2459
f 2846 2460 2461
f 2846 2845 2460
f 2461 2449 2826
f 2461 2826 2846
f 2463 2847 2462
f 2848 2464 2462
f 2848 2462 2847
f 2464 2848 2849
f 2850 2464 2849
f 2465 2464 2850
f 2452 2465 2830
f 2830 2465 2850
f 2835 2851 2834
f 2834 2851 2457
f 2851 2466 2457
f 2851 2852 2466
f 2852 2854 2853
f 2467 2852 2853
f 2466 2852 2467
f 2853 2469 2467
f 2855 2840 2839
f 2855 2839 2841
f 2477 2856 2478
f 2856 2857 2478
f 2478 2857 2463
f 2857 2858 2463
f 2858 2847 2463
f 2847 2858 2848
f 2848 2858 2859
f 2848 2859 2849
f 2854 2860 2853
f 2860 2862 2861
f 2860 2861 2479
f 2853 2860 2479
f 2469 2853 2479
f 2863 2480 2479
f 2863 2479 2861
f 2864 2481 2480
f 2864 2480 2863
f 2481 2864 2865
f 2866 2481 2865
f 2482 2481 2866
f 2482 2867 2483
f 2866 2867 2482
f 2483 2868 2484
f 2867 2868 2483
f 2484 2869 2485
f 2868 2869 2484
f 2485 2870 2486
f 2869 2870 2485
f 2486 2871 2487
f 2870 2871 2486
f 2477 2487 2856
f 2487 2872 2856
f 2487 2871 2872
f 2856 2872 2857
f 2862 2873 2861
f 2861 2873 2863
f 2863 2873 2874
f 2863 2874 2864
f 2864 2874 2875
f 2864 2875 2865
f 2878 2877 2876
f 2880 2879 2876
f 2876 2879 2878
f 2882 2881 2880
f 2880 2881 2879
f 2882 2883 2881
f 2886 2885 2884
f 2884 2887 2886
f 2890 2889 2888
f 2888 2891 2890
f 2894 2893 2892
f 2896 2895 2892
f 2892 2895 2894
f 2895 2896 2877
f 2896 2876 2877
f 2896 2897 2876
f 2897 2489 2490
f 2880 2897 2490
f 2876 2897 2880
f 2880 2490 2491
f 2880 2491 2882
f 2898 2883 2882
f 2491 2898 2882
f 2493 2898 2491
f 2495 2884 2885
f 2898 2495 2885
f 2493 2495 2898
f 2900 2899 2497
f 2497 2899 2495
f 2899 2887 2495
f 2887 2884 2495
f 2902 2901 2900
f 2900 2901 2899
f 2904 2903 2902
f 2902 2903 2901
f 2906 2905 2904
f 2904 2905 2903
f 2908 2907 2906
f 2906 2907 2905
f 2908 2909 2907
f 2912 2911 2910
f 2914 2913 2910
f 2910 2913 2912
f 2916 2915 2914
f 2914 2915 2913
f 2915 2916 2889
f 2916 2888 2889
f 2916 2917 2888
f 2891 2888 2918
f 2888 2919 2918
f 2888 2917 2919
f 2499 2500 2919
f 2500 2918 2919
f 2500 2920 2918
f 2501 2892 2893
f 2920 2501 2893
f 2500 2501 2920
f 2892 2501 2503
f 2892 2503 2896
f 2896 2503 2505
f 2896 2505 2897
f 2897 2505 2489
f 2509 2900 2497
f 2900 2509 2511
f 2900 2511 2902
f 2902 2511 2513
f 2902 2513 2904
f 2904 2513 2515
f 2904 2515 2906
f 2906 2515 2517
f 2906 2517 2908
f 2921 2909 2908
f 2517 2921 2908
f 2519 2921 2517
f 2922 2519 2520
f 2922 2921 2519
f 2923 2520 2522
f 2923 2922 2520
f 2925 2924 2524
f 2924 2522 2524
f 2924 2923 2522
f 2925 2926 2924
f 2929 2928 2927
f 2929 2927 2911
f 2911 2927 2910
f 2927 2526 2910
f 2526 2527 2910
f 2910 2527 2528
f 2910 2528 2914
f 2914 2528 2530
f 2930 2914 2530
f 2916 2914 2930
f 2930 2532 2533
f 2917 2930 2533
f 2916 2930 2917
f 2917 2533 2534
f 2917 2534 2919
f 2919 2534 2499
f 2933 2932 2931
f 2935 2934 2931
f 2935 2931 2932
f 2937 2936 2934
f 2937 2934 2935
f 2938 2936 2937
f 2537 2925 2524
f 2939 2926 2925
f 2537 2939 2925
f 2538 2939 2537
f 2538 2540 2939
f 2939 2540 2940
f 2943 2942 2941
f 2943 2941 2928
f 2928 2941 2927
f 2941 2542 2927
f 2542 2543 2927
f 2927 2543 2526
f 2545 2930 2530
f 2930 2545 2532
f 2946 2945 2944
f 2948 2947 2944
f 2948 2944 2945
f 2950 2949 2947
f 2950 2947 2948
f 2952 2951 2949
f 2952 2949 2950
f 2951 2952 2933
f 2951 2933 2931
f 2550 2951 2931
f 2549 2550 2931
f 2549 2931 2552
f 2552 2931 2934
f 2552 2934 2554
f 2554 2934 2936
f 2954 2953 2555
f 2954 2555 2554
f 2938 2954 2554
f 2936 2938 2554
f 2956 2955 2953
f 2956 2953 2954
f 2557 2558 2955
f 2956 2557 2955
f 2957 2557 2956
f 2959 2958 2559
f 2557 2959 2559
f 2957 2959 2557
f 2961 2960 2958
f 2961 2958 2959
f 2963 2962 2960
f 2963 2960 2961
f 2964 2962 2963
f 2965 2940 2540
f 2965 2540 2560
f 2967 2966 2561
f 2966 2560 2561
f 2966 2965 2560
f 2967 2968 2966
f 2971 2970 2969
f 2971 2969 2942
f 2942 2969 2941
f 2969 2563 2941
f 2563 2564 2941
f 2941 2564 2542
f 2974 2973 2972
f 2976 2975 2972
f 2976 2972 2973
f 2978 2977 2975
f 2978 2975 2976
f 2980 2979 2977
f 2980 2977 2978
f 2979 2980 2946
f 2944 2979 2946
f 2981 2979 2944
f 2982 2944 2947
f 2981 2944 2982
f 2983 2947 2949
f 2982 2947 2983
f 2569 2983 2568
f 2983 2951 2568
f 2983 2949 2951
f 2568 2951 2550
f 2953 2573 2555
f 2573 2953 2576
f 2576 2953 2955
f 2576 2955 2558
f 2958 2578 2559
f 2578 2958 2580
f 2958 2984 2580
f 2958 2960 2984
f 2985 2960 2962
f 2984 2960 2985
f 2962 2964 2986
f 2987 2962 2986
f 2985 2962 2987
f 2988 2987 2986
f 2581 2967 2561
f 2581 2583 2967
f 2583 2968 2967
f 2583 2989 2968
f 2969 2970 2990
f 2990 2970 2991
f 2990 2585 2563
f 2990 2563 2969
f 2994 2993 2992
f 2996 2995 2992
f 2996 2992 2993
f 2998 2997 2995
f 2998 2995 2996
f 2997 2998 2974
f 2972 2997 2974
f 2999 2997 2972
f 2586 2999 2588
f 2999 2975 2588
f 2999 2972 2975
f 2588 2975 2589
f 2975 3000 2589
f 2975 2977 3000
f 3001 2977 2979
f 3000 2977 3001
f 2592 3001 2591
f 3001 2981 2591
f 3001 2979 2981
f 2591 2981 2594
f 2594 2981 2982
f 2594 2982 2596
f 2596 2982 2983
f 2596 2983 2569
f 2984 2600 2580
f 2600 2984 2602
f 2602 2984 2985
f 2602 2985 2603
f 2985 3002 2603
f 2985 2987 3002
f 2987 2988 3003
f 2987 3003 3002
f 3004 2989 2583
f 3004 2583 2604
f 3005 2604 2605
f 3005 3004 2604
f 2605 2606 3005
f 3005 2606 3006
f 2990 2991 2609
f 2991 2608 2609
f 2991 3007 2608
f 2990 2609 2585
f 2994 2992 3008
f 2994 3008 3009
f 2613 3008 2612
f 3008 2995 2612
f 3008 2992 2995
f 2612 2995 2615
f 2615 2995 2997
f 2615 2997 2616
f 2616 2997 2999
f 2616 2999 2586
f 3000 2618 2589
f 2618 3000 2620
f 2620 3000 3001
f 2620 3001 2592
f 3002 2624 2603
f 3011 3010 2625
f 3011 2625 2624
f 3003 3011 2624
f 3002 3003 2624
f 3012 3010 3011
f 3013 3006 2606
f 3013 2606 2626
f 2626 2628 3013
f 3013 2628 3014
f 3007 2630 2608
f 3015 2630 3007
f 3009 3008 3016
f 3009 3016 3017
f 2632 3016 2613
f 2613 3016 3008
f 3010 2635 2625
f 3012 3018 3010
f 3018 2635 3010
f 3018 2636 2635
f 3018 3020 3019
f 2637 3018 3019
f 2636 3018 2637
f 2637 3019 3021
f 3022 2637 3021
f 2639 2637 3022
f 3022 3024 3023
f 2641 3022 3023
f 2639 3022 2641
f 3023 2642 2641
f 2643 3014 2628
f 2643 3025 3014
f 3028 3027 3026
f 3015 3028 3026
f 2645 3015 3026
f 2630 3015 2645
f 3017 3016 3029
f 3017 3029 3030
f 2647 3029 2632
f 2632 3029 3016
f 3020 3031 3019
f 3019 3031 3021
f 3024 3032 3023
f 2642 3023 3032
f 3033 2642 3032
f 2649 2642 3033
f 2650 3025 2643
f 2650 3034 3025
f 3026 3027 3035
f 3035 3027 3036
f 3035 2651 2645
f 3035 2645 3026
f 3039 3038 3037
f 3037 3038 3030
f 3037 3030 3029
f 2654 3037 3029
f 2653 2654 3029
f 2653 3029 2647
f 3041 2657 3040
f 2657 3033 3040
f 2657 2649 3033
f 3042 3041 3040
f 2650 2658 3043
f 3044 2650 3043
f 3034 2650 3044
f 2660 3043 2658
f 3035 3036 3045
f 3045 3036 3046
f 3045 2661 2651
f 3045 2651 3035
f 3039 3037 3047
f 3039 3047 3048
f 2663 3047 2654
f 2654 3047 3037
f 3049 2665 2666
f 3050 3049 2666
f 3050 2666 2657
f 3051 3050 2657
f 3041 3051 2657
f 3051 3041 3042
f 3052 3044 3043
f 3043 2660 3052
f 2660 3053 3052
f 2660 2668 3053
f 3045 3046 3054
f 3054 3046 3055
f 3054 2669 2661
f 3054 2661 3045
f 3048 3047 3056
f 3048 3056 3057
f 2671 3056 2663
f 2663 3056 3047
f 3058 2673 3049
f 3049 2673 2665
f 3049 3050 3059
f 3060 3049 3059
f 3058 3049 3060
f 3061 3060 3059
f 2675 3053 2668
f 2675 3062 3053
f 3054 3055 3063
f 3063 3055 3064
f 3063 2676 2669
f 3063 2669 3054
f 3057 3056 3065
f 3057 3065 3066
f 2678 3065 2671
f 2671 3065 3056
f 3058 2680 2673
f 2680 3058 2682
f 2682 3058 3060
f 3061 3067 3060
f 3067 2682 3060
f 3067 2683 2682
f 2685 2683 3067
f 2685 3067 3068
f 2686 3062 2675
f 2686 3069 3062
f 3063 3064 3070
f 3070 3064 3071
f 3070 2688 2676
f 3070 2676 3063
f 3066 3065 3072
f 3066 3072 3073
f 2689 3074 2678
f 3074 3065 2678
f 3074 3072 3065
f 2690 3074 2689
f 3068 2692 2685
f 3075 2692 3068
f 2693 3069 2686
f 2693 3076 3069
f 3070 3071 3077
f 3077 3071 3078
f 3077 2695 2688
f 3077 2688 3070
f 3073 3072 3079
f 3073 3079 3080
f 3081 3072 3074
f 3079 3072 3081
f 2697 3081 2690
f 2690 3081 3074
f 3075 2699 2692
f 3082 2699 3075
f 2700 3076 2693
f 2700 3083 3076
f 3077 3078 3084
f 3084 3078 3085
f 3084 2702 2695
f 3084 2695 3077
f 3080 3079 3086
f 3080 3086 3087
f 3088 3079 3081
f 3086 3079 3088
f 2704 3088 2697
f 2697 3088 3081
f 3082 2706 2699
f 3089 2706 3082
f 2708 3083 2700
f 2708 3090 3083
f 3085 3091 3084
f 2702 3084 3091
f 3092 2702 3091
f 2710 2702 3092
f 3093 3087 3086
f 3095 3094 3093
f 3086 3095 3093
f 3088 3095 3086
f 2712 3095 2704
f 2704 3095 3088
f 3097 3096 2713
f 2713 3096 2715
f 2713 2706 3089
f 2713 3089 3097
f 2708 2716 3098
f 3099 2708 3098
f 3090 2708 3099
f 2718 3098 2716
f 3092 2720 2710
f 3100 2720 3092
f 3094 3095 3101
f 3094 3101 3102
f 2723 3101 2712
f 2712 3101 3095
f 3096 3103 2715
f 2715 3103 2726
f 2727 2726 3103
f 2727 3103 3104
f 3099 3098 2728
f 2729 3099 2728
f 3105 3099 2729
f 2728 3098 2718
f 3100 3106 2720
f 2720 3106 2730
f 3106 3108 3107
f 2731 3106 3107
f 2730 3106 2731
f 3101 3109 3102
f 2732 2731 3107
f 3109 3101 2723
f 2733 3109 2723
f 3110 3109 2733
f 2733 2734 3110
f 3110 2734 3111
f 3104 2738 2727
f 3112 2738 3104
f 2740 3105 2729
f 2740 3113 3105
f 3108 3114 3107
f 2732 3107 3114
f 3115 2732 3114
f 2742 2732 3115
f 2734 2743 3116
f 3117 2734 3116
f 3111 2734 3117
f 2744 3116 2743
f 3118 2746 2747
f 3119 3118 2747
f 2738 3119 2747
f 3112 3119 2738
f 2749 3113 2740
f 2749 3120 3113
f 3115 2751 2742
f 3121 2751 3115
f 3117 3116 3122
f 3117 3122 3123
f 2752 3124 2744
f 3124 3116 2744
f 3124 3122 3116
f 2754 3124 2752
f 3126 3125 3118
f 3125 2746 3118
f 3125 2755 2746
f 3126 3118 3119
f 2757 3127 2756
f 3127 3128 2756
f 3128 2749 2756
f 3128 3120 2749
f 3121 3129 2751
f 2751 3129 2758
f 2759 2758 3129
f 2759 3129 3130
f 3131 3123 3122
f 3133 3132 3131
f 3122 3133 3131
f 3124 3133 3122
f 2761 3133 2754
f 2754 3133 3124
f 3125 2763 2755
f 3134 2763 3125
f 3136 3135 3127
f 2757 3136 3127
f 2764 3136 2757
f 3127 3135 3128
f 2765 2759 3137
f 2759 3138 3137
f 2759 3130 3138
f 3137 2767 2765
f 3139 3132 3133
f 3139 3133 2761
f 2768 3139 2761
f 3140 3139 2768
f 2768 2770 3140
f 3140 2770 3141
f 3143 3142 2773
f 2773 3142 2772
f 2773 2763 3134
f 2773 3134 3143
f 3145 3144 2774
f 3145 2774 2775
f 2764 2774 3136
f 3136 2774 3144
f 3138 3146 3137
f 2767 3137 3146
f 3147 2767 3146
f 2777 2767 3147
f 2770 2778 3148
f 3149 2770 3148
f 3141 2770 3149
f 2780 3148 2778
f 3151 3150 2782
f 2782 3150 2781
f 2782 2772 3142
f 2782 3142 3151
f 2783 3145 2775
f 2783 3152 3145
f 3147 3153 2777
f 2777 3153 2784
f 2786 2784 3153
f 2786 3153 3154
f 3155 3149 3148
f 3157 3155 3156
f 3156 3155 2787
f 3155 3148 2787
f 3148 2780 2787
f 2789 3156 2787
f 3158 2790 2791
f 3159 3158 2791
f 2781 3159 2791
f 3150 3159 2781
f 3161 3160 2792
f 3161 2792 2793
f 2783 2792 3152
f 3152 2792 3160
f 2794 2786 3162
f 2786 3163 3162
f 2786 3154 3163
f 3162 2796 2794
f 3164 3157 3156
f 3164 3156 2789
f 2797 3164 2789
f 3165 3164 2797
f 2797 2799 3165
f 3165 2799 3166
f 3167 2801 2802
f 3168 3167 2802
f 3168 2802 2790
f 3169 3168 2790
f 3158 3169 2790
f 3169 3158 3159
f 3171 3170 2803
f 3171 2803 2804
f 2793 2803 3161
f 3161 2803 3170
f 3163 3172 3162
f 3162 3172 2796
f 3172 2805 2796
f 3172 3173 2805
f 2806 2805 3173
f 2806 3173 3174
f 3175 3166 2799
f 3175 2799 2807
f 3177 3175 3176
f 3175 2808 3176
f 3175 2807 2808
f 2810 3176 2808
f 3178 2812 2813
f 3179 3178 2813
f 3179 2813 2801
f 3180 3179 2801
f 3167 3180 2801
f 3180 3167 3168
f 2815 3171 2804
f 2815 3181 3171
f 3174 3182 2806
f 2806 3182 2816
f 2818 2816 3182
f 2818 3182 3183
f 3184 3177 3176
f 3184 3176 2810
f 2819 3184 2810
f 3185 3184 2819
f 2819 2821 3185
f 3185 2821 3186
f 3187 2826 2827
f 3187 2827 3188
f 2827 3189 3188
f 2827 2828 3189
f 2828 2812 3178
f 3190 2828 3178
f 3189 2828 3190
f 3190 3178 3179
f 2830 3191 2829
f 2829 3191 3192
f 3193 2829 3192
f 2831 2829 3193
f 2815 2831 3181
f 3181 2831 3193
f 3183 3194 2818
f 2818 3194 2832
f 3194 3196 3195
f 2833 3194 3195
f 2832 3194 2833
f 3195 2835 2833
f 3197 3186 2821
f 3197 2821 2836
f 3198 2836 2837
f 3198 3197 2836
f 3200 3198 3199
f 3198 2838 3199
f 3198 2837 2838
f 2840 3199 2838
f 3202 3201 2842
f 2842 3201 2841
f 3203 2842 2843
f 3203 3202 2842
f 3204 2843 2844
f 3204 3203 2843
f 3205 2844 2845
f 3205 3204 2844
f 3206 2845 2846
f 3206 3205 2845
f 2846 2826 3187
f 3207 2846 3187
f 3206 2846 3207
f 3207 3187 3188
f 3209 3208 2850
f 3209 2850 2849
f 2830 2850 3191
f 2850 3210 3191
f 2850 3208 3210
f 3191 3210 3192
f 3196 3211 3195
f 3195 3211 2835
f 3211 2851 2835
f 3211 3212 2851
f 3212 3214 3213
f 2852 3212 3213
f 2851 3212 2852
f 3213 2854 2852
f 3215 3200 3199
f 3215 3199 2840
f 2855 3215 2840
f 3216 3215 2855
f 2855 2841 3201
f 2855 3201 3216
f 3218 3217 2858
f 3218 2858 2857
f 2858 3219 2859
f 3217 3219 2858
f 2849 2859 3209
f 3209 2859 3219
f 3214 3220 3213
f 3213 3220 2854
f 3220 2860 2854
f 3220 3221 2860
f 2862 2860 3221
f 2862 3221 3222
f 3224 3223 2866
f 3224 2866 2865
f 2866 3225 2867
f 3223 3225 2866
f 2867 3226 2868
f 3225 3226 2867
f 2868 3227 2869
f 3226 3227 2868
f 2869 3228 2870
f 3227 3228 2869
f 2870 3229 2871
f 3228 3229 2870
f 2871 3230 2872
f 3229 3230 2871
f 2857 2872 3218
f 3218 2872 3230
f 3222 3231 2862
f 2862 3231 2873
f 2873 3232 2874
f 3231 3232 2873
f 2874 3233 2875
f 3232 3233 2874
f 2865 2875 3224
f 3224 2875 3233
f 3236 3235 3234
f 3234 3237 3236
f 3240 3239 3238
f 3242 3241 3238
f 3238 3241 3240
f 3242 3243 3241
f 3246 3245 3244
f 2877 2878 3244
f 2878 3246 3244
f 2878 3247 3246
f 2879 3234 3235
f 3247 2879 3235
f 2878 2879 3247
f 3248 3237 3234
f 2879 3248 3234
f 2881 3248 2879
f 3250 3249 2883
f 3249 2881 2883
f 3249 3248 2881
f 2885 2886 3250
f 2886 3249 3250
f 2886 3251 3249
f 3253 3252 2887
f 3252 2886 2887
f 3252 3251 2886
f 3255 3254 3253
f 3253 3254 3252
f 3257 3256 3255
f 3255 3256 3254
f 3259 3258 3257
f 3257 3258 3256
f 3261 3260 3259
f 3259 3260 3258
f 3263 3262 3261
f 3261 3262 3260
f 3263 3264 3262
f 3267 3266 3265
f 3269 3268 3265
f 3265 3268 3267
f 3271 3270 3269
f 3269 3270 3268
f 3273 3272 3271
f 3271 3272 3270
f 2889 2890 3273
f 2890 3272 3273
f 2890 3274 3272
f 3275 3238 2891
f 3238 3274 2891
f 3274 2890 2891
f 3238 3239 3274
f 3238 3276 3242
f 3238 3275 3276
f 2894 3277 2893
f 3277 3242 2893
f 3242 3276 2893
f 3242 3277 3243
f 2895 3244 3245
f 3277 2895 3245
f 2894 2895 3277
f 2877 3244 2895
f 3280 3279 3278
f 3281 3279 3280
f 2898 3250 2883
f 3250 2898 2885
f 2899 3253 2887
f 3253 2899 2901
f 3253 2901 3255
f 3255 2901 2903
f 3255 2903 3257
f 3257 2903 2905
f 3257 2905 3259
f 3259 2905 2907
f 3259 2907 3261
f 3261 2907 2909
f 3282 3261 2909
f 3263 3261 3282
f 3264 3263 3283
f 3263 3284 3283
f 3263 3282 3284
f 3284 3285 3283
f 3288 3287 3286
f 3288 3286 3266
f 3286 3265 3266
f 3286 3289 3265
f 3289 2911 2912
f 3269 3289 2912
f 3265 3289 3269
f 3269 2912 2913
f 3269 2913 3271
f 3271 2913 2915
f 3271 2915 3273
f 3273 2915 2889
f 2918 3275 2891
f 3275 2918 2920
f 3275 2920 3276
f 3276 2920 2893
f 3292 3291 3290
f 3290 3291 3278
f 3279 3290 3278
f 3293 3290 3279
f 3279 3281 3294
f 3295 3279 3294
f 3293 3279 3295
f 3297 3296 3295
f 3297 3295 3294
f 3299 3298 3296
f 3299 3296 3297
f 3300 3298 3299
f 2921 3282 2909
f 3282 2921 2922
f 3282 2922 3284
f 3301 3285 3284
f 2922 3301 3284
f 2923 3301 2922
f 3302 2923 2924
f 3302 3301 2923
f 2924 2926 3302
f 3302 2926 3303
f 3286 3287 3304
f 3304 3287 3305
f 3304 2928 2929
f 3289 3304 2929
f 3286 3304 3289
f 3289 2929 2911
f 3308 3307 3306
f 3309 3306 3307
f 3312 3311 3310
f 3310 3311 3292
f 3290 3310 3292
f 3313 3310 3290
f 3314 3290 3293
f 3313 3290 3314
f 3315 3293 3295
f 3314 3293 3315
f 2933 3315 2932
f 3315 3296 2932
f 3315 3295 3296
f 2932 3296 2935
f 2935 3296 3298
f 3300 3316 3298
f 3316 2935 3298
f 3316 2937 2935
f 3318 3317 2938
f 2937 3318 2938
f 3316 3318 2937
f 3320 3319 3317
f 3320 3317 3318
f 3322 3321 3319
f 3322 3319 3320
f 3324 3323 3321
f 3324 3321 3322
f 3326 3325 3323
f 3326 3323 3324
f 3327 3325 3326
f 3328 3303 2926
f 3328 2926 2939
f 3330 3329 2940
f 3329 2939 2940
f 3329 3328 2939
f 3330 3331 3329
f 3334 3333 3332
f 3334 3332 3305
f 3305 3332 3304
f 3332 2942 3304
f 2942 2943 3304
f 3304 2943 2928
f 3308 3306 3335
f 3308 3335 3336
f 3306 3309 3337
f 3338 3306 3337
f 3335 3306 3338
f 3340 3339 3338
f 3340 3338 3337
f 3342 3341 3339
f 3342 3339 3340
f 3341 3342 3312
f 3341 3312 3310
f 2946 3341 3310
f 2945 2946 3310
f 2945 3310 2948
f 2948 3310 3313
f 2948 3313 2950
f 2950 3313 3314
f 2950 3314 2952
f 2952 3314 3315
f 2952 3315 2933
f 3317 2954 2938
f 2954 3317 2956
f 2956 3317 3319
f 2956 3319 2957
f 2957 3319 3321
f 2957 3321 2959
f 2959 3321 3323
f 2959 3323 2961
f 2961 3323 3325
f 3327 3343 3325
f 3343 2961 3325
f 3343 2963 2961
f 3345 3344 2964
f 2963 3345 2964
f 3343 3345 2963
f 3346 3344 3345
f 2965 3330 2940
f 3347 3331 3330
f 2965 3347 3330
f 2966 3347 2965
f 2966 2968 3347
f 3347 2968 3348
f 3332 3333 2971
f 3333 2970 2971
f 3333 3349 2970
f 3332 2971 2942
f 3352 3351 3350
f 3354 3353 3350
f 3354 3350 3351
f 3356 3355 3353
f 3356 3353 3354
f 3355 3356 3336
f 3355 3336 3335
f 2974 3355 3335
f 2973 2974 3335
f 2973 3335 2976
f 2976 3335 3338
f 2976 3338 2978
f 2978 3338 3339
f 2978 3339 2980
f 2980 3339 3341
f 2980 3341 2946
f 3344 2986 2964
f 2988 2986 3344
f 3346 2988 3344
f 3357 2988 3346
f 2989 3348 2968
f 2989 3358 3348
f 3349 2991 2970
f 3359 2991 3349
f 3352 3350 2993
f 2994 3352 2993
f 3360 3352 2994
f 2993 3350 2996
f 2996 3350 3353
f 2996 3353 2998
f 2998 3353 3355
f 2998 3355 2974
f 3362 3003 3361
f 3003 3357 3361
f 3003 2988 3357
f 3363 3362 3361
f 3364 3358 2989
f 3364 2989 3004
f 3365 3004 3005
f 3365 3364 3004
f 3005 3006 3365
f 3365 3006 3366
f 3369 3368 3367
f 3359 3369 3367
f 3007 3359 3367
f 2991 3359 3007
f 3372 3371 3370
f 3371 3360 3370
f 3360 3009 3370
f 3360 2994 3009
f 3362 3011 3003
f 3012 3011 3362
f 3363 3012 3362
f 3373 3012 3363
f 3006 3013 3374
f 3375 3006 3374
f 3366 3006 3375
f 3014 3374 3013
f 3367 3368 3376
f 3376 3368 3377
f 3376 3015 3007
f 3376 3007 3367
f 3372 3370 3378
f 3372 3378 3379
f 3017 3378 3009
f 3009 3378 3370
f 3373 3380 3012
f 3012 3380 3018
f 3020 3018 3380
f 3020 3380 3381
f 3021 3382 3022
f 3382 3024 3022
f 3375 3374 3383
f 3375 3383 3384
f 3025 3383 3014
f 3014 3383 3374
f 3376 3377 3028
f 3377 3027 3028
f 3377 3385 3027
f 3376 3028 3015
f 3379 3378 3386
f 3379 3386 3387
f 3030 3386 3017
f 3017 3386 3378
f 3381 3388 3020
f 3020 3388 3031
f 3021 3031 3382
f 3031 3389 3382
f 3031 3388 3389
f 3389 3391 3390
f 3389 3390 3032
f 3382 3389 3032
f 3024 3382 3032
f 3390 3033 3032
f 3392 3384 3383
f 3383 3025 3392
f 3025 3393 3392
f 3025 3034 3393
f 3385 3036 3027
f 3394 3036 3385
f 3387 3386 3038
f 3039 3387 3038
f 3395 3387 3039
f 3038 3386 3030
f 3391 3396 3390
f 3396 3398 3397
f 3396 3397 3040
f 3390 3396 3040
f 3033 3390 3040
f 3397 3042 3040
f 3044 3393 3034
f 3044 3399 3393
f 3394 3046 3036
f 3400 3046 3394
f 3048 3395 3039
f 3048 3401 3395
f 3403 3402 3398
f 3402 3050 3398
f 3051 3397 3398
f 3051 3398 3050
f 3051 3042 3397
f 3402 3403 3404
f 3405 3399 3044
f 3405 3044 3052
f 3052 3053 3405
f 3405 3053 3406
f 3400 3055 3046
f 3407 3055 3400
f 3057 3401 3048
f 3057 3408 3401
f 3402 3059 3050
f 3061 3059 3402
f 3404 3061 3402
f 3409 3061 3404
f 3062 3406 3053
f 3062 3410 3406
f 3407 3064 3055
f 3411 3064 3407
f 3066 3408 3057
f 3066 3412 3408
f 3409 3413 3061
f 3061 3413 3067
f 3068 3067 3413
f 3068 3413 3414
f 3069 3410 3062
f 3069 3415 3410
f 3411 3071 3064
f 3416 3071 3411
f 3073 3412 3066
f 3073 3417 3412
f 3414 3075 3068
f 3418 3075 3414
f 3076 3415 3069
f 3076 3419 3415
f 3416 3078 3071
f 3420 3078 3416
f 3080 3417 3073
f 3080 3421 3417
f 3418 3082 3075
f 3422 3082 3418
f 3083 3419 3076
f 3083 3423 3419
f 3420 3085 3078
f 3424 3085 3420
f 3087 3421 3080
f 3087 3425 3421
f 3422 3089 3082
f 3426 3089 3422
f 3090 3423 3083
f 3090 3427 3423
f 3091 3085 3428
f 3085 3429 3428
f 3085 3424 3429
f 3428 3092 3091
f 3087 3093 3430
f 3431 3087 3430
f 3425 3087 3431
f 3094 3430 3093
f 3433 3432 3097
f 3097 3432 3096
f 3097 3089 3426
f 3097 3426 3433
f 3436 3435 3434
f 3435 3427 3434
f 3427 3099 3434
f 3427 3090 3099
f 3428 3429 3437
f 3437 3429 3438
f 3437 3100 3092
f 3437 3092 3428
f 3439 3431 3430
f 3430 3094 3439
f 3094 3440 3439
f 3094 3102 3440
f 3103 3096 3441
f 3096 3442 3441
f 3096 3432 3442
f 3441 3104 3103
f 3436 3434 3443
f 3436 3443 3444
f 3105 3443 3099
f 3099 3443 3434
f 3438 3445 3437
f 3445 3447 3446
f 3445 3446 3106
f 3437 3445 3106
f 3100 3437 3106
f 3446 3108 3106
f 3448 3440 3102
f 3448 3102 3109
f 3450 3448 3449
f 3448 3110 3449
f 3448 3109 3110
f 3111 3449 3110
f 3442 3451 3441
f 3104 3441 3451
f 3452 3104 3451
f 3112 3104 3452
f 3453 3444 3443
f 3443 3105 3453
f 3105 3454 3453
f 3105 3113 3454
f 3447 3455 3446
f 3446 3455 3108
f 3455 3114 3108
f 3455 3456 3114
f 3115 3114 3456
f 3115 3456 3457
f 3458 3450 3449
f 3449 3111 3458
f 3111 3459 3458
f 3111 3117 3459
f 3452 3119 3112
f 3460 3119 3452
f 3120 3454 3113
f 3120 3461 3454
f 3457 3121 3115
f 3462 3121 3457
f 3123 3459 3117
f 3123 3463 3459
f 3465 3464 3126
f 3126 3464 3125
f 3126 3119 3460
f 3126 3460 3465
f 3128 3461 3120
f 3128 3466 3461
f 3129 3121 3467
f 3121 3468 3467
f 3121 3462 3468
f 3467 3130 3129
f 3469 3463 3123
f 3469 3123 3131
f 3131 3132 3469
f 3469 3132 3470
f 3464 3134 3125
f 3471 3134 3464
f 3473 3472 3135
f 3473 3135 3136
f 3128 3135 3466
f 3466 3135 3472
f 3468 3474 3467
f 3130 3467 3474
f 3475 3130 3474
f 3138 3130 3475
f 3476 3470 3132
f 3476 3132 3139
f 3478 3476 3477
f 3476 3140 3477
f 3476 3139 3140
f 3141 3477 3140
f 3480 3479 3143
f 3143 3479 3142
f 3143 3134 3471
f 3143 3471 3480
f 3482 3481 3144
f 3482 3144 3145
f 3136 3144 3473
f 3473 3144 3481
f 3475 3483 3138
f 3138 3483 3146
f 3147 3146 3483
f 3147 3483 3484
f 3485 3478 3477
f 3477 3141 3485
f 3141 3486 3485
f 3141 3149 3486
f 3488 3487 3151
f 3151 3487 3150
f 3151 3142 3479
f 3151 3479 3488
f 3152 3482 3145
f 3152 3489 3482
f 3153 3147 3490
f 3147 3491 3490
f 3147 3484 3491
f 3490 3154 3153
f 3492 3486 3149
f 3492 3149 3155
f 3155 3157 3492
f 3492 3157 3493
f 3487 3159 3150
f 3494 3159 3487
f 3496 3495 3160
f 3496 3160 3161
f 3152 3160 3489
f 3489 3160 3495
f 3491 3497 3490
f 3154 3490 3497
f 3498 3154 3497
f 3163 3154 3498
f 3499 3493 3157
f 3499 3157 3164
f 3500 3164 3165
f 3500 3499 3164
f 3165 3166 3500
f 3500 3166 3501
f 3503 3502 3169
f 3169 3502 3168
f 3169 3159 3494
f 3169 3494 3503
f 3171 3504 3170
f 3504 3505 3170
f 3505 3161 3170
f 3505 3496 3161
f 3498 3506 3163
f 3163 3506 3172
f 3506 3508 3507
f 3173 3506 3507
f 3172 3506 3173
f 3507 3174 3173
f 3509 3501 3166
f 3509 3166 3175
f 3175 3177 3509
f 3509 3177 3510
f 3512 3511 3180
f 3180 3511 3179
f 3180 3168 3502
f 3180 3502 3512
f 3514 3513 3504
f 3171 3514 3504
f 3181 3514 3171
f 3504 3513 3505
f 3508 3515 3507
f 3515 3517 3516
f 3515 3516 3182
f 3507 3515 3182
f 3174 3507 3182
f 3516 3183 3182
f 3518 3510 3177
f 3518 3177 3184
f 3520 3518 3519
f 3518 3185 3519
f 3518 3184 3185
f 3186 3519 3185
f 3521 3188 3189
f 3521 3189 3522
f 3189 3523 3522
f 3189 3190 3523
f 3190 3179 3511
f 3190 3511 3523
f 3525 3524 3193
f 3525 3193 3192
f 3181 3193 3514
f 3514 3193 3524
f 3517 3526 3516
f 3516 3526 3183
f 3526 3194 3183
f 3526 3527 3194
f 3196 3194 3527
f 3196 3527 3528
f 3529 3520 3519
f 3529 3519 3186
f 3197 3529 3186
f 3530 3529 3197
f 3532 3530 3531
f 3530 3198 3531
f 3530 3197 3198
f 3200 3531 3198
f 3533 3201 3202
f 3533 3202 3534
f 3202 3535 3534
f 3202 3203 3535
f 3536 3203 3204
f 3536 3535 3203
f 3537 3204 3205
f 3537 3536 3204
f 3538 3205 3206
f 3538 3537 3205
f 3539 3206 3207
f 3539 3538 3206
f 3207 3188 3521
f 3540 3207 3521
f 3539 3207 3540
f 3540 3521 3522
f 3542 3541 3208
f 3542 3208 3209
f 3208 3543 3210
f 3541 3543 3208
f 3192 3210 3525
f 3525 3210 3543
f 3528 3544 3196
f 3196 3544 3211
f 3211 3545 3212
f 3544 3545 3211
f 3214 3212 3545
f 3214 3545 3546
f 3547 3532 3531
f 3547 3531 3200
f 3215 3547 3200
f 3548 3547 3215
f 3549 3215 3216
f 3549 3548 3215
f 3216 3201 3533
f 3550 3216 3533
f 3549 3216 3550
f 3550 3533 3534
f 3218 3551 3217
f 3217 3551 3552
f 3553 3217 3552
f 3219 3217 3553
f 3209 3219 3542
f 3542 3219 3553
f 3546 3554 3214
f 3214 3554 3220
f 3554 3556 3555
f 3221 3554 3555
f 3220 3554 3221
f 3555 3222 3221
f 3224 3557 3223
f 3558 3225 3223
f 3558 3223 3557
f 3559 3226 3225
f 3559 3225 3558
f 3560 3227 3226
f 3560 3226 3559
f 3561 3228 3227
f 3561 3227 3560
f 3562 3229 3228
f 3562 3228 3561
f 3229 3562 3563
f 3564 3229 3563
f 3230 3229 3564
f 3218 3230 3551
f 3230 3565 3551
f 3230 3564 3565
f 3551 3565 3552
f 3556 3566 3555
f 3555 3566 3222
f 3566 3231 3222
f 3566 3567 3231
f 3231 3568 3232
f 3567 3568 3231
f 3232 3569 3233
f 3568 3569 3232
f 3233 3569 3224
f 3569 3570 3224
f 3570 3557 3224
f 3570 3569 3571
f 3573 3558 3572
f 3558 3570 3572
f 3558 3557 3570
f 3558 3573 3559
f 3559 3573 3574
f 3559 3574 3560
f 3560 3574 3575
f 3560 3575 3561
f 3561 3575 3576
f 3561 3576 3562
f 3562 3576 3577
f 3562 3577 3563
f 3571 3578 3570
f 3570 3578 3572
f 3581 3580 3579
f 3583 3582 3579
f 3579 3582 3581
f 3585 3584 3583
f 3583 3584 3582
f 3587 3586 3585
f 3585 3586 3584
f 3589 3588 3587
f 3587 3588 3586
f 3591 3590 3589
f 3589 3590 3588
f 3235 3236 3591
f 3236 3590 3591
f 3236 3592 3590
f 3594 3593 3237
f 3593 3236 3237
f 3593 3592 3236
f 3596 3595 3594
f 3594 3595 3593
f 3598 3597 3596
f 3596 3597 3595
f 3600 3599 3598
f 3598 3599 3597
f 3600 3601 3599
f 3604 3603 3602
f 3602 3605 3604
f 3608 3607 3606
f 3610 3609 3606
f 3606 3609 3608
f 3612 3611 3610
f 3610 3611 3609
f 3614 3613 3612
f 3612 3613 3611
f 3613 3614 3580
f 3614 3579 3580
f 3614 3615 3579
f 3615 3239 3240
f 3583 3615 3240
f 3579 3615 3583
f 3583 3240 3241
f 3583 3241 3585
f 3585 3241 3243
f 3616 3585 3243
f 3587 3585 3616
f 3616 3245 3246
f 3589 3616 3246
f 3587 3616 3589
f 3589 3246 3247
f 3589 3247 3591
f 3591 3247 3235
f 3248 3594 3237
f 3594 3248 3249
f 3594 3249 3596
f 3596 3249 3251
f 3596 3251 3598
f 3598 3251 3252
f 3598 3252 3600
f 3617 3601 3600
f 3252 3617 3600
f 3254 3617 3252
f 3256 3602 3603
f 3617 3256 3603
f 3254 3256 3617
f 3618 3605 3602
f 3256 3618 3602
f 3258 3618 3256
f 3619 3258 3260
f 3619 3618 3258
f 3620 3260 3262
f 3620 3619 3260
f 3262 3264 3620
f 3620 3264 3621
f 3606 3607 3267
f 3607 3266 3267
f 3607 3622 3266
f 3606 3267 3268
f 3606 3268 3610
f 3610 3268 3270
f 3610 3270 3612
f 3612 3270 3272
f 3612 3272 3614
f 3614 3272 3274
f 3614 3274 3615
f 3615 3274 3239
f 3277 3616 3243
f 3245 3616 3277
f 3625 3624 3623
f 3280 3278 3624
f 3625 3280 3624
f 3626 3280 3625
f 3628 3627 3281
f 3280 3628 3281
f 3626 3628 3280
f 3629 3627 3628
f 3630 3621 3264
f 3630 3264 3283
f 3283 3285 3630
f 3630 3285 3631
f 3633 3632 3288
f 3288 3632 3287
f 3288 3266 3622
f 3288 3622 3633
f 3636 3635 3634
f 3638 3637 3634
f 3638 3634 3635
f 3639 3637 3638
f 3642 3641 3640
f 3644 3643 3640
f 3644 3640 3641
f 3643 3644 3623
f 3643 3623 3624
f 3292 3643 3624
f 3291 3292 3624
f 3291 3624 3278
f 3627 3294 3281
f 3629 3645 3627
f 3645 3294 3627
f 3645 3297 3294
f 3297 3646 3299
f 3645 3646 3297
f 3648 3647 3300
f 3299 3648 3300
f 3646 3648 3299
f 3650 3649 3647
f 3650 3647 3648
f 3652 3651 3649
f 3652 3649 3650
f 3654 3653 3651
f 3654 3651 3652
f 3655 3653 3654
f 3656 3631 3285
f 3656 3285 3301
f 3657 3301 3302
f 3657 3656 3301
f 3302 3303 3657
f 3657 3303 3658
f 3632 3305 3287
f 3659 3305 3632
f 3662 3661 3660
f 3660 3661 3636
f 3634 3660 3636
f 3663 3660 3634
f 3308 3663 3307
f 3663 3637 3307
f 3663 3634 3637
f 3665 3664 3309
f 3665 3309 3307
f 3639 3665 3307
f 3637 3639 3307
f 3667 3666 3664
f 3667 3664 3665
f 3666 3667 3642
f 3640 3666 3642
f 3668 3666 3640
f 3312 3668 3311
f 3668 3643 3311
f 3668 3640 3643
f 3311 3643 3292
f 3647 3316 3300
f 3316 3647 3318
f 3318 3647 3649
f 3318 3649 3320
f 3320 3649 3651
f 3320 3651 3322
f 3322 3651 3653
f 3655 3669 3653
f 3669 3322 3653
f 3669 3324 3322
f 3324 3670 3326
f 3669 3670 3324
f 3672 3671 3327
f 3326 3672 3327
f 3670 3672 3326
f 3673 3671 3672
f 3674 3658 3303
f 3674 3303 3328
f 3675 3328 3329
f 3675 3674 3328
f 3329 3331 3675
f 3675 3331 3676
f 3678 3677 3334
f 3334 3677 3333
f 3334 3305 3659
f 3334 3659 3678
f 3681 3680 3679
f 3679 3680 3662
f 3660 3679 3662
f 3682 3679 3660
f 3683 3660 3663
f 3682 3660 3683
f 3336 3683 3308
f 3308 3683 3663
f 3664 3337 3309
f 3337 3664 3340
f 3340 3664 3666
f 3340 3666 3342
f 3342 3666 3668
f 3342 3668 3312
f 3671 3343 3327
f 3673 3684 3671
f 3684 3343 3671
f 3684 3345 3343
f 3346 3345 3684
f 3346 3684 3685
f 3686 3676 3331
f 3686 3331 3347
f 3347 3348 3686
f 3686 3348 3687
f 3677 3349 3333
f 3688 3349 3677
f 3681 3679 3351
f 3352 3681 3351
f 3689 3681 3352
f 3351 3679 3354
f 3354 3679 3682
f 3354 3682 3356
f 3356 3682 3683
f 3356 3683 3336
f 3685 3357 3346
f 3690 3357 3685
f 3358 3687 3348
f 3358 3691 3687
f 3694 3693 3692
f 3688 3694 3692
f 3359 3688 3692
f 3349 3688 3359
f 3360 3689 3352
f 3360 3695 3689
f 3690 3696 3357
f 3357 3696 3361
f 3363 3361 3696
f 3363 3696 3697
f 3698 3691 3358
f 3698 3358 3364
f 3700 3698 3699
f 3698 3365 3699
f 3698 3364 3365
f 3366 3699 3365
f 3692 3693 3369
f 3693 3368 3369
f 3693 3701 3368
f 3692 3369 3359
f 3703 3702 3371
f 3703 3371 3372
f 3360 3371 3695
f 3695 3371 3702
f 3705 3373 3704
f 3373 3697 3704
f 3373 3363 3697
f 3706 3705 3704
f 3707 3700 3699
f 3699 3366 3707
f 3366 3708 3707
f 3366 3375 3708
f 3701 3377 3368
f 3709 3377 3701
f 3379 3703 3372
f 3379 3710 3703
f 3705 3380 3373
f 3712 3711 3381
f 3712 3381 3380
f 3706 3712 3380
f 3705 3706 3380
f 3713 3711 3712
f 3384 3715 3714
f 3708 3384 3714
f 3375 3384 3708
f 3715 3716 3714
f 3709 3385 3377
f 3717 3385 3709
f 3387 3710 3379
f 3387 3718 3710
f 3711 3388 3381
f 3389 3388 3711
f 3719 3389 3711
f 3713 3719 3711
f 3720 3389 3719
f 3720 3391 3389
f 3392 3715 3384
f 3392 3393 3715
f 3393 3716 3715
f 3393 3721 3716
f 3717 3394 3385
f 3722 3394 3717
f 3395 3724 3723
f 3718 3395 3723
f 3387 3395 3718
f 3724 3725 3723
f 3719 3726 3720
f 3726 3728 3727
f 3726 3727 3396
f 3720 3726 3396
f 3391 3720 3396
f 3727 3398 3396
f 3399 3721 3393
f 3399 3729 3721
f 3722 3400 3394
f 3730 3400 3722
f 3401 3731 3724
f 3401 3724 3395
f 3725 3724 3732
f 3732 3724 3731
f 3728 3733 3727
f 3727 3733 3398
f 3733 3403 3398
f 3733 3734 3403
f 3404 3403 3734
f 3404 3734 3735
f 3736 3729 3399
f 3736 3399 3405
f 3405 3406 3736
f 3736 3406 3737
f 3730 3407 3400
f 3738 3407 3730
f 3740 3739 3731
f 3401 3740 3731
f 3408 3740 3401
f 3731 3739 3732
f 3735 3409 3404
f 3741 3409 3735
f 3410 3737 3406
f 3410 3742 3737
f 3738 3411 3407
f 3743 3411 3738
f 3412 3740 3408
f 3412 3744 3740
f 3741 3745 3409
f 3409 3745 3413
f 3414 3413 3745
f 3414 3745 3746
f 3415 3742 3410
f 3415 3747 3742
f 3743 3416 3411
f 3748 3416 3743
f 3417 3744 3412
f 3417 3749 3744
f 3746 3418 3414
f 3750 3418 3746
f 3419 3747 3415
f 3419 3751 3747
f 3754 3753 3752
f 3748 3754 3752
f 3420 3748 3752
f 3416 3748 3420
f 3757 3756 3755
f 3756 3749 3755
f 3749 3421 3755
f 3749 3417 3421
f 3750 3422 3418
f 3758 3422 3750
f 3423 3751 3419
f 3423 3759 3751
f 3752 3753 3760
f 3760 3753 3761
f 3760 3424 3420
f 3760 3420 3752
f 3757 3755 3762
f 3757 3762 3763
f 3425 3762 3421
f 3421 3762 3755
f 3758 3426 3422
f 3764 3426 3758
f 3427 3759 3423
f 3427 3765 3759
f 3761 3766 3760
f 3424 3760 3766
f 3767 3424 3766
f 3429 3424 3767
f 3768 3763 3762
f 3762 3425 3768
f 3425 3769 3768
f 3425 3431 3769
f 3771 3770 3433
f 3433 3770 3432
f 3433 3426 3764
f 3433 3764 3771
f 3773 3772 3435
f 3773 3435 3436
f 3427 3435 3765
f 3765 3435 3772
f 3767 3438 3429
f 3774 3438 3767
f 3775 3769 3431
f 3775 3431 3439
f 3439 3440 3775
f 3775 3440 3776
f 3770 3442 3432
f 3777 3442 3770
f 3444 3773 3436
f 3444 3778 3773
f 3445 3438 3779
f 3438 3780 3779
f 3438 3774 3780
f 3779 3447 3445
f 3440 3448 3781
f 3782 3440 3781
f 3776 3440 3782
f 3450 3781 3448
f 3451 3442 3783
f 3442 3784 3783
f 3442 3777 3784
f 3783 3452 3451
f 3444 3453 3785
f 3786 3444 3785
f 3778 3444 3786
f 3454 3785 3453
f 3780 3787 3779
f 3787 3789 3788
f 3787 3788 3455
f 3779 3787 3455
f 3447 3779 3455
f 3790 3456 3455
f 3790 3455 3788
f 3781 3791 3782
f 3457 3456 3790
f 3793 3791 3792
f 3792 3791 3458
f 3791 3781 3458
f 3781 3450 3458
f 3459 3792 3458
f 3784 3794 3783
f 3452 3783 3794
f 3795 3452 3794
f 3460 3452 3795
f 3796 3786 3785
f 3785 3454 3796
f 3454 3797 3796
f 3454 3461 3797
f 3789 3798 3788
f 3788 3798 3790
f 3790 3798 3799
f 3457 3790 3799
f 3800 3457 3799
f 3462 3457 3800
f 3801 3793 3792
f 3792 3459 3801
f 3459 3802 3801
f 3459 3463 3802
f 3804 3803 3465
f 3465 3803 3464
f 3465 3460 3795
f 3465 3795 3804
f 3466 3797 3461
f 3466 3805 3797
f 3800 3468 3462
f 3806 3468 3800
f 3807 3802 3463
f 3807 3463 3469
f 3469 3470 3807
f 3807 3470 3808
f 3803 3471 3464
f 3809 3471 3803
f 3811 3810 3472
f 3811 3472 3473
f 3466 3472 3805
f 3805 3472 3810
f 3806 3812 3468
f 3468 3812 3474
f 3475 3474 3812
f 3475 3812 3813
f 3814 3808 3470
f 3814 3470 3476
f 3476 3478 3814
f 3814 3478 3815
f 3817 3816 3480
f 3480 3816 3479
f 3480 3471 3809
f 3480 3809 3817
f 3819 3818 3481
f 3819 3481 3482
f 3473 3481 3811
f 3811 3481 3818
f 3483 3475 3820
f 3475 3821 3820
f 3475 3813 3821
f 3820 3484 3483
f 3822 3815 3478
f 3822 3478 3485
f 3485 3486 3822
f 3822 3486 3823
f 3824 3487 3488
f 3825 3824 3488
f 3479 3825 3488
f 3816 3825 3479
f 3489 3819 3482
f 3489 3826 3819
f 3821 3827 3820
f 3484 3820 3827
f 3828 3484 3827
f 3491 3484 3828
f 3829 3823 3486
f 3829 3486 3492
f 3492 3493 3829
f 3829 3493 3830
f 3832 3831 3824
f 3831 3487 3824
f 3831 3494 3487
f 3832 3824 3825
f 3834 3833 3495
f 3834 3495 3496
f 3489 3495 3826
f 3826 3495 3833
f 3828 3835 3491
f 3491 3835 3497
f 3498 3497 3835
f 3498 3835 3836
f 3837 3830 3493
f 3837 3493 3499
f 3839 3837 3838
f 3837 3500 3838
f 3837 3499 3500
f 3501 3838 3500
f 3841 3840 3503
f 3503 3840 3502
f 3503 3494 3831
f 3503 3831 3841
f 3505 3834 3496
f 3505 3842 3834
f 3836 3843 3498
f 3498 3843 3506
f 3508 3506 3843
f 3508 3843 3844
f 3845 3839 3838
f 3845 3838 3501
f 3509 3845 3501
f 3846 3845 3509
f 3509 3510 3846
f 3846 3510 3847
f 3849 3848 3512
f 3512 3848 3511
f 3512 3502 3840
f 3512 3840 3849
f 3851 3850 3513
f 3851 3513 3514
f 3505 3513 3842
f 3842 3513 3850
f 3844 3852 3508
f 3508 3852 3515
f 3517 3515 3852
f 3517 3852 3853
f 3854 3847 3510
f 3854 3510 3518
f 3856 3855 3520
f 3855 3518 3520
f 3855 3854 3518
f 3856 3857 3855
f 3860 3859 3858
f 3522 3523 3858
f 3523 3860 3858
f 3523 3861 3860
f 3523 3511 3848
f 3523 3848 3861
f 3863 3862 3524
f 3863 3524 3525
f 3514 3524 3851
f 3851 3524 3862
f 3853 3864 3517
f 3517 3864 3526
f 3864 3866 3865
f 3527 3864 3865
f 3526 3864 3527
f 3865 3528 3527
f 3529 3856 3520
f 3867 3857 3856
f 3529 3867 3856
f 3530 3867 3529
f 3530 3532 3867
f 3867 3532 3868
f 3869 3534 3535
f 3869 3535 3870
f 3535 3871 3870
f 3535 3536 3871
f 3873 3871 3872
f 3871 3537 3872
f 3871 3536 3537
f 3872 3537 3874
f 3537 3875 3874
f 3537 3538 3875
f 3876 3538 3539
f 3876 3875 3538
f 3540 3858 3859
f 3876 3540 3859
f 3539 3540 3876
f 3858 3540 3522
f 3542 3877 3541
f 3541 3877 3878
f 3879 3541 3878
f 3543 3541 3879
f 3525 3543 3863
f 3863 3543 3879
f 3866 3880 3865
f 3865 3880 3528
f 3880 3544 3528
f 3880 3881 3544
f 3544 3882 3545
f 3881 3882 3544
f 3546 3545 3882
f 3546 3882 3883
f 3884 3868 3532
f 3884 3532 3547
f 3885 3547 3548
f 3885 3884 3547
f 3886 3548 3549
f 3886 3885 3548
f 3887 3549 3550
f 3887 3886 3549
f 3550 3534 3869
f 3888 3550 3869
f 3887 3550 3888
f 3888 3869 3870
f 3889 3873 3872
f 3889 3872 3874
f 3891 3890 3553
f 3891 3553 3552
f 3542 3553 3877
f 3553 3892 3877
f 3553 3890 3892
f 3877 3892 3878
f 3883 3893 3546
f 3546 3893 3554
f 3895 3894 3556
f 3554 3895 3556
f 3893 3895 3554
f 3896 3894 3895
f 3563 3897 3564
f 3564 3897 3898
f 3899 3564 3898
f 3565 3564 3899
f 3552 3565 3891
f 3891 3565 3899
f 3894 3566 3556
f 3896 3900 3894
f 3900 3566 3894
f 3900 3567 3566
f 3567 3901 3568
f 3900 3901 3567
f 3568 3902 3569
f 3901 3902 3568
f 3571 3569 3902
f 3571 3902 3903
f 3905 3904 3573
f 3905 3573 3572
f 3573 3906 3574
f 3904 3906 3573
f 3574 3907 3575
f 3906 3907 3574
f 3575 3908 3576
f 3907 3908 3575
f 3576 3909 3577
f 3908 3909 3576
f 3563 3577 3897
f 3577 3910 3897
f 3577 3909 3910
f 3897 3910 3898
f 3903 3911 3571
f 3571 3911 3578
f 3572 3578 3905
f 3905 3578 3911
f 3914 3913 3912
f 3916 3915 3912
f 3912 3915 3914
f 3916 3917 3915
f 3920 3919 3918
f 3580 3581 3918
f 3581 3920 3918
f 3581 3921 3920
f 3582 3912 3913
f 3921 3582 3913
f 3581 3582 3921
f 3912 3582 3584
f 3912 3584 3916
f 3922 3917 3916
f 3584 3922 3916
f 3586 3922 3584
f 3923 3586 3588
f 3923 3922 3586
f 3924 3588 3590
f 3924 3923 3588
f 3925 3590 3592
f 3925 3924 3590
f 3926 3592 3593
f 3926 3925 3592
f 3927 3593 3595
f 3927 3926 3593
f 3928 3595 3597
f 3928 3927 3595
f 3929 3597 3599
f 3929 3928 3597
f 3931 3930 3601
f 3930 3599 3601
f 3930 3929 3599
f 3603 3604 3931
f 3604 3930 3931
f 3604 3932 3930
f 3934 3933 3605
f 3933 3604 3605
f 3933 3932 3604
f 3936 3935 3934
f 3934 3935 3933
f 3936 3937 3935
f 3939 3938 3608
f 3608 3938 3607
f 3940 3608 3609
f 3940 3939 3608
f 3941 3609 3611
f 3941 3940 3609
f 3613 3918 3919
f 3941 3613 3919
f 3611 3613 3941
f 3918 3613 3580
f 3944 3943 3942
f 3945 3942 3943
f 3617 3931 3601
f 3931 3617 3603
f 3618 3934 3605
f 3934 3618 3619
f 3934 3619 3936
f 3946 3937 3936
f 3619 3946 3936
f 3620 3946 3619
f 3620 3621 3946
f 3946 3621 3947
f 3950 3949 3948
f 3938 3950 3948
f 3622 3938 3948
f 3607 3938 3622
f 3953 3952 3951
f 3954 3951 3952
f 3957 3956 3955
f 3959 3958 3955
f 3959 3955 3956
f 3625 3623 3958
f 3959 3625 3958
f 3960 3625 3959
f 3942 3626 3944
f 3626 3960 3944
f 3626 3625 3960
f 3945 3961 3942
f 3961 3626 3942
f 3961 3628 3626
f 3963 3962 3629
f 3628 3963 3629
f 3961 3963 3628
f 3965 3964 3962
f 3965 3962 3963
f 3966 3964 3965
f 3969 3968 3967
f 3971 3970 3967
f 3971 3967 3968
f 3972 3970 3971
f 3973 3947 3621
f 3973 3621 3630
f 3630 3631 3973
f 3973 3631 3974
f 3948 3949 3633
f 3949 3632 3633
f 3949 3975 3632
f 3948 3633 3622
f 3978 3977 3976
f 3635 3636 3976
f 3977 3635 3976
f 3979 3635 3977
f 3951 3638 3953
f 3638 3979 3953
f 3638 3635 3979
f 3981 3980 3639
f 3981 3639 3638
f 3954 3981 3638
f 3951 3954 3638
f 3983 3982 3980
f 3983 3980 3981
f 3982 3983 3957
f 3982 3957 3955
f 3642 3982 3955
f 3641 3642 3955
f 3641 3955 3644
f 3644 3955 3958
f 3644 3958 3623
f 3962 3645 3629
f 3645 3962 3646
f 3646 3962 3964
f 3966 3984 3964
f 3984 3646 3964
f 3984 3648 3646
f 3648 3985 3650
f 3984 3985 3648
f 3967 3652 3969
f 3652 3985 3969
f 3652 3650 3985
f 3652 3967 3654
f 3654 3967 3970
f 3987 3986 3655
f 3987 3655 3654
f 3972 3987 3654
f 3970 3972 3654
f 3988 3986 3987
f 3989 3974 3631
f 3989 3631 3656
f 3990 3656 3657
f 3990 3989 3656
f 3657 3658 3990
f 3990 3658 3991
f 3994 3993 3992
f 3975 3994 3992
f 3659 3975 3992
f 3632 3975 3659
f 3978 3976 3661
f 3662 3978 3661
f 3995 3978 3662
f 3661 3976 3636
f 3980 3665 3639
f 3665 3980 3667
f 3667 3980 3982
f 3667 3982 3642
f 3986 3669 3655
f 3988 3996 3986
f 3996 3669 3986
f 3996 3670 3669
f 3670 3997 3672
f 3996 3997 3670
f 3673 3672 3997
f 3673 3997 3998
f 3999 3991 3658
f 3999 3658 3674
f 4001 3999 4000
f 3999 3675 4000
f 3999 3674 3675
f 3676 4000 3675
f 3992 3993 3678
f 3993 3677 3678
f 3993 4002 3677
f 3992 3678 3659
f 4004 4003 3680
f 4004 3680 3681
f 3662 3680 3995
f 3995 3680 4003
f 3998 4005 3673
f 3673 4005 3684
f 3685 3684 4005
f 3685 4005 4006
f 4001 4000 4007
f 4001 4007 4008
f 3686 4009 3676
f 4009 4000 3676
f 4009 4007 4000
f 3687 4009 3686
f 4002 3688 3677
f 4010 3688 4002
f 3689 4004 3681
f 3689 4011 4004
f 4013 3690 4012
f 3690 4006 4012
f 3690 3685 4006
f 4014 4013 4012
f 4015 4008 4007
f 4017 4016 4015
f 4007 4017 4015
f 4009 4017 4007
f 3691 4017 3687
f 3687 4017 4009
f 4019 4018 3694
f 3694 4018 3693
f 3694 3688 4010
f 3694 4010 4019
f 3695 4011 3689
f 3695 4020 4011
f 4013 3696 3690
f 3697 3696 4013
f 4014 3697 4013
f 4021 3697 4014
f 4022 4016 4017
f 4024 4022 4023
f 4023 4022 3698
f 4022 4017 3698
f 4017 3691 3698
f 3700 4023 3698
f 4018 3701 3693
f 4025 3701 4018
f 3703 4026 3702
f 4026 4027 3702
f 4027 3695 3702
f 4027 4020 3695
f 4021 4028 3697
f 3697 4028 3704
f 4030 4029 3706
f 3704 4030 3706
f 4028 4030 3704
f 4031 4029 4030
f 4032 4024 4023
f 4034 4032 4033
f 4033 4032 3707
f 4032 4023 3707
f 4023 3700 3707
f 3708 4033 3707
f 4025 3709 3701
f 4035 3709 4025
f 3710 4036 4026
f 3710 4026 3703
f 4027 4026 4037
f 4037 4026 4036
f 4029 3712 3706
f 3713 3712 4029
f 4031 3713 4029
f 4038 3713 4031
f 4039 4034 4033
f 4041 4039 4040
f 4040 4039 3714
f 4039 4033 3714
f 4033 3708 3714
f 3716 4040 3714
f 4035 3717 3709
f 4042 3717 4035
f 3718 4043 4036
f 3718 4036 3710
f 4037 4036 4044
f 4044 4036 4043
f 4046 3719 4045
f 3719 4038 4045
f 3719 3713 4038
f 4047 4046 4045
f 4048 4041 4040
f 4040 3716 4048
f 3716 4049 4048
f 3716 3721 4049
f 4042 3722 3717
f 4050 3722 4042
f 3723 4043 3718
f 4052 4051 3725
f 3725 4051 3723
f 4051 4044 3723
f 4044 4043 3723
f 4052 4053 4051
f 4046 3726 3719
f 3728 3726 4046
f 4047 3728 4046
f 4054 3728 4047
f 3729 4049 3721
f 3729 4055 4049
f 4050 3730 3722
f 4056 3730 4050
f 3732 4057 4052
f 3732 4052 3725
f 4053 4052 4058
f 4058 4052 4057
f 3733 3728 4059
f 3728 4060 4059
f 3728 4054 4060
f 4061 3734 3733
f 4061 3733 4059
f 4061 3735 3734
f 4062 4055 3729
f 4062 3729 3736
f 3736 3737 4062
f 4062 3737 4063
f 4056 3738 3730
f 4064 3738 4056
f 3740 4065 3739
f 4065 4066 3739
f 3739 4066 3732
f 4066 4067 3732
f 4067 4057 3732
f 4057 4067 4058
f 4060 4068 4059
f 4059 4068 4061
f 4061 4068 4069
f 3735 4061 4069
f 4070 3735 4069
f 3741 3735 4070
f 3742 4063 3737
f 3742 4071 4063
f 4064 3743 3738
f 4072 3743 4064
f 4074 4073 4065
f 3740 4074 4065
f 3744 4074 3740
f 4065 4073 4066
f 3745 3741 4075
f 3741 4076 4075
f 3741 4070 4076
f 4075 3746 3745
f 3747 4071 3742
f 3747 4077 4071
f 4072 3748 3743
f 4078 3748 4072
f 3749 4074 3744
f 3749 4079 4074
f 4076 4080 4075
f 3746 4075 4080
f 4081 3746 4080
f 3750 3746 4081
f 3751 4077 3747
f 3751 4082 4077
f 4084 4083 3754
f 3754 4083 3753
f 3754 3748 4078
f 3754 4078 4084
f 4086 4085 3756
f 4086 3756 3757
f 3749 3756 4079
f 4079 3756 4085
f 4081 3758 3750
f 4087 3758 4081
f 3759 4082 3751
f 3759 4088 4082
f 4083 3761 3753
f 4089 3761 4083
f 3763 4086 3757
f 3763 4090 4086
f 4093 4092 4091
f 4087 4093 4091
f 3764 4087 4091
f 3758 4087 3764
f 3765 4088 3759
f 3765 4094 4088
f 4089 4095 3761
f 3761 4095 3766
f 3767 3766 4095
f 3767 4095 4096
f 4097 4090 3763
f 4097 3763 3768
f 3768 3769 4097
f 4097 3769 4098
f 4091 4092 3771
f 4092 3770 3771
f 4092 4099 3770
f 4091 3771 3764
f 4101 4100 3772
f 4101 3772 3773
f 3765 3772 4094
f 4094 3772 4100
f 4096 3774 3767
f 4102 3774 4096
f 3769 3775 4103
f 4104 3769 4103
f 4098 3769 4104
f 3776 4103 3775
f 4099 3777 3770
f 4105 3777 4099
f 3778 4101 3773
f 3778 4106 4101
f 4102 3780 3774
f 4107 3780 4102
f 4108 4104 4103
f 4103 3776 4108
f 3776 4109 4108
f 3776 3782 4109
f 4105 3784 3777
f 4110 3784 4105
f 3786 4106 3778
f 3786 4111 4106
f 4107 4112 3780
f 3780 4112 3787
f 3789 3787 4112
f 3789 4112 4113
f 4114 4109 3782
f 4114 3782 3791
f 3791 3793 4114
f 4114 3793 4115
f 4118 4117 4116
f 4116 4119 3794
f 4110 4116 3794
f 3784 4110 3794
f 4116 4110 4118
f 4119 3795 3794
f 3786 3796 4120
f 4121 3786 4120
f 4111 3786 4121
f 3797 4120 3796
f 3798 3789 4122
f 3789 4123 4122
f 3789 4113 4123
f 4124 3799 3798
f 4124 3798 4122
f 4124 3800 3799
f 3793 3801 4125
f 4126 3793 4125
f 4115 3793 4126
f 3802 4125 3801
f 4117 4127 4116
f 4128 3803 3804
f 4116 4128 3804
f 4119 4116 3804
f 4127 4128 4116
f 4119 3804 3795
f 4121 4120 4129
f 4121 4129 4130
f 3805 4129 3797
f 3797 4129 4120
f 4123 4131 4122
f 4122 4131 4124
f 4124 4131 4132
f 3800 4124 4132
f 4133 3800 4132
f 3806 3800 4133
f 4134 4126 4125
f 4134 4125 3802
f 3807 4134 3802
f 4135 4134 3807
f 3807 3808 4135
f 4135 3808 4136
f 4128 3809 3803
f 4137 3809 4128
f 4130 4129 3810
f 3811 4130 3810
f 4138 4130 3811
f 3810 4129 3805
f 4133 4139 3806
f 3806 4139 3812
f 3813 3812 4139
f 3813 4139 4140
f 4141 4136 3808
f 4141 3808 3814
f 3814 3815 4141
f 4141 3815 4142
f 4144 4143 3817
f 3817 4143 3816
f 3817 3809 4137
f 3817 4137 4144
f 4146 4145 3818
f 4146 3818 3819
f 3811 3818 4138
f 4138 3818 4145
f 4140 3821 3813
f 4147 3821 4140
f 4148 4142 3815
f 4148 3815 3822
f 3822 3823 4148
f 4148 3823 4149
f 4143 3825 3816
f 4150 3825 4143
f 3826 4146 3819
f 3826 4151 4146
f 4147 4152 3821
f 3821 4152 3827
f 3828 3827 4152
f 3828 4152 4153
f 4154 4149 3823
f 4154 3823 3829
f 3829 3830 4154
f 4154 3830 4155
f 4157 4156 3832
f 3832 4156 3831
f 3832 3825 4150
f 3832 4150 4157
f 4159 4158 3833
f 4159 3833 3834
f 3826 3833 4151
f 4151 3833 4158
f 4153 4160 3828
f 3828 4160 3835
f 3836 3835 4160
f 3836 4160 4161
f 4162 4155 3830
f 4162 3830 3837
f 3837 3839 4162
f 4162 3839 4163
f 4165 4164 3841
f 3841 4164 3840
f 3841 3831 4156
f 3841 4156 4165
f 3842 4159 3834
f 3842 4166 4159
f 4161 4167 3836
f 3836 4167 3843
f 3844 3843 4167
f 3844 4167 4168
f 4169 4163 3839
f 4169 3839 3845
f 4170 3845 3846
f 4170 4169 3845
f 3846 3847 4170
f 4170 3847 4171
f 4173 4172 3849
f 3849 4172 3848
f 3849 3840 4164
f 3849 4164 4173
f 4175 4174 3850
f 4175 3850 3851
f 3842 3850 4166
f 4166 3850 4174
f 4168 4176 3844
f 3844 4176 3852
f 3853 3852 4176
f 3853 4176 4177
f 4178 4171 3847
f 4178 3847 3854
f 4179 3854 3855
f 4179 4178 3854
f 3855 3857 4179
f 4179 3857 4180
f 4182 4181 3860
f 3860 4181 3859
f 4183 3860 3861
f 4183 4182 3860
f 3861 3848 4172
f 3861 4172 4183
f 4185 4184 3862
f 4185 3862 3863
f 3851 3862 4175
f 4175 3862 4184
f 4177 4186 3853
f 3853 4186 3864
f 3866 3864 4186
f 3866 4186 4187
f 4188 4180 3857
f 4188 3857 3867
f 3867 3868 4188
f 4188 3868 4189
f 4191 4190 3871
f 3871 4190 3870
f 4193 4192 3873
f 4192 3871 3873
f 4192 4191 3871
f 3874 3875 4193
f 3875 4192 4193
f 3875 4194 4192
f 4195 3875 3876
f 4195 4194 3875
f 3876 3859 4181
f 3876 4181 4195
f 4197 4196 3879
f 4197 3879 3878
f 3863 3879 4185
f 4185 3879 4196
f 4187 4198 3866
f 3866 4198 3880
f 3880 4199 3881
f 4198 4199 3880
f 3881 4200 3882
f 4199 4200 3881
f 3883 3882 4200
f 3883 4200 4201
f 4202 4189 3868
f 4202 3868 3884
f 4203 3884 3885
f 4203 4202 3884
f 4204 3885 3886
f 4204 4203 3885
f 4205 3886 3887
f 4205 4204 3886
f 4206 3887 3888
f 4206 4205 3887
f 3888 3870 4190
f 3888 4190 4206
f 3889 4193 3873
f 4193 3889 3874
f 4208 4207 3890
f 4208 3890 3891
f 3890 4209 3892
f 4207 4209 3890
f 3878 3892 4197
f 4197 3892 4209
f 4201 4210 3883
f 3883 4210 3893
f 3893 4211 3895
f 4210 4211 3893
f 3896 3895 4211
f 3896 4211 4212
f 4215 4214 4213
f 3899 3898 4213
f 4214 3899 4213
f 4216 3899 4214
f 3891 3899 4208
f 4208 3899 4216
f 4212 4217 3896
f 3896 4217 3900
f 3900 4218 3901
f 4217 4218 3900
f 4218 4220 4219
f 3902 4218 4219
f 3901 4218 3902
f 4219 3903 3902
f 3905 4221 3904
f 3904 4221 4222
f 4223 3904 4222
f 3906 3904 4223
f 3906 4224 3907
f 4223 4224 3906
f 3907 4225 3908
f 4224 4225 3907
f 3908 4226 3909
f 4225 4226 3908
f 4213 3910 4215
f 3910 4226 4215
f 3910 3909 4226
f 3910 4213 3898
f 4220 4227 4219
f 4219 4227 3903
f 4227 3911 3903
f 4227 4228 3911
f 3905 3911 4221
f 3911 4229 4221
f 3911 4228 4229
f 4221 4229 4222
f 4232 4231 4230
f 4234 4233 4230
f 4230 4233 4232
f 3913 3914 4234
f 3914 4233 4234
f 3914 4235 4233
f 4236 3914 3915
f 4236 4235 3914
f 4238 4237 3917
f 4237 3915 3917
f 4237 4236 3915
f 4240 4239 4238
f 4238 4239 4237
f 4240 4241 4239
f 4244 4243 4242
f 4242 4245 4244
f 4248 4247 4246
f 4250 4249 4246
f 4246 4249 4248
f 4252 4251 4250
f 4250 4251 4249
f 4251 4252 4231
f 4231 4252 4230
f 4252 3919 4230
f 3919 3920 4230
f 4230 3920 3921
f 4230 3921 4234
f 4234 3921 3913
f 3922 4238 3917
f 4238 3922 3923
f 4238 3923 4240
f 4253 4241 4240
f 3923 4253 4240
f 3924 4253 3923
f 4254 3924 3925
f 4254 4253 3924
f 4255 3925 3926
f 4255 4254 3925
f 4256 3926 3927
f 4256 4255 3926
f 4257 3927 3928
f 4257 4256 3927
f 3929 4242 4243
f 4257 3929 4243
f 3928 3929 4257
f 4258 4245 4242
f 3929 4258 4242
f 3930 4258 3929
f 4259 3930 3932
f 4259 4258 3930
f 4260 3932 3933
f 4260 4259 3932
f 4261 3933 3935
f 4261 4260 3933
f 3935 3937 4261
f 4261 3937 4262
f 4246 4247 3939
f 4247 3938 3939
f 4247 4263 3938
f 4246 3939 3940
f 4246 3940 4250
f 4250 3940 3941
f 4250 3941 4252
f 4252 3941 3919
f 3944 4264 3943
f 4264 3945 3943
f 4267 4266 4265
f 4269 4268 4265
f 4269 4265 4266
f 4270 4268 4269
f 4271 4262 3937
f 4271 3937 3946
f 3946 3947 4271
f 4271 3947 4272
f 4274 4273 3950
f 3950 4273 3949
f 3950 3938 4263
f 3950 4263 4274
f 4276 4275 3952
f 4276 3952 3953
f 4278 4277 3954
f 3952 4278 3954
f 4275 4278 3952
f 4280 4279 4277
f 4280 4277 4278
f 3956 3957 4279
f 4280 3956 4279
f 4281 3956 4280
f 3956 4282 3959
f 4281 4282 3956
f 3959 4283 3960
f 4282 4283 3959
f 3944 3960 4264
f 3960 4284 4264
f 3960 4283 4284
f 4264 4284 3945
f 4284 3961 3945
f 4284 4285 3961
f 3961 4286 3963
f 4285 4286 3961
f 3963 4287 3965
f 4286 4287 3963
f 4289 4288 3966
f 3965 4289 3966
f 4287 4289 3965
f 4291 4290 4288
f 4291 4288 4289
f 4290 4291 4267
f 4290 4267 4265
f 3969 4290 4265
f 3968 3969 4265
f 3968 4265 3971
f 3971 4265 4268
f 4293 4292 3972
f 4293 3972 3971
f 4270 4293 3971
f 4268 4270 3971
f 4294 4292 4293
f 4295 4272 3947
f 4295 3947 3973
f 3973 3974 4295
f 4295 3974 4296
f 4273 3975 3949
f 4297 3975 4273
f 3978 4298 3977
f 3977 4298 4299
f 4300 3977 4299
f 3979 3977 4300
f 3953 3979 4276
f 4276 3979 4300
f 4277 3981 3954
f 3981 4277 3983
f 3983 4277 4279
f 3983 4279 3957
f 4288 3984 3966
f 3984 4288 3985
f 3985 4288 4290
f 3985 4290 3969
f 4292 3987 3972
f 4302 4301 3988
f 4302 3988 3987
f 4294 4302 3987
f 4292 4294 3987
f 4303 4301 4302
f 4304 4296 3974
f 4304 3974 3989
f 4305 3989 3990
f 4305 4304 3989
f 3990 3991 4305
f 4305 3991 4306
f 4308 4307 3994
f 3994 4307 3993
f 3994 3975 4297
f 3994 4297 4308
f 4310 4309 4298
f 3978 4310 4298
f 3995 4310 3978
f 4298 4309 4299
f 4301 3996 3988
f 4303 4311 4301
f 4311 3996 4301
f 4311 3997 3996
f 4313 4312 3998
f 3997 4313 3998
f 4311 4313 3997
f 4314 4312 4313
f 4315 4306 3991
f 4315 3991 3999
f 3999 4001 4315
f 4315 4001 4316
f 4307 4002 3993
f 4317 4002 4307
f 4004 4318 4003
f 4318 4319 4003
f 4319 3995 4003
f 4319 4310 3995
f 4312 4005 3998
f 4321 4320 4006
f 4321 4006 4005
f 4314 4321 4005
f 4312 4314 4005
f 4322 4320 4321
f 4008 4316 4001
f 4008 4323 4316
f 4317 4010 4002
f 4324 4010 4317
f 4326 4325 4318
f 4004 4326 4318
f 4011 4326 4004
f 4318 4325 4319
f 4320 4012 4006
f 4014 4012 4320
f 4322 4014 4320
f 4327 4014 4322
f 4328 4323 4008
f 4328 4008 4015
f 4015 4016 4328
f 4328 4016 4329
f 4331 4330 4019
f 4019 4330 4018
f 4019 4010 4324
f 4019 4324 4331
f 4020 4326 4011
f 4020 4332 4326
f 4334 4021 4333
f 4021 4327 4333
f 4021 4014 4327
f 4335 4334 4333
f 4336 4329 4016
f 4336 4016 4022
f 4022 4024 4336
f 4336 4024 4337
f 4330 4025 4018
f 4338 4025 4330
f 4027 4332 4020
f 4027 4339 4332
f 4334 4028 4021
f 4030 4028 4334
f 4340 4030 4334
f 4335 4340 4334
f 4341 4030 4340
f 4341 4031 4030
f 4342 4337 4024
f 4342 4024 4032
f 4032 4034 4342
f 4342 4034 4343
f 4338 4035 4025
f 4344 4035 4338
f 4037 4339 4027
f 4037 4345 4339
f 4340 4346 4341
f 4031 4341 4346
f 4347 4031 4346
f 4038 4031 4347
f 4034 4039 4348
f 4349 4034 4348
f 4343 4034 4349
f 4041 4348 4039
f 4344 4042 4035
f 4350 4042 4344
f 4044 4352 4351
f 4345 4044 4351
f 4037 4044 4345
f 4352 4353 4351
f 4347 4354 4038
f 4038 4354 4045
f 4047 4045 4354
f 4047 4354 4355
f 4356 4349 4348
f 4358 4356 4357
f 4357 4356 4048
f 4356 4348 4048
f 4348 4041 4048
f 4049 4357 4048
f 4350 4050 4042
f 4359 4050 4350
f 4051 4352 4044
f 4051 4053 4352
f 4053 4353 4352
f 4053 4360 4353
f 4355 4054 4047
f 4361 4054 4355
f 4362 4358 4357
f 4357 4049 4362
f 4049 4363 4362
f 4049 4055 4363
f 4359 4056 4050
f 4364 4056 4359
f 4058 4360 4053
f 4058 4365 4360
f 4361 4060 4054
f 4366 4060 4361
f 4055 4062 4367
f 4368 4055 4367
f 4363 4055 4368
f 4063 4367 4062
f 4364 4064 4056
f 4369 4064 4364
f 4066 4370 4067
f 4370 4371 4067
f 4371 4058 4067
f 4371 4365 4058
f 4366 4372 4060
f 4060 4372 4068
f 4372 4374 4373
f 4069 4372 4373
f 4068 4372 4069
f 4373 4070 4069
f 4368 4367 4375
f 4368 4375 4376
f 4071 4375 4063
f 4063 4375 4367
f 4369 4072 4064
f 4377 4072 4369
f 4074 4378 4073
f 4378 4379 4073
f 4073 4379 4066
f 4379 4380 4066
f 4380 4370 4066
f 4370 4380 4371
f 4374 4381 4373
f 4070 4373 4381
f 4382 4070 4381
f 4076 4070 4382
f 4376 4375 4383
f 4376 4383 4384
f 4077 4383 4071
f 4071 4383 4375
f 4387 4386 4385
f 4377 4387 4385
f 4078 4377 4385
f 4072 4377 4078
f 4389 4388 4378
f 4074 4389 4378
f 4079 4389 4074
f 4378 4388 4379
f 4080 4076 4390
f 4076 4391 4390
f 4076 4382 4391
f 4390 4081 4080
f 4384 4383 4392
f 4384 4392 4393
f 4082 4392 4077
f 4077 4392 4383
f 4385 4386 4084
f 4386 4083 4084
f 4386 4394 4083
f 4385 4084 4078
f 4396 4395 4085
f 4396 4085 4086
f 4079 4085 4389
f 4389 4085 4395
f 4390 4391 4397
f 4397 4391 4398
f 4397 4087 4081
f 4397 4081 4390
f 4399 4393 4392
f 4392 4082 4399
f 4082 4400 4399
f 4082 4088 4400
f 4394 4089 4083
f 4401 4089 4394
f 4090 4396 4086
f 4090 4402 4396
f 4397 4398 4093
f 4398 4092 4093
f 4398 4403 4092
f 4397 4093 4087
f 4406 4405 4404
f 4405 4400 4404
f 4400 4094 4404
f 4400 4088 4094
f 4401 4407 4089
f 4089 4407 4095
f 4096 4095 4407
f 4096 4407 4408
f 4409 4402 4090
f 4409 4090 4097
f 4097 4098 4409
f 4409 4098 4410
f 4413 4412 4411
f 4403 4413 4411
f 4099 4403 4411
f 4092 4403 4099
f 4406 4404 4100
f 4101 4406 4100
f 4414 4406 4101
f 4100 4404 4094
f 4408 4102 4096
f 4415 4102 4408
f 4104 4410 4098
f 4104 4416 4410
f 4411 4412 4417
f 4417 4412 4418
f 4417 4105 4099
f 4417 4099 4411
f 4106 4414 4101
f 4106 4419 4414
f 4415 4107 4102
f 4420 4107 4415
f 4421 4416 4104
f 4421 4104 4108
f 4108 4109 4421
f 4421 4109 4422
f 4417 4418 4423
f 4423 4418 4424
f 4423 4110 4105
f 4423 4105 4417
f 4111 4419 4106
f 4111 4425 4419
f 4112 4107 4426
f 4107 4427 4426
f 4107 4420 4427
f 4426 4113 4112
f 4428 4422 4109
f 4428 4109 4114
f 4114 4115 4428
f 4428 4115 4429
f 4423 4424 4118
f 4424 4117 4118
f 4424 4430 4117
f 4423 4118 4110
f 4433 4432 4431
f 4432 4425 4431
f 4425 4121 4431
f 4425 4111 4121
f 4427 4434 4426
f 4123 4113 4426
f 4435 4123 4426
f 4434 4435 4426
f 4123 4435 4436
f 4437 4436 4435
f 4126 4429 4115
f 4126 4438 4429
f 4127 4117 4439
f 4117 4440 4439
f 4117 4430 4440
f 4439 4128 4127
f 4433 4431 4441
f 4433 4441 4442
f 4130 4441 4121
f 4121 4441 4431
f 4436 4131 4123
f 4132 4131 4436
f 4443 4132 4436
f 4437 4443 4436
f 4444 4132 4443
f 4444 4133 4132
f 4445 4438 4126
f 4445 4126 4134
f 4447 4445 4446
f 4445 4135 4446
f 4445 4134 4135
f 4136 4446 4135
f 4439 4440 4448
f 4448 4440 4449
f 4448 4137 4128
f 4448 4128 4439
f 4450 4442 4441
f 4441 4130 4450
f 4130 4451 4450
f 4130 4138 4451
f 4443 4452 4444
f 4444 4452 4133
f 4452 4139 4133
f 4452 4453 4139
f 4140 4139 4453
f 4140 4453 4454
f 4455 4447 4446
f 4455 4446 4136
f 4141 4455 4136
f 4456 4455 4141
f 4141 4142 4456
f 4456 4142 4457
f 4448 4449 4144
f 4449 4143 4144
f 4449 4458 4143
f 4448 4144 4137
f 4460 4459 4145
f 4460 4145 4146
f 4138 4145 4451
f 4451 4145 4459
f 4454 4147 4140
f 4461 4147 4454
f 4462 4457 4142
f 4462 4142 4148
f 4148 4149 4462
f 4462 4149 4463
f 4458 4150 4143
f 4464 4150 4458
f 4151 4460 4146
f 4151 4465 4460
f 4461 4466 4147
f 4147 4466 4152
f 4153 4152 4466
f 4153 4466 4467
f 4468 4463 4149
f 4468 4149 4154
f 4154 4155 4468
f 4468 4155 4469
f 4471 4470 4157
f 4157 4470 4156
f 4157 4150 4464
f 4157 4464 4471
f 4473 4472 4158
f 4473 4158 4159
f 4151 4158 4465
f 4465 4158 4472
f 4467 4474 4153
f 4153 4474 4160
f 4161 4160 4474
f 4161 4474 4475
f 4476 4469 4155
f 4476 4155 4162
f 4162 4163 4476
f 4476 4163 4477
f 4479 4478 4165
f 4165 4478 4164
f 4165 4156 4470
f 4165 4470 4479
f 4166 4473 4159
f 4166 4480 4473
f 4475 4481 4161
f 4161 4481 4167
f 4168 4167 4481
f 4168 4481 4482
f 4483 4477 4163
f 4483 4163 4169
f 4484 4169 4170
f 4484 4483 4169
f 4170 4171 4484
f 4484 4171 4485
f 4488 4487 4486
f 4172 4173 4486
f 4173 4488 4486
f 4173 4489 4488
f 4173 4164 4478
f 4173 4478 4489
f 4491 4490 4174
f 4491 4174 4175
f 4166 4174 4480
f 4480 4174 4490
f 4482 4492 4168
f 4168 4492 4176
f 4177 4176 4492
f 4177 4492 4493
f 4494 4485 4171
f 4494 4171 4178
f 4495 4178 4179
f 4495 4494 4178
f 4179 4180 4495
f 4495 4180 4496
f 4497 4181 4182
f 4487 4498 4486
f 4498 4182 4486
f 4182 4183 4486
f 4182 4498 4497
f 4486 4183 4172
f 4500 4499 4184
f 4500 4184 4185
f 4175 4184 4491
f 4491 4184 4499
f 4493 4501 4177
f 4177 4501 4186
f 4503 4502 4187
f 4186 4503 4187
f 4501 4503 4186
f 4504 4502 4503
f 4505 4496 4180
f 4505 4180 4188
f 4507 4506 4189
f 4506 4188 4189
f 4506 4505 4188
f 4507 4508 4506
f 4509 4190 4191
f 4509 4191 4510
f 4191 4511 4510
f 4191 4192 4511
f 4512 4192 4194
f 4512 4511 4192
f 4513 4194 4195
f 4513 4512 4194
f 4195 4181 4497
f 4514 4195 4497
f 4513 4195 4514
f 4514 4497 4498
f 4516 4515 4196
f 4516 4196 4197
f 4185 4196 4500
f 4500 4196 4515
f 4502 4198 4187
f 4504 4517 4502
f 4517 4198 4502
f 4517 4199 4198
f 4517 4519 4518
f 4200 4517 4518
f 4199 4517 4200
f 4518 4201 4200
f 4202 4507 4189
f 4520 4508 4507
f 4202 4520 4507
f 4203 4520 4202
f 4521 4203 4204
f 4521 4520 4203
f 4523 4521 4522
f 4521 4205 4522
f 4521 4204 4205
f 4522 4205 4524
f 4205 4525 4524
f 4205 4206 4525
f 4206 4190 4509
f 4526 4206 4509
f 4525 4206 4526
f 4526 4509 4510
f 4528 4527 4207
f 4528 4207 4208
f 4207 4529 4209
f 4527 4529 4207
f 4197 4209 4516
f 4516 4209 4529
f 4519 4530 4518
f 4518 4530 4201
f 4530 4210 4201
f 4530 4531 4210
f 4210 4532 4211
f 4531 4532 4210
f 4212 4211 4532
f 4212 4532 4533
f 4534 4523 4522
f 4534 4522 4524
f 4537 4536 4535
f 4214 4215 4535
f 4536 4214 4535
f 4538 4214 4536
f 4214 4539 4216
f 4538 4539 4214
f 4208 4216 4528
f 4528 4216 4539
f 4533 4540 4212
f 4212 4540 4217
f 4217 4541 4218
f 4540 4541 4217
f 4220 4218 4541
f 4220 4541 4542
f 4544 4543 4223
f 4544 4223 4222
f 4223 4545 4224
f 4543 4545 4223
f 4224 4546 4225
f 4545 4546 4224
f 4535 4226 4537
f 4226 4546 4537
f 4226 4225 4546
f 4226 4535 4215
f 4542 4547 4220
f 4220 4547 4227
f 4227 4548 4228
f 4547 4548 4227
f 4228 4549 4229
f 4548 4549 4228
f 4222 4229 4544
f 4544 4229 4549
f 4552 4551 4550
f 4550 4553 4552
f 4556 4555 4554
f 4231 4232 4554
f 4232 4556 4554
f 4232 4557 4556
f 4233 4550 4551
f 4557 4233 4551
f 4232 4233 4557
f 4558 4553 4550
f 4233 4558 4550
f 4235 4558 4233
f 4559 4235 4236
f 4559 4558 4235
f 4560 4236 4237
f 4560 4559 4236
f 4561 4237 4239
f 4561 4560 4237
f 4563 4562 4241
f 4562 4239 4241
f 4562 4561 4239
f 4563 4564 4562
f 4567 4566 4565
f 4243 4244 4565
f 4244 4567 4565
f 4244 4568 4567
f 4570 4569 4245
f 4569 4244 4245
f 4569 4568 4244
f 4572 4571 4570
f 4570 4571 4569
f 4572 4573 4571
f 4575 4574 4248
f 4248 4574 4247
f 4576 4248 4249
f 4576 4575 4248
f 4251 4554 4555
f 4576 4251 4555
f 4249 4251 4576
f 4554 4251 4231
f 4253 4563 4241
f 4577 4564 4563
f 4253 4577 4563
f 4254 4577 4253
f 4578 4254 4255
f 4578 4577 4254
f 4579 4255 4256
f 4579 4578 4255
f 4257 4565 4566
f 4579 4257 4566
f 4256 4257 4579
f 4565 4257 4243
f 4258 4570 4245
f 4570 4258 4259
f 4570 4259 4572
f 4580 4573 4572
f 4259 4580 4572
f 4260 4580 4259
f 4581 4260 4261
f 4581 4580 4260
f 4261 4262 4581
f 4581 4262 4582
f 4585 4584 4583
f 4574 4585 4583
f 4263 4574 4583
f 4247 4574 4263
f 4588 4587 4586
f 4590 4589 4586
f 4590 4586 4587
f 4591 4589 4590
f 4594 4593 4592
f 4595 4592 4593
f 4597 4596 4266
f 4597 4266 4267
f 4266 4598 4269
f 4596 4598 4266
f 4270 4269 4598
f 4270 4598 4599
f 4600 4582 4262
f 4600 4262 4271
f 4271 4272 4600
f 4600 4272 4601
f 4603 4602 4584
f 4602 4273 4584
f 4274 4583 4584
f 4274 4584 4273
f 4274 4263 4583
f 4602 4603 4604
f 4588 4586 4275
f 4276 4588 4275
f 4605 4588 4276
f 4275 4586 4278
f 4278 4586 4589
f 4591 4606 4589
f 4606 4278 4589
f 4606 4280 4278
f 4280 4607 4281
f 4606 4607 4280
f 4592 4282 4594
f 4282 4607 4594
f 4282 4281 4607
f 4595 4608 4592
f 4608 4282 4592
f 4608 4283 4282
f 4283 4609 4284
f 4608 4609 4283
f 4284 4610 4285
f 4609 4610 4284
f 4285 4611 4286
f 4610 4611 4285
f 4286 4612 4287
f 4611 4612 4286
f 4287 4613 4289
f 4612 4613 4287
f 4289 4614 4291
f 4613 4614 4289
f 4267 4291 4597
f 4597 4291 4614
f 4599 4615 4270
f 4270 4615 4293
f 4294 4293 4615
f 4294 4615 4616
f 4617 4601 4272
f 4617 4272 4295
f 4295 4296 4617
f 4617 4296 4618
f 4620 4619 4602
f 4619 4273 4602
f 4619 4297 4273
f 4620 4602 4604
f 4622 4621 4300
f 4622 4300 4299
f 4276 4300 4605
f 4605 4300 4621
f 4616 4623 4294
f 4294 4623 4302
f 4625 4624 4303
f 4302 4625 4303
f 4623 4625 4302
f 4626 4624 4625
f 4627 4618 4296
f 4627 4296 4304
f 4629 4627 4628
f 4627 4305 4628
f 4627 4304 4305
f 4306 4628 4305
f 4630 4307 4308
f 4631 4630 4308
f 4297 4631 4308
f 4619 4631 4297
f 4633 4632 4309
f 4633 4309 4310
f 4299 4309 4622
f 4622 4309 4632
f 4624 4311 4303
f 4626 4634 4624
f 4634 4311 4624
f 4634 4313 4311
f 4314 4313 4634
f 4314 4634 4635
f 4636 4629 4628
f 4638 4636 4637
f 4637 4636 4315
f 4636 4628 4315
f 4628 4306 4315
f 4316 4637 4315
f 4640 4639 4630
f 4639 4307 4630
f 4639 4317 4307
f 4640 4630 4631
f 4319 4633 4310
f 4319 4641 4633
f 4321 4314 4642
f 4314 4643 4642
f 4314 4635 4643
f 4642 4322 4321
f 4644 4638 4637
f 4637 4316 4644
f 4316 4645 4644
f 4316 4323 4645
f 4639 4324 4317
f 4646 4324 4639
f 4648 4647 4325
f 4648 4325 4326
f 4319 4325 4641
f 4641 4325 4647
f 4643 4649 4642
f 4322 4642 4649
f 4650 4322 4649
f 4327 4322 4650
f 4651 4645 4323
f 4651 4323 4328
f 4653 4652 4329
f 4652 4328 4329
f 4652 4651 4328
f 4655 4654 4653
f 4653 4654 4652
f 4655 4656 4654
f 4657 4330 4331
f 4658 4657 4331
f 4324 4658 4331
f 4646 4658 4324
f 4332 4648 4326
f 4332 4659 4648
f 4333 4327 4660
f 4327 4661 4660
f 4327 4650 4661
f 4660 4335 4333
f 4336 4653 4329
f 4653 4336 4337
f 4662 4653 4337
f 4655 4653 4662
f 4656 4655 4663
f 4663 4655 4662
f 4664 4338 4657
f 4657 4338 4330
f 4657 4658 4665
f 4657 4665 4664
f 4339 4659 4332
f 4339 4666 4659
f 4661 4667 4660
f 4335 4660 4667
f 4668 4335 4667
f 4340 4335 4668
f 4342 4662 4337
f 4342 4343 4662
f 4343 4663 4662
f 4343 4669 4663
f 4670 4344 4664
f 4664 4344 4338
f 4664 4665 4671
f 4664 4671 4670
f 4345 4666 4339
f 4345 4672 4666
f 4346 4340 4673
f 4340 4674 4673
f 4340 4668 4674
f 4673 4347 4346
f 4349 4669 4343
f 4349 4675 4669
f 4677 4676 4670
f 4676 4344 4670
f 4676 4350 4344
f 4677 4670 4671
f 4345 4351 4678
f 4679 4345 4678
f 4672 4345 4679
f 4353 4678 4351
f 4674 4680 4673
f 4680 4682 4681
f 4680 4681 4354
f 4673 4680 4354
f 4347 4673 4354
f 4681 4355 4354
f 4683 4675 4349
f 4683 4349 4356
f 4356 4358 4683
f 4683 4358 4684
f 4676 4359 4350
f 4685 4359 4676
f 4679 4678 4686
f 4679 4686 4687
f 4360 4686 4353
f 4353 4686 4678
f 4681 4682 4688
f 4688 4682 4689
f 4688 4361 4355
f 4688 4355 4681
f 4358 4362 4690
f 4691 4358 4690
f 4684 4358 4691
f 4363 4690 4362
f 4685 4364 4359
f 4692 4364 4685
f 4687 4686 4693
f 4687 4693 4694
f 4365 4693 4360
f 4360 4693 4686
f 4688 4689 4695
f 4695 4689 4696
f 4695 4366 4361
f 4695 4361 4688
f 4691 4690 4697
f 4691 4697 4698
f 4368 4697 4363
f 4363 4697 4690
f 4692 4369 4364
f 4699 4369 4692
f 4694 4693 4700
f 4694 4700 4701
f 4371 4700 4365
f 4365 4700 4693
f 4696 4702 4695
f 4702 4704 4703
f 4702 4703 4372
f 4695 4702 4372
f 4366 4695 4372
f 4703 4374 4372
f 4698 4697 4705
f 4698 4705 4706
f 4376 4705 4368
f 4368 4705 4697
f 4699 4377 4369
f 4707 4377 4699
f 4701 4700 4380
f 4379 4701 4380
f 4708 4701 4379
f 4380 4700 4371
f 4703 4704 4709
f 4709 4704 4710
f 4711 4381 4374
f 4703 4711 4374
f 4709 4711 4703
f 4711 4382 4381
f 4712 4706 4705
f 4705 4376 4712
f 4376 4713 4712
f 4376 4384 4713
f 4715 4714 4387
f 4387 4714 4386
f 4387 4377 4707
f 4387 4707 4715
f 4717 4716 4388
f 4717 4388 4389
f 4379 4388 4708
f 4708 4388 4716
f 4710 4718 4709
f 4720 4719 4718
f 4719 4709 4718
f 4719 4711 4709
f 4719 4391 4382
f 4719 4382 4711
f 4393 4713 4384
f 4393 4721 4713
f 4714 4394 4386
f 4722 4394 4714
f 4396 4723 4395
f 4723 4724 4395
f 4724 4389 4395
f 4724 4717 4389
f 4719 4720 4725
f 4725 4720 4726
f 4725 4398 4391
f 4725 4391 4719
f 4727 4721 4393
f 4727 4393 4399
f 4399 4400 4727
f 4727 4400 4728
f 4730 4401 4729
f 4401 4722 4729
f 4401 4394 4722
f 4731 4730 4729
f 4402 4732 4723
f 4402 4723 4396
f 4724 4723 4733
f 4733 4723 4732
f 4725 4726 4734
f 4734 4726 4735
f 4734 4403 4398
f 4734 4398 4725
f 4737 4736 4405
f 4737 4405 4406
f 4400 4405 4728
f 4728 4405 4736
f 4730 4407 4401
f 4408 4407 4730
f 4731 4408 4730
f 4738 4408 4731
f 4409 4732 4402
f 4409 4410 4732
f 4410 4733 4732
f 4410 4739 4733
f 4734 4735 4413
f 4735 4412 4413
f 4735 4740 4412
f 4734 4413 4403
f 4414 4737 4406
f 4414 4741 4737
f 4738 4415 4408
f 4742 4415 4738
f 4416 4739 4410
f 4416 4743 4739
f 4740 4418 4412
f 4744 4418 4740
f 4419 4741 4414
f 4419 4745 4741
f 4742 4420 4415
f 4746 4420 4742
f 4747 4743 4416
f 4747 4416 4421
f 4421 4422 4747
f 4747 4422 4748
f 4751 4750 4749
f 4744 4751 4749
f 4424 4744 4749
f 4418 4744 4424
f 4754 4753 4752
f 4753 4745 4752
f 4745 4425 4752
f 4745 4419 4425
f 4756 4427 4755
f 4427 4746 4755
f 4427 4420 4746
f 4757 4756 4755
f 4758 4748 4422
f 4758 4422 4428
f 4428 4429 4758
f 4758 4429 4759
f 4749 4750 4760
f 4760 4750 4761
f 4760 4430 4424
f 4760 4424 4749
f 4754 4752 4432
f 4433 4754 4432
f 4762 4754 4433
f 4432 4752 4425
f 4756 4434 4427
f 4435 4434 4756
f 4763 4435 4756
f 4757 4763 4756
f 4764 4435 4763
f 4764 4437 4435
f 4438 4766 4765
f 4759 4438 4765
f 4429 4438 4759
f 4766 4767 4765
f 4760 4761 4768
f 4768 4761 4769
f 4768 4440 4430
f 4768 4430 4760
f 4442 4762 4433
f 4442 4770 4762
f 4763 4771 4764
f 4437 4764 4771
f 4772 4437 4771
f 4443 4437 4772
f 4445 4766 4438
f 4445 4447 4766
f 4447 4767 4766
f 4447 4773 4767
f 4768 4769 4774
f 4774 4769 4775
f 4774 4449 4440
f 4774 4440 4768
f 4442 4450 4776
f 4777 4442 4776
f 4770 4442 4777
f 4451 4776 4450
f 4772 4778 4443
f 4443 4778 4452
f 4778 4780 4779
f 4453 4778 4779
f 4452 4778 4453
f 4779 4454 4453
f 4781 4773 4447
f 4781 4447 4455
f 4783 4781 4782
f 4781 4456 4782
f 4781 4455 4456
f 4457 4782 4456
f 4775 4784 4774
f 4449 4774 4784
f 4785 4449 4784
f 4458 4449 4785
f 4777 4776 4459
f 4460 4777 4459
f 4786 4777 4460
f 4459 4776 4451
f 4780 4787 4779
f 4454 4779 4787
f 4788 4454 4787
f 4461 4454 4788
f 4789 4783 4782
f 4789 4782 4457
f 4462 4789 4457
f 4790 4789 4462
f 4462 4463 4790
f 4790 4463 4791
f 4794 4793 4792
f 4785 4794 4792
f 4464 4785 4792
f 4458 4785 4464
f 4797 4796 4795
f 4796 4786 4795
f 4786 4465 4795
f 4786 4460 4465
f 4788 4798 4461
f 4461 4798 4466
f 4467 4466 4798
f 4467 4798 4799
f 4800 4791 4463
f 4800 4463 4468
f 4468 4469 4800
f 4800 4469 4801
f 4792 4793 4471
f 4793 4470 4471
f 4793 4802 4470
f 4792 4471 4464
f 4797 4795 4472
f 4473 4797 4472
f 4803 4797 4473
f 4472 4795 4465
f 4799 4804 4467
f 4467 4804 4474
f 4475 4474 4804
f 4475 4804 4805
f 4806 4801 4469
f 4806 4469 4476
f 4476 4477 4806
f 4806 4477 4807
f 4810 4809 4808
f 4478 4479 4808
f 4479 4810 4808
f 4479 4811 4810
f 4479 4470 4802
f 4479 4802 4811
f 4480 4803 4473
f 4480 4812 4803
f 4805 4813 4475
f 4475 4813 4481
f 4482 4481 4813
f 4482 4813 4814
f 4815 4807 4477
f 4815 4477 4483
f 4816 4483 4484
f 4816 4815 4483
f 4484 4485 4816
f 4816 4485 4817
f 4819 4818 4488
f 4488 4818 4487
f 4489 4808 4809
f 4819 4489 4809
f 4488 4489 4819
f 4808 4489 4478
f 4821 4820 4490
f 4821 4490 4491
f 4480 4490 4812
f 4812 4490 4820
f 4814 4822 4482
f 4482 4822 4492
f 4493 4492 4822
f 4493 4822 4823
f 4824 4817 4485
f 4824 4485 4494
f 4825 4494 4495
f 4825 4824 4494
f 4495 4496 4825
f 4825 4496 4826
f 4829 4828 4827
f 4818 4829 4827
f 4498 4818 4827
f 4487 4818 4498
f 4831 4830 4499
f 4831 4499 4500
f 4491 4499 4821
f 4821 4499 4830
f 4823 4832 4493
f 4493 4832 4501
f 4501 4833 4503
f 4832 4833 4501
f 4504 4503 4833
f 4504 4833 4834
f 4835 4826 4496
f 4835 4496 4505
f 4836 4505 4506
f 4836 4835 4505
f 4506 4508 4836
f 4836 4508 4837
f 4839 4838 4511
f 4511 4838 4510
f 4840 4511 4512
f 4840 4839 4511
f 4841 4512 4513
f 4841 4840 4512
f 4514 4827 4828
f 4841 4514 4828
f 4513 4514 4841
f 4827 4514 4498
f 4843 4842 4515
f 4843 4515 4516
f 4500 4515 4831
f 4831 4515 4842
f 4834 4844 4504
f 4504 4844 4517
f 4846 4845 4519
f 4517 4846 4519
f 4844 4846 4517
f 4847 4845 4846
f 4848 4837 4508
f 4848 4508 4520
f 4849 4520 4521
f 4849 4848 4520
f 4851 4850 4523
f 4850 4521 4523
f 4850 4849 4521
f 4524 4525 4851
f 4525 4850 4851
f 4525 4852 4850
f 4853 4525 4526
f 4853 4852 4525
f 4526 4510 4838
f 4526 4838 4853
f 4855 4854 4527
f 4855 4527 4528
f 4527 4856 4529
f 4854 4856 4527
f 4516 4529 4843
f 4843 4529 4856
f 4845 4530 4519
f 4847 4857 4845
f 4857 4530 4845
f 4857 4531 4530
f 4531 4858 4532
f 4857 4858 4531
f 4860 4859 4533
f 4532 4860 4533
f 4858 4860 4532
f 4861 4859 4860
f 4534 4851 4523
f 4851 4534 4524
f 4864 4863 4862
f 4536 4537 4862
f 4863 4536 4862
f 4865 4536 4863
f 4536 4866 4538
f 4865 4866 4536
f 4538 4867 4539
f 4866 4867 4538
f 4528 4539 4855
f 4855 4539 4867
f 4859 4540 4533
f 4861 4868 4859
f 4868 4540 4859
f 4868 4541 4540
f 4870 4869 4542
f 4541 4870 4542
f 4868 4870 4541
f 4872 4871 4869
f 4872 4869 4870
f 4874 4873 4871
f 4874 4871 4872
f 4874 4544 4873
f 4874 4543 4544
f 4874 4876 4875
f 4543 4874 4875
f 4543 4875 4877
f 4878 4543 4877
f 4545 4543 4878
f 4862 4546 4864
f 4546 4878 4864
f 4546 4545 4878
f 4546 4862 4537
f 4869 4547 4542
f 4547 4869 4548
f 4548 4869 4871
f 4548 4871 4549
f 4549 4871 4873
f 4876 4879 4875
f 4549 4873 4544
f 4875 4879 4877
f 4882 4881 4880
f 4884 4883 4880
f 4880 4883 4882
f 4551 4552 4884
f 4552 4883 4884
f 4552 4885 4883
f 4887 4886 4553
f 4886 4552 4553
f 4886 4885 4552
f 4889 4888 4887
f 4887 4888 4886
f 4889 4890 4888
f 4893 4892 4891
f 4893 4891 4881
f 4881 4891 4880
f 4891 4555 4880
f 4555 4556 4880
f 4880 4556 4557
f 4880 4557 4884
f 4884 4557 4551
f 4558 4887 4553
f 4887 4558 4559
f 4887 4559 4889
f 4894 4890 4889
f 4559 4894 4889
f 4560 4894 4559
f 4895 4560 4561
f 4895 4894 4560
f 4896 4561 4562
f 4896 4895 4561
f 4562 4564 4896
f 4896 4564 4897
f 4900 4899 4898
f 4566 4567 4898
f 4567 4900 4898
f 4567 4901 4900
f 4902 4567 4568
f 4902 4901 4567
f 4903 4568 4569
f 4903 4902 4568
f 4904 4569 4571
f 4904 4903 4569
f 4571 4573 4904
f 4904 4573 4905
f 4907 4906 4575
f 4575 4906 4574
f 4576 4891 4892
f 4907 4576 4892
f 4575 4576 4907
f 4891 4576 4555
f 4910 4909 4908
f 4912 4911 4908
f 4912 4908 4909
f 4914 4913 4911
f 4914 4911 4912
f 4915 4913 4914
f 4916 4897 4564
f 4916 4564 4577
f 4917 4577 4578
f 4917 4916 4577
f 4579 4898 4899
f 4917 4579 4899
f 4578 4579 4917
f 4898 4579 4566
f 4918 4905 4573
f 4918 4573 4580
f 4919 4580 4581
f 4919 4918 4580
f 4581 4582 4919
f 4919 4582 4920
f 4922 4921 4585
f 4585 4921 4584
f 4585 4574 4906
f 4585 4906 4922
f 4925 4924 4923
f 4923 4924 4910
f 4923 4910 4908
f 4588 4923 4908
f 4587 4588 4908
f 4587 4908 4590
f 4590 4908 4911
f 4590 4911 4591
f 4911 4926 4591
f 4911 4913 4926
f 4913 4915 4927
f 4928 4913 4927
f 4926 4913 4928
f 4593 4594 4928
f 4927 4593 4928
f 4929 4593 4927
f 4595 4593 4929
f 4595 4929 4930
f 4933 4932 4931
f 4596 4597 4931
f 4932 4596 4931
f 4934 4596 4932
f 4596 4935 4598
f 4934 4935 4596
f 4599 4598 4935
f 4599 4935 4936
f 4937 4920 4582
f 4937 4582 4600
f 4600 4601 4937
f 4937 4601 4938
f 4603 4584 4939
f 4584 4940 4939
f 4584 4921 4940
f 4939 4604 4603
f 4925 4923 4941
f 4925 4941 4942
f 4605 4941 4588
f 4588 4941 4923
f 4926 4606 4591
f 4606 4926 4607
f 4607 4926 4928
f 4607 4928 4594
f 4930 4943 4595
f 4595 4943 4608
f 4608 4944 4609
f 4943 4944 4608
f 4609 4945 4610
f 4944 4945 4609
f 4610 4946 4611
f 4945 4946 4610
f 4611 4947 4612
f 4946 4947 4611
f 4612 4948 4613
f 4947 4948 4612
f 4931 4614 4933
f 4614 4948 4933
f 4614 4613 4948
f 4614 4931 4597
f 4936 4949 4599
f 4599 4949 4615
f 4616 4615 4949
f 4616 4949 4950
f 4951 4938 4601
f 4951 4601 4617
f 4953 4952 4618
f 4952 4617 4618
f 4952 4951 4617
f 4953 4954 4952
f 4939 4940 4620
f 4940 4619 4620
f 4940 4955 4619
f 4939 4620 4604
f 4942 4941 4621
f 4622 4942 4621
f 4956 4942 4622
f 4621 4941 4605
f 4950 4957 4616
f 4616 4957 4623
f 4957 4959 4958
f 4625 4957 4958
f 4623 4957 4625
f 4958 4626 4625
f 4627 4953 4618
f 4627 4629 4953
f 4629 4954 4953
f 4629 4960 4954
f 4963 4962 4961
f 4955 4963 4961
f 4631 4955 4961
f 4619 4955 4631
f 4965 4964 4632
f 4965 4632 4633
f 4622 4632 4956
f 4956 4632 4964
f 4959 4966 4958
f 4966 4968 4967
f 4966 4967 4634
f 4958 4966 4634
f 4626 4958 4634
f 4967 4635 4634
f 4969 4960 4629
f 4969 4629 4636
f 4636 4638 4969
f 4969 4638 4970
f 4961 4962 4640
f 4962 4639 4640
f 4962 4971 4639
f 4961 4640 4631
f 4641 4965 4633
f 4641 4972 4965
f 4968 4973 4967
f 4635 4967 4973
f 4974 4635 4973
f 4643 4635 4974
f 4975 4970 4638
f 4975 4638 4644
f 4977 4976 4645
f 4976 4644 4645
f 4976 4975 4644
f 4977 4978 4976
f 4971 4646 4639
f 4979 4646 4971
f 4648 4980 4647
f 4980 4981 4647
f 4981 4641 4647
f 4981 4972 4641
f 4649 4643 4982
f 4643 4983 4982
f 4643 4974 4983
f 4982 4650 4649
f 4651 4977 4645
f 4984 4978 4977
f 4651 4984 4977
f 4652 4984 4651
f 4986 4984 4985
f 4984 4654 4985
f 4984 4652 4654
f 4656 4985 4654
f 4989 4988 4987
f 4979 4989 4987
f 4658 4979 4987
f 4646 4979 4658
f 4991 4990 4980
f 4648 4991 4980
f 4659 4991 4648
f 4980 4990 4981
f 4983 4992 4982
f 4650 4982 4992
f 4993 4650 4992
f 4661 4650 4993
f 4994 4986 4985
f 4985 4656 4994
f 4656 4995 4994
f 4656 4663 4995
f 4987 4988 4996
f 4996 4988 4997
f 4996 4665 4658
f 4996 4658 4987
f 4666 4991 4659
f 4666 4998 4991
f 4667 4661 4999
f 4661 5000 4999
f 4661 4993 5000
f 4999 4668 4667
f 4669 4995 4663
f 4669 5001 4995
f 4996 4997 5002
f 5002 4997 5003
f 5002 4671 4665
f 5002 4665 4996
f 4672 4998 4666
f 4672 5004 4998
f 5000 5005 4999
f 4668 4999 5005
f 5006 4668 5005
f 4674 4668 5006
f 4675 5001 4669
f 4675 5007 5001
f 5002 5003 4677
f 5003 4676 4677
f 5003 5008 4676
f 5002 4677 4671
f 4679 5004 4672
f 4679 5009 5004
f 4680 4674 5010
f 4674 5011 5010
f 4674 5006 5011
f 5010 4682 4680
f 4675 4683 5012
f 5013 4675 5012
f 5007 4675 5013
f 4684 5012 4683
f 5008 4685 4676
f 5014 4685 5008
f 4687 5009 4679
f 4687 5015 5009
f 5011 5016 5010
f 4682 5010 5016
f 5017 4682 5016
f 4689 4682 5017
f 5018 5013 5012
f 5012 4684 5018
f 4684 5019 5018
f 4684 4691 5019
f 5014 4692 4685
f 5020 4692 5014
f 5023 5022 5021
f 5022 5015 5021
f 5015 4694 5021
f 5015 4687 4694
f 5017 4696 4689
f 5024 4696 5017
f 4698 5026 5025
f 5019 4698 5025
f 4691 4698 5019
f 5026 5027 5025
f 5020 4699 4692
f 5028 4699 5020
f 5023 5021 5029
f 5023 5029 5030
f 4701 5029 4694
f 4694 5029 5021
f 4702 4696 5031
f 4696 5032 5031
f 4696 5024 5032
f 5031 4704 4702
f 4706 5033 5026
f 4706 5026 4698
f 5027 5026 5034
f 5034 5026 5033
f 5028 4707 4699
f 5035 4707 5028
f 5030 5029 5036
f 5030 5036 5037
f 4708 5036 4701
f 4701 5036 5029
f 5032 5038 5031
f 4704 5031 5038
f 5039 4704 5038
f 4710 4704 5039
f 4712 5033 4706
f 5041 5040 4713
f 4713 5040 4712
f 5040 5034 4712
f 5034 5033 4712
f 5041 5042 5040
f 5043 4714 4715
f 5044 5043 4715
f 4707 5044 4715
f 5035 5044 4707
f 5037 5036 4716
f 4717 5037 4716
f 5045 5037 4717
f 4716 5036 4708
f 4718 4710 5046
f 4710 5047 5046
f 4710 5039 5047
f 5046 4720 4718
f 4721 5048 5041
f 4721 5041 4713
f 5042 5041 5049
f 5049 5041 5048
f 5050 4722 5043
f 5043 4722 4714
f 5043 5044 5051
f 5043 5051 5050
f 4724 5045 4717
f 4724 5052 5045
f 5046 5047 5053
f 5053 5047 5054
f 5053 4726 4720
f 5053 4720 5046
f 4727 5048 4721
f 4727 4728 5048
f 4728 5049 5048
f 4728 5055 5049
f 5050 4729 4722
f 4731 4729 5050
f 5051 4731 5050
f 5056 4731 5051
f 4733 5052 4724
f 4733 5057 5052
f 5053 5054 5058
f 5058 5054 5059
f 5058 4735 4726
f 5058 4726 5053
f 5061 5060 4736
f 5061 4736 4737
f 4728 4736 5055
f 5055 4736 5060
f 5056 4738 4731
f 5062 4738 5056
f 4739 5057 4733
f 4739 5063 5057
f 5058 5059 5064
f 5064 5059 5065
f 5064 4740 4735
f 5064 4735 5058
f 4741 5061 4737
f 4741 5066 5061
f 5062 4742 4738
f 5067 4742 5062
f 4743 5063 4739
f 4743 5068 5063
f 5064 5065 5069
f 5069 5065 5070
f 5069 4744 4740
f 5069 4740 5064
f 5073 5072 5071
f 5072 5066 5071
f 5066 4745 5071
f 5066 4741 4745
f 5067 4746 4742
f 5074 4746 5067
f 5075 5068 4743
f 5075 4743 4747
f 4747 4748 5075
f 5075 4748 5076
f 5069 5070 4751
f 5070 4750 4751
f 5070 5077 4750
f 5069 4751 4744
f 5073 5071 4753
f 4754 5073 4753
f 5078 5073 4754
f 4753 5071 4745
f 5074 5079 4746
f 4746 5079 4755
f 4757 4755 5079
f 4757 5079 5080
f 4748 4758 5081
f 5082 4748 5081
f 5076 4748 5082
f 4759 5081 4758
f 5077 4761 4750
f 5083 4761 5077
f 4762 5078 4754
f 4762 5084 5078
f 5080 4763 4757
f 5085 4763 5080
f 5086 5082 5081
f 5086 5081 4759
f 4765 5086 4759
f 5087 5086 4765
f 4765 4767 5087
f 5087 4767 5088
f 5083 4769 4761
f 5089 4769 5083
f 4770 5084 4762
f 4770 5090 5084
f 5085 5091 4763
f 4763 5091 4771
f 4772 4771 5091
f 4772 5091 5092
f 4773 5088 4767
f 4773 5093 5088
f 5089 4775 4769
f 5094 4775 5089
f 4777 5090 4770
f 4777 5095 5090
f 4778 4772 5096
f 4772 5097 5096
f 4772 5092 5097
f 5096 4780 4778
f 5098 5093 4773
f 5098 4773 4781
f 4781 4783 5098
f 5098 4783 5099
f 5102 5101 5100
f 5100 5103 4784
f 5094 5100 4784
f 4775 5094 4784
f 5100 5094 5102
f 5103 4785 4784
f 5106 5105 5104
f 5105 5095 5104
f 5095 4786 5104
f 5095 4777 4786
f 5097 5107 5096
f 5096 5107 4780
f 5107 4787 4780
f 5107 5108 4787
f 4788 4787 5108
f 4788 5108 5109
f 5110 5099 4783
f 5110 4783 4789
f 5112 5110 5111
f 5110 4790 5111
f 5110 4789 4790
f 4791 5111 4790
f 5101 5113 5100
f 5114 4793 4794
f 5100 5114 4794
f 5103 5100 4794
f 5113 5114 5100
f 5103 4794 4785
f 5106 5104 4796
f 4797 5106 4796
f 5115 5106 4797
f 4796 5104 4786
f 5109 5116 4788
f 4788 5116 4798
f 4799 4798 5116
f 4799 5116 5117
f 5118 5112 5111
f 5118 5111 4791
f 4800 5118 4791
f 5119 5118 4800
f 4800 4801 5119
f 5119 4801 5120
f 5123 5122 5121
f 5114 5123 5121
f 4802 5114 5121
f 4793 5114 4802
f 4803 5115 4797
f 4803 5124 5115
f 5117 5125 4799
f 4799 5125 4804
f 4805 4804 5125
f 4805 5125 5126
f 5127 5120 4801
f 5127 4801 4806
f 5129 5128 4807
f 5128 4806 4807
f 5128 5127 4806
f 5129 5130 5128
f 5132 5131 4810
f 4810 5131 4809
f 4811 5121 5122
f 5132 4811 5122
f 4810 4811 5132
f 5121 4811 4802
f 5135 5134 5133
f 5134 5124 5133
f 5124 4812 5133
f 5124 4803 4812
f 5126 5136 4805
f 4805 5136 4813
f 4814 4813 5136
f 4814 5136 5137
f 4815 5129 4807
f 5138 5130 5129
f 4815 5138 5129
f 4816 5138 4815
f 4816 4817 5138
f 5138 4817 5139
f 5141 5140 4819
f 4819 5140 4818
f 4819 4809 5131
f 4819 5131 5141
f 5144 5143 5142
f 5142 5143 5135
f 5142 5135 5133
f 4821 5142 5133
f 4820 4821 5133
f 4820 5133 4812
f 5137 5145 4814
f 4814 5145 4822
f 5147 5146 4823
f 4822 5147 4823
f 5145 5147 4822
f 5148 5146 5147
f 5149 5139 4817
f 5149 4817 4824
f 5150 4824 4825
f 5150 5149 4824
f 5152 5151 4826
f 5151 4825 4826
f 5151 5150 4825
f 5152 5153 5151
f 5156 5155 5154
f 4828 4829 5154
f 4829 5156 5154
f 4829 5157 5156
f 4829 4818 5140
f 4829 5140 5157
f 5160 5159 5158
f 5158 5159 5144
f 5158 5144 5142
f 4831 5158 5142
f 4830 4831 5142
f 4830 5142 4821
f 5146 4832 4823
f 5148 5161 5146
f 5161 4832 5146
f 5161 4833 4832
f 4834 4833 5161
f 4834 5161 5162
f 4835 5152 4826
f 5163 5153 5152
f 4835 5163 5152
f 4836 5163 4835
f 4836 4837 5163
f 5163 4837 5164
f 5165 4838 4839
f 5165 4839 5166
f 4839 5167 5166
f 4839 4840 5167
f 4841 5154 5155
f 5167 4841 5155
f 4840 4841 5167
f 5154 4841 4828
f 5160 5158 4842
f 4843 5160 4842
f 5168 5160 4843
f 4842 5158 4831
f 5162 5169 4834
f 4834 5169 4844
f 4844 5170 4846
f 5169 5170 4844
f 4847 4846 5170
f 4847 5170 5171
f 5172 5164 4837
f 5172 4837 4848
f 5173 4848 4849
f 5173 5172 4848
f 5174 4849 4850
f 5174 5173 4849
f 5175 4850 4852
f 5175 5174 4850
f 5176 4852 4853
f 5176 5175 4852
f 4853 4838 5165
f 5177 4853 5165
f 5176 4853 5177
f 5177 5165 5166
f 5179 5178 4854
f 5179 4854 4855
f 4854 5180 4856
f 5178 5180 4854
f 4843 4856 5168
f 5168 4856 5180
f 5171 5181 4847
f 4847 5181 4857
f 4857 5182 4858
f 5181 5182 4857
f 4858 5183 4860
f 5182 5183 4858
f 4861 4860 5183
f 4861 5183 5184
f 5186 5185 4863
f 5186 4863 4864
f 4863 5187 4865
f 5185 5187 4863
f 4865 5188 4866
f 5187 5188 4865
f 4866 5189 4867
f 5188 5189 4866
f 4855 4867 5179
f 5179 4867 5189
f 5184 5190 4861
f 4861 5190 4868
f 4868 5191 4870
f 5190 5191 4868
f 4870 5192 4872
f 5191 5192 4870
f 4872 5193 4874
f 5192 5193 4872
f 5195 5194 4876
f 4874 5195 4876
f 5193 5195 4874
f 4878 4877 5194
f 5195 4878 5194
f 5196 4878 5195
f 4864 4878 5186
f 5186 4878 5196
f 5194 4879 4876
f 4879 5194 4877
f 5198 5197 4882
f 4882 5197 4881
f 5199 4882 4883
f 5199 5198 4882
f 5200 4883 4885
f 5200 5199 4883
f 5201 4885 4886
f 5201 5200 4885
f 5202 4886 4888
f 5202 5201 4886
f 4888 4890 5202
f 5202 4890 5203
f 5205 5204 4893
f 4893 5204 4892
f 4893 4881 5197
f 4893 5197 5205
f 5206 5203 4890
f 5206 4890 4894
f 5207 4894 4895
f 5207 5206 4894
f 5208 4895 4896
f 5208 5207 4895
f 4896 4897 5208
f 5208 4897 5209
f 5211 5210 4900
f 4900 5210 4899
f 5212 4900 4901
f 5212 5211 4900
f 5213 4901 4902
f 5213 5212 4901
f 5214 4902 4903
f 5214 5213 4902
f 5216 5214 5215
f 5214 4904 5215
f 5214 4903 4904
f 4905 5215 4904
f 5218 5217 4907
f 4907 5217 4906
f 4907 4892 5204
f 4907 5204 5218
f 5220 5219 4909
f 5220 4909 4910
f 4909 5221 4912
f 5219 5221 4909
f 4912 5222 4914
f 5221 5222 4912
f 4915 4914 5222
f 4915 5222 5223
f 5224 5209 4897
f 5224 4897 4916
f 5225 4916 4917
f 5225 5224 4916
f 4917 4899 5210
f 4917 5210 5225
f 5226 5216 5215
f 5226 5215 4905
f 4918 5226 4905
f 5227 5226 4918
f 5229 5227 5228
f 5227 4919 5228
f 5227 4918 4919
f 4920 5228 4919
f 5231 5230 4922
f 4922 5230 4921
f 4922 4906 5217
f 4922 5217 5231
f 4925 5232 4924
f 5232 5233 4924
f 5233 4910 4924
f 5233 5220 4910
f 5223 5234 4915
f 4915 5234 4927
f 4927 5235 4929
f 5234 5235 4927
f 4930 4929 5235
f 4930 5235 5236
f 5238 5237 4932
f 5238 4932 4933
f 4932 5239 4934
f 5237 5239 4932
f 5239 5241 5240
f 4935 5239 5240
f 4934 5239 4935
f 5240 4936 4935
f 5242 5229 5228
f 5242 5228 4920
f 4937 5242 4920
f 5243 5242 4937
f 4937 4938 5243
f 5243 4938 5244
f 5230 4940 4921
f 5245 4940 5230
f 5248 5247 5246
f 5247 5249 5232
f 4942 5247 5232
f 4925 4942 5232
f 5246 5247 4942
f 5232 5249 5233
f 5236 5250 4930
f 4930 5250 4943
f 4943 5251 4944
f 5250 5251 4943
f 5251 5253 5252
f 4945 5251 5252
f 4944 5251 4945
f 4945 5252 5254
f 5255 4945 5254
f 4946 4945 5255
f 5255 5257 5256
f 4947 5255 5256
f 4946 5255 4947
f 4947 5256 5258
f 5259 4947 5258
f 4948 4947 5259
f 4933 4948 5238
f 5238 4948 5259
f 5241 5260 5240
f 5260 5262 5261
f 5260 5261 4949
f 5240 5260 4949
f 4936 5240 4949
f 5261 4950 4949
f 4938 4951 5263
f 5264 4938 5263
f 5244 4938 5264
f 4952 5265 4951
f 4951 5265 5263
f 4954 5265 4952
f 5268 5267 5266
f 5245 5268 5266
f 4955 5245 5266
f 4940 5245 4955
f 5248 5246 5269
f 5248 5269 5270
f 4956 5269 4942
f 4942 5269 5246
f 5253 5271 5252
f 5252 5271 5254
f 5257 5272 5256
f 5256 5272 5258
f 5262 5273 5261
f 5261 5273 4950
f 5273 4957 4950
f 5273 5274 4957
f 4959 4957 5274
f 4959 5274 5275
f 5276 5264 5263
f 5276 5263 5265
f 5276 5265 5277
f 5265 4954 5277
f 4954 5278 5277
f 4954 4960 5278
f 5280 5279 5267
f 5279 4962 5267
f 4963 5266 5267
f 4963 5267 4962
f 4963 4955 5266
f 5279 5280 5281
f 5270 5269 4964
f 4965 5270 4964
f 5282 5270 4965
f 4964 5269 4956
f 5275 5283 4959
f 4959 5283 4966
f 4968 4966 5283
f 4968 5283 5284
f 4960 4969 5285
f 5286 4960 5285
f 5278 4960 5286
f 4970 5285 4969
f 5288 5287 5279
f 5287 4962 5279
f 5287 4971 4962
f 5288 5279 5281
f 4972 5282 4965
f 4972 5289 5282
f 4973 4968 5290
f 4968 5291 5290
f 4968 5284 5291
f 5290 4974 4973
f 5292 5286 5285
f 5292 5285 4970
f 4975 5292 4970
f 5293 5292 4975
f 5295 5293 5294
f 5293 4976 5294
f 5293 4975 4976
f 4978 5294 4976
f 5287 4979 4971
f 5296 4979 5287
f 4981 5289 4972
f 4981 5297 5289
f 5290 5291 5298
f 5298 5291 5299
f 5298 4983 4974
f 5298 4974 5290
f 5302 5301 5300
f 5300 5301 5295
f 5294 5300 5295
f 5303 5300 5294
f 4984 5304 4978
f 5304 5294 4978
f 5304 5303 5294
f 4986 5304 4984
f 5306 5305 4989
f 4989 5305 4988
f 4989 4979 5296
f 4989 5296 5306
f 5308 5307 4990
f 5308 4990 4991
f 4981 4990 5297
f 5297 4990 5307
f 5299 5309 5298
f 5309 5311 5310
f 5309 5310 4992
f 5298 5309 4992
f 4983 5298 4992
f 5310 4993 4992
f 5312 5302 5300
f 5314 5313 5312
f 5300 5314 5312
f 5303 5314 5300
f 5304 5316 5315
f 5314 5304 5315
f 5303 5304 5314
f 5318 5316 5317
f 5317 5316 4994
f 5316 5304 4994
f 5304 4986 4994
f 4995 5317 4994
f 5305 4997 4988
f 5319 4997 5305
f 5322 5321 5320
f 5321 5308 5320
f 5308 4998 5320
f 5308 4991 4998
f 5310 5311 5323
f 5323 5311 5324
f 5323 5000 4993
f 5323 4993 5310
f 5325 5313 5314
f 5325 5314 5315
f 5326 5318 5317
f 5317 4995 5326
f 4995 5327 5326
f 4995 5001 5327
f 5319 5003 4997
f 5328 5003 5319
f 5322 5320 5329
f 5322 5329 5330
f 5004 5329 4998
f 4998 5329 5320
f 5324 5331 5323
f 5331 5333 5332
f 5331 5332 5005
f 5323 5331 5005
f 5000 5323 5005
f 5332 5006 5005
f 5336 5335 5334
f 5337 5334 5335
f 5007 5339 5338
f 5327 5007 5338
f 5001 5007 5327
f 5339 5340 5338
f 5328 5008 5003
f 5341 5008 5328
f 5330 5329 5342
f 5330 5342 5343
f 5009 5342 5004
f 5004 5342 5329
f 5333 5344 5332
f 5006 5332 5344
f 5345 5006 5344
f 5011 5006 5345
f 5336 5334 5346
f 5336 5346 5347
f 5334 5337 5348
f 5334 5348 5346
f 5013 5349 5339
f 5013 5339 5007
f 5340 5339 5350
f 5350 5339 5349
f 5341 5014 5008
f 5351 5014 5341
f 5343 5342 5352
f 5343 5352 5353
f 5015 5352 5009
f 5009 5352 5342
f 5016 5011 5354
f 5011 5355 5354
f 5011 5345 5355
f 5354 5017 5016
f 5356 5347 5346
f 5356 5346 5348
f 5018 5349 5013
f 5018 5019 5349
f 5019 5350 5349
f 5019 5357 5350
f 5351 5020 5014
f 5358 5020 5351
f 5361 5360 5359
f 5359 5360 5353
f 5359 5353 5352
f 5023 5359 5352
f 5022 5023 5352
f 5022 5352 5015
f 5354 5355 5362
f 5362 5355 5363
f 5362 5024 5017
f 5362 5017 5354
f 5366 5365 5364
f 5367 5364 5365
f 5368 5357 5019
f 5368 5019 5025
f 5025 5027 5368
f 5368 5027 5369
f 5358 5028 5020
f 5370 5028 5358
f 5361 5359 5371
f 5361 5371 5372
f 5030 5371 5023
f 5023 5371 5359
f 5363 5373 5362
f 5024 5362 5373
f 5374 5024 5373
f 5032 5024 5374
f 5366 5364 5375
f 5366 5375 5376
f 5364 5367 5377
f 5364 5377 5375
f 5034 5379 5378
f 5369 5034 5378
f 5027 5034 5369
f 5379 5380 5378
f 5370 5035 5028
f 5381 5035 5370
f 5382 5372 5371
f 5371 5030 5382
f 5030 5383 5382
f 5030 5037 5383
f 5038 5032 5384
f 5032 5385 5384
f 5032 5374 5385
f 5384 5039 5038
f 5376 5375 5386
f 5376 5386 5387
f 5375 5377 5388
f 5389 5375 5388
f 5386 5375 5389
f 5390 5389 5388
f 5040 5379 5034
f 5040 5042 5379
f 5042 5380 5379
f 5042 5391 5380
f 5381 5044 5035
f 5392 5044 5381
f 5045 5383 5037
f 5045 5393 5383
f 5384 5385 5394
f 5394 5385 5395
f 5394 5047 5039
f 5394 5039 5384
f 5396 5387 5386
f 5396 5386 5389
f 5396 5389 5397
f 5397 5389 5390
f 5049 5391 5042
f 5049 5398 5391
f 5392 5051 5044
f 5399 5051 5392
f 5052 5393 5045
f 5052 5400 5393
f 5394 5395 5401
f 5401 5395 5402
f 5401 5054 5047
f 5401 5047 5394
f 5405 5404 5403
f 5404 5398 5403
f 5398 5055 5403
f 5398 5049 5055
f 5399 5056 5051
f 5406 5056 5399
f 5057 5400 5052
f 5057 5407 5400
f 5401 5402 5408
f 5408 5402 5409
f 5408 5059 5054
f 5408 5054 5401
f 5412 5411 5410
f 5413 5410 5411
f 5405 5403 5060
f 5061 5405 5060
f 5414 5405 5061
f 5060 5403 5055
f 5406 5062 5056
f 5415 5062 5406
f 5063 5407 5057
f 5063 5416 5407
f 5408 5409 5417
f 5417 5409 5418
f 5417 5065 5059
f 5417 5059 5408
f 5419 5412 5410
f 5419 5410 5413
f 5066 5414 5061
f 5066 5420 5414
f 5415 5067 5062
f 5421 5067 5415
f 5068 5423 5422
f 5416 5068 5422
f 5063 5068 5416
f 5423 5424 5422
f 5417 5418 5425
f 5425 5418 5426
f 5425 5070 5065
f 5425 5065 5417
f 5428 5427 5072
f 5428 5072 5073
f 5066 5072 5420
f 5420 5072 5427
f 5421 5074 5067
f 5429 5074 5421
f 5075 5423 5068
f 5075 5076 5423
f 5076 5424 5423
f 5076 5430 5424
f 5425 5426 5431
f 5431 5426 5432
f 5431 5077 5070
f 5431 5070 5425
f 5078 5428 5073
f 5078 5433 5428
f 5429 5434 5074
f 5074 5434 5079
f 5080 5079 5434
f 5080 5434 5435
f 5082 5430 5076
f 5082 5436 5430
f 5432 5437 5431
f 5077 5431 5437
f 5438 5077 5437
f 5083 5077 5438
f 5084 5433 5078
f 5084 5439 5433
f 5435 5085 5080
f 5440 5085 5435
f 5441 5436 5082
f 5441 5082 5086
f 5443 5441 5442
f 5441 5087 5442
f 5441 5086 5087
f 5088 5442 5087
f 5438 5089 5083
f 5444 5089 5438
f 5090 5439 5084
f 5090 5445 5439
f 5440 5446 5085
f 5085 5446 5091
f 5092 5091 5446
f 5092 5446 5447
f 5448 5443 5442
f 5442 5088 5448
f 5088 5449 5448
f 5088 5093 5449
f 5452 5451 5450
f 5444 5452 5450
f 5094 5444 5450
f 5089 5444 5094
f 5455 5454 5453
f 5454 5445 5453
f 5445 5095 5453
f 5445 5090 5095
f 5447 5097 5092
f 5456 5097 5447
f 5457 5449 5093
f 5457 5093 5098
f 5098 5099 5457
f 5457 5099 5458
f 5450 5451 5102
f 5451 5101 5102
f 5451 5459 5101
f 5450 5102 5094
f 5455 5453 5105
f 5106 5455 5105
f 5460 5455 5106
f 5105 5453 5095
f 5456 5461 5097
f 5097 5461 5107
f 5107 5462 5108
f 5461 5462 5107
f 5109 5108 5462
f 5109 5462 5463
f 5464 5458 5099
f 5464 5099 5110
f 5110 5112 5464
f 5464 5112 5465
f 5113 5101 5466
f 5101 5467 5466
f 5101 5459 5467
f 5466 5114 5113
f 5115 5460 5106
f 5115 5468 5460
f 5463 5469 5109
f 5109 5469 5116
f 5471 5470 5117
f 5116 5471 5117
f 5469 5471 5116
f 5472 5470 5471
f 5473 5465 5112
f 5473 5112 5118
f 5474 5118 5119
f 5474 5473 5118
f 5119 5120 5474
f 5474 5120 5475
f 5466 5467 5123
f 5467 5122 5123
f 5467 5476 5122
f 5466 5123 5114
f 5124 5468 5115
f 5124 5477 5468
f 5470 5125 5117
f 5126 5125 5470
f 5472 5126 5470
f 5478 5126 5472
f 5479 5475 5120
f 5479 5120 5127
f 5480 5127 5128
f 5480 5479 5127
f 5482 5481 5130
f 5481 5128 5130
f 5481 5480 5128
f 5482 5483 5481
f 5486 5485 5484
f 5131 5132 5484
f 5132 5486 5484
f 5132 5487 5486
f 5132 5122 5476
f 5132 5476 5487
f 5489 5488 5134
f 5489 5134 5135
f 5124 5134 5477
f 5477 5134 5488
f 5478 5490 5126
f 5126 5490 5136
f 5137 5136 5490
f 5137 5490 5491
f 5138 5482 5130
f 5493 5492 5139
f 5139 5492 5138
f 5492 5483 5138
f 5483 5482 5138
f 5495 5494 5493
f 5493 5494 5492
f 5495 5496 5494
f 5499 5498 5497
f 5499 5497 5485
f 5485 5497 5484
f 5497 5140 5484
f 5140 5141 5484
f 5484 5141 5131
f 5501 5500 5143
f 5501 5143 5144
f 5135 5143 5489
f 5489 5143 5500
f 5491 5502 5137
f 5137 5502 5145
f 5145 5503 5147
f 5502 5503 5145
f 5148 5147 5503
f 5148 5503 5504
f 5149 5493 5139
f 5493 5149 5150
f 5493 5150 5495
f 5505 5496 5495
f 5150 5505 5495
f 5151 5505 5150
f 5151 5153 5505
f 5505 5153 5506
f 5508 5507 5156
f 5156 5507 5155
f 5157 5497 5498
f 5508 5157 5498
f 5156 5157 5508
f 5497 5157 5140
f 5510 5509 5159
f 5510 5159 5160
f 5144 5159 5501
f 5501 5159 5509
f 5504 5511 5148
f 5148 5511 5161
f 5513 5512 5162
f 5161 5513 5162
f 5511 5513 5161
f 5514 5512 5513
f 5515 5506 5153
f 5515 5153 5163
f 5517 5516 5164
f 5516 5163 5164
f 5516 5515 5163
f 5519 5518 5517
f 5517 5518 5516
f 5521 5520 5519
f 5519 5520 5518
f 5523 5522 5521
f 5521 5522 5520
f 5525 5524 5523
f 5523 5524 5522
f 5527 5526 5525
f 5525 5526 5524
f 5166 5167 5527
f 5167 5526 5527
f 5167 5528 5526
f 5167 5155 5507
f 5167 5507 5528
f 5531 5530 5529
f 5533 5532 5529
f 5533 5529 5530
f 5533 5510 5532
f 5510 5168 5532
f 5510 5160 5168
f 5512 5169 5162
f 5514 5534 5512
f 5534 5169 5512
f 5534 5170 5169
f 5171 5170 5534
f 5171 5534 5535
f 5172 5517 5164
f 5517 5172 5173
f 5517 5173 5519
f 5519 5173 5174
f 5519 5174 5521
f 5521 5174 5175
f 5521 5175 5523
f 5523 5175 5176
f 5523 5176 5525
f 5525 5176 5177
f 5525 5177 5527
f 5527 5177 5166
f 5538 5537 5536
f 5540 5539 5536
f 5540 5536 5537
f 5539 5540 5531
f 5539 5531 5529
f 5179 5539 5529
f 5178 5179 5529
f 5178 5529 5180
f 5180 5529 5532
f 5180 5532 5168
f 5535 5541 5171
f 5171 5541 5181
f 5181 5542 5182
f 5541 5542 5181
f 5182 5543 5183
f 5542 5543 5182
f 5545 5544 5184
f 5183 5545 5184
f 5543 5545 5183
f 5546 5544 5545
f 5548 5547 5185
f 5548 5185 5186
f 5185 5549 5187
f 5547 5549 5185
f 5536 5188 5538
f 5188 5549 5538
f 5188 5187 5549
f 5188 5536 5189
f 5189 5536 5539
f 5189 5539 5179
f 5544 5190 5184
f 5546 5550 5544
f 5550 5190 5544
f 5550 5191 5190
f 5191 5551 5192
f 5550 5551 5191
f 5192 5552 5193
f 5551 5552 5192
f 5193 5553 5195
f 5552 5553 5193
f 5195 5554 5196
f 5553 5554 5195
f 5186 5196 5548
f 5548 5196 5554
f 5555 5197 5198
f 5555 5198 5556
f 5198 5557 5556
f 5198 5199 5557
f 5558 5199 5200
f 5558 5557 5199
f 5559 5200 5201
f 5559 5558 5200
f 5561 5559 5560
f 5559 5202 5560
f 5559 5201 5202
f 5203 5560 5202
f 5562 5204 5205
f 5563 5562 5205
f 5563 5205 5197
f 5564 5563 5197
f 5555 5564 5197
f 5564 5555 5556
f 5565 5561 5560
f 5565 5560 5203
f 5206 5565 5203
f 5566 5565 5206
f 5567 5206 5207
f 5567 5566 5206
f 5568 5207 5208
f 5568 5567 5207
f 5208 5209 5568
f 5568 5209 5569
f 5570 5210 5211
f 5570 5211 5571
f 5211 5572 5571
f 5211 5212 5572
f 5573 5212 5213
f 5573 5572 5212
f 5574 5213 5214
f 5574 5573 5213
f 5214 5216 5574
f 5574 5216 5575
f 5577 5576 5218
f 5218 5576 5217
f 5218 5204 5562
f 5578 5218 5562
f 5577 5218 5578
f 5578 5562 5563
f 5220 5579 5219
f 5580 5221 5219
f 5580 5219 5579
f 5581 5222 5221
f 5581 5221 5580
f 5581 5223 5222
f 5582 5569 5209
f 5582 5209 5224
f 5583 5224 5225
f 5583 5582 5224
f 5225 5210 5570
f 5584 5225 5570
f 5583 5225 5584
f 5584 5570 5571
f 5585 5575 5216
f 5585 5216 5226
f 5586 5226 5227
f 5586 5585 5226
f 5227 5229 5586
f 5586 5229 5587
f 5589 5588 5231
f 5231 5588 5230
f 5231 5217 5576
f 5231 5576 5589
f 5591 5590 5579
f 5220 5591 5579
f 5233 5591 5220
f 5593 5592 5590
f 5592 5579 5590
f 5592 5580 5579
f 5595 5581 5594
f 5581 5592 5594
f 5581 5580 5592
f 5581 5595 5223
f 5595 5234 5223
f 5595 5596 5234
f 5234 5597 5235
f 5596 5597 5234
f 5236 5235 5597
f 5236 5597 5598
f 5238 5599 5237
f 5600 5239 5237
f 5600 5237 5599
f 5600 5241 5239
f 5601 5587 5229
f 5601 5229 5242
f 5603 5601 5602
f 5601 5243 5602
f 5601 5242 5243
f 5244 5602 5243
f 5588 5245 5230
f 5604 5245 5588
f 5248 5605 5247
f 5606 5249 5247
f 5606 5247 5605
f 5591 5233 5607
f 5233 5606 5607
f 5606 5608 5607
f 5233 5249 5606
f 5607 5608 5593
f 5608 5592 5593
f 5608 5609 5592
f 5594 5592 5610
f 5592 5611 5610
f 5592 5609 5611
f 5611 5612 5610
f 5598 5613 5236
f 5236 5613 5250
f 5250 5614 5251
f 5613 5614 5250
f 5616 5615 5253
f 5251 5616 5253
f 5614 5616 5251
f 5255 5254 5615
f 5616 5255 5615
f 5617 5255 5616
f 5619 5618 5257
f 5255 5619 5257
f 5617 5619 5255
f 5619 5258 5618
f 5619 5259 5258
f 5619 5621 5620
f 5259 5619 5620
f 5620 5622 5259
f 5259 5622 5238
f 5622 5623 5238
f 5623 5599 5238
f 5625 5624 5623
f 5624 5599 5623
f 5624 5600 5599
f 5626 5260 5241
f 5600 5626 5241
f 5624 5626 5600
f 5626 5262 5260
f 5627 5603 5602
f 5602 5244 5627
f 5244 5628 5627
f 5244 5264 5628
f 5630 5629 5268
f 5268 5629 5267
f 5268 5245 5604
f 5268 5604 5630
f 5632 5631 5605
f 5248 5632 5605
f 5270 5632 5248
f 5605 5631 5606
f 5606 5631 5633
f 5635 5634 5633
f 5634 5606 5633
f 5634 5608 5606
f 5608 5636 5609
f 5608 5634 5636
f 5609 5637 5611
f 5609 5636 5637
f 5612 5611 5638
f 5611 5639 5638
f 5611 5637 5639
f 5639 5640 5638
f 5615 5271 5253
f 5271 5615 5254
f 5618 5272 5257
f 5621 5641 5620
f 5272 5618 5258
f 5620 5641 5622
f 5625 5642 5624
f 5624 5642 5626
f 5626 5642 5643
f 5626 5643 5262
f 5643 5273 5262
f 5643 5644 5273
f 5644 5646 5645
f 5274 5644 5645
f 5273 5644 5274
f 5645 5275 5274
f 5647 5628 5264
f 5647 5264 5276
f 5649 5647 5648
f 5647 5277 5648
f 5647 5276 5277
f 5278 5648 5277
f 5280 5267 5650
f 5267 5651 5650
f 5267 5629 5651
f 5650 5281 5280
f 5282 5653 5652
f 5632 5282 5652
f 5270 5282 5632
f 5653 5654 5652
f 5635 5655 5634
f 5657 5656 5655
f 5656 5634 5655
f 5656 5636 5634
f 5636 5658 5637
f 5636 5656 5658
f 5637 5659 5639
f 5637 5658 5659
f 5640 5639 5660
f 5639 5661 5660
f 5639 5659 5661
f 5661 5662 5660
f 5646 5663 5645
f 5663 5665 5664
f 5663 5664 5283
f 5645 5663 5283
f 5275 5645 5283
f 5664 5284 5283
f 5666 5649 5648
f 5648 5278 5666
f 5278 5667 5666
f 5278 5286 5667
f 5650 5651 5288
f 5651 5287 5288
f 5651 5668 5287
f 5650 5288 5281
f 5670 5669 5653
f 5282 5670 5653
f 5289 5670 5282
f 5653 5669 5654
f 5656 5657 5671
f 5671 5657 5672
f 5656 5673 5658
f 5656 5671 5673
f 5658 5674 5659
f 5658 5673 5674
f 5676 5661 5675
f 5661 5674 5675
f 5661 5659 5674
f 5661 5676 5662
f 5664 5665 5677
f 5677 5665 5678
f 5677 5291 5284
f 5677 5284 5664
f 5286 5292 5679
f 5680 5286 5679
f 5667 5286 5680
f 5293 5681 5292
f 5292 5681 5679
f 5295 5681 5293
f 5668 5296 5287
f 5682 5296 5668
f 5685 5684 5683
f 5684 5670 5683
f 5670 5297 5683
f 5670 5289 5297
f 5671 5672 5686
f 5686 5672 5687
f 5671 5688 5673
f 5671 5686 5688
f 5690 5674 5689
f 5674 5688 5689
f 5674 5673 5688
f 5674 5690 5675
f 5678 5691 5677
f 5291 5677 5691
f 5692 5291 5691
f 5299 5291 5692
f 5693 5680 5679
f 5302 5694 5301
f 5694 5679 5301
f 5679 5681 5301
f 5694 5693 5679
f 5301 5681 5295
f 5696 5695 5306
f 5306 5695 5305
f 5306 5296 5682
f 5306 5682 5696
f 5699 5698 5697
f 5697 5698 5685
f 5697 5685 5683
f 5308 5697 5683
f 5307 5308 5683
f 5307 5683 5297
f 5686 5687 5700
f 5700 5687 5701
f 5686 5702 5688
f 5686 5700 5702
f 5689 5688 5703
f 5703 5688 5702
f 5309 5299 5704
f 5299 5705 5704
f 5299 5692 5705
f 5704 5311 5309
f 5706 5694 5302
f 5706 5302 5312
f 5312 5313 5706
f 5706 5313 5707
f 5708 5315 5316
f 5318 5708 5316
f 5695 5319 5305
f 5709 5319 5695
f 5699 5697 5321
f 5322 5699 5321
f 5710 5699 5322
f 5321 5697 5308
f 5701 5711 5700
f 5700 5711 5702
f 5702 5711 5712
f 5702 5712 5703
f 5705 5713 5704
f 5311 5704 5713
f 5714 5311 5713
f 5324 5311 5714
f 5715 5707 5313
f 5715 5313 5325
f 5715 5325 5315
f 5716 5715 5315
f 5708 5716 5315
f 5715 5716 5717
f 5326 5718 5318
f 5718 5708 5318
f 5718 5716 5708
f 5327 5718 5326
f 5709 5328 5319
f 5719 5328 5709
f 5330 5710 5322
f 5330 5720 5710
f 5331 5324 5721
f 5324 5722 5721
f 5324 5714 5722
f 5721 5333 5331
f 5725 5724 5723
f 5335 5336 5726
f 5728 5723 5727
f 5716 5727 5723
f 5724 5716 5723
f 5716 5724 5717
f 5337 5335 5726
f 5729 5727 5718
f 5716 5718 5727
f 5731 5729 5730
f 5730 5729 5338
f 5729 5718 5338
f 5718 5327 5338
f 5340 5730 5338
f 5719 5341 5328
f 5732 5341 5719
f 5343 5720 5330
f 5343 5733 5720
f 5722 5734 5721
f 5734 5736 5735
f 5734 5735 5344
f 5721 5734 5344
f 5333 5721 5344
f 5735 5345 5344
f 5725 5723 5737
f 5725 5737 5738
f 5347 5726 5336
f 5726 5347 5739
f 5737 5739 5347
f 5739 5737 5728
f 5723 5728 5737
f 5337 5726 5739
f 5740 5337 5739
f 5348 5337 5740
f 5741 5731 5730
f 5730 5340 5741
f 5340 5742 5741
f 5340 5350 5742
f 5732 5351 5341
f 5743 5351 5732
f 5353 5733 5343
f 5353 5744 5733
f 5735 5736 5745
f 5745 5736 5746
f 5745 5355 5345
f 5745 5345 5735
f 5747 5738 5737
f 5749 5747 5748
f 5748 5747 5356
f 5747 5737 5356
f 5737 5347 5356
f 5750 5748 5356
f 5348 5750 5356
f 5740 5750 5348
f 5357 5742 5350
f 5357 5751 5742
f 5743 5358 5351
f 5752 5358 5743
f 5361 5753 5360
f 5753 5754 5360
f 5754 5353 5360
f 5754 5744 5353
f 5746 5755 5745
f 5355 5745 5755
f 5756 5355 5755
f 5363 5355 5756
f 5749 5748 5757
f 5749 5757 5758
f 5365 5366 5759
f 5750 5760 5748
f 5757 5748 5760
f 5759 5367 5365
f 5761 5751 5357
f 5761 5357 5368
f 5368 5369 5761
f 5761 5369 5762
f 5752 5370 5358
f 5763 5370 5752
f 5372 5764 5753
f 5372 5753 5361
f 5754 5753 5765
f 5765 5753 5764
f 5373 5363 5766
f 5363 5767 5766
f 5363 5756 5767
f 5766 5374 5373
f 5758 5757 5768
f 5758 5768 5769
f 5376 5759 5366
f 5759 5376 5770
f 5768 5770 5376
f 5770 5768 5760
f 5757 5760 5768
f 5367 5759 5770
f 5771 5367 5770
f 5377 5367 5771
f 5772 5762 5369
f 5772 5369 5378
f 5378 5380 5772
f 5772 5380 5773
f 5763 5381 5370
f 5774 5381 5763
f 5382 5764 5372
f 5382 5383 5764
f 5383 5765 5764
f 5383 5775 5765
f 5766 5767 5776
f 5776 5767 5777
f 5776 5385 5374
f 5776 5374 5766
f 5778 5769 5768
f 5768 5376 5778
f 5376 5779 5778
f 5376 5387 5779
f 5388 5377 5780
f 5377 5781 5780
f 5377 5771 5781
f 5780 5390 5388
f 5391 5773 5380
f 5391 5782 5773
f 5774 5392 5381
f 5783 5392 5774
f 5393 5775 5383
f 5393 5784 5775
f 5776 5777 5785
f 5785 5777 5786
f 5785 5395 5385
f 5785 5385 5776
f 5387 5396 5787
f 5788 5387 5787
f 5779 5387 5788
f 5781 5789 5780
f 5789 5396 5780
f 5396 5397 5780
f 5396 5789 5787
f 5390 5780 5397
f 5792 5791 5790
f 5794 5793 5791
f 5794 5791 5792
f 5794 5782 5793
f 5782 5398 5793
f 5782 5391 5398
f 5783 5399 5392
f 5795 5399 5783
f 5400 5784 5393
f 5400 5796 5784
f 5785 5786 5797
f 5797 5786 5798
f 5797 5402 5395
f 5797 5395 5785
f 5799 5788 5787
f 5802 5801 5800
f 5789 5799 5787
f 5801 5802 5790
f 5791 5801 5790
f 5803 5801 5791
f 5405 5803 5404
f 5803 5793 5404
f 5803 5791 5793
f 5404 5793 5398
f 5795 5406 5399
f 5804 5406 5795
f 5407 5796 5400
f 5407 5805 5796
f 5797 5798 5806
f 5806 5798 5807
f 5806 5409 5402
f 5806 5402 5797
f 5800 5801 5411
f 5412 5800 5411
f 5808 5800 5412
f 5411 5801 5413
f 5801 5809 5413
f 5801 5803 5809
f 5414 5809 5405
f 5405 5809 5803
f 5811 5415 5810
f 5415 5804 5810
f 5415 5406 5804
f 5812 5811 5810
f 5416 5805 5407
f 5416 5813 5805
f 5806 5807 5814
f 5814 5807 5815
f 5814 5418 5409
f 5814 5409 5806
f 5412 5419 5816
f 5817 5412 5816
f 5808 5412 5817
f 5413 5809 5419
f 5809 5816 5419
f 5809 5818 5816
f 5420 5818 5414
f 5414 5818 5809
f 5819 5421 5811
f 5811 5421 5415
f 5811 5812 5820
f 5811 5820 5819
f 5821 5813 5416
f 5821 5416 5422
f 5422 5424 5821
f 5821 5424 5822
f 5815 5823 5814
f 5418 5814 5823
f 5824 5418 5823
f 5426 5418 5824
f 5817 5816 5825
f 5817 5825 5826
f 5428 5825 5427
f 5825 5818 5427
f 5825 5816 5818
f 5427 5818 5420
f 5827 5429 5819
f 5819 5429 5421
f 5819 5820 5828
f 5819 5828 5827
f 5430 5822 5424
f 5430 5829 5822
f 5824 5432 5426
f 5830 5432 5824
f 5826 5825 5831
f 5826 5831 5832
f 5433 5831 5428
f 5428 5831 5825
f 5827 5434 5429
f 5435 5434 5827
f 5828 5435 5827
f 5833 5435 5828
f 5436 5829 5430
f 5436 5834 5829
f 5437 5432 5835
f 5432 5836 5835
f 5432 5830 5836
f 5835 5438 5437
f 5832 5831 5837
f 5832 5837 5838
f 5439 5837 5433
f 5433 5837 5831
f 5833 5440 5435
f 5839 5440 5833
f 5840 5834 5436
f 5840 5436 5441
f 5441 5443 5840
f 5840 5443 5841
f 5835 5836 5842
f 5842 5836 5843
f 5842 5444 5438
f 5842 5438 5835
f 5838 5837 5844
f 5838 5844 5845
f 5445 5844 5439
f 5439 5844 5837
f 5839 5846 5440
f 5440 5846 5446
f 5447 5446 5846
f 5447 5846 5847
f 5848 5841 5443
f 5848 5443 5448
f 5448 5449 5848
f 5848 5449 5849
f 5842 5843 5452
f 5843 5451 5452
f 5843 5850 5451
f 5842 5452 5444
f 5845 5844 5454
f 5455 5845 5454
f 5851 5845 5455
f 5454 5844 5445
f 5853 5456 5852
f 5456 5847 5852
f 5456 5447 5847
f 5854 5853 5852
f 5855 5849 5449
f 5855 5449 5457
f 5457 5458 5855
f 5855 5458 5856
f 5859 5858 5857
f 5850 5859 5857
f 5459 5850 5857
f 5451 5850 5459
f 5460 5851 5455
f 5460 5860 5851
f 5853 5461 5456
f 5854 5861 5853
f 5861 5461 5853
f 5861 5462 5461
f 5463 5462 5861
f 5463 5861 5862
f 5863 5856 5458
f 5863 5458 5464
f 5464 5465 5863
f 5863 5465 5864
f 5867 5866 5865
f 5867 5865 5858
f 5865 5857 5858
f 5865 5868 5857
f 5868 5467 5459
f 5868 5459 5857
f 5468 5860 5460
f 5468 5869 5860
f 5862 5870 5463
f 5463 5870 5469
f 5870 5872 5871
f 5471 5870 5871
f 5469 5870 5471
f 5871 5472 5471
f 5873 5864 5465
f 5873 5465 5473
f 5874 5473 5474
f 5874 5873 5473
f 5474 5475 5874
f 5874 5475 5875
f 5865 5866 5876
f 5876 5866 5877
f 5865 5878 5868
f 5865 5876 5878
f 5878 5476 5467
f 5878 5467 5868
f 5881 5880 5879
f 5880 5869 5879
f 5869 5477 5879
f 5869 5468 5477
f 5872 5882 5871
f 5478 5472 5871
f 5883 5478 5871
f 5882 5883 5871
f 5478 5883 5884
f 5885 5884 5883
f 5886 5875 5475
f 5886 5475 5479
f 5887 5479 5480
f 5887 5886 5479
f 5888 5480 5481
f 5888 5887 5480
f 5890 5889 5483
f 5889 5481 5483
f 5889 5888 5481
f 5890 5891 5889
f 5894 5893 5892
f 5894 5892 5877
f 5877 5892 5876
f 5892 5485 5876
f 5485 5486 5876
f 5876 5486 5487
f 5876 5487 5878
f 5878 5487 5476
f 5897 5896 5895
f 5895 5896 5881
f 5895 5881 5879
f 5489 5895 5879
f 5488 5489 5879
f 5488 5879 5477
f 5884 5490 5478
f 5899 5898 5491
f 5899 5491 5490
f 5885 5899 5490
f 5884 5885 5490
f 5900 5898 5899
f 5492 5890 5483
f 5901 5891 5890
f 5492 5901 5890
f 5494 5901 5492
f 5903 5902 5496
f 5902 5494 5496
f 5902 5901 5494
f 5905 5904 5903
f 5903 5904 5902
f 5905 5906 5904
f 5892 5893 5499
f 5893 5498 5499
f 5893 5907 5498
f 5892 5499 5485
f 5910 5909 5908
f 5908 5909 5897
f 5908 5897 5895
f 5501 5908 5895
f 5500 5501 5895
f 5500 5895 5489
f 5898 5502 5491
f 5900 5911 5898
f 5911 5502 5898
f 5911 5503 5502
f 5913 5912 5504
f 5503 5913 5504
f 5911 5913 5503
f 5914 5912 5913
f 5505 5903 5496
f 5903 5505 5506
f 5915 5903 5506
f 5905 5903 5915
f 5906 5905 5916
f 5905 5917 5916
f 5905 5915 5917
f 5919 5918 5917
f 5917 5918 5916
f 5919 5920 5918
f 5923 5922 5921
f 5507 5508 5921
f 5508 5923 5921
f 5508 5924 5923
f 5508 5498 5907
f 5508 5907 5924
f 5927 5926 5925
f 5925 5926 5910
f 5925 5910 5908
f 5510 5925 5908
f 5509 5510 5908
f 5509 5908 5501
f 5912 5511 5504
f 5914 5928 5912
f 5928 5511 5912
f 5928 5513 5511
f 5514 5513 5928
f 5514 5928 5929
f 5515 5915 5506
f 5915 5515 5516
f 5915 5516 5917
f 5917 5516 5518
f 5917 5518 5919
f 5930 5920 5919
f 5518 5930 5919
f 5520 5930 5518
f 5931 5520 5522
f 5931 5930 5520
f 5932 5522 5524
f 5932 5931 5522
f 5933 5524 5526
f 5933 5932 5524
f 5528 5921 5922
f 5933 5528 5922
f 5526 5528 5933
f 5921 5528 5507
f 5935 5934 5530
f 5935 5530 5531
f 5925 5533 5927
f 5533 5934 5927
f 5533 5530 5934
f 5533 5925 5510
f 5929 5936 5514
f 5514 5936 5534
f 5535 5534 5936
f 5535 5936 5937
f 5940 5939 5938
f 5537 5538 5938
f 5939 5537 5938
f 5941 5537 5939
f 5537 5942 5540
f 5941 5942 5537
f 5531 5540 5935
f 5935 5540 5942
f 5937 5943 5535
f 5535 5943 5541
f 5541 5944 5542
f 5943 5944 5541
f 5542 5945 5543
f 5944 5945 5542
f 5543 5946 5545
f 5945 5946 5543
f 5546 5545 5946
f 5546 5946 5947
f 5548 5948 5547
f 5949 5940 5938
f 5547 5949 5938
f 5549 5547 5938
f 5949 5547 5948
f 5549 5938 5538
f 5947 5950 5546
f 5546 5950 5550
f 5550 5951 5551
f 5950 5951 5550
f 5551 5952 5552
f 5951 5952 5551
f 5552 5953 5553
f 5952 5953 5552
f 5553 5954 5554
f 5953 5954 5553
f 5548 5554 5948
f 5554 5955 5948
f 5554 5954 5955
f 5948 5955 5949
f 5956 5556 5557
f 5956 5557 5957
f 5557 5958 5957
f 5557 5558 5958
f 5959 5558 5559
f 5959 5958 5558
f 5559 5561 5959
f 5959 5561 5960
f 5962 5961 5564
f 5564 5961 5563
f 5564 5556 5956
f 5963 5564 5956
f 5962 5564 5963
f 5963 5956 5957
f 5964 5960 5561
f 5964 5561 5565
f 5965 5565 5566
f 5965 5964 5565
f 5966 5566 5567
f 5966 5965 5566
f 5968 5966 5967
f 5966 5568 5967
f 5966 5567 5568
f 5569 5967 5568
f 5969 5571 5572
f 5573 5970 5572
f 5572 5970 5969
f 5574 5971 5573
f 5573 5971 5970
f 5575 5971 5574
f 5972 5576 5577
f 5972 5577 5973
f 5577 5974 5973
f 5577 5578 5974
f 5578 5563 5961
f 5578 5961 5974
f 5975 5968 5967
f 5975 5967 5569
f 5582 5975 5569
f 5976 5975 5582
f 5977 5582 5583
f 5977 5976 5582
f 5979 5977 5978
f 5977 5584 5978
f 5977 5583 5584
f 5980 5978 5584
f 5980 5584 5571
f 5981 5980 5571
f 5969 5981 5571
f 5981 5969 5970
f 5981 5970 5982
f 5982 5970 5971
f 5982 5971 5983
f 5985 5983 5984
f 5984 5983 5585
f 5983 5971 5585
f 5971 5575 5585
f 5586 5986 5585
f 5585 5986 5984
f 5587 5986 5586
f 5987 5588 5589
f 5988 5987 5589
f 5988 5589 5576
f 5989 5988 5576
f 5972 5989 5576
f 5989 5972 5973
f 5991 5990 5590
f 5991 5590 5591
f 5593 5590 5990
f 5593 5990 5992
f 5594 5993 5595
f 5994 5596 5595
f 5994 5595 5993
f 5596 5994 5995
f 5996 5596 5995
f 5597 5596 5996
f 5998 5997 5598
f 5597 5998 5598
f 5996 5998 5597
f 5999 5997 5998
f 6000 5979 5978
f 6000 5978 5980
f 6001 5985 5984
f 6003 6002 6001
f 5984 6003 6001
f 5986 6003 5984
f 6003 5986 5587
f 6004 6003 5587
f 5601 6004 5587
f 6005 6003 6004
f 5601 5603 6004
f 6004 5603 6006
f 6008 6007 5987
f 6007 5588 5987
f 6007 5604 5588
f 6008 5987 5988
f 6009 5991 5591
f 6009 5591 5607
f 5607 5593 5992
f 5607 5992 6009
f 5610 5993 5594
f 5993 5610 5612
f 6010 5993 5612
f 5994 5993 6010
f 5995 5994 6011
f 6011 5994 6010
f 5997 5613 5598
f 5999 6012 5997
f 6012 5613 5997
f 6012 5614 5613
f 5614 6013 5616
f 6012 6013 5614
f 6013 6015 6014
f 5617 6013 6014
f 5616 6013 5617
f 5617 6014 6016
f 6017 5617 6016
f 5619 5617 6017
f 5621 5619 6017
f 5621 6017 6018
f 5622 6019 5623
f 6019 5625 5623
f 6020 6002 6003
f 6020 6003 6005
f 6021 6006 5603
f 6021 5603 5627
f 5627 5628 6021
f 6021 5628 6022
f 6023 5629 5630
f 6024 6023 5630
f 5604 6024 5630
f 6007 6024 5604
f 5632 6025 5631
f 5631 6025 6026
f 6027 5631 6026
f 5633 5631 6027
f 5635 5633 6027
f 5635 6027 6028
f 5638 6010 5612
f 6030 6029 5640
f 5640 6029 5638
f 6029 6011 5638
f 6011 6010 5638
f 6030 6031 6029
f 6015 6032 6014
f 6014 6032 6016
f 6018 6033 5621
f 5621 6033 5641
f 5641 6033 5622
f 6033 6034 5622
f 6034 6019 5622
f 6034 6033 6035
f 6036 5642 5625
f 6019 6036 5625
f 6034 6036 6019
f 6037 5643 5642
f 6037 5642 6036
f 6038 5644 5643
f 6038 5643 6037
f 6038 5646 5644
f 5628 5647 6039
f 6040 5628 6039
f 6022 5628 6040
f 5649 6039 5647
f 6042 6041 6023
f 6041 5629 6023
f 6041 5651 5629
f 6042 6023 6024
f 5652 6025 5632
f 6044 6043 5654
f 5654 6043 5652
f 6043 6026 5652
f 6026 6025 5652
f 6044 6045 5655
f 6028 6044 5655
f 5635 6028 5655
f 6044 6028 6043
f 6045 5657 5655
f 5660 6030 5640
f 5660 5662 6030
f 5662 6031 6030
f 5662 6046 6031
f 6035 6047 6034
f 6034 6047 6036
f 6036 6047 6048
f 6050 6049 6048
f 6049 6036 6048
f 6049 6037 6036
f 6037 6051 6038
f 6037 6049 6051
f 6052 5663 5646
f 6038 6052 5646
f 6051 6052 6038
f 6052 5665 5663
f 6040 6039 6053
f 6040 6053 6054
f 5666 6055 5649
f 6055 6039 5649
f 6055 6053 6039
f 5667 6055 5666
f 6041 5668 5651
f 6056 5668 6041
f 6058 6057 5669
f 6058 5669 5670
f 5669 6057 5654
f 6057 6059 5654
f 6059 6044 5654
f 6059 6057 6060
f 6044 6061 6045
f 6044 6059 6061
f 6061 5672 5657
f 6061 5657 6045
f 5675 6062 5676
f 6046 5662 6063
f 5662 6062 6063
f 6062 6064 6063
f 5662 5676 6062
f 6064 6065 6063
f 6050 6066 6049
f 6049 6066 6051
f 6051 6066 6067
f 6069 6068 6067
f 6068 6051 6067
f 6068 6052 6051
f 6068 5678 5665
f 6068 5665 6052
f 6070 6054 6053
f 6072 6071 6070
f 6053 6072 6070
f 6055 6072 6053
f 5680 6072 5667
f 5667 6072 6055
f 6056 5682 5668
f 6073 5682 6056
f 6075 6074 5684
f 6075 5684 5685
f 5670 5684 6058
f 6058 5684 6074
f 6060 6076 6059
f 6078 6077 6076
f 6077 6059 6076
f 6077 6061 6059
f 6077 5687 5672
f 6077 5672 6061
f 5689 6079 5690
f 6079 6080 5690
f 5690 6080 5675
f 6080 6081 5675
f 6081 6062 5675
f 6062 6081 6064
f 6064 6081 6082
f 6064 6082 6065
f 6068 6069 6083
f 6083 6069 6084
f 6085 5691 5678
f 6068 6085 5678
f 6083 6085 6068
f 6085 5692 5691
f 6086 6071 6072
f 6088 6086 6087
f 6087 6086 5693
f 6086 6072 5693
f 6072 5680 5693
f 5694 6087 5693
f 6090 6089 5696
f 5696 6089 5695
f 5696 5682 6073
f 5696 6073 6090
f 6092 6091 5698
f 6092 5698 5699
f 5685 5698 6075
f 6075 5698 6091
f 6078 6093 6077
f 5687 6077 6093
f 6094 5687 6093
f 5701 5687 6094
f 6096 6095 6079
f 5689 6096 6079
f 5703 6096 5689
f 6079 6095 6080
f 6084 6097 6083
f 6099 6098 6097
f 6098 6083 6097
f 6098 6085 6083
f 6098 5705 5692
f 6098 5692 6085
f 6100 6088 6087
f 6102 6100 6101
f 6101 6100 5706
f 6100 6087 5706
f 6087 5694 5706
f 5707 6101 5706
f 6089 5709 5695
f 6103 5709 6089
f 5710 6092 5699
f 5710 6104 6092
f 6094 6105 5701
f 5701 6105 5711
f 5711 6106 5712
f 6105 6106 5711
f 5703 5712 6096
f 6096 5712 6106
f 6099 6107 6098
f 6107 6109 6108
f 6107 6108 5713
f 6098 6107 5713
f 5705 6098 5713
f 6108 5714 5713
f 6110 6102 6101
f 6112 6110 6111
f 6111 6110 5715
f 6110 6101 5715
f 6101 5707 5715
f 5717 6111 5715
f 6103 5719 5709
f 6113 5719 6103
f 5720 6104 5710
f 5720 6114 6104
f 6108 6109 6115
f 6115 6109 6116
f 6115 5722 5714
f 6115 5714 6108
f 6119 6118 6117
f 6117 6118 6112
f 6117 6112 6111
f 5725 6117 6111
f 5724 5725 6111
f 5724 6111 5717
f 6120 5728 5727
f 5729 6121 5727
f 5727 6121 6120
f 5731 6121 5729
f 6113 5732 5719
f 6122 5732 6113
f 5733 6114 5720
f 5733 6123 6114
f 6116 6124 6115
f 6124 6126 6125
f 6124 6125 5734
f 6115 6124 5734
f 5722 6115 5734
f 6125 5736 5734
f 6127 6119 6117
f 6117 5725 6127
f 5725 6128 6127
f 5725 5738 6128
f 5739 5728 6120
f 6131 6130 6129
f 6130 6132 6129
f 5740 5739 6133
f 6120 6133 5739
f 6133 6120 6121
f 5741 6134 5731
f 6134 6121 5731
f 6134 6133 6121
f 5742 6134 5741
f 6122 5743 5732
f 6135 5743 6122
f 5744 6123 5733
f 5744 6136 6123
f 6126 6137 6125
f 5736 6125 6137
f 6138 5736 6137
f 5746 5736 6138
f 5738 5747 6139
f 6140 5738 6139
f 6128 5738 6140
f 6131 6141 6130
f 6139 5747 5749
f 6130 6141 6132
f 6143 6133 6142
f 6133 6143 5740
f 5750 5740 6143
f 6145 6144 6142
f 6133 6145 6142
f 6134 6145 6133
f 5751 6145 5742
f 5742 6145 6134
f 6135 5752 5743
f 6146 5752 6135
f 5754 6136 5744
f 5754 6147 6136
f 5755 5746 6148
f 5746 6149 6148
f 5746 6138 6149
f 6148 5756 5755
f 6140 6139 6150
f 6140 6150 6151
f 5758 6150 5749
f 5749 6150 6139
f 6143 5760 5750
f 6152 5760 6143
f 6144 6145 6153
f 6144 6153 6154
f 5761 6155 5751
f 6155 6145 5751
f 6155 6153 6145
f 5762 6155 5761
f 6146 5763 5752
f 6156 5763 6146
f 5765 6147 5754
f 5765 6157 6147
f 6148 6149 6158
f 6158 6149 6159
f 6158 5767 5756
f 6158 5756 6148
f 6151 6150 6160
f 6151 6160 6161
f 5769 6160 5758
f 5758 6160 6150
f 5770 5760 6162
f 5760 6163 6162
f 5760 6152 6163
f 6153 6164 6154
f 5771 5770 6162
f 6166 6165 6164
f 6153 6166 6164
f 6155 6166 6153
f 5772 6167 5762
f 6167 6155 5762
f 6167 6166 6155
f 5773 6167 5772
f 6156 5774 5763
f 6168 5774 6156
f 5775 6157 5765
f 5775 6169 6157
f 6158 6159 6170
f 6170 6159 6171
f 6170 5777 5767
f 6170 5767 6158
f 6172 6161 6160
f 6174 6172 6173
f 6173 6172 5778
f 6172 6160 5778
f 6160 5769 5778
f 6175 6173 6163
f 5778 6163 6173
f 6163 5778 6162
f 5779 6162 5778
f 6162 5779 6176
f 5771 6177 5781
f 6177 5771 6178
f 6162 6178 5771
f 6178 6162 6179
f 6176 6179 6162
f 6177 6178 6165
f 6166 6177 6165
f 6180 6177 6166
f 6181 6166 6167
f 6180 6166 6181
f 5782 6181 5773
f 5773 6181 6167
f 6168 5783 5774
f 6182 5783 6168
f 5784 6169 5775
f 5784 6183 6169
f 6170 6171 6184
f 6184 6171 6185
f 6184 5786 5777
f 6184 5777 6170
f 6186 6174 6173
f 6173 6175 6186
f 6187 5779 5788
f 5779 6187 6176
f 6188 5781 6177
f 5781 6188 5789
f 6179 6176 6189
f 6187 6189 6176
f 5790 6188 5792
f 6188 6180 5792
f 6188 6177 6180
f 5792 6180 5794
f 5794 6180 6181
f 5794 6181 5782
f 6182 5795 5783
f 6190 5795 6182
f 5796 6183 5784
f 5796 6191 6183
f 6184 6185 6192
f 6192 6185 6193
f 6192 5798 5786
f 6192 5786 6184
f 6196 6195 6194
f 5788 5799 6187
f 6195 6197 6194
f 6198 6194 6197
f 6197 6189 6199
f 6198 6197 6199
f 5800 6198 6199
f 5802 5800 6199
f 6188 5802 6199
f 5789 6188 6199
f 5799 5789 6199
f 6187 5799 6199
f 6189 6187 6199
f 5802 6188 5790
f 6201 5804 6200
f 5804 6190 6200
f 5804 5795 6190
f 6202 6201 6200
f 5805 6204 6203
f 6191 5805 6203
f 5796 5805 6191
f 6204 6205 6203
f 6192 6193 6206
f 6206 6193 6207
f 6206 5807 5798
f 6206 5798 6192
f 6208 6196 6194
f 6210 6209 6208
f 6194 6210 6208
f 6198 6210 6194
f 5808 6210 5800
f 5800 6210 6198
f 6201 5810 5804
f 5812 5810 6201
f 6202 5812 6201
f 6211 5812 6202
f 5813 6212 6204
f 5813 6204 5805
f 6205 6204 6213
f 6213 6204 6212
f 6207 6214 6206
f 5807 6206 6214
f 6215 5807 6214
f 5815 5807 6215
f 6209 6210 6216
f 6209 6216 6217
f 5817 6216 5808
f 5808 6216 6210
f 6211 5820 5812
f 6218 5820 6211
f 5821 6212 5813
f 5821 5822 6212
f 5822 6213 6212
f 5822 6219 6213
f 5823 5815 6220
f 5815 6221 6220
f 5815 6215 6221
f 6220 5824 5823
f 6222 6217 6216
f 6216 5817 6222
f 5817 6223 6222
f 5817 5826 6223
f 6218 5828 5820
f 6224 5828 6218
f 5829 6219 5822
f 5829 6225 6219
f 6220 6221 6226
f 6226 6221 6227
f 6226 5830 5824
f 6226 5824 6220
f 5832 6223 5826
f 5832 6228 6223
f 6224 5833 5828
f 6229 5833 6224
f 5834 6225 5829
f 5834 6230 6225
f 6226 6227 6231
f 6231 6227 6232
f 6231 5836 5830
f 6231 5830 6226
f 5838 6228 5832
f 5838 6233 6228
f 6235 5839 6234
f 5839 6229 6234
f 5839 5833 6229
f 6236 6235 6234
f 6237 6230 5834
f 6237 5834 5840
f 5840 5841 6237
f 6237 5841 6238
f 6231 6232 6239
f 6239 6232 6240
f 6239 5843 5836
f 6239 5836 6231
f 5845 6233 5838
f 5845 6241 6233
f 6235 5846 5839
f 5847 5846 6235
f 6236 5847 6235
f 6242 5847 6236
f 6243 6238 5841
f 6243 5841 5848
f 6245 6244 5849
f 6244 5848 5849
f 6244 6243 5848
f 6245 6246 6244
f 6239 6240 6247
f 6247 6240 6248
f 6247 5850 5843
f 6247 5843 6239
f 5851 6241 5845
f 5851 6249 6241
f 6242 6250 5847
f 5847 6250 5852
f 5854 5852 6250
f 5854 6250 6251
f 5855 6245 5849
f 6253 6252 5856
f 5856 6252 5855
f 6252 6246 5855
f 6246 6245 5855
f 6253 6254 6252
f 6257 6256 6255
f 6255 6258 6257
f 6261 6260 6259
f 6261 6259 6248
f 6248 6259 6247
f 6259 5858 6247
f 5858 5859 6247
f 6247 5859 5850
f 5860 6249 5851
f 5860 6262 6249
f 6251 6263 5854
f 5854 6263 5861
f 6265 6264 5862
f 5861 6265 5862
f 6263 6265 5861
f 6266 6264 6265
f 5863 6253 5856
f 6268 6267 5864
f 5864 6267 5863
f 6267 6254 5863
f 6254 6253 5863
f 6267 6268 6256
f 6268 6255 6256
f 6268 6269 6255
f 6258 6255 6270
f 6270 6255 6269
f 6259 6260 5867
f 6260 5866 5867
f 6260 6271 5866
f 6259 5867 5858
f 5869 6262 5860
f 5869 6272 6262
f 6264 5870 5862
f 6274 6273 5872
f 6274 5872 5870
f 6266 6274 5870
f 6264 6266 5870
f 6275 6273 6274
f 5873 6268 5864
f 6268 5873 5874
f 6268 5874 6269
f 5874 5875 6269
f 5875 6270 6269
f 5875 6276 6270
f 6279 6278 6277
f 6277 6280 6279
f 6283 6282 6281
f 6271 6283 6281
f 5877 6271 6281
f 5866 6271 5877
f 6286 6285 6284
f 5880 5881 6284
f 6285 5880 6284
f 6287 5880 6285
f 5869 5880 6272
f 6272 5880 6287
f 6273 5882 5872
f 5883 5882 6273
f 6288 5883 6273
f 6275 6288 6273
f 6289 5883 6288
f 6289 5885 5883
f 6290 6276 5875
f 6290 5875 5886
f 6291 5886 5887
f 6291 6290 5886
f 5888 6277 6278
f 6291 5888 6278
f 5887 5888 6291
f 6292 6280 6277
f 5888 6292 6277
f 5889 6292 5888
f 6294 6293 5891
f 6293 5889 5891
f 6293 6292 5889
f 6294 6295 6293
f 6298 6297 6296
f 6298 6296 6282
f 6282 6296 6281
f 6296 5893 6281
f 5893 5894 6281
f 6281 5894 5877
f 6301 6300 6299
f 6299 6300 6286
f 6299 6286 6284
f 5897 6299 6284
f 5896 5897 6284
f 5896 6284 5881
f 6288 6302 6289
f 6289 6302 5885
f 6302 5899 5885
f 6302 6303 5899
f 6305 6304 5900
f 5899 6305 5900
f 6303 6305 5899
f 6306 6304 6305
f 5901 6294 5891
f 6307 6295 6294
f 5901 6307 6294
f 5902 6307 5901
f 6308 5902 5904
f 6308 6307 5902
f 5904 5906 6308
f 6308 5906 6309
f 6296 6297 6310
f 6310 6297 6311
f 6310 5907 5893
f 6310 5893 6296
f 6301 6299 5909
f 5910 6301 5909
f 6312 6301 5910
f 5909 6299 5897
f 6304 5911 5900
f 6306 6313 6304
f 6313 5911 6304
f 6313 5913 5911
f 5914 5913 6313
f 5914 6313 6314
f 6315 6309 5906
f 6315 5906 5916
f 6316 5916 5918
f 6316 6315 5916
f 6318 6317 5920
f 6317 5918 5920
f 6317 6316 5918
f 6320 6319 6318
f 6318 6319 6317
f 6320 6321 6319
f 6324 6323 6322
f 5922 5923 6322
f 5923 6324 6322
f 5923 6325 6324
f 5924 6310 6311
f 6325 5924 6311
f 5923 5924 6325
f 6310 5924 5907
f 6328 6327 6326
f 5926 5927 6326
f 6327 5926 6326
f 6329 5926 6327
f 5910 5926 6312
f 6312 5926 6329
f 6314 6330 5914
f 5914 6330 5928
f 6332 6331 5929
f 5928 6332 5929
f 6330 6332 5928
f 6333 6331 6332
f 5930 6318 5920
f 6318 5930 5931
f 6318 5931 6320
f 6334 6321 6320
f 5931 6334 6320
f 5932 6334 5931
f 5933 6322 6323
f 6334 5933 6323
f 5932 5933 6334
f 6322 5933 5922
f 6337 6336 6335
f 6339 6338 6335
f 6339 6335 6336
f 6338 6339 6328
f 6338 6328 6326
f 5935 6338 6326
f 5934 5935 6326
f 5934 6326 5927
f 6331 5936 5929
f 5937 5936 6331
f 6333 5937 6331
f 6340 5937 6333
f 5940 6341 5939
f 6342 6337 6335
f 5939 6342 6335
f 5941 5939 6335
f 6342 5939 6341
f 5941 6335 5942
f 5942 6335 6338
f 5942 6338 5935
f 6340 6343 5937
f 5937 6343 5943
f 5943 6344 5944
f 6343 6344 5943
f 5944 6345 5945
f 6344 6345 5944
f 5945 6346 5946
f 6345 6346 5945
f 5947 5946 6346
f 5947 6346 6347
f 6350 6349 6348
f 6352 6351 6348
f 6352 6348 6349
f 6354 6353 6351
f 6354 6351 6352
f 6356 6355 6353
f 6356 6353 6354
f 6356 6357 6341
f 5949 6356 6341
f 5940 5949 6341
f 6355 6356 5949
f 6341 6357 6342
f 6347 6358 5947
f 5947 6358 5950
f 5950 6359 5951
f 6358 6359 5950
f 6348 5952 6350
f 5952 6359 6350
f 5952 5951 6359
f 5952 6348 5953
f 5953 6348 6351
f 5953 6351 5954
f 5954 6351 6353
f 5954 6353 5955
f 5955 6353 6355
f 5955 6355 5949
f 6360 5957 5958
f 6360 5958 6361
f 5958 6362 6361
f 5958 5959 6362
f 5959 5960 6362
f 6362 5960 6363
f 6364 5961 5962
f 6364 5962 6365
f 5962 6366 6365
f 5962 5963 6366
f 5963 5957 6360
f 6367 5963 6360
f 6366 5963 6367
f 6360 6368 6367
f 6360 6369 6368
f 6360 6361 6370
f 6369 6360 6370
f 6372 6371 5964
f 6369 5964 6371
f 5964 6369 5960
f 6370 5960 6369
f 5960 6370 6363
f 6373 5964 5965
f 6373 6372 5964
f 6375 6373 6374
f 6373 5966 6374
f 6373 5965 5966
f 5968 6374 5966
f 6376 5973 5974
f 6377 6376 5974
f 6377 5974 5961
f 6378 6377 5961
f 6364 6378 5961
f 6378 6364 6365
f 6379 6368 6369
f 6379 6369 6371
f 6380 6375 6374
f 6380 6374 5968
f 5975 6380 5968
f 6381 6380 5975
f 6382 5975 5976
f 6382 6381 5975
f 6383 5976 5977
f 6383 6382 5976
f 5977 5979 6383
f 6383 5979 6384
f 6385 5980 5981
f 5982 6386 5981
f 5981 6386 6385
f 5983 6387 5982
f 5982 6387 6386
f 5985 6387 5983
f 6388 5988 5989
f 6389 6388 5989
f 6389 5989 5973
f 6390 6389 5973
f 6376 6390 5973
f 6390 6376 6377
f 5991 6391 5990
f 6391 5992 5990
f 5995 6392 5996
f 6393 5998 5996
f 6393 5996 6392
f 6393 5999 5998
f 6394 6384 5979
f 6394 5979 6000
f 6000 5980 6385
f 6395 6000 6385
f 6394 6000 6395
f 6395 6385 6386
f 6395 6386 6396
f 6396 6386 6387
f 6396 6387 6397
f 6399 6397 6398
f 6398 6397 6001
f 6397 6387 6001
f 6387 5985 6001
f 6002 6398 6001
f 6400 6005 6004
f 6006 6400 6004
f 6401 6007 6008
f 6402 6401 6008
f 6402 6008 5988
f 6403 6402 5988
f 6388 6403 5988
f 6403 6388 6389
f 6009 6391 5991
f 6391 6009 5992
f 6011 6404 6392
f 6011 6392 5995
f 6406 6393 6405
f 6393 6404 6405
f 6393 6392 6404
f 6393 6406 5999
f 6406 6012 5999
f 6406 6407 6012
f 6012 6408 6013
f 6407 6408 6012
f 6015 6013 6408
f 6015 6408 6409
f 6016 6410 6017
f 6410 6018 6017
f 6411 6399 6398
f 6411 6398 6002
f 6020 6411 6002
f 6412 6411 6020
f 6412 6020 6005
f 6413 6412 6005
f 6400 6413 6005
f 6412 6413 6414
f 6021 6415 6006
f 6415 6400 6006
f 6415 6413 6400
f 6022 6415 6021
f 6416 6024 6401
f 6401 6024 6007
f 6401 6402 6417
f 6401 6417 6416
f 6026 6418 6027
f 6418 6028 6027
f 6029 6404 6011
f 6420 6419 6031
f 6031 6419 6029
f 6419 6405 6029
f 6405 6404 6029
f 6420 6421 6419
f 6409 6422 6015
f 6015 6422 6032
f 6016 6032 6410
f 6032 6423 6410
f 6032 6422 6423
f 6410 6423 6018
f 6423 6033 6018
f 6423 6424 6033
f 6035 6033 6424
f 6035 6424 6425
f 6414 6413 6426
f 6414 6426 6427
f 6428 6413 6415
f 6426 6413 6428
f 6040 6428 6022
f 6022 6428 6415
f 6430 6429 6042
f 6042 6429 6041
f 6042 6024 6416
f 6431 6042 6416
f 6430 6042 6431
f 6431 6416 6417
f 6043 6418 6026
f 6418 6043 6028
f 6046 6432 6420
f 6046 6420 6031
f 6421 6420 6433
f 6433 6420 6432
f 6425 6434 6035
f 6035 6434 6047
f 6434 6436 6435
f 6048 6434 6435
f 6047 6434 6048
f 6435 6050 6048
f 6437 6427 6426
f 6439 6438 6437
f 6426 6439 6437
f 6428 6439 6426
f 6054 6439 6040
f 6040 6439 6428
f 6429 6056 6041
f 6440 6056 6429
f 6058 6441 6057
f 6441 6060 6057
f 6063 6432 6046
f 6063 6065 6432
f 6065 6433 6432
f 6065 6442 6433
f 6436 6443 6435
f 6443 6445 6444
f 6443 6444 6066
f 6435 6443 6066
f 6050 6435 6066
f 6446 6067 6066
f 6446 6066 6444
f 6446 6069 6067
f 6447 6438 6439
f 6447 6439 6054
f 6070 6447 6054
f 6448 6447 6070
f 6450 6449 6071
f 6449 6070 6071
f 6449 6448 6070
f 6450 6451 6449
f 6440 6073 6056
f 6452 6073 6440
f 6075 6453 6074
f 6453 6454 6074
f 6074 6454 6058
f 6454 6455 6058
f 6455 6441 6058
f 6455 6457 6456
f 6455 6456 6076
f 6441 6455 6076
f 6060 6441 6076
f 6456 6078 6076
f 6080 6458 6081
f 6081 6458 6459
f 6460 6081 6459
f 6082 6081 6460
f 6065 6082 6442
f 6442 6082 6460
f 6445 6461 6444
f 6444 6461 6446
f 6446 6461 6462
f 6069 6446 6462
f 6463 6069 6462
f 6084 6069 6463
f 6465 6086 6464
f 6465 6071 6086
f 6450 6071 6465
f 6450 6465 6466
f 6466 6451 6450
f 6088 6464 6086
f 6467 6089 6090
f 6468 6467 6090
f 6073 6468 6090
f 6452 6468 6073
f 6092 6469 6091
f 6469 6470 6091
f 6091 6470 6075
f 6470 6471 6075
f 6471 6453 6075
f 6453 6471 6454
f 6457 6472 6456
f 6456 6472 6078
f 6472 6093 6078
f 6472 6473 6093
f 6475 6474 6094
f 6093 6475 6094
f 6473 6475 6093
f 6477 6476 6474
f 6477 6474 6475
f 6095 6096 6476
f 6477 6095 6476
f 6478 6095 6477
f 6080 6095 6458
f 6095 6479 6458
f 6095 6478 6479
f 6458 6479 6459
f 6097 6084 6480
f 6084 6481 6480
f 6084 6463 6481
f 6480 6099 6097
f 6465 6464 6482
f 6465 6482 6483
f 6100 6484 6088
f 6484 6464 6088
f 6484 6482 6464
f 6102 6484 6100
f 6486 6485 6467
f 6485 6089 6467
f 6485 6103 6089
f 6486 6467 6468
f 6104 6487 6469
f 6104 6469 6092
f 6470 6469 6488
f 6488 6469 6487
f 6474 6105 6094
f 6105 6474 6106
f 6106 6474 6476
f 6106 6476 6096
f 6480 6481 6489
f 6489 6481 6490
f 6491 6107 6099
f 6480 6491 6099
f 6489 6491 6480
f 6491 6109 6107
f 6492 6483 6482
f 6492 6482 6484
f 6492 6484 6493
f 6495 6493 6494
f 6494 6493 6110
f 6493 6484 6110
f 6484 6102 6110
f 6112 6494 6110
f 6485 6113 6103
f 6496 6113 6485
f 6114 6497 6487
f 6114 6487 6104
f 6488 6487 6498
f 6498 6487 6497
f 6490 6499 6489
f 6501 6500 6499
f 6500 6489 6499
f 6500 6491 6489
f 6500 6116 6109
f 6500 6109 6491
f 6504 6503 6502
f 6502 6503 6495
f 6502 6495 6494
f 6119 6502 6494
f 6118 6119 6494
f 6118 6494 6112
f 6496 6122 6113
f 6505 6122 6496
f 6123 6506 6497
f 6123 6497 6114
f 6498 6497 6507
f 6507 6497 6506
f 6500 6501 6508
f 6508 6501 6509
f 6510 6124 6116
f 6500 6510 6116
f 6508 6510 6500
f 6510 6126 6124
f 6511 6504 6502
f 6513 6511 6512
f 6512 6511 6127
f 6511 6502 6127
f 6502 6119 6127
f 6128 6512 6127
f 6514 6131 6129
f 6132 6514 6129
f 6516 6135 6515
f 6135 6505 6515
f 6135 6122 6505
f 6517 6516 6515
f 6136 6518 6506
f 6136 6506 6123
f 6507 6506 6519
f 6519 6506 6518
f 6509 6520 6508
f 6508 6520 6510
f 6510 6520 6521
f 6521 6523 6522
f 6521 6522 6137
f 6510 6521 6137
f 6126 6510 6137
f 6522 6138 6137
f 6513 6512 6524
f 6513 6524 6525
f 6140 6524 6128
f 6128 6524 6512
f 6514 6141 6131
f 6141 6514 6132
f 6526 6143 6142
f 6144 6526 6142
f 6527 6146 6516
f 6516 6146 6135
f 6516 6517 6528
f 6516 6528 6527
f 6147 6529 6518
f 6147 6518 6136
f 6519 6518 6530
f 6530 6518 6529
f 6522 6523 6531
f 6531 6523 6532
f 6531 6149 6138
f 6531 6138 6522
f 6533 6525 6524
f 6524 6140 6533
f 6140 6534 6533
f 6140 6151 6534
f 6535 6152 6526
f 6526 6152 6143
f 6154 6535 6144
f 6144 6535 6526
f 6537 6536 6527
f 6536 6146 6527
f 6536 6156 6146
f 6537 6527 6528
f 6539 6538 6529
f 6147 6539 6529
f 6157 6539 6147
f 6529 6538 6530
f 6531 6532 6540
f 6540 6532 6541
f 6540 6159 6149
f 6540 6149 6531
f 6161 6534 6151
f 6161 6542 6534
f 6543 6163 6535
f 6535 6163 6152
f 6164 6544 6154
f 6544 6535 6154
f 6544 6543 6535
f 6165 6544 6164
f 6536 6168 6156
f 6545 6168 6536
f 6169 6547 6546
f 6539 6169 6546
f 6157 6169 6539
f 6547 6548 6546
f 6540 6541 6549
f 6549 6541 6550
f 6549 6171 6159
f 6549 6159 6540
f 6161 6172 6551
f 6552 6161 6551
f 6542 6161 6552
f 6174 6551 6172
f 6553 6175 6543
f 6543 6175 6163
f 6179 6553 6178
f 6553 6544 6178
f 6553 6543 6544
f 6178 6544 6165
f 6555 6182 6554
f 6182 6545 6554
f 6182 6168 6545
f 6556 6555 6554
f 6183 6557 6547
f 6183 6547 6169
f 6548 6547 6558
f 6558 6547 6557
f 6549 6550 6559
f 6559 6550 6560
f 6559 6185 6171
f 6559 6171 6549
f 6552 6551 6561
f 6552 6561 6562
f 6561 6551 6174
f 6563 6561 6174
f 6186 6563 6174
f 6564 6561 6563
f 6563 6186 6175
f 6565 6563 6175
f 6553 6565 6175
f 6563 6565 6566
f 6189 6565 6179
f 6179 6565 6553
f 6567 6190 6555
f 6555 6190 6182
f 6555 6556 6568
f 6555 6568 6567
f 6191 6569 6557
f 6191 6557 6183
f 6558 6557 6570
f 6570 6557 6569
f 6559 6560 6571
f 6571 6560 6572
f 6571 6193 6185
f 6571 6185 6559
f 6562 6561 6573
f 6562 6573 6574
f 6195 6196 6575
f 6564 6576 6561
f 6573 6561 6576
f 6577 6566 6565
f 6195 6577 6565
f 6197 6195 6565
f 6577 6195 6575
f 6197 6565 6189
f 6567 6200 6190
f 6202 6200 6567
f 6568 6202 6567
f 6578 6202 6568
f 6203 6569 6191
f 6203 6205 6569
f 6205 6570 6569
f 6205 6579 6570
f 6571 6572 6580
f 6580 6572 6581
f 6580 6207 6193
f 6580 6193 6571
f 6582 6574 6573
f 6196 6208 6575
f 6573 6576 6582
f 6208 6209 6575
f 6209 6577 6575
f 6209 6583 6577
f 6578 6211 6202
f 6584 6211 6578
f 6213 6586 6585
f 6579 6213 6585
f 6205 6213 6579
f 6586 6587 6585
f 6581 6588 6580
f 6588 6590 6589
f 6588 6589 6214
f 6580 6588 6214
f 6207 6580 6214
f 6589 6215 6214
f 6217 6583 6209
f 6217 6591 6583
f 6593 6218 6592
f 6218 6584 6592
f 6218 6211 6584
f 6594 6593 6592
f 6219 6595 6586
f 6219 6586 6213
f 6587 6586 6596
f 6596 6586 6595
f 6589 6590 6597
f 6597 6590 6598
f 6597 6221 6215
f 6597 6215 6589
f 6217 6222 6599
f 6600 6217 6599
f 6591 6217 6600
f 6223 6599 6222
f 6601 6224 6593
f 6593 6224 6218
f 6593 6594 6602
f 6593 6602 6601
f 6225 6603 6595
f 6225 6595 6219
f 6596 6595 6604
f 6604 6595 6603
f 6607 6606 6605
f 6609 6608 6605
f 6605 6608 6607
f 6608 6609 6598
f 6609 6597 6598
f 6609 6610 6597
f 6610 6227 6221
f 6610 6221 6597
f 6600 6599 6611
f 6600 6611 6612
f 6228 6611 6223
f 6223 6611 6599
f 6613 6229 6601
f 6601 6229 6224
f 6601 6602 6614
f 6601 6614 6613
f 6230 6615 6603
f 6230 6603 6225
f 6604 6603 6616
f 6616 6603 6615
f 6605 6606 6617
f 6617 6606 6618
f 6605 6619 6609
f 6605 6617 6619
f 6609 6620 6610
f 6609 6619 6620
f 6620 6232 6227
f 6620 6227 6610
f 6621 6612 6611
f 6611 6228 6621
f 6228 6622 6621
f 6228 6233 6622
f 6613 6234 6229
f 6236 6234 6613
f 6614 6236 6613
f 6623 6236 6614
f 6237 6615 6230
f 6625 6624 6238
f 6238 6624 6237
f 6624 6616 6237
f 6616 6615 6237
f 6625 6626 6624
f 6617 6618 6627
f 6627 6618 6628
f 6617 6629 6619
f 6617 6627 6629
f 6619 6630 6620
f 6619 6629 6630
f 6630 6240 6232
f 6630 6232 6620
f 6241 6622 6233
f 6241 6631 6622
f 6633 6242 6632
f 6242 6623 6632
f 6242 6236 6623
f 6634 6633 6632
f 6243 6625 6238
f 6635 6626 6625
f 6243 6635 6625
f 6244 6635 6243
f 6637 6636 6246
f 6636 6244 6246
f 6636 6635 6244
f 6639 6638 6637
f 6637 6638 6636
f 6641 6640 6639
f 6639 6640 6638
f 6641 6642 6640
f 6627 6628 6643
f 6643 6628 6644
f 6627 6645 6629
f 6627 6643 6645
f 6629 6646 6630
f 6629 6645 6646
f 6646 6248 6240
f 6646 6240 6630
f 6249 6631 6241
f 6249 6647 6631
f 6633 6250 6242
f 6649 6648 6251
f 6649 6251 6250
f 6634 6649 6250
f 6633 6634 6250
f 6650 6648 6649
f 6252 6637 6246
f 6637 6252 6254
f 6651 6637 6254
f 6639 6637 6651
f 6651 6256 6257
f 6641 6651 6257
f 6639 6651 6641
f 6653 6652 6258
f 6258 6652 6257
f 6652 6642 6257
f 6642 6641 6257
f 6653 6654 6652
f 6643 6644 6655
f 6655 6644 6656
f 6643 6657 6645
f 6643 6655 6657
f 6657 6260 6261
f 6646 6657 6261
f 6645 6657 6646
f 6646 6261 6248
f 6262 6647 6249
f 6262 6658 6647
f 6648 6263 6251
f 6650 6659 6648
f 6659 6263 6648
f 6659 6265 6263
f 6661 6660 6266
f 6265 6661 6266
f 6659 6661 6265
f 6662 6660 6661
f 6267 6651 6254
f 6651 6267 6256
f 6270 6663 6653
f 6270 6653 6258
f 6654 6653 6664
f 6664 6653 6663
f 6655 6656 6665
f 6665 6656 6666
f 6655 6667 6657
f 6655 6665 6667
f 6667 6271 6260
f 6667 6260 6657
f 6670 6669 6668
f 6669 6658 6668
f 6658 6272 6668
f 6658 6262 6272
f 6660 6274 6266
f 6275 6274 6660
f 6662 6275 6660
f 6671 6275 6662
f 6276 6672 6663
f 6276 6663 6270
f 6664 6663 6673
f 6663 6674 6673
f 6663 6672 6674
f 6278 6279 6674
f 6279 6673 6674
f 6279 6675 6673
f 6279 6280 6675
f 6675 6280 6676
f 6665 6666 6677
f 6677 6666 6678
f 6677 6282 6283
f 6667 6677 6283
f 6665 6677 6667
f 6667 6283 6271
f 6681 6680 6679
f 6285 6286 6679
f 6680 6285 6679
f 6682 6285 6680
f 6668 6287 6670
f 6287 6682 6670
f 6287 6285 6682
f 6287 6668 6272
f 6684 6288 6683
f 6288 6671 6683
f 6288 6275 6671
f 6686 6685 6684
f 6686 6684 6683
f 6687 6685 6686
f 6290 6672 6276
f 6672 6290 6291
f 6672 6291 6674
f 6674 6291 6278
f 6280 6292 6688
f 6689 6280 6688
f 6676 6280 6689
f 6293 6690 6292
f 6292 6690 6688
f 6690 6293 6295
f 6693 6692 6691
f 6695 6694 6691
f 6691 6694 6693
f 6695 6696 6694
f 6699 6698 6697
f 6701 6700 6697
f 6697 6700 6699
f 6703 6702 6701
f 6701 6702 6700
f 6702 6703 6678
f 6678 6703 6677
f 6703 6297 6677
f 6297 6298 6677
f 6677 6298 6282
f 6706 6705 6704
f 6708 6707 6704
f 6708 6704 6705
f 6707 6708 6681
f 6707 6681 6679
f 6301 6707 6679
f 6300 6301 6679
f 6300 6679 6286
f 6684 6302 6288
f 6302 6684 6303
f 6303 6684 6685
f 6687 6709 6685
f 6709 6303 6685
f 6709 6305 6303
f 6306 6305 6709
f 6306 6709 6710
f 6711 6689 6688
f 6711 6688 6690
f 6711 6690 6712
f 6712 6691 6692
f 6712 6307 6691
f 6712 6690 6295
f 6307 6712 6295
f 6308 6713 6307
f 6714 6307 6713
f 6307 6714 6691
f 6715 6691 6714
f 6691 6715 6695
f 6715 6696 6695
f 6309 6713 6308
f 6718 6717 6716
f 6720 6719 6716
f 6716 6719 6718
f 6722 6721 6720
f 6720 6721 6719
f 6721 6722 6698
f 6722 6697 6698
f 6722 6723 6697
f 6697 6724 6701
f 6697 6723 6724
f 6701 6725 6703
f 6701 6724 6725
f 6725 6311 6297
f 6725 6297 6703
f 6726 6706 6704
f 6728 6727 6726
f 6704 6728 6726
f 6707 6728 6704
f 6312 6728 6301
f 6301 6728 6707
f 6710 6729 6306
f 6306 6729 6313
f 6731 6730 6314
f 6313 6731 6314
f 6729 6731 6313
f 6732 6730 6731
f 6733 6714 6713
f 6733 6713 6309
f 6315 6733 6309
f 6734 6733 6315
f 6316 6716 6717
f 6734 6316 6717
f 6315 6316 6734
f 6716 6316 6317
f 6716 6317 6720
f 6720 6317 6319
f 6720 6319 6722
f 6722 6319 6321
f 6735 6722 6321
f 6723 6722 6735
f 6735 6323 6324
f 6724 6735 6324
f 6723 6735 6724
f 6724 6324 6325
f 6724 6325 6725
f 6725 6325 6311
f 6738 6737 6736
f 6327 6328 6736
f 6737 6327 6736
f 6739 6327 6737
f 6728 6329 6727
f 6329 6739 6727
f 6329 6327 6739
f 6329 6728 6312
f 6730 6330 6314
f 6732 6740 6730
f 6740 6330 6730
f 6740 6332 6330
f 6333 6332 6740
f 6333 6740 6741
f 6334 6735 6321
f 6735 6334 6323
f 6337 6742 6336
f 6743 6738 6736
f 6336 6743 6736
f 6339 6336 6736
f 6743 6336 6742
f 6339 6736 6328
f 6745 6340 6744
f 6340 6741 6744
f 6340 6333 6741
f 6747 6746 6745
f 6747 6745 6744
f 6749 6748 6746
f 6749 6746 6747
f 6751 6750 6748
f 6751 6748 6749
f 6752 6750 6751
f 6755 6754 6753
f 6757 6756 6753
f 6757 6753 6754
f 6757 6758 6742
f 6342 6757 6742
f 6337 6342 6742
f 6756 6757 6342
f 6742 6758 6743
f 6745 6343 6340
f 6343 6745 6344
f 6344 6745 6746
f 6344 6746 6345
f 6345 6746 6748
f 6345 6748 6346
f 6346 6748 6750
f 6760 6759 6347
f 6760 6347 6346
f 6752 6760 6346
f 6750 6752 6346
f 6762 6761 6759
f 6762 6759 6760
f 6349 6350 6761
f 6762 6349 6761
f 6763 6349 6762
f 6349 6764 6352
f 6763 6764 6349
f 6352 6765 6354
f 6764 6765 6352
f 6753 6356 6755
f 6356 6765 6755
f 6356 6354 6765
f 6356 6753 6357
f 6357 6753 6756
f 6357 6756 6342
f 6759 6358 6347
f 6358 6759 6359
f 6359 6759 6761
f 6359 6761 6350
f 6766 6361 6362
f 6363 6766 6362
f 6767 6365 6366
f 6367 6768 6366
f 6366 6768 6767
f 6361 6766 6370
f 6768 6367 6368
f 6370 6766 6363
f 6769 6371 6372
f 6373 6770 6372
f 6372 6770 6769
f 6375 6770 6373
f 6771 6377 6378
f 6772 6771 6378
f 6772 6378 6365
f 6773 6772 6365
f 6767 6773 6365
f 6773 6767 6768
f 6773 6768 6774
f 6776 6774 6775
f 6775 6774 6379
f 6774 6768 6379
f 6768 6368 6379
f 6777 6775 6379
f 6777 6379 6371
f 6778 6777 6371
f 6769 6778 6371
f 6778 6769 6770
f 6778 6770 6779
f 6779 6770 6375
f 6380 6779 6375
f 6780 6779 6380
f 6781 6380 6381
f 6781 6780 6380
f 6782 6381 6382
f 6782 6781 6381
f 6783 6382 6383
f 6783 6782 6382
f 6383 6384 6783
f 6783 6384 6784
f 6785 6389 6390
f 6786 6785 6390
f 6786 6390 6377
f 6787 6786 6377
f 6771 6787 6377
f 6787 6771 6772
f 6788 6776 6775
f 6788 6775 6777
f 6384 6394 6789
f 6790 6384 6789
f 6784 6384 6790
f 6395 6791 6394
f 6394 6791 6789
f 6396 6792 6395
f 6395 6792 6791
f 6397 6793 6396
f 6396 6793 6792
f 6399 6793 6397
f 6794 6402 6403
f 6389 6785 6403
f 6785 6794 6403
f 6785 6795 6794
f 6785 6786 6796
f 6785 6796 6795
f 6405 6797 6406
f 6798 6407 6406
f 6798 6406 6797
f 6799 6408 6407
f 6799 6407 6798
f 6799 6409 6408
f 6800 6790 6789
f 6800 6789 6791
f 6800 6791 6801
f 6801 6791 6792
f 6801 6792 6802
f 6802 6792 6793
f 6802 6793 6803
f 6805 6803 6804
f 6804 6803 6411
f 6803 6793 6411
f 6793 6399 6411
f 6412 6806 6411
f 6411 6806 6804
f 6414 6806 6412
f 6807 6417 6794
f 6794 6417 6402
f 6795 6809 6808
f 6807 6795 6808
f 6794 6795 6807
f 6809 6795 6796
f 6419 6797 6405
f 6797 6419 6421
f 6810 6797 6421
f 6798 6797 6810
f 6798 6811 6799
f 6798 6810 6811
f 6812 6422 6409
f 6799 6812 6409
f 6811 6812 6799
f 6813 6423 6422
f 6813 6422 6812
f 6814 6424 6423
f 6814 6423 6813
f 6814 6425 6424
f 6815 6805 6804
f 6817 6816 6815
f 6804 6817 6815
f 6806 6817 6804
f 6427 6817 6414
f 6414 6817 6806
f 6818 6429 6430
f 6431 6819 6430
f 6430 6819 6818
f 6820 6819 6431
f 6820 6431 6417
f 6821 6820 6417
f 6807 6821 6417
f 6821 6807 6808
f 6433 6822 6810
f 6433 6810 6421
f 6824 6811 6823
f 6811 6822 6823
f 6811 6810 6822
f 6811 6824 6812
f 6812 6824 6825
f 6812 6825 6813
f 6813 6825 6826
f 6813 6826 6814
f 6814 6826 6827
f 6827 6829 6828
f 6827 6828 6434
f 6814 6827 6434
f 6425 6814 6434
f 6828 6436 6434
f 6830 6816 6817
f 6830 6817 6427
f 6437 6830 6427
f 6831 6830 6437
f 6437 6438 6831
f 6831 6438 6832
f 6834 6833 6818
f 6833 6429 6818
f 6833 6440 6429
f 6834 6818 6819
f 6834 6819 6835
f 6835 6819 6820
f 6837 6836 6822
f 6433 6837 6822
f 6442 6837 6433
f 6822 6836 6823
f 6829 6838 6828
f 6838 6840 6839
f 6838 6839 6443
f 6828 6838 6443
f 6436 6828 6443
f 6839 6445 6443
f 6843 6842 6841
f 6844 6841 6447
f 6841 6832 6447
f 6832 6438 6447
f 6832 6841 6842
f 6448 6845 6447
f 6447 6845 6844
f 6449 6846 6448
f 6448 6846 6845
f 6451 6846 6449
f 6833 6452 6440
f 6847 6452 6833
f 6454 6848 6455
f 6848 6457 6455
f 6459 6849 6460
f 6849 6850 6460
f 6850 6442 6460
f 6850 6837 6442
f 6839 6840 6851
f 6851 6840 6852
f 6853 6461 6445
f 6839 6853 6445
f 6851 6853 6839
f 6854 6462 6461
f 6854 6461 6853
f 6841 6855 6843
f 6463 6462 6854
f 6855 6841 6844
f 6855 6844 6856
f 6858 6857 6856
f 6844 6858 6856
f 6845 6858 6844
f 6465 6858 6466
f 6858 6846 6466
f 6858 6845 6846
f 6466 6846 6451
f 6847 6468 6452
f 6859 6468 6847
f 6470 6860 6471
f 6848 6454 6471
f 6860 6848 6471
f 6861 6848 6860
f 6862 6472 6457
f 6848 6862 6457
f 6861 6862 6848
f 6863 6473 6472
f 6863 6472 6862
f 6473 6863 6864
f 6865 6473 6864
f 6475 6473 6865
f 6475 6866 6477
f 6865 6866 6475
f 6866 6868 6867
f 6478 6866 6867
f 6477 6866 6478
f 6478 6867 6869
f 6870 6478 6869
f 6479 6478 6870
f 6459 6479 6849
f 6479 6871 6849
f 6479 6870 6871
f 6849 6871 6850
f 6852 6872 6851
f 6851 6872 6853
f 6853 6872 6873
f 6875 6874 6873
f 6874 6853 6873
f 6874 6854 6853
f 6874 6481 6463
f 6874 6463 6854
f 6857 6858 6876
f 6857 6876 6877
f 6483 6876 6465
f 6465 6876 6858
f 6878 6485 6486
f 6879 6878 6486
f 6468 6879 6486
f 6859 6879 6468
f 6488 6880 6860
f 6488 6860 6470
f 6860 6881 6861
f 6860 6880 6881
f 6861 6882 6862
f 6861 6881 6882
f 6884 6863 6883
f 6863 6882 6883
f 6863 6862 6882
f 6863 6884 6864
f 6868 6885 6867
f 6867 6885 6869
f 6874 6875 6886
f 6886 6875 6887
f 6886 6490 6481
f 6886 6481 6874
f 6888 6877 6876
f 6888 6876 6483
f 6492 6888 6483
f 6889 6888 6492
f 6891 6889 6890
f 6889 6493 6890
f 6889 6492 6493
f 6495 6890 6493
f 6892 6496 6878
f 6878 6496 6485
f 6878 6879 6893
f 6878 6893 6892
f 6498 6894 6880
f 6498 6880 6488
f 6880 6895 6881
f 6880 6894 6895
f 6881 6896 6882
f 6881 6895 6896
f 6883 6882 6897
f 6882 6898 6897
f 6882 6896 6898
f 6898 6899 6897
f 6887 6900 6886
f 6900 6902 6901
f 6900 6901 6499
f 6886 6900 6499
f 6490 6886 6499
f 6901 6501 6499
f 6905 6904 6903
f 6903 6904 6891
f 6903 6891 6890
f 6504 6903 6890
f 6503 6504 6890
f 6503 6890 6495
f 6906 6505 6892
f 6892 6505 6496
f 6892 6893 6907
f 6892 6907 6906
f 6507 6908 6894
f 6507 6894 6498
f 6910 6895 6909
f 6895 6908 6909
f 6895 6894 6908
f 6912 6911 6910
f 6911 6895 6910
f 6911 6896 6895
f 6896 6913 6898
f 6896 6911 6913
f 6899 6898 6914
f 6898 6915 6914
f 6898 6913 6915
f 6915 6916 6914
f 6902 6917 6901
f 6501 6901 6917
f 6918 6501 6917
f 6509 6501 6918
f 6919 6905 6903
f 6921 6919 6920
f 6920 6919 6511
f 6919 6903 6511
f 6903 6504 6511
f 6513 6920 6511
f 6906 6515 6505
f 6517 6515 6906
f 6907 6517 6906
f 6922 6517 6907
f 6519 6923 6908
f 6519 6908 6507
f 6909 6908 6924
f 6924 6908 6923
f 6912 6925 6911
f 6927 6926 6925
f 6926 6911 6925
f 6926 6913 6911
f 6913 6928 6915
f 6913 6926 6928
f 6916 6915 6929
f 6929 6915 6928
f 6520 6509 6930
f 6509 6931 6930
f 6509 6918 6931
f 6932 6521 6520
f 6932 6520 6930
f 6932 6523 6521
f 6921 6920 6933
f 6921 6933 6934
f 6525 6933 6513
f 6513 6933 6920
f 6922 6528 6517
f 6935 6528 6922
f 6530 6936 6923
f 6530 6923 6519
f 6924 6923 6937
f 6937 6923 6936
f 6927 6938 6926
f 6926 6938 6928
f 6928 6938 6939
f 6928 6939 6929
f 6931 6940 6930
f 6942 6941 6940
f 6941 6930 6940
f 6941 6932 6930
f 6941 6532 6523
f 6941 6523 6932
f 6943 6934 6933
f 6945 6943 6944
f 6944 6943 6533
f 6943 6933 6533
f 6933 6525 6533
f 6534 6944 6533
f 6946 6536 6537
f 6947 6946 6537
f 6528 6947 6537
f 6935 6947 6528
f 6539 6948 6538
f 6936 6530 6538
f 6948 6936 6538
f 6949 6936 6948
f 6937 6936 6950
f 6950 6936 6949
f 6941 6942 6951
f 6951 6942 6952
f 6951 6541 6532
f 6951 6532 6941
f 6945 6944 6953
f 6945 6953 6954
f 6542 6953 6534
f 6534 6953 6944
f 6955 6545 6946
f 6946 6545 6536
f 6946 6947 6956
f 6946 6956 6955
f 6546 6948 6539
f 6948 6546 6548
f 6957 6948 6548
f 6949 6948 6957
f 6950 6949 6958
f 6958 6949 6957
f 6951 6952 6959
f 6959 6952 6960
f 6959 6550 6541
f 6959 6541 6951
f 6954 6953 6961
f 6954 6961 6962
f 6552 6961 6542
f 6542 6961 6953
f 6955 6554 6545
f 6964 6963 6556
f 6964 6556 6554
f 6956 6964 6554
f 6955 6956 6554
f 6965 6963 6964
f 6558 6966 6957
f 6558 6957 6548
f 6958 6957 6967
f 6967 6957 6966
f 6959 6960 6968
f 6968 6960 6969
f 6968 6560 6550
f 6968 6550 6959
f 6962 6961 6970
f 6962 6970 6971
f 6562 6970 6552
f 6552 6970 6961
f 6972 6564 6563
f 6566 6972 6563
f 6973 6568 6963
f 6963 6568 6556
f 6963 6965 6974
f 6963 6974 6973
f 6570 6975 6966
f 6570 6966 6558
f 6967 6966 6976
f 6976 6966 6975
f 6968 6969 6977
f 6977 6969 6978
f 6977 6572 6560
f 6977 6560 6968
f 6979 6971 6970
f 6562 6574 6970
f 6574 6980 6970
f 6980 6979 6970
f 6980 6574 6981
f 6981 6982 6980
f 6972 6576 6564
f 6576 6972 6983
f 6577 6983 6566
f 6566 6983 6972
f 6984 6578 6973
f 6973 6578 6568
f 6973 6974 6985
f 6973 6985 6984
f 6579 6986 6975
f 6579 6975 6570
f 6976 6975 6987
f 6987 6975 6986
f 6990 6989 6988
f 6988 6991 6990
f 6977 6978 6992
f 6992 6978 6993
f 6992 6581 6572
f 6992 6572 6977
f 6582 6981 6574
f 6982 6981 6994
f 6582 6994 6981
f 6994 6582 6995
f 6576 6995 6582
f 6995 6576 6983
f 6583 6995 6577
f 6577 6995 6983
f 6996 6584 6984
f 6984 6584 6578
f 6984 6985 6997
f 6984 6997 6996
f 6585 6986 6579
f 6585 6587 6986
f 6587 6987 6986
f 6587 6998 6987
f 6988 6989 6999
f 6999 6989 7000
f 6991 6988 7001
f 6988 7002 7001
f 6988 6999 7002
f 7001 7002 6993
f 7002 6992 6993
f 7002 7003 6992
f 7004 6588 6581
f 6992 7004 6581
f 7003 7004 6992
f 7004 6590 6588
f 7005 6994 6995
f 6995 6583 7005
f 6583 7006 7005
f 6583 6591 7006
f 6996 6592 6584
f 6594 6592 6996
f 6997 6594 6996
f 7007 6594 6997
f 6596 7009 7008
f 6998 6596 7008
f 6587 6596 6998
f 7009 7010 7008
f 7000 7011 6999
f 7013 7012 7011
f 7012 6999 7011
f 7012 7002 6999
f 7002 7014 7003
f 7002 7012 7014
f 7003 7015 7004
f 7003 7014 7015
f 7015 6598 6590
f 7015 6590 7004
f 6600 7006 6591
f 6600 7016 7006
f 7018 6602 7017
f 6602 7007 7017
f 6602 6594 7007
f 7019 7018 7017
f 6604 7020 7009
f 6604 7009 6596
f 7010 7009 7021
f 7021 7009 7020
f 7024 7023 7022
f 7024 7022 7013
f 7022 7012 7013
f 7022 7025 7012
f 7025 6606 6607
f 7014 7025 6607
f 7012 7025 7014
f 7014 6607 6608
f 7014 6608 7015
f 7015 6608 6598
f 6612 7016 6600
f 6612 7026 7016
f 7027 6614 7018
f 7018 6614 6602
f 7018 7019 7028
f 7018 7028 7027
f 6616 7029 7020
f 6616 7020 6604
f 7021 7020 7030
f 7020 7031 7030
f 7020 7029 7031
f 7031 7032 7030
f 7023 7033 7022
f 7035 7034 7033
f 7034 7022 7033
f 7034 7025 7022
f 7034 6618 6606
f 7034 6606 7025
f 7036 7026 6612
f 7036 6612 6621
f 6621 6622 7036
f 7036 6622 7037
f 7038 6623 7027
f 7027 6623 6614
f 7027 7028 7039
f 7027 7039 7038
f 6624 7029 6616
f 7029 6624 6626
f 7040 7029 6626
f 7031 7029 7040
f 7032 7031 7041
f 7031 7042 7041
f 7031 7040 7042
f 7044 7043 7042
f 7042 7043 7041
f 7044 7045 7043
f 7048 7047 7046
f 7048 7046 7035
f 7046 7034 7035
f 7046 7049 7034
f 7049 6628 6618
f 7049 6618 7034
f 6631 7037 6622
f 6631 7050 7037
f 7038 6632 6623
f 7052 7051 6634
f 7052 6634 6632
f 7039 7052 6632
f 7038 7039 6632
f 7053 7051 7052
f 6635 7040 6626
f 7040 6635 6636
f 7040 6636 7042
f 7042 6636 6638
f 7042 6638 7044
f 7054 7045 7044
f 6638 7054 7044
f 6640 7054 6638
f 7056 7055 6642
f 7055 6640 6642
f 7055 7054 6640
f 7056 7057 7055
f 7047 7058 7046
f 7060 7059 7058
f 7059 7046 7058
f 7059 7049 7046
f 7059 6644 6628
f 7059 6628 7049
f 7063 7062 7061
f 7062 7050 7061
f 7050 6647 7061
f 7050 6631 6647
f 7051 6649 6634
f 7065 7064 6650
f 7065 6650 6649
f 7053 7065 6649
f 7051 7053 6649
f 7067 7066 7064
f 7067 7064 7065
f 7068 7066 7067
f 6652 7056 6642
f 7070 7069 6654
f 6654 7069 6652
f 7069 7057 6652
f 7057 7056 6652
f 7070 7071 7069
f 7059 7060 7072
f 7072 7060 7073
f 7072 6656 6644
f 7072 6644 7059
f 7076 7075 7074
f 7077 7074 7075
f 7063 7061 7078
f 7063 7078 7079
f 6658 7078 6647
f 6647 7078 7061
f 7064 6659 6650
f 6659 7064 6661
f 6661 7064 7066
f 7081 7080 6662
f 7081 6662 6661
f 7068 7081 6661
f 7066 7068 6661
f 7082 7080 7081
f 6664 7083 7070
f 6664 7070 6654
f 7071 7070 7084
f 7084 7070 7083
f 7087 7086 7085
f 7087 7085 7073
f 7085 7072 7073
f 7085 7088 7072
f 7088 6666 6656
f 7088 6656 7072
f 7076 7074 7089
f 7076 7089 7090
f 7074 7077 7091
f 7092 7074 7091
f 7089 7074 7092
f 7094 7093 7092
f 7094 7092 7091
f 7093 7094 7079
f 7093 7079 7078
f 6670 7093 7078
f 6669 6670 7078
f 6669 7078 6658
f 7095 6671 7080
f 7080 6671 6662
f 7080 7082 7096
f 7097 7080 7096
f 7095 7080 7097
f 7098 7097 7096
f 6673 7083 6664
f 7099 7084 7083
f 6673 7099 7083
f 6675 7099 6673
f 7101 7100 6676
f 7100 6675 6676
f 7100 7099 6675
f 7101 7102 7100
f 7105 7104 7103
f 7107 7106 7103
f 7103 7106 7105
f 7107 7108 7106
f 7111 7110 7109
f 7113 7112 7109
f 7109 7112 7111
f 7112 7113 7086
f 7113 7085 7086
f 7113 7114 7085
f 7085 7115 7088
f 7085 7114 7115
f 7115 6678 6666
f 7115 6666 7088
f 7090 7089 7116
f 7090 7116 7117
f 6681 7116 6680
f 7116 7092 6680
f 7116 7089 7092
f 6680 7092 6682
f 6682 7092 7093
f 6682 7093 6670
f 7095 6683 6671
f 6683 7095 6686
f 6686 7095 7097
f 7119 7118 6687
f 7119 6687 6686
f 7098 7119 6686
f 7097 7098 6686
f 7120 7118 7119
f 6689 7121 7101
f 6689 7101 6676
f 7102 7101 7122
f 7101 7123 7122
f 7101 7121 7123
f 7123 6692 7122
f 6692 6693 7122
f 7125 7124 7122
f 7125 7122 6693
f 7104 7126 7103
f 6693 6694 7125
f 7127 7125 6694
f 7107 7103 7128
f 7129 7107 7128
f 6696 7129 7128
f 6694 6696 7128
f 7127 6694 7128
f 7130 7127 7128
f 7126 7130 7128
f 7103 7126 7128
f 7108 7107 7131
f 7107 7132 7131
f 7107 7129 7132
f 7134 7133 7132
f 7132 7133 7131
f 7133 7134 7110
f 7134 7109 7110
f 7134 7135 7109
f 7135 6698 6699
f 7113 7135 6699
f 7109 7135 7113
f 7113 6699 6700
f 7113 6700 7114
f 7114 6700 6702
f 7114 6702 7115
f 7115 6702 6678
f 7137 7136 6705
f 7137 6705 6706
f 7116 6708 7117
f 6708 7136 7117
f 6708 6705 7136
f 6708 7116 6681
f 7118 6709 6687
f 7139 7138 6710
f 7139 6710 6709
f 7120 7139 6709
f 7118 7120 6709
f 7140 7138 7139
f 6711 7121 6689
f 7121 6711 6712
f 7121 6712 7123
f 7125 7141 7124
f 6692 7123 6712
f 7142 6715 6714
f 7125 7143 7141
f 7143 7125 7127
f 7130 7143 7127
f 7142 6696 6715
f 6696 7142 7129
f 7144 7129 7142
f 7144 6717 6718
f 7132 7144 6718
f 7129 7144 7132
f 7132 6718 6719
f 7132 6719 7134
f 7134 6719 6721
f 7134 6721 7135
f 7135 6721 6698
f 6706 6726 7145
f 7146 6706 7145
f 7137 6706 7146
f 6727 7145 6726
f 7138 6729 6710
f 7140 7147 7138
f 7147 6729 7138
f 7147 6731 6729
f 6732 6731 7147
f 6732 7147 7148
f 6733 7142 6714
f 7142 6733 6734
f 7142 6734 7144
f 7144 6734 6717
f 7150 7149 6737
f 7150 6737 6738
f 7145 6739 7146
f 6739 7149 7146
f 6739 6737 7149
f 6739 7145 6727
f 7148 7151 6732
f 6732 7151 6740
f 7153 7152 6741
f 6740 7153 6741
f 7151 7153 6740
f 7155 7154 7152
f 7155 7152 7153
f 7156 7154 7155
f 7159 7158 7157
f 7161 7160 7157
f 7161 7157 7158
f 7163 7162 7160
f 7163 7160 7161
f 7163 7150 7162
f 7150 6743 7162
f 7150 6738 6743
f 7152 6744 6741
f 6744 7152 6747
f 6747 7152 7154
f 7156 7164 7154
f 7164 6747 7154
f 7164 6749 6747
f 6749 7165 6751
f 7164 7165 6749
f 7167 7166 6752
f 6751 7167 6752
f 7165 7167 6751
f 7169 7168 7166
f 7169 7166 7167
f 7171 7170 7168
f 7171 7168 7169
f 7173 7172 7170
f 7173 7170 7171
f 7175 7174 7172
f 7175 7172 7173
f 7174 7175 7159
f 7174 7159 7157
f 6755 7174 7157
f 6754 6755 7157
f 6754 7157 6757
f 6757 7157 7160
f 6757 7160 6758
f 6758 7160 7162
f 6758 7162 6743
f 7166 6760 6752
f 6760 7166 6762
f 6762 7166 7168
f 6762 7168 6763
f 6763 7168 7170
f 6763 7170 6764
f 6764 7170 7172
f 6764 7172 6765
f 6765 7172 7174
f 6765 7174 6755
f 7176 6772 6773
f 6774 7177 6773
f 6773 7177 7176
f 6776 7177 6774
f 7178 6777 6778
f 6779 7179 6778
f 6778 7179 7178
f 6780 7180 6779
f 6779 7180 7179
f 6781 7181 6780
f 6780 7181 7180
f 6782 7182 6781
f 6781 7182 7181
f 6783 7183 6782
f 6782 7183 7182
f 6784 7183 6783
f 7184 6786 6787
f 6772 7176 6787
f 7176 7184 6787
f 7176 7185 7184
f 7186 7176 7177
f 7185 7176 7186
f 6788 7187 6776
f 7187 7177 6776
f 7187 7186 7177
f 6777 7178 6788
f 7178 7187 6788
f 7178 7188 7187
f 7189 7178 7179
f 7188 7178 7189
f 7190 7179 7180
f 7189 7179 7190
f 7181 7192 7191
f 7190 7181 7191
f 7180 7181 7190
f 7192 7181 7182
f 7192 7182 7193
f 7195 7194 7193
f 7182 7195 7193
f 7183 7195 7182
f 6790 7195 6784
f 6784 7195 7183
f 7196 6796 7184
f 7184 6796 6786
f 7197 7184 7185
f 7196 7184 7197
f 7198 7185 7186
f 7197 7185 7198
f 7199 7186 7187
f 7198 7186 7199
f 7200 7187 7188
f 7199 7187 7200
f 7201 7188 7189
f 7200 7188 7201
f 7202 7189 7190
f 7201 7189 7202
f 7190 7191 7203
f 7190 7203 7202
f 7204 7194 7195
f 7204 7195 6790
f 6800 7204 6790
f 7205 7204 6800
f 7207 7205 7206
f 7205 6801 7206
f 7205 6800 6801
f 7206 6801 7208
f 6801 7209 7208
f 6801 6802 7209
f 7211 7209 7210
f 7209 6803 7210
f 7209 6802 6803
f 6805 7210 6803
f 7212 6808 6809
f 6796 7196 6809
f 7196 7212 6809
f 7196 7213 7212
f 7214 7196 7197
f 7213 7196 7214
f 7198 7216 7215
f 7214 7198 7215
f 7197 7198 7214
f 7218 7217 7216
f 7198 7218 7216
f 7199 7218 7198
f 7200 7220 7219
f 7218 7200 7219
f 7199 7200 7218
f 7220 7200 7201
f 7220 7201 7221
f 7223 7222 7221
f 7201 7223 7221
f 7202 7223 7201
f 7202 7203 7224
f 7202 7224 7223
f 7225 7207 7206
f 7225 7206 7208
f 7226 7211 7210
f 7228 7226 7227
f 7227 7226 6815
f 7226 7210 6815
f 7210 6805 6815
f 6816 7227 6815
f 7229 6820 6821
f 6808 7212 6821
f 7212 7229 6821
f 7212 7230 7229
f 7231 7212 7213
f 7230 7212 7231
f 7214 7233 7232
f 7231 7214 7232
f 7213 7214 7231
f 7233 7214 7215
f 7234 7217 7218
f 7234 7218 7219
f 7235 7222 7223
f 7235 7223 7224
f 6823 7236 6824
f 7237 6825 6824
f 7237 6824 7236
f 7238 6826 6825
f 7238 6825 7237
f 7239 6827 6826
f 7239 6826 7238
f 7239 6829 6827
f 7240 7228 7227
f 7240 7227 6816
f 6830 7240 6816
f 7241 7240 6830
f 7243 7241 7242
f 7241 6831 7242
f 7241 6830 6831
f 6832 7242 6831
f 7244 6833 6834
f 6835 7245 6834
f 6834 7245 7244
f 7246 7245 6835
f 7246 6835 6820
f 7247 7246 6820
f 7229 7247 6820
f 7247 7229 7230
f 7247 7230 7248
f 7248 7230 7231
f 7248 7231 7249
f 7249 7231 7232
f 6837 7250 6836
f 7236 6823 6836
f 7250 7236 6836
f 7251 7236 7250
f 7253 7237 7252
f 7237 7251 7252
f 7237 7236 7251
f 7237 7253 7238
f 7238 7253 7254
f 7256 7255 7254
f 7255 7238 7254
f 7255 7239 7238
f 7257 6838 6829
f 7239 7257 6829
f 7255 7257 7239
f 7257 6840 6838
f 7260 7259 7258
f 7258 7259 7243
f 7258 7243 7242
f 6843 7258 7242
f 6842 6843 7242
f 6842 7242 6832
f 7261 6847 7244
f 7244 6847 6833
f 7245 7263 7262
f 7261 7245 7262
f 7244 7245 7261
f 7263 7245 7246
f 7265 7264 7250
f 6837 7265 7250
f 6850 7265 6837
f 7250 7264 7251
f 7251 7264 7266
f 7266 7267 7251
f 7267 7268 7251
f 7269 7252 7251
f 7269 7251 7268
f 7268 7270 7269
f 7255 7256 7271
f 7271 7256 7272
f 7255 7273 7257
f 7255 7271 7273
f 7273 6852 6840
f 7273 6840 7257
f 7260 7258 7274
f 7260 7274 7275
f 6855 7276 6843
f 7276 7258 6843
f 7276 7274 7258
f 6856 7277 6855
f 6855 7277 7276
f 6857 7277 6856
f 7278 6859 7261
f 7261 6859 6847
f 7261 7262 7279
f 7261 7279 7278
f 6864 7280 6865
f 7281 6866 6865
f 7281 6865 7280
f 7281 6868 6866
f 6869 7282 6870
f 6870 7282 7283
f 7284 6870 7283
f 6871 6870 7284
f 6850 6871 7265
f 7265 6871 7284
f 7268 7267 7285
f 7285 7267 7286
f 7270 7268 7287
f 7268 7288 7287
f 7268 7285 7288
f 7290 7289 7288
f 7289 7271 7288
f 7272 7287 7288
f 7272 7288 7271
f 7292 7291 7289
f 7291 7271 7289
f 7291 7273 7271
f 7293 6872 6852
f 7273 7293 6852
f 7291 7293 7273
f 7294 6873 6872
f 7294 6872 7293
f 7274 7295 7275
f 6875 6873 7294
f 7295 7274 7276
f 7295 7276 7296
f 7298 7297 7296
f 7276 7298 7296
f 7277 7298 7276
f 6877 7298 6857
f 6857 7298 7277
f 7299 6879 7278
f 7278 6879 6859
f 7278 7279 7300
f 7278 7300 7299
f 6883 7301 6884
f 7280 6864 6884
f 7301 7280 6884
f 7302 7280 7301
f 7304 7281 7303
f 7281 7302 7303
f 7281 7280 7302
f 7281 7304 6868
f 7304 6885 6868
f 7304 7305 6885
f 6885 7305 6869
f 7305 7306 6869
f 7306 7282 6869
f 7306 7305 7307
f 7283 7282 7308
f 7308 7282 7306
f 7286 7309 7285
f 7311 7310 7309
f 7310 7285 7309
f 7310 7288 7285
f 7290 7288 7312
f 7312 7288 7310
f 7292 7313 7291
f 7315 7314 7313
f 7314 7291 7313
f 7314 7293 7291
f 7293 7316 7294
f 7293 7314 7316
f 7316 6887 6875
f 7316 6875 7294
f 7317 7297 7298
f 7317 7298 6877
f 6888 7317 6877
f 7318 7317 6888
f 7320 7318 7319
f 7318 6889 7319
f 7318 6888 6889
f 6891 7319 6889
f 7321 6893 7299
f 7299 6893 6879
f 7299 7300 7322
f 7299 7322 7321
f 6897 7301 6883
f 7301 6897 6899
f 7323 7301 6899
f 7302 7301 7323
f 7303 7302 7324
f 7302 7325 7324
f 7302 7323 7325
f 7327 7326 7325
f 7325 7326 7324
f 7329 7328 7327
f 7328 7306 7327
f 7307 7326 7327
f 7307 7327 7306
f 7306 7328 7308
f 7311 7330 7310
f 7333 7332 7331
f 7310 7330 7312
f 7332 7334 7331
f 7315 7335 7314
f 7314 7335 7316
f 7316 7335 7336
f 7336 7338 7337
f 7336 7337 6900
f 7316 7336 6900
f 6887 7316 6900
f 7337 6902 6900
f 7320 7319 6904
f 6905 7320 6904
f 7339 7320 6905
f 6904 7319 6891
f 7340 6907 7321
f 7321 6907 6893
f 7321 7322 7341
f 7321 7341 7340
f 6909 7342 6910
f 7342 6912 6910
f 6914 7323 6899
f 7323 6914 6916
f 7343 7323 6916
f 7325 7323 7343
f 7325 7344 7327
f 7325 7343 7344
f 7329 7327 7345
f 7327 7346 7345
f 7327 7344 7346
f 7346 7347 7345
f 7333 7348 7332
f 7351 7350 7349
f 7332 7348 7334
f 7350 7352 7349
f 7338 7353 7337
f 7353 7355 7354
f 7353 7354 6917
f 7337 7353 6917
f 6902 7337 6917
f 7354 6918 6917
f 6905 6919 7356
f 7357 6905 7356
f 7339 6905 7357
f 6921 7356 6919
f 7358 6922 7340
f 7340 6922 6907
f 7340 7341 7359
f 7340 7359 7358
f 6924 7360 7342
f 6924 7342 6909
f 7361 6925 6912
f 7342 7361 6912
f 7360 7361 7342
f 7361 6927 6925
f 6929 7362 7343
f 6929 7343 6916
f 7343 7363 7344
f 7343 7362 7363
f 7365 7346 7364
f 7346 7363 7364
f 7346 7344 7363
f 7346 7365 7347
f 7350 7351 7366
f 7366 7351 7367
f 7352 7350 7368
f 7368 7350 7366
f 7354 7355 7369
f 7369 7355 7370
f 7369 6931 6918
f 7369 6918 7354
f 7357 7356 7371
f 7357 7371 7372
f 6934 7371 6921
f 6921 7371 7356
f 7373 6935 7358
f 7358 6935 6922
f 7358 7359 7374
f 7358 7374 7373
f 6937 7375 7360
f 6937 7360 6924
f 7360 7376 7361
f 7360 7375 7376
f 7377 6938 6927
f 7361 7377 6927
f 7376 7377 7361
f 7378 6939 6938
f 7378 6938 7377
f 7362 6929 6939
f 7378 7362 6939
f 7379 7362 7378
f 7381 7363 7380
f 7363 7379 7380
f 7363 7362 7379
f 7363 7381 7364
f 7367 7382 7366
f 7366 7382 7368
f 7370 7383 7369
f 7383 7385 7384
f 7383 7384 6940
f 7369 7383 6940
f 6931 7369 6940
f 7384 6942 6940
f 7372 7371 7386
f 7372 7386 7387
f 6943 7388 6934
f 7388 7371 6934
f 7388 7386 7371
f 6945 7388 6943
f 7389 6947 7373
f 7373 6947 6935
f 7373 7374 7390
f 7373 7390 7389
f 6950 7391 7375
f 6950 7375 6937
f 7375 7392 7376
f 7375 7391 7392
f 7376 7393 7377
f 7376 7392 7393
f 7395 7378 7394
f 7378 7393 7394
f 7378 7377 7393
f 7378 7395 7379
f 7379 7395 7396
f 7379 7396 7380
f 7384 7385 7397
f 7397 7385 7398
f 7397 6952 6942
f 7397 6942 7384
f 7399 7387 7386
f 7401 7400 7399
f 7386 7401 7399
f 7388 7401 7386
f 6954 7401 6945
f 6945 7401 7388
f 7402 6956 7389
f 7389 6956 6947
f 7389 7390 7403
f 7389 7403 7402
f 6958 7404 7391
f 6958 7391 6950
f 7391 7405 7392
f 7391 7404 7405
f 7392 7406 7393
f 7392 7405 7406
f 7394 7393 7407
f 7407 7393 7406
f 7398 7408 7397
f 6952 7397 7408
f 7409 6952 7408
f 6960 6952 7409
f 7400 7401 7410
f 7400 7410 7411
f 6962 7410 6954
f 6954 7410 7401
f 7402 6964 6956
f 6965 6964 7402
f 7403 6965 7402
f 7412 6965 7403
f 6967 7413 7404
f 6967 7404 6958
f 7404 7414 7405
f 7404 7413 7414
f 7416 7406 7415
f 7406 7414 7415
f 7406 7405 7414
f 7406 7416 7407
f 7409 6969 6960
f 7417 6969 7409
f 7411 7410 7418
f 7411 7418 7419
f 6971 7418 6962
f 6962 7418 7410
f 7412 6974 6965
f 7420 6974 7412
f 6976 7421 7413
f 6976 7413 6967
f 7413 7422 7414
f 7413 7421 7422
f 7415 7414 7423
f 7423 7414 7422
f 7426 7425 7424
f 7417 7426 7424
f 6978 7417 7424
f 6969 7417 6978
f 7427 7419 7418
f 7429 7427 7428
f 7428 7427 6979
f 7427 7418 6979
f 7418 6971 6979
f 6980 7430 6979
f 6979 7430 7428
f 6982 7430 6980
f 7432 6985 7431
f 6985 7420 7431
f 6985 6974 7420
f 7433 7432 7431
f 6987 7434 7421
f 6987 7421 6976
f 7421 7435 7422
f 7421 7434 7435
f 7423 7422 7436
f 7436 7422 7435
f 7438 7437 6990
f 6990 7437 6989
f 7439 7424 6991
f 7424 7438 6991
f 7438 6990 6991
f 7424 7425 7438
f 7439 6993 6978
f 7439 6978 7424
f 7429 7428 7440
f 7429 7440 7441
f 7442 7428 7430
f 7440 7428 7442
f 6994 7442 6982
f 6982 7442 7430
f 7443 6997 7432
f 7432 6997 6985
f 7432 7433 7444
f 7432 7444 7443
f 6998 7445 7434
f 6998 7434 6987
f 7434 7446 7435
f 7434 7445 7446
f 7436 7435 7447
f 7447 7435 7446
f 7437 7000 6989
f 7448 7000 7437
f 7001 7439 6991
f 7439 7001 6993
f 7441 7440 7449
f 7441 7449 7450
f 7451 7440 7442
f 7449 7440 7451
f 7005 7452 6994
f 7452 7442 6994
f 7452 7451 7442
f 7006 7452 7005
f 7453 7007 7443
f 7443 7007 6997
f 7443 7444 7454
f 7443 7454 7453
f 7008 7445 6998
f 7445 7008 7010
f 7455 7445 7010
f 7446 7445 7455
f 7447 7446 7456
f 7456 7446 7455
f 7011 7000 7457
f 7000 7458 7457
f 7000 7448 7458
f 7457 7013 7011
f 7450 7449 7459
f 7450 7459 7460
f 7451 7462 7461
f 7459 7451 7461
f 7449 7451 7459
f 7464 7463 7462
f 7451 7464 7462
f 7452 7464 7451
f 7016 7464 7006
f 7006 7464 7452
f 7453 7017 7007
f 7466 7465 7019
f 7466 7019 7017
f 7454 7466 7017
f 7453 7454 7017
f 7467 7465 7466
f 7021 7468 7455
f 7021 7455 7010
f 7456 7455 7469
f 7469 7455 7468
f 7457 7458 7024
f 7458 7023 7024
f 7458 7470 7023
f 7457 7024 7013
f 7460 7459 7471
f 7460 7471 7472
f 7459 7461 7473
f 7474 7459 7473
f 7471 7459 7474
f 7474 7473 7463
f 7464 7474 7463
f 7475 7474 7464
f 7026 7475 7016
f 7016 7475 7464
f 7476 7028 7465
f 7465 7028 7019
f 7465 7467 7477
f 7465 7477 7476
f 7030 7468 7021
f 7479 7478 7032
f 7032 7478 7030
f 7478 7469 7030
f 7469 7468 7030
f 7481 7480 7479
f 7479 7480 7478
f 7481 7482 7480
f 7485 7484 7483
f 7483 7486 7033
f 7470 7483 7033
f 7023 7470 7033
f 7483 7470 7485
f 7486 7035 7033
f 7489 7488 7487
f 7487 7488 7472
f 7471 7487 7472
f 7490 7487 7471
f 7491 7471 7474
f 7490 7471 7491
f 7492 7474 7475
f 7491 7474 7492
f 7036 7493 7026
f 7493 7475 7026
f 7493 7492 7475
f 7037 7493 7036
f 7494 7039 7476
f 7476 7039 7028
f 7476 7477 7495
f 7476 7495 7494
f 7041 7479 7032
f 7479 7041 7043
f 7479 7043 7481
f 7497 7496 7045
f 7045 7496 7043
f 7496 7482 7043
f 7482 7481 7043
f 7497 7498 7496
f 7501 7500 7499
f 7501 7499 7484
f 7499 7483 7484
f 7499 7502 7483
f 7502 7047 7048
f 7486 7502 7048
f 7483 7502 7486
f 7486 7048 7035
f 7489 7487 7503
f 7489 7503 7504
f 7505 7487 7490
f 7503 7487 7505
f 7506 7490 7491
f 7505 7490 7506
f 7507 7491 7492
f 7506 7491 7507
f 7508 7492 7493
f 7507 7492 7508
f 7050 7508 7037
f 7037 7508 7493
f 7494 7052 7039
f 7510 7509 7053
f 7510 7053 7052
f 7495 7510 7052
f 7494 7495 7052
f 7511 7509 7510
f 7054 7497 7045
f 7512 7498 7497
f 7054 7512 7497
f 7055 7512 7054
f 7514 7513 7057
f 7513 7055 7057
f 7513 7512 7055
f 7516 7515 7514
f 7514 7515 7513
f 7516 7517 7515
f 7499 7500 7518
f 7518 7500 7519
f 7499 7520 7502
f 7499 7518 7520
f 7521 7058 7047
f 7502 7521 7047
f 7520 7521 7502
f 7521 7060 7058
f 7504 7503 7522
f 7504 7522 7523
f 7524 7503 7505
f 7522 7503 7524
f 7525 7505 7506
f 7524 7505 7525
f 7526 7506 7507
f 7525 7506 7526
f 7063 7526 7062
f 7526 7508 7062
f 7526 7507 7508
f 7062 7508 7050
f 7509 7065 7053
f 7511 7527 7509
f 7527 7065 7509
f 7527 7067 7065
f 7529 7528 7068
f 7067 7529 7068
f 7527 7529 7067
f 7530 7528 7529
f 7069 7514 7057
f 7514 7069 7071
f 7531 7514 7071
f 7516 7514 7531
f 7517 7516 7532
f 7532 7516 7531
f 7535 7534 7533
f 7535 7533 7519
f 7533 7518 7519
f 7533 7536 7518
f 7518 7537 7520
f 7518 7536 7537
f 7520 7538 7521
f 7520 7537 7538
f 7538 7073 7060
f 7538 7060 7521
f 7523 7522 7539
f 7523 7539 7540
f 7076 7539 7075
f 7539 7524 7075
f 7539 7522 7524
f 7075 7524 7077
f 7524 7541 7077
f 7524 7525 7541
f 7542 7525 7526
f 7541 7525 7542
f 7079 7542 7063
f 7063 7542 7526
f 7528 7081 7068
f 7544 7543 7082
f 7544 7082 7081
f 7530 7544 7081
f 7528 7530 7081
f 7545 7543 7544
f 7084 7546 7531
f 7084 7531 7071
f 7532 7531 7547
f 7531 7548 7547
f 7531 7546 7548
f 7548 7549 7547
f 7552 7551 7550
f 7554 7553 7550
f 7550 7553 7552
f 7556 7555 7554
f 7554 7555 7553
f 7555 7556 7534
f 7556 7533 7534
f 7556 7557 7533
f 7533 7558 7536
f 7533 7557 7558
f 7536 7559 7537
f 7536 7558 7559
f 7559 7086 7087
f 7538 7559 7087
f 7537 7559 7538
f 7538 7087 7073
f 7562 7561 7560
f 7560 7561 7540
f 7539 7560 7540
f 7563 7560 7539
f 7090 7563 7076
f 7076 7563 7539
f 7541 7091 7077
f 7091 7541 7094
f 7094 7541 7542
f 7094 7542 7079
f 7543 7096 7082
f 7565 7564 7098
f 7565 7098 7096
f 7545 7565 7096
f 7543 7545 7096
f 7566 7564 7565
f 7099 7546 7084
f 7546 7099 7100
f 7546 7100 7548
f 7568 7567 7102
f 7102 7567 7100
f 7567 7549 7100
f 7549 7548 7100
f 7570 7569 7568
f 7568 7569 7567
f 7569 7570 7551
f 7551 7570 7550
f 7570 7104 7550
f 7104 7105 7550
f 7550 7105 7106
f 7550 7106 7554
f 7554 7106 7108
f 7571 7554 7108
f 7556 7554 7571
f 7556 7572 7557
f 7556 7571 7572
f 7572 7110 7111
f 7558 7572 7111
f 7557 7572 7558
f 7558 7111 7112
f 7558 7112 7559
f 7559 7112 7086
f 7562 7560 7573
f 7562 7573 7574
f 7575 7560 7563
f 7573 7560 7575
f 7117 7575 7090
f 7090 7575 7563
f 7564 7119 7098
f 7577 7576 7120
f 7577 7120 7119
f 7566 7577 7119
f 7564 7566 7119
f 7578 7576 7577
f 7122 7568 7102
f 7568 7122 7124
f 7579 7568 7124
f 7570 7568 7579
f 7580 7126 7104
f 7570 7580 7104
f 7579 7580 7570
f 7580 7130 7126
f 7131 7571 7108
f 7571 7131 7133
f 7571 7133 7572
f 7572 7133 7110
f 7574 7573 7581
f 7574 7581 7582
f 7137 7581 7136
f 7581 7575 7136
f 7581 7573 7575
f 7136 7575 7117
f 7576 7139 7120
f 7584 7583 7140
f 7584 7140 7139
f 7578 7584 7139
f 7576 7578 7139
f 7585 7583 7584
f 7141 7579 7124
f 7579 7141 7143
f 7579 7143 7580
f 7580 7143 7130
f 7588 7587 7586
f 7586 7587 7582
f 7581 7586 7582
f 7589 7586 7581
f 7146 7589 7137
f 7137 7589 7581
f 7583 7147 7140
f 7591 7590 7148
f 7591 7148 7147
f 7585 7591 7147
f 7583 7585 7147
f 7593 7592 7590
f 7593 7590 7591
f 7594 7592 7593
f 7597 7596 7595
f 7599 7598 7595
f 7599 7595 7596
f 7601 7600 7598
f 7601 7598 7599
f 7600 7601 7588
f 7586 7600 7588
f 7602 7600 7586
f 7150 7602 7149
f 7602 7589 7149
f 7602 7586 7589
f 7149 7589 7146
f 7590 7151 7148
f 7151 7590 7153
f 7153 7590 7592
f 7594 7603 7592
f 7603 7153 7592
f 7603 7155 7153
f 7605 7604 7156
f 7155 7605 7156
f 7603 7605 7155
f 7607 7606 7604
f 7607 7604 7605
f 7609 7608 7606
f 7609 7606 7607
f 7611 7610 7608
f 7611 7608 7609
f 7612 7610 7611
f 7615 7614 7613
f 7613 7614 7597
f 7595 7613 7597
f 7616 7613 7595
f 7159 7616 7158
f 7616 7598 7158
f 7616 7595 7598
f 7158 7598 7161
f 7161 7598 7600
f 7161 7600 7163
f 7163 7600 7602
f 7163 7602 7150
f 7604 7164 7156
f 7164 7604 7165
f 7165 7604 7606
f 7165 7606 7167
f 7167 7606 7608
f 7167 7608 7169
f 7169 7608 7610
f 7612 7617 7610
f 7617 7169 7610
f 7617 7171 7169
f 7613 7173 7615
f 7173 7617 7615
f 7173 7171 7617
f 7173 7613 7175
f 7175 7613 7616
f 7175 7616 7159
f 7618 7191 7192
f 7193 7619 7192
f 7192 7619 7618
f 7194 7619 7193
f 7620 7203 7618
f 7618 7203 7191
f 7619 7622 7621
f 7620 7619 7621
f 7618 7619 7620
f 7624 7622 7623
f 7623 7622 7204
f 7622 7619 7204
f 7619 7194 7204
f 7205 7625 7204
f 7204 7625 7623
f 7207 7625 7205
f 7626 7208 7209
f 7211 7626 7209
f 7627 7215 7216
f 7217 7627 7216
f 7628 7219 7220
f 7221 7629 7220
f 7220 7629 7628
f 7222 7629 7221
f 7631 7630 7620
f 7630 7203 7620
f 7630 7224 7203
f 7631 7620 7621
f 7632 7624 7623
f 7634 7633 7632
f 7623 7634 7632
f 7625 7634 7623
f 7225 7635 7207
f 7635 7625 7207
f 7635 7634 7625
f 7208 7626 7225
f 7626 7635 7225
f 7626 7636 7635
f 7226 7637 7211
f 7637 7626 7211
f 7637 7636 7626
f 7228 7637 7226
f 7640 7639 7638
f 7232 7233 7641
f 7640 7638 7642
f 7215 7627 7233
f 7627 7641 7233
f 7627 7643 7641
f 7234 7644 7217
f 7644 7627 7217
f 7644 7643 7627
f 7219 7628 7234
f 7628 7644 7234
f 7628 7645 7644
f 7629 7647 7646
f 7645 7629 7646
f 7628 7629 7645
f 7647 7629 7222
f 7235 7647 7222
f 7648 7647 7235
f 7235 7224 7630
f 7235 7630 7648
f 7649 7633 7634
f 7649 7634 7635
f 7649 7635 7650
f 7650 7635 7636
f 7650 7636 7651
f 7651 7636 7637
f 7651 7637 7652
f 7654 7652 7653
f 7653 7652 7240
f 7652 7637 7240
f 7637 7228 7240
f 7241 7655 7240
f 7240 7655 7653
f 7243 7655 7241
f 7656 7246 7247
f 7248 7657 7247
f 7247 7657 7656
f 7639 7658 7638
f 7658 7248 7638
f 7248 7249 7638
f 7248 7658 7657
f 7249 7642 7638
f 7249 7659 7642
f 7249 7232 7641
f 7659 7249 7641
f 7659 7641 7643
f 7659 7643 7660
f 7660 7643 7644
f 7660 7644 7661
f 7661 7644 7645
f 7661 7645 7662
f 7662 7645 7646
f 7252 7663 7253
f 7664 7254 7253
f 7664 7253 7663
f 7664 7256 7254
f 7665 7654 7653
f 7260 7666 7259
f 7666 7653 7259
f 7653 7655 7259
f 7666 7665 7653
f 7259 7655 7243
f 7667 7262 7263
f 7246 7656 7263
f 7656 7667 7263
f 7656 7668 7667
f 7669 7656 7657
f 7668 7656 7669
f 7657 7658 7670
f 7657 7670 7669
f 7265 7671 7264
f 7672 7266 7264
f 7672 7264 7671
f 7269 7663 7252
f 7267 7266 7672
f 7663 7269 7270
f 7673 7663 7270
f 7664 7663 7673
f 7673 7272 7256
f 7673 7256 7664
f 7275 7666 7260
f 7275 7674 7666
f 7675 7279 7667
f 7667 7279 7262
f 7676 7667 7668
f 7675 7667 7676
f 7677 7668 7669
f 7676 7668 7677
f 7669 7670 7678
f 7669 7678 7677
f 7283 7679 7284
f 7671 7265 7284
f 7679 7671 7284
f 7680 7671 7679
f 7671 7681 7672
f 7671 7680 7681
f 7681 7286 7267
f 7681 7267 7672
f 7287 7673 7270
f 7272 7673 7287
f 7289 7290 7682
f 7682 7292 7289
f 7683 7674 7275
f 7683 7275 7295
f 7685 7683 7684
f 7683 7296 7684
f 7683 7295 7296
f 7297 7684 7296
f 7686 7300 7675
f 7675 7300 7279
f 7687 7675 7676
f 7686 7675 7687
f 7677 7689 7688
f 7687 7677 7688
f 7676 7677 7687
f 7689 7677 7678
f 7303 7690 7304
f 7691 7305 7304
f 7691 7304 7690
f 7691 7307 7305
f 7308 7692 7679
f 7308 7679 7283
f 7679 7693 7680
f 7679 7692 7693
f 7680 7694 7681
f 7680 7693 7694
f 7695 7309 7286
f 7681 7695 7286
f 7694 7695 7681
f 7695 7311 7309
f 7312 7696 7682
f 7312 7682 7290
f 7697 7313 7292
f 7682 7697 7292
f 7696 7697 7682
f 7697 7315 7313
f 7698 7685 7684
f 7698 7684 7297
f 7317 7698 7297
f 7699 7698 7317
f 7701 7699 7700
f 7699 7318 7700
f 7699 7317 7318
f 7320 7700 7318
f 7702 7322 7686
f 7686 7322 7300
f 7703 7686 7687
f 7702 7686 7703
f 7687 7688 7704
f 7687 7704 7703
f 7324 7690 7303
f 7690 7324 7326
f 7690 7326 7691
f 7307 7691 7326
f 7328 7329 7705
f 7692 7308 7328
f 7705 7692 7328
f 7706 7692 7705
f 7692 7707 7693
f 7692 7706 7707
f 7693 7708 7694
f 7693 7707 7708
f 7694 7709 7695
f 7694 7708 7709
f 7710 7330 7311
f 7695 7710 7311
f 7709 7710 7695
f 7710 7312 7330
f 7710 7696 7312
f 7710 7333 7331
f 7696 7710 7331
f 7696 7331 7334
f 7711 7696 7334
f 7697 7696 7711
f 7712 7335 7315
f 7697 7712 7315
f 7711 7712 7697
f 7713 7336 7335
f 7713 7335 7712
f 7713 7338 7336
f 7716 7715 7714
f 7714 7715 7701
f 7700 7714 7701
f 7717 7714 7700
f 7339 7717 7320
f 7320 7717 7700
f 7718 7341 7702
f 7702 7341 7322
f 7719 7702 7703
f 7718 7702 7719
f 7703 7704 7720
f 7703 7720 7719
f 7345 7705 7329
f 7705 7345 7347
f 7721 7705 7347
f 7706 7705 7721
f 7706 7722 7707
f 7706 7721 7722
f 7724 7708 7723
f 7708 7722 7723
f 7708 7707 7722
f 7726 7725 7724
f 7725 7708 7724
f 7725 7709 7708
f 7709 7727 7710
f 7709 7725 7727
f 7728 7348 7333
f 7710 7728 7333
f 7727 7728 7710
f 7728 7334 7348
f 7728 7711 7334
f 7728 7351 7349
f 7711 7728 7349
f 7711 7349 7352
f 7729 7711 7352
f 7712 7711 7729
f 7712 7730 7713
f 7712 7729 7730
f 7731 7353 7338
f 7713 7731 7338
f 7730 7731 7713
f 7731 7355 7353
f 7732 7716 7714
f 7734 7733 7732
f 7714 7734 7732
f 7717 7734 7714
f 7357 7734 7339
f 7339 7734 7717
f 7735 7359 7718
f 7718 7359 7341
f 7736 7718 7719
f 7735 7718 7736
f 7719 7720 7737
f 7719 7737 7736
f 7364 7738 7365
f 7721 7347 7365
f 7738 7721 7365
f 7739 7721 7738
f 7721 7740 7722
f 7721 7739 7740
f 7723 7722 7741
f 7741 7722 7740
f 7726 7742 7725
f 7744 7743 7742
f 7743 7725 7742
f 7743 7727 7725
f 7727 7745 7728
f 7727 7743 7745
f 7745 7367 7351
f 7745 7351 7728
f 7368 7746 7729
f 7368 7729 7352
f 7729 7747 7730
f 7729 7746 7747
f 7730 7748 7731
f 7730 7747 7748
f 7748 7370 7355
f 7748 7355 7731
f 7749 7733 7734
f 7734 7357 7749
f 7357 7750 7749
f 7357 7372 7750
f 7751 7374 7735
f 7735 7374 7359
f 7752 7735 7736
f 7751 7735 7752
f 7736 7737 7753
f 7736 7753 7752
f 7380 7754 7381
f 7738 7364 7381
f 7754 7738 7381
f 7755 7738 7754
f 7738 7756 7739
f 7738 7755 7756
f 7739 7757 7740
f 7739 7756 7757
f 7741 7740 7758
f 7758 7740 7757
f 7744 7759 7743
f 7761 7760 7759
f 7760 7743 7759
f 7760 7745 7743
f 7762 7382 7367
f 7745 7762 7367
f 7760 7762 7745
f 7746 7368 7382
f 7762 7746 7382
f 7763 7746 7762
f 7746 7764 7747
f 7746 7763 7764
f 7766 7748 7765
f 7748 7764 7765
f 7748 7747 7764
f 7766 7768 7767
f 7766 7767 7383
f 7748 7766 7383
f 7370 7748 7383
f 7767 7385 7383
f 7387 7750 7372
f 7387 7769 7750
f 7770 7390 7751
f 7751 7390 7374
f 7752 7772 7771
f 7770 7752 7771
f 7751 7752 7770
f 7772 7752 7753
f 7394 7773 7395
f 7774 7396 7395
f 7774 7395 7773
f 7754 7380 7396
f 7774 7754 7396
f 7775 7754 7774
f 7754 7776 7755
f 7754 7775 7776
f 7755 7777 7756
f 7755 7776 7777
f 7779 7757 7778
f 7757 7777 7778
f 7757 7756 7777
f 7757 7779 7758
f 7761 7780 7760
f 7782 7781 7780
f 7781 7760 7780
f 7781 7762 7760
f 7762 7783 7763
f 7762 7781 7783
f 7763 7784 7764
f 7763 7783 7784
f 7765 7764 7785
f 7785 7764 7784
f 7767 7768 7786
f 7786 7768 7787
f 7786 7398 7385
f 7786 7385 7767
f 7387 7399 7788
f 7789 7387 7788
f 7769 7387 7789
f 7400 7788 7399
f 7790 7403 7770
f 7770 7403 7390
f 7770 7771 7791
f 7770 7791 7790
f 7407 7792 7773
f 7407 7773 7394
f 7773 7793 7774
f 7773 7792 7793
f 7774 7794 7775
f 7774 7793 7794
f 7775 7795 7776
f 7775 7794 7795
f 7776 7796 7777
f 7776 7795 7796
f 7778 7777 7797
f 7797 7777 7796
f 7782 7798 7781
f 7781 7798 7783
f 7783 7798 7799
f 7783 7799 7784
f 7784 7799 7800
f 7803 7802 7801
f 7784 7800 7785
f 7805 7804 7802
f 7804 7786 7802
f 7787 7801 7802
f 7787 7802 7786
f 7804 7807 7806
f 7804 7806 7408
f 7786 7804 7408
f 7398 7786 7408
f 7806 7409 7408
f 7789 7788 7808
f 7789 7808 7809
f 7411 7808 7400
f 7400 7808 7788
f 7810 7412 7790
f 7790 7412 7403
f 7790 7791 7811
f 7812 7790 7811
f 7810 7790 7812
f 7813 7812 7811
f 7415 7814 7416
f 7792 7407 7416
f 7814 7792 7416
f 7815 7792 7814
f 7792 7816 7793
f 7792 7815 7816
f 7793 7817 7794
f 7793 7816 7817
f 7794 7818 7795
f 7794 7817 7818
f 7820 7796 7819
f 7796 7818 7819
f 7796 7795 7818
f 7796 7820 7797
f 7803 7821 7802
f 7821 7822 7802
f 7822 7823 7802
f 7824 7805 7802
f 7824 7802 7823
f 7824 7823 7807
f 7823 7806 7807
f 7823 7825 7806
f 7825 7417 7409
f 7825 7409 7806
f 7809 7808 7826
f 7809 7826 7827
f 7419 7826 7411
f 7411 7826 7808
f 7828 7420 7810
f 7810 7420 7412
f 7829 7810 7812
f 7828 7810 7829
f 7812 7813 7830
f 7812 7830 7829
f 7423 7831 7814
f 7423 7814 7415
f 7814 7832 7815
f 7814 7831 7832
f 7815 7833 7816
f 7815 7832 7833
f 7816 7834 7817
f 7816 7833 7834
f 7817 7835 7818
f 7817 7834 7835
f 7819 7818 7836
f 7836 7818 7835
f 7823 7822 7837
f 7837 7822 7838
f 7837 7425 7426
f 7825 7837 7426
f 7823 7837 7825
f 7825 7426 7417
f 7839 7827 7826
f 7841 7839 7840
f 7840 7839 7427
f 7839 7826 7427
f 7826 7419 7427
f 7429 7840 7427
f 7828 7431 7420
f 7431 7828 7433
f 7828 7842 7433
f 7828 7829 7842
f 7829 7830 7843
f 7829 7843 7842
f 7436 7844 7831
f 7436 7831 7423
f 7831 7845 7832
f 7831 7844 7845
f 7832 7846 7833
f 7832 7845 7846
f 7833 7847 7834
f 7833 7846 7847
f 7849 7835 7848
f 7835 7847 7848
f 7835 7834 7847
f 7835 7849 7836
f 7837 7838 7438
f 7838 7437 7438
f 7838 7850 7437
f 7837 7438 7425
f 7841 7840 7851
f 7841 7851 7852
f 7441 7851 7429
f 7429 7851 7840
f 7853 7444 7842
f 7842 7444 7433
f 7842 7843 7854
f 7842 7854 7853
f 7447 7855 7844
f 7447 7844 7436
f 7844 7856 7845
f 7844 7855 7856
f 7845 7857 7846
f 7845 7856 7857
f 7859 7847 7858
f 7847 7857 7858
f 7847 7846 7857
f 7847 7859 7848
f 7862 7861 7860
f 7850 7862 7860
f 7448 7850 7860
f 7437 7850 7448
f 7852 7851 7863
f 7852 7863 7864
f 7450 7863 7441
f 7441 7863 7851
f 7865 7454 7853
f 7853 7454 7444
f 7853 7854 7866
f 7853 7866 7865
f 7456 7867 7855
f 7456 7855 7447
f 7855 7868 7856
f 7855 7867 7868
f 7870 7857 7869
f 7857 7868 7869
f 7857 7856 7868
f 7857 7870 7858
f 7860 7861 7871
f 7871 7861 7872
f 7871 7458 7448
f 7871 7448 7860
f 7875 7874 7873
f 7877 7876 7873
f 7877 7873 7874
f 7876 7877 7864
f 7863 7876 7864
f 7878 7876 7863
f 7460 7878 7450
f 7450 7878 7863
f 7879 7461 7462
f 7463 7879 7462
f 7865 7466 7454
f 7881 7880 7467
f 7881 7467 7466
f 7866 7881 7466
f 7865 7866 7466
f 7882 7880 7881
f 7469 7883 7867
f 7469 7867 7456
f 7867 7884 7868
f 7867 7883 7884
f 7869 7868 7885
f 7885 7868 7884
f 7871 7872 7886
f 7886 7872 7887
f 7886 7470 7458
f 7886 7458 7871
f 7875 7873 7888
f 7875 7888 7889
f 7890 7873 7876
f 7888 7873 7890
f 7891 7876 7878
f 7890 7876 7891
f 7472 7891 7460
f 7460 7891 7878
f 7879 7473 7461
f 7473 7879 7463
f 7892 7477 7880
f 7880 7477 7467
f 7880 7882 7893
f 7880 7893 7892
f 7478 7883 7469
f 7883 7478 7480
f 7883 7480 7884
f 7895 7894 7482
f 7482 7894 7480
f 7894 7885 7480
f 7885 7884 7480
f 7897 7896 7895
f 7895 7896 7894
f 7897 7898 7896
f 7901 7900 7899
f 7901 7899 7887
f 7887 7899 7886
f 7899 7484 7886
f 7484 7485 7886
f 7886 7485 7470
f 7902 7889 7888
f 7904 7903 7902
f 7888 7904 7902
f 7890 7904 7888
f 7489 7904 7488
f 7904 7891 7488
f 7904 7890 7891
f 7488 7891 7472
f 7905 7495 7892
f 7892 7495 7477
f 7892 7893 7906
f 7907 7892 7906
f 7905 7892 7907
f 7908 7907 7906
f 7496 7895 7482
f 7895 7496 7498
f 7909 7895 7498
f 7897 7895 7909
f 7898 7897 7910
f 7897 7911 7910
f 7897 7909 7911
f 7913 7912 7911
f 7911 7912 7910
f 7913 7914 7912
f 7917 7916 7915
f 7917 7915 7900
f 7900 7915 7899
f 7915 7500 7899
f 7500 7501 7899
f 7899 7501 7484
f 7903 7904 7918
f 7903 7918 7919
f 7504 7918 7489
f 7489 7918 7904
f 7905 7510 7495
f 7510 7905 7511
f 7905 7920 7511
f 7905 7907 7920
f 7907 7908 7921
f 7922 7907 7921
f 7920 7907 7922
f 7924 7923 7922
f 7924 7922 7921
f 7925 7923 7924
f 7512 7909 7498
f 7909 7512 7513
f 7909 7513 7911
f 7911 7513 7515
f 7911 7515 7913
f 7927 7926 7517
f 7517 7926 7515
f 7926 7914 7515
f 7914 7913 7515
f 7927 7928 7926
f 7931 7930 7929
f 7933 7932 7929
f 7929 7932 7931
f 7935 7934 7933
f 7933 7934 7932
f 7934 7935 7916
f 7935 7915 7916
f 7935 7936 7915
f 7936 7519 7500
f 7936 7500 7915
f 7939 7938 7937
f 7937 7938 7919
f 7918 7937 7919
f 7940 7937 7918
f 7523 7940 7504
f 7504 7940 7918
f 7920 7527 7511
f 7527 7920 7529
f 7529 7920 7922
f 7529 7922 7530
f 7922 7941 7530
f 7922 7923 7941
f 7923 7925 7942
f 7943 7923 7942
f 7941 7923 7943
f 7944 7943 7942
f 7532 7945 7927
f 7532 7927 7517
f 7928 7927 7946
f 7927 7947 7946
f 7927 7945 7947
f 7949 7948 7947
f 7947 7948 7946
f 7948 7949 7930
f 7949 7929 7930
f 7949 7950 7929
f 7929 7951 7933
f 7929 7950 7951
f 7933 7952 7935
f 7933 7951 7952
f 7952 7534 7535
f 7936 7952 7535
f 7935 7952 7936
f 7936 7535 7519
f 7939 7937 7953
f 7939 7953 7954
f 7955 7937 7940
f 7953 7937 7955
f 7540 7955 7523
f 7523 7955 7940
f 7941 7544 7530
f 7544 7941 7545
f 7941 7956 7545
f 7941 7943 7956
f 7943 7944 7957
f 7943 7957 7956
f 7547 7945 7532
f 7945 7547 7549
f 7958 7945 7549
f 7947 7945 7958
f 7947 7959 7949
f 7947 7958 7959
f 7959 7551 7552
f 7950 7959 7552
f 7949 7959 7950
f 7950 7552 7553
f 7950 7553 7951
f 7951 7553 7555
f 7951 7555 7952
f 7952 7555 7534
f 7954 7953 7960
f 7954 7960 7961
f 7562 7960 7561
f 7960 7955 7561
f 7960 7953 7955
f 7561 7955 7540
f 7956 7565 7545
f 7963 7962 7566
f 7963 7566 7565
f 7957 7963 7565
f 7956 7957 7565
f 7965 7964 7962
f 7965 7962 7963
f 7966 7964 7965
f 7567 7958 7549
f 7958 7567 7569
f 7958 7569 7959
f 7959 7569 7551
f 7961 7960 7967
f 7961 7967 7968
f 7574 7967 7562
f 7562 7967 7960
f 7962 7577 7566
f 7577 7962 7578
f 7962 7969 7578
f 7962 7964 7969
f 7964 7966 7970
f 7971 7964 7970
f 7969 7964 7971
f 7972 7971 7970
f 7975 7974 7973
f 7973 7974 7968
f 7967 7973 7968
f 7976 7973 7967
f 7582 7976 7574
f 7574 7976 7967
f 7969 7584 7578
f 7584 7969 7585
f 7969 7977 7585
f 7969 7971 7977
f 7971 7972 7978
f 7979 7971 7978
f 7977 7971 7979
f 7980 7979 7978
f 7983 7982 7981
f 7985 7984 7981
f 7985 7981 7982
f 7987 7986 7984
f 7987 7984 7985
f 7989 7988 7986
f 7989 7986 7987
f 7988 7989 7975
f 7973 7988 7975
f 7990 7988 7973
f 7588 7990 7587
f 7990 7976 7587
f 7990 7973 7976
f 7587 7976 7582
f 7977 7591 7585
f 7591 7977 7593
f 7593 7977 7979
f 7992 7991 7594
f 7992 7594 7593
f 7980 7992 7593
f 7979 7980 7593
f 7994 7993 7991
f 7994 7991 7992
f 7996 7995 7993
f 7996 7993 7994
f 7998 7997 7995
f 7998 7995 7996
f 8000 7999 7997
f 8000 7997 7998
f 7999 8000 7983
f 7981 7999 7983
f 8001 7999 7981
f 8002 7981 7984
f 8001 7981 8002
f 7597 8002 7596
f 8002 7986 7596
f 8002 7984 7986
f 7596 7986 7599
f 7599 7986 7988
f 7599 7988 7601
f 7601 7988 7990
f 7601 7990 7588
f 7991 7603 7594
f 7603 7991 7605
f 7605 7991 7993
f 7605 7993 7607
f 7607 7993 7995
f 7607 7995 7609
f 7609 7995 7997
f 7609 7997 7611
f 7611 7997 7999
f 7611 7999 7612
f 7999 8003 7612
f 7999 8001 8003
f 7615 8003 7614
f 8003 8002 7614
f 8003 8001 8002
f 7614 8002 7597
f 8003 7617 7612
f 7617 8003 7615
f 8004 7621 7622
f 7624 8004 7622
f 8005 7630 7631
f 7621 8004 7631
f 8004 8005 7631
f 8004 8006 8005
f 7632 8007 7624
f 8007 8004 7624
f 8007 8006 8004
f 7633 8007 7632
f 8008 7639 7640
f 7642 8008 7640
f 8009 7646 7647
f 7648 8010 7647
f 7647 8010 8009
f 7630 8005 7648
f 8005 8010 7648
f 8005 8011 8010
f 8012 8005 8006
f 8011 8005 8012
f 8013 8006 8007
f 8012 8006 8013
f 7649 8014 7633
f 8014 8007 7633
f 8014 8013 8007
f 7650 8015 7649
f 7649 8015 8014
f 7651 8016 7650
f 7650 8016 8015
f 7652 8017 7651
f 7651 8017 8016
f 7654 8017 7652
f 8018 7658 8008
f 8008 7658 7639
f 7659 8019 7642
f 8019 8008 7642
f 8019 8018 8008
f 8019 7659 8020
f 7659 8021 8020
f 7659 7660 8021
f 8023 8021 8022
f 8021 7661 8022
f 8021 7660 7661
f 7662 8024 7661
f 7661 8024 8022
f 8025 8024 7662
f 8025 7662 7646
f 8026 8025 7646
f 8009 8026 7646
f 8026 8009 8010
f 8026 8010 8027
f 8027 8010 8011
f 8027 8011 8028
f 8030 8029 8028
f 8011 8030 8028
f 8012 8030 8011
f 8031 8012 8013
f 8030 8012 8031
f 8014 8033 8032
f 8031 8014 8032
f 8013 8014 8031
f 8033 8014 8015
f 8033 8015 8034
f 8036 8035 8034
f 8015 8036 8034
f 8016 8036 8015
f 8037 8016 8017
f 8036 8016 8037
f 7665 8038 7654
f 8038 8017 7654
f 8038 8037 8017
f 7666 8038 7665
f 8039 7670 8018
f 8018 7670 7658
f 8040 8018 8019
f 8039 8018 8040
f 8019 8020 8041
f 8019 8041 8040
f 8042 8023 8022
f 8042 8022 8024
f 8042 8024 8043
f 8043 8024 8025
f 8044 8029 8030
f 8044 8030 8031
f 8044 8031 8045
f 8048 8047 8046
f 8032 8045 8031
f 8049 8047 8048
f 8035 8036 8050
f 8035 8050 8051
f 8037 8053 8052
f 8050 8037 8052
f 8036 8037 8050
f 8055 8054 8053
f 8037 8055 8053
f 8038 8055 8037
f 7674 8055 7666
f 7666 8055 8038
f 8056 7678 8039
f 8039 7678 7670
f 8057 8039 8040
f 8056 8039 8057
f 8040 8041 8058
f 8040 8058 8057
f 8059 8046 8047
f 8062 8061 8060
f 8049 8059 8047
f 8061 8064 8063
f 8061 8050 8064
f 8061 8062 8051
f 8050 8061 8051
f 8050 8065 8064
f 8050 8066 8065
f 8050 8052 8067
f 8066 8050 8067
f 8066 8067 8054
f 8055 8066 8054
f 8068 8066 8055
f 7683 8069 7674
f 8069 8055 7674
f 8069 8068 8055
f 7685 8069 7683
f 8070 7688 7689
f 8071 8070 7689
f 8071 7689 7678
f 8072 8071 7678
f 8056 8072 7678
f 8072 8056 8057
f 8072 8057 8073
f 8073 8057 8058
f 8060 8061 8074
f 8060 8074 8075
f 8061 8063 8076
f 8077 8061 8076
f 8074 8061 8077
f 8077 8079 8078
f 8077 8066 8079
f 8077 8076 8065
f 8066 8077 8065
f 8081 8080 8079
f 8066 8081 8079
f 8068 8081 8066
f 8082 8068 8069
f 8081 8068 8082
f 7698 8083 7685
f 8083 8069 7685
f 8083 8082 8069
f 7699 8084 7698
f 7698 8084 8083
f 7701 8084 7699
f 8085 7704 8070
f 8070 7704 7688
f 8070 8071 8086
f 8087 8070 8086
f 8085 8070 8087
f 8088 8087 8086
f 8089 8075 8074
f 8089 8074 8077
f 8089 8077 8090
f 8090 8077 8078
f 8091 8080 8081
f 8091 8081 8082
f 8091 8082 8092
f 8094 8093 8092
f 8082 8094 8092
f 8083 8094 8082
f 7716 8094 7715
f 8094 8084 7715
f 8094 8083 8084
f 7715 8084 7701
f 8095 7720 8085
f 8085 7720 7704
f 8096 8085 8087
f 8095 8085 8096
f 8087 8088 8097
f 8098 8087 8097
f 8096 8087 8098
f 8100 8099 8098
f 8100 8098 8097
f 8102 8101 8099
f 8102 8099 8100
f 8103 8101 8102
f 7723 8104 7724
f 8104 7726 7724
f 8107 8106 8105
f 8108 8105 8106
f 8109 8093 8094
f 8111 8109 8110
f 8110 8109 7732
f 8109 8094 7732
f 8094 7716 7732
f 7733 8110 7732
f 8112 7737 8095
f 8095 7737 7720
f 8113 8095 8096
f 8112 8095 8113
f 8114 8096 8098
f 8113 8096 8114
f 8115 8098 8099
f 8114 8098 8115
f 8101 8117 8116
f 8115 8101 8116
f 8099 8101 8115
f 8117 8101 8103
f 7741 8118 8104
f 7741 8104 7723
f 8119 7742 7726
f 8104 8119 7726
f 8118 8119 8104
f 8119 7744 7742
f 8120 8107 8105
f 8120 8105 8108
f 8121 8111 8110
f 8123 8121 8122
f 8122 8121 7749
f 8121 8110 7749
f 8110 7733 7749
f 7750 8122 7749
f 8124 7753 8112
f 8112 7753 7737
f 8125 8112 8113
f 8124 8112 8125
f 8114 8127 8126
f 8125 8114 8126
f 8113 8114 8125
f 8127 8114 8115
f 8127 8115 8128
f 8128 8115 8116
f 7758 8129 8118
f 7758 8118 7741
f 8118 8130 8119
f 8118 8129 8130
f 8131 7759 7744
f 8119 8131 7744
f 8130 8131 8119
f 8131 7761 7759
f 7765 8132 7766
f 8132 7768 7766
f 8123 8122 8133
f 8123 8133 8134
f 7769 8133 7750
f 7750 8133 8122
f 8135 7771 7772
f 7753 8124 7772
f 8124 8135 7772
f 8124 8136 8135
f 8137 8124 8125
f 8136 8124 8137
f 8125 8126 8138
f 8125 8138 8137
f 7778 8139 7779
f 8129 7758 7779
f 8139 8129 7779
f 8140 8129 8139
f 8129 8141 8130
f 8129 8140 8141
f 8130 8142 8131
f 8130 8141 8142
f 8143 7780 7761
f 8131 8143 7761
f 8142 8143 8131
f 8143 7782 7780
f 7785 8144 8132
f 7785 8132 7765
f 8144 7787 7768
f 8144 7768 8132
f 8134 8133 8145
f 8134 8145 8146
f 7789 8145 7769
f 7769 8145 8133
f 8147 7791 8135
f 8135 7791 7771
f 8148 8135 8136
f 8147 8135 8148
f 8149 8136 8137
f 8148 8136 8149
f 8137 8138 8150
f 8137 8150 8149
f 7797 8151 8139
f 7797 8139 7778
f 8139 8152 8140
f 8139 8151 8152
f 8140 8153 8141
f 8140 8152 8153
f 8141 8154 8142
f 8141 8153 8154
f 8142 8155 8143
f 8142 8154 8155
f 8156 7798 7782
f 8143 8156 7782
f 8155 8156 8143
f 8157 7799 7798
f 8157 7798 8156
f 8158 7800 7799
f 8158 7799 8157
f 8158 7785 7800
f 8158 8144 7785
f 8158 7803 7801
f 8144 8158 7801
f 7787 8144 7801
f 7804 7805 8159
f 8159 7807 7804
f 8160 8146 8145
f 8145 7789 8160
f 7789 8161 8160
f 7789 7809 8161
f 8147 7811 7791
f 7811 8147 7813
f 8147 8162 7813
f 8147 8148 8162
f 8163 8148 8149
f 8162 8148 8163
f 8149 8150 8164
f 8149 8164 8163
f 7819 8165 7820
f 8151 7797 7820
f 8165 8151 7820
f 8166 8151 8165
f 8168 8152 8167
f 8152 8166 8167
f 8152 8151 8166
f 8170 8169 8168
f 8169 8152 8168
f 8169 8153 8152
f 8153 8171 8154
f 8153 8169 8171
f 8173 8155 8172
f 8155 8171 8172
f 8155 8154 8171
f 8175 8174 8173
f 8174 8155 8173
f 8174 8156 8155
f 8156 8176 8157
f 8156 8174 8176
f 8157 8177 8158
f 8157 8176 8177
f 8178 7821 7803
f 8158 8178 7803
f 8177 8178 8158
f 7824 8159 7805
f 7822 7821 8178
f 8159 7824 7807
f 7827 8161 7809
f 7827 8179 8161
f 8180 7830 8162
f 8162 7830 7813
f 8181 8162 8163
f 8180 8162 8181
f 8163 8164 8182
f 8163 8182 8181
f 7836 8183 8165
f 7836 8165 7819
f 8165 8184 8166
f 8165 8183 8184
f 8167 8166 8185
f 8185 8166 8184
f 8170 8186 8169
f 8188 8187 8186
f 8187 8169 8186
f 8187 8171 8169
f 8172 8171 8189
f 8189 8171 8187
f 8174 8175 8190
f 8190 8175 8191
f 8174 8192 8176
f 8174 8190 8192
f 8176 8193 8177
f 8176 8192 8193
f 8177 8194 8178
f 8177 8193 8194
f 8194 7838 7822
f 8194 7822 8178
f 7827 7839 8195
f 8196 7827 8195
f 8179 7827 8196
f 7841 8195 7839
f 8197 7843 8180
f 8180 7843 7830
f 8198 8180 8181
f 8197 8180 8198
f 8181 8182 8199
f 8181 8199 8198
f 7848 8200 7849
f 8183 7836 7849
f 8200 8183 7849
f 8201 8183 8200
f 8183 8202 8184
f 8183 8201 8202
f 8185 8184 8203
f 8203 8184 8202
f 8188 8204 8187
f 8204 8205 8187
f 8205 8206 8187
f 8207 8189 8187
f 8207 8187 8206
f 8207 8206 8191
f 8206 8190 8191
f 8206 8208 8190
f 8190 8209 8192
f 8190 8208 8209
f 8192 8210 8193
f 8192 8209 8210
f 8193 8211 8194
f 8193 8210 8211
f 8211 7850 7838
f 8211 7838 8194
f 8214 8213 8212
f 8212 8213 8196
f 8195 8212 8196
f 8215 8212 8195
f 7852 8215 7841
f 7841 8215 8195
f 8216 7854 8197
f 8197 7854 7843
f 8217 8197 8198
f 8216 8197 8217
f 8198 8199 8218
f 8198 8218 8217
f 7858 8219 7859
f 8200 7848 7859
f 8219 8200 7859
f 8220 8200 8219
f 8200 8221 8201
f 8200 8220 8221
f 8201 8222 8202
f 8201 8221 8222
f 8203 8202 8223
f 8223 8202 8222
f 8206 8205 8224
f 8224 8205 8225
f 8206 8226 8208
f 8206 8224 8226
f 8208 8227 8209
f 8208 8226 8227
f 8209 8228 8210
f 8209 8227 8228
f 8228 7861 7862
f 8211 8228 7862
f 8210 8228 8211
f 8211 7862 7850
f 8214 8212 8229
f 8214 8229 8230
f 8231 8212 8215
f 8229 8212 8231
f 7864 8231 7852
f 7852 8231 8215
f 8232 7866 8216
f 8216 7866 7854
f 8233 8216 8217
f 8232 8216 8233
f 8217 8218 8234
f 8217 8234 8233
f 7869 8235 7870
f 8219 7858 7870
f 8235 8219 7870
f 8236 8219 8235
f 8219 8237 8220
f 8219 8236 8237
f 8220 8238 8221
f 8220 8237 8238
f 8221 8239 8222
f 8221 8238 8239
f 8223 8222 8240
f 8240 8222 8239
f 8225 8241 8224
f 8224 8241 8226
f 8226 8241 8242
f 8244 8243 8242
f 8243 8226 8242
f 8243 8227 8226
f 8227 8245 8228
f 8227 8243 8245
f 8245 7872 7861
f 8245 7861 8228
f 8248 8247 8246
f 8246 8247 8230
f 8246 8230 8229
f 7875 8246 8229
f 7874 7875 8229
f 7874 8229 7877
f 7877 8229 8231
f 7877 8231 7864
f 8232 7881 7866
f 7881 8232 7882
f 8232 8249 7882
f 8232 8233 8249
f 8233 8234 8250
f 8233 8250 8249
f 7885 8251 8235
f 7885 8235 7869
f 8235 8252 8236
f 8235 8251 8252
f 8236 8253 8237
f 8236 8252 8253
f 8237 8254 8238
f 8237 8253 8254
f 8238 8255 8239
f 8238 8254 8255
f 8240 8239 8256
f 8239 8257 8256
f 8239 8255 8257
f 8257 8258 8256
f 8261 8260 8259
f 8261 8259 8244
f 8259 8243 8244
f 8259 8262 8243
f 8243 8263 8245
f 8243 8262 8263
f 8263 7887 7872
f 8263 7872 8245
f 8248 8246 8264
f 8248 8264 8265
f 7889 8264 7875
f 7875 8264 8246
f 8266 7893 8249
f 8249 7893 7882
f 8249 8250 8267
f 8249 8267 8266
f 7894 8251 7885
f 8251 7894 7896
f 8251 7896 8252
f 8252 7896 7898
f 8268 8252 7898
f 8253 8252 8268
f 8253 8269 8254
f 8253 8268 8269
f 8254 8270 8255
f 8254 8269 8270
f 8255 8271 8257
f 8255 8270 8271
f 8258 8257 8272
f 8272 8257 8271
f 8259 8260 8273
f 8273 8260 8274
f 8259 8275 8262
f 8259 8273 8275
f 8275 7900 7901
f 8263 8275 7901
f 8262 8275 8263
f 8263 7901 7887
f 8265 8264 8276
f 8265 8276 8277
f 7902 8278 7889
f 8278 8264 7889
f 8278 8276 8264
f 7903 8278 7902
f 8266 7906 7893
f 8280 8279 7908
f 8280 7908 7906
f 8267 8280 7906
f 8266 8267 7906
f 8281 8279 8280
f 7910 8268 7898
f 8268 7910 7912
f 8268 7912 8269
f 8269 7912 7914
f 8282 8269 7914
f 8270 8269 8282
f 8270 8283 8271
f 8270 8282 8283
f 8272 8271 8284
f 8271 8285 8284
f 8271 8283 8285
f 8287 8286 8285
f 8285 8286 8284
f 8289 8288 8287
f 8287 8288 8286
f 8288 8289 8274
f 8289 8273 8274
f 8289 8290 8273
f 8290 7916 7917
f 8275 8290 7917
f 8273 8290 8275
f 8275 7917 7900
f 8293 8292 8291
f 8291 8292 8277
f 8276 8291 8277
f 8294 8291 8276
f 8295 8276 8278
f 8294 8276 8295
f 7919 8295 7903
f 7903 8295 8278
f 8279 7921 7908
f 8281 8296 8279
f 8296 7921 8279
f 8296 7924 7921
f 8298 8297 7925
f 7924 8298 7925
f 8296 8298 7924
f 8299 8297 8298
f 7926 8282 7914
f 8282 7926 7928
f 8300 8282 7928
f 8283 8282 8300
f 8283 8301 8285
f 8283 8300 8301
f 8301 7930 7931
f 8287 8301 7931
f 8285 8301 8287
f 8287 7931 7932
f 8287 7932 8289
f 8289 7932 7934
f 8289 7934 8290
f 8290 7934 7916
f 8302 8293 8291
f 8304 8303 8302
f 8291 8304 8302
f 8294 8304 8291
f 7939 8304 7938
f 8304 8295 7938
f 8304 8294 8295
f 7938 8295 7919
f 8297 7942 7925
f 8306 8305 7944
f 8306 7944 7942
f 8299 8306 7942
f 8297 8299 7942
f 8307 8305 8306
f 7946 8300 7928
f 8300 7946 7948
f 8300 7948 8301
f 8301 7948 7930
f 8310 8309 8308
f 8308 8309 8303
f 8304 8308 8303
f 8311 8308 8304
f 7954 8311 7939
f 7939 8311 8304
f 8312 7957 8305
f 8305 7957 7944
f 8305 8307 8313
f 8314 8305 8313
f 8312 8305 8314
f 8316 8315 8314
f 8316 8314 8313
f 8317 8315 8316
f 8320 8319 8318
f 8318 8319 8310
f 8308 8318 8310
f 8321 8318 8308
f 8322 8308 8311
f 8321 8308 8322
f 7961 8322 7954
f 7954 8322 8311
f 8312 7963 7957
f 7963 8312 7965
f 7965 8312 8314
f 7965 8314 7966
f 8314 8323 7966
f 8314 8315 8323
f 8315 8317 8324
f 8325 8315 8324
f 8323 8315 8325
f 8326 8325 8324
f 8329 8328 8327
f 8327 8328 8320
f 8318 8327 8320
f 8330 8327 8318
f 8331 8318 8321
f 8330 8318 8331
f 8332 8321 8322
f 8331 8321 8332
f 7968 8332 7961
f 7961 8332 8322
f 8323 7970 7966
f 7970 8323 7972
f 8323 8333 7972
f 8323 8325 8333
f 8325 8326 8334
f 8335 8325 8334
f 8333 8325 8335
f 8337 8336 8335
f 8337 8335 8334
f 8338 8336 8337
f 8341 8340 8339
f 8343 8342 8339
f 8343 8339 8340
f 8342 8343 8329
f 8327 8342 8329
f 8344 8342 8327
f 8345 8327 8330
f 8344 8327 8345
f 8346 8330 8331
f 8345 8330 8346
f 7975 8346 7974
f 8346 8332 7974
f 8346 8331 8332
f 7974 8332 7968
f 8333 7978 7972
f 7978 8333 7980
f 8333 8347 7980
f 8333 8335 8347
f 8348 8335 8336
f 8347 8335 8348
f 8336 8338 8349
f 8350 8336 8349
f 8348 8336 8350
f 8352 8351 8350
f 8352 8350 8349
f 8351 8352 8341
f 8339 8351 8341
f 8353 8351 8339
f 7983 8353 7982
f 8353 8342 7982
f 8353 8339 8342
f 7982 8342 7985
f 7985 8342 8344
f 7985 8344 7987
f 7987 8344 8345
f 7987 8345 7989
f 7989 8345 8346
f 7989 8346 7975
f 8347 7992 7980
f 7992 8347 7994
f 7994 8347 8348
f 7994 8348 7996
f 7996 8348 8350
f 7996 8350 7998
f 7998 8350 8351
f 7998 8351 8000
f 8000 8351 8353
f 8000 8353 7983
f 8354 8020 8021
f 8023 8354 8021
f 8355 8025 8026
f 8027 8356 8026
f 8026 8356 8355
f 8028 8357 8027
f 8027 8357 8356
f 8029 8357 8028
f 8358 8032 8033
f 8034 8359 8033
f 8033 8359 8358
f 8035 8359 8034
f 8360 8041 8354
f 8354 8041 8020
f 8042 8361 8023
f 8361 8354 8023
f 8361 8360 8354
f 8043 8362 8042
f 8042 8362 8361
f 8025 8355 8043
f 8355 8362 8043
f 8355 8363 8362
f 8364 8355 8356
f 8363 8355 8364
f 8365 8356 8357
f 8364 8356 8365
f 8044 8366 8029
f 8366 8357 8029
f 8366 8365 8357
f 8045 8367 8044
f 8044 8367 8366
f 8045 8032 8367
f 8032 8358 8367
f 8048 8046 8367
f 8048 8367 8358
f 8048 8358 8049
f 8358 8368 8049
f 8358 8359 8368
f 8051 8368 8035
f 8035 8368 8359
f 8369 8052 8053
f 8054 8369 8053
f 8370 8058 8360
f 8360 8058 8041
f 8371 8360 8361
f 8370 8360 8371
f 8372 8361 8362
f 8371 8361 8372
f 8373 8362 8363
f 8372 8362 8373
f 8374 8363 8364
f 8373 8363 8374
f 8375 8364 8365
f 8374 8364 8375
f 8376 8365 8366
f 8375 8365 8376
f 8377 8366 8367
f 8376 8366 8377
f 8059 8378 8046
f 8378 8367 8046
f 8378 8377 8367
f 8059 8049 8378
f 8049 8368 8378
f 8062 8060 8378
f 8062 8378 8368
f 8062 8368 8051
f 8379 8063 8064
f 8052 8369 8067
f 8379 8064 8065
f 8067 8369 8054
f 8380 8071 8072
f 8073 8381 8072
f 8072 8381 8380
f 8058 8370 8073
f 8370 8381 8073
f 8370 8382 8381
f 8383 8370 8371
f 8382 8370 8383
f 8384 8371 8372
f 8383 8371 8384
f 8385 8372 8373
f 8384 8372 8385
f 8386 8373 8374
f 8385 8373 8386
f 8387 8374 8375
f 8386 8374 8387
f 8376 8389 8388
f 8387 8376 8388
f 8375 8376 8387
f 8391 8390 8389
f 8376 8391 8389
f 8377 8391 8376
f 8392 8377 8378
f 8391 8377 8392
f 8075 8392 8060
f 8060 8392 8378
f 8379 8076 8063
f 8076 8379 8065
f 8393 8078 8079
f 8080 8393 8079
f 8380 8086 8071
f 8086 8380 8088
f 8380 8394 8088
f 8380 8381 8394
f 8395 8381 8382
f 8394 8381 8395
f 8396 8382 8383
f 8395 8382 8396
f 8397 8383 8384
f 8396 8383 8397
f 8398 8384 8385
f 8397 8384 8398
f 8399 8385 8386
f 8398 8385 8399
f 8387 8401 8400
f 8399 8387 8400
f 8386 8387 8399
f 8401 8387 8388
f 8390 8391 8402
f 8390 8402 8403
f 8404 8391 8392
f 8402 8391 8404
f 8089 8405 8075
f 8405 8392 8075
f 8405 8404 8392
f 8090 8406 8089
f 8089 8406 8405
f 8078 8393 8090
f 8393 8406 8090
f 8393 8407 8406
f 8091 8408 8080
f 8408 8393 8080
f 8408 8407 8393
f 8092 8409 8091
f 8091 8409 8408
f 8093 8409 8092
f 8394 8097 8088
f 8097 8394 8100
f 8100 8394 8395
f 8100 8395 8102
f 8102 8395 8396
f 8102 8396 8103
f 8396 8410 8103
f 8396 8397 8410
f 8411 8397 8398
f 8410 8397 8411
f 8412 8398 8399
f 8411 8398 8412
f 8399 8400 8413
f 8399 8413 8412
f 8414 8403 8402
f 8414 8402 8404
f 8414 8404 8415
f 8417 8416 8415
f 8404 8417 8415
f 8405 8417 8404
f 8418 8405 8406
f 8417 8405 8418
f 8107 8418 8106
f 8418 8407 8106
f 8418 8406 8407
f 8106 8407 8108
f 8407 8419 8108
f 8407 8408 8419
f 8420 8408 8409
f 8419 8408 8420
f 8109 8421 8093
f 8421 8409 8093
f 8421 8420 8409
f 8111 8421 8109
f 8422 8116 8117
f 8103 8410 8117
f 8410 8422 8117
f 8410 8423 8422
f 8424 8410 8411
f 8423 8410 8424
f 8425 8411 8412
f 8424 8411 8425
f 8412 8413 8426
f 8412 8426 8425
f 8416 8417 8427
f 8416 8427 8428
f 8429 8417 8418
f 8427 8417 8429
f 8120 8430 8107
f 8430 8418 8107
f 8430 8429 8418
f 8108 8419 8120
f 8419 8430 8120
f 8419 8431 8430
f 8420 8433 8432
f 8431 8420 8432
f 8419 8420 8431
f 8435 8434 8433
f 8420 8435 8433
f 8421 8435 8420
f 8121 8436 8111
f 8436 8421 8111
f 8436 8435 8421
f 8123 8436 8121
f 8437 8126 8127
f 8128 8438 8127
f 8127 8438 8437
f 8116 8422 8128
f 8422 8438 8128
f 8422 8439 8438
f 8440 8422 8423
f 8439 8422 8440
f 8441 8423 8424
f 8440 8423 8441
f 8425 8443 8442
f 8441 8425 8442
f 8424 8425 8441
f 8443 8425 8426
f 8444 8428 8427
f 8446 8445 8444
f 8427 8446 8444
f 8429 8446 8427
f 8447 8429 8430
f 8446 8429 8447
f 8448 8430 8431
f 8447 8430 8448
f 8431 8432 8449
f 8450 8431 8449
f 8448 8431 8450
f 8450 8452 8451
f 8450 8435 8452
f 8450 8449 8434
f 8435 8450 8434
f 8454 8453 8452
f 8435 8454 8452
f 8436 8454 8435
f 8134 8454 8123
f 8123 8454 8436
f 8455 8138 8437
f 8437 8138 8126
f 8438 8457 8456
f 8455 8438 8456
f 8437 8438 8455
f 8459 8458 8457
f 8438 8459 8457
f 8439 8459 8438
f 8460 8439 8440
f 8459 8439 8460
f 8441 8462 8461
f 8460 8441 8461
f 8440 8441 8460
f 8462 8441 8442
f 8463 8445 8446
f 8463 8446 8447
f 8463 8447 8464
f 8466 8465 8464
f 8447 8466 8464
f 8448 8466 8447
f 8467 8448 8450
f 8466 8448 8467
f 8450 8451 8468
f 8469 8450 8468
f 8467 8450 8469
f 8469 8468 8453
f 8454 8469 8453
f 8470 8469 8454
f 8146 8470 8134
f 8134 8470 8454
f 8471 8150 8455
f 8455 8150 8138
f 8455 8456 8472
f 8455 8472 8471
f 8473 8458 8459
f 8473 8459 8460
f 8473 8460 8474
f 8474 8460 8461
f 8475 8465 8466
f 8475 8466 8467
f 8475 8467 8476
f 8478 8477 8476
f 8467 8478 8476
f 8469 8478 8467
f 8479 8469 8470
f 8478 8469 8479
f 8160 8480 8146
f 8480 8470 8146
f 8480 8479 8470
f 8161 8480 8160
f 8481 8164 8471
f 8471 8164 8150
f 8471 8472 8482
f 8483 8471 8482
f 8481 8471 8483
f 8485 8484 8483
f 8485 8483 8482
f 8487 8486 8484
f 8487 8484 8485
f 8488 8486 8487
f 8167 8489 8168
f 8489 8170 8168
f 8172 8490 8173
f 8490 8175 8173
f 8477 8478 8491
f 8477 8491 8492
f 8493 8478 8479
f 8491 8478 8493
f 8494 8479 8480
f 8493 8479 8494
f 8179 8494 8161
f 8161 8494 8480
f 8495 8182 8481
f 8481 8182 8164
f 8496 8481 8483
f 8495 8481 8496
f 8497 8483 8484
f 8496 8483 8497
f 8486 8499 8498
f 8497 8486 8498
f 8484 8486 8497
f 8499 8486 8488
f 8185 8500 8489
f 8185 8489 8167
f 8501 8186 8170
f 8489 8501 8170
f 8500 8501 8489
f 8501 8188 8186
f 8189 8502 8490
f 8189 8490 8172
f 8502 8191 8175
f 8502 8175 8490
f 8492 8491 8503
f 8492 8503 8504
f 8505 8491 8493
f 8503 8491 8505
f 8506 8493 8494
f 8505 8493 8506
f 8196 8506 8179
f 8179 8506 8494
f 8507 8199 8495
f 8495 8199 8182
f 8508 8495 8496
f 8507 8495 8508
f 8509 8496 8497
f 8508 8496 8509
f 8497 8498 8510
f 8497 8510 8509
f 8203 8511 8500
f 8203 8500 8185
f 8500 8512 8501
f 8500 8511 8512
f 8513 8204 8188
f 8501 8513 8188
f 8512 8513 8501
f 8207 8502 8189
f 8205 8204 8513
f 8502 8207 8191
f 8504 8503 8514
f 8504 8514 8515
f 8516 8503 8505
f 8514 8503 8516
f 8214 8516 8213
f 8516 8506 8213
f 8516 8505 8506
f 8213 8506 8196
f 8517 8218 8507
f 8507 8218 8199
f 8518 8507 8508
f 8517 8507 8518
f 8509 8520 8519
f 8518 8509 8519
f 8508 8509 8518
f 8520 8509 8510
f 8223 8521 8511
f 8223 8511 8203
f 8511 8522 8512
f 8511 8521 8522
f 8512 8523 8513
f 8512 8522 8523
f 8523 8225 8205
f 8523 8205 8513
f 8524 8515 8514
f 8526 8525 8524
f 8514 8526 8524
f 8516 8526 8514
f 8230 8526 8214
f 8214 8526 8516
f 8527 8234 8517
f 8517 8234 8218
f 8528 8517 8518
f 8527 8517 8528
f 8518 8519 8529
f 8518 8529 8528
f 8240 8530 8521
f 8240 8521 8223
f 8521 8531 8522
f 8521 8530 8531
f 8522 8532 8523
f 8522 8531 8532
f 8533 8241 8225
f 8523 8533 8225
f 8532 8533 8523
f 8534 8242 8241
f 8534 8241 8533
f 8534 8244 8242
f 8537 8536 8535
f 8535 8536 8525
f 8535 8525 8526
f 8248 8535 8526
f 8247 8248 8526
f 8247 8526 8230
f 8538 8250 8527
f 8527 8250 8234
f 8539 8527 8528
f 8538 8527 8539
f 8528 8529 8540
f 8528 8540 8539
f 8256 8530 8240
f 8530 8256 8258
f 8541 8530 8258
f 8531 8530 8541
f 8531 8542 8532
f 8531 8541 8542
f 8532 8543 8533
f 8532 8542 8543
f 8543 8260 8261
f 8534 8543 8261
f 8533 8543 8534
f 8534 8261 8244
f 8537 8535 8544
f 8537 8544 8545
f 8265 8544 8248
f 8248 8544 8535
f 8546 8267 8538
f 8538 8267 8250
f 8547 8538 8539
f 8546 8538 8547
f 8539 8540 8548
f 8539 8548 8547
f 8272 8549 8541
f 8272 8541 8258
f 8541 8550 8542
f 8541 8549 8550
f 8542 8551 8543
f 8542 8550 8551
f 8551 8274 8260
f 8551 8260 8543
f 8554 8553 8552
f 8552 8553 8545
f 8544 8552 8545
f 8555 8552 8544
f 8277 8555 8265
f 8265 8555 8544
f 8546 8280 8267
f 8280 8546 8281
f 8546 8556 8281
f 8546 8547 8556
f 8547 8548 8557
f 8558 8547 8557
f 8556 8547 8558
f 8560 8559 8558
f 8560 8558 8557
f 8561 8559 8560
f 8284 8549 8272
f 8549 8284 8286
f 8549 8286 8550
f 8550 8286 8288
f 8550 8288 8551
f 8551 8288 8274
f 8554 8552 8562
f 8554 8562 8563
f 8293 8562 8292
f 8562 8555 8292
f 8562 8552 8555
f 8292 8555 8277
f 8556 8296 8281
f 8296 8556 8298
f 8298 8556 8558
f 8298 8558 8299
f 8558 8564 8299
f 8558 8559 8564
f 8559 8561 8565
f 8566 8559 8565
f 8564 8559 8566
f 8567 8566 8565
f 8570 8569 8568
f 8568 8569 8563
f 8562 8568 8563
f 8571 8568 8562
f 8302 8572 8293
f 8572 8562 8293
f 8572 8571 8562
f 8303 8572 8302
f 8564 8306 8299
f 8306 8564 8307
f 8564 8573 8307
f 8564 8566 8573
f 8566 8567 8574
f 8575 8566 8574
f 8573 8566 8575
f 8577 8576 8575
f 8577 8575 8574
f 8578 8576 8577
f 8581 8580 8579
f 8583 8582 8579
f 8583 8579 8580
f 8582 8583 8570
f 8568 8582 8570
f 8584 8582 8568
f 8585 8568 8571
f 8584 8568 8585
f 8310 8585 8309
f 8585 8572 8309
f 8585 8571 8572
f 8309 8572 8303
f 8573 8313 8307
f 8313 8573 8316
f 8316 8573 8575
f 8316 8575 8317
f 8575 8586 8317
f 8575 8576 8586
f 8576 8578 8587
f 8588 8576 8587
f 8586 8576 8588
f 8590 8589 8588
f 8590 8588 8587
f 8592 8591 8589
f 8592 8589 8590
f 8594 8593 8591
f 8594 8591 8592
f 8593 8594 8581
f 8579 8593 8581
f 8595 8593 8579
f 8596 8579 8582
f 8595 8579 8596
f 8597 8582 8584
f 8596 8582 8597
f 8320 8597 8319
f 8597 8585 8319
f 8597 8584 8585
f 8319 8585 8310
f 8586 8324 8317
f 8324 8586 8326
f 8586 8598 8326
f 8586 8588 8598
f 8599 8588 8589
f 8598 8588 8599
f 8600 8589 8591
f 8599 8589 8600
f 8601 8591 8593
f 8600 8591 8601
f 8602 8593 8595
f 8601 8593 8602
f 8603 8595 8596
f 8602 8595 8603
f 8329 8603 8328
f 8603 8597 8328
f 8603 8596 8597
f 8328 8597 8320
f 8598 8334 8326
f 8334 8598 8337
f 8337 8598 8599
f 8337 8599 8338
f 8599 8604 8338
f 8599 8600 8604
f 8605 8600 8601
f 8604 8600 8605
f 8341 8605 8340
f 8605 8602 8340
f 8605 8601 8602
f 8340 8602 8343
f 8343 8602 8603
f 8343 8603 8329
f 8604 8349 8338
f 8349 8604 8352
f 8352 8604 8605
f 8352 8605 8341
f 8606 8388 8389
f 8390 8606 8389
f 8607 8400 8401
f 8388 8606 8401
f 8606 8607 8401
f 8606 8608 8607
f 8403 8608 8390
f 8390 8608 8606
f 8609 8413 8607
f 8607 8413 8400
f 8610 8607 8608
f 8609 8607 8610
f 8414 8611 8403
f 8611 8608 8403
f 8611 8610 8608
f 8415 8612 8414
f 8414 8612 8611
f 8416 8612 8415
f 8613 8426 8609
f 8609 8426 8413
f 8614 8609 8610
f 8613 8609 8614
f 8615 8610 8611
f 8614 8610 8615
f 8616 8611 8612
f 8615 8611 8616
f 8428 8616 8416
f 8416 8616 8612
f 8617 8432 8433
f 8434 8617 8433
f 8618 8442 8443
f 8426 8613 8443
f 8613 8618 8443
f 8613 8619 8618
f 8620 8613 8614
f 8619 8613 8620
f 8621 8614 8615
f 8620 8614 8621
f 8622 8615 8616
f 8621 8615 8622
f 8444 8623 8428
f 8623 8616 8428
f 8623 8622 8616
f 8445 8623 8444
f 8617 8449 8432
f 8449 8617 8434
f 8624 8451 8452
f 8453 8624 8452
f 8625 8456 8457
f 8458 8625 8457
f 8626 8461 8462
f 8442 8618 8462
f 8618 8626 8462
f 8618 8627 8626
f 8628 8618 8619
f 8627 8618 8628
f 8629 8619 8620
f 8628 8619 8629
f 8630 8620 8621
f 8629 8620 8630
f 8631 8621 8622
f 8630 8621 8631
f 8632 8622 8623
f 8631 8622 8632
f 8463 8633 8445
f 8633 8623 8445
f 8633 8632 8623
f 8464 8634 8463
f 8463 8634 8633
f 8465 8634 8464
f 8624 8468 8451
f 8468 8624 8453
f 8635 8472 8625
f 8625 8472 8456
f 8473 8636 8458
f 8636 8625 8458
f 8636 8635 8625
f 8474 8637 8473
f 8473 8637 8636
f 8461 8626 8474
f 8626 8637 8474
f 8626 8638 8637
f 8639 8626 8627
f 8638 8626 8639
f 8640 8627 8628
f 8639 8627 8640
f 8629 8642 8641
f 8640 8629 8641
f 8628 8629 8640
f 8642 8629 8630
f 8642 8630 8643
f 8645 8644 8643
f 8630 8645 8643
f 8631 8645 8630
f 8632 8647 8646
f 8645 8632 8646
f 8631 8632 8645
f 8649 8648 8647
f 8632 8649 8647
f 8633 8649 8632
f 8650 8633 8634
f 8649 8633 8650
f 8475 8651 8465
f 8651 8634 8465
f 8651 8650 8634
f 8476 8652 8475
f 8475 8652 8651
f 8477 8652 8476
f 8635 8482 8472
f 8482 8635 8485
f 8485 8635 8636
f 8485 8636 8487
f 8487 8636 8637
f 8487 8637 8488
f 8637 8653 8488
f 8637 8638 8653
f 8654 8638 8639
f 8653 8638 8654
f 8655 8639 8640
f 8654 8639 8655
f 8640 8641 8656
f 8640 8656 8655
f 8657 8644 8645
f 8657 8645 8646
f 8658 8648 8649
f 8660 8659 8658
f 8649 8660 8658
f 8650 8660 8649
f 8661 8650 8651
f 8660 8650 8661
f 8662 8651 8652
f 8661 8651 8662
f 8492 8662 8477
f 8477 8662 8652
f 8663 8498 8499
f 8488 8653 8499
f 8653 8663 8499
f 8653 8664 8663
f 8665 8653 8654
f 8664 8653 8665
f 8655 8667 8666
f 8665 8655 8666
f 8654 8655 8665
f 8667 8655 8656
f 8668 8659 8660
f 8670 8669 8668
f 8660 8670 8668
f 8661 8670 8660
f 8671 8661 8662
f 8670 8661 8671
f 8504 8671 8492
f 8492 8671 8662
f 8672 8510 8663
f 8663 8510 8498
f 8673 8663 8664
f 8672 8663 8673
f 8665 8675 8674
f 8673 8665 8674
f 8664 8665 8673
f 8675 8665 8666
f 8678 8677 8676
f 8676 8677 8669
f 8670 8676 8669
f 8679 8676 8670
f 8680 8670 8671
f 8679 8670 8680
f 8515 8680 8504
f 8504 8680 8671
f 8681 8519 8520
f 8510 8672 8520
f 8672 8681 8520
f 8672 8682 8681
f 8683 8672 8673
f 8682 8672 8683
f 8673 8674 8684
f 8685 8673 8684
f 8683 8673 8685
f 8686 8685 8684
f 8687 8678 8676
f 8689 8688 8687
f 8676 8689 8687
f 8679 8689 8676
f 8690 8679 8680
f 8689 8679 8690
f 8524 8691 8515
f 8691 8680 8515
f 8691 8690 8680
f 8525 8691 8524
f 8692 8529 8681
f 8681 8529 8519
f 8693 8681 8682
f 8692 8681 8693
f 8694 8682 8683
f 8693 8682 8694
f 8695 8683 8685
f 8694 8683 8695
f 8685 8686 8696
f 8685 8696 8695
f 8688 8689 8697
f 8688 8697 8698
f 8699 8689 8690
f 8697 8689 8699
f 8537 8699 8536
f 8699 8691 8536
f 8699 8690 8691
f 8536 8691 8525
f 8700 8540 8692
f 8692 8540 8529
f 8701 8692 8693
f 8700 8692 8701
f 8702 8693 8694
f 8701 8693 8702
f 8703 8694 8695
f 8702 8694 8703
f 8695 8696 8704
f 8695 8704 8703
f 8707 8706 8705
f 8705 8706 8698
f 8697 8705 8698
f 8708 8705 8697
f 8709 8697 8699
f 8708 8697 8709
f 8545 8709 8537
f 8537 8709 8699
f 8710 8548 8700
f 8700 8548 8540
f 8711 8700 8701
f 8710 8700 8711
f 8712 8701 8702
f 8711 8701 8712
f 8713 8702 8703
f 8712 8702 8713
f 8703 8704 8714
f 8703 8714 8713
f 8717 8716 8715
f 8715 8716 8707
f 8705 8715 8707
f 8718 8715 8705
f 8719 8705 8708
f 8718 8705 8719
f 8554 8719 8553
f 8719 8709 8553
f 8719 8708 8709
f 8553 8709 8545
f 8710 8557 8548
f 8557 8710 8560
f 8560 8710 8711
f 8560 8711 8561
f 8711 8720 8561
f 8711 8712 8720
f 8721 8712 8713
f 8720 8712 8721
f 8713 8714 8722
f 8723 8713 8722
f 8721 8713 8723
f 8724 8723 8722
f 8727 8726 8725
f 8725 8726 8717
f 8715 8725 8717
f 8728 8725 8715
f 8729 8715 8718
f 8728 8715 8729
f 8730 8718 8719
f 8729 8718 8730
f 8563 8730 8554
f 8554 8730 8719
f 8720 8565 8561
f 8565 8720 8567
f 8720 8731 8567
f 8720 8721 8731
f 8732 8721 8723
f 8731 8721 8732
f 8723 8724 8733
f 8734 8723 8733
f 8732 8723 8734
f 8736 8735 8734
f 8736 8734 8733
f 8738 8737 8735
f 8738 8735 8736
f 8737 8738 8727
f 8725 8737 8727
f 8739 8737 8725
f 8740 8725 8728
f 8739 8725 8740
f 8741 8728 8729
f 8740 8728 8741
f 8570 8741 8569
f 8741 8730 8569
f 8741 8729 8730
f 8569 8730 8563
f 8731 8574 8567
f 8574 8731 8577
f 8577 8731 8732
f 8577 8732 8578
f 8732 8742 8578
f 8732 8734 8742
f 8743 8734 8735
f 8742 8734 8743
f 8744 8735 8737
f 8743 8735 8744
f 8745 8737 8739
f 8744 8737 8745
f 8581 8745 8580
f 8745 8740 8580
f 8745 8739 8740
f 8580 8740 8583
f 8583 8740 8741
f 8583 8741 8570
f 8742 8587 8578
f 8587 8742 8590
f 8590 8742 8743
f 8590 8743 8592
f 8592 8743 8744
f 8592 8744 8594
f 8594 8744 8745
f 8594 8745 8581
f 8746 8641 8642
f 8643 8747 8642
f 8642 8747 8746
f 8644 8747 8643
f 8748 8646 8647
f 8648 8748 8647
f 8751 8750 8749
f 8753 8752 8749
f 8749 8752 8751
f 8753 8754 8752
f 8755 8656 8746
f 8746 8656 8641
f 8756 8746 8747
f 8755 8746 8756
f 8657 8757 8644
f 8757 8747 8644
f 8757 8756 8747
f 8646 8748 8657
f 8748 8757 8657
f 8748 8758 8757
f 8658 8759 8648
f 8759 8748 8648
f 8759 8758 8748
f 8659 8759 8658
f 8762 8761 8760
f 8762 8760 8750
f 8760 8749 8750
f 8760 8763 8749
f 8749 8764 8753
f 8749 8763 8764
f 8754 8753 8765
f 8753 8766 8765
f 8753 8764 8766
f 8766 8767 8765
f 8768 8666 8667
f 8656 8755 8667
f 8755 8768 8667
f 8755 8769 8768
f 8770 8755 8756
f 8769 8755 8770
f 8771 8756 8757
f 8770 8756 8771
f 8772 8757 8758
f 8771 8757 8772
f 8773 8758 8759
f 8772 8758 8773
f 8668 8774 8659
f 8774 8759 8659
f 8774 8773 8759
f 8669 8774 8668
f 8760 8761 8775
f 8775 8761 8776
f 8760 8777 8763
f 8760 8775 8777
f 8763 8778 8764
f 8763 8777 8778
f 8764 8779 8766
f 8764 8778 8779
f 8767 8766 8780
f 8780 8766 8779
f 8781 8674 8675
f 8666 8768 8675
f 8768 8781 8675
f 8768 8782 8781
f 8783 8768 8769
f 8782 8768 8783
f 8784 8769 8770
f 8783 8769 8784
f 8785 8770 8771
f 8784 8770 8785
f 8786 8771 8772
f 8785 8771 8786
f 8787 8772 8773
f 8786 8772 8787
f 8678 8787 8677
f 8787 8774 8677
f 8787 8773 8774
f 8677 8774 8669
f 8776 8788 8775
f 8790 8789 8788
f 8789 8775 8788
f 8789 8777 8775
f 8777 8791 8778
f 8777 8789 8791
f 8778 8792 8779
f 8778 8791 8792
f 8780 8779 8793
f 8793 8779 8792
f 8781 8684 8674
f 8684 8781 8686
f 8781 8794 8686
f 8781 8782 8794
f 8795 8782 8783
f 8794 8782 8795
f 8796 8783 8784
f 8795 8783 8796
f 8797 8784 8785
f 8796 8784 8797
f 8798 8785 8786
f 8797 8785 8798
f 8799 8786 8787
f 8798 8786 8799
f 8687 8800 8678
f 8800 8787 8678
f 8800 8799 8787
f 8688 8800 8687
f 8789 8790 8801
f 8801 8790 8802
f 8789 8803 8791
f 8789 8801 8803
f 8791 8804 8792
f 8791 8803 8804
f 8793 8792 8805
f 8805 8792 8804
f 8806 8696 8794
f 8794 8696 8686
f 8807 8794 8795
f 8806 8794 8807
f 8808 8795 8796
f 8807 8795 8808
f 8809 8796 8797
f 8808 8796 8809
f 8810 8797 8798
f 8809 8797 8810
f 8811 8798 8799
f 8810 8798 8811
f 8812 8799 8800
f 8811 8799 8812
f 8698 8812 8688
f 8688 8812 8800
f 8802 8813 8801
f 8801 8813 8803
f 8803 8813 8814
f 8803 8814 8804
f 8804 8814 8815
f 8804 8815 8805
f 8816 8704 8806
f 8806 8704 8696
f 8817 8806 8807
f 8816 8806 8817
f 8818 8807 8808
f 8817 8807 8818
f 8819 8808 8809
f 8818 8808 8819
f 8820 8809 8810
f 8819 8809 8820
f 8821 8810 8811
f 8820 8810 8821
f 8707 8821 8706
f 8821 8812 8706
f 8821 8811 8812
f 8706 8812 8698
f 8822 8714 8816
f 8816 8714 8704
f 8823 8816 8817
f 8822 8816 8823
f 8824 8817 8818
f 8823 8817 8824
f 8825 8818 8819
f 8824 8818 8825
f 8826 8819 8820
f 8825 8819 8826
f 8717 8826 8716
f 8826 8821 8716
f 8826 8820 8821
f 8716 8821 8707
f 8822 8722 8714
f 8722 8822 8724
f 8822 8827 8724
f 8822 8823 8827
f 8828 8823 8824
f 8827 8823 8828
f 8829 8824 8825
f 8828 8824 8829
f 8727 8829 8726
f 8829 8826 8726
f 8829 8825 8826
f 8726 8826 8717
f 8827 8733 8724
f 8733 8827 8736
f 8736 8827 8828
f 8736 8828 8738
f 8738 8828 8829
f 8738 8829 8727
f 8831 8830 8751
f 8751 8830 8750
f 8832 8751 8752
f 8832 8831 8751
f 8752 8754 8832
f 8832 8754 8833
f 8836 8835 8834
f 8761 8762 8834
f 8762 8836 8834
f 8762 8837 8836
f 8762 8750 8830
f 8762 8830 8837
f 8838 8833 8754
f 8838 8754 8765
f 8765 8767 8838
f 8838 8767 8839
f 8834 8835 8840
f 8840 8835 8841
f 8840 8776 8761
f 8840 8761 8834
f 8780 8839 8767
f 8780 8842 8839
f 8841 8843 8840
f 8843 8845 8844
f 8843 8844 8788
f 8840 8843 8788
f 8776 8840 8788
f 8844 8790 8788
f 8793 8842 8780
f 8793 8846 8842
f 8844 8845 8847
f 8847 8845 8848
f 8847 8802 8790
f 8847 8790 8844
f 8805 8846 8793
f 8805 8849 8846
f 8848 8850 8847
f 8850 8852 8851
f 8850 8851 8813
f 8847 8850 8813
f 8802 8847 8813
f 8853 8814 8813
f 8853 8813 8851
f 8814 8853 8854
f 8855 8814 8854
f 8815 8814 8855
f 8805 8815 8849
f 8849 8815 8855
f 8852 8856 8851
f 8851 8856 8853
f 8853 8856 8857
f 8853 8857 8854
f 8860 8859 8858
f 8858 8861 8860
f 8858 8859 8862
f 8862 8859 8863
f 8861 8858 8864
f 8858 8865 8864
f 8858 8862 8865
f 8830 8831 8865
f 8831 8864 8865
f 8831 8866 8864
f 8867 8831 8832
f 8867 8866 8831
f 8832 8833 8867
f 8867 8833 8868
f 8862 8863 8836
f 8863 8835 8836
f 8863 8869 8835
f 8862 8836 8837
f 8862 8837 8865
f 8865 8837 8830
f 8833 8838 8870
f 8871 8833 8870
f 8868 8833 8871
f 8839 8870 8838
f 8869 8841 8835
f 8872 8841 8869
f 8875 8874 8873
f 8876 8873 8874
f 8877 8871 8870
f 8870 8839 8877
f 8839 8878 8877
f 8839 8842 8878
f 8843 8841 8879
f 8841 8880 8879
f 8841 8872 8880
f 8879 8845 8843
f 8875 8873 8881
f 8875 8881 8882
f 8873 8876 8883
f 8884 8873 8883
f 8881 8873 8884
f 8885 8884 8883
f 8846 8878 8842
f 8846 8886 8878
f 8880 8887 8879
f 8845 8879 8887
f 8888 8845 8887
f 8848 8845 8888
f 8889 8882 8881
f 8891 8890 8889
f 8881 8891 8889
f 8884 8891 8881
f 8884 8885 8892
f 8884 8892 8891
f 8849 8886 8846
f 8849 8893 8886
f 8850 8848 8894
f 8848 8895 8894
f 8848 8888 8895
f 8894 8852 8850
f 8896 8890 8891
f 8891 8892 8896
f 8854 8897 8855
f 8898 8855 8897
f 8849 8855 8893
f 8893 8855 8898
f 8895 8899 8894
f 8894 8899 8852
f 8899 8856 8852
f 8899 8900 8856
f 8900 8902 8901
f 8857 8900 8901
f 8856 8900 8857
f 8901 8903 8857
f 8903 8854 8857
f 8903 8897 8854
f 8902 8904 8901
f 8901 8904 8903
f 8907 8906 8905
f 8909 8908 8905
f 8905 8908 8907
f 8859 8860 8910
f 8908 8909 8911
f 8861 8910 8860
f 8906 8912 8905
f 8914 8913 8912
f 8913 8905 8912
f 8913 8909 8905
f 8859 8910 8863
f 8915 8863 8910
f 8863 8915 8913
f 8911 8913 8915
f 8913 8911 8909
f 8915 8910 8861
f 8864 8915 8861
f 8916 8915 8864
f 8917 8864 8866
f 8917 8916 8864
f 8918 8866 8867
f 8918 8917 8866
f 8867 8868 8918
f 8918 8868 8919
f 8913 8914 8920
f 8920 8914 8921
f 8920 8869 8863
f 8920 8863 8913
f 8871 8919 8868
f 8871 8922 8919
f 8920 8921 8923
f 8923 8921 8924
f 8923 8872 8869
f 8923 8869 8920
f 8875 8925 8874
f 8925 8876 8874
f 8871 8877 8926
f 8927 8871 8926
f 8922 8871 8927
f 8878 8926 8877
f 8924 8928 8923
f 8872 8923 8928
f 8929 8872 8928
f 8880 8872 8929
f 8931 8930 8925
f 8875 8931 8925
f 8882 8931 8875
f 8930 8933 8932
f 8930 8932 8883
f 8925 8930 8883
f 8876 8925 8883
f 8932 8885 8883
f 8926 8934 8927
f 8934 8926 8935
f 8886 8935 8878
f 8878 8935 8926
f 8929 8936 8880
f 8880 8936 8887
f 8888 8887 8936
f 8888 8936 8937
f 8938 8931 8882
f 8938 8882 8889
f 8889 8933 8938
f 8933 8889 8932
f 8890 8932 8889
f 8932 8890 8939
f 8940 8939 8890
f 8935 8941 8934
f 8942 8932 8939
f 8932 8942 8885
f 8892 8885 8942
f 8935 8886 8941
f 8886 8943 8941
f 8886 8893 8943
f 8937 8895 8888
f 8944 8895 8937
f 8945 8940 8890
f 8945 8890 8896
f 8898 8897 8946
f 8947 8946 8897
f 8942 8896 8892
f 8896 8942 8945
f 8893 8898 8943
f 8943 8898 8946
f 8944 8948 8895
f 8895 8948 8899
f 8899 8949 8900
f 8948 8949 8899
f 8902 8900 8949
f 8902 8949 8950
f 8903 8947 8897
f 8903 8951 8947
f 8950 8952 8902
f 8902 8952 8904
f 8903 8904 8951
f 8951 8904 8952
f 8953 8906 8907
f 8908 8954 8907
f 8907 8954 8953
f 8911 8954 8908
f 8912 8906 8953
f 8957 8956 8955
f 8955 8956 8958
f 8914 8958 8956
f 8958 8914 8954
f 8912 8954 8914
f 8954 8912 8953
f 8958 8954 8911
f 8915 8958 8911
f 8959 8958 8915
f 8960 8915 8916
f 8960 8959 8915
f 8961 8916 8917
f 8961 8960 8916
f 8963 8961 8962
f 8961 8918 8962
f 8961 8917 8918
f 8919 8962 8918
f 8957 8964 8956
f 8914 8956 8964
f 8965 8914 8964
f 8921 8914 8965
f 8966 8963 8962
f 8962 8919 8966
f 8919 8967 8966
f 8919 8922 8967
f 8965 8924 8921
f 8968 8924 8965
f 8927 8967 8922
f 8927 8969 8967
f 8968 8970 8924
f 8924 8970 8928
f 8929 8928 8970
f 8929 8970 8971
f 8931 8972 8930
f 8972 8933 8930
f 8934 8969 8927
f 8934 8973 8969
f 8971 8974 8929
f 8929 8974 8936
f 8937 8936 8974
f 8937 8974 8975
f 8938 8972 8931
f 8933 8972 8938
f 8939 8940 8976
f 8942 8939 8976
f 8973 8941 8977
f 8941 8973 8934
f 8941 8943 8977
f 8977 8943 8978
f 8980 8944 8979
f 8944 8975 8979
f 8944 8937 8975
f 8982 8981 8980
f 8982 8980 8979
f 8940 8945 8976
f 8981 8982 8983
f 8942 8976 8945
f 8946 8947 8984
f 8984 8985 8946
f 8985 8943 8946
f 8985 8978 8943
f 8980 8948 8944
f 8948 8980 8949
f 8949 8980 8981
f 8950 8949 8981
f 8983 8950 8981
f 8986 8950 8983
f 8988 8987 8984
f 8947 8988 8984
f 8951 8988 8947
f 8984 8987 8985
f 8986 8989 8950
f 8950 8989 8952
f 8951 8952 8988
f 8988 8952 8989
f 8990 8957 8955
f 8958 8991 8955
f 8955 8991 8990
f 8991 8958 8992
f 8958 8993 8992
f 8958 8959 8993
f 8994 8959 8960
f 8994 8993 8959
f 8996 8994 8995
f 8994 8961 8995
f 8994 8960 8961
f 8963 8995 8961
f 8990 8964 8957
f 8964 8990 8965
f 8990 8997 8965
f 8990 8991 8997
f 8991 8992 8998
f 8991 8998 8997
f 8999 8996 8995
f 9001 8999 9000
f 9000 8999 8966
f 8999 8995 8966
f 8995 8963 8966
f 8967 9000 8966
f 9002 8968 8997
f 8997 8968 8965
f 8997 8998 9003
f 9004 8997 9003
f 9002 8997 9004
f 9005 9004 9003
f 9001 9000 9006
f 9001 9006 9007
f 8969 9006 8967
f 8967 9006 9000
f 9002 8970 8968
f 8970 9002 8971
f 9002 9008 8971
f 9002 9004 9008
f 9004 9005 9009
f 9004 9009 9008
f 9010 9007 9006
f 9006 8969 9010
f 8969 9011 9010
f 8969 8973 9011
f 9008 8974 8971
f 9013 9012 8975
f 9013 8975 8974
f 9009 9013 8974
f 9008 9009 8974
f 9014 9012 9013
f 9015 9011 8973
f 9015 8973 8977
f 8977 8978 9015
f 9015 8978 9016
f 9012 8979 8975
f 9014 9017 9012
f 9017 8979 9012
f 9017 8982 8979
f 8983 8982 9017
f 8983 9017 9018
f 8985 9016 8978
f 8985 9019 9016
f 9021 8986 9020
f 8986 9018 9020
f 8986 8983 9018
f 8987 8988 9021
f 9020 8987 9021
f 9022 8987 9020
f 8985 8987 9019
f 9019 8987 9022
f 9021 8989 8986
f 8989 9021 8988
f 9023 8992 8993
f 8994 9024 8993
f 8993 9024 9023
f 8996 9024 8994
f 9025 8998 9023
f 9023 8998 8992
f 9026 9023 9024
f 9025 9023 9026
f 8999 9027 8996
f 9027 9024 8996
f 9027 9026 9024
f 9001 9027 8999
f 9025 9003 8998
f 9003 9025 9005
f 9025 9028 9005
f 9025 9026 9028
f 9029 9026 9027
f 9028 9026 9029
f 9007 9029 9001
f 9001 9029 9027
f 9030 9009 9028
f 9028 9009 9005
f 9031 9028 9029
f 9030 9028 9031
f 9010 9032 9007
f 9032 9029 9007
f 9032 9031 9029
f 9011 9032 9010
f 9030 9013 9009
f 9013 9030 9014
f 9030 9033 9014
f 9030 9031 9033
f 9034 9031 9032
f 9033 9031 9034
f 9015 9035 9011
f 9035 9032 9011
f 9035 9034 9032
f 9016 9035 9015
f 9033 9017 9014
f 9017 9033 9018
f 9033 9036 9018
f 9033 9034 9036
f 9037 9034 9035
f 9036 9034 9037
f 9019 9037 9016
f 9016 9037 9035
f 9036 9020 9018
f 9020 9036 9022
f 9022 9036 9037
f 9022 9037 9019
