v 64.543701171875 100.0 58.0
v 65.0 100.0 57.5
v 65.0 99.52196502685547 58.0
v 65.0 99.50181579589844 59.0
v 64.52285766601562 100.0 59.0
v 65.0 99.54678344726562 60.0
v 64.56828308105469 100.0 60.0
v 65.0 100.0 60.45325469970703
v 64.543701171875 101.0 56.0
v 65.0 101.0 55.5009651184082
v 65.0 100.52192687988281 56.0
v 65.0 100.47807312011719 57.0
v 64.52101135253906 101.0 57.0
v 64.5008544921875 101.0 58.0
v 64.52101135253906 101.0 59.0
v 65.0 101.0 59.52192306518555
v 65.0 100.47595977783203 60.0
v 64.54270935058594 102.0 55.0
v 65.0 102.0 54.500003814697266
v 65.0 101.5 55.0
v 64.5008544921875 102.0 56.0
v 64.5008544921875 102.0 57.0
v 64.52101135253906 102.0 58.0
v 64.54469299316406 102.0 59.0
v 65.0 102.0 59.477108001708984
v 64.56828308105469 103.0 54.0
v 65.0 103.0 53.54674530029297
v 65.0 102.5250015258789 54.0
v 64.52285766601562 103.0 55.0
v 64.52193450927734 103.0 56.0
v 64.543701171875 103.0 57.0
v 65.0 103.0 57.5
v 65.0 102.52192687988281 58.0
v 65.0 102.47710418701172 59.0
v 65.0 103.4541244506836 54.0
v 65.0 103.49910736083984 55.0
v 65.0 103.5 56.0
v 65.0 103.47807312011719 57.0
v 64.56936645507812 107.0 59.0
v 65.0 107.0 58.546932220458984
v 65.0 106.54780578613281 59.0
v 65.0 107.0 59.453067779541016
v 64.56936645507812 108.0 59.0
v 65.0 108.0 58.546932220458984
v 65.0 108.0 59.453067779541016
v 65.0 108.45219421386719 59.0
v 65.59739685058594 98.0 51.0
v 66.0 98.0 50.59580612182617
v 66.0 97.59658813476562 51.0
v 66.0 98.0 51.444156646728516
v 65.56832885742188 98.0 53.0
v 66.0 98.0 52.52699279785156
v 66.0 97.54769897460938 53.0
v 66.0 97.50093078613281 54.0
v 65.52285766601562 98.0 54.0
v 66.0 97.5 55.0
v 65.52192687988281 98.0 55.0
v 66.0 97.5 56.0
v 65.52192687988281 98.0 56.0
v 66.0 97.5 57.0
v 65.52193450927734 98.0 57.0
v 66.0 97.52192687988281 58.0
v 65.543701171875 98.0 58.0
v 66.0 98.0 58.500003814697266
v 65.543701171875 98.0 61.0
v 66.0 98.0 60.499996185302734
v 66.0 97.52192687988281 61.0
v 66.0 97.5 62.0
v 65.52193450927734 98.0 62.0
v 66.0 97.52192687988281 63.0
v 65.543701171875 98.0 63.0
v 66.0 98.0 63.4990348815918
v 66.0 98.42542266845703 51.0
v 66.0 98.49995422363281 53.0
v 65.52009582519531 99.0 54.0
v 66.0 99.0 53.4532585144043
v 65.5 99.0 55.0
v 65.5 99.0 56.0
v 65.4991455078125 99.0 57.0
v 65.47984313964844 99.0 58.0
v 66.0 98.47711181640625 59.0
v 65.49907684326172 99.0 59.0
v 66.0 98.4771499633789 60.0
v 65.5 99.0 60.0
v 65.5 99.0 61.0
v 65.5 99.0 62.0
v 65.5008544921875 99.0 63.0
v 66.0 98.50096130371094 64.0
v 65.543701171875 99.0 64.0
v 66.0 99.0 64.47807312011719
v 65.54469299316406 100.0 52.0
v 66.0 100.0 51.522891998291016
v 66.0 99.5211181640625 52.0
v 66.0 99.45413208007812 53.0
v 65.52101135253906 100.0 53.0
v 65.5008544921875 100.0 54.0
v 65.4991455078125 100.0 55.0
v 65.47898864746094 100.0 56.0
v 65.456298828125 100.0 57.0
v 65.47990417480469 100.0 61.0
v 65.5 100.0 62.0
v 65.5 100.0 63.0
v 65.52193450927734 100.0 64.0
v 66.0 100.0 64.5
v 65.52101135253906 101.0 52.0
v 66.0 101.0 51.47807312011719
v 65.5 101.0 53.0
v 65.4991455078125 101.0 54.0
v 65.45729064941406 101.0 55.0
v 65.456298828125 101.0 60.0
v 65.4991455078125 101.0 61.0
v 65.5 101.0 62.0
v 65.5 101.0 63.0
v 65.52192687988281 101.0 64.0
v 66.0 101.0 64.5
v 65.543701171875 102.0 51.0
v 66.0 102.0 50.52193069458008
v 66.0 101.5 51.0
v 65.5008544921875 102.0 52.0
v 65.4991455078125 102.0 53.0
v 65.45729064941406 102.0 54.0
v 65.47898864746094 102.0 60.0
v 65.5 102.0 61.0
v 65.5 102.0 62.0
v 65.5 102.0 63.0
v 65.52101135253906 102.0 64.0
v 66.0 102.0 64.52192687988281
v 65.52193450927734 103.0 51.0
v 66.0 103.0 50.5
v 65.5 103.0 52.0
v 65.47990417480469 103.0 53.0
v 65.456298828125 103.0 58.0
v 65.47898864746094 103.0 59.0
v 65.4991455078125 103.0 60.0
v 65.5 103.0 61.0
v 65.5 103.0 62.0
v 65.5 103.0 63.0
v 65.5008544921875 103.0 64.0
v 66.0 102.5 65.0
v 65.543701171875 103.0 65.0
v 66.0 103.0 65.4771499633789
v 65.52193450927734 104.0 51.0
v 66.0 104.0 50.5
v 65.5 104.0 52.0
v 65.4991455078125 104.0 53.0
v 65.47898864746094 104.0 54.0
v 65.47807312011719 104.0 55.0
v 65.47807312011719 104.0 56.0
v 65.47898864746094 104.0 57.0
v 65.4991455078125 104.0 58.0
v 65.5 104.0 59.0
v 65.5 104.0 60.0
v 65.5 104.0 61.0
v 65.5 104.0 62.0
v 65.5 104.0 63.0
v 65.5008544921875 104.0 64.0
v 65.54374694824219 104.0 65.0
v 66.0 104.0 65.47618865966797
v 65.54270935058594 105.0 51.0
v 66.0 105.0 50.5
v 65.5008544921875 105.0 52.0
v 65.5 105.0 53.0
v 65.5 105.0 54.0
v 65.5 105.0 55.0
v 65.5 105.0 56.0
v 65.5 105.0 57.0
v 65.5 105.0 58.0
v 65.5 105.0 59.0
v 65.5 105.0 60.0
v 65.5 105.0 61.0
v 65.5 105.0 62.0
v 65.5 105.0 63.0
v 65.52101135253906 105.0 64.0
v 66.0 105.0 64.52092742919922
v 66.0 104.49894714355469 65.0
v 65.59266662597656 106.0 50.0
v 66.0 106.0 49.57071304321289
v 66.0 105.54912567138672 50.0
v 66.0 105.5479736328125 51.0
v 66.0 106.0 50.49883270263672
v 65.54171752929688 106.0 52.0
v 66.0 106.0 51.451080322265625
v 65.5008544921875 106.0 53.0
v 65.5 106.0 54.0
v 65.5 106.0 55.0
v 65.5 106.0 56.0
v 65.5 106.0 57.0
v 65.4991455078125 106.0 58.0
v 65.47990417480469 106.0 59.0
v 65.4991455078125 106.0 60.0
v 65.5 106.0 61.0
v 65.5 106.0 62.0
v 65.5008544921875 106.0 63.0
v 65.543701171875 106.0 64.0
v 66.0 106.0 64.47711181640625
v 66.0 106.4508285522461 50.0
v 66.0 106.47586059570312 51.0
v 65.56720733642578 107.0 51.0
v 66.0 107.0 50.52398681640625
v 66.0 106.52490234375 52.0
v 66.0 107.0 51.5
v 65.543701171875 107.0 53.0
v 66.0 107.0 52.477020263671875
v 65.52101135253906 107.0 54.0
v 65.5008544921875 107.0 55.0
v 65.5 107.0 56.0
v 65.5 107.0 57.0
v 65.47898864746094 107.0 58.0
v 65.47898864746094 107.0 60.0
v 65.5 107.0 61.0
v 65.5 107.0 62.0
v 65.52101135253906 107.0 63.0
v 66.0 107.0 63.52188491821289
v 66.0 106.49995422363281 64.0
v 65.56941223144531 108.0 51.0
v 66.0 108.0 50.54875946044922
v 66.0 108.0 51.45390319824219
v 66.0 107.47807312011719 53.0
v 66.0 107.52289581298828 54.0
v 65.52193450927734 108.0 55.0
v 66.0 108.0 54.477989196777344
v 65.52009582519531 108.0 56.0
v 65.5008544921875 108.0 57.0
v 65.47898864746094 108.0 58.0
v 65.47898864746094 108.0 60.0
v 65.5 108.0 61.0
v 65.5008544921875 108.0 62.0
v 65.54374694824219 108.0 63.0
v 66.0 108.0 63.47623062133789
v 66.0 108.45124053955078 51.0
v 65.56828308105469 109.0 55.0
v 66.0 109.0 54.545867919921875
v 66.0 109.0 55.5
v 66.0 108.54674530029297 56.0
v 65.52101135253906 109.0 57.0
v 66.0 109.0 56.454132080078125
v 65.49915313720703 109.0 58.0
v 65.47990417480469 109.0 59.0
v 65.4991455078125 109.0 60.0
v 65.5008544921875 109.0 61.0
v 65.54275512695312 109.0 62.0
v 66.0 109.0 62.49800109863281
v 66.0 108.49703979492188 63.0
v 66.0 109.45238494873047 55.0
v 65.54469299316406 110.0 57.0
v 66.0 110.0 56.52204895019531
v 65.52101135253906 110.0 58.0
v 65.501708984375 110.0 59.0
v 65.52101135253906 110.0 60.0
v 65.543701171875 110.0 61.0
v 66.0 110.0 61.4980354309082
v 66.0 109.49895477294922 62.0
v 66.0 110.47706604003906 57.0
v 66.0 110.52192687988281 58.0
v 65.56720733642578 111.0 59.0
v 66.0 111.0 58.52298355102539
v 66.0 111.0 59.47701644897461
v 66.0 110.52192687988281 60.0
v 66.0 110.47803497314453 61.0
v 66.0 111.45335388183594 59.0
v 66.56720733642578 94.0 58.0
v 67.0 94.0 57.523983001708984
v 67.0 93.54663848876953 58.0
v 67.0 94.0 58.5
v 66.543701171875 94.0 60.0
v 67.0 94.0 59.477020263671875
v 67.0 93.5228500366211 60.0
v 67.0 93.50003814697266 61.0
v 66.52193450927734 94.0 61.0
v 67.0 93.5 62.0
v 66.52193450927734 94.0 62.0
v 67.0 93.52196502685547 63.0
v 66.543701171875 94.0 63.0
v 67.0 94.0 63.4990348815918
v 66.54270935058594 95.0 57.0
v 67.0 95.0 56.4990348815918
v 67.0 94.50004577636719 57.0
v 66.501708984375 95.0 58.0
v 67.0 94.45430755615234 59.0
v 66.52009582519531 95.0 59.0
v 66.5008544921875 95.0 60.0
v 66.5 95.0 61.0
v 66.5 95.0 62.0
v 66.5008544921875 95.0 63.0
v 67.0 94.5 64.0
v 66.54270935058594 95.0 64.0
v 67.0 95.0 64.4990005493164
v 66.543701171875 96.0 54.0
v 67.0 96.0 53.501007080078125
v 67.0 95.5228500366211 54.0
v 67.0 95.50003814697266 55.0
v 66.52192687988281 96.0 55.0
v 67.0 95.47807312011719 56.0
v 66.52101135253906 96.0 56.0
v 66.5008544921875 96.0 57.0
v 66.5 96.0 58.0
v 66.5 96.0 59.0
v 66.5 96.0 60.0
v 66.5 96.0 61.0
v 66.5 96.0 62.0
v 66.5 96.0 63.0
v 66.5008544921875 96.0 64.0
v 67.0 95.50200653076172 65.0
v 66.54374694824219 96.0 65.0
v 67.0 96.0 65.4761962890625
v 66.52176666259766 97.0 53.0
v 67.0 97.0 52.49795150756836
v 67.0 96.49903869628906 53.0
v 66.47892761230469 97.0 54.0
v 66.47807312011719 97.0 55.0
v 66.47807312011719 97.0 56.0
v 66.47807312011719 97.0 57.0
v 66.47898864746094 97.0 58.0
v 66.4991455078125 97.0 59.0
v 66.4991455078125 97.0 60.0
v 66.47898864746094 97.0 61.0
v 66.47807312011719 97.0 62.0
v 66.47898864746094 97.0 63.0
v 66.4991455078125 97.0 64.0
v 66.52101135253906 97.0 65.0
v 67.0 97.0 65.52092742919922
v 67.0 98.0 50.47895812988281
v 67.0 97.50003814697266 51.0
v 67.0 97.47622680664062 52.0
v 66.47923278808594 98.0 52.0
v 66.456298828125 98.0 59.0
v 66.456298828125 98.0 60.0
v 66.45729064941406 98.0 64.0
v 66.5 98.0 65.0
v 67.0 97.50008392333984 66.0
v 66.54275512695312 98.0 66.0
v 67.0 98.0 66.49795532226562
v 66.54186248779297 99.0 50.0
v 67.0 99.0 49.49995803833008
v 67.0 98.49899291992188 50.0
v 66.47984313964844 99.0 51.0
v 66.4771499633789 99.0 52.0
v 66.43171691894531 99.0 53.0
v 66.47898864746094 99.0 65.0
v 66.501708984375 99.0 66.0
v 67.0 98.52703857421875 67.0
v 66.56829833984375 99.0 67.0
v 67.0 99.0 67.43250274658203
v 66.543701171875 100.0 49.0
v 67.0 100.0 48.52104187011719
v 67.0 99.50096130371094 49.0
v 66.5008544921875 100.0 50.0
v 66.47898864746094 100.0 51.0
v 66.47807312011719 100.0 65.0
v 66.52101135253906 100.0 66.0
v 67.0 100.0 66.52188873291016
v 67.0 99.47587585449219 67.0
v 66.56828308105469 101.0 47.0
v 67.0 101.0 46.546783447265625
v 67.0 100.54674530029297 47.0
v 67.0 101.0 47.5
v 66.52101135253906 101.0 49.0
v 67.0 101.0 48.454132080078125
v 66.4991455078125 101.0 50.0
v 66.456298828125 101.0 51.0
v 66.47807312011719 101.0 65.0
v 66.52101135253906 101.0 66.0
v 67.0 101.0 66.52192687988281
v 66.52285766601562 102.0 47.0
v 67.0 102.0 46.50185775756836
v 67.0 101.45325469970703 48.0
v 66.52009582519531 102.0 48.0
v 66.5008544921875 102.0 49.0
v 66.47898864746094 102.0 50.0
v 66.456298828125 102.0 65.0
v 66.5008544921875 102.0 66.0
v 67.0 101.52297973632812 67.0
v 66.56720733642578 102.0 67.0
v 67.0 102.0 67.45335388183594
v 66.543701171875 103.0 47.0
v 67.0 103.0 46.52288818359375
v 66.5008544921875 103.0 48.0
v 66.5 103.0 49.0
v 66.47807312011719 103.0 50.0
v 66.5 103.0 66.0
v 67.0 103.0 66.5228042602539
v 67.0 102.47697448730469 67.0
v 67.0 103.5 47.0
v 66.52101135253906 104.0 48.0
v 67.0 104.0 47.47806930541992
v 66.5 104.0 49.0
v 66.47806549072266 104.0 50.0
v 66.5228042602539 104.0 66.0
v 67.0 104.0 66.47723388671875
v 66.52193450927734 105.0 48.0
v 67.0 105.0 47.500038146972656
v 66.4991455078125 105.0 49.0
v 66.45729064941406 105.0 50.0
v 66.47724151611328 105.0 65.0
v 67.0 105.0 65.5228042602539
v 67.0 104.5 66.0
v 66.543701171875 106.0 48.0
v 67.0 106.0 47.522850036621094
v 66.48076629638672 106.0 49.0
v 66.40849304199219 106.0 51.0
v 66.50092315673828 106.0 65.0
v 67.0 106.0 65.49996185302734
v 67.0 106.49899291992188 48.0
v 66.54186248779297 107.0 49.0
v 67.0 107.0 48.5
v 66.45814514160156 107.0 50.0
v 66.43279266357422 107.0 52.0
v 66.4571533203125 107.0 64.0
v 66.54285430908203 107.0 65.0
v 67.0 107.0 65.47715759277344
v 67.0 107.5 49.0
v 66.52176666259766 108.0 50.0
v 67.0 108.0 49.49903869628906
v 66.47807312011719 108.0 52.0
v 66.47898864746094 108.0 53.0
v 66.45530700683594 108.0 54.0
v 66.52176666259766 108.0 64.0
v 67.0 108.0 64.5009994506836
v 67.0 107.49907684326172 65.0
v 67.0 108.50196838378906 50.0
v 66.50092315673828 109.0 51.0
v 67.0 109.0 50.47719192504883
v 66.4991455078125 109.0 52.0
v 66.5 109.0 53.0
v 66.47898864746094 109.0 54.0
v 66.43171691894531 109.0 56.0
v 66.5 109.0 63.0
v 67.0 109.0 63.501956939697266
v 67.0 108.5009994506836 64.0
v 66.54373931884766 110.0 51.0
v 67.0 110.0 50.523765563964844
v 66.5008544921875 110.0 52.0
v 66.5 110.0 53.0
v 66.5 110.0 54.0
v 66.5 110.0 55.0
v 66.47891998291016 110.0 56.0
v 66.47823333740234 110.0 62.0
v 67.0 110.0 62.523765563964844
v 67.0 109.50296020507812 63.0
v 67.0 110.49703979492188 51.0
v 66.54275512695312 111.0 52.0
v 67.0 111.0 51.50199890136719
v 66.5008544921875 111.0 53.0
v 66.52009582519531 111.0 54.0
v 67.0 111.0 54.57182312011719
v 67.0 110.57268524169922 55.0
v 66.5408706665039 111.0 56.0
v 67.0 111.0 55.4487190246582
v 66.47984313964844 111.0 57.0
v 66.456298828125 111.0 58.0
v 66.456298828125 111.0 60.0
v 66.47984313964844 111.0 61.0
v 66.54289245605469 111.0 62.0
v 67.0 111.0 62.47715377807617
v 67.0 111.49800109863281 52.0
v 66.54374694824219 112.0 53.0
v 67.0 112.0 52.50296401977539
v 66.52285766601562 112.0 54.0
v 67.0 111.47351837158203 55.0
v 66.56720733642578 112.0 55.0
v 67.0 111.52388763427734 56.0
v 67.0 112.0 55.49894714355469
v 66.543701171875 112.0 57.0
v 67.0 112.0 56.47807312011719
v 66.52108001708984 112.0 58.0
v 66.50183868408203 112.0 59.0
v 66.52108001708984 112.0 60.0
v 66.54373931884766 112.0 61.0
v 67.0 112.0 61.49703598022461
v 67.0 111.49707794189453 62.0
v 67.0 112.47618865966797 53.0
v 67.0 112.49818420410156 54.0
v 67.0 112.45514678955078 55.0
v 67.0 112.47803497314453 57.0
v 67.0 112.49911499023438 58.0
v 67.0 112.49992370605469 59.0
v 67.0 112.49907684326172 60.0
v 67.0 112.47618865966797 61.0
v 67.54373931884766 92.0 61.0
v 68.0 92.0 60.50104904174805
v 68.0 91.52381134033203 61.0
v 68.0 91.50189208984375 62.0
v 67.52197265625 92.0 62.0
v 68.0 91.54389953613281 63.0
v 67.5447006225586 92.0 63.0
v 68.0 92.0 63.49794387817383
v 67.54285430908203 93.0 57.0
v 68.0 93.0 56.5
v 68.0 92.52284240722656 57.0
v 68.0 92.50007629394531 58.0
v 67.50183868408203 93.0 58.0
v 68.0 92.50088500976562 59.0
v 67.52022552490234 93.0 59.0
v 68.0 92.47815704345703 60.0
v 67.5 93.0 60.0
v 67.47891998291016 93.0 61.0
v 67.47807312011719 93.0 62.0
v 67.47984313964844 93.0 63.0
v 68.0 92.47908020019531 64.0
v 67.52015686035156 93.0 64.0
v 68.0 92.52477264404297 65.0
v 67.54473876953125 93.0 65.0
v 68.0 93.0 65.47526550292969
v 67.543701171875 94.0 55.0
v 68.0 94.0 54.50004196166992
v 68.0 93.5228500366211 55.0
v 68.0 93.47807312011719 56.0
v 67.52015686035156 94.0 56.0
v 67.45814514160156 94.0 57.0
v 67.43279266357422 94.0 59.0
v 67.45729064941406 94.0 64.0
v 67.52108001708984 94.0 65.0
v 68.0 94.0 65.5
v 67.54289245605469 95.0 53.0
v 68.0 95.0 52.501007080078125
v 68.0 94.52372741699219 53.0
v 68.0 94.4771957397461 54.0
v 67.5 95.0 54.0
v 67.47891998291016 95.0 55.0
v 67.456298828125 95.0 56.0
v 67.47823333740234 95.0 65.0
v 68.0 95.0 65.52376556396484
v 67.54373931884766 96.0 51.0
v 68.0 96.0 50.50104904174805
v 68.0 95.5238037109375 51.0
v 68.0 95.47903442382812 52.0
v 67.52015686035156 96.0 52.0
v 67.45813751220703 96.0 53.0
v 68.0 95.49895477294922 66.0
v 67.52275848388672 96.0 66.0
v 68.0 96.0 66.47811889648438
v 67.543701171875 97.0 49.0
v 68.0 97.0 48.501007080078125
v 68.0 96.52288818359375 49.0
v 68.0 96.47903442382812 50.0
v 67.52012634277344 97.0 50.0
v 67.47895812988281 97.0 51.0
v 67.45621490478516 97.0 52.0
v 67.47724151611328 97.0 66.0
v 68.0 97.0 66.5228042602539
v 67.56828308105469 98.0 45.0
v 68.0 98.0 44.54587173461914
v 68.0 97.54678344726562 45.0
v 68.0 98.0 45.47595977783203
v 67.54270935058594 98.0 48.0
v 68.0 98.0 47.4990348815918
v 68.0 97.50004577636719 48.0
v 67.5 98.0 49.0
v 67.45633697509766 98.0 50.0
v 68.0 97.49903869628906 67.0
v 67.50104522705078 98.0 67.0
v 68.0 98.0 67.47819519042969
v 67.52285766601562 99.0 45.0
v 68.0 99.0 44.500892639160156
v 68.0 98.47807312011719 46.0
v 67.52101135253906 99.0 46.0
v 68.0 98.47806549072266 47.0
v 67.52101135253906 99.0 47.0
v 67.5 99.0 48.0
v 67.45729064941406 99.0 49.0
v 68.0 99.0 67.54199981689453
v 67.543701171875 100.0 45.0
v 68.0 100.0 44.52193069458008
v 67.5 100.0 46.0
v 67.47990417480469 100.0 47.0
v 67.47806549072266 100.0 48.0
v 67.45714569091797 100.0 67.0
v 68.0 99.50105285644531 68.0
v 67.54385375976562 100.0 68.0
v 68.0 100.0 68.45614624023438
v 68.0 100.5 45.0
v 67.5 101.0 46.0
v 68.0 101.0 45.477149963378906
v 67.43171691894531 101.0 48.0
v 67.456298828125 101.0 67.0
v 67.5211181640625 101.0 68.0
v 68.0 101.0 68.49815368652344
v 67.5 102.0 46.0
v 68.0 102.0 45.49907302856445
v 67.50183868408203 102.0 68.0
v 68.0 102.0 68.49992370605469
v 67.50092315673828 103.0 46.0
v 68.0 103.0 45.5
v 67.4571533203125 103.0 67.0
v 67.54285430908203 103.0 68.0
v 68.0 103.0 68.47715759277344
v 67.52108001708984 104.0 46.0
v 68.0 104.0 45.50092697143555
v 67.456298828125 104.0 47.0
v 67.52176666259766 104.0 67.0
v 68.0 104.0 67.50096130371094
v 68.0 103.49903869628906 68.0
v 67.543701171875 105.0 46.0
v 68.0 105.0 45.52288818359375
v 67.47891998291016 105.0 47.0
v 67.4771957397461 105.0 66.0
v 68.0 105.0 66.52381134033203
v 68.0 104.50200653076172 67.0
v 68.0 105.49995422363281 46.0
v 67.5 106.0 47.0
v 68.0 106.0 46.477195739746094
v 67.5 106.0 66.0
v 68.0 106.0 66.50092315673828
v 67.54285430908203 107.0 47.0
v 68.0 107.0 46.522804260253906
v 67.45813751220703 107.0 48.0
v 67.50092315673828 107.0 66.0
v 68.0 107.0 66.50003814697266
v 68.0 107.49903869628906 47.0
v 67.54186248779297 108.0 48.0
v 68.0 108.0 47.5
v 67.45813751220703 108.0 49.0
v 67.45729064941406 108.0 65.0
v 67.5211181640625 108.0 66.0
v 68.0 108.0 66.49903106689453
v 68.0 108.5 48.0
v 67.54186248779297 109.0 49.0
v 68.0 109.0 48.5
v 67.45710754394531 109.0 50.0
v 67.45809936523438 109.0 64.0
v 67.52015686035156 109.0 65.0
v 67.54570007324219 109.0 66.0
v 68.0 109.0 66.4551773071289
v 68.0 109.5 49.0
v 67.52176666259766 110.0 50.0
v 68.0 110.0 49.49903869628906
v 67.45626068115234 110.0 63.0
v 67.52015686035156 110.0 64.0
v 68.0 110.0 64.52293395996094
v 68.0 109.52293395996094 65.0
v 68.0 109.47513580322266 66.0
v 68.0 110.5009994506836 50.0
v 67.5 111.0 51.0
v 68.0 111.0 50.498043060302734
v 67.40616607666016 111.0 55.0
v 67.5 111.0 63.0
v 67.54473876953125 111.0 64.0
v 68.0 111.0 64.47614288330078
v 68.0 111.50196075439453 51.0
v 67.5 112.0 52.0
v 68.0 112.0 51.498043060302734
v 67.4338607788086 112.0 56.0
v 67.50004577636719 112.0 62.0
v 68.0 112.0 62.501914978027344
v 68.0 111.52188873291016 63.0
v 68.0 111.47522735595703 64.0
v 68.0 112.50196075439453 52.0
v 67.52275848388672 113.0 53.0
v 68.0 113.0 52.49995803833008
v 67.49908447265625 113.0 54.0
v 67.47984313964844 113.0 55.0
v 67.498291015625 113.0 56.0
v 67.47984313964844 113.0 57.0
v 67.49907684326172 113.0 58.0
v 67.5 113.0 59.0
v 67.5 113.0 60.0
v 67.5228042602539 113.0 61.0
v 68.0 113.0 61.498085021972656
v 68.0 112.5 62.0
v 68.0 113.47899627685547 53.0
v 68.0 113.52192687988281 54.0
v 67.54373931884766 114.0 55.0
v 68.0 114.0 54.501007080078125
v 67.52101135253906 114.0 56.0
v 67.52192687988281 114.0 57.0
v 68.0 114.0 57.52196502685547
v 68.0 113.52381134033203 58.0
v 68.0 113.50007629394531 59.0
v 68.0 113.50088500976562 60.0
v 68.0 113.47723388671875 61.0
v 68.0 114.4761962890625 55.0
v 68.0 114.52088165283203 56.0
v 67.56941986083984 115.0 57.0
v 68.0 115.0 56.526241302490234
v 68.0 115.0 57.45115661621094
v 68.0 115.43061065673828 57.0
v 68.5228042602539 91.0 61.0
v 69.0 91.0 60.49903869628906
v 69.0 90.5228042602539 61.0
v 69.0 90.54285430908203 62.0
v 68.5228500366211 91.0 62.0
v 69.0 91.0 62.499996185302734
v 68.54289245605469 92.0 56.0
v 69.0 92.0 55.501007080078125
v 69.0 91.52376556396484 56.0
v 69.0 91.50003814697266 57.0
v 68.50092315673828 92.0 57.0
v 69.0 91.5 58.0
v 68.5 92.0 58.0
v 69.0 91.49996185302734 59.0
v 68.5 92.0 59.0
v 69.0 91.47623443603516 60.0
v 68.47724151611328 92.0 60.0
v 69.0 91.45714569091797 63.0
v 69.0 91.5 64.0
v 68.47819519042969 92.0 64.0
v 69.0 91.54289245605469 65.0
v 68.52376556396484 92.0 65.0
v 69.0 92.0 65.49707794189453
v 68.54285430908203 93.0 54.0
v 69.0 93.0 53.5009651184082
v 69.0 92.52284240722656 54.0
v 69.0 92.47815704345703 55.0
v 68.5 93.0 55.0
v 68.45714569091797 93.0 56.0
v 69.0 92.5009994506836 66.0
v 68.52180480957031 93.0 66.0
v 69.0 93.0 66.49896240234375
v 68.52176666259766 94.0 53.0
v 69.0 94.0 52.4980354309082
v 69.0 93.49903869628906 53.0
v 68.45714569091797 94.0 54.0
v 68.47891998291016 94.0 66.0
v 69.0 93.50397491455078 67.0
v 68.5447006225586 94.0 67.0
v 69.0 94.0 67.45610046386719
v 68.52275848388672 95.0 51.0
v 69.0 95.0 50.49895095825195
v 69.0 94.52184295654297 51.0
v 69.0 94.47623443603516 52.0
v 68.47724151611328 95.0 52.0
v 68.45626068115234 95.0 66.0
v 68.5211181640625 95.0 67.0
v 69.0 95.0 67.49815368652344
v 68.54374694824219 96.0 44.0
v 69.0 96.0 43.50104904174805
v 69.0 95.52293395996094 44.0
v 69.0 95.54386138916016 45.0
v 68.5447006225586 96.0 45.0
v 69.0 96.0 45.49798583984375
v 68.54285430908203 96.0 48.0
v 69.0 96.0 47.5
v 69.0 95.5228042602539 48.0
v 69.0 95.49911499023438 49.0
v 68.50092315673828 96.0 49.0
v 69.0 95.4761962890625 50.0
v 68.47724151611328 96.0 50.0
v 68.50091552734375 96.0 67.0
v 69.0 96.0 67.49996185302734
v 68.543701171875 97.0 43.0
v 69.0 97.0 42.522850036621094
v 69.0 96.50100708007812 43.0
v 68.5 97.0 44.0
v 68.48075866699219 97.0 45.0
v 69.0 96.47903442382812 46.0
v 68.52015686035156 97.0 46.0
v 69.0 96.47807312011719 47.0
v 68.52015686035156 97.0 47.0
v 68.45813751220703 97.0 48.0
v 68.4771957397461 97.0 67.0
v 69.0 97.0 67.5228042602539
v 68.52192687988281 98.0 43.0
v 69.0 98.0 42.50008010864258
v 68.47899627685547 98.0 44.0
v 68.456298828125 98.0 46.0
v 68.456298828125 98.0 47.0
v 69.0 97.5 68.0
v 68.52276611328125 98.0 68.0
v 69.0 98.0 68.4771957397461
v 68.52192687988281 99.0 43.0
v 69.0 99.0 42.500885009765625
v 68.47807312011719 99.0 44.0
v 68.4771957397461 99.0 68.0
v 69.0 99.0 68.50092315673828
v 68.52192687988281 100.0 43.0
v 69.0 100.0 42.50008010864258
v 68.47898864746094 100.0 44.0
v 69.0 100.0 68.54285430908203
v 68.543701171875 101.0 43.0
v 69.0 101.0 42.522850036621094
v 68.5 101.0 44.0
v 68.456298828125 101.0 45.0
v 69.0 100.5 69.0
v 68.52284240722656 101.0 69.0
v 69.0 101.0 69.45714569091797
v 69.0 101.49899291992188 43.0
v 68.54270935058594 102.0 44.0
v 69.0 102.0 43.50004196166992
v 68.47891998291016 102.0 45.0
v 68.50003814697266 102.0 69.0
v 69.0 102.0 69.49907684326172
v 69.0 102.50096130371094 44.0
v 68.49907684326172 103.0 45.0
v 69.0 103.0 44.47711181640625
v 68.50096130371094 103.0 69.0
v 69.0 103.0 69.49903869628906
v 68.5 104.0 45.0
v 69.0 104.0 44.49907302856445
v 68.45813751220703 104.0 68.0
v 68.54385375976562 104.0 69.0
v 69.0 104.0 69.45614624023438
v 68.50092315673828 105.0 45.0
v 69.0 105.0 44.5
v 68.45626068115234 105.0 67.0
v 68.52015686035156 105.0 68.0
v 69.0 105.0 68.52091979980469
v 69.0 104.49798583984375 69.0
v 68.54289245605469 106.0 45.0
v 69.0 106.0 44.523765563964844
v 68.45714569091797 106.0 46.0
v 68.47891998291016 106.0 67.0
v 68.543701171875 106.0 68.0
v 69.0 106.0 68.47711944580078
v 69.0 106.49899291992188 45.0
v 68.5 107.0 46.0
v 69.0 107.0 45.47815704345703
v 68.49816131591797 107.0 67.0
v 69.0 107.0 67.54659271240234
v 69.0 106.52293395996094 68.0
v 68.54285430908203 108.0 46.0
v 69.0 108.0 45.52284240722656
v 68.45813751220703 108.0 47.0
v 68.5 108.0 67.0
v 69.0 107.5022201538086 68.0
v 68.56937408447266 108.0 68.0
v 69.0 108.0 68.43145751953125
v 69.0 108.49903869628906 46.0
v 68.54186248779297 109.0 47.0
v 69.0 109.0 46.5
v 68.45813751220703 109.0 48.0
v 69.0 108.52397918701172 67.0
v 69.0 109.0 66.5448226928711
v 69.0 108.45207977294922 68.0
v 69.0 109.50004577636719 47.0
v 68.54186248779297 110.0 48.0
v 69.0 110.0 47.49995803833008
v 68.45813751220703 110.0 49.0
v 68.45530700683594 110.0 65.0
v 68.50096130371094 110.0 66.0
v 69.0 110.0 66.5
v 69.0 110.50004577636719 48.0
v 68.54186248779297 111.0 49.0
v 69.0 111.0 48.49995803833008
v 68.45809936523438 111.0 50.0
v 68.5 111.0 65.0
v 68.54570007324219 111.0 66.0
v 69.0 111.0 66.4551773071289
v 69.0 111.50004577636719 49.0
v 68.54186248779297 112.0 50.0
v 69.0 112.0 49.49995803833008
v 68.45809936523438 112.0 51.0
v 68.4771957397461 112.0 63.0
v 68.52275848388672 112.0 64.0
v 69.0 112.0 64.50100708007812
v 69.0 111.5228500366211 65.0
v 69.0 111.47425842285156 66.0
v 69.0 112.50004577636719 50.0
v 68.54186248779297 113.0 51.0
v 69.0 113.0 50.49995803833008
v 68.45809936523438 113.0 52.0
v 68.49996185302734 113.0 62.0
v 69.0 113.0 62.50296401977539
v 69.0 112.5238037109375 63.0
v 69.0 112.47903442382812 64.0
v 69.0 113.49903869628906 51.0
v 68.54190063476562 114.0 52.0
v 69.0 114.0 51.50100326538086
v 68.48069763183594 114.0 53.0
v 68.476318359375 114.0 54.0
v 68.4561538696289 114.0 58.0
v 68.49816131591797 114.0 59.0
v 68.47978210449219 114.0 60.0
v 68.52180480957031 114.0 61.0
v 69.0 114.0 61.5
v 69.0 113.5009994506836 62.0
v 69.0 114.49803924560547 52.0
v 68.56729888916016 115.0 53.0
v 69.0 115.0 52.52598571777344
v 69.0 115.0 53.49885177612305
v 69.0 114.54646301269531 54.0
v 68.5238037109375 115.0 55.0
v 69.0 115.0 54.47811508178711
v 68.47908020019531 115.0 56.0
v 68.52275848388672 115.0 58.0
v 69.0 115.0 58.5239372253418
v 69.0 114.54659271240234 59.0
v 68.56829071044922 115.0 60.0
v 69.0 115.0 59.50115203857422
v 69.0 115.0 60.47296142578125
v 69.0 114.49895477294922 61.0
v 69.0 115.45153045654297 53.0
v 69.0 115.45626068115234 55.0
v 69.0 115.47984313964844 56.0
v 69.0 115.5192642211914 57.0
v 69.0 115.47815704345703 58.0
v 69.0 115.43250274658203 60.0
v 69.54293823242188 90.0 60.0
v 70.0 90.0 59.50104904174805
v 70.0 89.5246810913086 60.0
v 70.0 89.54290008544922 61.0
v 69.52376556396484 90.0 61.0
v 70.0 90.0 61.498992919921875
v 69.52275848388672 91.0 56.0
v 70.0 91.0 55.498992919921875
v 70.0 90.52188110351562 56.0
v 70.0 90.5 57.0
v 69.5 91.0 57.0
v 70.0 90.5 58.0
v 69.5 91.0 58.0
v 70.0 90.47811889648438 59.0
v 69.49907684326172 91.0 59.0
v 69.45710754394531 91.0 60.0
v 70.0 90.45813751220703 62.0
v 70.0 90.52015686035156 63.0
v 69.47807312011719 91.0 63.0
v 70.0 90.54469299316406 64.0
v 69.52381134033203 91.0 64.0
v 70.0 91.0 64.47706604003906
v 69.54285430908203 92.0 53.0
v 70.0 92.0 52.5009651184082
v 70.0 91.52196502685547 53.0
v 70.0 91.49996185302734 54.0
v 69.50092315673828 92.0 54.0
v 70.0 91.47623443603516 55.0
v 69.47724151611328 92.0 55.0
v 70.0 91.47984313964844 65.0
v 70.0 91.5427474975586 66.0
v 69.50199890136719 92.0 66.0
v 70.0 92.0 66.49795532226562
v 69.54186248779297 93.0 52.0
v 70.0 93.0 51.4990348815918
v 70.0 92.5 52.0
v 69.45813751220703 93.0 53.0
v 70.0 92.50199890136719 67.0
v 69.50199890136719 93.0 67.0
v 70.0 93.0 67.45809936523438
v 69.56828308105469 94.0 44.0
v 70.0 94.0 43.52504348754883
v 70.0 93.54769134521484 44.0
v 70.0 94.0 44.45412826538086
v 69.543701171875 94.0 49.0
v 70.0 94.0 48.5
v 70.0 93.52196502685547 49.0
v 70.0 93.50084686279297 50.0
v 69.52108001708984 94.0 50.0
v 70.0 93.4771957397461 51.0
v 69.5 94.0 51.0
v 69.45710754394531 94.0 52.0
v 70.0 94.0 67.54186248779297
v 69.54186248779297 95.0 43.0
v 70.0 95.0 42.50096130371094
v 70.0 94.50000762939453 43.0
v 69.50092315673828 95.0 44.0
v 70.0 95.0 44.52394485473633
v 69.54285430908203 95.0 47.0
v 70.0 95.0 46.49991226196289
v 70.0 94.52188873291016 47.0
v 70.0 94.4771499633789 48.0
v 69.5 95.0 48.0
v 69.47891998291016 95.0 49.0
v 69.45626068115234 95.0 50.0
v 70.0 94.50096130371094 68.0
v 69.52284240722656 95.0 68.0
v 70.0 95.0 68.45714569091797
v 69.54289245605469 96.0 42.0
v 70.0 96.0 41.52376174926758
v 70.0 95.50196838378906 42.0
v 69.45814514160156 96.0 43.0
v 70.0 95.45513916015625 45.0
v 70.0 95.47618865966797 46.0
v 69.47723388671875 96.0 46.0
v 69.45714569091797 96.0 47.0
v 69.50003814697266 96.0 68.0
v 70.0 96.0 68.49907684326172
v 69.5 97.0 42.0
v 70.0 97.0 41.47815704345703
v 69.4771957397461 97.0 68.0
v 70.0 97.0 68.52275848388672
v 69.56725311279297 98.0 41.0
v 70.0 98.0 40.54755401611328
v 70.0 97.52403259277344 41.0
v 69.47977447509766 98.0 42.0
v 70.0 97.50104522705078 69.0
v 69.52381134033203 98.0 69.0
v 70.0 98.0 69.45625305175781
v 70.0 98.49995422363281 41.0
v 69.49816131591797 99.0 42.0
v 70.0 99.0 41.45336151123047
v 69.50092315673828 99.0 69.0
v 70.0 99.0 69.47807312011719
v 69.56725311279297 100.0 41.0
v 70.0 100.0 40.54755401611328
v 70.0 99.50004577636719 41.0
v 69.47977447509766 100.0 42.0
v 69.47811126708984 100.0 69.0
v 70.0 100.0 69.47899627685547
v 70.0 100.47596740722656 41.0
v 69.5 101.0 42.0
v 70.0 101.0 41.47815704345703
v 70.0 101.0 69.51924133300781
v 69.54285430908203 102.0 42.0
v 70.0 102.0 41.52284240722656
v 69.45813751220703 102.0 43.0
v 70.0 101.54678344726562 70.0
v 69.54682159423828 102.0 70.0
v 70.0 102.0 70.43171691894531
v 70.0 102.5 42.0
v 69.52015686035156 103.0 43.0
v 70.0 103.0 42.47807693481445
v 69.456298828125 103.0 44.0
v 69.52385711669922 103.0 70.0
v 70.0 103.0 70.4552993774414
v 69.543701171875 104.0 43.0
v 70.0 104.0 42.52284622192383
v 69.47891998291016 104.0 44.0
v 70.0 103.4980239868164 70.0
v 70.0 104.0 69.54186248779297
v 70.0 104.49995422363281 43.0
v 69.49907684326172 105.0 44.0
v 70.0 105.0 43.47715759277344
v 69.47908020019531 105.0 69.0
v 70.0 105.0 69.47984313964844
v 69.52275848388672 106.0 44.0
v 70.0 106.0 43.52184295654297
v 69.50188446044922 106.0 69.0
v 70.0 106.0 69.47802734375
v 70.0 106.50100708007812 44.0
v 69.47724151611328 107.0 45.0
v 70.0 107.0 44.476234436035156
v 69.43363189697266 107.0 68.0
v 69.54304504394531 107.0 69.0
v 70.0 107.0 69.45533752441406
v 69.50092315673828 108.0 45.0
v 70.0 108.0 44.5
v 70.0 107.49798583984375 69.0
v 70.0 108.0 68.54097747802734
v 69.54289245605469 109.0 45.0
v 70.0 109.0 44.523765563964844
v 69.45813751220703 109.0 46.0
v 69.45429992675781 109.0 67.0
v 69.50184631347656 109.0 68.0
v 70.0 109.0 68.47891998291016
v 70.0 109.49899291992188 45.0
v 69.52015686035156 110.0 46.0
v 70.0 110.0 45.47903823852539
v 69.45729064941406 110.0 47.0
v 69.49907684326172 110.0 67.0
v 69.54670715332031 110.0 68.0
v 70.0 110.0 68.45329284667969
v 69.54374694824219 111.0 46.0
v 70.0 111.0 45.523807525634766
v 69.5 111.0 47.0
v 69.45729064941406 111.0 48.0
v 70.0 110.5228500366211 67.0
v 70.0 111.0 66.5428237915039
v 70.0 110.45409393310547 68.0
v 70.0 111.49703979492188 46.0
v 69.54275512695312 112.0 47.0
v 70.0 112.0 46.50199890136719
v 69.5 112.0 48.0
v 69.45729064941406 112.0 49.0
v 69.45714569091797 112.0 65.0
v 69.52472686767578 112.0 66.0
v 70.0 112.0 66.45614624023438
v 70.0 112.49800109863281 47.0
v 69.54275512695312 113.0 48.0
v 70.0 113.0 47.50199890136719
v 69.5 113.0 49.0
v 69.45729064941406 113.0 50.0
v 69.45626068115234 113.0 63.0
v 69.4798812866211 113.0 64.0
v 69.54381561279297 113.0 65.0
v 70.0 113.0 65.47523498535156
v 70.0 112.47523498535156 66.0
v 70.0 113.49800109863281 48.0
v 69.54374694824219 114.0 49.0
v 70.0 114.0 48.50296401977539
v 69.52108001708984 114.0 50.0
v 69.47823333740234 114.0 51.0
v 69.47819519042969 114.0 62.0
v 69.5211181640625 114.0 63.0
v 69.54566192626953 114.0 64.0
v 70.0 114.0 64.4742202758789
v 70.0 113.47523498535156 65.0
v 70.0 114.47618865966797 49.0
v 70.0 114.49911499023438 50.0
v 70.0 114.52372741699219 51.0
v 69.5 115.0 52.0
v 70.0 115.0 51.49707794189453
v 69.45353698730469 115.0 54.0
v 69.43363189697266 115.0 59.0
v 69.50104522705078 115.0 61.0
v 70.0 115.0 61.50096130371094
v 70.0 114.52276611328125 62.0
v 70.0 114.49815368652344 63.0
v 70.0 114.4551010131836 64.0
v 70.0 115.5009536743164 52.0
v 69.54846954345703 116.0 53.0
v 70.0 116.0 52.5250358581543
v 70.0 116.0 53.4759635925293
v 70.0 115.52367401123047 54.0
v 70.0 115.52108001708984 55.0
v 70.0 115.54373931884766 56.0
v 69.52104187011719 116.0 57.0
v 70.0 116.0 56.498992919921875
v 69.5018081665039 116.0 58.0
v 69.54304504394531 116.0 59.0
v 70.0 115.54199981689453 60.0
v 70.0 116.0 59.49894714355469
v 70.0 115.47819519042969 61.0
v 70.0 116.43270111083984 53.0
v 70.0 116.476318359375 57.0
v 70.0 116.4788818359375 58.0
v 70.0 116.45533752441406 59.0
v 70.54966735839844 89.0 60.0
v 71.0 89.0 59.54788589477539
v 71.0 88.56941223144531 60.0
v 71.0 89.0 60.45298767089844
v 70.56829071044922 90.0 53.0
v 71.0 90.0 52.525089263916016
v 71.0 89.56749725341797 53.0
v 71.0 90.0 53.497745513916016
v 70.54389190673828 90.0 55.0
v 71.0 90.0 54.47917556762695
v 71.0 89.5447006225586 55.0
v 71.0 89.52196502685547 56.0
v 70.50188446044922 90.0 56.0
v 71.0 89.52192687988281 57.0
v 70.50096130371094 90.0 57.0
v 71.0 89.52192687988281 58.0
v 70.50096130371094 90.0 58.0
v 71.0 89.5 59.0
v 70.47815704345703 90.0 59.0
v 71.0 89.47984313964844 61.0
v 71.0 89.54270935058594 62.0
v 70.50004577636719 90.0 62.0
v 71.0 90.0 62.5
v 70.56832885742188 91.0 48.0
v 71.0 91.0 47.54683303833008
v 71.0 90.5486068725586 48.0
v 71.0 91.0 48.474952697753906
v 70.54186248779297 91.0 52.0
v 71.0 91.0 51.49995803833008
v 71.0 90.5 52.0
v 70.48069763183594 91.0 53.0
v 71.0 90.45449829101562 54.0
v 70.49816131591797 91.0 54.0
v 70.45710754394531 91.0 55.0
v 71.0 90.45729064941406 63.0
v 71.0 90.52015686035156 64.0
v 71.0 91.0 64.52196502685547
v 70.52193450927734 92.0 48.0
v 71.0 92.0 47.47799301147461
v 71.0 91.5 49.0
v 70.54270935058594 92.0 49.0
v 71.0 92.0 49.52394104003906
v 70.54185485839844 92.0 51.0
v 71.0 92.0 50.47601318359375
v 71.0 91.49995422363281 51.0
v 70.45813751220703 92.0 52.0
v 71.0 91.456298828125 65.0
v 71.0 91.5 66.0
v 71.0 91.54470825195312 67.0
v 70.50397491455078 92.0 67.0
v 71.0 92.0 67.45610046386719
v 70.54289245605469 93.0 43.0
v 71.0 93.0 42.501007080078125
v 71.0 92.52288818359375 43.0
v 71.0 92.520263671875 44.0
v 70.50272369384766 93.0 44.0
v 71.0 92.5018081665039 45.0
v 70.5211181640625 93.0 45.0
v 71.0 92.50003814697266 46.0
v 70.52192687988281 93.0 46.0
v 71.0 92.47710418701172 47.0
v 70.52101135253906 93.0 47.0
v 70.5 93.0 48.0
v 70.47984313964844 93.0 49.0
v 71.0 92.45335388183594 50.0
v 70.49816131591797 93.0 50.0
v 70.45714569091797 93.0 51.0
v 71.0 93.0 67.54185485839844
v 70.54285430908203 94.0 42.0
v 71.0 94.0 41.522804260253906
v 71.0 93.50096130371094 42.0
v 70.45814514160156 94.0 43.0
v 70.47898864746094 94.0 45.0
v 70.4991455078125 94.0 46.0
v 70.47898864746094 94.0 47.0
v 70.456298828125 94.0 48.0
v 71.0 93.5 68.0
v 70.5 94.0 68.0
v 71.0 94.0 68.45813751220703
v 70.47823333740234 95.0 42.0
v 71.0 95.0 41.47627639770508
v 70.45429992675781 95.0 45.0
v 70.45625305175781 95.0 46.0
v 71.0 95.0 68.54186248779297
v 70.52275848388672 96.0 41.0
v 71.0 96.0 40.52184295654297
v 71.0 95.49899291992188 41.0
v 71.0 95.50100708007812 69.0
v 70.52288818359375 96.0 69.0
v 71.0 96.0 69.456298828125
v 70.47724151611328 97.0 41.0
v 71.0 97.0 40.47623825073242
v 70.47907257080078 97.0 69.0
v 71.0 97.0 69.47898864746094
v 70.523681640625 98.0 40.0
v 71.0 98.0 39.52192687988281
v 71.0 97.49903869628906 40.0
v 71.0 98.0 69.5
v 70.52022552490234 99.0 40.0
v 71.0 99.0 39.50088882446289
v 70.43280029296875 99.0 41.0
v 71.0 99.0 69.52101135253906
v 70.52371978759766 100.0 40.0
v 71.0 100.0 39.52284622192383
v 71.0 100.0 69.52192687988281
v 71.0 100.49995422363281 40.0
v 70.47724151611328 101.0 41.0
v 71.0 101.0 40.477195739746094
v 71.0 101.0 69.52285766601562
v 70.50092315673828 102.0 41.0
v 71.0 102.0 40.500038146972656
v 70.49893951416016 102.0 70.0
v 71.0 102.0 69.56720733642578
v 70.54285430908203 103.0 41.0
v 71.0 103.0 40.52284622192383
v 70.45714569091797 103.0 42.0
v 71.0 102.47605895996094 70.0
v 71.0 103.0 70.45729064941406
v 71.0 103.5 41.0
v 70.5 104.0 42.0
v 71.0 104.0 41.477195739746094
v 70.50100708007812 104.0 70.0
v 71.0 104.0 70.456298828125
v 70.54285430908203 105.0 42.0
v 71.0 105.0 41.522804260253906
v 70.45714569091797 105.0 43.0
v 71.0 104.49903106689453 70.0
v 71.0 105.0 69.54270935058594
v 71.0 105.5 42.0
v 70.5 106.0 43.0
v 71.0 106.0 42.477195739746094
v 71.0 106.0 69.5008544921875
v 70.54285430908203 107.0 43.0
v 71.0 107.0 42.522804260253906
v 70.45710754394531 107.0 44.0
v 71.0 107.0 69.4991455078125
v 71.0 107.50004577636719 43.0
v 70.49907684326172 108.0 44.0
v 71.0 108.0 43.477115631103516
v 70.50008392333984 108.0 69.0
v 71.0 108.0 69.45729064941406
v 70.5228042602539 109.0 44.0
v 71.0 109.0 43.52188491821289
v 71.0 108.5 69.0
v 71.0 109.0 68.54270935058594
v 71.0 109.5 44.0
v 70.47724151611328 110.0 45.0
v 71.0 110.0 44.47719955444336
v 71.0 110.0 68.47980499267578
v 70.5228042602539 111.0 45.0
v 71.0 111.0 44.52280044555664
v 70.49703979492188 111.0 67.0
v 71.0 111.0 67.5009994506836
v 71.0 110.51996612548828 68.0
v 71.0 111.49808502197266 45.0
v 70.50004577636719 112.0 46.0
v 71.0 112.0 45.5
v 71.0 111.50103759765625 67.0
v 71.0 112.0 66.52180480957031
v 71.0 112.5009536743164 46.0
v 70.5 113.0 47.0
v 71.0 113.0 46.499000549316406
v 71.0 112.52276611328125 66.0
v 71.0 113.0 65.5228042602539
v 71.0 113.5009994506836 47.0
v 70.50004577636719 114.0 48.0
v 71.0 114.0 47.49904251098633
v 71.0 113.5228042602539 65.0
v 71.0 114.0 64.52276611328125
v 71.0 114.49995422363281 48.0
v 70.52376556396484 115.0 49.0
v 71.0 115.0 48.50292205810547
v 70.49911499023438 115.0 50.0
v 70.45710754394531 115.0 51.0
v 70.47811126708984 115.0 62.0
v 70.52288818359375 115.0 63.0
v 71.0 115.0 63.4980354309082
v 71.0 114.52176666259766 64.0
v 71.0 115.45710754394531 49.0
v 71.0 115.52084350585938 50.0
v 70.54385375976562 116.0 51.0
v 71.0 116.0 50.50297546386719
v 70.47915649414062 116.0 52.0
v 70.47807312011719 116.0 54.0
v 70.49906921386719 116.0 55.0
v 70.4761962890625 116.0 56.0
v 70.47723388671875 116.0 60.0
v 70.52468872070312 116.0 61.0
v 71.0 116.0 61.47618865966797
v 71.0 115.5 62.0
v 71.0 115.456298828125 63.0
v 71.0 116.45614624023438 51.0
v 71.0 116.49996185302734 52.0
v 71.0 116.52022552490234 53.0
v 71.0 116.50092315673828 54.0
v 71.0 116.5 55.0
v 71.0 116.52275848388672 56.0
v 70.54756164550781 117.0 57.0
v 71.0 117.0 56.52403259277344
v 71.0 117.0 57.47697067260742
v 71.0 116.543701171875 58.0
v 71.0 116.52108001708984 59.0
v 71.0 116.5 60.0
v 71.0 116.45610809326172 61.0
v 71.0 117.43274688720703 57.0
v 71.54374694824219 89.0 51.0
v 72.0 89.0 50.50104904174805
v 72.0 88.52381134033203 51.0
v 72.0 88.5228500366211 52.0
v 71.54285430908203 89.0 52.0
v 72.0 89.0 52.501007080078125
v 72.0 89.0 59.4990348815918
v 72.0 88.543701171875 60.0
v 72.0 89.0 60.5009651184082
v 71.523681640625 90.0 48.0
v 72.0 90.0 47.4990348815918
v 72.0 89.52192687988281 48.0
v 72.0 89.50092315673828 49.0
v 71.52108001708984 90.0 49.0
v 72.0 89.47907257080078 50.0
v 71.52101135253906 90.0 50.0
v 71.5 90.0 51.0
v 71.45814514160156 90.0 52.0
v 72.0 89.45695495605469 53.0
v 72.0 89.49723052978516 54.0
v 71.45449829101562 90.0 54.0
v 72.0 89.4788818359375 55.0
v 72.0 89.47807312011719 56.0
v 72.0 89.47807312011719 57.0
v 72.0 89.47807312011719 58.0
v 72.0 89.45530700683594 59.0
v 72.0 89.45530700683594 61.0
v 72.0 89.47984313964844 62.0
v 72.0 89.54186248779297 63.0
v 71.49995422363281 90.0 63.0
v 72.0 90.0 63.5
v 71.56832885742188 91.0 43.0
v 72.0 91.0 42.525089263916016
v 72.0 90.5486068725586 43.0
v 72.0 91.0 43.45408248901367
v 71.543701171875 91.0 46.0
v 72.0 91.0 45.50100326538086
v 72.0 90.5228500366211 46.0
v 72.0 90.4771499633789 47.0
v 71.5 91.0 47.0
v 71.45729064941406 91.0 49.0
v 71.498291015625 91.0 50.0
v 71.45729064941406 91.0 51.0
v 72.0 90.45813751220703 64.0
v 72.0 90.54285430908203 65.0
v 71.49995422363281 91.0 65.0
v 72.0 91.0 65.47807312011719
v 71.54186248779297 92.0 42.0
v 72.0 92.0 41.500003814697266
v 72.0 91.50000762939453 42.0
v 71.50092315673828 92.0 43.0
v 72.0 92.0 43.54705810546875
v 71.52084350585938 92.0 45.0
v 72.0 92.0 44.472801208496094
v 72.0 91.49899291992188 45.0
v 71.47891998291016 92.0 46.0
v 71.45530700683594 92.0 47.0
v 71.43279266357422 92.0 50.0
v 72.0 91.47984313964844 66.0
v 72.0 91.54374694824219 67.0
v 72.0 92.0 67.47618865966797
v 71.54285430908203 93.0 41.0
v 72.0 93.0 40.522804260253906
v 72.0 92.50096130371094 41.0
v 71.45814514160156 93.0 42.0
v 72.0 92.43061828613281 44.0
v 72.0 92.52376556396484 68.0
v 71.50100708007812 93.0 68.0
v 72.0 93.0 68.45710754394531
v 71.5 94.0 41.0
v 72.0 94.0 40.477195739746094
v 72.0 94.0 68.54186248779297
v 71.54285430908203 95.0 40.0
v 72.0 95.0 39.52284240722656
v 72.0 94.5 40.0
v 71.45710754394531 95.0 41.0
v 72.0 94.50004577636719 69.0
v 71.50004577636719 95.0 69.0
v 72.0 95.0 69.45729064941406
v 71.5 96.0 40.0
v 72.0 96.0 39.47819900512695
v 72.0 96.0 69.5
v 71.54389953613281 97.0 39.0
v 72.0 97.0 38.544700622558594
v 72.0 96.50205993652344 39.0
v 71.45710754394531 97.0 40.0
v 72.0 97.0 69.52101135253906
v 71.50188446044922 98.0 39.0
v 72.0 98.0 38.521968841552734
v 72.0 98.0 69.543701171875
v 71.50096893310547 99.0 39.0
v 72.0 99.0 38.52193069458008
v 72.0 98.5 70.0
v 71.52192687988281 99.0 70.0
v 72.0 99.0 70.456298828125
v 71.5238037109375 100.0 39.0
v 72.0 100.0 38.54374313354492
v 71.5 100.0 70.0
v 72.0 100.0 70.47806549072266
v 72.0 100.49895477294922 39.0
v 71.4771957397461 101.0 40.0
v 72.0 101.0 39.477237701416016
v 71.49910736083984 101.0 70.0
v 72.0 101.0 70.47806549072266
v 71.5 102.0 40.0
v 72.0 102.0 39.5
v 71.47605895996094 102.0 70.0
v 72.0 102.0 70.45729064941406
v 71.50092315673828 103.0 40.0
v 72.0 103.0 39.50004196166992
v 72.0 103.0 69.59388732910156
v 71.55033874511719 103.0 70.0
v 72.0 102.55034637451172 70.0
v 71.54285430908203 104.0 40.0
v 72.0 104.0 39.52284622192383
v 71.45714569091797 104.0 41.0
v 72.0 103.4281234741211 70.0
v 72.0 104.0 70.49907684326172
v 72.0 104.49903869628906 40.0
v 71.50003814697266 105.0 41.0
v 72.0 105.0 40.47819519042969
v 71.49996185302734 105.0 70.0
v 72.0 105.0 70.45813751220703
v 71.54385375976562 106.0 41.0
v 72.0 106.0 40.54381561279297
v 71.45714569091797 106.0 42.0
v 72.0 105.50100708007812 70.0
v 72.0 106.0 69.543701171875
v 72.0 106.49798583984375 41.0
v 71.5 107.0 42.0
v 72.0 107.0 41.47819519042969
v 72.0 107.0 69.52101135253906
v 71.5211181640625 108.0 42.0
v 72.0 108.0 41.50184631347656
v 71.456298828125 108.0 43.0
v 72.0 108.0 69.5
v 71.54666900634766 109.0 42.0
v 72.0 109.0 41.54586410522461
v 71.50003814697266 109.0 43.0
v 71.50096130371094 109.0 69.0
v 72.0 109.0 69.456298828125
v 72.0 109.45417785644531 42.0
v 72.0 109.52281188964844 43.0
v 71.4771957397461 110.0 44.0
v 72.0 110.0 43.47623825073242
v 72.0 109.47803497314453 69.0
v 72.0 110.0 68.52015686035156
v 71.5228042602539 111.0 44.0
v 72.0 111.0 43.52280044555664
v 71.50200653076172 111.0 68.0
v 72.0 111.0 68.45626068115234
v 72.0 111.49808502197266 44.0
v 71.5 112.0 45.0
v 72.0 112.0 44.5
v 71.50096130371094 112.0 67.0
v 72.0 112.0 67.4771957397461
v 72.0 111.47618865966797 68.0
v 72.0 112.5009536743164 45.0
v 71.47823333740234 113.0 46.0
v 72.0 113.0 45.478233337402344
v 71.49903869628906 113.0 66.0
v 72.0 113.0 66.47819519042969
v 72.0 112.47723388671875 67.0
v 71.54581451416016 114.0 46.0
v 72.0 114.0 45.54581832885742
v 71.47823333740234 114.0 47.0
v 71.49903869628906 114.0 65.0
v 72.0 114.0 65.49896240234375
v 72.0 113.49896240234375 66.0
v 72.0 114.45417785644531 46.0
v 72.0 114.521728515625 47.0
v 71.50196075439453 115.0 48.0
v 72.0 115.0 47.50100326538086
v 71.50196838378906 115.0 64.0
v 72.0 115.0 64.47627258300781
v 72.0 114.47819519042969 65.0
v 72.0 115.45809936523438 48.0
v 72.0 115.54186248779297 49.0
v 71.5009994506836 116.0 50.0
v 72.0 116.0 49.5
v 72.0 115.54473876953125 62.0
v 72.0 116.0 61.52473068237305
v 72.0 115.52015686035156 63.0
v 72.0 115.45710754394531 64.0
v 72.0 116.45813751220703 50.0
v 72.0 116.54190063476562 51.0
v 71.52184295654297 117.0 52.0
v 72.0 117.0 51.49995803833008
v 71.49911499023438 117.0 53.0
v 71.5 117.0 54.0
v 71.50092315673828 117.0 55.0
v 71.47907257080078 117.0 56.0
v 71.47807312011719 117.0 58.0
v 71.50003814697266 117.0 59.0
v 71.5228500366211 117.0 60.0
v 72.0 117.0 60.4980354309082
v 72.0 116.52176666259766 61.0
v 72.0 117.47724151611328 52.0
v 72.0 117.5 53.0
v 72.0 117.49907684326172 54.0
v 72.0 117.47891998291016 55.0
v 72.0 117.47898864746094 56.0
v 72.0 117.498291015625 57.0
v 72.0 117.47898864746094 58.0
v 72.0 117.47806549072266 59.0
v 72.0 117.456298828125 60.0
v 72.52275848388672 88.0 51.0
v 73.0 88.0 50.498992919921875
v 73.0 87.52188110351562 51.0
v 73.0 87.50096130371094 52.0
v 72.50096130371094 88.0 52.0
v 73.0 87.52114868164062 53.0
v 72.52196502685547 88.0 53.0
v 73.0 87.52472686767578 54.0
v 72.54378509521484 88.0 54.0
v 73.0 88.0 54.49890899658203
v 72.54385375976562 89.0 47.0
v 73.0 89.0 46.50197219848633
v 73.0 88.54385375976562 47.0
v 73.0 88.50096130371094 48.0
v 72.50096130371094 89.0 48.0
v 73.0 88.49996185302734 49.0
v 72.5 89.0 49.0
v 73.0 88.47623443603516 50.0
v 72.47724151611328 89.0 50.0
v 72.45533752441406 89.0 53.0
v 72.47884368896484 89.0 54.0
v 73.0 88.47811889648438 55.0
v 72.49815368652344 89.0 55.0
v 73.0 88.5 56.0
v 72.49903869628906 89.0 56.0
v 73.0 88.5 57.0
v 72.49903869628906 89.0 57.0
v 73.0 88.5 58.0
v 72.49903106689453 89.0 58.0
v 73.0 88.5 59.0
v 72.47618865966797 89.0 59.0
v 73.0 88.5008544921875 60.0
v 73.0 88.52101135253906 61.0
v 72.47711181640625 89.0 61.0
v 73.0 88.543701171875 62.0
v 72.52196502685547 89.0 62.0
v 73.0 89.0 62.498992919921875
v 72.54290008544922 90.0 42.0
v 73.0 90.0 41.50292205810547
v 73.0 89.52376556396484 42.0
v 73.0 89.52192687988281 43.0
v 72.523681640625 90.0 43.0
v 73.0 90.0 43.52398681640625
v 72.5428466796875 90.0 45.0
v 73.0 90.0 44.4769287109375
v 73.0 89.52195739746094 45.0
v 73.0 89.47815704345703 46.0
v 72.5 90.0 46.0
v 72.45710754394531 90.0 47.0
v 73.0 89.45814514160156 63.0
v 73.0 89.54285430908203 64.0
v 72.50096130371094 90.0 64.0
v 73.0 90.0 64.4771957397461
v 72.54190063476562 91.0 41.0
v 73.0 91.0 40.501956939697266
v 73.0 90.50196075439453 41.0
v 72.45814514160156 91.0 42.0
v 73.0 90.45330810546875 44.0
v 72.49816131591797 91.0 44.0
v 72.45813751220703 91.0 45.0
v 73.0 90.5 65.0
v 73.0 91.0 65.52184295654297
v 72.54289245605469 92.0 40.0
v 73.0 92.0 39.52376174926758
v 73.0 91.50292205810547 40.0
v 72.45813751220703 92.0 41.0
v 72.43058013916016 92.0 44.0
v 73.0 91.47724151611328 66.0
v 72.5 92.0 67.0
v 73.0 92.0 66.5238037109375
v 72.5 93.0 40.0
v 73.0 93.0 39.47819900512695
v 73.0 92.45626068115234 67.0
v 73.0 92.5211181640625 68.0
v 73.0 93.0 68.49815368652344
v 72.54389953613281 94.0 39.0
v 73.0 94.0 38.544700622558594
v 73.0 93.50205993652344 39.0
v 72.45714569091797 94.0 40.0
v 73.0 93.52288818359375 69.0
v 72.50100708007812 94.0 69.0
v 73.0 94.0 69.456298828125
v 72.50184631347656 95.0 39.0
v 73.0 95.0 38.5211181640625
v 73.0 95.0 69.4991455078125
v 72.47819519042969 96.0 39.0
v 73.0 96.0 38.5
v 73.0 96.0 69.52009582519531
v 73.0 97.0 38.47892379760742
v 73.0 96.54674530029297 70.0
v 72.54586791992188 97.0 70.0
v 73.0 97.0 70.43171691894531
v 73.0 98.0 38.47807312011719
v 72.47895812988281 98.0 70.0
v 73.0 98.0 70.47806549072266
v 73.0 99.0 38.47807312011719
v 73.0 99.0 70.4991455078125
v 73.0 100.0 38.47892379760742
v 73.0 100.0 70.5
v 72.47811889648438 101.0 39.0
v 73.0 101.0 38.499080657958984
v 73.0 101.0 70.5
v 72.5 102.0 39.0
v 73.0 102.0 38.5
v 73.0 102.0 70.4991455078125
v 72.50003814697266 103.0 39.0
v 73.0 103.0 38.50092315673828
v 72.42726135253906 103.0 70.0
v 73.0 103.0 70.5
v 72.50184631347656 104.0 39.0
v 73.0 104.0 38.5211181640625
v 73.0 103.57389068603516 71.0
v 72.57392883300781 104.0 71.0
v 73.0 104.0 71.40494537353516
v 72.54586029052734 105.0 39.0
v 73.0 105.0 38.54666519165039
v 72.47727966308594 105.0 40.0
v 73.0 104.42693328857422 71.0
v 73.0 105.0 70.51923370361328
v 73.0 105.45413970947266 39.0
v 73.0 105.52372741699219 40.0
v 73.0 106.0 40.4571418762207
v 72.47807312011719 106.0 70.0
v 73.0 106.0 70.47898864746094
v 72.47908020019531 107.0 41.0
v 73.0 107.0 40.52015686035156
v 72.52192687988281 107.0 70.0
v 73.0 107.0 70.456298828125
v 72.52384948730469 108.0 41.0
v 73.0 108.0 40.54469680786133
v 73.0 107.49903869628906 70.0
v 73.0 108.0 69.54270935058594
v 73.0 108.47618865966797 41.0
v 73.0 109.0 41.500038146972656
v 73.0 109.0 69.47891998291016
v 73.0 109.52180480957031 42.0
v 72.47623443603516 110.0 43.0
v 73.0 110.0 42.47724151611328
v 73.0 109.50003814697266 69.0
v 73.0 110.0 68.52192687988281
v 72.52472686767578 111.0 43.0
v 73.0 111.0 42.543888092041016
v 73.0 111.0 68.47807312011719
v 73.0 111.47531127929688 43.0
v 72.5009536743164 112.0 44.0
v 73.0 112.0 43.52180480957031
v 73.0 111.49903106689453 68.0
v 73.0 112.0 67.5
v 73.0 112.49896240234375 44.0
v 72.49995422363281 113.0 45.0
v 73.0 113.0 44.500999450683594
v 73.0 112.50092315673828 67.0
v 73.0 113.0 66.52108001708984
v 73.0 113.47911071777344 45.0
v 73.0 114.0 45.50092315673828
v 72.50397491455078 114.0 66.0
v 73.0 114.0 66.4552993774414
v 73.0 114.49903869628906 46.0
v 72.50192260742188 115.0 47.0
v 73.0 115.0 46.52284240722656
v 73.0 114.54285430908203 65.0
v 73.0 115.0 64.5228042602539
v 73.0 114.45610046386719 66.0
v 73.0 115.45714569091797 47.0
v 73.0 115.54186248779297 48.0
v 72.5 116.0 49.0
v 73.0 116.0 48.5
v 72.47614288330078 116.0 62.0
v 72.52293395996094 116.0 63.0
v 73.0 116.0 63.4761848449707
v 73.0 115.5 64.0
v 73.0 116.45813751220703 49.0
v 73.0 116.54186248779297 50.0
v 72.4990005493164 117.0 51.0
v 73.0 117.0 50.49903869628906
v 72.50200653076172 117.0 61.0
v 73.0 117.0 61.47711181640625
v 73.0 116.5 62.0
v 73.0 116.45530700683594 63.0
v 73.0 117.47823333740234 51.0
v 72.52477264404297 118.0 52.0
v 73.0 118.0 51.52473449707031
v 72.50096893310547 118.0 53.0
v 72.52384948730469 118.0 54.0
v 73.0 118.0 54.477108001708984
v 73.0 117.52101135253906 55.0
v 73.0 117.5 56.0
v 73.0 117.5 57.0
v 73.0 117.5 58.0
v 73.0 117.5 59.0
v 73.0 117.4991455078125 60.0
v 73.0 117.45625305175781 61.0
v 73.0 118.45526123046875 52.0
v 73.0 118.47806549072266 53.0
v 73.0 118.45530700683594 54.0
v 73.54385375976562 87.0 50.0
v 74.0 87.0 49.50297546386719
v 74.0 86.54385375976562 50.0
v 74.0 86.50188446044922 51.0
v 73.5009994506836 87.0 51.0
v 74.0 86.5428466796875 52.0
v 73.52284240722656 87.0 52.0
v 74.0 87.0 52.52302169799805
v 73.54755401611328 87.0 54.0
v 74.0 87.0 53.50004577636719
v 74.0 86.56725311279297 54.0
v 74.0 87.0 54.47597122192383
v 73.56829071044922 88.0 45.0
v 74.0 88.0 44.52513122558594
v 74.0 87.56749725341797 45.0
v 74.0 88.0 45.475914001464844
v 73.5228042602539 88.0 48.0
v 74.0 88.0 47.49894714355469
v 74.0 87.54199981689453 48.0
v 74.0 87.47915649414062 49.0
v 73.49911499023438 88.0 49.0
v 73.45710754394531 88.0 50.0
v 74.0 87.43279266357422 53.0
v 74.0 87.47724151611328 55.0
v 73.47724151611328 88.0 55.0
v 74.0 87.5 56.0
v 73.5 88.0 56.0
v 74.0 87.5 57.0
v 73.5 88.0 57.0
v 74.0 87.5 58.0
v 73.5 88.0 58.0
v 74.0 87.52184295654297 59.0
v 73.52180480957031 88.0 59.0
v 74.0 88.0 59.50205612182617
v 73.52275848388672 89.0 42.0
v 74.0 89.0 41.49995803833008
v 74.0 88.52188110351562 42.0
v 74.0 88.50003814697266 43.0
v 73.50092315673828 89.0 43.0
v 74.0 88.47904205322266 44.0
v 73.51930236816406 89.0 44.0
v 73.48069763183594 89.0 45.0
v 74.0 88.47623443603516 46.0
v 73.47724151611328 89.0 46.0
v 74.0 88.45614624023438 47.0
v 74.0 88.4552993774414 60.0
v 74.0 88.47895050048828 61.0
v 74.0 88.5 62.0
v 74.0 88.543701171875 63.0
v 73.50100708007812 89.0 63.0
v 74.0 89.0 63.477149963378906
v 73.5 90.0 41.0
v 74.0 90.0 40.499000549316406
v 74.0 89.49803924560547 41.0
v 73.43274688720703 90.0 44.0
v 74.0 89.5 64.0
v 74.0 90.0 64.5228042602539
v 73.50004577636719 91.0 40.0
v 74.0 91.0 39.50004196166992
v 74.0 90.4990463256836 40.0
v 74.0 90.45714569091797 65.0
v 74.0 90.54389953613281 66.0
v 73.50201416015625 91.0 66.0
v 74.0 91.0 66.4552993774414
v 73.5238037109375 92.0 39.0
v 74.0 92.0 38.54374313354492
v 74.0 91.50296020507812 39.0
v 74.0 92.0 66.52204132080078
v 73.47908020019531 93.0 39.0
v 74.0 93.0 38.52015686035156
v 74.0 92.47714233398438 67.0
v 74.0 92.52196502685547 68.0
v 74.0 93.0 68.49811553955078
v 74.0 94.0 38.47984313964844
v 74.0 93.52385711669922 69.0
v 74.0 94.0 69.4552993774414
v 74.0 95.0 38.456298828125
v 74.0 95.0 69.47898864746094
v 73.5228500366211 96.0 38.0
v 74.0 96.0 37.543701171875
v 74.0 95.5 38.0
v 74.0 96.0 69.5
v 73.50003814697266 97.0 38.0
v 74.0 97.0 37.52193069458008
v 73.47595977783203 97.0 70.0
v 74.0 97.0 69.543701171875
v 73.5 98.0 38.0
v 74.0 98.0 37.52192687988281
v 74.0 97.47807312011719 70.0
v 74.0 98.0 70.47898864746094
v 73.5 99.0 38.0
v 74.0 99.0 37.52192687988281
v 74.0 99.0 70.5
v 73.50003814697266 100.0 38.0
v 74.0 100.0 37.52192687988281
v 74.0 100.0 70.5
v 73.50092315673828 101.0 38.0
v 74.0 101.0 37.52192687988281
v 74.0 101.0 70.5
v 73.50096893310547 102.0 38.0
v 74.0 102.0 37.52193069458008
v 74.0 102.0 70.5
v 73.52288818359375 103.0 38.0
v 74.0 103.0 37.543701171875
v 74.0 103.0 70.5
v 74.0 103.5 38.0
v 74.0 104.0 38.456302642822266
v 73.42607116699219 104.0 71.0
v 74.0 104.0 70.49907684326172
v 74.0 105.0 38.500038146972656
v 74.0 105.0 70.47984313964844
v 74.0 105.52084350585938 39.0
v 73.49799346923828 106.0 40.0
v 74.0 106.0 39.49995803833008
v 74.0 106.0 70.4991455078125
v 74.0 106.48011779785156 40.0
v 74.0 107.0 40.47895431518555
v 74.0 107.0 70.4991455078125
v 74.0 108.0 40.52101135253906
v 73.50096130371094 108.0 70.0
v 74.0 108.0 70.456298828125
v 74.0 108.52188873291016 41.0
v 74.0 109.0 41.457149505615234
v 74.0 108.47711181640625 70.0
v 74.0 109.0 69.49907684326172
v 73.50096130371094 110.0 42.0
v 74.0 110.0 41.542850494384766
v 74.0 109.50092315673828 69.0
v 74.0 110.0 68.52192687988281
v 74.0 110.4771957397461 42.0
v 74.0 111.0 42.5
v 74.0 111.0 68.47807312011719
v 74.0 111.5228042602539 43.0
v 74.0 112.0 43.457149505615234
v 74.0 111.49907684326172 68.0
v 74.0 112.0 67.50092315673828
v 73.5039291381836 113.0 44.0
v 74.0 113.0 43.543853759765625
v 74.0 112.52288818359375 67.0
v 74.0 113.0 66.543701171875
v 74.0 113.45614624023438 44.0
v 74.0 113.54289245605469 45.0
v 74.0 114.0 45.476234436035156
v 74.0 114.0 66.4788818359375
v 74.0 114.52275848388672 46.0
v 74.0 115.0 46.47815704345703
v 73.50004577636719 115.0 65.0
v 74.0 115.0 65.47711181640625
v 74.0 114.49815368652344 66.0
v 74.0 115.5 47.0
v 73.50100708007812 116.0 48.0
v 74.0 116.0 47.52284622192383
v 74.0 115.52108001708984 64.0
v 74.0 116.0 63.5
v 74.0 115.456298828125 65.0
v 74.0 116.456298828125 48.0
v 74.0 116.52015686035156 49.0
v 73.50096130371094 117.0 50.0
v 74.0 117.0 49.52192687988281
v 74.0 116.543701171875 62.0
v 74.0 117.0 61.52196502685547
v 74.0 116.47891998291016 63.0
v 74.0 117.45714569091797 50.0
v 74.0 117.5428466796875 51.0
v 74.0 118.0 51.47811508178711
v 74.0 117.54566192626953 55.0
v 74.0 118.0 54.52389907836914
v 74.0 117.52197265625 56.0
v 74.0 117.52192687988281 57.0
v 74.0 117.52192687988281 58.0
v 74.0 117.52192687988281 59.0
v 74.0 117.52101135253906 60.0
v 74.0 117.47984313964844 61.0
v 74.0 118.47898864746094 52.0
v 74.0 118.49999237060547 53.0
v 74.0 118.47984313964844 54.0
v 74.54664611816406 86.0 51.0
v 75.0 86.0 50.52302551269531
v 75.0 85.56720733642578 51.0
v 75.0 86.0 51.47697448730469
v 74.54285430908203 87.0 46.0
v 75.0 87.0 45.4990348815918
v 75.0 86.5228500366211 46.0
v 75.0 86.52284240722656 47.0
v 74.54285430908203 87.0 47.0
v 75.0 87.0 47.52412796020508
v 74.5 87.0 49.0
v 75.0 87.0 48.47391128540039
v 75.0 86.52084350585938 49.0
v 75.0 86.4571533203125 50.0
v 75.0 86.4571533203125 52.0
v 75.0 86.49816131591797 53.0
v 74.45336151123047 87.0 53.0
v 75.0 86.47977447509766 54.0
v 75.0 86.5 55.0
v 74.47815704345703 87.0 55.0
v 75.0 86.52022552490234 56.0
v 74.50088500976562 87.0 56.0
v 75.0 86.50183868408203 57.0
v 74.50007629394531 87.0 57.0
v 75.0 86.52108001708984 58.0
v 74.50092315673828 87.0 58.0
v 75.0 86.52196502685547 59.0
v 74.50188446044922 87.0 59.0
v 75.0 86.54570007324219 60.0
v 74.54486083984375 87.0 60.0
v 75.0 87.0 60.474220275878906
v 74.54385375976562 88.0 41.0
v 75.0 88.0 40.52472686767578
v 75.0 87.52476501464844 41.0
v 75.0 87.50003814697266 42.0
v 74.50092315673828 88.0 42.0
v 75.0 87.5 43.0
v 74.5 88.0 43.0
v 75.0 87.49903869628906 44.0
v 74.47815704345703 88.0 44.0
v 75.0 87.45699310302734 45.0
v 74.45710754394531 88.0 46.0
v 74.45614624023438 88.0 47.0
v 75.0 87.43250274658203 48.0
v 74.45613861083984 88.0 60.0
v 75.0 87.52375793457031 61.0
v 74.5218505859375 88.0 61.0
v 75.0 88.0 61.478111267089844
v 74.54486083984375 89.0 40.0
v 75.0 89.0 39.54570007324219
v 75.0 88.52574157714844 40.0
v 74.45813751220703 89.0 41.0
v 75.0 88.47898864746094 62.0
v 75.0 88.52192687988281 63.0
v 75.0 89.0 63.49995803833008
v 74.47911071777344 90.0 40.0
v 75.0 90.0 39.500038146972656
v 75.0 89.47891998291016 64.0
v 75.0 89.543701171875 65.0
v 74.50004577636719 90.0 65.0
v 75.0 90.0 65.47711181640625
v 74.50296020507812 91.0 39.0
v 75.0 91.0 38.54374313354492
v 75.0 90.52288818359375 39.0
v 75.0 90.50189208984375 66.0
v 75.0 91.0 66.47802734375
v 75.0 92.0 38.5
v 75.0 92.0 66.5228500366211
v 75.0 93.0 38.45729064941406
v 75.0 92.47795867919922 67.0
v 75.0 92.5447006225586 68.0
v 75.0 93.0 68.45610046386719
v 74.52196502685547 94.0 38.0
v 75.0 94.0 37.543701171875
v 75.0 93.50096130371094 38.0
v 74.47795104980469 94.0 69.0
v 75.0 94.0 68.52108001708984
v 74.47803497314453 95.0 38.0
v 75.0 95.0 37.52015686035156
v 74.54586791992188 95.0 69.0
v 75.0 95.0 68.56828308105469
v 75.0 96.0 37.47984313964844
v 75.0 95.45325469970703 69.0
v 75.0 96.0 69.47991180419922
v 75.0 97.0 37.47807312011719
v 75.0 97.0 69.52192687988281
v 75.0 98.0 37.47807312011719
v 75.0 97.5 70.0
v 75.0 98.0 70.47807312011719
v 75.0 99.0 37.47807312011719
v 75.0 99.0 70.5
v 75.0 100.0 37.47807312011719
v 75.0 100.0 70.5
v 75.0 101.0 37.47807312011719
v 75.0 101.0 70.5
v 75.0 102.0 37.47807312011719
v 75.0 102.0 70.5
v 75.0 103.0 37.47892379760742
v 75.0 103.0 70.47898864746094
v 74.4771499633789 104.0 38.0
v 75.0 104.0 37.5
v 74.5237808227539 104.0 70.0
v 75.0 103.52289581298828 70.0
v 75.0 104.0 69.5447006225586
v 74.5228500366211 105.0 38.0
v 75.0 105.0 37.54289627075195
v 74.52197265625 105.0 70.0
v 75.0 105.0 69.543701171875
v 75.0 105.49707794189453 38.0
v 74.50004577636719 106.0 39.0
v 75.0 106.0 38.500999450683594
v 75.0 105.49903106689453 70.0
v 75.0 106.0 70.45729064941406
v 75.0 106.47819519042969 39.0
v 75.0 106.54489135742188 40.0
v 75.0 107.0 40.4543342590332
v 75.0 107.0 70.4991455078125
v 75.0 108.0 40.499961853027344
v 75.0 108.0 70.47806549072266
v 74.50004577636719 109.0 41.0
v 75.0 109.0 40.543701171875
v 75.0 108.49903106689453 70.0
v 75.0 109.0 69.5
v 75.0 109.4771499633789 41.0
v 75.0 110.0 41.5
v 75.0 109.50096130371094 69.0
v 75.0 110.0 68.52192687988281
v 75.0 110.5228042602539 42.0
v 75.0 111.0 42.457149505615234
v 75.0 111.0 68.47807312011719
v 74.5 112.0 43.0
v 75.0 112.0 42.542850494384766
v 75.0 111.49996185302734 68.0
v 75.0 112.0 67.52108001708984
v 75.0 112.47715759277344 43.0
v 75.0 113.0 43.50096130371094
v 74.5 113.0 67.0
v 75.0 113.0 67.456298828125
v 75.0 113.49903869628906 44.0
v 74.49899291992188 114.0 45.0
v 75.0 114.0 44.52188491821289
v 75.0 113.47711181640625 67.0
v 75.0 114.0 66.49907684326172
v 75.0 114.47724151611328 45.0
v 74.50100708007812 115.0 46.0
v 75.0 115.0 45.523765563964844
v 75.0 114.49996185302734 66.0
v 75.0 115.0 65.49907684326172
v 75.0 115.45710754394531 46.0
v 75.0 115.54285430908203 47.0
v 75.0 116.0 47.47811508178711
v 75.0 115.543701171875 64.0
v 75.0 116.0 63.522850036621094
v 75.0 115.47891998291016 65.0
v 75.0 116.47898864746094 48.0
v 75.0 116.52192687988281 49.0
v 75.0 117.0 49.499114990234375
v 74.49995422363281 117.0 62.0
v 75.0 117.0 62.47719192504883
v 75.0 116.5 63.0
v 75.0 117.49816131591797 50.0
v 74.52302551269531 118.0 51.0
v 75.0 118.0 50.5466423034668
v 74.45606231689453 118.0 55.0
v 74.49903106689453 118.0 56.0
v 74.5 118.0 57.0
v 74.5 118.0 58.0
v 74.5 118.0 59.0
v 74.52192687988281 118.0 60.0
v 75.0 118.0 60.498992919921875
v 75.0 117.54185485839844 61.0
v 75.0 117.45714569091797 62.0
v 75.0 118.43279266357422 51.0
v 75.0 118.498291015625 52.0
v 75.0 118.5 53.0
v 75.0 118.52015686035156 54.0
v 74.5695571899414 119.0 55.0
v 75.0 119.0 54.548072814941406
v 75.0 119.0 55.45101547241211
v 75.0 118.49907684326172 56.0
v 75.0 118.47807312011719 57.0
v 75.0 118.47807312011719 58.0
v 75.0 118.47806549072266 59.0
v 75.0 118.456298828125 60.0
v 75.0 119.4295425415039 55.0
v 75.54385375976562 86.0 45.0
v 76.0 86.0 44.50297546386719
v 76.0 85.54385375976562 45.0
v 76.0 85.50096130371094 46.0
v 75.50096130371094 86.0 46.0
v 76.0 85.50096130371094 47.0
v 75.50096130371094 86.0 47.0
v 76.0 85.52196502685547 48.0
v 75.52114868164062 86.0 48.0
v 76.0 85.52196502685547 49.0
v 75.50184631347656 86.0 49.0
v 76.0 85.52101135253906 50.0
v 75.47811126708984 86.0 50.0
v 76.0 85.501708984375 51.0
v 76.0 85.52101135253906 52.0
v 75.47811126708984 86.0 52.0
v 76.0 85.52192687988281 53.0
v 75.50088500976562 86.0 53.0
v 76.0 85.52193450927734 54.0
v 75.50007629394531 86.0 54.0
v 76.0 85.543701171875 55.0
v 75.5228500366211 86.0 55.0
v 76.0 86.0 55.522979736328125
v 75.54663848876953 86.0 57.0
v 76.0 86.0 56.5
v 76.0 85.56720733642578 57.0
v 76.0 86.0 57.477020263671875
v 75.5257797241211 87.0 41.0
v 76.0 87.0 40.54486083984375
v 76.0 86.54570007324219 41.0
v 76.0 86.52192687988281 42.0
v 75.50096893310547 87.0 42.0
v 76.0 86.52107238769531 43.0
v 75.50092315673828 87.0 43.0
v 76.0 86.47915649414062 44.0
v 75.49907684326172 87.0 44.0
v 75.45618438720703 87.0 45.0
v 75.43170928955078 87.0 48.0
v 76.0 86.43279266357422 56.0
v 76.0 86.456298828125 58.0
v 76.0 86.47898864746094 59.0
v 76.0 86.52108001708984 60.0
v 76.0 87.0 60.49907302856445
v 76.0 88.0 40.457183837890625
v 76.0 87.5 61.0
v 76.0 88.0 61.50096130371094
v 76.0 89.0 39.52015686035156
v 76.0 88.47807312011719 40.0
v 76.0 88.47807312011719 62.0
v 76.0 88.52192687988281 63.0
v 76.0 89.0 63.499961853027344
v 76.0 90.0 39.456302642822266
v 76.0 89.47895812988281 64.0
v 76.0 89.5447006225586 65.0
v 76.0 90.0 65.47518920898438
v 76.0 91.0 38.52101135253906
v 76.0 90.47807312011719 39.0
v 76.0 90.5257797241211 66.0
v 76.0 91.0 66.45429992675781
v 76.0 92.0 38.4789924621582
v 76.0 92.0 66.5
v 75.50096130371094 93.0 38.0
v 76.0 93.0 37.543701171875
v 76.0 92.52192687988281 38.0
v 76.0 92.52088928222656 67.0
v 75.49602508544922 93.0 68.0
v 76.0 93.0 67.49896240234375
v 76.0 94.0 37.5
v 76.0 93.50108337402344 68.0
v 76.0 94.0 68.47727966308594
v 76.0 95.0 37.45729064941406
v 76.0 94.54751586914062 69.0
v 75.49898529052734 95.0 69.0
v 76.0 95.0 69.43274688720703
v 75.52196502685547 96.0 37.0
v 76.0 96.0 36.543701171875
v 76.0 95.50096130371094 37.0
v 76.0 96.0 69.498291015625
v 75.5 97.0 37.0
v 76.0 97.0 36.52193069458008
v 76.0 97.0 69.52192687988281
v 75.5 98.0 37.0
v 76.0 98.0 36.52193069458008
v 76.0 97.5 70.0
v 76.0 98.0 70.47806549072266
v 75.5 99.0 37.0
v 76.0 99.0 36.52193069458008
v 76.0 99.0 70.5
v 75.5 100.0 37.0
v 76.0 100.0 36.52193069458008
v 76.0 100.0 70.5
v 75.5 101.0 37.0
v 76.0 101.0 36.52193069458008
v 76.0 101.0 70.5
v 75.5 102.0 37.0
v 76.0 102.0 36.52193069458008
v 76.0 102.0 70.5
v 75.50003814697266 103.0 37.0
v 76.0 103.0 36.52193069458008
v 76.0 103.0 70.47806549072266
v 75.52381134033203 104.0 37.0
v 76.0 104.0 36.54469680786133
v 76.0 103.5 70.0
v 76.0 104.0 69.52193450927734
v 76.0 104.47706604003906 37.0
v 76.0 105.0 37.4798469543457
v 76.0 105.0 69.5008544921875
v 75.50296020507812 106.0 38.0
v 76.0 106.0 37.54374313354492
v 75.5 106.0 70.0
v 76.0 106.0 69.54270935058594
v 76.0 106.47623443603516 38.0
v 75.52372741699219 107.0 39.0
v 76.0 107.0 38.52372360229492
v 75.4742202758789 107.0 40.0
v 76.0 106.50096893310547 70.0
v 76.0 107.0 70.456298828125
v 76.0 107.4761962890625 39.0
v 76.0 107.52481079101562 40.0
v 76.0 108.0 40.4553337097168
v 76.0 108.0 70.4552993774414
v 76.0 109.0 40.52104187011719
v 76.0 108.47614288330078 70.0
v 76.0 109.0 69.49907684326172
v 76.0 109.5 41.0
v 76.0 110.0 41.47892379760742
v 76.0 109.50092315673828 69.0
v 76.0 110.0 68.52192687988281
v 75.50004577636719 111.0 42.0
v 76.0 111.0 41.543701171875
v 76.0 111.0 68.47807312011719
v 76.0 111.47711181640625 42.0
v 76.0 112.0 42.50092315673828
v 76.0 111.5 68.0
v 76.0 112.0 67.52192687988281
v 76.0 112.49996185302734 43.0
v 76.0 113.0 43.5
v 76.0 113.0 67.47807312011719
v 76.0 113.5 44.0
v 76.0 114.0 44.5
v 76.0 113.49903106689453 67.0
v 76.0 114.0 66.5
v 76.0 114.5 45.0
v 76.0 115.0 45.50004196166992
v 76.0 114.5 66.0
v 76.0 115.0 65.49996185302734
v 76.0 115.49907684326172 46.0
v 75.50004577636719 116.0 47.0
v 76.0 116.0 46.52288818359375
v 75.5 116.0 64.0
v 76.0 116.0 64.47711181640625
v 76.0 115.49907684326172 65.0
v 76.0 116.456298828125 47.0
v 76.0 116.4991455078125 48.0
v 76.0 116.52193450927734 49.0
v 76.0 117.0 49.49995803833008
v 76.0 116.52108001708984 63.0
v 76.0 117.0 62.50084686279297
v 76.0 116.456298828125 64.0
v 76.0 117.47891998291016 50.0
v 75.47702026367188 118.0 51.0
v 76.0 117.543701171875 51.0
v 76.0 118.0 51.47807312011719
v 75.52398681640625 118.0 61.0
v 76.0 118.0 61.4533576965332
v 76.0 117.49816131591797 62.0
v 76.0 118.47898864746094 52.0
v 76.0 118.5008544921875 53.0
v 76.0 118.543701171875 54.0
v 76.0 119.0 54.500003814697266
v 76.0 118.543701171875 56.0
v 76.0 119.0 55.499996185302734
v 76.0 118.5008544921875 57.0
v 76.0 118.5 58.0
v 76.0 118.5 59.0
v 76.0 118.49828338623047 60.0
v 76.0 118.43279266357422 61.0
v 76.0 119.456298828125 55.0
v 76.52288818359375 85.0 46.0
v 77.0 85.0 45.50004577636719
v 77.0 84.543701171875 46.0
v 77.0 84.543701171875 47.0
v 76.52288818359375 85.0 47.0
v 77.0 85.0 47.499996185302734
v 76.50004577636719 86.0 44.0
v 77.0 86.0 43.49799346923828
v 77.0 85.52176666259766 44.0
v 77.0 85.45714569091797 45.0
v 77.0 85.456298828125 48.0
v 77.0 85.47898864746094 49.0
v 77.0 85.4991455078125 50.0
v 77.0 85.5 51.0
v 77.0 85.5 52.0
v 77.0 85.5 53.0
v 77.0 85.4991455078125 54.0
v 77.0 85.48075866699219 55.0
v 77.0 85.51924133300781 56.0
v 76.45426940917969 86.0 56.0
v 77.0 85.501708984375 57.0
v 77.0 85.52101135253906 58.0
v 76.47807312011719 86.0 58.0
v 77.0 85.54469299316406 59.0
v 76.52289581298828 86.0 59.0
v 77.0 86.0 59.47614669799805
v 77.0 87.0 40.50092315673828
v 77.0 86.50096130371094 41.0
v 77.0 86.47807312011719 42.0
v 77.0 86.45626068115234 43.0
v 77.0 86.50092315673828 60.0
v 77.0 87.0 60.499961853027344
v 76.50004577636719 88.0 40.0
v 77.0 88.0 39.543701171875
v 77.0 87.5228500366211 40.0
v 77.0 87.5 61.0
v 77.0 88.0 61.5009651184082
v 77.0 89.0 39.47984313964844
v 77.0 88.47807312011719 62.0
v 77.0 88.52192687988281 63.0
v 77.0 89.0 63.49907302856445
v 76.5 90.0 39.0
v 77.0 90.0 38.543704986572266
v 77.0 89.52197265625 39.0
v 77.0 89.5 64.0
v 76.47614288330078 90.0 65.0
v 77.0 90.0 64.49911499023438
v 77.0 91.0 38.5008544921875
v 76.5448226928711 91.0 65.0
v 77.0 91.0 64.54570007324219
v 76.4551773071289 91.0 66.0
v 77.0 92.0 38.47806930541992
v 77.0 91.4742202758789 65.0
v 77.0 92.0 65.5238037109375
v 76.52281188964844 92.0 66.0
v 77.0 93.0 37.52193069458008
v 77.0 92.5 38.0
v 77.0 92.47623443603516 66.0
v 76.50096130371094 93.0 67.0
v 77.0 93.0 66.5228042602539
v 77.0 94.0 37.4789924621582
v 77.0 93.47723388671875 67.0
v 76.49995422363281 94.0 68.0
v 77.0 94.0 67.52180480957031
v 76.50096130371094 95.0 37.0
v 77.0 95.0 36.543701171875
v 77.0 94.52192687988281 37.0
v 77.0 94.4990005493164 68.0
v 76.47406005859375 95.0 69.0
v 77.0 95.0 68.5
v 77.0 96.0 36.5008544921875
v 77.0 95.50199890136719 69.0
v 77.0 96.0 69.4572525024414
v 77.0 97.0 36.5
v 77.0 97.0 69.52015686035156
v 77.0 98.0 36.5
v 77.0 97.52293395996094 70.0
v 77.0 98.0 70.45530700683594
v 77.0 99.0 36.5
v 77.0 99.0 70.47898864746094
v 77.0 100.0 36.5
v 77.0 100.0 70.4991455078125
v 77.0 101.0 36.5
v 77.0 101.0 70.5
v 77.0 102.0 36.5
v 77.0 102.0 70.4991455078125
v 77.0 103.0 36.500003814697266
v 77.0 103.0 70.456298828125
v 77.0 104.0 36.52193069458008
v 77.0 103.47807312011719 70.0
v 77.0 104.0 69.52101135253906
v 77.0 104.5 37.0
v 77.0 105.0 37.47807312011719
v 77.0 105.0 69.5
v 77.0 106.0 37.52101135253906
v 77.0 106.0 69.5
v 77.0 106.52184295654297 38.0
v 77.0 107.0 38.458038330078125
v 76.4771499633789 107.0 70.0
v 77.0 107.0 69.5
v 76.54878234863281 108.0 39.0
v 77.0 108.0 38.56849670410156
v 76.47610473632812 108.0 40.0
v 76.47618103027344 108.0 70.0
v 77.0 108.0 69.5
v 77.0 108.43146514892578 39.0
v 77.0 108.52184295654297 40.0
v 77.0 109.0 40.47819519042969
v 77.0 109.0 69.47799682617188
v 77.0 109.50184631347656 41.0
v 77.0 110.0 41.478031158447266
v 77.0 109.4991455078125 69.0
v 77.0 110.0 68.52192687988281
v 77.0 111.0 41.52193069458008
v 77.0 111.0 68.47807312011719
v 77.0 111.49903106689453 42.0
v 77.0 112.0 42.5
v 77.0 111.5 68.0
v 77.0 112.0 67.52192687988281
v 77.0 112.5 43.0
v 77.0 113.0 43.5
v 77.0 113.0 67.47807312011719
v 77.0 113.5 44.0
v 77.0 114.0 44.5
v 77.0 113.49903869628906 67.0
v 77.0 114.0 66.5
v 77.0 114.5 45.0
v 77.0 115.0 45.500038146972656
v 77.0 114.5 66.0
v 77.0 115.0 65.5
v 77.0 115.49907684326172 46.0
v 77.0 116.0 46.52288818359375
v 77.0 115.5 65.0
v 77.0 116.0 64.49903106689453
v 77.0 116.456298828125 47.0
v 77.0 116.5 48.0
v 77.0 116.543701171875 49.0
v 77.0 117.0 49.47807312011719
v 77.0 116.52192687988281 63.0
v 77.0 117.0 62.500038146972656
v 77.0 116.47807312011719 64.0
v 77.0 117.47898864746094 50.0
v 77.0 117.52192687988281 51.0
v 77.0 118.0 51.5
v 76.47605895996094 118.0 61.0
v 77.0 117.54270935058594 61.0
v 77.0 118.0 60.499996185302734
v 77.0 117.47891998291016 62.0
v 77.0 118.47807312011719 52.0
v 77.0 118.52101135253906 53.0
v 76.50000762939453 119.0 54.0
v 77.0 119.0 53.52193069458008
v 76.50000762939453 119.0 56.0
v 77.0 119.0 56.47806930541992
v 77.0 118.52101135253906 57.0
v 77.0 118.5 58.0
v 77.0 118.4991455078125 59.0
v 77.0 118.45729064941406 60.0
v 77.0 119.456298828125 54.0
v 77.0 119.49828338623047 55.0
v 77.0 119.456298828125 56.0
v 77.52372741699219 85.0 44.0
v 78.0 85.0 43.5019645690918
v 78.0 84.54289245605469 44.0
v 78.0 84.50092315673828 45.0
v 77.47723388671875 85.0 45.0
v 78.0 84.5 46.0
v 78.0 84.5008544921875 47.0
v 78.0 84.52101135253906 48.0
v 77.47807312011719 85.0 48.0
v 78.0 84.543701171875 49.0
v 77.52192687988281 85.0 49.0
v 78.0 85.0 49.4990348815918
v 77.54573059082031 85.0 55.0
v 78.0 85.0 54.52394485473633
v 78.0 84.56720733642578 55.0
v 78.0 85.0 55.47701644897461
v 77.52486419677734 86.0 41.0
v 78.0 86.0 40.54486083984375
v 78.0 85.54570007324219 41.0
v 78.0 85.52108001708984 42.0
v 77.49996185302734 86.0 42.0
v 78.0 85.47823333740234 43.0
v 77.47623443603516 86.0 43.0
v 78.0 85.45729064941406 50.0
v 78.0 85.4991455078125 51.0
v 78.0 85.5 52.0
v 78.0 85.4991455078125 53.0
v 78.0 85.45729064941406 54.0
v 78.0 85.456298828125 56.0
v 78.0 85.47898864746094 57.0
v 78.0 85.49915313720703 58.0
v 78.0 85.52193450927734 59.0
v 78.0 86.0 59.4990348815918
v 78.0 87.0 40.45817565917969
v 78.0 86.5 60.0
v 78.0 87.0 60.5
v 78.0 88.0 39.54270935058594
v 78.0 87.50004577636719 40.0
v 78.0 87.5 61.0
v 78.0 88.0 61.50092697143555
v 78.0 89.0 39.47984313964844
v 78.0 88.47891998291016 62.0
v 78.0 88.54373931884766 63.0
v 78.0 89.0 63.476192474365234
v 78.0 90.0 38.543701171875
v 78.0 89.52196502685547 39.0
v 78.0 89.5238037109375 64.0
v 78.0 90.0 64.45626068115234
v 78.0 91.0 38.5008544921875
v 78.0 91.0 64.5211181640625
v 78.0 92.0 38.47898864746094
v 78.0 91.49815368652344 65.0
v 78.0 92.0 65.5228500366211
v 78.0 93.0 37.543697357177734
v 78.0 92.52192687988281 38.0
v 78.0 92.47623443603516 66.0
v 78.0 93.0 66.52376556396484
v 78.0 94.0 37.47892379760742
v 78.0 93.47807312011719 67.0
v 78.0 94.0 67.47984313964844
v 78.0 95.0 36.52193069458008
v 78.0 94.50003814697266 37.0
v 77.50296020507812 95.0 68.0
v 78.0 95.0 67.54373931884766
v 78.0 96.0 36.5
v 78.0 95.47623443603516 68.0
v 77.49895477294922 96.0 69.0
v 78.0 96.0 68.52176666259766
v 78.0 97.0 36.5
v 78.0 96.50096130371094 69.0
v 78.0 97.0 69.45813751220703
v 78.0 98.0 36.5
v 77.47706604003906 98.0 70.0
v 78.0 98.0 69.52015686035156
v 78.0 99.0 36.5
v 77.52192687988281 99.0 70.0
v 78.0 99.0 69.543701171875
v 78.0 100.0 36.5
v 78.0 99.5 70.0
v 78.0 100.0 70.456298828125
v 78.0 101.0 36.5
v 78.0 101.0 70.47898864746094
v 78.0 102.0 36.5
v 78.0 102.0 70.47807312011719
v 78.0 103.0 36.500003814697266
v 77.5 103.0 70.0
v 78.0 102.52104187011719 70.0
v 78.0 103.0 69.543701171875
v 78.0 104.0 36.52193069458008
v 78.0 104.0 69.5008544921875
v 78.0 104.5 37.0
v 78.0 105.0 37.47806930541992
v 78.0 105.0 69.4991455078125
v 78.0 106.0 37.501708984375
v 78.0 106.0 69.45729064941406
v 77.52412414550781 107.0 38.0
v 78.0 107.0 37.5682487487793
v 77.5228500366211 107.0 69.0
v 78.0 106.50096893310547 69.0
v 78.0 107.0 68.543701171875
v 78.0 107.43334197998047 38.0
v 78.0 107.56661224365234 39.0
v 77.49888610839844 108.0 39.0
v 78.0 108.0 39.432594299316406
v 77.5228500366211 108.0 69.0
v 78.0 108.0 68.543701171875
v 78.0 109.0 39.54300308227539
v 77.5019760131836 109.0 40.0
v 78.0 108.52404022216797 69.0
v 78.0 109.0 69.43171691894531
v 78.0 109.45619201660156 40.0
v 78.0 109.54389953613281 41.0
v 78.0 110.0 41.455299377441406
v 78.0 109.45408630371094 69.0
v 78.0 110.0 68.52015686035156
v 78.0 111.0 41.52107620239258
v 78.0 111.0 68.456298828125
v 78.0 111.49907684326172 42.0
v 78.0 112.0 42.5
v 78.0 111.47807312011719 68.0
v 78.0 112.0 67.52101135253906
v 78.0 112.5 43.0
v 78.0 113.0 43.5
v 78.0 113.0 67.47807312011719
v 78.0 113.5 44.0
v 78.0 114.0 44.5
v 78.0 113.49903106689453 67.0
v 78.0 114.0 66.5
v 78.0 114.5 45.0
v 78.0 115.0 45.50092697143555
v 78.0 114.5 66.0
v 78.0 115.0 65.5
v 78.0 115.47891998291016 46.0
v 77.5 116.0 47.0
v 78.0 115.543701171875 47.0
v 78.0 116.0 47.47718811035156
v 78.0 115.5 65.0
v 78.0 116.0 64.49903869628906
v 78.0 116.49908447265625 48.0
v 77.52297973632812 117.0 49.0
v 78.0 117.0 48.54660415649414
v 78.0 116.52192687988281 63.0
v 78.0 117.0 62.5
v 78.0 116.47807312011719 64.0
v 78.0 117.43279266357422 49.0
v 78.0 117.498291015625 50.0
v 78.0 117.52101135253906 51.0
v 78.0 118.0 51.52193069458008
v 77.5 118.0 60.0
v 78.0 117.54270935058594 60.0
v 78.0 118.0 59.5
v 78.0 117.5008544921875 61.0
v 78.0 117.47807312011719 62.0
v 78.0 118.456298828125 52.0
v 78.0 118.52015686035156 53.0
v 78.0 119.0 53.5229377746582
v 78.0 118.54270935058594 57.0
v 78.0 119.0 56.49903106689453
v 78.0 118.5 58.0
v 78.0 118.45729064941406 59.0
v 78.0 119.4552993774414 54.0
v 78.0 119.47806549072266 55.0
v 78.0 119.456298828125 56.0
v 78.5466079711914 84.0 45.0
v 79.0 84.0 44.52302551269531
v 79.0 83.56720733642578 45.0
v 79.0 84.0 45.47701644897461
v 78.5 85.0 43.0
v 79.0 85.0 42.49895477294922
v 79.0 84.52176666259766 43.0
v 79.0 84.4571533203125 44.0
v 79.0 84.456298828125 46.0
v 79.0 84.47898864746094 47.0
v 79.0 84.4991455078125 48.0
v 79.0 84.5008544921875 49.0
v 79.0 84.543701171875 50.0
v 78.50096130371094 85.0 50.0
v 79.0 85.0 50.47806930541992
v 78.5 85.0 54.0
v 79.0 85.0 53.5
v 79.0 84.54270935058594 54.0
v 79.0 84.501708984375 55.0
v 79.0 84.52101135253906 56.0
v 78.47807312011719 85.0 56.0
v 79.0 84.5447006225586 57.0
v 78.52289581298828 85.0 57.0
v 79.0 85.0 57.47710418701172
v 79.0 86.0 40.50185012817383
v 79.0 85.5211181640625 41.0
v 79.0 85.4572525024414 42.0
v 79.0 85.47898864746094 51.0
v 79.0 85.4991455078125 52.0
v 79.0 85.45729064941406 53.0
v 79.0 85.47898864746094 58.0
v 79.0 85.52192687988281 59.0
v 79.0 86.0 59.4990348815918
v 78.52397918701172 87.0 40.0
v 79.0 87.0 39.56720733642578
v 79.0 86.54576873779297 40.0
v 79.0 86.5 60.0
v 79.0 87.0 60.500038146972656
v 78.55028533935547 88.0 40.0
v 79.0 87.52647399902344 40.0
v 79.0 88.0 40.406166076660156
v 79.0 87.49907684326172 61.0
v 79.0 88.0 61.521881103515625
v 79.0 89.0 39.51838302612305
v 79.0 88.4281005859375 40.0
v 79.0 88.47724151611328 62.0
v 78.49899291992188 89.0 63.0
v 79.0 89.0 62.522804260253906
v 78.52297973632812 90.0 39.0
v 79.0 90.0 39.43279266357422
v 79.0 89.4771957397461 63.0
v 78.49899291992188 90.0 64.0
v 79.0 90.0 63.52280044555664
v 79.0 91.0 38.52009201049805
v 79.0 90.45430755615234 39.0
v 79.0 90.4771957397461 64.0
v 79.0 91.0 64.52376556396484
v 79.0 92.0 38.498291015625
v 79.0 91.45710754394531 65.0
v 79.0 91.5211181640625 66.0
v 78.47899627685547 92.0 66.0
v 79.0 91.57047271728516 67.0
v 78.56884765625 92.0 67.0
v 79.0 92.0 67.42952728271484
v 78.52297973632812 93.0 38.0
v 79.0 93.0 38.43279266357422
v 78.47903442382812 93.0 67.0
v 79.0 93.0 67.47802734375
v 79.0 94.0 37.49816131591797
v 79.0 93.45335388183594 38.0
v 79.0 94.0 67.4991455078125
v 79.0 95.0 36.52193069458008
v 79.0 94.50088500976562 37.0
v 79.0 95.0 67.52101135253906
v 79.0 96.0 36.5
v 79.0 95.52188110351562 68.0
v 79.0 96.0 68.4571533203125
v 79.0 97.0 36.5
v 78.50096130371094 97.0 69.0
v 79.0 97.0 68.54285430908203
v 79.0 98.0 36.5
v 79.0 97.47811126708984 69.0
v 79.0 98.0 69.47898864746094
v 79.0 99.0 36.5
v 79.0 99.0 69.501708984375
v 79.0 100.0 36.5
v 78.50000762939453 100.0 70.0
v 79.0 100.0 69.543701171875
v 79.0 101.0 36.5008544921875
v 78.54692077636719 101.0 70.0
v 79.0 101.0 69.5693588256836
v 79.0 102.0 36.52101135253906
v 79.0 101.47490692138672 70.0
v 79.0 102.0 70.456298828125
v 79.0 103.0 36.52193069458008
v 79.0 102.47895050048828 70.0
v 79.0 103.0 69.52192687988281
v 79.0 104.0 36.54469680786133
v 79.0 104.0 69.4991455078125
v 79.0 104.47710418701172 37.0
v 79.0 105.0 37.4789924621582
v 79.0 105.0 69.45729064941406
v 79.0 106.0 37.5210075378418
v 78.5 106.0 69.0
v 79.0 105.5 69.0
v 79.0 106.0 68.54270935058594
v 79.0 106.52188873291016 38.0
v 78.47591400146484 107.0 38.0
v 79.0 107.0 38.457149505615234
v 79.0 107.0 68.5008544921875
v 79.0 108.0 38.542850494384766
v 78.47596740722656 108.0 39.0
v 79.0 108.0 68.5008544921875
v 79.0 108.4771957397461 39.0
v 79.0 109.0 39.50004196166992
v 78.45321655273438 109.0 69.0
v 79.0 109.0 68.51924133300781
v 79.0 109.52080535888672 40.0
v 78.49698638916016 110.0 41.0
v 79.0 110.0 40.5
v 79.0 110.0 68.45813751220703
v 79.0 110.47915649414062 41.0
v 79.0 111.0 41.50088119506836
v 78.49903869628906 111.0 68.0
v 79.0 110.50004577636719 68.0
v 79.0 111.0 67.54270935058594
v 79.0 111.49996185302734 42.0
v 79.0 112.0 42.5
v 79.0 112.0 67.5
v 79.0 112.5 43.0
v 79.0 113.0 43.5
v 79.0 113.0 67.45625305175781
v 79.0 113.5 44.0
v 79.0 114.0 44.500038146972656
v 79.0 113.47618865966797 67.0
v 79.0 114.0 66.4771957397461
v 79.0 114.49907684326172 45.0
v 79.0 115.0 45.52288818359375
v 79.0 114.4771957397461 66.0
v 79.0 115.0 65.47724151611328
v 79.0 115.456298828125 46.0
v 79.0 115.52108001708984 47.0
v 79.0 116.0 47.5
v 79.0 115.47811889648438 65.0
v 79.0 116.0 64.49811553955078
v 79.0 116.47891998291016 48.0
v 78.47702026367188 117.0 49.0
v 79.0 116.543701171875 49.0
v 79.0 117.0 49.47807312011719
v 79.0 116.52192687988281 63.0
v 79.0 117.0 62.499996185302734
v 79.0 116.47803497314453 64.0
v 79.0 117.47898864746094 50.0
v 79.0 117.5008544921875 51.0
v 78.5 118.0 52.0
v 79.0 117.543701171875 52.0
v 79.0 118.0 52.47803497314453
v 78.50096130371094 118.0 59.0
v 79.0 117.543701171875 59.0
v 79.0 118.0 58.52281188964844
v 79.0 117.5008544921875 60.0
v 79.0 117.5 61.0
v 79.0 117.47806549072266 62.0
v 79.0 118.47984313964844 53.0
v 78.47710418701172 119.0 54.0
v 79.0 118.52101135253906 54.0
v 78.5 119.0 55.0
v 79.0 118.52193450927734 55.0
v 78.49903106689453 119.0 56.0
v 79.0 118.54270935058594 56.0
v 78.55029296875 119.0 57.0
v 79.0 119.0 56.55029296875
v 79.0 119.0 57.427276611328125
v 79.0 118.49907684326172 58.0
v 79.0 119.40616607666016 57.0
v 79.52473449707031 84.0 43.0
v 80.0 84.0 42.524776458740234
v 80.0 83.54473876953125 43.0
v 80.0 83.52101135253906 44.0
v 79.47811889648438 84.0 44.0
v 80.0 83.501708984375 45.0
v 80.0 83.52101135253906 46.0
v 79.47807312011719 84.0 46.0
v 80.0 83.5447006225586 47.0
v 79.52289581298828 84.0 47.0
v 80.0 84.0 47.47710418701172
v 79.49991607666016 85.0 42.0
v 80.0 85.0 41.52188491821289
v 80.0 84.52276611328125 42.0
v 80.0 84.47898864746094 48.0
v 80.0 84.5 49.0
v 80.0 84.52193450927734 50.0
v 80.0 85.0 50.5
v 79.50096893310547 85.0 53.0
v 80.0 85.0 52.52193069458008
v 80.0 84.543701171875 53.0
v 80.0 84.5008544921875 54.0
v 80.0 84.5 55.0
v 80.0 84.5008544921875 56.0
v 80.0 84.543701171875 57.0
v 80.0 85.0 57.478031158447266
v 80.0 86.0 40.500038146972656
v 80.0 85.50092315673828 41.0
v 80.0 85.47806549072266 51.0
v 80.0 85.47898864746094 52.0
v 80.0 85.47984313964844 58.0
v 80.0 85.543701171875 59.0
v 80.0 86.0 59.47711181640625
v 80.0 87.0 39.52285385131836
v 80.0 86.5018539428711 40.0
v 80.0 86.50096130371094 60.0
v 80.0 87.0 60.49991989135742
v 79.42813873291016 88.0 40.0
v 80.0 88.0 39.51924133300781
v 80.0 87.5 61.0
v 80.0 87.56941986083984 62.0
v 79.52619934082031 88.0 62.0
v 80.0 88.0 62.43061447143555
v 80.0 89.0 39.45912551879883
v 80.0 89.0 62.51926803588867
v 79.49893951416016 90.0 39.0
v 80.0 90.0 38.566131591796875
v 80.0 89.52388000488281 39.0
v 80.0 89.52095794677734 63.0
v 80.0 90.0 63.479042053222656
v 80.0 91.0 38.501708984375
v 80.0 90.48155212402344 64.0
v 80.0 90.56834411621094 65.0
v 79.52413177490234 91.0 65.0
v 80.0 91.0 65.45134735107422
v 80.0 92.0 38.47898864746094
v 80.0 91.52376556396484 66.0
v 79.47077941894531 92.0 67.0
v 80.0 92.0 66.49790954589844
v 79.47702026367188 93.0 38.0
v 80.0 93.0 37.543697357177734
v 80.0 92.52192687988281 38.0
v 80.0 92.50204467773438 67.0
v 80.0 93.0 67.45724487304688
v 80.0 94.0 37.47892379760742
v 80.0 94.0 67.5
v 80.0 95.0 36.52193069458008
v 80.0 94.50003814697266 37.0
v 80.0 95.0 67.52192687988281
v 80.0 96.0 36.5
v 79.52408599853516 96.0 68.0
v 80.0 96.0 67.56828308105469
v 80.0 97.0 36.5
v 80.0 96.45230865478516 68.0
v 80.0 97.0 68.50183868408203
v 80.0 98.0 36.5
v 80.0 97.50084686279297 69.0
v 80.0 98.0 69.47891998291016
v 80.0 99.0 36.5
v 80.0 99.0 69.54267120361328
v 80.0 100.0 36.500003814697266
v 80.0 99.50096130371094 70.0
v 79.5 100.0 70.0
v 80.0 100.0 70.456298828125
v 80.0 101.0 36.52101135253906
v 79.4539566040039 101.0 70.0
v 80.0 101.0 70.47806549072266
v 80.0 101.52289581298828 37.0
v 79.52289581298828 102.0 37.0
v 80.0 102.0 37.45530319213867
v 80.0 102.0 70.45530700683594
v 79.5 103.0 37.0
v 80.0 103.0 37.47806930541992
v 80.0 102.47710418701172 70.0
v 80.0 103.0 69.52019500732422
v 79.47710418701172 104.0 37.0
v 80.0 104.0 37.4789924621582
v 80.0 104.0 69.47895050048828
v 80.0 105.0 37.499149322509766
v 79.50096130371094 105.0 69.0
v 80.0 104.52188873291016 69.0
v 80.0 105.0 68.543701171875
v 80.0 106.0 37.52193069458008
v 80.0 106.0 68.5008544921875
v 80.0 106.5 38.0
v 80.0 107.0 38.47806930541992
v 80.0 107.0 68.5
v 80.0 108.0 38.52193069458008
v 80.0 108.0 68.4991455078125
v 80.0 108.49996185302734 39.0
v 80.0 109.0 39.47892379760742
v 80.0 109.0 68.45729064941406
v 79.50305938720703 110.0 40.0
v 80.0 110.0 39.54474639892578
v 79.50004577636719 110.0 68.0
v 80.0 109.5 68.0
v 80.0 110.0 67.54270935058594
v 80.0 110.45525360107422 40.0
v 80.0 110.52107238769531 41.0
v 80.0 111.0 41.499114990234375
v 80.0 111.0 67.5008544921875
v 80.0 111.49907684326172 42.0
v 80.0 112.0 42.5218391418457
v 80.0 112.0 67.47898864746094
v 80.0 112.47815704345703 43.0
v 80.0 113.0 43.50092315673828
v 79.49895477294922 113.0 67.0
v 80.0 112.52092742919922 67.0
v 80.0 113.0 66.52275848388672
v 80.0 113.49996185302734 44.0
v 80.0 114.0 44.50092697143555
v 79.5 114.0 66.0
v 80.0 113.5228042602539 66.0
v 80.0 114.0 65.5228042602539
v 80.0 114.47891998291016 45.0
v 79.5 115.0 46.0
v 80.0 114.543701171875 46.0
v 80.0 115.0 46.47715377807617
v 79.50100708007812 115.0 65.0
v 80.0 114.52376556396484 65.0
v 80.0 115.0 64.54285430908203
v 80.0 115.5 47.0
v 80.0 116.0 47.522850036621094
v 80.0 116.0 64.45513916015625
v 80.0 116.456298828125 48.0
v 80.0 116.52108001708984 49.0
v 80.0 117.0 49.500038146972656
v 80.0 116.5 63.0
v 80.0 117.0 62.47614288330078
v 80.0 116.45429992675781 64.0
v 80.0 117.47807312011719 50.0
v 80.0 117.5 51.0
v 80.0 117.52101135253906 52.0
v 80.0 118.0 52.52192687988281
v 80.0 117.52193450927734 59.0
v 80.0 118.0 58.50004196166992
v 80.0 117.4991455078125 60.0
v 80.0 117.47898864746094 61.0
v 80.0 117.45526123046875 62.0
v 80.0 118.456298828125 53.0
v 80.0 118.4991455078125 54.0
v 80.0 118.5 55.0
v 80.0 118.5008544921875 56.0
v 79.42817687988281 119.0 57.0
v 80.0 118.52008819580078 57.0
v 80.0 118.47891998291016 58.0
v 81.0 84.0 42.52381134033203
v 81.0 83.54374694824219 43.0
v 81.0 83.5008544921875 44.0
v 81.0 83.5 45.0
v 81.0 83.5008544921875 46.0
v 81.0 83.543701171875 47.0
v 81.0 84.0 47.47806930541992
v 81.0 85.0 41.52188491821289
v 81.0 84.52276611328125 42.0
v 81.0 84.47898864746094 48.0
v 81.0 84.5 49.0
v 81.0 84.52193450927734 50.0
v 81.0 85.0 50.5
v 81.0 85.0 52.52193069458008
v 81.0 84.543701171875 53.0
v 81.0 84.5008544921875 54.0
v 81.0 84.5 55.0
v 81.0 84.52101135253906 56.0
v 80.5 85.0 57.0
v 81.0 85.0 56.52192687988281
v 81.0 86.0 40.50004196166992
v 81.0 85.50092315673828 41.0
v 81.0 85.47806549072266 51.0
v 81.0 85.47898864746094 52.0
v 81.0 85.456298828125 57.0
v 81.0 85.52015686035156 58.0
v 80.49995422363281 86.0 59.0
v 81.0 86.0 58.52192306518555
v 81.0 87.0 39.52193069458008
v 81.0 86.50096893310547 40.0
v 81.0 86.45714569091797 59.0
v 81.0 86.54385375976562 60.0
v 81.0 87.0 60.456180572509766
v 81.0 88.0 39.47899627685547
v 80.52394104003906 88.0 61.0
v 81.0 88.0 60.54481887817383
v 80.45115661621094 88.0 62.0
v 80.52494049072266 89.0 39.0
v 81.0 89.0 38.56720733642578
v 81.0 88.5448226928711 39.0
v 81.0 88.45514678955078 61.0
v 81.0 88.52376556396484 62.0
v 81.0 89.0 62.4571418762207
v 80.52752685546875 90.0 39.0
v 81.0 89.52647399902344 39.0
v 81.0 90.0 39.40616989135742
v 80.50104522705078 90.0 63.0
v 81.0 90.0 62.5428581237793
v 81.0 91.0 38.52008819580078
v 81.0 90.42817687988281 39.0
v 81.0 90.4771499633789 63.0
v 81.0 90.56770324707031 64.0
v 80.45133972167969 91.0 65.0
v 81.0 91.0 64.45038604736328
v 81.0 92.0 38.47807312011719
v 80.56930541992188 92.0 64.0
v 81.0 91.50004577636719 64.0
v 81.0 92.0 63.56857681274414
v 80.50089263916016 92.0 65.0
v 80.47627258300781 92.0 66.0
v 81.0 93.0 37.52193069458008
v 81.0 92.5 38.0
v 81.0 92.45116424560547 64.0
v 81.0 93.0 64.54883575439453
v 80.5693359375 93.0 65.0
v 81.0 93.0 65.4978256225586
v 81.0 92.54747009277344 66.0
v 80.49795532226562 93.0 67.0
v 81.0 93.0 66.47406768798828
v 81.0 94.0 37.47807312011719
v 81.0 93.43222045898438 65.0
v 81.0 93.50204467773438 67.0
v 81.0 94.0 67.476318359375
v 81.0 95.0 36.52193069458008
v 81.0 94.5 37.0
v 81.0 94.54856872558594 68.0
v 80.54503631591797 95.0 68.0
v 81.0 95.0 68.43167114257812
v 81.0 96.0 36.500003814697266
v 80.45500946044922 96.0 68.0
v 81.0 96.0 68.47807312011719
v 81.0 97.0 36.5
v 81.0 97.0 68.52108001708984
v 81.0 98.0 36.5
v 81.0 97.49911499023438 69.0
v 81.0 98.0 69.49907684326172
v 81.0 99.0 36.5008544921875
v 81.0 98.52288818359375 70.0
v 80.50096893310547 99.0 70.0
v 81.0 99.0 70.456298828125
v 81.0 100.0 36.52101135253906
v 80.62725830078125 100.0 68.0
v 81.0 99.62650299072266 68.0
v 81.0 100.0 67.62650299072266
v 81.0 100.0 68.37356567382812
v 81.0 100.0 70.49824523925781
v 81.0 101.0 36.54469680786133
v 81.0 100.3742904663086 68.0
v 81.0 101.0 70.45629119873047
v 81.0 101.47710418701172 37.0
v 81.0 102.0 37.47898864746094
v 80.49702453613281 102.0 70.0
v 81.0 101.4979476928711 70.0
v 81.0 102.0 69.51904296875
v 81.0 103.0 37.500850677490234
v 80.59624481201172 103.0 68.0
v 81.0 102.5760269165039 68.0
v 81.0 103.0 67.59540557861328
v 81.0 103.0 68.44921875
v 81.0 103.0 69.4569091796875
v 81.0 104.0 37.5210075378418
v 81.0 103.42572784423828 68.0
v 81.0 104.0 69.45329284667969
v 81.0 105.0 37.52193069458008
v 81.0 104.47412109375 69.0
v 81.0 105.0 68.49907684326172
v 81.0 106.0 37.54469680786133
v 81.0 106.0 68.47807312011719
v 81.0 106.47710418701172 38.0
v 81.0 107.0 38.4789924621582
v 81.0 107.0 68.47806549072266
v 81.0 108.0 38.52193069458008
v 81.0 108.0 68.456298828125
v 81.0 108.49996185302734 39.0
v 81.0 109.0 39.47892379760742
v 80.5 109.0 68.0
v 81.0 108.49903869628906 68.0
v 81.0 109.0 67.54270935058594
v 81.0 110.0 39.54474639892578
v 81.0 110.0 67.5008544921875
v 81.0 110.45525360107422 40.0
v 81.0 110.52107238769531 41.0
v 81.0 111.0 41.499961853027344
v 81.0 111.0 67.4991455078125
v 81.0 111.47977447509766 42.0
v 80.52513122558594 112.0 43.0
v 81.0 111.56829071044922 43.0
v 81.0 112.0 43.43250274658203
v 81.0 112.0 67.45625305175781
v 81.0 113.0 43.54204177856445
v 81.0 112.4761962890625 67.0
v 81.0 113.0 66.4771957397461
v 81.0 113.47628021240234 44.0
v 81.0 114.0 44.523807525634766
v 81.0 113.4771957397461 66.0
v 81.0 114.0 65.4771957397461
v 81.0 114.45626068115234 45.0
v 81.0 114.52015686035156 46.0
v 81.0 115.0 46.52192306518555
v 81.0 114.47723388671875 65.0
v 81.0 115.0 64.47723388671875
v 81.0 115.45714569091797 47.0
v 80.49995422363281 116.0 48.0
v 81.0 115.54285430908203 48.0
v 81.0 116.0 48.47715759277344
v 80.52381134033203 116.0 63.0
v 81.0 115.54388427734375 63.0
v 81.0 116.0 62.52381134033203
v 80.47425842285156 116.0 64.0
v 81.0 115.4771957397461 64.0
v 81.0 116.50092315673828 49.0
v 81.0 117.0 49.50092315673828
v 80.52192687988281 117.0 61.0
v 81.0 116.543701171875 61.0
v 81.0 117.0 60.501007080078125
v 80.47614288330078 117.0 62.0
v 81.0 116.5 62.0
v 81.0 117.47807312011719 50.0
v 81.0 117.5 51.0
v 81.0 117.5008544921875 52.0
v 80.5 118.0 53.0
v 81.0 117.543701171875 53.0
v 81.0 118.0 53.47806930541992
v 81.0 117.5428466796875 59.0
v 81.0 118.0 58.52188491821289
v 81.0 117.45814514160156 60.0
v 81.0 118.47898864746094 54.0
v 81.0 118.5 55.0
v 81.0 118.5 56.0
v 81.0 118.5 57.0
v 81.0 118.47898864746094 58.0
v 81.49799346923828 84.0 43.0
v 82.0 84.0 43.50100326538086
v 82.0 83.54270935058594 44.0
v 82.0 83.5008544921875 45.0
v 82.0 83.52101135253906 46.0
v 81.5 84.0 47.0
v 82.0 84.0 46.52193069458008
v 81.50100708007812 85.0 42.0
v 82.0 85.0 42.47627639770508
v 82.0 84.47823333740234 43.0
v 82.0 84.456298828125 47.0
v 82.0 84.4991455078125 48.0
v 82.0 84.5008544921875 49.0
v 82.0 84.543701171875 50.0
v 82.0 85.0 50.47806930541992
v 81.49807739257812 85.0 53.0
v 82.0 85.0 53.5019645690918
v 82.0 84.54374694824219 54.0
v 82.0 84.52193450927734 55.0
v 82.0 84.54473876953125 56.0
v 82.0 85.0 56.47614288330078
v 82.0 86.0 40.523765563964844
v 82.0 85.54289245605469 41.0
v 82.0 85.45710754394531 42.0
v 82.0 85.47898864746094 51.0
v 82.0 85.5 52.0
v 82.0 85.4773178100586 53.0
v 82.0 85.50003814697266 57.0
v 82.0 85.545654296875 58.0
v 82.0 86.0 58.475181579589844
v 82.0 87.0 39.54374313354492
v 82.0 86.52381134033203 40.0
v 82.0 86.50092315673828 59.0
v 81.49798583984375 87.0 60.0
v 82.0 87.0 59.52091979980469
v 82.0 88.0 39.4798469543457
v 82.0 87.47819519042969 60.0
v 82.0 88.0 60.500038146972656
v 82.0 89.0 38.54469680786133
v 82.0 88.52293395996094 39.0
v 82.0 88.52180480957031 61.0
v 81.49699401855469 89.0 62.0
v 82.0 89.0 61.49800109863281
v 81.42904663085938 90.0 39.0
v 82.0 90.0 38.52101135253906
v 82.0 89.50397491455078 62.0
v 82.0 90.0 62.45618438720703
v 82.0 91.0 38.500850677490234
v 81.52184295654297 91.0 63.0
v 82.0 91.0 62.52268600463867
v 81.43146514892578 91.0 64.0
v 82.0 92.0 38.47806930541992
v 82.0 91.49903869628906 63.0
v 82.0 92.0 63.4791145324707
v 82.0 93.0 37.52193069458008
v 82.0 92.5 38.0
v 82.0 92.52188873291016 64.0
v 82.0 93.0 64.47811126708984
v 81.43359375 93.0 66.0
v 82.0 94.0 37.4789924621582
v 82.0 93.54468536376953 65.0
v 81.54100799560547 94.0 66.0
v 82.0 94.0 65.4770278930664
v 81.4771957397461 94.0 67.0
v 82.0 95.0 36.54469680786133
v 82.0 94.52289581298828 37.0
v 81.56734466552734 95.0 65.0
v 82.0 94.5011978149414 65.0
v 82.0 95.0 64.54765319824219
v 82.0 95.0 65.4988021850586
v 82.0 94.5229721069336 66.0
v 82.0 94.52468872070312 67.0
v 81.47295379638672 95.0 68.0
v 82.0 95.0 67.49606323242188
v 82.0 96.0 36.52193069458008
v 81.54666900634766 96.0 65.0
v 82.0 96.0 64.54582977294922
v 82.0 95.50215911865234 66.0
v 81.56753540039062 96.0 66.0
v 82.0 96.0 66.45321655273438
v 82.0 95.50398254394531 68.0
v 82.0 96.0 68.45529174804688
v 82.0 97.0 36.52193069458008
v 82.0 96.4959487915039 65.0
v 82.0 97.0 65.5040512084961
v 81.54666900634766 97.0 66.0
v 82.0 97.0 66.45582580566406
v 82.0 97.0 68.49903869628906
v 82.0 98.0 36.52193069458008
v 81.56946563720703 98.0 66.0
v 82.0 98.0 65.54888916015625
v 82.0 98.0 66.4511489868164
v 82.0 97.52384948730469 69.0
v 82.0 98.0 69.47522735595703
v 82.0 99.0 36.543701171875
v 82.0 98.47080993652344 66.0
v 82.0 99.0 66.58487701416016
v 81.623779296875 99.0 67.0
v 82.0 98.60395812988281 67.0
v 82.0 99.0 67.3785400390625
v 82.0 98.52582550048828 70.0
v 82.0 99.0 70.45425415039062
v 82.0 99.5 37.0
v 81.52192687988281 100.0 37.0
v 82.0 100.0 37.456298828125
v 82.0 99.37777709960938 67.0
v 81.39410400390625 100.0 68.0
v 82.0 100.0 70.45429229736328
v 81.47710418701172 101.0 37.0
v 82.0 101.0 37.47898864746094
v 82.0 101.0 68.50092315673828
v 81.54199981689453 101.0 69.0
v 82.0 100.52099609375 69.0
v 81.47618865966797 101.0 70.0
v 82.0 100.47421264648438 70.0
v 82.0 102.0 37.500003814697266
v 81.52371978759766 102.0 68.0
v 82.0 101.50008392333984 68.0
v 82.0 102.0 67.5228042602539
v 81.47888946533203 102.0 69.0
v 82.0 103.0 37.54270935058594
v 82.0 103.0 67.48066711425781
v 81.4552993774414 103.0 69.0
v 82.0 103.50096130371094 38.0
v 81.52192687988281 104.0 38.0
v 82.0 104.0 38.456298828125
v 81.50092315673828 104.0 68.0
v 82.0 104.0 67.50092315673828
v 81.45329284667969 104.0 69.0
v 81.5 105.0 38.0
v 82.0 105.0 38.47806930541992
v 81.50092315673828 105.0 68.0
v 82.0 105.0 67.5211181640625
v 81.47710418701172 106.0 38.0
v 82.0 106.0 38.4789924621582
v 81.5 106.0 68.0
v 82.0 106.0 67.52192687988281
v 82.0 107.0 38.500003814697266
v 81.5 107.0 68.0
v 82.0 107.0 67.52192687988281
v 82.0 108.0 38.543701171875
v 81.47807312011719 108.0 68.0
v 82.0 108.0 67.52101135253906
v 82.0 108.4771499633789 39.0
v 82.0 109.0 39.5
v 82.0 109.0 67.5008544921875
v 82.0 109.52180480957031 40.0
v 81.49789428710938 110.0 40.0
v 82.0 110.0 40.47819900512695
v 82.0 110.0 67.5
v 82.0 110.5 41.0
v 82.0 111.0 41.521888732910156
v 82.0 111.0 67.47895050048828
v 82.0 111.476318359375 42.0
v 81.49884796142578 112.0 43.0
v 82.0 112.0 42.547462463378906
v 81.49799346923828 112.0 67.0
v 82.0 111.51992797851562 67.0
v 82.0 112.0 66.5009536743164
v 82.0 112.43443298339844 43.0
v 82.0 112.56556701660156 44.0
v 81.5229721069336 113.0 44.0
v 82.0 113.0 44.45257568359375
v 81.49808502197266 113.0 66.0
v 82.0 112.50003814697266 66.0
v 82.0 113.0 65.50003814697266
v 81.49803161621094 114.0 45.0
v 82.0 113.5226821899414 45.0
v 82.0 114.0 45.500919342041016
v 81.49903869628906 114.0 65.0
v 82.0 113.5009994506836 65.0
v 82.0 114.0 64.52176666259766
v 82.0 114.45813751220703 46.0
v 81.5 115.0 47.0
v 82.0 114.54285430908203 47.0
v 82.0 115.0 47.477195739746094
v 81.4990005493164 115.0 64.0
v 82.0 114.521728515625 64.0
v 82.0 115.0 63.5
v 82.0 115.5 48.0
v 82.0 116.0 48.52180099487305
v 82.0 115.47823333740234 63.0
v 82.0 116.0 62.47526931762695
v 82.0 116.47815704345703 49.0
v 82.0 117.0 49.501888275146484
v 81.52499389648438 117.0 60.0
v 82.0 116.5674057006836 60.0
v 82.0 117.0 59.56657409667969
v 82.0 116.48069763183594 61.0
v 82.0 116.45526123046875 62.0
v 82.0 117.47802734375 50.0
v 82.0 117.5 51.0
v 82.0 117.5 52.0
v 82.0 117.52192687988281 53.0
v 82.0 118.0 53.5
v 81.525146484375 118.0 59.0
v 82.0 118.0 59.43229675292969
v 82.0 118.47806549072266 54.0
v 82.0 118.4991455078125 55.0
v 82.0 118.47898864746094 56.0
v 82.0 118.47807312011719 57.0
v 82.0 118.47714233398438 58.0
v 82.0 118.43067169189453 59.0
v 82.49995422363281 84.0 44.0
v 83.0 84.0 44.50008773803711
v 83.0 83.54275512695312 45.0
v 83.0 83.52374267578125 46.0
v 83.0 84.0 46.49817657470703
v 83.0 85.0 42.52372360229492
v 83.0 84.54289245605469 43.0
v 83.0 84.45813751220703 44.0
v 83.0 84.47891998291016 47.0
v 83.0 84.5008544921875 48.0
v 83.0 84.54270935058594 49.0
v 82.49903869628906 85.0 50.0
v 83.0 85.0 49.5
v 82.47618865966797 85.0 54.0
v 82.49903106689453 85.0 55.0
v 82.47522735595703 85.0 56.0
v 82.49707794189453 86.0 41.0
v 83.0 86.0 41.500999450683594
v 83.0 85.52180480957031 42.0
v 83.0 85.45729064941406 50.0
v 83.0 85.4991455078125 51.0
v 83.0 85.52101135253906 52.0
v 82.54856872558594 86.0 53.0
v 83.0 86.0 52.545921325683594
v 83.0 86.0 53.474910736083984
v 83.0 85.52275848388672 54.0
v 83.0 85.5 55.0
v 83.0 85.5228042602539 56.0
v 82.52088928222656 86.0 57.0
v 83.0 86.0 56.49903869628906
v 82.45599365234375 86.0 58.0
v 82.49703979492188 87.0 40.0
v 83.0 87.0 40.50004196166992
v 83.0 86.50004577636719 41.0
v 83.0 86.43167114257812 53.0
v 83.0 86.49895477294922 57.0
v 83.0 87.0 57.52699279785156
v 82.56741333007812 87.0 58.0
v 83.0 86.56853485107422 59.0
v 83.0 87.0 58.50106430053711
v 83.0 87.0 59.45121383666992
v 83.0 88.0 39.54289627075195
v 83.0 87.50292205810547 40.0
v 83.0 87.43257904052734 58.0
v 83.0 87.5257797241211 60.0
v 83.0 88.0 60.455101013183594
v 82.4980239868164 89.0 39.0
v 83.0 89.0 39.47724151611328
v 82.47815704345703 89.0 61.0
v 83.0 89.0 60.498191833496094
v 83.0 90.0 38.521053314208984
v 83.0 89.47911834716797 39.0
v 82.54389190673828 90.0 61.0
v 83.0 90.0 60.52477264404297
v 82.45699310302734 90.0 62.0
v 83.0 91.0 38.5
v 83.0 90.47439575195312 61.0
v 83.0 91.0 61.546424865722656
v 82.54551696777344 91.0 62.0
v 83.0 92.0 38.47898864746094
v 83.0 91.47515869140625 62.0
v 82.49908447265625 92.0 63.0
v 83.0 92.0 62.50004196166992
v 83.0 93.0 37.543701171875
v 83.0 92.52192687988281 38.0
v 83.0 92.5009536743164 63.0
v 82.49808502197266 93.0 64.0
v 83.0 93.0 63.49904251098633
v 83.0 94.0 37.500003814697266
v 83.0 93.52489471435547 64.0
v 82.45270538330078 94.0 65.0
v 83.0 94.0 64.4526138305664
v 82.47710418701172 95.0 37.0
v 83.0 95.0 37.4789924621582
v 82.5465087890625 95.0 64.0
v 83.0 94.49995422363281 64.0
v 83.0 95.0 63.5473747253418
v 82.45266723632812 95.0 66.0
v 82.45610809326172 95.0 67.0
v 82.49996185302734 96.0 37.0
v 83.0 96.0 37.47892379760742
v 83.0 95.47802734375 64.0
v 83.0 96.0 64.47628021240234
v 83.0 95.60449981689453 66.0
v 82.55619049072266 96.0 66.0
v 83.0 96.0 65.602783203125
v 83.0 96.0 66.41727447509766
v 82.51984405517578 96.0 67.0
v 82.45610046386719 96.0 68.0
v 82.49907684326172 97.0 37.0
v 83.0 97.0 37.49907684326172
v 82.4791259765625 97.0 65.0
v 83.0 97.0 64.50088500976562
v 83.0 96.397216796875 66.0
v 83.0 96.52815246582031 67.0
v 83.0 97.0 66.5488052368164
v 83.0 97.0 67.45206451416016
v 82.49907684326172 97.0 68.0
v 82.49907684326172 98.0 37.0
v 83.0 98.0 37.499080657958984
v 82.52376556396484 98.0 65.0
v 83.0 98.0 64.54290008544922
v 83.0 98.0 66.5433578491211
v 82.54196166992188 98.0 68.0
v 83.0 98.0 67.49695587158203
v 82.45618438720703 98.0 69.0
v 82.47803497314453 99.0 37.0
v 83.0 99.0 37.47984313964844
v 83.0 98.49899291992188 65.0
v 82.50299835205078 99.0 66.0
v 83.0 99.0 65.50004577636719
v 82.4208984375 99.0 67.0
v 83.0 99.0 66.50293731689453
v 83.0 98.52413177490234 68.0
v 83.0 99.0 68.45321655273438
v 82.5191650390625 99.0 69.0
v 82.45429229736328 99.0 70.0
v 83.0 100.0 37.5
v 82.56957244873047 100.0 66.0
v 83.0 100.0 65.5489273071289
v 83.0 100.0 66.47480010986328
v 83.0 100.0 67.49898529052734
v 82.52279663085938 100.0 68.0
v 83.0 99.47586822509766 68.0
v 82.47895812988281 100.0 69.0
v 82.45425415039062 100.0 70.0
v 83.0 101.0 37.52101135253906
v 83.0 100.43212890625 66.0
v 82.47727966308594 101.0 68.0
v 83.0 101.0 67.47627258300781
v 83.0 102.0 37.543701171875
v 82.52376556396484 102.0 67.0
v 83.0 101.50004577636719 67.0
v 83.0 102.0 66.543701171875
v 83.0 102.49903869628906 38.0
v 82.5 103.0 38.0
v 83.0 103.0 38.45729064941406
v 82.50008392333984 103.0 67.0
v 83.0 103.0 66.52193450927734
v 83.0 104.0 38.5
v 82.5228500366211 104.0 67.0
v 83.0 104.0 66.543701171875
v 83.0 105.0 38.5210075378418
v 83.0 104.5 67.0
v 83.0 105.0 67.456298828125
v 83.0 106.0 38.52193069458008
v 83.0 106.0 67.47898864746094
v 83.0 107.0 38.543701171875
v 83.0 107.0 67.4991455078125
v 83.0 107.49899291992188 39.0
v 82.49899291992188 108.0 39.0
v 83.0 108.0 39.4581413269043
v 83.0 108.0 67.5
v 83.0 109.0 39.54289627075195
v 83.0 109.0 67.5
v 83.0 109.47623443603516 40.0
v 83.0 110.0 40.52376174926758
v 83.0 110.0 67.4991455078125
v 83.0 110.45710754394531 41.0
v 82.5 111.0 42.0
v 83.0 110.54190063476562 42.0
v 83.0 111.0 42.49800109863281
v 83.0 111.0 67.4552993774414
v 82.47606658935547 112.0 43.0
v 83.0 111.501953125 43.0
v 83.0 112.0 43.458988189697266
v 82.50196075439453 112.0 66.0
v 83.0 111.54190063476562 66.0
v 83.0 112.0 65.50196075439453
v 83.0 111.45610809326172 67.0
v 83.0 113.0 43.56854248046875
v 82.5022201538086 113.0 44.0
v 82.5009994506836 113.0 65.0
v 83.0 112.5009994506836 65.0
v 83.0 113.0 64.52092742919922
v 83.0 113.43062591552734 44.0
v 83.0 113.47891998291016 45.0
v 82.50096130371094 114.0 46.0
v 83.0 113.54285430908203 46.0
v 83.0 114.0 46.477195739746094
v 83.0 114.0 64.45510864257812
v 83.0 114.5 47.0
v 83.0 115.0 47.522804260253906
v 82.5009994506836 115.0 63.0
v 83.0 114.54105377197266 63.0
v 83.0 115.0 62.50104522705078
v 83.0 114.45513916015625 64.0
v 83.0 115.45714569091797 48.0
v 82.50201416015625 116.0 49.0
v 83.0 115.54385375976562 49.0
v 83.0 116.0 49.45618438720703
v 82.54695892333984 116.0 61.0
v 83.0 115.56848907470703 61.0
v 83.0 116.0 60.56761932373047
v 82.47614288330078 116.0 62.0
v 83.0 115.47915649414062 62.0
v 83.0 117.0 49.54486083984375
v 82.50106811523438 117.0 60.0
v 83.0 117.0 60.43238067626953
v 83.0 117.45429992675781 50.0
v 83.0 117.47806549072266 51.0
v 83.0 117.47807312011719 52.0
v 83.0 117.5 53.0
v 83.0 118.0 53.52385711669922
v 82.52192687988281 118.0 56.0
v 83.0 117.543701171875 56.0
v 83.0 118.0 55.499996185302734
v 82.5 118.0 57.0
v 83.0 117.52192687988281 57.0
v 82.49906921386719 118.0 58.0
v 83.0 117.52107238769531 58.0
v 82.45211791992188 118.0 59.0
v 83.0 117.49907684326172 59.0
v 83.0 117.43151092529297 60.0
v 83.0 118.45526123046875 54.0
v 83.0 118.456298828125 55.0
v 83.49795532226562 84.0 45.0
v 84.0 84.0 45.55353927612305
v 84.0 83.59429931640625 46.0
v 84.0 84.0 46.42598342895508
v 83.49707794189453 85.0 43.0
v 84.0 85.0 43.50292205810547
v 84.0 84.54289245605469 44.0
v 84.0 84.50104522705078 45.0
v 84.0 85.0 45.55012893676758
v 83.59190368652344 85.0 46.0
v 84.0 84.49759674072266 46.0
v 84.0 85.0 46.45082473754883
v 84.0 84.5228042602539 47.0
v 84.0 84.543701171875 48.0
v 83.5 85.0 49.0
v 84.0 85.0 48.4990348815918
v 83.4990463256836 86.0 42.0
v 84.0 86.0 42.5
v 84.0 85.50004577636719 43.0
v 84.0 85.42662811279297 46.0
v 84.0 85.45729064941406 49.0
v 84.0 85.4991455078125 50.0
v 84.0 85.5 51.0
v 84.0 85.52197265625 52.0
v 84.0 86.0 52.49992370605469
v 83.47811889648438 86.0 54.0
v 83.5 86.0 55.0
v 83.4771957397461 86.0 56.0
v 83.49995422363281 87.0 41.0
v 84.0 87.0 41.500999450683594
v 84.0 86.5009536743164 42.0
v 84.0 86.49815368652344 53.0
v 84.0 86.50091552734375 54.0
v 84.0 86.5 55.0
v 84.0 86.5228042602539 56.0
v 83.50104522705078 87.0 57.0
v 84.0 87.0 56.49903869628906
v 83.43150329589844 87.0 59.0
v 83.47623443603516 88.0 40.0
v 84.0 88.0 40.52376174926758
v 84.0 87.50292205810547 41.0
v 84.0 87.47823333740234 57.0
v 84.0 87.5439682006836 58.0
v 83.5192642211914 88.0 59.0
v 84.0 88.0 58.476104736328125
v 83.45433807373047 88.0 60.0
v 83.52376556396484 89.0 40.0
v 84.0 89.0 40.47627639770508
v 83.5447006225586 89.0 59.0
v 84.0 89.0 58.5247688293457
v 83.47891998291016 89.0 60.0
v 84.0 90.0 38.5456657409668
v 84.0 89.54486083984375 39.0
v 84.0 89.47627258300781 40.0
v 84.0 89.47614288330078 59.0
v 84.0 90.0 59.522804260253906
v 83.52371978759766 90.0 60.0
v 84.0 91.0 38.500892639160156
v 84.0 90.4771957397461 60.0
v 84.0 90.52378845214844 61.0
v 84.0 90.59548950195312 62.0
v 83.53004455566406 91.0 62.0
v 84.0 91.0 62.40373611450195
v 84.0 92.0 38.4991455078125
v 83.5009536743164 92.0 62.0
v 84.0 92.0 61.52084732055664
v 84.0 91.44622802734375 62.0
v 83.49903869628906 93.0 38.0
v 84.0 93.0 38.45729064941406
v 83.54485321044922 93.0 62.0
v 84.0 93.0 61.52573776245117
v 83.47823333740234 93.0 63.0
v 84.0 94.0 37.543701171875
v 84.0 93.50096130371094 38.0
v 84.0 93.45683288574219 62.0
v 84.0 93.5466537475586 63.0
v 83.45258331298828 94.0 64.0
v 84.0 94.0 63.451534271240234
v 84.0 95.0 37.52193069458008
v 83.54741668701172 95.0 63.0
v 84.0 94.49894714355469 63.0
v 84.0 95.0 62.54741668701172
v 84.0 96.0 37.543701171875
v 84.0 95.47702026367188 63.0
v 83.47624206542969 96.0 64.0
v 84.0 96.0 63.47719955444336
v 83.3766098022461 96.0 66.0
v 84.0 96.5 38.0
v 83.52288818359375 97.0 38.0
v 84.0 97.0 38.456298828125
v 83.52184295654297 97.0 64.0
v 84.0 97.0 63.52275848388672
v 83.43058013916016 97.0 67.0
v 83.52288818359375 98.0 38.0
v 84.0 98.0 38.456298828125
v 84.0 97.50100708007812 64.0
v 84.0 98.0 64.45710754394531
v 83.45333099365234 98.0 67.0
v 84.0 99.0 37.543701171875
v 84.0 98.5 38.0
v 83.47811889648438 99.0 65.0
v 84.0 99.0 64.49907684326172
v 83.45507049560547 99.0 67.0
v 83.43174743652344 99.0 68.0
v 84.0 100.0 37.54374694824219
v 83.50184631347656 100.0 65.0
v 84.0 100.0 64.50092315673828
v 83.45618438720703 100.0 67.0
v 84.0 100.49894714355469 38.0
v 83.52092742919922 101.0 38.0
v 84.0 101.0 38.477237701416016
v 83.56853485107422 101.0 65.0
v 84.0 101.0 64.54878997802734
v 84.0 100.567626953125 66.0
v 84.0 101.0 65.5
v 83.4761962890625 101.0 67.0
v 84.0 101.0 66.45121002197266
v 83.47711181640625 102.0 38.0
v 84.0 102.0 38.500919342041016
v 84.0 101.4315414428711 65.0
v 84.0 102.0 66.47799682617188
v 84.0 103.0 38.521080017089844
v 84.0 103.0 66.47898864746094
v 84.0 104.0 38.543701171875
v 84.0 104.0 66.5
v 84.0 104.49995422363281 39.0
v 83.52188873291016 105.0 39.0
v 84.0 105.0 39.457149505615234
v 83.47807312011719 105.0 67.0
v 84.0 105.0 66.52101135253906
v 83.49907684326172 106.0 39.0
v 84.0 106.0 39.49907684326172
v 83.52289581298828 106.0 67.0
v 84.0 106.0 66.54469299316406
v 83.47711181640625 107.0 39.0
v 84.0 107.0 39.50092315673828
v 84.0 106.47710418701172 67.0
v 84.0 107.0 67.47898864746094
v 84.0 108.0 39.54289627075195
v 84.0 108.0 67.4991455078125
v 84.0 108.49707794189453 40.0
v 83.49707794189453 109.0 40.0
v 84.0 109.0 40.50004196166992
v 84.0 109.0 67.47898864746094
v 83.49707794189453 110.0 41.0
v 84.0 109.49995422363281 41.0
v 84.0 110.0 41.50292205810547
v 84.0 110.0 67.45625305175781
v 84.0 110.45710754394531 42.0
v 83.50199890136719 111.0 43.0
v 84.0 110.52276611328125 43.0
v 84.0 111.0 43.47727584838867
v 83.49602508544922 111.0 67.0
v 84.0 110.49699401855469 67.0
v 84.0 111.0 66.49703979492188
v 84.0 112.0 43.54481506347656
v 83.5009536743164 112.0 65.0
v 84.0 111.5208511352539 65.0
v 84.0 112.0 64.4990005493164
v 84.0 111.45710754394531 66.0
v 84.0 112.4742660522461 44.0
v 83.45116424560547 113.0 44.0
v 83.52008056640625 113.0 45.0
v 84.0 112.52272033691406 45.0
v 84.0 113.0 45.499080657958984
v 83.57046508789062 113.0 63.0
v 84.0 112.56884002685547 63.0
v 84.0 113.0 62.570465087890625
v 83.50092315673828 113.0 64.0
v 84.0 112.47903442382812 64.0
v 84.0 113.47819519042969 46.0
v 84.0 114.0 46.52372360229492
v 84.0 113.49777221679688 63.0
v 84.0 114.0 63.4514045715332
v 83.47335052490234 114.0 64.0
v 84.0 114.45710754394531 47.0
v 83.5 115.0 48.0
v 84.0 114.54285430908203 48.0
v 84.0 115.0 48.477195739746094
v 83.5029296875 115.0 62.0
v 84.0 114.54296875 62.0
v 84.0 115.0 61.542964935302734
v 84.0 114.43338012695312 63.0
v 84.0 115.50003814697266 49.0
v 84.0 116.0 49.52276611328125
v 83.50004577636719 116.0 61.0
v 84.0 116.0 61.43150329589844
v 84.0 116.47624206542969 50.0
v 83.4742202758789 117.0 50.0
v 83.49907684326172 117.0 51.0
v 84.0 116.50091552734375 51.0
v 83.49996185302734 117.0 52.0
v 84.0 116.52108001708984 52.0
v 83.52288818359375 117.0 53.0
v 84.0 116.54373931884766 53.0
v 84.0 117.0 53.49895095825195
v 83.52096557617188 117.0 59.0
v 84.0 116.52275848388672 59.0
v 84.0 117.0 58.49895095825195
v 83.45213317871094 117.0 60.0
v 84.0 116.49815368652344 60.0
v 84.0 116.43146514892578 61.0
v 83.47522735595703 118.0 54.0
v 84.0 117.47724151611328 54.0
v 83.47711181640625 118.0 55.0
v 84.0 117.49907684326172 55.0
v 84.0 117.47891998291016 56.0
v 84.0 117.47807312011719 57.0
v 84.0 117.45626068115234 58.0
v 84.40496063232422 84.0 46.0
v 84.47623443603516 85.0 44.0
v 84.47819519042969 85.0 45.0
v 84.47723388671875 85.0 47.0
v 84.47711181640625 85.0 48.0
v 84.49995422363281 86.0 43.0
v 85.0 86.0 43.50296401977539
v 85.0 85.52381134033203 44.0
v 85.0 85.52376556396484 45.0
v 84.54733276367188 86.0 46.0
v 85.0 86.0 45.52188491821289
v 85.0 86.0 46.47811508178711
v 85.0 85.52376556396484 47.0
v 85.0 85.50188446044922 48.0
v 85.0 85.52200317382812 49.0
v 85.0 85.52196502685547 50.0
v 85.0 85.52197265625 51.0
v 85.0 85.54666900634766 52.0
v 85.0 86.0 52.45417404174805
v 84.47819519042969 87.0 42.0
v 85.0 87.0 42.52376937866211
v 85.0 86.50296020507812 43.0
v 85.0 86.45535278320312 46.0
v 84.52389526367188 87.0 53.0
v 85.0 87.0 52.524688720703125
v 84.50003814697266 87.0 54.0
v 84.50088500976562 87.0 55.0
v 84.47723388671875 87.0 56.0
v 84.45710754394531 88.0 41.0
v 84.54285430908203 88.0 42.0
v 85.0 88.0 42.47811508178711
v 85.0 87.45614624023438 53.0
v 85.0 87.49816131591797 54.0
v 85.0 87.47978210449219 55.0
v 85.0 87.52180480957031 56.0
v 84.52176666259766 88.0 57.0
v 85.0 88.0 56.5
v 84.45519256591797 88.0 58.0
v 84.52176666259766 89.0 41.0
v 85.0 89.0 41.50100326538086
v 85.0 88.49907684326172 42.0
v 85.0 88.49896240234375 57.0
v 85.0 89.0 57.50296401977539
v 84.52376556396484 89.0 58.0
v 84.4742202758789 90.0 39.0
v 84.52276611328125 90.0 40.0
v 85.0 90.0 40.49903869628906
v 85.0 89.50004577636719 41.0
v 85.0 89.45880126953125 58.0
v 85.0 89.56771087646484 59.0
v 85.0 90.0 59.43145751953125
v 85.0 91.0 38.5456657409668
v 85.0 90.5257797241211 39.0
v 85.0 90.47723388671875 40.0
v 84.56748962402344 91.0 59.0
v 85.0 90.49888610839844 59.0
v 85.0 91.0 58.54855728149414
v 84.50088500976562 91.0 60.0
v 84.4761734008789 91.0 61.0
v 84.40451049804688 91.0 62.0
v 85.0 92.0 38.521968841552734
v 85.0 91.45321655273438 59.0
v 85.0 91.52288818359375 60.0
v 85.0 92.0 60.47623062133789
v 84.49996185302734 92.0 61.0
v 85.0 93.0 38.52107620239258
v 84.52476501464844 93.0 61.0
v 85.0 93.0 60.52472686767578
v 84.47711181640625 94.0 38.0
v 85.0 94.0 38.50092315673828
v 85.0 93.45702362060547 61.0
v 85.0 93.56663513183594 62.0
v 84.45149230957031 94.0 63.0
v 85.0 94.0 62.45048904418945
v 84.49903106689453 95.0 38.0
v 85.0 95.0 38.5
v 84.5484619140625 95.0 62.0
v 85.0 94.49898529052734 62.0
v 85.0 95.0 61.56729507446289
v 84.47711181640625 96.0 38.0
v 85.0 96.0 38.50092315673828
v 85.0 95.47592163085938 62.0
v 84.47720336914062 96.0 63.0
v 85.0 96.0 62.47724151611328
v 85.0 97.0 38.52107620239258
v 84.52275848388672 97.0 63.0
v 85.0 97.0 62.521881103515625
v 85.0 98.0 38.52107620239258
v 85.0 97.50100708007812 63.0
v 84.47623443603516 98.0 64.0
v 85.0 98.0 63.476234436035156
v 84.47711181640625 99.0 38.0
v 85.0 99.0 38.50092315673828
v 84.49996185302734 99.0 64.0
v 85.0 99.0 63.49995803833008
v 84.47618865966797 100.0 38.0
v 85.0 100.0 38.522762298583984
v 84.5 100.0 64.0
v 85.0 100.0 63.500003814697266
v 84.5238037109375 101.0 39.0
v 85.0 100.50104522705078 39.0
v 85.0 101.0 39.45625686645508
v 84.5238037109375 101.0 64.0
v 85.0 101.0 63.523765563964844
v 84.43146514892578 101.0 66.0
v 84.50088500976562 102.0 39.0
v 85.0 102.0 39.478919982910156
v 85.0 101.47718811035156 64.0
v 85.0 101.54397583007812 65.0
v 84.49722290039062 102.0 66.0
v 85.0 102.0 65.47514343261719
v 84.49911499023438 103.0 39.0
v 85.0 103.0 39.499080657958984
v 84.52088165283203 103.0 66.0
v 85.0 103.0 65.52088165283203
v 84.47711181640625 104.0 39.0
v 85.0 104.0 39.50092315673828
v 85.0 103.50205993652344 66.0
v 85.0 104.0 66.4552993774414
v 85.0 105.0 39.54289627075195
v 85.0 105.0 66.47799682617188
v 85.0 105.49899291992188 40.0
v 84.52188110351562 106.0 40.0
v 85.0 106.0 40.477237701416016
v 85.0 106.0 66.49815368652344
v 84.49996185302734 107.0 40.0
v 85.0 107.0 40.5
v 85.0 106.52490997314453 67.0
v 85.0 107.0 67.45425415039062
v 84.47623443603516 108.0 40.0
v 85.0 108.0 40.522804260253906
v 85.0 108.0 67.45525360107422
v 84.5 109.0 41.0
v 85.0 108.49808502197266 41.0
v 85.0 109.0 41.50095748901367
v 84.52088165283203 109.0 67.0
v 85.0 108.49789428710938 67.0
v 85.0 109.0 66.52088165283203
v 84.47627258300781 110.0 42.0
v 85.0 109.47819519042969 42.0
v 84.52372741699219 110.0 43.0
v 85.0 109.54289245605469 43.0
v 85.0 110.0 43.49707794189453
v 84.56828308105469 110.0 64.0
v 85.0 109.54674530029297 64.0
v 85.0 110.0 63.54678726196289
v 85.0 110.0 64.47595977783203
v 84.4761962890625 110.0 67.0
v 85.0 110.0 66.47522735595703
v 84.52176666259766 111.0 44.0
v 85.0 110.5009994506836 44.0
v 85.0 111.0 44.499000549316406
v 84.52200317382812 111.0 64.0
v 85.0 111.0 63.50088882446289
v 85.0 110.4771499633789 65.0
v 84.49996185302734 111.0 65.0
v 84.47623443603516 111.0 66.0
v 85.0 110.47522735595703 66.0
v 84.45514678955078 112.0 44.0
v 85.0 111.5009994506836 45.0
v 84.52180480957031 112.0 45.0
v 85.0 112.0 45.49904251098633
v 84.4771957397461 112.0 64.0
v 85.0 112.0 63.47522735595703
v 84.4990463256836 113.0 46.0
v 85.0 112.5 46.0
v 85.0 113.0 46.5
v 85.0 112.4770278930664 63.0
v 85.0 113.0 62.5
v 84.49707794189453 114.0 47.0
v 85.0 113.49995422363281 47.0
v 85.0 114.0 47.500999450683594
v 84.45140075683594 114.0 63.0
v 85.0 114.0 62.47431564331055
v 85.0 114.47819519042969 48.0
v 85.0 115.0 48.524688720703125
v 85.0 114.47526550292969 62.0
v 85.0 115.0 61.475311279296875
v 85.0 115.45610809326172 49.0
v 84.4771957397461 116.0 50.0
v 85.0 115.5 50.0
v 84.52284240722656 116.0 51.0
v 85.0 115.54285430908203 51.0
v 85.0 116.0 51.50004196166992
v 84.52275848388672 116.0 59.0
v 85.0 115.52188110351562 59.0
v 85.0 116.0 58.498992919921875
v 84.49907684326172 116.0 60.0
v 85.0 115.49996185302734 60.0
v 84.45121002197266 116.0 61.0
v 85.0 115.47522735595703 61.0
v 85.0 116.456298828125 52.0
v 85.0 116.47891998291016 53.0
v 84.47811889648438 117.0 54.0
v 85.0 116.49907684326172 54.0
v 84.5 117.0 55.0
v 85.0 116.50092315673828 55.0
v 84.49996185302734 117.0 56.0
v 85.0 116.52022552490234 56.0
v 84.49907684326172 117.0 57.0
v 85.0 116.5008773803711 57.0
v 84.47618865966797 117.0 58.0
v 85.0 116.47623443603516 58.0
v 85.45625305175781 86.0 44.0
v 85.45625305175781 86.0 45.0
v 85.45626068115234 86.0 47.0
v 85.47802734375 86.0 48.0
v 85.47799682617188 86.0 49.0
v 85.49811553955078 86.0 50.0
v 85.49811553955078 86.0 51.0
v 85.45413970947266 86.0 52.0
v 85.45625305175781 87.0 43.0
v 85.4991455078125 87.0 44.0
v 85.4991455078125 87.0 45.0
v 85.47990417480469 87.0 46.0
v 85.4991455078125 87.0 47.0
v 85.5 87.0 48.0
v 85.52101135253906 87.0 49.0
v 86.0 87.0 49.52285385131836
v 86.0 86.52381134033203 50.0
v 86.0 86.52192687988281 51.0
v 86.0 87.0 51.499996185302734
v 85.52276611328125 87.0 52.0
v 85.47898864746094 88.0 43.0
v 85.5008544921875 88.0 44.0
v 85.52009582519531 88.0 45.0
v 85.501708984375 88.0 46.0
v 85.52101135253906 88.0 47.0
v 85.52101135253906 88.0 48.0
v 85.52289581298828 88.0 49.0
v 86.0 88.0 49.49726486206055
v 86.0 87.4772720336914 52.0
v 86.0 87.54381561279297 53.0
v 85.54550170898438 88.0 54.0
v 86.0 88.0 53.520870208740234
v 86.0 88.0 54.50230407714844
v 86.0 87.5683364868164 55.0
v 85.49895477294922 88.0 56.0
v 86.0 88.0 55.4729118347168
v 85.45732879638672 89.0 42.0
v 85.50082397460938 89.0 43.0
v 85.5427474975586 89.0 44.0
v 86.0 89.0 44.52389907836914
v 86.0 88.54569244384766 45.0
v 86.0 89.0 45.5
v 85.56720733642578 89.0 46.0
v 86.0 89.0 46.47697830200195
v 86.0 88.52188873291016 47.0
v 86.0 88.52092742919922 48.0
v 86.0 89.0 48.52726364135742
v 85.57047271728516 89.0 49.0
v 86.0 89.0 49.43111801147461
v 86.0 88.45449829101562 54.0
v 86.0 88.50104522705078 56.0
v 85.50103759765625 89.0 57.0
v 86.0 89.0 56.5
v 85.47819519042969 90.0 41.0
v 85.52200317382812 90.0 42.0
v 85.5675048828125 90.0 43.0
v 86.0 90.0 43.47296142578125
v 86.0 89.49796295166016 44.0
v 86.0 89.45336151123047 46.0
v 86.0 89.42952728271484 49.0
v 86.0 89.47911071777344 57.0
v 86.0 89.5677490234375 58.0
v 85.44943237304688 90.0 59.0
v 86.0 90.0 58.449432373046875
v 85.4551010131836 91.0 39.0
v 85.52176666259766 91.0 40.0
v 86.0 91.0 40.50200653076172
v 86.0 90.52376556396484 41.0
v 86.0 90.4981460571289 42.0
v 86.0 90.43253326416016 43.0
v 85.5246810913086 91.0 58.0
v 86.0 90.47489166259766 58.0
v 86.0 91.0 57.54293441772461
v 85.49811553955078 92.0 39.0
v 86.0 92.0 39.52288818359375
v 86.0 91.50196838378906 40.0
v 85.54586791992188 92.0 58.0
v 86.0 92.0 57.546669006347656
v 85.50003814697266 92.0 59.0
v 85.4561538696289 92.0 60.0
v 85.49907684326172 93.0 39.0
v 86.0 93.0 39.5009651184082
v 86.0 92.45413970947266 58.0
v 86.0 92.52080535888672 59.0
v 86.0 93.0 59.50200653076172
v 85.52376556396484 93.0 60.0
v 85.49996185302734 94.0 39.0
v 86.0 94.0 39.5009651184082
v 86.0 93.4579849243164 60.0
v 86.0 93.54386901855469 61.0
v 85.45135498046875 94.0 62.0
v 86.0 94.0 61.474273681640625
v 85.5 95.0 39.0
v 86.0 95.0 39.5009651184082
v 86.0 95.0 61.47888946533203
v 85.49996185302734 96.0 39.0
v 86.0 96.0 39.5009651184082
v 85.47815704345703 96.0 62.0
v 86.0 96.0 61.499961853027344
v 85.49907684326172 97.0 39.0
v 86.0 97.0 39.5009651184082
v 85.50184631347656 97.0 62.0
v 86.0 97.0 61.5211181640625
v 85.49907684326172 98.0 39.0
v 86.0 98.0 39.50092315673828
v 85.54389953613281 98.0 62.0
v 86.0 98.0 61.544700622558594
v 85.45710754394531 98.0 63.0
v 85.49996185302734 99.0 39.0
v 86.0 99.0 39.500038146972656
v 86.0 98.49794006347656 62.0
v 86.0 99.0 62.47815704345703
v 85.49907684326172 99.0 63.0
v 85.47811889648438 100.0 39.0
v 86.0 100.0 39.50096130371094
v 85.5 100.0 63.0
v 86.0 100.0 62.5
v 86.0 101.0 39.522003173828125
v 85.5228042602539 101.0 63.0
v 86.0 101.0 62.522804260253906
v 86.0 102.0 39.544742584228516
v 86.0 101.5 63.0
v 85.49996185302734 102.0 64.0
v 86.0 102.0 63.478111267089844
v 85.454345703125 102.0 65.0
v 86.0 102.4979019165039 40.0
v 85.52184295654297 103.0 40.0
v 86.0 103.0 40.47815704345703
v 85.52192687988281 103.0 64.0
v 86.0 103.0 63.50096130371094
v 85.47898864746094 103.0 65.0
v 85.49996185302734 104.0 40.0
v 86.0 104.0 40.5
v 85.5228500366211 104.0 64.0
v 86.0 104.0 63.50181198120117
v 85.51924133300781 104.0 65.0
v 85.45610046386719 104.0 66.0
v 85.47623443603516 105.0 40.0
v 86.0 105.0 40.522804260253906
v 85.543701171875 105.0 64.0
v 86.0 105.0 63.52108383178711
v 86.0 105.0 64.55050659179688
v 86.0 104.57301330566406 65.0
v 86.0 105.0 65.42608642578125
v 85.4971923828125 105.0 66.0
v 85.5228042602539 106.0 41.0
v 86.0 105.5 41.0
v 86.0 106.0 41.477195739746094
v 85.52192687988281 106.0 64.0
v 86.0 106.0 63.47895431518555
v 86.0 105.4270248413086 65.0
v 85.52008819580078 106.0 65.0
v 85.47891998291016 106.0 66.0
v 85.5 107.0 41.0
v 86.0 107.0 41.500038146972656
v 85.543701171875 107.0 63.0
v 86.0 106.5 63.0
v 86.0 107.0 62.522850036621094
v 85.5008544921875 107.0 64.0
v 85.5 107.0 65.0
v 85.49910736083984 107.0 66.0
v 85.45429229736328 107.0 67.0
v 85.4771957397461 108.0 41.0
v 86.0 108.0 41.523765563964844
v 85.52193450927734 108.0 63.0
v 86.0 108.0 62.50092697143555
v 85.5 108.0 64.0
v 85.5 108.0 65.0
v 85.4991455078125 108.0 66.0
v 85.45525360107422 108.0 67.0
v 85.49896240234375 109.0 42.0
v 86.0 108.49703979492188 42.0
v 86.0 109.0 42.503929138183594
v 85.52108001708984 109.0 63.0
v 86.0 109.0 62.5
v 85.47991180419922 109.0 64.0
v 85.4991455078125 109.0 65.0
v 85.47898864746094 109.0 66.0
v 86.0 109.45614624023438 43.0
v 85.5009536743164 110.0 44.0
v 86.0 109.5208511352539 44.0
v 86.0 110.0 44.50100326538086
v 85.5 110.0 63.0
v 86.0 110.0 62.477149963378906
v 85.456298828125 110.0 65.0
v 85.45526123046875 110.0 66.0
v 85.5 111.0 45.0
v 86.0 110.49803924560547 45.0
v 86.0 111.0 45.500999450683594
v 85.543701171875 111.0 62.0
v 86.0 110.5 62.0
v 86.0 111.0 61.52288818359375
v 85.47891998291016 111.0 63.0
v 85.5 112.0 46.0
v 86.0 111.4990463256836 46.0
v 86.0 112.0 46.50095748901367
v 85.52104187011719 112.0 62.0
v 86.0 112.0 61.500885009765625
v 85.4552993774414 112.0 63.0
v 85.49995422363281 113.0 47.0
v 86.0 112.4990005493164 47.0
v 86.0 113.0 47.501956939697266
v 85.49911499023438 113.0 62.0
v 86.0 113.0 61.47719192504883
v 85.4990005493164 114.0 48.0
v 86.0 113.49803924560547 48.0
v 86.0 114.0 48.50292205810547
v 85.54182434082031 114.0 61.0
v 86.0 113.49903869628906 61.0
v 86.0 114.0 60.4990348815918
v 85.45610046386719 114.0 62.0
v 85.47527313232422 115.0 49.0
v 86.0 114.47623443603516 49.0
v 85.52184295654297 115.0 50.0
v 86.0 114.52272033691406 50.0
v 86.0 115.0 50.501007080078125
v 85.54285430908203 115.0 58.0
v 86.0 114.52284240722656 58.0
v 86.0 115.0 57.500919342041016
v 85.50092315673828 115.0 59.0
v 86.0 114.5 59.0
v 85.49907684326172 115.0 60.0
v 86.0 114.47715759277344 60.0
v 85.45614624023438 115.0 61.0
v 86.0 115.45710754394531 51.0
v 85.47711181640625 116.0 52.0
v 86.0 115.49907684326172 52.0
v 85.49907684326172 116.0 53.0
v 86.0 115.5 53.0
v 85.49996185302734 116.0 54.0
v 86.0 115.5 54.0
v 85.52184295654297 116.0 55.0
v 86.0 115.52180480957031 55.0
v 86.0 116.0 55.525177001953125
v 85.52084350585938 116.0 57.0
v 86.0 115.49895477294922 57.0
v 86.0 116.0 56.4738655090332
v 85.45710754394531 116.0 58.0
v 86.0 116.43165588378906 56.0
v 86.4561538696289 87.0 50.0
v 86.476318359375 87.0 51.0
v 86.52084350585938 88.0 50.0
v 87.0 88.0 50.52503204345703
v 87.0 87.54756164550781 51.0
v 86.52172088623047 88.0 52.0
v 87.0 88.0 51.47500991821289
v 86.45614624023438 88.0 53.0
v 86.4316635131836 88.0 55.0
v 86.43279266357422 89.0 45.0
v 86.45714569091797 89.0 47.0
v 86.47724151611328 89.0 48.0
v 87.0 89.0 49.522010803222656
v 87.0 88.5020523071289 50.0
v 87.0 88.50100708007812 52.0
v 87.0 89.0 52.500919342041016
v 86.54285430908203 89.0 53.0
v 86.50183868408203 89.0 54.0
v 86.52021789550781 89.0 55.0
v 86.47819519042969 89.0 56.0
v 86.52783203125 90.0 43.0
v 87.0 90.0 42.59462356567383
v 87.0 89.5962142944336 43.0
v 86.50103759765625 90.0 44.0
v 87.0 90.0 43.446319580078125
v 86.52111053466797 90.0 45.0
v 86.50187683105469 90.0 46.0
v 86.54289245605469 90.0 47.0
v 87.0 90.0 47.4990348815918
v 87.0 89.5228042602539 48.0
v 87.0 89.49996185302734 49.0
v 87.0 89.4771957397461 53.0
v 87.0 89.49996185302734 54.0
v 87.0 89.50003814697266 55.0
v 87.0 89.52376556396484 56.0
v 86.52080535888672 90.0 57.0
v 87.0 90.0 56.49795150756836
v 86.4314193725586 90.0 58.0
v 86.45626068115234 91.0 41.0
v 86.5 91.0 42.0
v 87.0 91.0 42.502784729003906
v 87.0 90.47911071777344 44.0
v 87.0 90.47892761230469 45.0
v 87.0 90.4990005493164 46.0
v 87.0 90.47623443603516 47.0
v 87.0 90.50297546386719 57.0
v 87.0 91.0 57.456146240234375
v 86.456298828125 92.0 40.0
v 86.4991455078125 92.0 41.0
v 86.52192687988281 92.0 42.0
v 87.0 92.0 42.5
v 87.0 92.0 57.49903869628906
v 86.47806549072266 93.0 40.0
v 86.5008544921875 93.0 41.0
v 86.54374694824219 93.0 42.0
v 87.0 93.0 42.477108001708984
v 87.0 92.52288818359375 58.0
v 86.5 93.0 59.0
v 87.0 93.0 58.49795150756836
v 86.47807312011719 94.0 40.0
v 86.52101135253906 94.0 41.0
v 87.0 94.0 41.52096939086914
v 87.0 93.49899291992188 42.0
v 87.0 93.48095703125 59.0
v 87.0 93.5677490234375 60.0
v 86.47427368164062 94.0 61.0
v 87.0 94.0 60.45029830932617
v 86.47807312011719 95.0 40.0
v 86.52192687988281 95.0 41.0
v 87.0 95.0 41.499961853027344
v 86.56725311279297 95.0 60.0
v 87.0 94.49787139892578 60.0
v 87.0 95.0 59.547515869140625
v 86.47888946533203 95.0 61.0
v 86.47807312011719 96.0 40.0
v 86.52192687988281 96.0 41.0
v 87.0 96.0 41.5
v 87.0 95.47406005859375 60.0
v 87.0 96.0 60.50095748901367
v 86.5208511352539 96.0 61.0
v 86.47807312011719 97.0 40.0
v 86.52192687988281 97.0 41.0
v 87.0 97.0 41.5
v 87.0 96.50200653076172 61.0
v 87.0 97.0 61.45625686645508
v 86.47891998291016 98.0 40.0
v 86.543701171875 98.0 41.0
v 87.0 98.0 41.47806930541992
v 87.0 98.0 61.478919982910156
v 86.49907684326172 99.0 40.0
v 87.0 99.0 40.52288818359375
v 87.0 98.5 41.0
v 86.47819519042969 99.0 62.0
v 87.0 99.0 61.5
v 86.49903869628906 100.0 40.0
v 87.0 100.0 40.52288818359375
v 86.50092315673828 100.0 62.0
v 87.0 100.0 61.521080017089844
v 86.47799682617188 101.0 40.0
v 87.0 100.5 41.0
v 86.543701171875 101.0 41.0
v 87.0 101.0 41.47806930541992
v 86.5238037109375 101.0 62.0
v 87.0 101.0 61.54374313354492
v 86.45525360107422 102.0 40.0
v 86.52108001708984 102.0 41.0
v 87.0 102.0 41.5
v 87.0 101.49899291992188 62.0
v 86.4771957397461 102.0 63.0
v 87.0 102.0 62.477195739746094
v 86.50092315673828 103.0 41.0
v 87.0 103.0 41.500038146972656
v 86.5 103.0 63.0
v 87.0 103.0 62.49907302856445
v 86.5 104.0 41.0
v 87.0 104.0 41.50092697143555
v 86.49907684326172 104.0 63.0
v 87.0 104.0 62.47614669799805
v 86.4771957397461 105.0 41.0
v 87.0 105.0 41.523807525634766
v 86.54473876953125 105.0 61.0
v 87.0 104.52385711669922 61.0
v 87.0 105.0 60.524776458740234
v 86.52101135253906 105.0 62.0
v 87.0 104.47710418701172 62.0
v 86.47891998291016 105.0 63.0
v 86.40499114990234 105.0 65.0
v 86.52275848388672 106.0 42.0
v 87.0 105.49895477294922 42.0
v 87.0 106.0 42.478118896484375
v 86.543701171875 106.0 61.0
v 87.0 106.0 60.52288818359375
v 86.5 106.0 62.0
v 86.456298828125 106.0 63.0
v 86.49907684326172 107.0 42.0
v 87.0 107.0 42.521881103515625
v 87.0 106.5 61.0
v 87.0 107.0 61.477149963378906
v 86.5 107.0 62.0
v 86.45710754394531 108.0 42.0
v 87.0 107.50004577636719 43.0
v 86.54190063476562 108.0 43.0
v 87.0 108.0 43.49899673461914
v 86.49907684326172 108.0 62.0
v 87.0 108.0 61.47711181640625
v 86.45614624023438 109.0 43.0
v 87.0 108.4791488647461 44.0
v 86.5 109.0 44.0
v 86.54385375976562 109.0 45.0
v 87.0 108.54385375976562 45.0
v 87.0 109.0 45.496070861816406
v 86.543701171875 109.0 61.0
v 87.0 108.5 61.0
v 87.0 109.0 60.52281188964844
v 86.47891998291016 109.0 62.0
v 86.45809936523438 110.0 45.0
v 87.0 109.50296020507812 46.0
v 86.54289245605469 110.0 46.0
v 87.0 110.0 46.47627639770508
v 86.52108001708984 110.0 61.0
v 87.0 110.0 60.5
v 86.456298828125 110.0 62.0
v 86.47819519042969 111.0 46.0
v 87.0 111.0 46.524688720703125
v 86.50092315673828 111.0 61.0
v 87.0 111.0 60.49907302856445
v 86.47819519042969 112.0 47.0
v 87.0 111.47531127929688 47.0
v 86.54285430908203 112.0 48.0
v 87.0 111.5228042602539 48.0
v 87.0 112.0 48.4990348815918
v 86.49907684326172 112.0 61.0
v 87.0 112.0 60.47711181640625
v 86.45809936523438 113.0 48.0
v 87.0 112.5 49.0
v 86.54186248779297 113.0 49.0
v 87.0 113.0 49.5
v 86.54185485839844 113.0 60.0
v 87.0 112.49899291992188 60.0
v 87.0 113.0 59.498992919921875
v 86.45714569091797 113.0 61.0
v 86.45710754394531 114.0 49.0
v 87.0 113.49903869628906 50.0
v 86.52176666259766 114.0 50.0
v 87.0 114.0 50.50200653076172
v 86.543701171875 114.0 56.0
v 87.0 113.5228500366211 56.0
v 87.0 114.0 55.50004196166992
v 86.52108001708984 114.0 57.0
v 87.0 113.5 57.0
v 86.50092315673828 114.0 58.0
v 87.0 113.49907684326172 58.0
v 86.49907684326172 114.0 59.0
v 87.0 113.47711181640625 59.0
v 86.45714569091797 114.0 60.0
v 86.47623443603516 115.0 51.0
v 87.0 114.47618865966797 51.0
v 86.49996185302734 115.0 52.0
v 87.0 114.49907684326172 52.0
v 86.5 115.0 53.0
v 87.0 114.49996185302734 53.0
v 86.5 115.0 54.0
v 87.0 114.49996185302734 54.0
v 86.5 115.0 55.0
v 87.0 114.4771957397461 55.0
v 86.4991455078125 115.0 56.0
v 86.45729064941406 115.0 57.0
v 86.43165588378906 116.0 56.0
v 87.43274688720703 88.0 51.0
v 87.45629119873047 89.0 50.0
v 87.49828338623047 89.0 51.0
v 87.45729064941406 89.0 52.0
v 87.4045639038086 90.0 43.0
v 87.4771957397461 90.0 48.0
v 87.50003814697266 90.0 49.0
v 87.5201187133789 90.0 50.0
v 87.5008544921875 90.0 51.0
v 87.5 90.0 52.0
v 87.5 90.0 53.0
v 87.49907684326172 90.0 54.0
v 87.47891998291016 90.0 55.0
v 87.45626068115234 90.0 56.0
v 87.4762191772461 91.0 43.0
v 87.49995422363281 91.0 44.0
v 88.0 91.0 44.547935485839844
v 88.0 90.56938934326172 45.0
v 87.52184295654297 91.0 46.0
v 88.0 91.0 45.473758697509766
v 87.52276611328125 91.0 47.0
v 88.0 91.0 47.50104522705078
v 88.0 90.52381134033203 48.0
v 88.0 90.50093078613281 49.0
v 88.0 90.52196502685547 50.0
v 88.0 91.0 50.5
v 87.543701171875 91.0 51.0
v 87.54270935058594 91.0 52.0
v 88.0 91.0 52.52394104003906
v 88.0 90.54573822021484 53.0
v 88.0 90.52482604980469 54.0
v 88.0 91.0 54.47701644897461
v 87.52192687988281 91.0 55.0
v 87.51924133300781 91.0 56.0
v 87.45614624023438 91.0 57.0
v 87.47807312011719 92.0 43.0
v 87.52192687988281 92.0 44.0
v 88.0 92.0 44.50088882446289
v 88.0 91.47911834716797 46.0
v 88.0 91.47907257080078 47.0
v 88.0 91.47807312011719 51.0
v 88.0 91.49999237060547 52.0
v 88.0 92.0 52.54912567138672
v 87.59266662597656 92.0 53.0
v 88.0 91.52529907226562 53.0
v 88.0 92.0 53.4736442565918
v 87.56613159179688 92.0 55.0
v 88.0 92.0 54.499996185302734
v 88.0 92.0 55.527530670166016
v 88.0 91.57186126708984 56.0
v 88.0 92.0 56.42728042602539
v 87.49815368652344 92.0 57.0
v 87.5 93.0 43.0
v 87.54469299316406 93.0 44.0
v 88.0 93.0 44.47710418701172
v 88.0 92.45087432861328 53.0
v 88.0 93.0 53.522891998291016
v 87.5661392211914 93.0 54.0
v 88.0 92.5 54.0
v 88.0 93.0 54.52518844604492
v 88.0 92.52519226074219 55.0
v 88.0 93.0 55.473758697509766
v 87.5650634765625 93.0 56.0
v 88.0 92.47142028808594 56.0
v 87.50082397460938 93.0 57.0
v 87.45629119873047 93.0 58.0
v 87.476318359375 94.0 42.0
v 88.0 94.0 42.54861068725586
v 88.0 93.54682922363281 43.0
v 88.0 93.47798919677734 44.0
v 87.54570007324219 94.0 54.0
v 88.0 94.0 53.52386474609375
v 88.0 93.47586059570312 55.0
v 87.56720733642578 94.0 55.0
v 88.0 94.0 55.49894714355469
v 88.0 93.50105285644531 56.0
v 88.0 94.0 56.47807312011719
v 87.543701171875 94.0 57.0
v 87.52015686035156 94.0 58.0
v 87.4788818359375 94.0 59.0
v 87.43062591552734 94.0 60.0
v 87.47891998291016 95.0 42.0
v 88.0 94.4749526977539 43.0
v 87.54270935058594 95.0 43.0
v 88.0 95.0 43.50096893310547
v 88.0 94.4760971069336 54.0
v 88.0 94.45606231689453 55.0
v 88.0 94.47895812988281 57.0
v 88.0 94.52196502685547 58.0
v 88.0 95.0 58.498077392578125
v 87.5226821899414 95.0 59.0
v 87.47807312011719 96.0 42.0
v 87.5008544921875 96.0 43.0
v 88.0 95.47807312011719 44.0
v 87.52101135253906 96.0 44.0
v 87.52285766601562 96.0 45.0
v 88.0 95.50089263916016 45.0
v 87.56828308105469 96.0 46.0
v 88.0 95.5458755493164 46.0
v 88.0 96.0 46.45325469970703
v 87.59500885009766 96.0 56.0
v 88.0 95.57125091552734 56.0
v 88.0 96.0 55.57297897338867
v 88.0 96.0 56.42698287963867
v 88.0 95.50096130371094 59.0
v 87.5 96.0 60.0
v 88.0 96.0 59.498043060302734
v 87.47807312011719 97.0 42.0
v 87.5008544921875 97.0 43.0
v 87.52101135253906 97.0 44.0
v 87.543701171875 97.0 45.0
v 88.0 97.0 45.49903106689453
v 88.0 96.4749984741211 46.0
v 88.0 96.42701721191406 56.0
v 88.0 96.50292205810547 60.0
v 87.47618865966797 97.0 61.0
v 88.0 97.0 60.476234436035156
v 87.47898864746094 98.0 42.0
v 87.52101135253906 98.0 43.0
v 88.0 98.0 43.52285385131836
v 88.0 97.5228500366211 44.0
v 88.0 97.47718811035156 45.0
v 87.49907684326172 98.0 61.0
v 88.0 98.0 60.49992370605469
v 87.456298828125 99.0 41.0
v 87.4991455078125 99.0 42.0
v 87.52192687988281 99.0 43.0
v 88.0 99.0 43.49907684326172
v 87.52180480957031 99.0 61.0
v 88.0 99.0 60.52092361450195
v 87.456298828125 100.0 41.0
v 87.4991455078125 100.0 42.0
v 87.52192687988281 100.0 43.0
v 88.0 100.0 43.49907684326172
v 88.0 99.5020980834961 61.0
v 88.0 100.0 61.455257415771484
v 87.47898864746094 101.0 42.0
v 87.52192687988281 101.0 43.0
v 88.0 101.0 43.49991989135742
v 88.0 101.0 61.47795486450195
v 87.47895812988281 102.0 42.0
v 87.5447006225586 102.0 43.0
v 88.0 102.0 43.4752311706543
v 87.4771957397461 102.0 62.0
v 88.0 102.0 61.476192474365234
v 87.49903869628906 103.0 42.0
v 88.0 103.0 42.52188491821289
v 88.0 102.49798583984375 43.0
v 87.543701171875 103.0 61.0
v 88.0 102.49995422363281 61.0
v 88.0 103.0 60.52196502685547
v 87.47891998291016 103.0 62.0
v 87.47895812988281 104.0 42.0
v 88.0 103.50298309326172 43.0
v 87.54566192626953 104.0 43.0
v 88.0 104.0 43.45510482788086
v 87.5 104.0 61.0
v 88.0 104.0 60.47807312011719
v 87.45530700683594 104.0 62.0
v 87.45626068115234 105.0 42.0
v 87.5211181640625 105.0 43.0
v 88.0 105.0 43.498191833496094
v 87.5228042602539 105.0 60.0
v 88.0 104.49995422363281 60.0
v 88.0 105.0 59.522804260253906
v 87.50091552734375 106.0 43.0
v 88.0 106.0 43.50088882446289
v 87.50092315673828 106.0 60.0
v 88.0 106.0 59.5
v 87.47724151611328 107.0 43.0
v 88.0 107.0 43.523807525634766
v 87.52015686035156 107.0 60.0
v 88.0 107.0 59.47807693481445
v 87.456298828125 107.0 61.0
v 87.4990005493164 108.0 44.0
v 88.0 107.49699401855469 44.0
v 88.0 108.0 44.503929138183594
v 87.56720733642578 108.0 59.0
v 88.0 107.52302551269531 59.0
v 88.0 108.0 58.54660415649414
v 87.5008544921875 108.0 60.0
v 87.456298828125 108.0 61.0
v 88.0 108.45614624023438 45.0
v 87.5009994506836 109.0 46.0
v 88.0 108.5208511352539 46.0
v 88.0 109.0 46.50100326538086
v 88.0 108.5 59.0
v 88.0 109.0 59.45339584350586
v 87.49908447265625 109.0 60.0
v 87.52176666259766 110.0 47.0
v 88.0 109.4990005493164 47.0
v 88.0 110.0 47.501922607421875
v 87.54270935058594 110.0 59.0
v 88.0 109.47605895996094 59.0
v 88.0 110.0 58.499996185302734
v 87.47891998291016 110.0 60.0
v 87.45610809326172 111.0 47.0
v 88.0 110.4771957397461 48.0
v 87.5 111.0 48.0
v 87.54285430908203 111.0 49.0
v 88.0 110.5228042602539 49.0
v 88.0 111.0 49.4990348815918
v 87.54270935058594 111.0 58.0
v 88.0 110.5 58.0
v 88.0 111.0 57.5
v 87.5008544921875 111.0 59.0
v 87.47806549072266 111.0 60.0
v 87.45813751220703 112.0 49.0
v 88.0 111.5 50.0
v 87.54186248779297 112.0 50.0
v 88.0 112.0 50.501007080078125
v 87.54270935058594 112.0 57.0
v 88.0 111.5 57.0
v 88.0 112.0 56.4990348815918
v 87.5008544921875 112.0 58.0
v 87.4991455078125 112.0 59.0
v 87.456298828125 112.0 60.0
v 87.45813751220703 113.0 50.0
v 88.0 112.47803497314453 51.0
v 87.52015686035156 113.0 51.0
v 87.543701171875 113.0 52.0
v 88.0 112.52192687988281 52.0
v 88.0 113.0 52.500003814697266
v 87.54285430908203 113.0 55.0
v 88.0 112.52188873291016 55.0
v 88.0 113.0 54.49995422363281
v 87.5 113.0 56.0
v 88.0 112.4771499633789 56.0
v 87.47891998291016 113.0 57.0
v 87.47806549072266 113.0 58.0
v 87.456298828125 113.0 59.0
v 87.45626068115234 114.0 51.0
v 87.47891998291016 114.0 52.0
v 88.0 113.47711181640625 53.0
v 87.49907684326172 114.0 53.0
v 87.49907684326172 114.0 54.0
v 88.0 113.47711181640625 54.0
v 87.45714569091797 114.0 55.0
v 88.43058013916016 91.0 45.0
v 88.45625305175781 91.0 48.0
v 88.47806549072266 91.0 49.0
v 88.456298828125 91.0 50.0
v 88.43279266357422 91.0 53.0
v 88.45429992675781 91.0 54.0
v 88.47714233398438 92.0 45.0
v 88.47898864746094 92.0 46.0
v 88.47898864746094 92.0 47.0
v 88.4991455078125 92.0 48.0
v 88.5 92.0 49.0
v 88.4991455078125 92.0 50.0
v 88.47898864746094 92.0 51.0
v 88.45729064941406 92.0 52.0
v 88.43386840820312 92.0 54.0
v 88.40616607666016 92.0 56.0
v 88.47898864746094 93.0 45.0
v 88.5 93.0 46.0
v 88.5 93.0 47.0
v 88.5 93.0 48.0
v 88.5 93.0 49.0
v 88.5008544921875 93.0 50.0
v 88.52008819580078 93.0 51.0
v 88.5 93.0 52.0
v 88.45729064941406 93.0 53.0
v 88.40850067138672 93.0 55.0
v 88.43167114257812 94.0 43.0
v 88.47806549072266 94.0 44.0
v 88.4991455078125 94.0 45.0
v 88.5 94.0 46.0
v 88.5 94.0 47.0
v 88.5 94.0 48.0
v 88.5008544921875 94.0 49.0
v 88.54270935058594 94.0 50.0
v 89.0 94.0 50.525001525878906
v 89.0 93.54674530029297 51.0
v 89.0 94.0 51.45412826538086
v 88.52101135253906 94.0 52.0
v 88.47898864746094 94.0 53.0
v 88.4338607788086 94.0 56.0
v 88.456298828125 95.0 44.0
v 88.47806549072266 95.0 45.0
v 88.47898864746094 95.0 46.0
v 88.4991455078125 95.0 47.0
v 88.5 95.0 48.0
v 88.52101135253906 95.0 49.0
v 89.0 95.0 49.52193069458008
v 89.0 94.50096893310547 50.0
v 88.54469299316406 95.0 52.0
v 89.0 95.0 51.52200698852539
v 88.52015686035156 95.0 53.0
v 88.47984313964844 95.0 54.0
v 88.47807312011719 95.0 55.0
v 88.47807312011719 95.0 56.0
v 88.47806549072266 95.0 57.0
v 88.456298828125 95.0 58.0
v 88.47990417480469 96.0 47.0
v 88.5 96.0 48.0
v 88.52193450927734 96.0 49.0
v 89.0 96.0 49.5
v 89.0 95.47710418701172 52.0
v 89.0 95.52293395996094 53.0
v 89.0 96.0 53.477108001708984
v 88.52101135253906 96.0 54.0
v 88.47991180419922 96.0 55.0
v 88.48075866699219 96.0 57.0
v 88.51923370361328 96.0 58.0
v 88.45809936523438 96.0 59.0
v 88.45729064941406 97.0 46.0
v 88.4991455078125 97.0 47.0
v 88.5008544921875 97.0 48.0
v 88.543701171875 97.0 49.0
v 89.0 97.0 49.47806930541992
v 88.543701171875 97.0 54.0
v 89.0 97.0 53.52192687988281
v 88.5 97.0 55.0
v 88.47991180419922 97.0 56.0
v 88.51924133300781 97.0 57.0
v 89.0 97.0 57.57186508178711
v 89.0 96.57186126708984 58.0
v 89.0 97.0 58.44871139526367
v 88.54086303710938 97.0 59.0
v 88.45710754394531 97.0 60.0
v 88.4561538696289 98.0 44.0
v 88.49907684326172 98.0 45.0
v 88.5 98.0 46.0
v 88.5008544921875 98.0 47.0
v 88.54270935058594 98.0 48.0
v 89.0 98.0 48.5
v 89.0 97.49903869628906 49.0
v 89.0 97.49903869628906 54.0
v 89.0 98.0 54.5009651184082
v 88.543701171875 98.0 55.0
v 88.52101135253906 98.0 56.0
v 88.501708984375 98.0 57.0
v 89.0 97.4487533569336 58.0
v 88.54171752929688 98.0 58.0
v 89.0 98.0 58.55124282836914
v 89.0 97.55128479003906 59.0
v 89.0 98.0 59.42723846435547
v 88.49815368652344 98.0 60.0
v 88.49907684326172 99.0 44.0
v 89.0 99.0 44.54682922363281
v 89.0 98.54766082763672 45.0
v 89.0 99.0 45.475955963134766
v 88.543701171875 99.0 46.0
v 88.543701171875 99.0 47.0
v 89.0 99.0 47.4990348815918
v 89.0 98.5 48.0
v 89.0 98.47803497314453 55.0
v 89.0 98.52192687988281 56.0
v 89.0 99.0 56.5
v 88.543701171875 99.0 57.0
v 88.52193450927734 99.0 58.0
v 89.0 98.42903900146484 59.0
v 88.52100372314453 99.0 59.0
v 88.47984313964844 99.0 60.0
v 88.49907684326172 100.0 44.0
v 89.0 100.0 44.52482223510742
v 89.0 99.50096893310547 46.0
v 89.0 99.5 47.0
v 89.0 99.47807312011719 57.0
v 89.0 99.52201080322266 58.0
v 89.0 100.0 58.477108001708984
v 88.52101135253906 100.0 59.0
v 88.4991455078125 100.0 60.0
v 88.45525360107422 100.0 61.0
v 88.47978210449219 101.0 44.0
v 89.0 100.49710083007812 45.0
v 88.54270935058594 101.0 45.0
v 88.5237808227539 101.0 46.0
v 89.0 100.47976684570312 46.0
v 88.56828308105469 101.0 47.0
v 89.0 100.52404022216797 47.0
v 89.0 101.0 47.45325469970703
v 88.52192687988281 101.0 59.0
v 89.0 101.0 58.5
v 88.5 101.0 60.0
v 88.47714233398438 101.0 61.0
v 88.52381134033203 102.0 44.0
v 89.0 102.0 44.52183151245117
v 89.0 101.52283477783203 45.0
v 89.0 102.0 45.50115966796875
v 88.5672607421875 102.0 46.0
v 89.0 102.0 46.47600555419922
v 89.0 101.4749984741211 47.0
v 88.52193450927734 102.0 59.0
v 89.0 102.0 58.5
v 88.4991455078125 102.0 60.0
v 88.45625305175781 102.0 61.0
v 89.0 103.0 42.54670333862305
v 89.0 102.54498291015625 43.0
v 89.0 102.45716857910156 44.0
v 89.0 102.4533462524414 46.0
v 88.543701171875 103.0 59.0
v 89.0 103.0 58.52192687988281
v 88.47984313964844 103.0 60.0
v 89.0 103.47508239746094 43.0
v 89.0 104.0 43.499080657958984
v 89.0 103.52302551269531 59.0
v 89.0 104.0 59.45244216918945
v 88.47628021240234 104.0 60.0
v 89.0 104.52284240722656 44.0
v 88.52281188964844 105.0 44.0
v 89.0 105.0 44.47719192504883
v 88.52275848388672 105.0 59.0
v 89.0 104.47596740722656 59.0
v 89.0 105.0 58.52092361450195
v 88.47895812988281 106.0 44.0
v 89.0 105.52381134033203 45.0
v 88.54466247558594 106.0 45.0
v 89.0 106.0 45.47706985473633
v 88.49907684326172 106.0 59.0
v 89.0 106.0 58.477115631103516
v 88.45626068115234 107.0 44.0
v 88.52015686035156 107.0 45.0
v 89.0 107.0 45.52293395996094
v 88.54285430908203 107.0 58.0
v 89.0 106.49995422363281 58.0
v 89.0 107.0 57.52188491821289
v 88.4571533203125 107.0 59.0
v 88.45614624023438 108.0 45.0
v 89.0 107.47618865966797 46.0
v 88.49996185302734 108.0 46.0
v 88.54285430908203 108.0 47.0
v 89.0 107.52188873291016 47.0
v 89.0 108.0 47.499080657958984
v 88.50092315673828 108.0 58.0
v 89.0 108.0 57.47719192504883
v 88.45809936523438 109.0 47.0
v 89.0 108.49995422363281 48.0
v 88.54186248779297 109.0 48.0
v 89.0 109.0 48.501007080078125
v 88.54270935058594 109.0 57.0
v 89.0 108.49903869628906 57.0
v 89.0 109.0 56.4990348815918
v 88.4991455078125 109.0 58.0
v 88.43279266357422 109.0 59.0
v 88.45714569091797 110.0 48.0
v 89.0 109.4771499633789 49.0
v 88.5 110.0 49.0
v 88.54285430908203 110.0 50.0
v 89.0 109.52192687988281 50.0
v 89.0 110.0 50.50004196166992
v 88.543701171875 110.0 55.0
v 89.0 109.52192687988281 55.0
v 89.0 110.0 54.5
v 88.52101135253906 110.0 56.0
v 89.0 109.47807312011719 56.0
v 88.5 110.0 57.0
v 88.45729064941406 110.0 58.0
v 88.45813751220703 111.0 50.0
v 89.0 110.47803497314453 51.0
v 88.52015686035156 111.0 51.0
v 88.52192687988281 111.0 52.0
v 89.0 110.5 52.0
v 88.52192687988281 111.0 53.0
v 89.0 110.5 53.0
v 88.52101135253906 111.0 54.0
v 89.0 110.47807312011719 54.0
v 88.5008544921875 111.0 55.0
v 88.4991455078125 111.0 56.0
v 88.45729064941406 111.0 57.0
v 88.456298828125 112.0 51.0
v 88.47898864746094 112.0 52.0
v 88.4991455078125 112.0 53.0
v 88.4991455078125 112.0 54.0
v 88.47898864746094 112.0 55.0
v 88.456298828125 112.0 56.0
v 88.456298828125 113.0 53.0
v 88.456298828125 113.0 54.0
v 89.43171691894531 94.0 51.0
v 89.456298828125 95.0 50.0
v 89.47806549072266 95.0 51.0
v 89.47806549072266 96.0 50.0
v 89.4991455078125 96.0 51.0
v 89.47898864746094 96.0 52.0
v 89.45530700683594 96.0 53.0
v 89.47898864746094 97.0 50.0
v 89.5 97.0 51.0
v 89.5 97.0 52.0
v 89.47898864746094 97.0 53.0
v 89.40616607666016 97.0 58.0
v 89.45729064941406 98.0 49.0
v 89.4991455078125 98.0 50.0
v 89.5 98.0 51.0
v 89.5 98.0 52.0
v 89.4991455078125 98.0 53.0
v 89.45729064941406 98.0 54.0
v 89.40616607666016 98.0 59.0
v 89.43170928955078 99.0 45.0
v 89.45729064941406 99.0 48.0
v 89.4991455078125 99.0 49.0
v 89.5008544921875 99.0 50.0
v 89.52101135253906 99.0 51.0
v 89.52101135253906 99.0 52.0
v 89.501708984375 99.0 53.0
v 89.51924133300781 99.0 54.0
v 89.47984313964844 99.0 55.0
v 89.456298828125 99.0 56.0
v 89.45514678955078 100.0 45.0
v 89.45533752441406 100.0 46.0
v 89.456298828125 100.0 47.0
v 89.498291015625 100.0 48.0
v 89.5 100.0 49.0
v 89.52101135253906 100.0 50.0
v 90.0 100.0 50.52289581298828
v 90.0 99.52289581298828 51.0
v 90.0 99.52192687988281 52.0
v 90.0 100.0 52.522979736328125
v 89.56720733642578 100.0 53.0
v 90.0 100.0 53.5
v 90.0 99.54573059082031 54.0
v 90.0 100.0 54.47605895996094
v 89.54270935058594 100.0 55.0
v 89.5 100.0 56.0
v 89.47898864746094 100.0 57.0
v 89.45530700683594 100.0 58.0
v 89.47990417480469 101.0 48.0
v 89.5008544921875 101.0 49.0
v 89.543701171875 101.0 50.0
v 90.0 101.0 50.47807312011719
v 90.0 100.45430755615234 53.0
v 90.0 100.5 55.0
v 90.0 101.0 55.499996185302734
v 89.54270935058594 101.0 56.0
v 89.5008544921875 101.0 57.0
v 89.47806549072266 101.0 58.0
v 89.4781723022461 102.0 45.0
v 89.45813751220703 102.0 47.0
v 89.5 102.0 48.0
v 89.54270935058594 102.0 49.0
v 90.0 102.0 49.500003814697266
v 90.0 101.49903869628906 50.0
v 90.0 101.52394104003906 56.0
v 90.0 102.0 56.454307556152344
v 89.52008819580078 102.0 57.0
v 89.47807312011719 102.0 58.0
v 90.0 103.0 42.54570007324219
v 90.0 102.52482604980469 43.0
v 90.0 102.47710418701172 44.0
v 90.0 102.47618865966797 45.0
v 89.5247802734375 103.0 46.0
v 90.0 103.0 45.52481460571289
v 89.50003814697266 103.0 47.0
v 89.52009582519531 103.0 48.0
v 90.0 103.0 48.54569625854492
v 90.0 102.52394104003906 49.0
v 89.56720733642578 103.0 56.0
v 90.0 102.5 56.0
v 90.0 103.0 55.545692443847656
v 89.501708984375 103.0 57.0
v 89.47898864746094 103.0 58.0
v 90.0 103.4760513305664 43.0
v 90.0 104.0 43.49908447265625
v 89.54586791992188 104.0 46.0
v 90.0 104.0 45.545902252197266
v 89.50089263916016 104.0 47.0
v 89.5008544921875 104.0 48.0
v 90.0 103.47702026367188 49.0
v 89.543701171875 104.0 49.0
v 90.0 104.0 49.47807312011719
v 90.0 103.47702026367188 56.0
v 90.0 104.0 56.47806930541992
v 89.52101135253906 104.0 57.0
v 89.498291015625 104.0 58.0
v 89.43274688720703 104.0 59.0
v 90.0 104.52183532714844 44.0
v 90.0 105.0 44.501007080078125
v 89.54300689697266 105.0 46.0
v 90.0 105.0 45.501007080078125
v 89.5008544921875 105.0 47.0
v 89.5 105.0 48.0
v 89.52193450927734 105.0 49.0
v 90.0 105.0 49.5
v 89.52101135253906 105.0 57.0
v 90.0 105.0 56.47806930541992
v 89.47898864746094 105.0 58.0
v 90.0 105.45722198486328 45.0
v 89.4806900024414 106.0 46.0
v 89.50003051757812 106.0 47.0
v 89.5 106.0 48.0
v 89.52192687988281 106.0 49.0
v 90.0 106.0 49.5
v 89.54270935058594 106.0 56.0
v 90.0 105.49903106689453 56.0
v 90.0 106.0 55.5
v 89.5 106.0 57.0
v 89.456298828125 106.0 58.0
v 89.45530700683594 107.0 46.0
v 89.47898864746094 107.0 47.0
v 89.4991455078125 107.0 48.0
v 89.52101135253906 107.0 49.0
v 90.0 107.0 49.52193069458008
v 89.54270935058594 107.0 55.0
v 90.0 106.5 55.0
v 90.0 107.0 54.5
v 89.5008544921875 107.0 56.0
v 89.47898864746094 107.0 57.0
v 89.45729064941406 108.0 48.0
v 89.5 108.0 49.0
v 90.0 107.49903869628906 50.0
v 89.54270935058594 108.0 50.0
v 90.0 108.0 50.5009651184082
v 89.54270935058594 108.0 54.0
v 90.0 107.5 54.0
v 90.0 108.0 53.4990348815918
v 89.5008544921875 108.0 55.0
v 89.4991455078125 108.0 56.0
v 89.456298828125 108.0 57.0
v 89.456298828125 109.0 49.0
v 89.47984313964844 109.0 50.0
v 90.0 108.47803497314453 51.0
v 89.52015686035156 109.0 51.0
v 89.52192687988281 109.0 52.0
v 90.0 108.5 52.0
v 89.52101135253906 109.0 53.0
v 90.0 108.47807312011719 53.0
v 89.5 109.0 54.0
v 89.47898864746094 109.0 55.0
v 89.456298828125 109.0 56.0
v 89.456298828125 110.0 51.0
v 89.47807312011719 110.0 52.0
v 89.47807312011719 110.0 53.0
v 89.456298828125 110.0 54.0
v 90.4552993774414 100.0 51.0
v 90.456298828125 100.0 52.0
v 90.43279266357422 100.0 54.0
v 90.54563903808594 101.0 44.0
v 91.0 101.0 43.52578353881836
v 91.0 100.54574584960938 44.0
v 91.0 100.54574584960938 45.0
v 90.54405975341797 101.0 45.0
v 91.0 101.0 45.47417449951172
v 90.47898864746094 101.0 51.0
v 90.4991455078125 101.0 52.0
v 90.47990417480469 101.0 53.0
v 90.498291015625 101.0 54.0
v 90.45729064941406 101.0 55.0
v 90.5228500366211 102.0 43.0
v 91.0 102.0 42.523765563964844
v 91.0 101.52376556396484 43.0
v 90.47710418701172 102.0 44.0
v 90.45793914794922 102.0 45.0
v 91.0 101.5257797241211 46.0
v 90.5423583984375 102.0 46.0
v 91.0 102.0 46.45429611206055
v 90.45729064941406 102.0 50.0
v 90.4991455078125 102.0 51.0
v 90.5 102.0 52.0
v 90.5 102.0 53.0
v 90.5 102.0 54.0
v 90.498291015625 102.0 55.0
v 90.43279266357422 102.0 56.0
v 91.0 103.0 42.50096130371094
v 90.47794342041016 103.0 46.0
v 91.0 103.0 46.47803497314453
v 90.43279266357422 103.0 49.0
v 90.498291015625 103.0 50.0
v 90.5 103.0 51.0
v 90.5 103.0 52.0
v 90.5 103.0 53.0
v 90.5 103.0 54.0
v 90.47990417480469 103.0 55.0
v 91.0 103.52289581298828 43.0
v 91.0 104.0 43.456111907958984
v 90.47595977783203 104.0 46.0
v 91.0 104.0 46.47807312011719
v 90.47898864746094 104.0 50.0
v 90.5 104.0 51.0
v 90.5 104.0 52.0
v 90.5 104.0 53.0
v 90.5 104.0 54.0
v 90.4991455078125 104.0 55.0
v 90.456298828125 104.0 56.0
v 90.50008392333984 105.0 44.0
v 91.0 105.0 43.522762298583984
v 90.50101470947266 105.0 46.0
v 91.0 105.0 46.45430374145508
v 90.47807312011719 105.0 50.0
v 90.5 105.0 51.0
v 90.5 105.0 52.0
v 90.5 105.0 53.0
v 90.5 105.0 54.0
v 90.4991455078125 105.0 55.0
v 90.456298828125 105.0 56.0
v 91.0 105.47723388671875 44.0
v 91.0 105.5192642211914 45.0
v 91.0 105.45513916015625 46.0
v 90.47806549072266 106.0 50.0
v 90.5 106.0 51.0
v 90.5 106.0 52.0
v 90.5 106.0 53.0
v 90.4991455078125 106.0 54.0
v 90.45729064941406 106.0 55.0
v 90.456298828125 107.0 50.0
v 90.4991455078125 107.0 51.0
v 90.5 107.0 52.0
v 90.4991455078125 107.0 53.0
v 90.45729064941406 107.0 54.0
v 90.456298828125 108.0 51.0
v 90.47806549072266 108.0 52.0
v 90.456298828125 108.0 53.0
v 92.0 101.0 43.477108001708984
v 92.0 100.52101135253906 44.0
v 92.0 100.52197265625 45.0
v 92.0 101.0 45.498111724853516
v 91.52477264404297 102.0 42.0
v 92.0 102.0 41.54470443725586
v 92.0 101.52389526367188 42.0
v 92.0 101.45614624023438 43.0
v 92.0 101.52288818359375 46.0
v 92.0 102.0 46.456295013427734
v 91.52293395996094 103.0 42.0
v 92.0 103.0 41.54374313354492
v 92.0 103.0 46.499141693115234
v 92.0 103.49799346923828 42.0
v 91.47531127929688 104.0 43.0
v 92.0 104.0 42.47823715209961
v 92.0 104.0 46.499996185302734
v 91.52372741699219 105.0 43.0
v 92.0 105.0 42.54289627075195
v 92.0 105.0 46.478031158447266
v 92.0 105.49703979492188 43.0
v 91.52372741699219 106.0 44.0
v 92.0 106.0 43.50296401977539
v 91.52201080322266 106.0 45.0
v 92.0 106.0 45.477149963378906
v 92.0 105.49815368652344 46.0
v 92.0 106.45709991455078 44.0
v 92.0 106.4753189086914 45.0
v 92.5954360961914 100.0 42.0
v 93.0 100.0 41.575218200683594
v 93.0 99.5962142944336 42.0
v 93.0 100.0 42.42485809326172
v 92.50273132324219 101.0 42.0
v 93.0 101.0 41.50181579589844
v 93.0 100.50092315673828 43.0
v 92.47622680664062 101.0 43.0
v 93.0 100.5008544921875 44.0
v 93.0 100.52285766601562 45.0
v 93.0 101.0 45.47795486450195
v 93.0 102.0 41.47895812988281
v 92.49903106689453 102.0 46.0
v 93.0 102.0 45.54270935058594
v 93.0 103.0 41.4798469543457
v 93.0 102.50096130371094 46.0
v 93.0 103.0 46.456298828125
v 92.50192260742188 104.0 42.0
v 93.0 104.0 41.54285430908203
v 93.0 104.0 46.47898483276367
v 93.0 104.47807312011719 42.0
v 93.0 105.0 42.4798469543457
v 93.0 105.0 46.47714614868164
v 92.50402069091797 106.0 43.0
v 93.0 106.0 42.54474639892578
v 93.0 105.49907684326172 46.0
v 93.0 106.0 45.52018737792969
v 93.0 106.45525360107422 43.0
v 93.0 106.52014923095703 44.0
v 92.55081176757812 107.0 45.0
v 93.0 107.0 44.54812240600586
v 93.0 107.0 45.430355072021484
v 93.0 107.42949676513672 45.0
v 93.59664154052734 100.0 40.0
v 94.0 100.0 39.597415924072266
v 94.0 99.59667205810547 40.0
v 94.0 99.57042694091797 41.0
v 93.54989624023438 100.0 41.0
v 93.44627380371094 100.0 42.0
v 94.0 100.0 41.47182083129883
v 94.0 100.44401550292969 40.0
v 93.50096893310547 101.0 41.0
v 94.0 101.0 40.48200225830078
v 94.0 100.45916748046875 42.0
v 94.0 100.4991455078125 43.0
v 94.0 100.5008544921875 44.0
v 94.0 100.54474639892578 45.0
v 94.0 101.0 45.45525360107422
v 93.50000762939453 102.0 41.0
v 94.0 102.0 40.521080017089844
v 94.0 102.0 45.5
v 93.52293395996094 103.0 41.0
v 94.0 103.0 40.54469680786133
v 93.47807312011719 103.0 46.0
v 94.0 103.0 45.52101135253906
v 94.0 103.47614288330078 41.0
v 94.0 104.0 41.50092315673828
v 93.52288818359375 104.0 46.0
v 94.0 104.0 45.54469299316406
v 94.0 104.50088500976562 42.0
v 94.0 105.0 42.47896194458008
v 94.0 104.49903106689453 46.0
v 94.0 105.0 46.456298828125
v 94.0 106.0 42.54570770263672
v 94.0 105.5 46.0
v 94.0 106.0 45.54201126098633
v 94.0 106.45425415039062 43.0
v 94.0 106.50091552734375 44.0
v 94.0 107.0 44.524967193603516
v 94.0 107.0 45.454933166503906
v 94.0 107.4532470703125 45.0
v 94.4227066040039 100.0 40.0
v 94.45101165771484 100.0 41.0
v 95.0 100.5760726928711 40.0
v 94.55475616455078 101.0 40.0
v 95.0 101.0 39.59621810913086
v 95.0 100.50277709960938 41.0
v 95.0 100.50003814697266 42.0
v 95.0 100.5008544921875 43.0
v 95.0 100.54275512695312 44.0
v 94.49598693847656 101.0 45.0
v 95.0 101.0 44.49795913696289
v 95.0 101.42481994628906 40.0
v 95.0 102.0 40.50188446044922
v 95.0 101.50300598144531 45.0
v 95.0 102.0 45.45625686645508
v 95.0 103.0 40.54570388793945
v 95.0 103.0 45.4789924621582
v 95.0 103.4742202758789 41.0
v 95.0 104.0 41.5238037109375
v 95.0 104.0 45.52107620239258
v 95.0 104.47627258300781 42.0
v 95.0 105.0 42.52276611328125
v 95.0 104.50093078613281 46.0
v 95.0 105.0 46.477142333984375
v 95.0 105.4771957397461 43.0
v 94.47421264648438 106.0 43.0
v 94.52481842041016 106.0 44.0
v 95.0 105.54485321044922 44.0
v 95.0 106.0 44.45687484741211
v 94.50005340576172 106.0 46.0
v 95.0 106.0 46.45624923706055
v 95.0 107.0 44.56881332397461
v 95.0 106.47618103027344 46.0
v 95.0 107.0 45.450096130371094
v 95.0 107.42949676513672 45.0
v 95.40455627441406 101.0 40.0
v 95.49718475341797 101.0 41.0
v 96.0 101.0 41.52494812011719
v 96.0 100.54571533203125 42.0
v 96.0 100.54474639892578 43.0
v 95.49795532226562 101.0 44.0
v 96.0 101.0 43.4959831237793
v 95.49903106689453 102.0 41.0
v 96.0 102.0 41.522850036621094
v 96.0 101.50300598144531 44.0
v 95.4761962890625 102.0 45.0
v 96.0 102.0 44.476192474365234
v 95.45513916015625 103.0 41.0
v 96.0 102.49995422363281 42.0
v 95.54281616210938 103.0 42.0
v 96.0 103.0 42.47811508178711
v 95.52088165283203 103.0 45.0
v 96.0 103.0 44.52088165283203
v 95.47627258300781 104.0 42.0
v 96.0 104.0 42.52376937866211
v 96.0 103.50109100341797 45.0
v 96.0 104.0 45.476192474365234
v 95.49800109863281 105.0 43.0
v 96.0 104.49699401855469 43.0
v 96.0 105.0 43.50300598144531
v 96.0 104.52578735351562 46.0
v 96.0 105.0 46.454254150390625
v 96.0 105.47623443603516 44.0
v 96.0 106.0 44.524776458740234
v 96.0 106.0 46.45328140258789
v 96.0 106.47427368164062 45.0
v 95.44918823242188 107.0 45.0
v 96.0 106.45408630371094 46.0
v 96.45425415039062 101.0 42.0
v 96.45525360107422 101.0 43.0
v 96.456298828125 102.0 42.0
v 96.49828338623047 102.0 43.0
v 96.45625305175781 102.0 44.0
v 96.47898864746094 103.0 43.0
v 96.47898864746094 103.0 44.0
v 96.45625305175781 104.0 43.0
v 96.49828338623047 104.0 44.0
v 96.45629119873047 104.0 45.0
v 96.45629119873047 105.0 44.0
v 96.49821472167969 105.0 45.0
v 96.45428466796875 105.0 46.0
v 96.45525360107422 106.0 45.0
v 96.45328521728516 106.0 46.0
f 3 2 1
f 5 4 1
f 1 4 3
f 7 6 5
f 5 6 4
f 7 8 6
f 11 10 9
f 13 12 9
f 9 12 11
f 12 13 2
f 13 1 2
f 13 14 1
f 1 15 5
f 1 14 15
f 17 7 16
f 7 15 16
f 7 5 15
f 7 17 8
f 20 19 18
f 20 18 10
f 18 9 10
f 18 21 9
f 9 22 13
f 9 21 22
f 13 23 14
f 13 22 23
f 14 24 15
f 14 23 24
f 16 15 25
f 25 15 24
f 28 27 26
f 28 26 19
f 26 18 19
f 26 29 18
f 18 30 21
f 18 29 30
f 21 31 22
f 21 30 31
f 33 23 32
f 23 31 32
f 23 22 31
f 23 33 24
f 24 33 34
f 24 34 25
f 27 35 26
f 26 35 29
f 29 35 36
f 29 36 30
f 30 36 37
f 30 37 31
f 31 37 38
f 31 38 32
f 41 40 39
f 39 42 41
f 39 40 43
f 43 40 44
f 42 39 45
f 45 39 43
f 44 46 43
f 43 46 45
f 49 48 47
f 47 50 49
f 53 52 51
f 55 54 51
f 51 54 53
f 57 56 55
f 55 56 54
f 59 58 57
f 57 58 56
f 61 60 59
f 59 60 58
f 63 62 61
f 61 62 60
f 63 64 62
f 67 66 65
f 69 68 65
f 65 68 67
f 71 70 69
f 69 70 68
f 71 72 70
f 48 73 47
f 47 73 50
f 52 74 51
f 76 75 74
f 75 51 74
f 75 55 51
f 55 77 57
f 55 75 77
f 57 78 59
f 57 77 78
f 59 79 61
f 59 78 79
f 61 80 63
f 61 79 80
f 64 63 81
f 63 82 81
f 63 80 82
f 84 83 82
f 82 83 81
f 83 84 66
f 84 65 66
f 84 85 65
f 65 86 69
f 65 85 86
f 69 87 71
f 69 86 87
f 72 71 88
f 71 89 88
f 71 87 89
f 89 90 88
f 93 92 91
f 95 94 91
f 91 94 93
f 94 95 76
f 95 75 76
f 95 96 75
f 75 97 77
f 75 96 97
f 77 98 78
f 77 97 98
f 78 99 79
f 78 98 99
f 99 2 3
f 80 99 3
f 79 99 80
f 80 3 4
f 80 4 82
f 82 4 6
f 82 6 84
f 84 6 8
f 100 84 8
f 85 84 100
f 85 101 86
f 85 100 101
f 86 102 87
f 86 101 102
f 87 103 89
f 87 102 103
f 90 89 104
f 104 89 103
f 91 92 105
f 105 92 106
f 91 107 95
f 91 105 107
f 95 108 96
f 95 107 108
f 96 109 97
f 96 108 109
f 109 10 11
f 98 109 11
f 97 109 98
f 98 11 12
f 98 12 99
f 99 12 2
f 16 110 17
f 100 8 17
f 110 100 17
f 111 100 110
f 100 112 101
f 100 111 112
f 101 113 102
f 101 112 113
f 102 114 103
f 102 113 114
f 104 103 115
f 115 103 114
f 118 117 116
f 118 116 106
f 116 105 106
f 116 119 105
f 105 120 107
f 105 119 120
f 107 121 108
f 107 120 121
f 121 19 20
f 109 121 20
f 108 121 109
f 109 20 10
f 25 122 110
f 25 110 16
f 110 123 111
f 110 122 123
f 111 124 112
f 111 123 124
f 112 125 113
f 112 124 125
f 113 126 114
f 113 125 126
f 115 114 127
f 127 114 126
f 116 117 128
f 128 117 129
f 116 130 119
f 116 128 130
f 119 131 120
f 119 130 131
f 131 27 28
f 121 131 28
f 120 131 121
f 121 28 19
f 32 132 33
f 133 34 33
f 133 33 132
f 122 25 34
f 133 122 34
f 134 122 133
f 122 135 123
f 122 134 135
f 123 136 124
f 123 135 136
f 124 137 125
f 124 136 137
f 125 138 126
f 125 137 138
f 127 126 139
f 126 140 139
f 126 138 140
f 140 141 139
f 128 129 142
f 142 129 143
f 128 144 130
f 128 142 144
f 130 145 131
f 130 144 145
f 146 35 27
f 131 146 27
f 145 146 131
f 147 36 35
f 147 35 146
f 148 37 36
f 148 36 147
f 149 38 37
f 149 37 148
f 132 32 38
f 149 132 38
f 150 132 149
f 132 151 133
f 132 150 151
f 133 152 134
f 133 151 152
f 134 153 135
f 134 152 153
f 135 154 136
f 135 153 154
f 136 155 137
f 136 154 155
f 137 156 138
f 137 155 156
f 138 157 140
f 138 156 157
f 141 140 158
f 158 140 157
f 142 143 159
f 159 143 160
f 142 161 144
f 142 159 161
f 144 162 145
f 144 161 162
f 145 163 146
f 145 162 163
f 146 164 147
f 146 163 164
f 147 165 148
f 147 164 165
f 148 166 149
f 148 165 166
f 149 167 150
f 149 166 167
f 150 168 151
f 150 167 168
f 151 169 152
f 151 168 169
f 152 170 153
f 152 169 170
f 153 171 154
f 153 170 171
f 154 172 155
f 154 171 172
f 155 173 156
f 155 172 173
f 175 157 174
f 157 173 174
f 157 156 173
f 157 175 158
f 178 177 176
f 179 159 160
f 176 180 178
f 182 181 179
f 181 159 179
f 181 161 159
f 161 183 162
f 161 181 183
f 162 184 163
f 162 183 184
f 163 185 164
f 163 184 185
f 164 186 165
f 164 185 186
f 165 187 166
f 165 186 187
f 166 188 167
f 166 187 188
f 167 189 168
f 167 188 189
f 168 190 169
f 168 189 190
f 169 191 170
f 169 190 191
f 170 192 171
f 170 191 192
f 171 193 172
f 171 192 193
f 172 194 173
f 172 193 194
f 174 173 195
f 195 173 194
f 177 196 176
f 199 198 197
f 176 196 180
f 201 200 198
f 200 181 198
f 182 197 198
f 182 198 181
f 203 202 200
f 202 181 200
f 202 183 181
f 183 204 184
f 183 202 204
f 184 205 185
f 184 204 205
f 185 206 186
f 185 205 206
f 186 207 187
f 186 206 207
f 187 208 188
f 187 207 208
f 208 40 41
f 189 208 41
f 188 208 189
f 189 41 42
f 209 189 42
f 190 189 209
f 190 210 191
f 190 209 210
f 191 211 192
f 191 210 211
f 192 212 193
f 192 211 212
f 214 194 213
f 194 212 213
f 194 193 212
f 194 214 195
f 198 199 215
f 215 199 216
f 201 198 217
f 217 198 215
f 203 218 202
f 202 218 204
f 204 218 219
f 221 220 219
f 220 204 219
f 220 205 204
f 205 222 206
f 205 220 222
f 206 223 207
f 206 222 223
f 207 224 208
f 207 223 224
f 224 44 40
f 224 40 208
f 45 225 209
f 45 209 42
f 209 226 210
f 209 225 226
f 210 227 211
f 210 226 227
f 211 228 212
f 211 227 228
f 213 212 229
f 229 212 228
f 216 230 215
f 215 230 217
f 220 221 231
f 231 221 232
f 234 222 233
f 222 231 233
f 222 220 231
f 236 235 234
f 235 222 234
f 235 223 222
f 223 237 224
f 223 235 237
f 238 46 44
f 224 238 44
f 237 238 224
f 225 45 46
f 238 225 46
f 239 225 238
f 225 240 226
f 225 239 240
f 226 241 227
f 226 240 241
f 243 228 242
f 228 241 242
f 228 227 241
f 228 243 229
f 232 244 231
f 231 244 233
f 235 236 245
f 245 236 246
f 235 247 237
f 235 245 247
f 237 248 238
f 237 247 248
f 238 249 239
f 238 248 249
f 239 250 240
f 239 249 250
f 252 241 251
f 241 250 251
f 241 240 250
f 241 252 242
f 246 253 245
f 245 253 247
f 247 253 254
f 256 255 254
f 255 247 254
f 255 248 247
f 258 249 257
f 249 255 257
f 249 248 255
f 249 258 250
f 250 258 259
f 250 259 251
f 256 260 255
f 255 260 257
f 263 262 261
f 261 264 263
f 267 266 265
f 269 268 265
f 265 268 267
f 271 270 269
f 269 270 268
f 273 272 271
f 271 272 270
f 273 274 272
f 277 276 275
f 277 275 262
f 275 261 262
f 275 278 261
f 264 261 279
f 261 280 279
f 261 278 280
f 279 280 266
f 280 265 266
f 280 281 265
f 265 282 269
f 265 281 282
f 269 283 271
f 269 282 283
f 271 284 273
f 271 283 284
f 274 273 285
f 273 286 285
f 273 284 286
f 286 287 285
f 290 289 288
f 292 291 288
f 288 291 290
f 294 293 292
f 292 293 291
f 293 294 276
f 294 275 276
f 294 295 275
f 275 296 278
f 275 295 296
f 278 297 280
f 278 296 297
f 280 298 281
f 280 297 298
f 281 299 282
f 281 298 299
f 282 300 283
f 282 299 300
f 283 301 284
f 283 300 301
f 284 302 286
f 284 301 302
f 287 286 303
f 286 304 303
f 286 302 304
f 304 305 303
f 308 307 306
f 308 306 289
f 306 288 289
f 306 309 288
f 288 310 292
f 288 309 310
f 292 311 294
f 292 310 311
f 294 312 295
f 294 311 312
f 295 313 296
f 295 312 313
f 296 314 297
f 296 313 314
f 297 315 298
f 297 314 315
f 298 316 299
f 298 315 316
f 299 317 300
f 299 316 317
f 300 318 301
f 300 317 318
f 301 319 302
f 301 318 319
f 302 320 304
f 302 319 320
f 305 304 321
f 321 304 320
f 323 322 49
f 49 322 48
f 325 324 50
f 324 49 50
f 324 323 49
f 324 325 307
f 307 325 306
f 325 52 306
f 52 53 306
f 306 53 54
f 306 54 309
f 309 54 56
f 309 56 310
f 310 56 58
f 310 58 311
f 311 58 60
f 311 60 312
f 312 60 62
f 312 62 313
f 313 62 64
f 326 313 64
f 314 313 326
f 314 327 315
f 314 326 327
f 327 66 67
f 316 327 67
f 315 327 316
f 316 67 68
f 316 68 317
f 317 68 70
f 317 70 318
f 318 70 72
f 328 318 72
f 319 318 328
f 319 329 320
f 319 328 329
f 321 320 330
f 320 331 330
f 320 329 331
f 331 332 330
f 335 334 333
f 333 336 73
f 322 333 73
f 48 322 73
f 333 322 335
f 325 50 73
f 336 325 73
f 337 325 336
f 338 74 52
f 325 338 52
f 337 338 325
f 338 76 74
f 81 326 64
f 326 81 83
f 326 83 327
f 327 83 66
f 88 328 72
f 328 88 90
f 339 328 90
f 329 328 339
f 329 340 331
f 329 339 340
f 332 331 341
f 331 342 341
f 331 340 342
f 342 343 341
f 346 345 344
f 346 344 334
f 344 333 334
f 344 347 333
f 333 348 336
f 333 347 348
f 348 92 93
f 337 348 93
f 336 348 337
f 337 93 94
f 337 94 338
f 338 94 76
f 104 349 339
f 104 339 90
f 339 350 340
f 339 349 350
f 352 342 351
f 342 350 351
f 342 340 350
f 342 352 343
f 355 354 353
f 353 356 355
f 344 345 357
f 357 345 358
f 344 359 347
f 344 357 359
f 347 360 348
f 347 359 360
f 360 106 92
f 360 92 348
f 115 361 349
f 115 349 104
f 349 362 350
f 349 361 362
f 351 350 363
f 363 350 362
f 353 354 364
f 364 354 365
f 356 353 366
f 353 367 366
f 353 364 367
f 366 367 358
f 367 357 358
f 367 368 357
f 357 369 359
f 357 368 369
f 369 117 118
f 360 369 118
f 359 369 360
f 360 118 106
f 127 370 361
f 127 361 115
f 361 371 362
f 361 370 371
f 363 362 372
f 362 373 372
f 362 371 373
f 373 374 372
f 364 365 375
f 375 365 376
f 364 377 367
f 364 375 377
f 367 378 368
f 367 377 378
f 368 379 369
f 368 378 379
f 379 129 117
f 379 117 369
f 139 370 127
f 370 139 141
f 380 370 141
f 371 370 380
f 382 373 381
f 373 380 381
f 373 371 380
f 373 382 374
f 376 383 375
f 385 384 383
f 384 375 383
f 384 377 375
f 377 386 378
f 377 384 386
f 378 387 379
f 378 386 387
f 387 143 129
f 387 129 379
f 158 388 380
f 158 380 141
f 381 380 389
f 389 380 388
f 384 385 390
f 390 385 391
f 384 392 386
f 384 390 392
f 386 393 387
f 386 392 393
f 393 160 143
f 393 143 387
f 174 394 175
f 394 395 175
f 175 395 158
f 395 396 158
f 396 388 158
f 388 396 389
f 390 391 397
f 397 391 398
f 390 399 392
f 390 397 399
f 399 177 178
f 393 399 178
f 392 399 393
f 400 178 180
f 400 393 178
f 400 179 160
f 393 400 160
f 400 182 179
f 195 401 394
f 195 394 174
f 395 394 402
f 402 394 401
f 398 403 397
f 405 404 403
f 404 397 403
f 404 399 397
f 406 196 177
f 399 406 177
f 404 406 399
f 406 180 196
f 406 400 180
f 406 199 197
f 400 406 197
f 182 400 197
f 200 201 407
f 407 203 200
f 213 408 214
f 401 195 214
f 408 401 214
f 409 401 408
f 402 401 410
f 410 401 409
f 405 411 404
f 413 412 411
f 412 404 411
f 412 406 404
f 412 216 199
f 412 199 406
f 217 414 407
f 217 407 201
f 415 218 203
f 407 415 203
f 414 415 407
f 416 219 218
f 416 218 415
f 416 221 219
f 229 417 408
f 229 408 213
f 419 409 418
f 409 417 418
f 409 408 417
f 409 419 410
f 413 420 412
f 420 422 421
f 420 421 230
f 412 420 230
f 216 412 230
f 414 217 230
f 421 414 230
f 423 414 421
f 414 424 415
f 414 423 424
f 415 425 416
f 415 424 425
f 425 232 221
f 425 221 416
f 233 426 234
f 426 236 234
f 242 427 243
f 427 428 243
f 243 428 229
f 428 429 229
f 429 417 229
f 417 429 418
f 421 422 430
f 430 422 431
f 421 432 423
f 421 430 432
f 423 433 424
f 423 432 433
f 424 434 425
f 424 433 434
f 435 244 232
f 425 435 232
f 434 435 425
f 426 233 244
f 435 426 244
f 436 426 435
f 436 246 236
f 436 236 426
f 251 437 252
f 437 438 252
f 252 438 242
f 438 439 242
f 439 427 242
f 427 439 428
f 431 440 430
f 442 441 440
f 441 430 440
f 441 432 430
f 432 443 433
f 432 441 443
f 433 444 434
f 433 443 444
f 446 435 445
f 435 444 445
f 435 434 444
f 448 447 446
f 447 435 446
f 447 436 435
f 449 253 246
f 436 449 246
f 447 449 436
f 450 254 253
f 450 253 449
f 450 256 254
f 257 451 258
f 452 259 258
f 452 258 451
f 437 251 259
f 452 437 259
f 453 437 452
f 438 437 454
f 454 437 453
f 442 455 441
f 457 456 455
f 456 441 455
f 456 443 441
f 443 458 444
f 443 456 458
f 445 444 459
f 444 460 459
f 444 458 460
f 462 461 460
f 461 447 460
f 448 459 460
f 448 460 447
f 464 463 461
f 463 447 461
f 463 449 447
f 449 465 450
f 449 463 465
f 466 260 256
f 450 466 256
f 465 466 450
f 451 257 260
f 466 451 260
f 467 451 466
f 451 468 452
f 451 467 468
f 470 453 469
f 453 468 469
f 453 452 468
f 453 470 454
f 457 471 456
f 456 471 458
f 458 471 472
f 458 472 460
f 460 472 473
f 460 473 462
f 464 474 463
f 463 474 465
f 465 474 475
f 465 475 466
f 466 475 476
f 466 476 467
f 467 476 477
f 467 477 468
f 468 477 478
f 468 478 469
f 481 480 479
f 483 482 479
f 479 482 481
f 485 484 483
f 483 484 482
f 485 486 484
f 489 488 487
f 491 490 487
f 487 490 489
f 493 492 491
f 491 492 490
f 495 494 493
f 493 494 492
f 494 495 480
f 495 479 480
f 495 496 479
f 479 497 483
f 479 496 497
f 483 498 485
f 483 497 498
f 486 485 499
f 485 500 499
f 485 498 500
f 502 501 500
f 500 501 499
f 502 503 501
f 506 505 504
f 508 507 504
f 504 507 506
f 507 508 488
f 508 487 488
f 508 509 487
f 509 262 263
f 491 509 263
f 487 509 491
f 491 263 264
f 510 491 264
f 493 491 510
f 510 266 267
f 495 510 267
f 493 510 495
f 495 267 268
f 495 268 496
f 496 268 270
f 496 270 497
f 497 270 272
f 497 272 498
f 498 272 274
f 511 498 274
f 500 498 511
f 500 512 502
f 500 511 512
f 503 502 513
f 513 502 512
f 516 515 514
f 518 517 514
f 514 517 516
f 517 518 505
f 518 504 505
f 518 519 504
f 504 520 508
f 504 519 520
f 520 276 277
f 509 520 277
f 508 520 509
f 509 277 262
f 279 510 264
f 510 279 266
f 285 511 274
f 511 285 287
f 521 511 287
f 512 511 521
f 513 512 522
f 522 512 521
f 525 524 523
f 527 526 523
f 523 526 525
f 526 527 515
f 527 514 515
f 527 528 514
f 528 289 290
f 518 528 290
f 514 528 518
f 518 290 291
f 518 291 519
f 519 291 293
f 519 293 520
f 520 293 276
f 303 521 287
f 530 529 305
f 305 529 303
f 529 522 303
f 522 521 303
f 530 531 529
f 534 533 532
f 536 535 532
f 532 535 534
f 535 536 524
f 536 523 524
f 536 537 523
f 523 538 527
f 523 537 538
f 538 307 308
f 528 538 308
f 527 538 528
f 528 308 289
f 321 539 530
f 321 530 305
f 531 530 540
f 540 530 539
f 543 542 541
f 541 544 543
f 547 546 545
f 547 545 533
f 545 532 533
f 545 548 532
f 532 549 536
f 532 548 549
f 549 322 323
f 537 549 323
f 536 549 537
f 537 323 324
f 537 324 538
f 538 324 307
f 330 539 321
f 551 550 332
f 332 550 330
f 550 540 330
f 540 539 330
f 551 552 550
f 541 542 553
f 553 542 554
f 544 541 555
f 541 556 555
f 541 553 556
f 558 557 556
f 556 557 555
f 557 558 546
f 558 545 546
f 558 559 545
f 545 560 548
f 545 559 560
f 560 334 335
f 549 560 335
f 548 560 549
f 549 335 322
f 341 551 332
f 341 343 551
f 343 552 551
f 343 561 552
f 553 554 562
f 562 554 563
f 553 564 556
f 553 562 564
f 556 565 558
f 556 564 565
f 558 566 559
f 558 565 566
f 566 345 346
f 560 566 346
f 559 566 560
f 560 346 334
f 351 567 352
f 561 343 568
f 343 567 568
f 567 569 568
f 343 352 567
f 569 570 568
f 563 571 562
f 573 572 571
f 572 562 571
f 572 564 562
f 572 354 355
f 565 572 355
f 564 572 565
f 565 355 356
f 574 565 356
f 566 565 574
f 574 358 345
f 574 345 566
f 363 575 567
f 363 567 351
f 567 576 569
f 567 575 576
f 570 569 577
f 577 569 576
f 572 573 578
f 578 573 579
f 578 365 354
f 578 354 572
f 366 574 356
f 574 366 358
f 372 575 363
f 575 372 374
f 580 575 374
f 576 575 580
f 577 576 581
f 581 576 580
f 578 579 582
f 582 579 583
f 582 376 365
f 582 365 578
f 381 584 382
f 580 374 382
f 584 580 382
f 585 580 584
f 581 580 586
f 586 580 585
f 582 583 587
f 587 583 588
f 589 383 376
f 582 589 376
f 587 589 582
f 589 385 383
f 389 590 584
f 389 584 381
f 592 585 591
f 585 590 591
f 585 584 590
f 585 592 586
f 587 588 593
f 593 588 594
f 587 595 589
f 587 593 595
f 595 391 385
f 595 385 589
f 395 596 396
f 596 597 396
f 396 597 389
f 597 598 389
f 598 590 389
f 590 598 591
f 594 599 593
f 601 600 599
f 600 593 599
f 600 595 593
f 600 398 391
f 600 391 595
f 402 602 596
f 402 596 395
f 597 596 603
f 603 596 602
f 600 601 604
f 604 601 605
f 606 403 398
f 600 606 398
f 604 606 600
f 606 405 403
f 410 607 602
f 410 602 402
f 603 602 608
f 608 602 607
f 605 609 604
f 611 610 609
f 610 604 609
f 610 606 604
f 612 411 405
f 606 612 405
f 610 612 606
f 612 413 411
f 418 613 419
f 607 410 419
f 613 607 419
f 614 607 613
f 608 607 615
f 615 607 614
f 611 616 610
f 618 617 616
f 617 610 616
f 617 612 610
f 619 420 413
f 612 619 413
f 617 619 612
f 619 422 420
f 428 620 429
f 613 418 429
f 620 613 429
f 621 613 620
f 613 622 614
f 613 621 622
f 615 614 623
f 623 614 622
f 618 624 617
f 626 625 624
f 625 617 624
f 625 619 617
f 625 431 422
f 625 422 619
f 438 627 439
f 620 428 439
f 627 620 439
f 628 620 627
f 630 621 629
f 621 628 629
f 621 620 628
f 621 630 622
f 622 630 631
f 622 631 623
f 626 632 625
f 632 634 633
f 632 633 440
f 625 632 440
f 431 625 440
f 633 442 440
f 445 635 446
f 635 448 446
f 454 636 627
f 454 627 438
f 627 637 628
f 627 636 637
f 629 628 638
f 638 628 637
f 634 639 633
f 639 641 640
f 639 640 455
f 633 639 455
f 442 633 455
f 640 457 455
f 459 635 445
f 448 635 459
f 461 462 642
f 642 464 461
f 469 643 470
f 643 644 470
f 470 644 454
f 644 645 454
f 645 636 454
f 636 645 637
f 637 645 646
f 637 646 638
f 641 647 640
f 647 649 648
f 647 648 471
f 640 647 471
f 457 640 471
f 650 472 471
f 650 471 648
f 651 473 472
f 651 472 650
f 642 462 473
f 651 642 473
f 652 642 651
f 653 474 464
f 642 653 464
f 652 653 642
f 654 475 474
f 654 474 653
f 655 476 475
f 655 475 654
f 656 477 476
f 656 476 655
f 657 478 477
f 657 477 656
f 657 658 478
f 478 658 469
f 658 659 469
f 659 643 469
f 643 659 644
f 649 660 648
f 648 660 650
f 650 660 661
f 663 662 661
f 662 650 661
f 662 651 650
f 651 664 652
f 651 662 664
f 652 665 653
f 652 664 665
f 667 654 666
f 654 665 666
f 654 653 665
f 654 667 655
f 655 667 668
f 655 668 656
f 656 668 669
f 656 669 657
f 657 669 670
f 657 670 658
f 663 671 662
f 662 671 664
f 664 671 672
f 674 673 672
f 673 664 672
f 673 665 664
f 666 665 675
f 675 665 673
f 674 676 673
f 673 676 675
f 679 678 677
f 681 680 677
f 677 680 679
f 681 682 680
f 685 684 683
f 687 686 683
f 683 686 685
f 689 688 687
f 687 688 686
f 691 690 689
f 689 690 688
f 693 692 691
f 691 692 690
f 692 693 678
f 678 693 677
f 693 480 677
f 480 481 677
f 677 481 482
f 677 482 681
f 694 682 681
f 482 694 681
f 484 694 482
f 696 695 486
f 695 484 486
f 695 694 484
f 698 697 696
f 696 697 695
f 698 699 697
f 702 701 700
f 704 703 700
f 700 703 702
f 703 704 684
f 704 683 684
f 704 705 683
f 705 488 489
f 687 705 489
f 683 705 687
f 687 489 490
f 687 490 689
f 689 490 492
f 689 492 691
f 691 492 494
f 691 494 693
f 693 494 480
f 499 696 486
f 696 499 501
f 696 501 698
f 707 706 503
f 503 706 501
f 706 699 501
f 699 698 501
f 707 708 706
f 711 710 709
f 711 709 701
f 709 700 701
f 709 712 700
f 712 505 506
f 704 712 506
f 700 712 704
f 704 506 507
f 704 507 705
f 705 507 488
f 513 713 707
f 513 707 503
f 708 707 714
f 707 715 714
f 707 713 715
f 715 716 714
f 719 718 717
f 721 720 717
f 717 720 719
f 720 721 710
f 710 721 709
f 721 515 709
f 515 516 709
f 709 516 517
f 709 517 712
f 712 517 505
f 522 722 713
f 522 713 513
f 713 723 715
f 713 722 723
f 716 715 724
f 724 715 723
f 727 726 725
f 729 728 725
f 725 728 727
f 729 730 728
f 733 732 731
f 735 734 731
f 731 734 733
f 737 736 735
f 735 736 734
f 736 737 718
f 718 737 717
f 737 524 717
f 524 525 717
f 717 525 526
f 717 526 721
f 721 526 515
f 529 722 522
f 722 529 531
f 738 722 531
f 723 722 738
f 724 723 739
f 739 723 738
f 742 741 740
f 742 740 726
f 740 725 726
f 740 743 725
f 725 744 729
f 725 743 744
f 730 729 745
f 729 746 745
f 729 744 746
f 748 747 746
f 746 747 745
f 747 748 732
f 748 731 732
f 748 749 731
f 749 533 534
f 735 749 534
f 731 749 735
f 735 534 535
f 735 535 737
f 737 535 524
f 540 750 738
f 540 738 531
f 739 738 751
f 751 738 750
f 740 741 752
f 752 741 753
f 740 754 743
f 740 752 754
f 754 542 543
f 744 754 543
f 743 754 744
f 744 543 544
f 755 744 544
f 746 744 755
f 746 756 748
f 746 755 756
f 756 546 547
f 749 756 547
f 748 756 749
f 749 547 533
f 550 750 540
f 758 757 552
f 552 757 550
f 757 751 550
f 751 750 550
f 758 759 757
f 752 753 760
f 760 753 761
f 752 762 754
f 752 760 762
f 762 554 542
f 762 542 754
f 555 755 544
f 755 555 557
f 755 557 756
f 756 557 546
f 561 763 758
f 561 758 552
f 759 758 764
f 764 758 763
f 760 761 765
f 765 761 766
f 760 767 762
f 760 765 767
f 767 563 554
f 767 554 762
f 568 763 561
f 568 570 763
f 570 764 763
f 570 768 764
f 765 766 769
f 769 766 770
f 765 771 767
f 765 769 771
f 772 571 563
f 767 772 563
f 771 772 767
f 772 573 571
f 577 774 773
f 768 577 773
f 570 577 768
f 774 775 773
f 770 776 769
f 778 777 776
f 777 769 776
f 777 771 769
f 771 779 772
f 771 777 779
f 779 579 573
f 779 573 772
f 581 780 774
f 581 774 577
f 775 774 781
f 781 774 780
f 778 782 777
f 784 783 782
f 783 777 782
f 783 779 777
f 783 583 579
f 783 579 779
f 586 785 780
f 586 780 581
f 781 780 786
f 786 780 785
f 783 784 787
f 787 784 788
f 787 588 583
f 787 583 783
f 591 789 592
f 785 586 592
f 789 785 592
f 790 785 789
f 786 785 791
f 791 785 790
f 787 788 792
f 792 788 793
f 792 594 588
f 792 588 787
f 597 794 598
f 789 591 598
f 794 789 598
f 795 789 794
f 797 790 796
f 790 795 796
f 790 789 795
f 790 797 791
f 792 793 798
f 798 793 799
f 800 599 594
f 792 800 594
f 798 800 792
f 800 601 599
f 603 801 794
f 603 794 597
f 794 802 795
f 794 801 802
f 796 795 803
f 803 795 802
f 799 804 798
f 806 805 804
f 805 798 804
f 805 800 798
f 805 605 601
f 805 601 800
f 608 807 801
f 608 801 603
f 809 802 808
f 802 807 808
f 802 801 807
f 802 809 803
f 805 806 810
f 810 806 811
f 812 609 605
f 805 812 605
f 810 812 805
f 812 611 609
f 615 813 807
f 615 807 608
f 808 807 814
f 807 815 814
f 807 813 815
f 815 816 814
f 811 817 810
f 819 818 817
f 818 810 817
f 818 812 810
f 820 616 611
f 812 820 611
f 818 820 812
f 820 618 616
f 822 821 813
f 615 822 813
f 623 822 615
f 813 821 815
f 815 821 823
f 815 823 816
f 819 824 818
f 826 825 824
f 825 818 824
f 825 820 818
f 827 624 618
f 820 827 618
f 825 827 820
f 827 626 624
f 629 828 630
f 829 631 630
f 829 630 828
f 829 830 631
f 830 623 631
f 830 822 623
f 826 831 825
f 833 832 831
f 832 825 831
f 832 827 825
f 834 632 626
f 827 834 626
f 832 834 827
f 834 634 632
f 638 835 828
f 638 828 629
f 828 836 829
f 828 835 836
f 830 829 837
f 837 829 836
f 833 838 832
f 840 839 838
f 839 832 838
f 839 834 832
f 841 639 634
f 834 841 634
f 839 841 834
f 841 641 639
f 644 842 645
f 843 646 645
f 843 645 842
f 843 844 646
f 646 844 638
f 844 845 638
f 845 835 638
f 835 845 836
f 836 845 846
f 836 846 837
f 840 847 839
f 849 848 847
f 848 839 847
f 848 841 839
f 850 647 641
f 841 850 641
f 848 850 841
f 850 649 647
f 658 851 659
f 851 852 659
f 659 852 644
f 852 853 644
f 853 842 644
f 842 853 843
f 843 853 854
f 843 854 844
f 849 855 848
f 857 856 855
f 856 848 855
f 856 850 848
f 858 660 649
f 850 858 649
f 856 858 850
f 859 661 660
f 859 660 858
f 859 663 661
f 666 860 667
f 861 668 667
f 861 667 860
f 862 669 668
f 862 668 861
f 863 670 669
f 863 669 862
f 863 864 670
f 670 864 658
f 864 865 658
f 865 851 658
f 851 865 852
f 857 866 856
f 868 867 866
f 867 856 866
f 867 858 856
f 870 859 869
f 859 867 869
f 859 858 867
f 870 872 871
f 870 871 671
f 859 870 671
f 663 859 671
f 873 672 671
f 873 671 871
f 873 674 672
f 675 874 860
f 675 860 666
f 876 861 875
f 861 874 875
f 861 860 874
f 878 877 876
f 877 861 876
f 877 862 861
f 880 863 879
f 863 877 879
f 863 862 877
f 863 880 864
f 868 881 867
f 867 881 869
f 872 882 871
f 871 882 873
f 873 882 883
f 873 883 674
f 883 676 674
f 883 884 676
f 675 676 874
f 676 885 874
f 676 884 885
f 874 885 875
f 878 886 877
f 877 886 879
f 889 888 887
f 891 890 887
f 887 890 889
f 891 892 890
f 895 894 893
f 897 896 893
f 893 896 895
f 899 898 897
f 897 898 896
f 901 900 899
f 899 900 898
f 900 901 888
f 901 887 888
f 901 902 887
f 902 678 679
f 891 902 679
f 887 902 891
f 903 892 891
f 679 903 891
f 680 903 679
f 905 904 682
f 904 680 682
f 904 903 680
f 907 906 905
f 905 906 904
f 907 908 906
f 911 910 909
f 913 912 909
f 909 912 911
f 915 914 913
f 913 914 912
f 914 915 894
f 894 915 893
f 915 684 893
f 684 685 893
f 893 685 686
f 893 686 897
f 897 686 688
f 897 688 899
f 899 688 690
f 899 690 901
f 901 690 692
f 901 692 902
f 902 692 678
f 694 905 682
f 905 694 695
f 905 695 907
f 916 908 907
f 695 916 907
f 697 916 695
f 918 917 699
f 917 697 699
f 917 916 697
f 918 919 917
f 922 921 920
f 922 920 910
f 920 909 910
f 920 923 909
f 923 701 702
f 913 923 702
f 909 923 913
f 913 702 703
f 913 703 915
f 915 703 684
f 706 918 699
f 925 924 708
f 708 924 706
f 924 919 706
f 919 918 706
f 925 926 924
f 929 928 927
f 927 930 929
f 933 932 931
f 935 934 931
f 931 934 933
f 937 936 935
f 935 936 934
f 936 937 921
f 937 920 921
f 937 938 920
f 938 710 711
f 923 938 711
f 920 938 923
f 923 711 701
f 714 925 708
f 714 716 925
f 716 926 925
f 716 939 926
f 942 941 940
f 942 940 928
f 940 927 928
f 940 943 927
f 930 927 944
f 944 927 943
f 947 946 945
f 949 948 945
f 945 948 947
f 948 949 932
f 949 931 932
f 949 950 931
f 931 951 935
f 931 950 951
f 951 718 719
f 937 951 719
f 935 951 937
f 937 719 720
f 937 720 938
f 938 720 710
f 724 953 952
f 939 724 952
f 716 724 939
f 953 954 952
f 957 956 955
f 957 955 941
f 955 940 941
f 955 958 940
f 958 726 727
f 943 958 727
f 940 958 943
f 959 944 943
f 727 959 943
f 728 959 727
f 961 960 730
f 960 728 730
f 960 959 728
f 960 961 946
f 961 945 946
f 961 962 945
f 962 732 733
f 949 962 733
f 945 962 949
f 949 733 734
f 949 734 950
f 950 734 736
f 950 736 951
f 951 736 718
f 739 963 953
f 739 953 724
f 954 953 964
f 964 953 963
f 955 956 965
f 965 956 966
f 965 741 742
f 958 965 742
f 955 965 958
f 958 742 726
f 745 961 730
f 961 745 747
f 961 747 962
f 962 747 732
f 751 967 963
f 751 963 739
f 964 963 968
f 968 963 967
f 971 970 969
f 971 969 966
f 969 965 966
f 969 972 965
f 972 753 741
f 972 741 965
f 757 967 751
f 974 973 759
f 759 973 757
f 973 968 757
f 968 967 757
f 974 975 973
f 970 976 969
f 978 977 976
f 977 969 976
f 977 972 969
f 977 761 753
f 977 753 972
f 764 979 974
f 764 974 759
f 975 974 980
f 980 974 979
f 983 982 981
f 983 981 978
f 981 977 978
f 981 984 977
f 984 766 761
f 984 761 977
f 768 985 979
f 768 979 764
f 980 979 986
f 986 979 985
f 982 987 981
f 989 988 987
f 988 981 987
f 988 984 981
f 988 770 766
f 988 766 984
f 773 985 768
f 773 775 985
f 775 986 985
f 775 990 986
f 988 989 991
f 991 989 992
f 993 776 770
f 988 993 770
f 991 993 988
f 993 778 776
f 781 995 994
f 990 781 994
f 775 781 990
f 995 996 994
f 992 997 991
f 999 998 997
f 998 991 997
f 998 993 991
f 1000 782 778
f 993 1000 778
f 998 1000 993
f 1000 784 782
f 786 1001 995
f 786 995 781
f 996 995 1002
f 1002 995 1001
f 998 999 1003
f 1003 999 1004
f 998 1005 1000
f 998 1003 1005
f 1005 788 784
f 1005 784 1000
f 1007 1006 1001
f 786 1007 1001
f 791 1007 786
f 1001 1006 1002
f 1004 1008 1003
f 1010 1009 1008
f 1009 1003 1008
f 1009 1005 1003
f 1009 793 788
f 1009 788 1005
f 796 1011 797
f 1011 1012 797
f 1012 791 797
f 1012 1007 791
f 1009 1010 1013
f 1013 1010 1014
f 1013 799 793
f 1013 793 1009
f 803 1015 1011
f 803 1011 796
f 1012 1011 1016
f 1016 1011 1015
f 1014 1017 1013
f 1017 1019 1018
f 1017 1018 804
f 1013 1017 804
f 799 1013 804
f 1018 806 804
f 808 1020 809
f 1015 803 809
f 1020 1015 809
f 1021 1015 1020
f 1016 1015 1022
f 1022 1015 1021
f 1018 1019 1023
f 1023 1019 1024
f 1023 811 806
f 1023 806 1018
f 814 1020 808
f 1021 1020 1025
f 1020 816 1025
f 816 1026 1025
f 816 1020 814
f 1021 1025 1022
f 1023 1024 1027
f 1027 1024 1028
f 1029 817 811
f 1023 1029 811
f 1027 1029 1023
f 1029 819 817
f 822 1030 821
f 1031 823 821
f 1031 821 1030
f 1031 1032 823
f 1032 816 823
f 1032 1026 816
f 1028 1033 1027
f 1035 1034 1033
f 1034 1027 1033
f 1034 1029 1027
f 1036 824 819
f 1029 1036 819
f 1034 1036 1029
f 1036 826 824
f 830 1037 1030
f 830 1030 822
f 1030 1038 1031
f 1030 1037 1038
f 1032 1031 1039
f 1039 1031 1038
f 1034 1035 1040
f 1040 1035 1041
f 1034 1042 1036
f 1034 1040 1042
f 1043 831 826
f 1036 1043 826
f 1042 1043 1036
f 1043 833 831
f 1045 1044 1037
f 830 1045 1037
f 837 1045 830
f 1037 1044 1038
f 1038 1044 1046
f 1038 1046 1039
f 1041 1047 1040
f 1049 1048 1047
f 1048 1040 1047
f 1048 1042 1040
f 1042 1050 1043
f 1042 1048 1050
f 1051 838 833
f 1043 1051 833
f 1050 1051 1043
f 1051 840 838
f 844 1052 845
f 1053 846 845
f 1053 845 1052
f 1053 1054 846
f 1054 837 846
f 1054 1045 837
f 1049 1055 1048
f 1057 1056 1055
f 1056 1048 1055
f 1056 1050 1048
f 1050 1058 1051
f 1050 1056 1058
f 1059 847 840
f 1051 1059 840
f 1058 1059 1051
f 1059 849 847
f 852 1060 853
f 1061 854 853
f 1061 853 1060
f 1052 844 854
f 1061 1052 854
f 1062 1052 1061
f 1064 1053 1063
f 1053 1062 1063
f 1053 1052 1062
f 1053 1064 1054
f 1057 1065 1056
f 1067 1066 1065
f 1066 1056 1065
f 1066 1058 1056
f 1058 1068 1059
f 1058 1066 1068
f 1069 855 849
f 1059 1069 849
f 1068 1069 1059
f 1069 857 855
f 864 1070 865
f 1060 852 865
f 1070 1060 865
f 1071 1060 1070
f 1060 1072 1061
f 1060 1071 1072
f 1074 1062 1073
f 1062 1072 1073
f 1062 1061 1072
f 1062 1074 1063
f 1067 1075 1066
f 1066 1075 1068
f 1068 1075 1076
f 1068 1076 1069
f 1069 1076 1077
f 1077 1079 1078
f 1077 1078 866
f 1069 1077 866
f 857 1069 866
f 1078 868 866
f 869 1080 870
f 1080 872 870
f 875 1081 876
f 1081 878 876
f 879 1082 880
f 1082 1083 880
f 880 1083 864
f 1083 1084 864
f 1084 1070 864
f 1070 1084 1071
f 1071 1084 1085
f 1071 1085 1072
f 1072 1085 1086
f 1072 1086 1073
f 1079 1087 1078
f 1087 1089 1088
f 1087 1088 881
f 1078 1087 881
f 868 1078 881
f 1088 1090 881
f 881 1090 869
f 1090 1091 869
f 1091 1080 869
f 1080 1091 872
f 1091 882 872
f 1091 1092 882
f 882 1093 883
f 1092 1093 882
f 1093 1095 1094
f 884 1093 1094
f 883 1093 884
f 1096 885 884
f 1096 884 1094
f 1081 875 885
f 1096 1081 885
f 1097 1081 1096
f 1081 1097 878
f 1097 1098 878
f 1098 886 878
f 1097 1099 1098
f 879 886 1082
f 886 1100 1082
f 886 1098 1100
f 1082 1100 1083
f 1089 1101 1088
f 1088 1101 1090
f 1095 1102 1094
f 1094 1102 1096
f 1096 1102 1103
f 1096 1103 1097
f 1097 1103 1104
f 1097 1104 1099
f 1107 1106 1105
f 1105 1108 1107
f 1111 1110 1109
f 1109 1112 1111
f 1115 1114 1113
f 1117 1116 1113
f 1113 1116 1115
f 1119 1118 1117
f 1117 1118 1116
f 1121 1120 1119
f 1119 1120 1118
f 1123 1122 1121
f 1121 1122 1120
f 1122 1123 1106
f 1106 1123 1105
f 1123 888 1105
f 888 889 1105
f 1124 1108 1105
f 889 1124 1105
f 890 1124 889
f 1126 1125 892
f 1125 890 892
f 1125 1124 890
f 1126 1127 1125
f 1130 1129 1128
f 1128 1131 1130
f 1134 1133 1132
f 1134 1132 1110
f 1132 1109 1110
f 1132 1135 1109
f 1112 1109 1136
f 1109 1137 1136
f 1109 1135 1137
f 1136 1137 1114
f 1137 1113 1114
f 1137 1138 1113
f 1138 894 895
f 1117 1138 895
f 1113 1138 1117
f 1117 895 896
f 1117 896 1119
f 1119 896 898
f 1119 898 1121
f 1121 898 900
f 1121 900 1123
f 1123 900 888
f 903 1126 892
f 1139 1127 1126
f 903 1139 1126
f 904 1139 903
f 1140 904 906
f 1140 1139 904
f 906 908 1140
f 1140 908 1141
f 1128 1129 1142
f 1142 1129 1143
f 1131 1128 1144
f 1128 1145 1144
f 1128 1142 1145
f 1145 1146 1144
f 1149 1148 1147
f 1149 1147 1133
f 1147 1132 1133
f 1147 1150 1132
f 1150 910 911
f 1135 1150 911
f 1132 1150 1135
f 1135 911 912
f 1135 912 1137
f 1137 912 914
f 1137 914 1138
f 1138 914 894
f 1151 1141 908
f 1151 908 916
f 1152 916 917
f 1152 1151 916
f 1154 1153 919
f 1153 917 919
f 1153 1152 917
f 1154 1155 1153
f 1158 1157 1156
f 1160 1159 1156
f 1156 1159 1158
f 1162 1161 1160
f 1160 1161 1159
f 1164 1163 1162
f 1162 1163 1161
f 1166 1165 1164
f 1164 1165 1163
f 1165 1166 1143
f 1166 1142 1143
f 1166 1167 1142
f 1142 1168 1145
f 1142 1167 1168
f 1146 1145 1169
f 1145 1170 1169
f 1145 1168 1170
f 1169 1170 1148
f 1170 1147 1148
f 1170 1171 1147
f 1171 921 922
f 1150 1171 922
f 1147 1171 1150
f 1150 922 910
f 924 1154 919
f 924 926 1154
f 926 1155 1154
f 926 1172 1155
f 1175 1174 1173
f 1175 1173 1157
f 1173 1156 1157
f 1173 1176 1156
f 1176 928 929
f 1160 1176 929
f 1156 1176 1160
f 1160 929 930
f 1177 1160 930
f 1162 1160 1177
f 1162 1178 1164
f 1162 1177 1178
f 1164 1179 1166
f 1164 1178 1179
f 1166 1180 1167
f 1166 1179 1180
f 1180 932 933
f 1168 1180 933
f 1167 1180 1168
f 1168 933 934
f 1168 934 1170
f 1170 934 936
f 1170 936 1171
f 1171 936 921
f 939 1182 1181
f 1172 939 1181
f 926 939 1172
f 1182 1183 1181
f 1173 1174 1184
f 1184 1174 1185
f 1184 941 942
f 1176 1184 942
f 1173 1184 1176
f 1176 942 928
f 944 1186 1177
f 944 1177 930
f 1177 1187 1178
f 1177 1186 1187
f 1187 946 947
f 1179 1187 947
f 1178 1187 1179
f 1179 947 948
f 1179 948 1180
f 1180 948 932
f 952 1182 939
f 952 954 1182
f 954 1183 1182
f 954 1188 1183
f 1191 1190 1189
f 1191 1189 1185
f 1185 1189 1184
f 1189 956 1184
f 956 957 1184
f 1184 957 941
f 959 1186 944
f 1186 959 960
f 1186 960 1187
f 1187 960 946
f 964 1193 1192
f 1188 964 1192
f 954 964 1188
f 1193 1194 1192
f 1189 1190 1195
f 1195 1190 1196
f 1195 966 956
f 1195 956 1189
f 968 1197 1193
f 968 1193 964
f 1194 1193 1198
f 1198 1193 1197
f 1201 1200 1199
f 1201 1199 1196
f 1196 1199 1195
f 1199 970 1195
f 970 971 1195
f 1195 971 966
f 973 1197 968
f 973 975 1197
f 975 1198 1197
f 975 1202 1198
f 1199 1200 1203
f 1203 1200 1204
f 1205 976 970
f 1199 1205 970
f 1203 1205 1199
f 1205 978 976
f 980 1202 975
f 980 1206 1202
f 1203 1204 1207
f 1207 1204 1208
f 1207 982 983
f 1205 1207 983
f 1203 1207 1205
f 1205 983 978
f 986 1206 980
f 986 1209 1206
f 1208 1210 1207
f 1210 1212 1211
f 1210 1211 987
f 1207 1210 987
f 982 1207 987
f 1211 989 987
f 990 1209 986
f 990 1213 1209
f 1211 1212 1214
f 1214 1212 1215
f 1214 992 989
f 1214 989 1211
f 990 994 1216
f 1217 990 1216
f 1213 990 1217
f 996 1216 994
f 1214 1215 1218
f 1218 1215 1219
f 1220 997 992
f 1214 1220 992
f 1218 1220 1214
f 1220 999 997
f 1221 1217 1216
f 1216 996 1221
f 996 1222 1221
f 996 1002 1222
f 1219 1223 1218
f 1225 1224 1223
f 1224 1218 1223
f 1224 1220 1218
f 1224 1004 999
f 1224 999 1220
f 1007 1226 1006
f 1226 1227 1006
f 1227 1002 1006
f 1227 1222 1002
f 1224 1225 1228
f 1228 1225 1229
f 1230 1008 1004
f 1224 1230 1004
f 1228 1230 1224
f 1230 1010 1008
f 1232 1231 1226
f 1007 1232 1226
f 1012 1232 1007
f 1226 1231 1227
f 1229 1233 1228
f 1235 1234 1233
f 1234 1228 1233
f 1234 1230 1228
f 1234 1014 1010
f 1234 1010 1230
f 1016 1232 1012
f 1016 1236 1232
f 1234 1235 1237
f 1237 1235 1238
f 1239 1017 1014
f 1234 1239 1014
f 1237 1239 1234
f 1239 1019 1017
f 1022 1236 1016
f 1022 1240 1236
f 1238 1241 1237
f 1243 1242 1241
f 1242 1237 1241
f 1242 1239 1237
f 1242 1024 1019
f 1242 1019 1239
f 1026 1244 1025
f 1244 1245 1025
f 1245 1022 1025
f 1245 1240 1022
f 1242 1243 1246
f 1246 1243 1247
f 1246 1028 1024
f 1246 1024 1242
f 1249 1248 1244
f 1026 1249 1244
f 1032 1249 1026
f 1244 1248 1245
f 1247 1250 1246
f 1250 1252 1251
f 1250 1251 1033
f 1246 1250 1033
f 1028 1246 1033
f 1251 1035 1033
f 1039 1249 1032
f 1039 1253 1249
f 1251 1252 1254
f 1254 1252 1255
f 1254 1041 1035
f 1254 1035 1251
f 1045 1256 1044
f 1044 1256 1257
f 1258 1044 1257
f 1046 1044 1258
f 1039 1046 1253
f 1253 1046 1258
f 1255 1259 1254
f 1259 1261 1260
f 1259 1260 1047
f 1254 1259 1047
f 1041 1254 1047
f 1260 1049 1047
f 1263 1262 1256
f 1045 1263 1256
f 1054 1263 1045
f 1256 1262 1257
f 1261 1264 1260
f 1264 1266 1265
f 1264 1265 1055
f 1260 1264 1055
f 1049 1260 1055
f 1265 1057 1055
f 1268 1267 1064
f 1268 1064 1063
f 1054 1064 1263
f 1263 1064 1267
f 1266 1269 1265
f 1269 1271 1270
f 1269 1270 1065
f 1265 1269 1065
f 1057 1265 1065
f 1270 1067 1065
f 1273 1272 1074
f 1273 1074 1073
f 1063 1074 1268
f 1268 1074 1272
f 1271 1274 1270
f 1274 1276 1275
f 1274 1275 1075
f 1270 1274 1075
f 1067 1270 1075
f 1277 1076 1075
f 1277 1075 1275
f 1278 1077 1076
f 1278 1076 1277
f 1278 1079 1077
f 1083 1279 1084
f 1280 1085 1084
f 1280 1084 1279
f 1085 1280 1281
f 1282 1085 1281
f 1086 1085 1282
f 1073 1086 1273
f 1273 1086 1282
f 1276 1283 1275
f 1275 1283 1277
f 1277 1283 1284
f 1286 1285 1284
f 1285 1277 1284
f 1285 1278 1277
f 1287 1087 1079
f 1278 1287 1079
f 1285 1287 1278
f 1287 1089 1087
f 1090 1288 1091
f 1289 1092 1091
f 1289 1091 1288
f 1290 1093 1092
f 1290 1092 1289
f 1290 1095 1093
f 1099 1291 1098
f 1292 1100 1098
f 1292 1098 1291
f 1292 1293 1100
f 1100 1293 1083
f 1293 1294 1083
f 1294 1279 1083
f 1279 1294 1280
f 1280 1294 1295
f 1280 1295 1281
f 1286 1296 1285
f 1285 1296 1287
f 1287 1296 1297
f 1287 1297 1089
f 1297 1101 1089
f 1297 1298 1101
f 1090 1101 1288
f 1101 1299 1288
f 1101 1298 1299
f 1288 1299 1289
f 1289 1299 1300
f 1289 1300 1290
f 1290 1300 1301
f 1301 1303 1302
f 1301 1302 1102
f 1290 1301 1102
f 1095 1290 1102
f 1102 1302 1304
f 1305 1102 1304
f 1103 1102 1305
f 1103 1306 1104
f 1305 1306 1103
f 1099 1104 1291
f 1104 1307 1291
f 1104 1306 1307
f 1291 1307 1292
f 1292 1307 1308
f 1292 1308 1293
f 1303 1309 1302
f 1302 1309 1304
f 1312 1311 1310
f 1314 1313 1310
f 1310 1313 1312
f 1314 1315 1313
f 1317 1316 1107
f 1107 1316 1106
f 1107 1108 1317
f 1317 1108 1318
f 1321 1320 1319
f 1323 1322 1319
f 1319 1322 1321
f 1325 1324 1323
f 1323 1324 1322
f 1324 1325 1311
f 1325 1310 1311
f 1325 1326 1310
f 1310 1327 1314
f 1310 1326 1327
f 1111 1328 1110
f 1328 1314 1110
f 1314 1327 1110
f 1314 1328 1315
f 1330 1329 1112
f 1329 1111 1112
f 1329 1328 1111
f 1114 1115 1330
f 1115 1329 1330
f 1115 1331 1329
f 1332 1115 1116
f 1332 1331 1115
f 1333 1116 1118
f 1333 1332 1116
f 1334 1118 1120
f 1334 1333 1118
f 1335 1120 1122
f 1335 1334 1120
f 1122 1106 1316
f 1122 1316 1335
f 1336 1318 1108
f 1336 1108 1124
f 1337 1124 1125
f 1337 1336 1124
f 1339 1338 1127
f 1338 1125 1127
f 1338 1337 1125
f 1339 1340 1338
f 1343 1342 1341
f 1341 1344 1343
f 1347 1346 1345
f 1349 1348 1345
f 1345 1348 1347
f 1348 1349 1320
f 1320 1349 1319
f 1349 1129 1319
f 1129 1130 1319
f 1319 1130 1131
f 1350 1319 1131
f 1323 1319 1350
f 1323 1351 1325
f 1323 1350 1351
f 1325 1352 1326
f 1325 1351 1352
f 1352 1133 1134
f 1327 1352 1134
f 1326 1352 1327
f 1327 1134 1110
f 1136 1330 1112
f 1330 1136 1114
f 1139 1339 1127
f 1353 1340 1339
f 1139 1353 1339
f 1140 1353 1139
f 1355 1354 1141
f 1354 1140 1141
f 1354 1353 1140
f 1355 1356 1354
f 1359 1358 1357
f 1359 1357 1342
f 1357 1341 1342
f 1357 1360 1341
f 1344 1341 1361
f 1361 1341 1360
f 1364 1363 1362
f 1364 1362 1346
f 1362 1345 1346
f 1362 1365 1345
f 1345 1366 1349
f 1345 1365 1366
f 1366 1143 1129
f 1366 1129 1349
f 1144 1350 1131
f 1350 1144 1146
f 1367 1350 1146
f 1351 1350 1367
f 1367 1148 1149
f 1352 1367 1149
f 1351 1367 1352
f 1352 1149 1133
f 1151 1355 1141
f 1368 1356 1355
f 1151 1368 1355
f 1152 1368 1151
f 1369 1152 1153
f 1369 1368 1152
f 1153 1155 1369
f 1369 1155 1370
f 1373 1372 1371
f 1373 1371 1358
f 1371 1357 1358
f 1371 1374 1357
f 1374 1157 1158
f 1360 1374 1158
f 1357 1374 1360
f 1375 1361 1360
f 1158 1375 1360
f 1159 1375 1158
f 1161 1362 1363
f 1375 1161 1363
f 1159 1161 1375
f 1362 1161 1163
f 1362 1163 1365
f 1365 1163 1165
f 1365 1165 1366
f 1366 1165 1143
f 1169 1367 1146
f 1367 1169 1148
f 1172 1377 1376
f 1370 1172 1376
f 1155 1172 1370
f 1377 1378 1376
f 1371 1372 1379
f 1379 1372 1380
f 1379 1174 1175
f 1374 1379 1175
f 1371 1379 1374
f 1374 1175 1157
f 1181 1377 1172
f 1181 1183 1377
f 1183 1378 1377
f 1183 1381 1378
f 1384 1383 1382
f 1384 1382 1380
f 1382 1379 1380
f 1382 1385 1379
f 1385 1185 1174
f 1385 1174 1379
f 1188 1387 1386
f 1381 1188 1386
f 1183 1188 1381
f 1387 1388 1386
f 1382 1383 1389
f 1389 1383 1390
f 1389 1190 1191
f 1385 1389 1191
f 1382 1389 1385
f 1385 1191 1185
f 1192 1387 1188
f 1192 1194 1387
f 1194 1388 1387
f 1194 1391 1388
f 1394 1393 1392
f 1394 1392 1390
f 1392 1389 1390
f 1392 1395 1389
f 1395 1196 1190
f 1395 1190 1389
f 1198 1391 1194
f 1198 1396 1391
f 1392 1393 1397
f 1397 1393 1398
f 1397 1200 1201
f 1395 1397 1201
f 1392 1397 1395
f 1395 1201 1196
f 1202 1396 1198
f 1202 1399 1396
f 1397 1398 1400
f 1400 1398 1401
f 1400 1204 1200
f 1400 1200 1397
f 1206 1403 1402
f 1399 1206 1402
f 1202 1206 1399
f 1403 1404 1402
f 1400 1401 1405
f 1405 1401 1406
f 1405 1208 1204
f 1405 1204 1400
f 1209 1407 1403
f 1209 1403 1206
f 1404 1403 1408
f 1408 1403 1407
f 1406 1409 1405
f 1409 1411 1410
f 1409 1410 1210
f 1405 1409 1210
f 1208 1405 1210
f 1410 1212 1210
f 1213 1412 1407
f 1213 1407 1209
f 1408 1407 1413
f 1413 1407 1412
f 1410 1411 1414
f 1414 1411 1415
f 1414 1215 1212
f 1414 1212 1410
f 1217 1416 1412
f 1217 1412 1213
f 1413 1412 1417
f 1417 1412 1416
f 1414 1415 1418
f 1418 1415 1419
f 1418 1219 1215
f 1418 1215 1414
f 1416 1217 1221
f 1422 1421 1420
f 1421 1422 1222
f 1422 1417 1222
f 1416 1221 1222
f 1416 1222 1417
f 1418 1419 1423
f 1423 1419 1424
f 1425 1223 1219
f 1418 1425 1219
f 1423 1425 1418
f 1425 1225 1223
f 1426 1420 1421
f 1421 1222 1426
f 1222 1427 1426
f 1222 1227 1427
f 1424 1428 1423
f 1430 1429 1428
f 1429 1423 1428
f 1429 1425 1423
f 1429 1229 1225
f 1429 1225 1425
f 1232 1431 1231
f 1431 1432 1231
f 1432 1227 1231
f 1432 1427 1227
f 1429 1430 1433
f 1433 1430 1434
f 1435 1233 1229
f 1429 1435 1229
f 1433 1435 1429
f 1435 1235 1233
f 1437 1436 1431
f 1232 1437 1431
f 1236 1437 1232
f 1431 1436 1432
f 1434 1438 1433
f 1440 1439 1438
f 1439 1433 1438
f 1439 1435 1433
f 1439 1238 1235
f 1439 1235 1435
f 1240 1437 1236
f 1240 1441 1437
f 1439 1440 1442
f 1442 1440 1443
f 1444 1241 1238
f 1439 1444 1238
f 1442 1444 1439
f 1444 1243 1241
f 1245 1441 1240
f 1245 1445 1441
f 1442 1443 1446
f 1446 1443 1447
f 1442 1448 1444
f 1442 1446 1448
f 1448 1247 1243
f 1448 1243 1444
f 1249 1449 1248
f 1449 1450 1248
f 1450 1245 1248
f 1450 1445 1245
f 1447 1451 1446
f 1446 1451 1448
f 1448 1451 1452
f 1452 1454 1453
f 1452 1453 1250
f 1448 1452 1250
f 1247 1448 1250
f 1453 1252 1250
f 1456 1455 1449
f 1249 1456 1449
f 1253 1456 1249
f 1449 1455 1450
f 1453 1454 1457
f 1457 1454 1458
f 1457 1255 1252
f 1457 1252 1453
f 1257 1459 1258
f 1459 1460 1258
f 1460 1253 1258
f 1460 1456 1253
f 1458 1461 1457
f 1461 1463 1462
f 1461 1462 1259
f 1457 1461 1259
f 1255 1457 1259
f 1462 1261 1259
f 1263 1464 1262
f 1464 1465 1262
f 1262 1465 1257
f 1465 1466 1257
f 1466 1459 1257
f 1459 1466 1460
f 1463 1467 1462
f 1467 1469 1468
f 1467 1468 1264
f 1462 1467 1264
f 1261 1462 1264
f 1468 1266 1264
f 1268 1470 1267
f 1470 1471 1267
f 1267 1471 1263
f 1471 1472 1263
f 1472 1464 1263
f 1464 1472 1465
f 1468 1469 1473
f 1473 1469 1474
f 1475 1269 1266
f 1468 1475 1266
f 1473 1475 1468
f 1475 1271 1269
f 1273 1476 1272
f 1476 1477 1272
f 1272 1477 1268
f 1477 1478 1268
f 1478 1470 1268
f 1470 1478 1471
f 1474 1479 1473
f 1473 1479 1475
f 1475 1479 1480
f 1480 1482 1481
f 1480 1481 1274
f 1475 1480 1274
f 1271 1475 1274
f 1481 1276 1274
f 1281 1483 1282
f 1483 1484 1282
f 1282 1484 1273
f 1484 1485 1273
f 1485 1476 1273
f 1476 1485 1477
f 1482 1486 1481
f 1481 1486 1276
f 1486 1283 1276
f 1486 1487 1283
f 1487 1489 1488
f 1284 1487 1488
f 1283 1487 1284
f 1488 1286 1284
f 1491 1490 1294
f 1491 1294 1293
f 1294 1492 1295
f 1490 1492 1294
f 1281 1295 1483
f 1295 1493 1483
f 1295 1492 1493
f 1483 1493 1484
f 1489 1494 1488
f 1488 1494 1286
f 1494 1296 1286
f 1494 1495 1296
f 1495 1497 1496
f 1297 1495 1496
f 1296 1495 1297
f 1498 1298 1297
f 1498 1297 1496
f 1499 1299 1298
f 1499 1298 1498
f 1500 1300 1299
f 1500 1299 1499
f 1501 1301 1300
f 1501 1300 1500
f 1501 1303 1301
f 1304 1502 1305
f 1503 1306 1305
f 1503 1305 1502
f 1504 1307 1306
f 1504 1306 1503
f 1307 1504 1505
f 1506 1307 1505
f 1308 1307 1506
f 1293 1308 1491
f 1491 1308 1506
f 1497 1507 1496
f 1496 1507 1498
f 1498 1507 1508
f 1498 1508 1499
f 1499 1508 1509
f 1499 1509 1500
f 1500 1509 1510
f 1500 1510 1501
f 1501 1510 1511
f 1501 1511 1303
f 1511 1309 1303
f 1511 1512 1309
f 1304 1309 1502
f 1309 1513 1502
f 1309 1512 1513
f 1502 1513 1503
f 1503 1513 1514
f 1503 1514 1504
f 1504 1514 1515
f 1504 1515 1505
f 1518 1517 1516
f 1520 1519 1516
f 1516 1519 1518
f 1522 1521 1520
f 1520 1521 1519
f 1524 1523 1522
f 1522 1523 1521
f 1524 1525 1523
f 1528 1527 1526
f 1530 1529 1526
f 1526 1529 1528
f 1532 1531 1530
f 1530 1531 1529
f 1534 1533 1532
f 1532 1533 1531
f 1533 1534 1517
f 1517 1534 1516
f 1534 1311 1516
f 1311 1312 1516
f 1516 1312 1313
f 1516 1313 1520
f 1520 1313 1315
f 1535 1520 1315
f 1522 1520 1535
f 1522 1536 1524
f 1522 1535 1536
f 1525 1524 1537
f 1524 1538 1537
f 1524 1536 1538
f 1540 1539 1538
f 1538 1539 1537
f 1542 1541 1540
f 1540 1541 1539
f 1544 1543 1542
f 1542 1543 1541
f 1546 1545 1544
f 1544 1545 1543
f 1316 1317 1546
f 1317 1545 1546
f 1317 1547 1545
f 1549 1548 1318
f 1548 1317 1318
f 1548 1547 1317
f 1551 1550 1549
f 1549 1550 1548
f 1551 1552 1550
f 1555 1554 1553
f 1557 1556 1553
f 1553 1556 1555
f 1557 1558 1556
f 1561 1560 1559
f 1563 1562 1559
f 1559 1562 1561
f 1562 1563 1527
f 1563 1526 1527
f 1563 1564 1526
f 1564 1320 1321
f 1530 1564 1321
f 1526 1564 1530
f 1530 1321 1322
f 1530 1322 1532
f 1532 1322 1324
f 1532 1324 1534
f 1534 1324 1311
f 1328 1535 1315
f 1535 1328 1329
f 1535 1329 1536
f 1536 1329 1331
f 1536 1331 1538
f 1538 1331 1332
f 1538 1332 1540
f 1540 1332 1333
f 1540 1333 1542
f 1542 1333 1334
f 1542 1334 1544
f 1544 1334 1335
f 1544 1335 1546
f 1546 1335 1316
f 1336 1549 1318
f 1549 1336 1337
f 1549 1337 1551
f 1565 1552 1551
f 1337 1565 1551
f 1338 1565 1337
f 1567 1566 1340
f 1566 1338 1340
f 1566 1565 1338
f 1567 1568 1566
f 1571 1570 1569
f 1571 1569 1554
f 1569 1553 1554
f 1569 1572 1553
f 1572 1342 1343
f 1557 1572 1343
f 1553 1572 1557
f 1574 1573 1344
f 1344 1573 1343
f 1573 1558 1343
f 1558 1557 1343
f 1573 1574 1560
f 1574 1559 1560
f 1574 1575 1559
f 1575 1346 1347
f 1563 1575 1347
f 1559 1575 1563
f 1563 1347 1348
f 1563 1348 1564
f 1564 1348 1320
f 1353 1567 1340
f 1576 1568 1567
f 1353 1576 1567
f 1354 1576 1353
f 1354 1356 1576
f 1576 1356 1577
f 1580 1579 1578
f 1580 1578 1570
f 1578 1569 1570
f 1578 1581 1569
f 1581 1358 1359
f 1572 1581 1359
f 1569 1581 1572
f 1572 1359 1342
f 1361 1582 1574
f 1361 1574 1344
f 1582 1363 1364
f 1575 1582 1364
f 1574 1582 1575
f 1575 1364 1346
f 1583 1577 1356
f 1583 1356 1368
f 1585 1583 1584
f 1583 1369 1584
f 1583 1368 1369
f 1370 1584 1369
f 1578 1579 1586
f 1586 1579 1587
f 1586 1372 1373
f 1581 1586 1373
f 1578 1586 1581
f 1581 1373 1358
f 1375 1582 1361
f 1582 1375 1363
f 1588 1585 1584
f 1588 1584 1370
f 1376 1588 1370
f 1589 1588 1376
f 1376 1378 1589
f 1589 1378 1590
f 1593 1592 1591
f 1593 1591 1587
f 1591 1586 1587
f 1591 1594 1586
f 1594 1380 1372
f 1594 1372 1586
f 1381 1596 1595
f 1590 1381 1595
f 1378 1381 1590
f 1596 1597 1595
f 1591 1592 1598
f 1598 1592 1599
f 1598 1383 1384
f 1594 1598 1384
f 1591 1598 1594
f 1594 1384 1380
f 1386 1596 1381
f 1386 1388 1596
f 1388 1597 1596
f 1388 1600 1597
f 1598 1599 1601
f 1601 1599 1602
f 1601 1390 1383
f 1601 1383 1598
f 1391 1600 1388
f 1391 1603 1600
f 1601 1602 1394
f 1602 1393 1394
f 1602 1604 1393
f 1601 1394 1390
f 1396 1606 1605
f 1603 1396 1605
f 1391 1396 1603
f 1606 1607 1605
f 1604 1398 1393
f 1608 1398 1604
f 1399 1609 1606
f 1399 1606 1396
f 1607 1606 1610
f 1610 1606 1609
f 1608 1401 1398
f 1611 1401 1608
f 1402 1609 1399
f 1402 1404 1609
f 1404 1610 1609
f 1404 1612 1610
f 1611 1406 1401
f 1613 1406 1611
f 1408 1612 1404
f 1408 1614 1612
f 1409 1406 1615
f 1406 1616 1615
f 1406 1613 1616
f 1615 1411 1409
f 1413 1614 1408
f 1413 1617 1614
f 1615 1616 1618
f 1618 1616 1619
f 1618 1415 1411
f 1618 1411 1615
f 1417 1617 1413
f 1417 1620 1617
f 1618 1619 1621
f 1621 1619 1622
f 1621 1419 1415
f 1621 1415 1618
f 1420 1623 1422
f 1623 1624 1422
f 1624 1417 1422
f 1624 1620 1417
f 1621 1622 1625
f 1625 1622 1626
f 1625 1424 1419
f 1625 1419 1621
f 1426 1623 1420
f 1628 1627 1427
f 1427 1627 1426
f 1627 1624 1426
f 1624 1623 1426
f 1628 1629 1627
f 1625 1626 1630
f 1630 1626 1631
f 1632 1428 1424
f 1625 1632 1424
f 1630 1632 1625
f 1632 1430 1428
f 1634 1633 1628
f 1427 1634 1628
f 1432 1634 1427
f 1628 1633 1629
f 1631 1635 1630
f 1630 1635 1632
f 1632 1635 1636
f 1430 1632 1636
f 1637 1430 1636
f 1434 1430 1637
f 1437 1638 1436
f 1638 1639 1436
f 1639 1432 1436
f 1639 1634 1432
f 1438 1434 1640
f 1434 1641 1640
f 1434 1637 1641
f 1640 1440 1438
f 1441 1642 1638
f 1441 1638 1437
f 1639 1638 1643
f 1643 1638 1642
f 1640 1641 1644
f 1644 1641 1645
f 1644 1443 1440
f 1644 1440 1640
f 1647 1646 1642
f 1441 1647 1642
f 1445 1647 1441
f 1642 1646 1643
f 1645 1648 1644
f 1443 1644 1648
f 1649 1443 1648
f 1447 1443 1649
f 1450 1647 1445
f 1450 1650 1647
f 1649 1651 1447
f 1447 1651 1451
f 1651 1653 1652
f 1452 1651 1652
f 1451 1651 1452
f 1652 1454 1452
f 1655 1654 1455
f 1655 1455 1456
f 1450 1455 1650
f 1650 1455 1654
f 1652 1653 1656
f 1656 1653 1657
f 1656 1458 1454
f 1656 1454 1652
f 1460 1655 1456
f 1460 1658 1655
f 1657 1659 1656
f 1659 1661 1660
f 1659 1660 1461
f 1656 1659 1461
f 1458 1656 1461
f 1660 1463 1461
f 1663 1662 1466
f 1663 1466 1465
f 1460 1466 1658
f 1658 1466 1662
f 1661 1664 1660
f 1664 1666 1665
f 1664 1665 1467
f 1660 1664 1467
f 1463 1660 1467
f 1665 1469 1467
f 1668 1667 1472
f 1668 1472 1471
f 1465 1472 1663
f 1663 1472 1667
f 1666 1669 1665
f 1469 1665 1669
f 1670 1469 1669
f 1474 1469 1670
f 1477 1671 1478
f 1671 1672 1478
f 1672 1471 1478
f 1672 1668 1471
f 1670 1673 1474
f 1474 1673 1479
f 1673 1675 1674
f 1480 1673 1674
f 1479 1673 1480
f 1674 1482 1480
f 1677 1676 1485
f 1677 1485 1484
f 1477 1485 1671
f 1485 1678 1671
f 1485 1676 1678
f 1671 1678 1672
f 1675 1679 1674
f 1674 1679 1482
f 1679 1486 1482
f 1679 1680 1486
f 1680 1682 1681
f 1487 1680 1681
f 1486 1680 1487
f 1681 1489 1487
f 1491 1683 1490
f 1684 1492 1490
f 1684 1490 1683
f 1492 1684 1685
f 1686 1492 1685
f 1493 1492 1686
f 1484 1493 1677
f 1677 1493 1686
f 1682 1687 1681
f 1681 1687 1489
f 1687 1494 1489
f 1687 1688 1494
f 1688 1690 1689
f 1495 1688 1689
f 1494 1688 1495
f 1689 1497 1495
f 1505 1691 1506
f 1691 1692 1506
f 1506 1692 1491
f 1692 1693 1491
f 1693 1683 1491
f 1683 1693 1684
f 1684 1693 1694
f 1684 1694 1685
f 1690 1695 1689
f 1695 1697 1696
f 1695 1696 1507
f 1689 1695 1507
f 1497 1689 1507
f 1698 1508 1507
f 1698 1507 1696
f 1699 1509 1508
f 1699 1508 1698
f 1509 1699 1700
f 1701 1509 1700
f 1510 1509 1701
f 1510 1702 1511
f 1701 1702 1510
f 1511 1703 1512
f 1702 1703 1511
f 1512 1704 1513
f 1703 1704 1512
f 1513 1705 1514
f 1704 1705 1513
f 1514 1706 1515
f 1705 1706 1514
f 1505 1515 1691
f 1515 1707 1691
f 1515 1706 1707
f 1691 1707 1692
f 1697 1708 1696
f 1696 1708 1698
f 1698 1708 1709
f 1698 1709 1699
f 1699 1709 1710
f 1699 1710 1700
f 1713 1712 1711
f 1715 1714 1711
f 1711 1714 1713
f 1717 1716 1715
f 1715 1716 1714
f 1717 1718 1716
f 1721 1720 1719
f 1719 1722 1721
f 1725 1724 1723
f 1723 1726 1725
f 1729 1728 1727
f 1731 1730 1727
f 1727 1730 1729
f 1730 1731 1712
f 1731 1711 1712
f 1731 1732 1711
f 1732 1517 1518
f 1715 1732 1518
f 1711 1732 1715
f 1715 1518 1519
f 1715 1519 1717
f 1733 1718 1717
f 1519 1733 1717
f 1521 1733 1519
f 1523 1719 1720
f 1733 1523 1720
f 1521 1523 1733
f 1735 1734 1525
f 1525 1734 1523
f 1734 1722 1523
f 1722 1719 1523
f 1737 1736 1735
f 1735 1736 1734
f 1739 1738 1737
f 1737 1738 1736
f 1741 1740 1739
f 1739 1740 1738
f 1743 1742 1741
f 1741 1742 1740
f 1743 1744 1742
f 1747 1746 1745
f 1749 1748 1745
f 1745 1748 1747
f 1751 1750 1749
f 1749 1750 1748
f 1750 1751 1724
f 1751 1723 1724
f 1751 1752 1723
f 1726 1723 1753
f 1723 1754 1753
f 1723 1752 1754
f 1527 1528 1754
f 1528 1753 1754
f 1528 1755 1753
f 1529 1727 1728
f 1755 1529 1728
f 1528 1529 1755
f 1727 1529 1531
f 1727 1531 1731
f 1731 1531 1533
f 1731 1533 1732
f 1732 1533 1517
f 1537 1735 1525
f 1735 1537 1539
f 1735 1539 1737
f 1737 1539 1541
f 1737 1541 1739
f 1739 1541 1543
f 1739 1543 1741
f 1741 1543 1545
f 1741 1545 1743
f 1756 1744 1743
f 1545 1756 1743
f 1547 1756 1545
f 1757 1547 1548
f 1757 1756 1547
f 1758 1548 1550
f 1758 1757 1548
f 1760 1759 1552
f 1759 1550 1552
f 1759 1758 1550
f 1760 1761 1759
f 1764 1763 1762
f 1764 1762 1746
f 1746 1762 1745
f 1762 1554 1745
f 1554 1555 1745
f 1745 1555 1556
f 1745 1556 1749
f 1749 1556 1558
f 1765 1749 1558
f 1751 1749 1765
f 1765 1560 1561
f 1752 1765 1561
f 1751 1765 1752
f 1752 1561 1562
f 1752 1562 1754
f 1754 1562 1527
f 1565 1760 1552
f 1766 1761 1760
f 1565 1766 1760
f 1566 1766 1565
f 1566 1568 1766
f 1766 1568 1767
f 1770 1769 1768
f 1770 1768 1763
f 1763 1768 1762
f 1768 1570 1762
f 1570 1571 1762
f 1762 1571 1554
f 1573 1765 1558
f 1765 1573 1560
f 1771 1767 1568
f 1771 1568 1576
f 1773 1772 1577
f 1772 1576 1577
f 1772 1771 1576
f 1773 1774 1772
f 1777 1776 1775
f 1777 1775 1769
f 1769 1775 1768
f 1775 1579 1768
f 1579 1580 1768
f 1768 1580 1570
f 1583 1773 1577
f 1583 1585 1773
f 1585 1774 1773
f 1585 1778 1774
f 1775 1776 1779
f 1779 1776 1780
f 1779 1587 1579
f 1779 1579 1775
f 1781 1778 1585
f 1781 1585 1588
f 1782 1588 1589
f 1782 1781 1588
f 1589 1590 1782
f 1782 1590 1783
f 1779 1780 1593
f 1780 1592 1593
f 1780 1784 1592
f 1779 1593 1587
f 1785 1783 1590
f 1785 1590 1595
f 1595 1597 1785
f 1785 1597 1786
f 1784 1599 1592
f 1787 1599 1784
f 1600 1786 1597
f 1600 1788 1786
f 1791 1790 1789
f 1787 1791 1789
f 1602 1787 1789
f 1599 1787 1602
f 1603 1788 1600
f 1603 1792 1788
f 1789 1790 1793
f 1793 1790 1794
f 1793 1604 1602
f 1793 1602 1789
f 1603 1605 1795
f 1796 1603 1795
f 1792 1603 1796
f 1607 1795 1605
f 1793 1794 1797
f 1797 1794 1798
f 1797 1608 1604
f 1797 1604 1793
f 1799 1796 1795
f 1795 1607 1799
f 1607 1800 1799
f 1607 1610 1800
f 1797 1798 1801
f 1801 1798 1802
f 1801 1611 1608
f 1801 1608 1797
f 1612 1800 1610
f 1612 1803 1800
f 1801 1802 1804
f 1804 1802 1805
f 1804 1613 1611
f 1804 1611 1801
f 1614 1803 1612
f 1614 1806 1803
f 1804 1805 1807
f 1807 1805 1808
f 1807 1616 1613
f 1807 1613 1804
f 1617 1806 1614
f 1617 1809 1806
f 1807 1808 1810
f 1810 1808 1811
f 1810 1619 1616
f 1810 1616 1807
f 1620 1809 1617
f 1620 1812 1809
f 1810 1811 1813
f 1813 1811 1814
f 1813 1622 1619
f 1813 1619 1810
f 1624 1812 1620
f 1624 1815 1812
f 1814 1816 1813
f 1622 1813 1816
f 1817 1622 1816
f 1626 1622 1817
f 1624 1627 1818
f 1819 1624 1818
f 1815 1624 1819
f 1629 1818 1627
f 1817 1631 1626
f 1820 1631 1817
f 1819 1818 1633
f 1634 1819 1633
f 1821 1819 1634
f 1633 1818 1629
f 1820 1822 1631
f 1631 1822 1635
f 1822 1824 1823
f 1636 1822 1823
f 1635 1822 1636
f 1823 1637 1636
f 1639 1821 1634
f 1639 1825 1821
f 1824 1826 1823
f 1637 1823 1826
f 1827 1637 1826
f 1641 1637 1827
f 1643 1825 1639
f 1643 1828 1825
f 1827 1645 1641
f 1829 1645 1827
f 1647 1830 1646
f 1830 1831 1646
f 1831 1643 1646
f 1831 1828 1643
f 1829 1832 1645
f 1645 1832 1648
f 1649 1648 1832
f 1649 1832 1833
f 1835 1834 1830
f 1647 1835 1830
f 1650 1835 1647
f 1830 1834 1831
f 1651 1649 1836
f 1649 1837 1836
f 1649 1833 1837
f 1836 1653 1651
f 1839 1838 1654
f 1839 1654 1655
f 1650 1654 1835
f 1835 1654 1838
f 1837 1840 1836
f 1653 1836 1840
f 1841 1653 1840
f 1657 1653 1841
f 1658 1839 1655
f 1658 1842 1839
f 1841 1843 1657
f 1657 1843 1659
f 1661 1659 1843
f 1661 1843 1844
f 1846 1845 1662
f 1846 1662 1663
f 1658 1662 1842
f 1842 1662 1845
f 1664 1661 1847
f 1661 1848 1847
f 1661 1844 1848
f 1847 1666 1664
f 1850 1849 1667
f 1850 1667 1668
f 1663 1667 1846
f 1846 1667 1849
f 1848 1851 1847
f 1847 1851 1666
f 1851 1669 1666
f 1851 1852 1669
f 1670 1669 1852
f 1670 1852 1853
f 1672 1850 1668
f 1672 1854 1850
f 1853 1855 1670
f 1670 1855 1673
f 1675 1673 1855
f 1675 1855 1856
f 1677 1857 1676
f 1676 1857 1858
f 1859 1676 1858
f 1678 1676 1859
f 1672 1678 1854
f 1854 1678 1859
f 1856 1860 1675
f 1675 1860 1679
f 1860 1862 1861
f 1680 1860 1861
f 1679 1860 1680
f 1861 1682 1680
f 1864 1863 1686
f 1864 1686 1685
f 1677 1686 1857
f 1686 1865 1857
f 1686 1863 1865
f 1857 1865 1858
f 1862 1866 1861
f 1861 1866 1682
f 1866 1687 1682
f 1866 1867 1687
f 1867 1869 1868
f 1688 1867 1868
f 1687 1867 1688
f 1868 1690 1688
f 1871 1870 1693
f 1871 1693 1692
f 1693 1872 1694
f 1870 1872 1693
f 1685 1694 1864
f 1864 1694 1872
f 1869 1873 1868
f 1868 1873 1690
f 1873 1695 1690
f 1873 1874 1695
f 1697 1695 1874
f 1697 1874 1875
f 1877 1876 1701
f 1877 1701 1700
f 1701 1878 1702
f 1876 1878 1701
f 1702 1879 1703
f 1878 1879 1702
f 1703 1880 1704
f 1879 1880 1703
f 1704 1881 1705
f 1880 1881 1704
f 1705 1882 1706
f 1881 1882 1705
f 1706 1883 1707
f 1882 1883 1706
f 1692 1707 1871
f 1871 1707 1883
f 1875 1884 1697
f 1697 1884 1708
f 1708 1885 1709
f 1884 1885 1708
f 1709 1886 1710
f 1885 1886 1709
f 1700 1710 1877
f 1877 1710 1886
f 1889 1888 1887
f 1887 1890 1889
f 1893 1892 1891
f 1895 1894 1891
f 1891 1894 1893
f 1895 1896 1894
f 1899 1898 1897
f 1712 1713 1897
f 1713 1899 1897
f 1713 1900 1899
f 1714 1887 1888
f 1900 1714 1888
f 1713 1714 1900
f 1901 1890 1887
f 1714 1901 1887
f 1716 1901 1714
f 1903 1902 1718
f 1902 1716 1718
f 1902 1901 1716
f 1720 1721 1903
f 1721 1902 1903
f 1721 1904 1902
f 1906 1905 1722
f 1905 1721 1722
f 1905 1904 1721
f 1908 1907 1906
f 1906 1907 1905
f 1910 1909 1908
f 1908 1909 1907
f 1912 1911 1910
f 1910 1911 1909
f 1914 1913 1912
f 1912 1913 1911
f 1916 1915 1914
f 1914 1915 1913
f 1916 1917 1915
f 1920 1919 1918
f 1922 1921 1918
f 1918 1921 1920
f 1924 1923 1922
f 1922 1923 1921
f 1926 1925 1924
f 1924 1925 1923
f 1724 1725 1926
f 1725 1925 1926
f 1725 1927 1925
f 1928 1891 1726
f 1891 1927 1726
f 1927 1725 1726
f 1891 1892 1927
f 1891 1929 1895
f 1891 1928 1929
f 1729 1930 1728
f 1930 1895 1728
f 1895 1929 1728
f 1895 1930 1896
f 1730 1897 1898
f 1930 1730 1898
f 1729 1730 1930
f 1897 1730 1712
f 1733 1903 1718
f 1903 1733 1720
f 1734 1906 1722
f 1906 1734 1736
f 1906 1736 1908
f 1908 1736 1738
f 1908 1738 1910
f 1910 1738 1740
f 1910 1740 1912
f 1912 1740 1742
f 1912 1742 1914
f 1914 1742 1744
f 1931 1914 1744
f 1916 1914 1931
f 1917 1916 1932
f 1916 1933 1932
f 1916 1931 1933
f 1933 1934 1932
f 1937 1936 1935
f 1937 1935 1919
f 1935 1918 1919
f 1935 1938 1918
f 1938 1746 1747
f 1922 1938 1747
f 1918 1938 1922
f 1922 1747 1748
f 1922 1748 1924
f 1924 1748 1750
f 1924 1750 1926
f 1926 1750 1724
f 1753 1928 1726
f 1928 1753 1755
f 1928 1755 1929
f 1929 1755 1728
f 1756 1931 1744
f 1931 1756 1757
f 1931 1757 1933
f 1939 1934 1933
f 1757 1939 1933
f 1758 1939 1757
f 1940 1758 1759
f 1940 1939 1758
f 1759 1761 1940
f 1940 1761 1941
f 1935 1936 1942
f 1942 1936 1943
f 1942 1763 1764
f 1938 1942 1764
f 1935 1942 1938
f 1938 1764 1746
f 1944 1941 1761
f 1944 1761 1766
f 1946 1945 1767
f 1945 1766 1767
f 1945 1944 1766
f 1946 1947 1945
f 1950 1949 1948
f 1950 1948 1943
f 1943 1948 1942
f 1948 1769 1942
f 1769 1770 1942
f 1942 1770 1763
f 1771 1946 1767
f 1951 1947 1946
f 1771 1951 1946
f 1772 1951 1771
f 1772 1774 1951
f 1951 1774 1952
f 1948 1949 1777
f 1949 1776 1777
f 1949 1953 1776
f 1948 1777 1769
f 1778 1952 1774
f 1778 1954 1952
f 1953 1780 1776
f 1955 1780 1953
f 1956 1954 1778
f 1956 1778 1781
f 1957 1781 1782
f 1957 1956 1781
f 1782 1783 1957
f 1957 1783 1958
f 1961 1960 1959
f 1955 1961 1959
f 1784 1955 1959
f 1780 1955 1784
f 1783 1785 1962
f 1963 1783 1962
f 1958 1783 1963
f 1786 1962 1785
f 1959 1960 1964
f 1964 1960 1965
f 1964 1787 1784
f 1964 1784 1959
f 1963 1962 1966
f 1963 1966 1967
f 1788 1966 1786
f 1786 1966 1962
f 1964 1965 1791
f 1965 1790 1791
f 1965 1968 1790
f 1964 1791 1787
f 1969 1967 1966
f 1966 1788 1969
f 1788 1970 1969
f 1788 1792 1970
f 1968 1794 1790
f 1971 1794 1968
f 1796 1970 1792
f 1796 1972 1970
f 1971 1798 1794
f 1973 1798 1971
f 1974 1972 1796
f 1974 1796 1799
f 1799 1800 1974
f 1974 1800 1975
f 1973 1802 1798
f 1976 1802 1973
f 1803 1975 1800
f 1803 1977 1975
f 1976 1805 1802
f 1978 1805 1976
f 1806 1977 1803
f 1806 1979 1977
f 1978 1808 1805
f 1980 1808 1978
f 1809 1979 1806
f 1809 1981 1979
f 1980 1811 1808
f 1982 1811 1980
f 1812 1981 1809
f 1812 1983 1981
f 1982 1814 1811
f 1984 1814 1982
f 1815 1983 1812
f 1815 1985 1983
f 1816 1814 1986
f 1814 1987 1986
f 1814 1984 1987
f 1986 1817 1816
f 1990 1989 1988
f 1989 1985 1988
f 1985 1819 1988
f 1985 1815 1819
f 1986 1987 1991
f 1991 1987 1992
f 1991 1820 1817
f 1991 1817 1986
f 1990 1988 1993
f 1990 1993 1994
f 1821 1993 1819
f 1819 1993 1988
f 1992 1995 1991
f 1995 1997 1996
f 1995 1996 1822
f 1991 1995 1822
f 1820 1991 1822
f 1996 1824 1822
f 1998 1994 1993
f 1993 1821 1998
f 1821 1999 1998
f 1821 1825 1999
f 1997 2000 1996
f 1996 2000 1824
f 2000 1826 1824
f 2000 2001 1826
f 1827 1826 2001
f 1827 2001 2002
f 1828 1999 1825
f 1828 2003 1999
f 2002 1829 1827
f 2004 1829 2002
f 1831 2003 1828
f 1831 2005 2003
f 1832 1829 2006
f 1829 2007 2006
f 1829 2004 2007
f 2006 1833 1832
f 2009 2008 1834
f 2009 1834 1835
f 1831 1834 2005
f 2005 1834 2008
f 2007 2010 2006
f 1833 2006 2010
f 2011 1833 2010
f 1837 1833 2011
f 2013 2012 1838
f 2013 1838 1839
f 1835 1838 2009
f 2009 1838 2012
f 2011 2014 1837
f 1837 2014 1840
f 1841 1840 2014
f 1841 2014 2015
f 1842 2013 1839
f 1842 2016 2013
f 1843 1841 2017
f 1841 2018 2017
f 1841 2015 2018
f 2017 1844 1843
f 2020 2019 1845
f 2020 1845 1846
f 1842 1845 2016
f 2016 1845 2019
f 2018 2021 2017
f 1844 2017 2021
f 2022 1844 2021
f 1848 1844 2022
f 1850 2023 1849
f 2023 2024 1849
f 2024 1846 1849
f 2024 2020 1846
f 2022 2025 1848
f 1848 2025 1851
f 2025 2027 2026
f 1852 2025 2026
f 1851 2025 1852
f 2026 1853 1852
f 2029 2028 2023
f 1850 2029 2023
f 1854 2029 1850
f 2023 2028 2024
f 2027 2030 2026
f 2030 2032 2031
f 2030 2031 1855
f 2026 2030 1855
f 1853 2026 1855
f 2031 1856 1855
f 2034 2033 1859
f 2034 1859 1858
f 1854 1859 2029
f 2029 1859 2033
f 2032 2035 2031
f 2031 2035 1856
f 2035 1860 1856
f 2035 2036 1860
f 1862 1860 2036
f 1862 2036 2037
f 2039 2038 1863
f 2039 1863 1864
f 1863 2040 1865
f 2038 2040 1863
f 1858 1865 2034
f 2034 1865 2040
f 2037 2041 1862
f 1862 2041 1866
f 1866 2042 1867
f 2041 2042 1866
f 1869 1867 2042
f 1869 2042 2043
f 1871 2044 1870
f 1870 2044 2045
f 2046 1870 2045
f 1872 1870 2046
f 1864 1872 2039
f 2039 1872 2046
f 2043 2047 1869
f 1869 2047 1873
f 2047 2049 2048
f 1874 2047 2048
f 1873 2047 1874
f 2048 1875 1874
f 1877 2050 1876
f 2051 1878 1876
f 2051 1876 2050
f 2052 1879 1878
f 2052 1878 2051
f 2053 1880 1879
f 2053 1879 2052
f 2054 1881 1880
f 2054 1880 2053
f 2055 1882 1881
f 2055 1881 2054
f 1882 2055 2056
f 2057 1882 2056
f 1883 1882 2057
f 1871 1883 2044
f 1883 2058 2044
f 1883 2057 2058
f 2044 2058 2045
f 2049 2059 2048
f 2048 2059 1875
f 2059 1884 1875
f 2059 2060 1884
f 1884 2061 1885
f 2060 2061 1884
f 1885 2062 1886
f 2061 2062 1885
f 1886 2062 1877
f 2062 2063 1877
f 2063 2050 1877
f 2063 2062 2064
f 2066 2051 2065
f 2051 2063 2065
f 2051 2050 2063
f 2051 2066 2052
f 2052 2066 2067
f 2052 2067 2053
f 2053 2067 2068
f 2053 2068 2054
f 2054 2068 2069
f 2054 2069 2055
f 2055 2069 2070
f 2055 2070 2056
f 2064 2071 2063
f 2063 2071 2065
f 2074 2073 2072
f 2076 2075 2072
f 2072 2075 2074
f 2078 2077 2076
f 2076 2077 2075
f 2080 2079 2078
f 2078 2079 2077
f 2082 2081 2080
f 2080 2081 2079
f 2084 2083 2082
f 2082 2083 2081
f 1888 1889 2084
f 1889 2083 2084
f 1889 2085 2083
f 2087 2086 1890
f 2086 1889 1890
f 2086 2085 1889
f 2089 2088 2087
f 2087 2088 2086
f 2091 2090 2089
f 2089 2090 2088
f 2093 2092 2091
f 2091 2092 2090
f 2093 2094 2092
f 2097 2096 2095
f 2095 2098 2097
f 2101 2100 2099
f 2103 2102 2099
f 2099 2102 2101
f 2105 2104 2103
f 2103 2104 2102
f 2107 2106 2105
f 2105 2106 2104
f 2106 2107 2073
f 2107 2072 2073
f 2107 2108 2072
f 2108 1892 1893
f 2076 2108 1893
f 2072 2108 2076
f 2076 1893 1894
f 2076 1894 2078
f 2078 1894 1896
f 2109 2078 1896
f 2080 2078 2109
f 2109 1898 1899
f 2082 2109 1899
f 2080 2109 2082
f 2082 1899 1900
f 2082 1900 2084
f 2084 1900 1888
f 1901 2087 1890
f 2087 1901 1902
f 2087 1902 2089
f 2089 1902 1904
f 2089 1904 2091
f 2091 1904 1905
f 2091 1905 2093
f 2110 2094 2093
f 1905 2110 2093
f 1907 2110 1905
f 1909 2095 2096
f 2110 1909 2096
f 1907 1909 2110
f 2111 2098 2095
f 1909 2111 2095
f 1911 2111 1909
f 2112 1911 1913
f 2112 2111 1911
f 2113 1913 1915
f 2113 2112 1913
f 1915 1917 2113
f 2113 1917 2114
f 2099 2100 1920
f 2100 1919 1920
f 2100 2115 1919
f 2099 1920 1921
f 2099 1921 2103
f 2103 1921 1923
f 2103 1923 2105
f 2105 1923 1925
f 2105 1925 2107
f 2107 1925 1927
f 2107 1927 2108
f 2108 1927 1892
f 1930 2109 1896
f 2109 1930 1898
f 2116 2114 1917
f 2116 1917 1932
f 1932 1934 2116
f 2116 1934 2117
f 2119 2118 1937
f 1937 2118 1936
f 1937 1919 2115
f 1937 2115 2119
f 2120 2117 1934
f 2120 1934 1939
f 2121 1939 1940
f 2121 2120 1939
f 1940 1941 2121
f 2121 1941 2122
f 2118 1943 1936
f 2123 1943 2118
f 2124 2122 1941
f 2124 1941 1944
f 2125 1944 1945
f 2125 2124 1944
f 1945 1947 2125
f 2125 1947 2126
f 2128 2127 1950
f 1950 2127 1949
f 1950 1943 2123
f 1950 2123 2128
f 2129 2126 1947
f 2129 1947 1951
f 1951 1952 2129
f 2129 1952 2130
f 2127 1953 1949
f 2131 1953 2127
f 1954 2130 1952
f 1954 2132 2130
f 2135 2134 2133
f 2131 2135 2133
f 1955 2131 2133
f 1953 2131 1955
f 2136 2132 1954
f 2136 1954 1956
f 2138 2136 2137
f 2136 1957 2137
f 2136 1956 1957
f 1958 2137 1957
f 2133 2134 1961
f 2134 1960 1961
f 2134 2139 1960
f 2133 1961 1955
f 2140 2138 2137
f 2137 1958 2140
f 1958 2141 2140
f 1958 1963 2141
f 2139 1965 1960
f 2142 1965 2139
f 1967 2144 2143
f 2141 1967 2143
f 1963 1967 2141
f 2144 2145 2143
f 2148 2147 2146
f 2142 2148 2146
f 1968 2142 2146
f 1965 2142 1968
f 1969 2144 1967
f 1969 1970 2144
f 1970 2145 2144
f 1970 2149 2145
f 2146 2147 2150
f 2150 2147 2151
f 2150 1971 1968
f 2150 1968 2146
f 1972 2149 1970
f 1972 2152 2149
f 2150 2151 2153
f 2153 2151 2154
f 2153 1973 1971
f 2153 1971 2150
f 2155 2152 1972
f 2155 1972 1974
f 1974 1975 2155
f 2155 1975 2156
f 2153 2154 2157
f 2157 2154 2158
f 2157 1976 1973
f 2157 1973 2153
f 1977 2156 1975
f 1977 2159 2156
f 2157 2158 2160
f 2160 2158 2161
f 2160 1978 1976
f 2160 1976 2157
f 1979 2159 1977
f 1979 2162 2159
f 2160 2161 2163
f 2163 2161 2164
f 2163 1980 1978
f 2163 1978 2160
f 1981 2162 1979
f 1981 2165 2162
f 2163 2164 2166
f 2166 2164 2167
f 2166 1982 1980
f 2166 1980 2163
f 1983 2165 1981
f 1983 2168 2165
f 2166 2167 2169
f 2169 2167 2170
f 2169 1984 1982
f 2169 1982 2166
f 1985 2168 1983
f 1985 2171 2168
f 2169 2170 2172
f 2172 2170 2173
f 2172 1987 1984
f 2172 1984 2169
f 2175 2174 1989
f 2175 1989 1990
f 1985 1989 2171
f 2171 1989 2174
f 2173 2176 2172
f 1987 2172 2176
f 2177 1987 2176
f 1992 1987 2177
f 1994 2175 1990
f 1994 2178 2175
f 1995 1992 2179
f 1992 2180 2179
f 1992 2177 2180
f 2179 1997 1995
f 1994 1998 2181
f 2182 1994 2181
f 2178 1994 2182
f 1999 2181 1998
f 2180 2183 2179
f 2183 2185 2184
f 2183 2184 2000
f 2179 2183 2000
f 1997 2179 2000
f 2186 2001 2000
f 2186 2000 2184
f 2186 2002 2001
f 2187 2182 2181
f 2181 1999 2187
f 1999 2188 2187
f 1999 2003 2188
f 2185 2189 2184
f 2184 2189 2186
f 2186 2189 2190
f 2002 2186 2190
f 2191 2002 2190
f 2004 2002 2191
f 2005 2188 2003
f 2005 2192 2188
f 2191 2007 2004
f 2193 2007 2191
f 2195 2194 2008
f 2195 2008 2009
f 2005 2008 2192
f 2192 2008 2194
f 2193 2196 2007
f 2007 2196 2010
f 2011 2010 2196
f 2011 2196 2197
f 2199 2198 2012
f 2199 2012 2013
f 2009 2012 2195
f 2195 2012 2198
f 2014 2011 2200
f 2011 2201 2200
f 2011 2197 2201
f 2200 2015 2014
f 2016 2199 2013
f 2016 2202 2199
f 2201 2203 2200
f 2015 2200 2203
f 2204 2015 2203
f 2018 2015 2204
f 2206 2205 2019
f 2206 2019 2020
f 2016 2019 2202
f 2202 2019 2205
f 2204 2207 2018
f 2018 2207 2021
f 2022 2021 2207
f 2022 2207 2208
f 2024 2206 2020
f 2024 2209 2206
f 2208 2210 2022
f 2022 2210 2025
f 2027 2025 2210
f 2027 2210 2211
f 2213 2212 2028
f 2213 2028 2029
f 2024 2028 2209
f 2209 2028 2212
f 2211 2214 2027
f 2027 2214 2030
f 2032 2030 2214
f 2032 2214 2215
f 2217 2216 2033
f 2217 2033 2034
f 2029 2033 2213
f 2213 2033 2216
f 2215 2218 2032
f 2032 2218 2035
f 2218 2220 2219
f 2036 2218 2219
f 2035 2218 2036
f 2219 2037 2036
f 2039 2221 2038
f 2038 2221 2222
f 2223 2038 2222
f 2040 2038 2223
f 2034 2040 2217
f 2217 2040 2223
f 2220 2224 2219
f 2219 2224 2037
f 2224 2041 2037
f 2224 2225 2041
f 2041 2226 2042
f 2225 2226 2041
f 2043 2042 2226
f 2043 2226 2227
f 2229 2228 2046
f 2229 2046 2045
f 2039 2046 2221
f 2046 2230 2221
f 2046 2228 2230
f 2221 2230 2222
f 2227 2231 2043
f 2043 2231 2047
f 2233 2232 2049
f 2047 2233 2049
f 2231 2233 2047
f 2234 2232 2233
f 2056 2235 2057
f 2057 2235 2236
f 2237 2057 2236
f 2058 2057 2237
f 2045 2058 2229
f 2229 2058 2237
f 2232 2059 2049
f 2234 2238 2232
f 2238 2059 2232
f 2238 2060 2059
f 2060 2239 2061
f 2238 2239 2060
f 2061 2240 2062
f 2239 2240 2061
f 2064 2062 2240
f 2064 2240 2241
f 2243 2242 2066
f 2243 2066 2065
f 2066 2244 2067
f 2242 2244 2066
f 2067 2245 2068
f 2244 2245 2067
f 2068 2246 2069
f 2245 2246 2068
f 2069 2247 2070
f 2246 2247 2069
f 2056 2070 2235
f 2070 2248 2235
f 2070 2247 2248
f 2235 2248 2236
f 2241 2249 2064
f 2064 2249 2071
f 2065 2071 2243
f 2243 2071 2249
f 2252 2251 2250
f 2254 2253 2250
f 2250 2253 2252
f 2254 2255 2253
f 2258 2257 2256
f 2073 2074 2256
f 2074 2258 2256
f 2074 2259 2258
f 2075 2250 2251
f 2259 2075 2251
f 2074 2075 2259
f 2250 2075 2077
f 2250 2077 2254
f 2260 2255 2254
f 2077 2260 2254
f 2079 2260 2077
f 2261 2079 2081
f 2261 2260 2079
f 2262 2081 2083
f 2262 2261 2081
f 2263 2083 2085
f 2263 2262 2083
f 2264 2085 2086
f 2264 2263 2085
f 2265 2086 2088
f 2265 2264 2086
f 2266 2088 2090
f 2266 2265 2088
f 2267 2090 2092
f 2267 2266 2090
f 2269 2268 2094
f 2268 2092 2094
f 2268 2267 2092
f 2096 2097 2269
f 2097 2268 2269
f 2097 2270 2268
f 2272 2271 2098
f 2271 2097 2098
f 2271 2270 2097
f 2274 2273 2272
f 2272 2273 2271
f 2274 2275 2273
f 2277 2276 2101
f 2101 2276 2100
f 2278 2101 2102
f 2278 2277 2101
f 2279 2102 2104
f 2279 2278 2102
f 2106 2256 2257
f 2279 2106 2257
f 2104 2106 2279
f 2256 2106 2073
f 2110 2269 2094
f 2269 2110 2096
f 2111 2272 2098
f 2272 2111 2112
f 2272 2112 2274
f 2280 2275 2274
f 2112 2280 2274
f 2113 2280 2112
f 2113 2114 2280
f 2280 2114 2281
f 2284 2283 2282
f 2276 2284 2282
f 2115 2276 2282
f 2100 2276 2115
f 2285 2281 2114
f 2285 2114 2116
f 2116 2117 2285
f 2285 2117 2286
f 2282 2283 2119
f 2283 2118 2119
f 2283 2287 2118
f 2282 2119 2115
f 2288 2286 2117
f 2288 2117 2120
f 2289 2120 2121
f 2289 2288 2120
f 2121 2122 2289
f 2289 2122 2290
f 2293 2292 2291
f 2287 2293 2291
f 2123 2287 2291
f 2118 2287 2123
f 2294 2290 2122
f 2294 2122 2124
f 2296 2294 2295
f 2294 2125 2295
f 2294 2124 2125
f 2126 2295 2125
f 2291 2292 2128
f 2292 2127 2128
f 2292 2297 2127
f 2291 2128 2123
f 2296 2295 2298
f 2296 2298 2299
f 2129 2300 2126
f 2300 2295 2126
f 2300 2298 2295
f 2130 2300 2129
f 2297 2131 2127
f 2301 2131 2297
f 2302 2299 2298
f 2304 2303 2302
f 2298 2304 2302
f 2300 2304 2298
f 2132 2304 2130
f 2130 2304 2300
f 2306 2305 2135
f 2135 2305 2134
f 2135 2131 2301
f 2135 2301 2306
f 2307 2303 2304
f 2309 2307 2308
f 2308 2307 2136
f 2307 2304 2136
f 2304 2132 2136
f 2138 2308 2136
f 2305 2139 2134
f 2310 2139 2305
f 2311 2309 2308
f 2313 2311 2312
f 2312 2311 2140
f 2311 2308 2140
f 2308 2138 2140
f 2141 2312 2140
f 2316 2315 2314
f 2310 2316 2314
f 2142 2310 2314
f 2139 2310 2142
f 2317 2313 2312
f 2319 2317 2318
f 2318 2317 2143
f 2317 2312 2143
f 2312 2141 2143
f 2145 2318 2143
f 2314 2315 2148
f 2315 2147 2148
f 2315 2320 2147
f 2314 2148 2142
f 2321 2319 2318
f 2318 2145 2321
f 2145 2322 2321
f 2145 2149 2322
f 2320 2151 2147
f 2323 2151 2320
f 2152 2322 2149
f 2152 2324 2322
f 2323 2154 2151
f 2325 2154 2323
f 2326 2324 2152
f 2326 2152 2155
f 2155 2156 2326
f 2326 2156 2327
f 2325 2158 2154
f 2328 2158 2325
f 2159 2327 2156
f 2159 2329 2327
f 2328 2161 2158
f 2330 2161 2328
f 2162 2329 2159
f 2162 2331 2329
f 2330 2164 2161
f 2332 2164 2330
f 2165 2331 2162
f 2165 2333 2331
f 2332 2167 2164
f 2334 2167 2332
f 2168 2333 2165
f 2168 2335 2333
f 2334 2170 2167
f 2336 2170 2334
f 2171 2335 2168
f 2171 2337 2335
f 2336 2173 2170
f 2338 2173 2336
f 2340 2339 2174
f 2340 2174 2175
f 2171 2174 2337
f 2337 2174 2339
f 2338 2341 2173
f 2173 2341 2176
f 2177 2176 2341
f 2177 2341 2342
f 2178 2340 2175
f 2178 2343 2340
f 2342 2180 2177
f 2344 2180 2342
f 2182 2343 2178
f 2182 2345 2343
f 2344 2346 2180
f 2180 2346 2183
f 2185 2183 2346
f 2185 2346 2347
f 2182 2187 2348
f 2349 2182 2348
f 2345 2182 2349
f 2188 2348 2187
f 2189 2185 2350
f 2185 2351 2350
f 2185 2347 2351
f 2352 2190 2189
f 2352 2189 2350
f 2352 2191 2190
f 2349 2348 2353
f 2349 2353 2354
f 2192 2353 2188
f 2188 2353 2348
f 2351 2355 2350
f 2350 2355 2352
f 2352 2355 2356
f 2191 2352 2356
f 2357 2191 2356
f 2193 2191 2357
f 2354 2353 2194
f 2195 2354 2194
f 2358 2354 2195
f 2194 2353 2192
f 2357 2359 2193
f 2193 2359 2196
f 2197 2196 2359
f 2197 2359 2360
f 2362 2361 2198
f 2362 2198 2199
f 2195 2198 2358
f 2358 2198 2361
f 2360 2201 2197
f 2363 2201 2360
f 2202 2362 2199
f 2202 2364 2362
f 2363 2365 2201
f 2201 2365 2203
f 2204 2203 2365
f 2204 2365 2366
f 2368 2367 2205
f 2368 2205 2206
f 2202 2205 2364
f 2364 2205 2367
f 2366 2369 2204
f 2204 2369 2207
f 2208 2207 2369
f 2208 2369 2370
f 2209 2368 2206
f 2209 2371 2368
f 2370 2372 2208
f 2208 2372 2210
f 2211 2210 2372
f 2211 2372 2373
f 2375 2374 2212
f 2375 2212 2213
f 2209 2212 2371
f 2371 2212 2374
f 2373 2376 2211
f 2211 2376 2214
f 2215 2214 2376
f 2215 2376 2377
f 2379 2378 2216
f 2379 2216 2217
f 2213 2216 2375
f 2375 2216 2378
f 2377 2380 2215
f 2215 2380 2218
f 2220 2218 2380
f 2220 2380 2381
f 2383 2382 2223
f 2383 2223 2222
f 2217 2223 2379
f 2379 2223 2382
f 2381 2384 2220
f 2220 2384 2224
f 2224 2385 2225
f 2384 2385 2224
f 2225 2386 2226
f 2385 2386 2225
f 2227 2226 2386
f 2227 2386 2387
f 2389 2388 2228
f 2389 2228 2229
f 2228 2390 2230
f 2388 2390 2228
f 2222 2230 2383
f 2383 2230 2390
f 2387 2391 2227
f 2227 2391 2231
f 2231 2392 2233
f 2391 2392 2231
f 2234 2233 2392
f 2234 2392 2393
f 2396 2395 2394
f 2237 2236 2394
f 2395 2237 2394
f 2397 2237 2395
f 2229 2237 2389
f 2389 2237 2397
f 2393 2398 2234
f 2234 2398 2238
f 2238 2399 2239
f 2398 2399 2238
f 2399 2401 2400
f 2240 2399 2400
f 2239 2399 2240
f 2400 2241 2240
f 2243 2402 2242
f 2242 2402 2403
f 2404 2242 2403
f 2244 2242 2404
f 2244 2405 2245
f 2404 2405 2244
f 2245 2406 2246
f 2405 2406 2245
f 2246 2407 2247
f 2406 2407 2246
f 2394 2248 2396
f 2248 2407 2396
f 2248 2247 2407
f 2248 2394 2236
f 2401 2408 2400
f 2400 2408 2241
f 2408 2249 2241
f 2408 2409 2249
f 2243 2249 2402
f 2249 2410 2402
f 2249 2409 2410
f 2402 2410 2403
f 2413 2412 2411
f 2415 2414 2411
f 2411 2414 2413
f 2251 2252 2415
f 2252 2414 2415
f 2252 2416 2414
f 2417 2252 2253
f 2417 2416 2252
f 2419 2418 2255
f 2418 2253 2255
f 2418 2417 2253
f 2421 2420 2419
f 2419 2420 2418
f 2421 2422 2420
f 2425 2424 2423
f 2423 2426 2425
f 2429 2428 2427
f 2431 2430 2427
f 2427 2430 2429
f 2433 2432 2431
f 2431 2432 2430
f 2432 2433 2412
f 2412 2433 2411
f 2433 2257 2411
f 2257 2258 2411
f 2411 2258 2259
f 2411 2259 2415
f 2415 2259 2251
f 2260 2419 2255
f 2419 2260 2261
f 2419 2261 2421
f 2434 2422 2421
f 2261 2434 2421
f 2262 2434 2261
f 2435 2262 2263
f 2435 2434 2262
f 2436 2263 2264
f 2436 2435 2263
f 2437 2264 2265
f 2437 2436 2264
f 2438 2265 2266
f 2438 2437 2265
f 2267 2423 2424
f 2438 2267 2424
f 2266 2267 2438
f 2439 2426 2423
f 2267 2439 2423
f 2268 2439 2267
f 2440 2268 2270
f 2440 2439 2268
f 2441 2270 2271
f 2441 2440 2270
f 2442 2271 2273
f 2442 2441 2271
f 2273 2275 2442
f 2442 2275 2443
f 2427 2428 2277
f 2428 2276 2277
f 2428 2444 2276
f 2427 2277 2278
f 2427 2278 2431
f 2431 2278 2279
f 2431 2279 2433
f 2433 2279 2257
f 2445 2443 2275
f 2445 2275 2280
f 2280 2281 2445
f 2445 2281 2446
f 2448 2447 2284
f 2284 2447 2283
f 2284 2276 2444
f 2284 2444 2448
f 2449 2446 2281
f 2449 2281 2285
f 2285 2286 2449
f 2449 2286 2450
f 2447 2287 2283
f 2451 2287 2447
f 2452 2450 2286
f 2452 2286 2288
f 2453 2288 2289
f 2453 2452 2288
f 2289 2290 2453
f 2453 2290 2454
f 2456 2455 2293
f 2293 2455 2292
f 2293 2287 2451
f 2293 2451 2456
f 2457 2454 2290
f 2457 2290 2294
f 2294 2296 2457
f 2457 2296 2458
f 2455 2297 2292
f 2459 2297 2455
f 2299 2458 2296
f 2299 2460 2458
f 2459 2301 2297
f 2461 2301 2459
f 2462 2460 2299
f 2462 2299 2302
f 2302 2303 2462
f 2462 2303 2463
f 2465 2464 2306
f 2306 2464 2305
f 2306 2301 2461
f 2306 2461 2465
f 2466 2463 2303
f 2466 2303 2307
f 2307 2309 2466
f 2466 2309 2467
f 2464 2310 2305
f 2468 2310 2464
f 2469 2467 2309
f 2469 2309 2311
f 2311 2313 2469
f 2469 2313 2470
f 2472 2471 2316
f 2316 2471 2315
f 2316 2310 2468
f 2316 2468 2472
f 2313 2317 2473
f 2474 2313 2473
f 2470 2313 2474
f 2319 2473 2317
f 2471 2320 2315
f 2475 2320 2471
f 2476 2474 2473
f 2478 2476 2477
f 2477 2476 2321
f 2476 2473 2321
f 2473 2319 2321
f 2322 2477 2321
f 2475 2323 2320
f 2479 2323 2475
f 2480 2478 2477
f 2477 2322 2480
f 2322 2481 2480
f 2322 2324 2481
f 2479 2325 2323
f 2482 2325 2479
f 2324 2326 2483
f 2484 2324 2483
f 2481 2324 2484
f 2327 2483 2326
f 2482 2328 2325
f 2485 2328 2482
f 2484 2483 2486
f 2484 2486 2487
f 2329 2486 2327
f 2327 2486 2483
f 2485 2330 2328
f 2488 2330 2485
f 2489 2487 2486
f 2486 2329 2489
f 2329 2490 2489
f 2329 2331 2490
f 2488 2332 2330
f 2491 2332 2488
f 2333 2490 2331
f 2333 2492 2490
f 2491 2334 2332
f 2493 2334 2491
f 2335 2492 2333
f 2335 2494 2492
f 2493 2336 2334
f 2495 2336 2493
f 2498 2497 2496
f 2497 2494 2496
f 2494 2337 2496
f 2494 2335 2337
f 2495 2338 2336
f 2499 2338 2495
f 2498 2496 2339
f 2340 2498 2339
f 2500 2498 2340
f 2339 2496 2337
f 2499 2501 2338
f 2338 2501 2341
f 2342 2341 2501
f 2342 2501 2502
f 2343 2500 2340
f 2343 2503 2500
f 2502 2344 2342
f 2504 2344 2502
f 2345 2503 2343
f 2345 2505 2503
f 2346 2344 2506
f 2344 2507 2506
f 2344 2504 2507
f 2506 2347 2346
f 2510 2509 2508
f 2509 2505 2508
f 2505 2349 2508
f 2505 2345 2349
f 2507 2511 2506
f 2351 2347 2506
f 2512 2351 2506
f 2511 2512 2506
f 2351 2512 2513
f 2514 2513 2512
f 2510 2508 2515
f 2510 2515 2516
f 2354 2515 2349
f 2349 2515 2508
f 2513 2355 2351
f 2356 2355 2513
f 2517 2356 2513
f 2514 2517 2513
f 2518 2356 2517
f 2518 2357 2356
f 2519 2516 2515
f 2515 2354 2519
f 2354 2520 2519
f 2354 2358 2520
f 2517 2521 2518
f 2518 2521 2357
f 2521 2359 2357
f 2521 2522 2359
f 2360 2359 2522
f 2360 2522 2523
f 2525 2524 2361
f 2525 2361 2362
f 2358 2361 2520
f 2520 2361 2524
f 2523 2363 2360
f 2526 2363 2523
f 2364 2525 2362
f 2364 2527 2525
f 2526 2528 2363
f 2363 2528 2365
f 2366 2365 2528
f 2366 2528 2529
f 2531 2530 2367
f 2531 2367 2368
f 2364 2367 2527
f 2527 2367 2530
f 2529 2532 2366
f 2366 2532 2369
f 2370 2369 2532
f 2370 2532 2533
f 2371 2531 2368
f 2371 2534 2531
f 2533 2535 2370
f 2370 2535 2372
f 2373 2372 2535
f 2373 2535 2536
f 2538 2537 2374
f 2538 2374 2375
f 2371 2374 2534
f 2534 2374 2537
f 2536 2539 2373
f 2373 2539 2376
f 2377 2376 2539
f 2377 2539 2540
f 2542 2541 2378
f 2542 2378 2379
f 2375 2378 2538
f 2538 2378 2541
f 2540 2543 2377
f 2377 2543 2380
f 2545 2544 2381
f 2380 2545 2381
f 2543 2545 2380
f 2546 2544 2545
f 2548 2547 2382
f 2548 2382 2383
f 2379 2382 2542
f 2542 2382 2547
f 2544 2384 2381
f 2546 2549 2544
f 2549 2384 2544
f 2549 2385 2384
f 2549 2551 2550
f 2386 2549 2550
f 2385 2549 2386
f 2550 2387 2386
f 2553 2552 2388
f 2553 2388 2389
f 2388 2554 2390
f 2552 2554 2388
f 2383 2390 2548
f 2548 2390 2554
f 2551 2555 2550
f 2550 2555 2387
f 2555 2391 2387
f 2555 2556 2391
f 2391 2557 2392
f 2556 2557 2391
f 2393 2392 2557
f 2393 2557 2558
f 2561 2560 2559
f 2395 2396 2559
f 2560 2395 2559
f 2562 2395 2560
f 2395 2563 2397
f 2562 2563 2395
f 2389 2397 2553
f 2553 2397 2563
f 2558 2564 2393
f 2393 2564 2398
f 2398 2565 2399
f 2564 2565 2398
f 2401 2399 2565
f 2401 2565 2566
f 2568 2567 2404
f 2568 2404 2403
f 2404 2569 2405
f 2567 2569 2404
f 2405 2570 2406
f 2569 2570 2405
f 2559 2407 2561
f 2407 2570 2561
f 2407 2406 2570
f 2407 2559 2396
f 2566 2571 2401
f 2401 2571 2408
f 2408 2572 2409
f 2571 2572 2408
f 2409 2573 2410
f 2572 2573 2409
f 2403 2410 2568
f 2568 2410 2573
f 2576 2575 2574
f 2574 2577 2576
f 2580 2579 2578
f 2412 2413 2578
f 2413 2580 2578
f 2413 2581 2580
f 2414 2574 2575
f 2581 2414 2575
f 2413 2414 2581
f 2582 2577 2574
f 2414 2582 2574
f 2416 2582 2414
f 2583 2416 2417
f 2583 2582 2416
f 2584 2417 2418
f 2584 2583 2417
f 2585 2418 2420
f 2585 2584 2418
f 2587 2586 2422
f 2586 2420 2422
f 2586 2585 2420
f 2587 2588 2586
f 2591 2590 2589
f 2424 2425 2589
f 2425 2591 2589
f 2425 2592 2591
f 2594 2593 2426
f 2593 2425 2426
f 2593 2592 2425
f 2596 2595 2594
f 2594 2595 2593
f 2596 2597 2595
f 2599 2598 2429
f 2429 2598 2428
f 2600 2429 2430
f 2600 2599 2429
f 2432 2578 2579
f 2600 2432 2579
f 2430 2432 2600
f 2578 2432 2412
f 2434 2587 2422
f 2601 2588 2587
f 2434 2601 2587
f 2435 2601 2434
f 2602 2435 2436
f 2602 2601 2435
f 2603 2436 2437
f 2603 2602 2436
f 2438 2589 2590
f 2603 2438 2590
f 2437 2438 2603
f 2589 2438 2424
f 2439 2594 2426
f 2594 2439 2440
f 2594 2440 2596
f 2604 2597 2596
f 2440 2604 2596
f 2441 2604 2440
f 2605 2441 2442
f 2605 2604 2441
f 2442 2443 2605
f 2605 2443 2606
f 2609 2608 2607
f 2598 2609 2607
f 2444 2598 2607
f 2428 2598 2444
f 2610 2606 2443
f 2610 2443 2445
f 2445 2446 2610
f 2610 2446 2611
f 2613 2612 2608
f 2612 2447 2608
f 2448 2607 2608
f 2448 2608 2447
f 2448 2444 2607
f 2612 2613 2614
f 2615 2611 2446
f 2615 2446 2449
f 2449 2450 2615
f 2615 2450 2616
f 2618 2617 2612
f 2617 2447 2612
f 2617 2451 2447
f 2618 2612 2614
f 2619 2616 2450
f 2619 2450 2452
f 2621 2619 2620
f 2619 2453 2620
f 2619 2452 2453
f 2454 2620 2453
f 2622 2455 2456
f 2623 2622 2456
f 2451 2623 2456
f 2617 2623 2451
f 2624 2621 2620
f 2626 2624 2625
f 2625 2624 2457
f 2624 2620 2457
f 2620 2454 2457
f 2458 2625 2457
f 2628 2627 2622
f 2627 2455 2622
f 2627 2459 2455
f 2628 2622 2623
f 2629 2626 2625
f 2625 2458 2629
f 2458 2630 2629
f 2458 2460 2630
f 2627 2461 2459
f 2631 2461 2627
f 2632 2630 2460
f 2632 2460 2462
f 2634 2633 2463
f 2633 2462 2463
f 2633 2632 2462
f 2636 2635 2634
f 2634 2635 2633
f 2636 2637 2635
f 2638 2464 2465
f 2639 2638 2465
f 2461 2639 2465
f 2631 2639 2461
f 2466 2634 2463
f 2634 2466 2467
f 2640 2634 2467
f 2636 2634 2640
f 2637 2636 2641
f 2641 2636 2640
f 2643 2642 2638
f 2642 2464 2638
f 2642 2468 2464
f 2643 2638 2639
f 2469 2640 2467
f 2469 2470 2640
f 2470 2641 2640
f 2470 2644 2641
f 2646 2645 2472
f 2472 2645 2471
f 2472 2468 2642
f 2472 2642 2646
f 2474 2644 2470
f 2474 2647 2644
f 2645 2475 2471
f 2648 2475 2645
f 2649 2647 2474
f 2649 2474 2476
f 2476 2478 2649
f 2649 2478 2650
f 2648 2479 2475
f 2651 2479 2648
f 2478 2480 2652
f 2653 2478 2652
f 2650 2478 2653
f 2481 2652 2480
f 2651 2482 2479
f 2654 2482 2651
f 2655 2653 2652
f 2652 2481 2655
f 2481 2656 2655
f 2481 2484 2656
f 2654 2485 2482
f 2657 2485 2654
f 2487 2656 2484
f 2487 2658 2656
f 2657 2488 2485
f 2659 2488 2657
f 2487 2489 2660
f 2661 2487 2660
f 2658 2487 2661
f 2490 2660 2489
f 2659 2491 2488
f 2662 2491 2659
f 2661 2660 2663
f 2661 2663 2664
f 2492 2663 2490
f 2490 2663 2660
f 2662 2493 2491
f 2665 2493 2662
f 2666 2664 2663
f 2663 2492 2666
f 2492 2667 2666
f 2492 2494 2667
f 2665 2495 2493
f 2668 2495 2665
f 2670 2669 2497
f 2670 2497 2498
f 2494 2497 2667
f 2667 2497 2669
f 2668 2499 2495
f 2671 2499 2668
f 2500 2670 2498
f 2500 2672 2670
f 2671 2673 2499
f 2499 2673 2501
f 2502 2501 2673
f 2502 2673 2674
f 2503 2672 2500
f 2503 2675 2672
f 2674 2504 2502
f 2676 2504 2674
f 2679 2678 2677
f 2678 2675 2677
f 2675 2505 2677
f 2675 2503 2505
f 2681 2507 2680
f 2507 2676 2680
f 2507 2504 2676
f 2682 2681 2680
f 2679 2677 2509
f 2510 2679 2509
f 2683 2679 2510
f 2509 2677 2505
f 2681 2511 2507
f 2512 2511 2681
f 2684 2512 2681
f 2682 2684 2681
f 2685 2512 2684
f 2685 2514 2512
f 2516 2683 2510
f 2516 2686 2683
f 2684 2687 2685
f 2514 2685 2687
f 2688 2514 2687
f 2517 2514 2688
f 2516 2519 2689
f 2690 2516 2689
f 2686 2516 2690
f 2520 2689 2519
f 2688 2691 2517
f 2517 2691 2521
f 2691 2693 2692
f 2522 2691 2692
f 2521 2691 2522
f 2692 2523 2522
f 2690 2689 2524
f 2525 2690 2524
f 2694 2690 2525
f 2524 2689 2520
f 2693 2695 2692
f 2523 2692 2695
f 2696 2523 2695
f 2526 2523 2696
f 2699 2698 2697
f 2698 2694 2697
f 2694 2527 2697
f 2694 2525 2527
f 2696 2700 2526
f 2526 2700 2528
f 2529 2528 2700
f 2529 2700 2701
f 2699 2697 2530
f 2531 2699 2530
f 2702 2699 2531
f 2530 2697 2527
f 2701 2703 2529
f 2529 2703 2532
f 2533 2532 2703
f 2533 2703 2704
f 2534 2702 2531
f 2534 2705 2702
f 2704 2706 2533
f 2533 2706 2535
f 2536 2535 2706
f 2536 2706 2707
f 2709 2708 2537
f 2709 2537 2538
f 2534 2537 2705
f 2705 2537 2708
f 2707 2710 2536
f 2536 2710 2539
f 2540 2539 2710
f 2540 2710 2711
f 2713 2712 2541
f 2713 2541 2542
f 2538 2541 2709
f 2709 2541 2712
f 2711 2714 2540
f 2540 2714 2543
f 2543 2715 2545
f 2714 2715 2543
f 2546 2545 2715
f 2546 2715 2716
f 2718 2717 2547
f 2718 2547 2548
f 2542 2547 2713
f 2713 2547 2717
f 2716 2719 2546
f 2546 2719 2549
f 2721 2720 2551
f 2549 2721 2551
f 2719 2721 2549
f 2722 2720 2721
f 2724 2723 2552
f 2724 2552 2553
f 2552 2725 2554
f 2723 2725 2552
f 2548 2554 2718
f 2718 2554 2725
f 2720 2555 2551
f 2722 2726 2720
f 2726 2555 2720
f 2726 2556 2555
f 2556 2727 2557
f 2726 2727 2556
f 2729 2728 2558
f 2557 2729 2558
f 2727 2729 2557
f 2730 2728 2729
f 2733 2732 2731
f 2560 2561 2731
f 2732 2560 2731
f 2734 2560 2732
f 2560 2735 2562
f 2734 2735 2560
f 2562 2736 2563
f 2735 2736 2562
f 2553 2563 2724
f 2724 2563 2736
f 2728 2564 2558
f 2730 2737 2728
f 2737 2564 2728
f 2737 2565 2564
f 2739 2738 2566
f 2565 2739 2566
f 2737 2739 2565
f 2741 2740 2738
f 2741 2738 2739
f 2743 2742 2740
f 2743 2740 2741
f 2743 2568 2742
f 2743 2567 2568
f 2743 2745 2744
f 2567 2743 2744
f 2567 2744 2746
f 2747 2567 2746
f 2569 2567 2747
f 2731 2570 2733
f 2570 2747 2733
f 2570 2569 2747
f 2570 2731 2561
f 2738 2571 2566
f 2571 2738 2572
f 2572 2738 2740
f 2572 2740 2573
f 2573 2740 2742
f 2745 2748 2744
f 2573 2742 2568
f 2744 2748 2746
f 2751 2750 2749
f 2753 2752 2749
f 2749 2752 2751
f 2575 2576 2753
f 2576 2752 2753
f 2576 2754 2752
f 2756 2755 2577
f 2755 2576 2577
f 2755 2754 2576
f 2758 2757 2756
f 2756 2757 2755
f 2758 2759 2757
f 2762 2761 2760
f 2762 2760 2750
f 2750 2760 2749
f 2760 2579 2749
f 2579 2580 2749
f 2749 2580 2581
f 2749 2581 2753
f 2753 2581 2575
f 2582 2756 2577
f 2756 2582 2583
f 2756 2583 2758
f 2763 2759 2758
f 2583 2763 2758
f 2584 2763 2583
f 2764 2584 2585
f 2764 2763 2584
f 2765 2585 2586
f 2765 2764 2585
f 2586 2588 2765
f 2765 2588 2766
f 2769 2768 2767
f 2590 2591 2767
f 2591 2769 2767
f 2591 2770 2769
f 2771 2591 2592
f 2771 2770 2591
f 2772 2592 2593
f 2772 2771 2592
f 2773 2593 2595
f 2773 2772 2593
f 2595 2597 2773
f 2773 2597 2774
f 2776 2775 2599
f 2599 2775 2598
f 2600 2760 2761
f 2776 2600 2761
f 2599 2600 2776
f 2760 2600 2579
f 2777 2766 2588
f 2777 2588 2601
f 2778 2601 2602
f 2778 2777 2601
f 2603 2767 2768
f 2778 2603 2768
f 2602 2603 2778
f 2767 2603 2590
f 2779 2774 2597
f 2779 2597 2604
f 2780 2604 2605
f 2780 2779 2604
f 2605 2606 2780
f 2780 2606 2781
f 2783 2782 2609
f 2609 2782 2608
f 2609 2598 2775
f 2609 2775 2783
f 2784 2781 2606
f 2784 2606 2610
f 2610 2611 2784
f 2784 2611 2785
f 2613 2608 2786
f 2608 2787 2786
f 2608 2782 2787
f 2786 2614 2613
f 2788 2785 2611
f 2788 2611 2615
f 2790 2789 2616
f 2789 2615 2616
f 2789 2788 2615
f 2790 2791 2789
f 2786 2787 2618
f 2787 2617 2618
f 2787 2792 2617
f 2786 2618 2614
f 2619 2790 2616
f 2619 2621 2790
f 2621 2791 2790
f 2621 2793 2791
f 2796 2795 2794
f 2792 2796 2794
f 2623 2792 2794
f 2617 2792 2623
f 2797 2793 2621
f 2797 2621 2624
f 2624 2626 2797
f 2797 2626 2798
f 2794 2795 2628
f 2795 2627 2628
f 2795 2799 2627
f 2794 2628 2623
f 2800 2798 2626
f 2800 2626 2629
f 2802 2801 2630
f 2801 2629 2630
f 2801 2800 2629
f 2802 2803 2801
f 2799 2631 2627
f 2804 2631 2799
f 2632 2802 2630
f 2805 2803 2802
f 2632 2805 2802
f 2633 2805 2632
f 2807 2805 2806
f 2805 2635 2806
f 2805 2633 2635
f 2637 2806 2635
f 2810 2809 2808
f 2804 2810 2808
f 2639 2804 2808
f 2631 2804 2639
f 2811 2807 2806
f 2806 2637 2811
f 2637 2812 2811
f 2637 2641 2812
f 2808 2809 2643
f 2809 2642 2643
f 2809 2813 2642
f 2808 2643 2639
f 2644 2812 2641
f 2644 2814 2812
f 2816 2815 2646
f 2646 2815 2645
f 2646 2642 2813
f 2646 2813 2816
f 2647 2814 2644
f 2647 2817 2814
f 2815 2648 2645
f 2818 2648 2815
f 2647 2649 2819
f 2820 2647 2819
f 2817 2647 2820
f 2650 2819 2649
f 2818 2651 2648
f 2821 2651 2818
f 2822 2820 2819
f 2819 2650 2822
f 2650 2823 2822
f 2650 2653 2823
f 2821 2654 2651
f 2824 2654 2821
f 2825 2823 2653
f 2825 2653 2655
f 2655 2656 2825
f 2825 2656 2826
f 2824 2657 2654
f 2827 2657 2824
f 2658 2826 2656
f 2658 2828 2826
f 2827 2659 2657
f 2829 2659 2827
f 2661 2831 2830
f 2828 2661 2830
f 2658 2661 2828
f 2831 2832 2830
f 2829 2662 2659
f 2833 2662 2829
f 2664 2834 2831
f 2664 2831 2661
f 2832 2831 2835
f 2835 2831 2834
f 2837 2665 2836
f 2665 2833 2836
f 2665 2662 2833
f 2838 2837 2836
f 2666 2834 2664
f 2666 2667 2834
f 2667 2835 2834
f 2667 2839 2835
f 2840 2668 2837
f 2837 2668 2665
f 2837 2838 2841
f 2837 2841 2840
f 2843 2842 2669
f 2843 2669 2670
f 2667 2669 2839
f 2839 2669 2842
f 2844 2671 2840
f 2840 2671 2668
f 2840 2841 2845
f 2840 2845 2844
f 2672 2843 2670
f 2672 2846 2843
f 2844 2673 2671
f 2674 2673 2844
f 2845 2674 2844
f 2847 2674 2845
f 2850 2849 2848
f 2849 2846 2848
f 2846 2675 2848
f 2846 2672 2675
f 2847 2676 2674
f 2851 2676 2847
f 2850 2848 2678
f 2679 2850 2678
f 2852 2850 2679
f 2678 2848 2675
f 2851 2853 2676
f 2676 2853 2680
f 2682 2680 2853
f 2682 2853 2854
f 2683 2852 2679
f 2683 2855 2852
f 2854 2684 2682
f 2856 2684 2854
f 2686 2855 2683
f 2686 2857 2855
f 2856 2858 2684
f 2684 2858 2687
f 2688 2687 2858
f 2688 2858 2859
f 2690 2857 2686
f 2690 2860 2857
f 2691 2688 2861
f 2688 2862 2861
f 2688 2859 2862
f 2861 2693 2691
f 2865 2864 2863
f 2864 2860 2863
f 2860 2694 2863
f 2860 2690 2694
f 2862 2866 2861
f 2861 2866 2693
f 2866 2695 2693
f 2866 2867 2695
f 2696 2695 2867
f 2696 2867 2868
f 2865 2863 2698
f 2699 2865 2698
f 2869 2865 2699
f 2698 2863 2694
f 2868 2870 2696
f 2696 2870 2700
f 2701 2700 2870
f 2701 2870 2871
f 2702 2869 2699
f 2702 2872 2869
f 2871 2873 2701
f 2701 2873 2703
f 2704 2703 2873
f 2704 2873 2874
f 2877 2876 2875
f 2876 2872 2875
f 2872 2705 2875
f 2872 2702 2705
f 2874 2878 2704
f 2704 2878 2706
f 2707 2706 2878
f 2707 2878 2879
f 2882 2881 2880
f 2880 2881 2877
f 2880 2877 2875
f 2709 2880 2875
f 2708 2709 2875
f 2708 2875 2705
f 2879 2883 2707
f 2707 2883 2710
f 2885 2884 2711
f 2710 2885 2711
f 2883 2885 2710
f 2886 2884 2885
f 2889 2888 2887
f 2887 2888 2882
f 2887 2882 2880
f 2713 2887 2880
f 2712 2713 2880
f 2712 2880 2709
f 2884 2714 2711
f 2886 2890 2884
f 2890 2714 2884
f 2890 2715 2714
f 2716 2715 2890
f 2716 2890 2891
f 2889 2887 2717
f 2718 2889 2717
f 2892 2889 2718
f 2717 2887 2713
f 2891 2893 2716
f 2716 2893 2719
f 2719 2894 2721
f 2893 2894 2719
f 2722 2721 2894
f 2722 2894 2895
f 2897 2896 2723
f 2897 2723 2724
f 2723 2898 2725
f 2896 2898 2723
f 2718 2725 2892
f 2892 2725 2898
f 2895 2899 2722
f 2722 2899 2726
f 2726 2900 2727
f 2899 2900 2726
f 2727 2901 2729
f 2900 2901 2727
f 2730 2729 2901
f 2730 2901 2902
f 2904 2903 2732
f 2904 2732 2733
f 2732 2905 2734
f 2903 2905 2732
f 2734 2906 2735
f 2905 2906 2734
f 2735 2907 2736
f 2906 2907 2735
f 2724 2736 2897
f 2897 2736 2907
f 2902 2908 2730
f 2730 2908 2737
f 2737 2909 2739
f 2908 2909 2737
f 2739 2910 2741
f 2909 2910 2739
f 2741 2911 2743
f 2910 2911 2741
f 2913 2912 2745
f 2743 2913 2745
f 2911 2913 2743
f 2747 2746 2912
f 2913 2747 2912
f 2914 2747 2913
f 2733 2747 2904
f 2904 2747 2914
f 2912 2748 2745
f 2748 2912 2746
f 2916 2915 2751
f 2751 2915 2750
f 2917 2751 2752
f 2917 2916 2751
f 2918 2752 2754
f 2918 2917 2752
f 2919 2754 2755
f 2919 2918 2754
f 2920 2755 2757
f 2920 2919 2755
f 2757 2759 2920
f 2920 2759 2921
f 2923 2922 2762
f 2762 2922 2761
f 2762 2750 2915
f 2762 2915 2923
f 2924 2921 2759
f 2924 2759 2763
f 2925 2763 2764
f 2925 2924 2763
f 2926 2764 2765
f 2926 2925 2764
f 2765 2766 2926
f 2926 2766 2927
f 2929 2928 2769
f 2769 2928 2768
f 2930 2769 2770
f 2930 2929 2769
f 2931 2770 2771
f 2931 2930 2770
f 2932 2771 2772
f 2932 2931 2771
f 2934 2932 2933
f 2932 2773 2933
f 2932 2772 2773
f 2774 2933 2773
f 2936 2935 2776
f 2776 2935 2775
f 2776 2761 2922
f 2776 2922 2936
f 2937 2927 2766
f 2937 2766 2777
f 2938 2777 2778
f 2938 2937 2777
f 2778 2768 2928
f 2778 2928 2938
f 2939 2934 2933
f 2939 2933 2774
f 2779 2939 2774
f 2940 2939 2779
f 2942 2940 2941
f 2940 2780 2941
f 2940 2779 2780
f 2781 2941 2780
f 2944 2943 2783
f 2783 2943 2782
f 2783 2775 2935
f 2783 2935 2944
f 2945 2942 2941
f 2945 2941 2781
f 2784 2945 2781
f 2946 2945 2784
f 2784 2785 2946
f 2946 2785 2947
f 2943 2787 2782
f 2948 2787 2943
f 2785 2788 2949
f 2950 2785 2949
f 2947 2785 2950
f 2789 2951 2788
f 2788 2951 2949
f 2791 2951 2789
f 2954 2953 2952
f 2948 2954 2952
f 2792 2948 2952
f 2787 2948 2792
f 2955 2950 2949
f 2955 2949 2951
f 2955 2951 2956
f 2951 2791 2956
f 2791 2957 2956
f 2791 2793 2957
f 2959 2958 2953
f 2958 2795 2953
f 2796 2952 2953
f 2796 2953 2795
f 2796 2792 2952
f 2958 2959 2960
f 2793 2797 2961
f 2962 2793 2961
f 2957 2793 2962
f 2798 2961 2797
f 2964 2963 2958
f 2963 2795 2958
f 2963 2799 2795
f 2964 2958 2960
f 2965 2962 2961
f 2965 2961 2798
f 2800 2965 2798
f 2966 2965 2800
f 2968 2966 2967
f 2966 2801 2967
f 2966 2800 2801
f 2803 2967 2801
f 2963 2804 2799
f 2969 2804 2963
f 2972 2971 2970
f 2970 2971 2968
f 2967 2970 2968
f 2973 2970 2967
f 2805 2974 2803
f 2974 2967 2803
f 2974 2973 2967
f 2807 2974 2805
f 2976 2975 2810
f 2810 2975 2809
f 2810 2804 2969
f 2810 2969 2976
f 2977 2972 2970
f 2979 2978 2977
f 2970 2979 2977
f 2973 2979 2970
f 2974 2981 2980
f 2979 2974 2980
f 2973 2974 2979
f 2983 2981 2982
f 2982 2981 2811
f 2981 2974 2811
f 2974 2807 2811
f 2812 2982 2811
f 2975 2813 2809
f 2984 2813 2975
f 2985 2978 2979
f 2985 2979 2980
f 2986 2983 2982
f 2982 2812 2986
f 2812 2987 2986
f 2812 2814 2987
f 2989 2988 2816
f 2816 2988 2815
f 2816 2813 2984
f 2816 2984 2989
f 2817 2991 2990
f 2987 2817 2990
f 2814 2817 2987
f 2991 2992 2990
f 2988 2818 2815
f 2993 2818 2988
f 2820 2994 2991
f 2820 2991 2817
f 2992 2991 2995
f 2995 2991 2994
f 2993 2821 2818
f 2996 2821 2993
f 2822 2994 2820
f 2822 2823 2994
f 2823 2995 2994
f 2823 2997 2995
f 2996 2824 2821
f 2998 2824 2996
f 2999 2997 2823
f 2999 2823 2825
f 2825 2826 2999
f 2999 2826 3000
f 2998 2827 2824
f 3001 2827 2998
f 2828 3003 3002
f 3000 2828 3002
f 2826 2828 3000
f 3003 3004 3002
f 3001 2829 2827
f 3005 2829 3001
f 3008 3007 3006
f 3009 3006 3007
f 2830 3003 2828
f 2830 2832 3003
f 2832 3004 3003
f 2832 3010 3004
f 3005 2833 2829
f 3011 2833 3005
f 3012 3008 3006
f 3012 3006 3009
f 2835 3010 2832
f 2835 3013 3010
f 3011 3014 2833
f 2833 3014 2836
f 2838 2836 3014
f 2838 3014 3015
f 3018 3017 3016
f 3017 3013 3016
f 3013 2839 3016
f 3013 2835 2839
f 3015 2841 2838
f 3019 2841 3015
f 3022 3021 3020
f 3023 3020 3021
f 3018 3016 2842
f 2843 3018 2842
f 3024 3018 2843
f 2842 3016 2839
f 3019 2845 2841
f 3025 2845 3019
f 3026 3022 3020
f 3026 3020 3023
f 2846 3024 2843
f 2846 3027 3024
f 3025 2847 2845
f 3028 2847 3025
f 3030 3029 2849
f 3030 2849 2850
f 2846 2849 3027
f 3027 2849 3029
f 3028 2851 2847
f 3031 2851 3028
f 2852 3030 2850
f 2852 3032 3030
f 3031 3033 2851
f 2851 3033 2853
f 2854 2853 3033
f 2854 3033 3034
f 2855 3032 2852
f 2855 3035 3032
f 3034 2856 2854
f 3036 2856 3034
f 2857 3035 2855
f 2857 3037 3035
f 3036 3038 2856
f 2856 3038 2858
f 2859 2858 3038
f 2859 3038 3039
f 3042 3041 3040
f 3041 3037 3040
f 3037 2860 3040
f 3037 2857 2860
f 3039 2862 2859
f 3043 2862 3039
f 3042 3040 2864
f 2865 3042 2864
f 3044 3042 2865
f 2864 3040 2860
f 3043 3045 2862
f 2862 3045 2866
f 2866 3046 2867
f 3045 3046 2866
f 2868 2867 3046
f 2868 3046 3047
f 2869 3044 2865
f 2869 3048 3044
f 3047 3049 2868
f 2868 3049 2870
f 3051 3050 2871
f 2870 3051 2871
f 3049 3051 2870
f 3052 3050 3051
f 2872 3048 2869
f 2872 3053 3048
f 3050 2873 2871
f 2874 2873 3050
f 3052 2874 3050
f 3054 2874 3052
f 3056 3055 2876
f 3056 2876 2877
f 2872 2876 3053
f 3053 2876 3055
f 3054 3057 2874
f 2874 3057 2878
f 2879 2878 3057
f 2879 3057 3058
f 3060 3059 2881
f 3060 2881 2882
f 2877 2881 3056
f 3056 2881 3059
f 3058 3061 2879
f 2879 3061 2883
f 2883 3062 2885
f 3061 3062 2883
f 2886 2885 3062
f 2886 3062 3063
f 3065 3064 2888
f 3065 2888 2889
f 2882 2888 3060
f 3060 2888 3064
f 3063 3066 2886
f 2886 3066 2890
f 3068 3067 2891
f 2890 3068 2891
f 3066 3068 2890
f 3069 3067 3068
f 3072 3071 3070
f 3074 3073 3070
f 3074 3070 3071
f 3074 3065 3073
f 3065 2892 3073
f 3065 2889 2892
f 3067 2893 2891
f 3069 3075 3067
f 3075 2893 3067
f 3075 2894 2893
f 2895 2894 3075
f 2895 3075 3076
f 3079 3078 3077
f 3081 3080 3077
f 3081 3077 3078
f 3080 3081 3072
f 3080 3072 3070
f 2897 3080 3070
f 2896 2897 3070
f 2896 3070 2898
f 2898 3070 3073
f 2898 3073 2892
f 3076 3082 2895
f 2895 3082 2899
f 2899 3083 2900
f 3082 3083 2899
f 2900 3084 2901
f 3083 3084 2900
f 3086 3085 2902
f 2901 3086 2902
f 3084 3086 2901
f 3087 3085 3086
f 3089 3088 2903
f 3089 2903 2904
f 2903 3090 2905
f 3088 3090 2903
f 3077 2906 3079
f 2906 3090 3079
f 2906 2905 3090
f 2906 3077 2907
f 2907 3077 3080
f 2907 3080 2897
f 3085 2908 2902
f 3087 3091 3085
f 3091 2908 3085
f 3091 2909 2908
f 2909 3092 2910
f 3091 3092 2909
f 2910 3093 2911
f 3092 3093 2910
f 2911 3094 2913
f 3093 3094 2911
f 2913 3095 2914
f 3094 3095 2913
f 2904 2914 3089
f 3089 2914 3095
f 3096 2915 2916
f 3096 2916 3097
f 2916 3098 3097
f 2916 2917 3098
f 3099 2917 2918
f 3099 3098 2917
f 3100 2918 2919
f 3100 3099 2918
f 3102 3100 3101
f 3100 2920 3101
f 3100 2919 2920
f 2921 3101 2920
f 3103 2922 2923
f 3104 3103 2923
f 3104 2923 2915
f 3105 3104 2915
f 3096 3105 2915
f 3105 3096 3097
f 3106 3102 3101
f 3106 3101 2921
f 2924 3106 2921
f 3107 3106 2924
f 3108 2924 2925
f 3108 3107 2924
f 3109 2925 2926
f 3109 3108 2925
f 2926 2927 3109
f 3109 2927 3110
f 3111 2928 2929
f 3111 2929 3112
f 2929 3113 3112
f 2929 2930 3113
f 3114 2930 2931
f 3114 3113 2930
f 3115 2931 2932
f 3115 3114 2931
f 2932 2934 3115
f 3115 2934 3116
f 3118 3117 2936
f 2936 3117 2935
f 2936 2922 3103
f 3119 2936 3103
f 3118 2936 3119
f 3119 3103 3104
f 3120 3110 2927
f 3120 2927 2937
f 3121 2937 2938
f 3121 3120 2937
f 2938 2928 3111
f 3122 2938 3111
f 3121 2938 3122
f 3122 3111 3112
f 3123 3116 2934
f 3123 2934 2939
f 3124 2939 2940
f 3124 3123 2939
f 2940 2942 3124
f 3124 2942 3125
f 3127 3126 2944
f 2944 3126 2943
f 2944 2935 3117
f 2944 3117 3127
f 3128 3125 2942
f 3128 2942 2945
f 3130 3128 3129
f 3128 2946 3129
f 3128 2945 2946
f 2947 3129 2946
f 3126 2948 2943
f 3131 2948 3126
f 3132 3130 3129
f 3129 2947 3132
f 2947 3133 3132
f 2947 2950 3133
f 3135 3134 2954
f 2954 3134 2953
f 2954 2948 3131
f 2954 3131 3135
f 3136 3133 2950
f 3136 2950 2955
f 3138 3136 3137
f 3136 2956 3137
f 3136 2955 2956
f 2957 3137 2956
f 2959 2953 3139
f 2953 3140 3139
f 2953 3134 3140
f 3139 2960 2959
f 3141 3138 3137
f 3137 2957 3141
f 2957 3142 3141
f 2957 2962 3142
f 3139 3140 2964
f 3140 2963 2964
f 3140 3143 2963
f 3139 2964 2960
f 2962 2965 3144
f 3145 2962 3144
f 3142 2962 3145
f 2966 3146 2965
f 2965 3146 3144
f 2968 3146 2966
f 3143 2969 2963
f 3147 2969 3143
f 3148 3145 3144
f 2972 3149 2971
f 3149 3144 2971
f 3144 3146 2971
f 3149 3148 3144
f 2971 3146 2968
f 3151 3150 2976
f 2976 3150 2975
f 2976 2969 3147
f 2976 3147 3151
f 3152 3149 2972
f 3152 2972 2977
f 2977 2978 3152
f 3152 2978 3153
f 3154 2980 2981
f 2983 3154 2981
f 3150 2984 2975
f 3155 2984 3150
f 3156 3153 2978
f 3156 2978 2985
f 3156 2985 2980
f 3157 3156 2980
f 3154 3157 2980
f 3156 3157 3158
f 2986 3159 2983
f 3159 3154 2983
f 3159 3157 3154
f 2987 3159 2986
f 3161 3160 2989
f 2989 3160 2988
f 2989 2984 3155
f 2989 3155 3161
f 3164 3163 3162
f 3162 3166 3165
f 3162 3157 3166
f 3162 3163 3158
f 3157 3162 3158
f 3166 3157 3159
f 3166 3159 3167
f 3169 3167 3168
f 3168 3167 2990
f 3167 3159 2990
f 3159 2987 2990
f 2992 3168 2990
f 3160 2993 2988
f 3170 2993 3160
f 3164 3162 3171
f 3164 3171 3172
f 3162 3165 3173
f 3174 3162 3173
f 3171 3162 3174
f 3175 3174 3173
f 3176 3169 3168
f 3168 2992 3176
f 2992 3177 3176
f 2992 2995 3177
f 3170 2996 2993
f 3178 2996 3170
f 3179 3172 3171
f 3181 3180 3179
f 3171 3181 3179
f 3174 3181 3171
f 3174 3175 3182
f 3174 3182 3181
f 2997 3177 2995
f 2997 3183 3177
f 3178 2998 2996
f 3184 2998 3178
f 3180 3181 3185
f 3180 3185 3186
f 3181 3182 3187
f 3181 3187 3185
f 3188 3183 2997
f 3188 2997 2999
f 2999 3000 3188
f 3188 3000 3189
f 3184 3001 2998
f 3190 3001 3184
f 3191 3186 3185
f 3194 3193 3192
f 3187 3191 3185
f 3195 3193 3194
f 3196 3189 3000
f 3196 3000 3002
f 3002 3004 3196
f 3196 3004 3197
f 3199 3005 3198
f 3005 3190 3198
f 3005 3001 3190
f 3200 3199 3198
f 3201 3192 3193
f 3007 3008 3202
f 3193 3195 3201
f 3202 3009 3007
f 3010 3197 3004
f 3010 3203 3197
f 3204 3011 3199
f 3199 3011 3005
f 3199 3200 3205
f 3199 3205 3204
f 3012 3202 3008
f 3009 3202 3012
f 3208 3207 3206
f 3210 3209 3207
f 3210 3207 3208
f 3210 3203 3209
f 3203 3013 3209
f 3203 3010 3013
f 3204 3014 3011
f 3015 3014 3204
f 3205 3015 3204
f 3211 3015 3205
f 3214 3213 3212
f 3212 3213 3206
f 3207 3212 3206
f 3215 3212 3207
f 3018 3215 3017
f 3215 3209 3017
f 3215 3207 3209
f 3017 3209 3013
f 3211 3019 3015
f 3216 3019 3211
f 3214 3212 3021
f 3022 3214 3021
f 3217 3214 3022
f 3021 3212 3023
f 3212 3218 3023
f 3212 3215 3218
f 3024 3218 3018
f 3018 3218 3215
f 3220 3025 3219
f 3025 3216 3219
f 3025 3019 3216
f 3221 3220 3219
f 3022 3026 3222
f 3223 3022 3222
f 3217 3022 3223
f 3023 3218 3026
f 3218 3222 3026
f 3218 3224 3222
f 3027 3224 3024
f 3024 3224 3218
f 3225 3028 3220
f 3220 3028 3025
f 3220 3221 3226
f 3220 3226 3225
f 3223 3222 3227
f 3223 3227 3228
f 3030 3227 3029
f 3227 3224 3029
f 3227 3222 3224
f 3029 3224 3027
f 3229 3031 3225
f 3225 3031 3028
f 3225 3226 3230
f 3225 3230 3229
f 3228 3227 3231
f 3228 3231 3232
f 3032 3231 3030
f 3030 3231 3227
f 3229 3033 3031
f 3034 3033 3229
f 3230 3034 3229
f 3233 3034 3230
f 3232 3231 3234
f 3232 3234 3235
f 3035 3234 3032
f 3032 3234 3231
f 3233 3036 3034
f 3236 3036 3233
f 3235 3234 3237
f 3235 3237 3238
f 3037 3237 3035
f 3035 3237 3234
f 3236 3239 3036
f 3036 3239 3038
f 3039 3038 3239
f 3039 3239 3240
f 3238 3237 3041
f 3042 3238 3041
f 3241 3238 3042
f 3041 3237 3037
f 3243 3043 3242
f 3043 3240 3242
f 3043 3039 3240
f 3244 3243 3242
f 3044 3241 3042
f 3044 3245 3241
f 3243 3045 3043
f 3244 3246 3243
f 3246 3045 3243
f 3246 3046 3045
f 3047 3046 3246
f 3047 3246 3247
f 3048 3245 3044
f 3048 3248 3245
f 3247 3249 3047
f 3047 3249 3049
f 3249 3251 3250
f 3051 3249 3250
f 3049 3249 3051
f 3250 3052 3051
f 3254 3253 3252
f 3253 3248 3252
f 3248 3053 3252
f 3248 3048 3053
f 3251 3255 3250
f 3054 3052 3250
f 3256 3054 3250
f 3255 3256 3250
f 3054 3256 3257
f 3258 3257 3256
f 3261 3260 3259
f 3259 3260 3254
f 3259 3254 3252
f 3056 3259 3252
f 3055 3056 3252
f 3055 3252 3053
f 3257 3057 3054
f 3263 3262 3058
f 3263 3058 3057
f 3258 3263 3057
f 3257 3258 3057
f 3264 3262 3263
f 3267 3266 3265
f 3265 3266 3261
f 3265 3261 3259
f 3060 3265 3259
f 3059 3060 3259
f 3059 3259 3056
f 3262 3061 3058
f 3264 3268 3262
f 3268 3061 3262
f 3268 3062 3061
f 3270 3269 3063
f 3062 3270 3063
f 3268 3270 3062
f 3271 3269 3270
f 3274 3273 3272
f 3272 3273 3267
f 3272 3267 3265
f 3065 3272 3265
f 3064 3065 3265
f 3064 3265 3060
f 3269 3066 3063
f 3271 3275 3269
f 3275 3066 3269
f 3275 3068 3066
f 3069 3068 3275
f 3069 3275 3276
f 3278 3277 3071
f 3278 3071 3072
f 3272 3074 3274
f 3074 3277 3274
f 3074 3071 3277
f 3074 3272 3065
f 3276 3279 3069
f 3069 3279 3075
f 3076 3075 3279
f 3076 3279 3280
f 3283 3282 3281
f 3078 3079 3281
f 3282 3078 3281
f 3284 3078 3282
f 3078 3285 3081
f 3284 3285 3078
f 3072 3081 3278
f 3278 3081 3285
f 3280 3286 3076
f 3076 3286 3082
f 3082 3287 3083
f 3286 3287 3082
f 3083 3288 3084
f 3287 3288 3083
f 3084 3289 3086
f 3288 3289 3084
f 3087 3086 3289
f 3087 3289 3290
f 3089 3291 3088
f 3292 3283 3281
f 3088 3292 3281
f 3090 3088 3281
f 3292 3088 3291
f 3090 3281 3079
f 3290 3293 3087
f 3087 3293 3091
f 3091 3294 3092
f 3293 3294 3091
f 3092 3295 3093
f 3294 3295 3092
f 3093 3296 3094
f 3295 3296 3093
f 3094 3297 3095
f 3296 3297 3094
f 3089 3095 3291
f 3095 3298 3291
f 3095 3297 3298
f 3291 3298 3292
f 3299 3097 3098
f 3299 3098 3300
f 3098 3301 3300
f 3098 3099 3301
f 3302 3099 3100
f 3302 3301 3099
f 3100 3102 3302
f 3302 3102 3303
f 3305 3304 3105
f 3105 3304 3104
f 3105 3097 3299
f 3306 3105 3299
f 3305 3105 3306
f 3306 3299 3300
f 3307 3303 3102
f 3307 3102 3106
f 3308 3106 3107
f 3308 3307 3106
f 3309 3107 3108
f 3309 3308 3107
f 3311 3309 3310
f 3309 3109 3310
f 3309 3108 3109
f 3110 3310 3109
f 3312 3112 3113
f 3114 3313 3113
f 3113 3313 3312
f 3115 3314 3114
f 3114 3314 3313
f 3116 3314 3115
f 3315 3117 3118
f 3315 3118 3316
f 3118 3317 3316
f 3118 3119 3317
f 3119 3104 3304
f 3119 3304 3317
f 3318 3311 3310
f 3318 3310 3110
f 3120 3318 3110
f 3319 3318 3120
f 3320 3120 3121
f 3320 3319 3120
f 3322 3320 3321
f 3320 3122 3321
f 3320 3121 3122
f 3323 3321 3122
f 3323 3122 3112
f 3324 3323 3112
f 3312 3324 3112
f 3324 3312 3313
f 3324 3313 3325
f 3325 3313 3314
f 3325 3314 3326
f 3328 3326 3327
f 3327 3326 3123
f 3326 3314 3123
f 3314 3116 3123
f 3124 3329 3123
f 3123 3329 3327
f 3125 3329 3124
f 3330 3126 3127
f 3331 3330 3127
f 3331 3127 3117
f 3332 3331 3117
f 3315 3332 3117
f 3332 3315 3316
f 3333 3322 3321
f 3333 3321 3323
f 3334 3328 3327
f 3336 3335 3334
f 3327 3336 3334
f 3329 3336 3327
f 3336 3329 3125
f 3337 3336 3125
f 3128 3337 3125
f 3338 3336 3337
f 3128 3130 3337
f 3337 3130 3339
f 3341 3340 3330
f 3340 3126 3330
f 3340 3131 3126
f 3341 3330 3331
f 3342 3335 3336
f 3342 3336 3338
f 3343 3339 3130
f 3343 3130 3132
f 3132 3133 3343
f 3343 3133 3344
f 3345 3134 3135
f 3346 3345 3135
f 3131 3346 3135
f 3340 3346 3131
f 3133 3136 3347
f 3348 3133 3347
f 3344 3133 3348
f 3138 3347 3136
f 3350 3349 3345
f 3349 3134 3345
f 3349 3140 3134
f 3350 3345 3346
f 3348 3347 3351
f 3348 3351 3352
f 3141 3353 3138
f 3353 3347 3138
f 3353 3351 3347
f 3142 3353 3141
f 3349 3143 3140
f 3354 3143 3349
f 3355 3352 3351
f 3357 3356 3355
f 3351 3357 3355
f 3353 3357 3351
f 3145 3357 3142
f 3142 3357 3353
f 3354 3147 3143
f 3358 3147 3354
f 3359 3356 3357
f 3361 3359 3360
f 3360 3359 3148
f 3359 3357 3148
f 3357 3145 3148
f 3149 3360 3148
f 3363 3362 3151
f 3151 3362 3150
f 3151 3147 3358
f 3151 3358 3363
f 3364 3361 3360
f 3366 3364 3365
f 3365 3364 3152
f 3364 3360 3152
f 3360 3149 3152
f 3153 3365 3152
f 3362 3155 3150
f 3367 3155 3362
f 3368 3366 3365
f 3370 3368 3369
f 3369 3368 3156
f 3368 3365 3156
f 3365 3153 3156
f 3158 3369 3156
f 3371 3160 3161
f 3372 3371 3161
f 3155 3372 3161
f 3367 3372 3155
f 3375 3374 3373
f 3373 3374 3370
f 3373 3370 3369
f 3164 3373 3369
f 3163 3164 3369
f 3163 3369 3158
f 3376 3165 3166
f 3167 3377 3166
f 3166 3377 3376
f 3169 3377 3167
f 3378 3170 3371
f 3371 3170 3160
f 3371 3372 3379
f 3371 3379 3378
f 3380 3375 3373
f 3373 3164 3380
f 3164 3381 3380
f 3164 3172 3381
f 3173 3165 3376
f 3384 3383 3382
f 3383 3385 3382
f 3175 3173 3386
f 3376 3386 3173
f 3386 3376 3377
f 3176 3387 3169
f 3387 3377 3169
f 3387 3386 3377
f 3177 3387 3176
f 3388 3178 3378
f 3378 3178 3170
f 3378 3379 3389
f 3378 3389 3388
f 3172 3179 3390
f 3391 3172 3390
f 3381 3172 3391
f 3384 3392 3383
f 3390 3179 3180
f 3383 3392 3385
f 3394 3386 3393
f 3386 3394 3175
f 3182 3175 3394
f 3396 3395 3393
f 3386 3396 3393
f 3387 3396 3386
f 3183 3396 3177
f 3177 3396 3387
f 3397 3184 3388
f 3388 3184 3178
f 3388 3389 3398
f 3388 3398 3397
f 3391 3390 3399
f 3391 3399 3400
f 3186 3399 3180
f 3180 3399 3390
f 3394 3187 3182
f 3401 3187 3394
f 3395 3396 3402
f 3395 3402 3403
f 3188 3404 3183
f 3404 3396 3183
f 3404 3402 3396
f 3189 3404 3188
f 3405 3190 3397
f 3397 3190 3184
f 3397 3398 3406
f 3397 3406 3405
f 3407 3400 3399
f 3409 3407 3408
f 3408 3407 3191
f 3407 3399 3191
f 3399 3186 3191
f 3410 3194 3192
f 3187 3408 3191
f 3408 3187 3411
f 3401 3411 3187
f 3402 3412 3403
f 3195 3194 3410
f 3414 3413 3412
f 3402 3414 3412
f 3404 3414 3402
f 3196 3415 3189
f 3415 3404 3189
f 3415 3414 3404
f 3197 3415 3196
f 3405 3198 3190
f 3200 3198 3405
f 3406 3200 3405
f 3416 3200 3406
f 3409 3408 3417
f 3409 3417 3418
f 3410 3192 3201
f 3417 3411 3419
f 3411 3417 3408
f 3195 3410 3201
f 3422 3421 3420
f 3421 3422 3413
f 3414 3421 3413
f 3423 3421 3414
f 3424 3414 3415
f 3423 3414 3424
f 3203 3424 3197
f 3197 3424 3415
f 3416 3205 3200
f 3425 3205 3416
f 3426 3418 3417
f 3426 3417 3419
f 3420 3421 3427
f 3420 3427 3428
f 3206 3427 3208
f 3427 3423 3208
f 3427 3421 3423
f 3208 3423 3210
f 3210 3423 3424
f 3210 3424 3203
f 3425 3211 3205
f 3429 3211 3425
f 3432 3431 3430
f 3430 3431 3428
f 3430 3428 3427
f 3214 3430 3427
f 3213 3214 3427
f 3213 3427 3206
f 3434 3216 3433
f 3216 3429 3433
f 3216 3211 3429
f 3435 3434 3433
f 3432 3430 3436
f 3432 3436 3437
f 3217 3436 3214
f 3214 3436 3430
f 3434 3219 3216
f 3221 3219 3434
f 3435 3221 3434
f 3438 3221 3435
f 3437 3436 3439
f 3437 3439 3440
f 3223 3439 3217
f 3217 3439 3436
f 3438 3226 3221
f 3441 3226 3438
f 3442 3440 3439
f 3439 3223 3442
f 3223 3443 3442
f 3223 3228 3443
f 3441 3230 3226
f 3444 3230 3441
f 3232 3443 3228
f 3232 3445 3443
f 3444 3233 3230
f 3446 3233 3444
f 3235 3445 3232
f 3235 3447 3445
f 3449 3236 3448
f 3236 3446 3448
f 3236 3233 3446
f 3450 3449 3448
f 3238 3447 3235
f 3238 3451 3447
f 3449 3239 3236
f 3240 3239 3449
f 3450 3240 3449
f 3452 3240 3450
f 3241 3451 3238
f 3241 3453 3451
f 3452 3454 3240
f 3240 3454 3242
f 3244 3242 3454
f 3244 3454 3455
f 3245 3453 3241
f 3245 3456 3453
f 3455 3457 3244
f 3244 3457 3246
f 3459 3458 3247
f 3246 3459 3247
f 3457 3459 3246
f 3460 3458 3459
f 3248 3456 3245
f 3248 3461 3456
f 3458 3249 3247
f 3463 3462 3251
f 3463 3251 3249
f 3460 3463 3249
f 3458 3460 3249
f 3464 3462 3463
f 3467 3466 3465
f 3253 3254 3465
f 3466 3253 3465
f 3468 3253 3466
f 3248 3253 3461
f 3461 3253 3468
f 3462 3255 3251
f 3256 3255 3462
f 3469 3256 3462
f 3464 3469 3462
f 3470 3256 3469
f 3470 3258 3256
f 3473 3472 3471
f 3471 3472 3467
f 3471 3467 3465
f 3261 3471 3465
f 3260 3261 3465
f 3260 3465 3254
f 3469 3474 3470
f 3470 3474 3258
f 3474 3263 3258
f 3474 3475 3263
f 3477 3476 3264
f 3263 3477 3264
f 3475 3477 3263
f 3478 3476 3477
f 3473 3471 3266
f 3267 3473 3266
f 3479 3473 3267
f 3266 3471 3261
f 3476 3268 3264
f 3478 3480 3476
f 3480 3268 3476
f 3480 3270 3268
f 3271 3270 3480
f 3271 3480 3481
f 3484 3483 3482
f 3273 3274 3482
f 3483 3273 3482
f 3485 3273 3483
f 3267 3273 3479
f 3479 3273 3485
f 3481 3486 3271
f 3271 3486 3275
f 3488 3487 3276
f 3275 3488 3276
f 3486 3488 3275
f 3489 3487 3488
f 3492 3491 3490
f 3494 3493 3490
f 3494 3490 3491
f 3493 3494 3484
f 3493 3484 3482
f 3278 3493 3482
f 3277 3278 3482
f 3277 3482 3274
f 3487 3279 3276
f 3280 3279 3487
f 3489 3280 3487
f 3495 3280 3489
f 3283 3496 3282
f 3497 3492 3490
f 3282 3497 3490
f 3284 3282 3490
f 3497 3282 3496
f 3284 3490 3285
f 3285 3490 3493
f 3285 3493 3278
f 3495 3498 3280
f 3280 3498 3286
f 3286 3499 3287
f 3498 3499 3286
f 3287 3500 3288
f 3499 3500 3287
f 3288 3501 3289
f 3500 3501 3288
f 3290 3289 3501
f 3290 3501 3502
f 3505 3504 3503
f 3507 3506 3503
f 3507 3503 3504
f 3509 3508 3506
f 3509 3506 3507
f 3511 3510 3508
f 3511 3508 3509
f 3511 3512 3496
f 3292 3511 3496
f 3283 3292 3496
f 3510 3511 3292
f 3496 3512 3497
f 3502 3513 3290
f 3290 3513 3293
f 3293 3514 3294
f 3513 3514 3293
f 3503 3295 3505
f 3295 3514 3505
f 3295 3294 3514
f 3295 3503 3296
f 3296 3503 3506
f 3296 3506 3297
f 3297 3506 3508
f 3297 3508 3298
f 3298 3508 3510
f 3298 3510 3292
f 3515 3300 3301
f 3515 3301 3516
f 3301 3517 3516
f 3301 3302 3517
f 3302 3303 3517
f 3517 3303 3518
f 3519 3304 3305
f 3519 3305 3520
f 3305 3521 3520
f 3305 3306 3521
f 3306 3300 3515
f 3522 3306 3515
f 3521 3306 3522
f 3515 3523 3522
f 3515 3524 3523
f 3515 3516 3525
f 3524 3515 3525
f 3527 3526 3307
f 3524 3307 3526
f 3307 3524 3303
f 3525 3303 3524
f 3303 3525 3518
f 3528 3307 3308
f 3528 3527 3307
f 3530 3528 3529
f 3528 3309 3529
f 3528 3308 3309
f 3311 3529 3309
f 3531 3316 3317
f 3532 3531 3317
f 3532 3317 3304
f 3533 3532 3304
f 3519 3533 3304
f 3533 3519 3520
f 3534 3523 3524
f 3534 3524 3526
f 3535 3530 3529
f 3535 3529 3311
f 3318 3535 3311
f 3536 3535 3318
f 3537 3318 3319
f 3537 3536 3318
f 3538 3319 3320
f 3538 3537 3319
f 3320 3322 3538
f 3538 3322 3539
f 3540 3323 3324
f 3325 3541 3324
f 3324 3541 3540
f 3326 3542 3325
f 3325 3542 3541
f 3328 3542 3326
f 3543 3331 3332
f 3544 3543 3332
f 3544 3332 3316
f 3545 3544 3316
f 3531 3545 3316
f 3545 3531 3532
f 3546 3539 3322
f 3546 3322 3333
f 3333 3323 3540
f 3547 3333 3540
f 3546 3333 3547
f 3547 3540 3541
f 3547 3541 3548
f 3548 3541 3542
f 3548 3542 3549
f 3551 3549 3550
f 3550 3549 3334
f 3549 3542 3334
f 3542 3328 3334
f 3335 3550 3334
f 3552 3338 3337
f 3339 3552 3337
f 3553 3340 3341
f 3554 3553 3341
f 3554 3341 3331
f 3555 3554 3331
f 3543 3555 3331
f 3555 3543 3544
f 3556 3551 3550
f 3556 3550 3335
f 3342 3556 3335
f 3557 3556 3342
f 3557 3342 3338
f 3558 3557 3338
f 3552 3558 3338
f 3557 3558 3559
f 3343 3560 3339
f 3560 3552 3339
f 3560 3558 3552
f 3344 3560 3343
f 3561 3346 3553
f 3553 3346 3340
f 3553 3554 3562
f 3553 3562 3561
f 3559 3558 3563
f 3559 3563 3564
f 3565 3558 3560
f 3563 3558 3565
f 3348 3565 3344
f 3344 3565 3560
f 3567 3566 3350
f 3350 3566 3349
f 3350 3346 3561
f 3568 3350 3561
f 3567 3350 3568
f 3568 3561 3562
f 3569 3564 3563
f 3571 3570 3569
f 3563 3571 3569
f 3565 3571 3563
f 3352 3571 3348
f 3348 3571 3565
f 3566 3354 3349
f 3572 3354 3566
f 3573 3570 3571
f 3573 3571 3352
f 3355 3573 3352
f 3574 3573 3355
f 3576 3575 3356
f 3575 3355 3356
f 3575 3574 3355
f 3576 3577 3575
f 3572 3358 3354
f 3578 3358 3572
f 3580 3359 3579
f 3580 3356 3359
f 3576 3356 3580
f 3576 3580 3581
f 3581 3577 3576
f 3361 3579 3359
f 3582 3362 3363
f 3583 3582 3363
f 3358 3583 3363
f 3578 3583 3358
f 3580 3579 3584
f 3580 3584 3585
f 3364 3586 3361
f 3586 3579 3361
f 3586 3584 3579
f 3366 3586 3364
f 3588 3587 3582
f 3587 3362 3582
f 3587 3367 3362
f 3588 3582 3583
f 3589 3585 3584
f 3589 3584 3586
f 3589 3586 3590
f 3592 3590 3591
f 3591 3590 3368
f 3590 3586 3368
f 3586 3366 3368
f 3370 3591 3368
f 3587 3372 3367
f 3593 3372 3587
f 3596 3595 3594
f 3594 3595 3592
f 3594 3592 3591
f 3375 3594 3591
f 3374 3375 3591
f 3374 3591 3370
f 3593 3379 3372
f 3597 3379 3593
f 3598 3596 3594
f 3600 3598 3599
f 3599 3598 3380
f 3598 3594 3380
f 3594 3375 3380
f 3381 3599 3380
f 3601 3384 3382
f 3385 3601 3382
f 3603 3389 3602
f 3389 3597 3602
f 3389 3379 3597
f 3604 3603 3602
f 3600 3599 3605
f 3600 3605 3606
f 3391 3605 3381
f 3381 3605 3599
f 3601 3392 3384
f 3392 3601 3385
f 3607 3394 3393
f 3395 3607 3393
f 3608 3398 3603
f 3603 3398 3389
f 3603 3604 3609
f 3603 3609 3608
f 3610 3606 3605
f 3605 3391 3610
f 3391 3611 3610
f 3391 3400 3611
f 3612 3401 3607
f 3607 3401 3394
f 3403 3612 3395
f 3395 3612 3607
f 3614 3613 3608
f 3613 3398 3608
f 3613 3406 3398
f 3614 3608 3609
f 3400 3407 3615
f 3616 3400 3615
f 3611 3400 3616
f 3409 3615 3407
f 3617 3411 3612
f 3612 3411 3401
f 3412 3618 3403
f 3618 3612 3403
f 3618 3617 3612
f 3413 3618 3412
f 3613 3416 3406
f 3619 3416 3613
f 3616 3615 3620
f 3616 3620 3621
f 3418 3620 3409
f 3409 3620 3615
f 3622 3419 3617
f 3617 3419 3411
f 3420 3622 3422
f 3622 3618 3422
f 3622 3617 3618
f 3422 3618 3413
f 3624 3425 3623
f 3425 3619 3623
f 3425 3416 3619
f 3625 3624 3623
f 3621 3620 3626
f 3621 3626 3627
f 3626 3620 3418
f 3628 3626 3418
f 3426 3628 3418
f 3629 3626 3628
f 3628 3426 3419
f 3630 3628 3419
f 3622 3630 3419
f 3628 3630 3631
f 3428 3630 3420
f 3420 3630 3622
f 3632 3429 3624
f 3624 3429 3425
f 3624 3625 3633
f 3624 3633 3632
f 3634 3627 3626
f 3634 3626 3629
f 3631 3630 3431
f 3432 3631 3431
f 3635 3631 3432
f 3431 3630 3428
f 3632 3433 3429
f 3435 3433 3632
f 3633 3435 3632
f 3636 3435 3633
f 3437 3635 3432
f 3437 3637 3635
f 3636 3438 3435
f 3638 3438 3636
f 3440 3637 3437
f 3440 3639 3637
f 3641 3441 3640
f 3441 3638 3640
f 3441 3438 3638
f 3642 3641 3640
f 3440 3442 3643
f 3644 3440 3643
f 3639 3440 3644
f 3443 3643 3442
f 3645 3444 3641
f 3641 3444 3441
f 3641 3642 3646
f 3641 3646 3645
f 3644 3643 3647
f 3644 3647 3648
f 3445 3647 3443
f 3443 3647 3643
f 3649 3446 3645
f 3645 3446 3444
f 3645 3646 3650
f 3645 3650 3649
f 3651 3648 3647
f 3647 3445 3651
f 3445 3652 3651
f 3445 3447 3652
f 3649 3448 3446
f 3450 3448 3649
f 3650 3450 3649
f 3653 3450 3650
f 3451 3652 3447
f 3451 3654 3652
f 3656 3452 3655
f 3452 3653 3655
f 3452 3450 3653
f 3657 3656 3655
f 3453 3654 3451
f 3453 3658 3654
f 3656 3454 3452
f 3660 3659 3455
f 3660 3455 3454
f 3657 3660 3454
f 3656 3657 3454
f 3661 3659 3660
f 3456 3658 3453
f 3456 3662 3658
f 3659 3457 3455
f 3661 3663 3659
f 3663 3457 3659
f 3663 3459 3457
f 3665 3664 3460
f 3459 3665 3460
f 3663 3665 3459
f 3666 3664 3665
f 3669 3668 3667
f 3668 3662 3667
f 3662 3461 3667
f 3662 3456 3461
f 3664 3463 3460
f 3464 3463 3664
f 3666 3464 3664
f 3670 3464 3666
f 3673 3672 3671
f 3466 3467 3671
f 3672 3466 3671
f 3674 3466 3672
f 3667 3468 3669
f 3468 3674 3669
f 3468 3466 3674
f 3468 3667 3461
f 3676 3469 3675
f 3469 3670 3675
f 3469 3464 3670
f 3678 3677 3676
f 3678 3676 3675
f 3679 3677 3678
f 3682 3681 3680
f 3684 3683 3680
f 3684 3680 3681
f 3683 3684 3673
f 3683 3673 3671
f 3473 3683 3671
f 3472 3473 3671
f 3472 3671 3467
f 3676 3474 3469
f 3474 3676 3475
f 3475 3676 3677
f 3679 3685 3677
f 3685 3475 3677
f 3685 3477 3475
f 3478 3477 3685
f 3478 3685 3686
f 3687 3682 3680
f 3689 3688 3687
f 3680 3689 3687
f 3683 3689 3680
f 3479 3689 3473
f 3473 3689 3683
f 3686 3690 3478
f 3478 3690 3480
f 3692 3691 3481
f 3480 3692 3481
f 3690 3692 3480
f 3693 3691 3692
f 3696 3695 3694
f 3483 3484 3694
f 3695 3483 3694
f 3697 3483 3695
f 3689 3485 3688
f 3485 3697 3688
f 3485 3483 3697
f 3485 3689 3479
f 3691 3486 3481
f 3693 3698 3691
f 3698 3486 3691
f 3698 3488 3486
f 3489 3488 3698
f 3489 3698 3699
f 3492 3700 3491
f 3701 3696 3694
f 3491 3701 3694
f 3494 3491 3694
f 3701 3491 3700
f 3494 3694 3484
f 3703 3495 3702
f 3495 3699 3702
f 3495 3489 3699
f 3705 3704 3703
f 3705 3703 3702
f 3707 3706 3704
f 3707 3704 3705
f 3709 3708 3706
f 3709 3706 3707
f 3710 3708 3709
f 3713 3712 3711
f 3715 3714 3711
f 3715 3711 3712
f 3715 3716 3700
f 3497 3715 3700
f 3492 3497 3700
f 3714 3715 3497
f 3700 3716 3701
f 3703 3498 3495
f 3498 3703 3499
f 3499 3703 3704
f 3499 3704 3500
f 3500 3704 3706
f 3500 3706 3501
f 3501 3706 3708
f 3718 3717 3502
f 3718 3502 3501
f 3710 3718 3501
f 3708 3710 3501
f 3720 3719 3717
f 3720 3717 3718
f 3504 3505 3719
f 3720 3504 3719
f 3721 3504 3720
f 3504 3722 3507
f 3721 3722 3504
f 3507 3723 3509
f 3722 3723 3507
f 3711 3511 3713
f 3511 3723 3713
f 3511 3509 3723
f 3511 3711 3512
f 3512 3711 3714
f 3512 3714 3497
f 3717 3513 3502
f 3513 3717 3514
f 3514 3717 3719
f 3514 3719 3505
f 3724 3516 3517
f 3518 3724 3517
f 3725 3520 3521
f 3522 3726 3521
f 3521 3726 3725
f 3516 3724 3525
f 3726 3522 3523
f 3525 3724 3518
f 3727 3526 3527
f 3528 3728 3527
f 3527 3728 3727
f 3530 3728 3528
f 3729 3532 3533
f 3730 3729 3533
f 3730 3533 3520
f 3731 3730 3520
f 3725 3731 3520
f 3731 3725 3726
f 3731 3726 3732
f 3734 3732 3733
f 3733 3732 3534
f 3732 3726 3534
f 3726 3523 3534
f 3735 3733 3534
f 3735 3534 3526
f 3736 3735 3526
f 3727 3736 3526
f 3736 3727 3728
f 3736 3728 3737
f 3737 3728 3530
f 3535 3737 3530
f 3738 3737 3535
f 3739 3535 3536
f 3739 3738 3535
f 3740 3536 3537
f 3740 3739 3536
f 3741 3537 3538
f 3741 3740 3537
f 3538 3539 3741
f 3741 3539 3742
f 3743 3544 3545
f 3744 3743 3545
f 3744 3545 3532
f 3745 3744 3532
f 3729 3745 3532
f 3745 3729 3730
f 3746 3734 3733
f 3746 3733 3735
f 3539 3546 3747
f 3748 3539 3747
f 3742 3539 3748
f 3547 3749 3546
f 3546 3749 3747
f 3548 3750 3547
f 3547 3750 3749
f 3549 3751 3548
f 3548 3751 3750
f 3551 3751 3549
f 3752 3554 3555
f 3544 3743 3555
f 3743 3752 3555
f 3743 3753 3752
f 3743 3744 3754
f 3743 3754 3753
f 3755 3748 3747
f 3755 3747 3749
f 3755 3749 3756
f 3756 3749 3750
f 3756 3750 3757
f 3757 3750 3751
f 3757 3751 3758
f 3760 3758 3759
f 3759 3758 3556
f 3758 3751 3556
f 3751 3551 3556
f 3557 3761 3556
f 3556 3761 3759
f 3559 3761 3557
f 3762 3562 3752
f 3752 3562 3554
f 3753 3764 3763
f 3762 3753 3763
f 3752 3753 3762
f 3764 3753 3754
f 3765 3760 3759
f 3767 3766 3765
f 3759 3767 3765
f 3761 3767 3759
f 3564 3767 3559
f 3559 3767 3761
f 3768 3566 3567
f 3568 3769 3567
f 3567 3769 3768
f 3770 3769 3568
f 3770 3568 3562
f 3771 3770 3562
f 3762 3771 3562
f 3771 3762 3763
f 3772 3766 3767
f 3772 3767 3564
f 3569 3772 3564
f 3773 3772 3569
f 3569 3570 3773
f 3773 3570 3774
f 3776 3775 3768
f 3775 3566 3768
f 3775 3572 3566
f 3776 3768 3769
f 3776 3769 3777
f 3777 3769 3770
f 3780 3779 3778
f 3781 3778 3573
f 3778 3774 3573
f 3774 3570 3573
f 3774 3778 3779
f 3574 3782 3573
f 3573 3782 3781
f 3575 3783 3574
f 3574 3783 3782
f 3577 3783 3575
f 3775 3578 3572
f 3784 3578 3775
f 3785 3780 3778
f 3785 3778 3781
f 3785 3781 3786
f 3788 3787 3786
f 3781 3788 3786
f 3782 3788 3781
f 3580 3788 3581
f 3788 3783 3581
f 3788 3782 3783
f 3581 3783 3577
f 3784 3583 3578
f 3789 3583 3784
f 3787 3788 3790
f 3787 3790 3791
f 3585 3790 3580
f 3580 3790 3788
f 3792 3587 3588
f 3793 3792 3588
f 3583 3793 3588
f 3789 3793 3583
f 3794 3791 3790
f 3794 3790 3585
f 3589 3794 3585
f 3795 3794 3589
f 3797 3795 3796
f 3795 3590 3796
f 3795 3589 3590
f 3592 3796 3590
f 3798 3593 3792
f 3792 3593 3587
f 3792 3793 3799
f 3792 3799 3798
f 3802 3801 3800
f 3800 3801 3797
f 3800 3797 3796
f 3596 3800 3796
f 3595 3596 3796
f 3595 3796 3592
f 3803 3597 3798
f 3798 3597 3593
f 3798 3799 3804
f 3798 3804 3803
f 3805 3802 3800
f 3807 3805 3806
f 3806 3805 3598
f 3805 3800 3598
f 3800 3596 3598
f 3600 3806 3598
f 3803 3602 3597
f 3604 3602 3803
f 3804 3604 3803
f 3808 3604 3804
f 3807 3806 3809
f 3807 3809 3810
f 3606 3809 3600
f 3600 3809 3806
f 3808 3609 3604
f 3811 3609 3808
f 3812 3810 3809
f 3814 3812 3813
f 3813 3812 3610
f 3812 3809 3610
f 3809 3606 3610
f 3611 3813 3610
f 3815 3613 3614
f 3816 3815 3614
f 3609 3816 3614
f 3811 3816 3609
f 3814 3813 3817
f 3814 3817 3818
f 3616 3817 3611
f 3611 3817 3813
f 3819 3619 3815
f 3815 3619 3613
f 3815 3816 3820
f 3815 3820 3819
f 3818 3817 3821
f 3818 3821 3822
f 3621 3821 3616
f 3616 3821 3817
f 3819 3623 3619
f 3824 3823 3625
f 3824 3625 3623
f 3820 3824 3623
f 3819 3820 3623
f 3825 3823 3824
f 3822 3821 3826
f 3822 3826 3827
f 3627 3826 3621
f 3621 3826 3821
f 3828 3629 3628
f 3631 3828 3628
f 3829 3633 3823
f 3823 3633 3625
f 3823 3825 3830
f 3823 3830 3829
f 3831 3827 3826
f 3831 3826 3627
f 3634 3831 3627
f 3832 3831 3634
f 3832 3634 3629
f 3833 3832 3629
f 3828 3833 3629
f 3832 3833 3834
f 3635 3833 3631
f 3631 3833 3828
f 3835 3636 3829
f 3829 3636 3633
f 3829 3830 3836
f 3829 3836 3835
f 3834 3833 3837
f 3834 3837 3838
f 3637 3837 3635
f 3635 3837 3833
f 3839 3638 3835
f 3835 3638 3636
f 3835 3836 3840
f 3835 3840 3839
f 3841 3838 3837
f 3837 3637 3841
f 3637 3842 3841
f 3637 3639 3842
f 3839 3640 3638
f 3642 3640 3839
f 3840 3642 3839
f 3843 3642 3840
f 3644 3842 3639
f 3644 3844 3842
f 3846 3646 3845
f 3646 3843 3845
f 3646 3642 3843
f 3847 3846 3845
f 3648 3844 3644
f 3648 3848 3844
f 3849 3650 3846
f 3846 3650 3646
f 3846 3847 3850
f 3846 3850 3849
f 3851 3848 3648
f 3851 3648 3651
f 3651 3652 3851
f 3851 3652 3852
f 3853 3653 3849
f 3849 3653 3650
f 3849 3850 3854
f 3849 3854 3853
f 3654 3852 3652
f 3654 3855 3852
f 3853 3655 3653
f 3857 3856 3657
f 3857 3657 3655
f 3854 3857 3655
f 3853 3854 3655
f 3858 3856 3857
f 3861 3860 3859
f 3860 3855 3859
f 3855 3658 3859
f 3855 3654 3658
f 3856 3660 3657
f 3863 3862 3661
f 3863 3661 3660
f 3858 3863 3660
f 3856 3858 3660
f 3865 3864 3862
f 3865 3862 3863
f 3866 3864 3865
f 3869 3868 3867
f 3870 3867 3868
f 3861 3859 3871
f 3861 3871 3872
f 3662 3871 3658
f 3658 3871 3859
f 3862 3663 3661
f 3663 3862 3665
f 3665 3862 3864
f 3874 3873 3666
f 3874 3666 3665
f 3866 3874 3665
f 3864 3866 3665
f 3875 3873 3874
f 3869 3867 3876
f 3869 3876 3877
f 3867 3870 3878
f 3879 3867 3878
f 3876 3867 3879
f 3881 3880 3879
f 3881 3879 3878
f 3880 3881 3872
f 3880 3872 3871
f 3669 3880 3871
f 3668 3669 3871
f 3668 3871 3662
f 3882 3670 3873
f 3873 3670 3666
f 3873 3875 3883
f 3884 3873 3883
f 3882 3873 3884
f 3885 3884 3883
f 3877 3876 3886
f 3877 3886 3887
f 3673 3886 3672
f 3886 3879 3672
f 3886 3876 3879
f 3672 3879 3674
f 3674 3879 3880
f 3674 3880 3669
f 3882 3675 3670
f 3675 3882 3678
f 3678 3882 3884
f 3889 3888 3679
f 3889 3679 3678
f 3885 3889 3678
f 3884 3885 3678
f 3890 3888 3889
f 3892 3891 3681
f 3892 3681 3682
f 3886 3684 3887
f 3684 3891 3887
f 3684 3681 3891
f 3684 3886 3673
f 3888 3685 3679
f 3894 3893 3686
f 3894 3686 3685
f 3890 3894 3685
f 3888 3890 3685
f 3895 3893 3894
f 3682 3687 3896
f 3897 3682 3896
f 3892 3682 3897
f 3688 3896 3687
f 3893 3690 3686
f 3895 3898 3893
f 3898 3690 3893
f 3898 3692 3690
f 3693 3692 3898
f 3693 3898 3899
f 3901 3900 3695
f 3901 3695 3696
f 3896 3697 3897
f 3697 3900 3897
f 3697 3695 3900
f 3697 3896 3688
f 3899 3902 3693
f 3693 3902 3698
f 3904 3903 3699
f 3698 3904 3699
f 3902 3904 3698
f 3906 3905 3903
f 3906 3903 3904
f 3907 3905 3906
f 3910 3909 3908
f 3912 3911 3908
f 3912 3908 3909
f 3914 3913 3911
f 3914 3911 3912
f 3914 3901 3913
f 3901 3701 3913
f 3901 3696 3701
f 3903 3702 3699
f 3702 3903 3705
f 3705 3903 3905
f 3907 3915 3905
f 3915 3705 3905
f 3915 3707 3705
f 3707 3916 3709
f 3915 3916 3707
f 3918 3917 3710
f 3709 3918 3710
f 3916 3918 3709
f 3920 3919 3917
f 3920 3917 3918
f 3922 3921 3919
f 3922 3919 3920
f 3924 3923 3921
f 3924 3921 3922
f 3926 3925 3923
f 3926 3923 3924
f 3925 3926 3910
f 3925 3910 3908
f 3713 3925 3908
f 3712 3713 3908
f 3712 3908 3715
f 3715 3908 3911
f 3715 3911 3716
f 3716 3911 3913
f 3716 3913 3701
f 3917 3718 3710
f 3718 3917 3720
f 3720 3917 3919
f 3720 3919 3721
f 3721 3919 3921
f 3721 3921 3722
f 3722 3921 3923
f 3722 3923 3723
f 3723 3923 3925
f 3723 3925 3713
f 3927 3730 3731
f 3732 3928 3731
f 3731 3928 3927
f 3734 3928 3732
f 3929 3735 3736
f 3737 3930 3736
f 3736 3930 3929
f 3738 3931 3737
f 3737 3931 3930
f 3739 3932 3738
f 3738 3932 3931
f 3740 3933 3739
f 3739 3933 3932
f 3741 3934 3740
f 3740 3934 3933
f 3742 3934 3741
f 3935 3744 3745
f 3730 3927 3745
f 3927 3935 3745
f 3927 3936 3935
f 3937 3927 3928
f 3936 3927 3937
f 3746 3938 3734
f 3938 3928 3734
f 3938 3937 3928
f 3735 3929 3746
f 3929 3938 3746
f 3929 3939 3938
f 3940 3929 3930
f 3939 3929 3940
f 3941 3930 3931
f 3940 3930 3941
f 3932 3943 3942
f 3941 3932 3942
f 3931 3932 3941
f 3943 3932 3933
f 3943 3933 3944
f 3946 3945 3944
f 3933 3946 3944
f 3934 3946 3933
f 3748 3946 3742
f 3742 3946 3934
f 3947 3754 3935
f 3935 3754 3744
f 3948 3935 3936
f 3947 3935 3948
f 3949 3936 3937
f 3948 3936 3949
f 3950 3937 3938
f 3949 3937 3950
f 3951 3938 3939
f 3950 3938 3951
f 3952 3939 3940
f 3951 3939 3952
f 3953 3940 3941
f 3952 3940 3953
f 3941 3942 3954
f 3941 3954 3953
f 3955 3945 3946
f 3955 3946 3748
f 3755 3955 3748
f 3956 3955 3755
f 3958 3956 3957
f 3956 3756 3957
f 3956 3755 3756
f 3957 3756 3959
f 3756 3960 3959
f 3756 3757 3960
f 3962 3960 3961
f 3960 3758 3961
f 3960 3757 3758
f 3760 3961 3758
f 3963 3763 3764
f 3754 3947 3764
f 3947 3963 3764
f 3947 3964 3963
f 3965 3947 3948
f 3964 3947 3965
f 3949 3967 3966
f 3965 3949 3966
f 3948 3949 3965
f 3969 3968 3967
f 3949 3969 3967
f 3950 3969 3949
f 3951 3971 3970
f 3969 3951 3970
f 3950 3951 3969
f 3971 3951 3952
f 3971 3952 3972
f 3974 3973 3972
f 3952 3974 3972
f 3953 3974 3952
f 3953 3954 3975
f 3953 3975 3974
f 3976 3958 3957
f 3976 3957 3959
f 3977 3962 3961
f 3979 3977 3978
f 3978 3977 3765
f 3977 3961 3765
f 3961 3760 3765
f 3766 3978 3765
f 3980 3770 3771
f 3763 3963 3771
f 3963 3980 3771
f 3963 3981 3980
f 3982 3963 3964
f 3981 3963 3982
f 3965 3984 3983
f 3982 3965 3983
f 3964 3965 3982
f 3984 3965 3966
f 3985 3968 3969
f 3985 3969 3970
f 3986 3973 3974
f 3986 3974 3975
f 3987 3979 3978
f 3987 3978 3766
f 3772 3987 3766
f 3988 3987 3772
f 3990 3988 3989
f 3988 3773 3989
f 3988 3772 3773
f 3774 3989 3773
f 3991 3775 3776
f 3777 3992 3776
f 3776 3992 3991
f 3993 3992 3777
f 3993 3777 3770
f 3994 3993 3770
f 3980 3994 3770
f 3994 3980 3981
f 3994 3981 3995
f 3995 3981 3982
f 3995 3982 3996
f 3996 3982 3983
f 3999 3998 3997
f 3997 3998 3990
f 3997 3990 3989
f 3780 3997 3989
f 3779 3780 3989
f 3779 3989 3774
f 4000 3784 3991
f 3991 3784 3775
f 3992 4002 4001
f 4000 3992 4001
f 3991 3992 4000
f 4002 3992 3993
f 3999 3997 4003
f 3999 4003 4004
f 3785 4005 3780
f 4005 3997 3780
f 4005 4003 3997
f 3786 4006 3785
f 3785 4006 4005
f 3787 4006 3786
f 4007 3789 4000
f 4000 3789 3784
f 4000 4001 4008
f 4000 4008 4007
f 4009 4004 4003
f 4009 4003 4005
f 4009 4005 4010
f 4012 4011 4010
f 4005 4012 4010
f 4006 4012 4005
f 3791 4012 3787
f 3787 4012 4006
f 4013 3793 4007
f 4007 3793 3789
f 4007 4008 4014
f 4007 4014 4013
f 4015 4011 4012
f 4015 4012 3791
f 3794 4015 3791
f 4016 4015 3794
f 4018 4016 4017
f 4016 3795 4017
f 4016 3794 3795
f 3797 4017 3795
f 4019 3799 4013
f 4013 3799 3793
f 4013 4014 4020
f 4013 4020 4019
f 4018 4017 3801
f 3802 4018 3801
f 4021 4018 3802
f 3801 4017 3797
f 4022 3804 4019
f 4019 3804 3799
f 4019 4020 4023
f 4019 4023 4022
f 3802 3805 4024
f 4025 3802 4024
f 4021 3802 4025
f 3807 4024 3805
f 4026 3808 4022
f 4022 3808 3804
f 4022 4023 4027
f 4022 4027 4026
f 4025 4024 4028
f 4025 4028 4029
f 3810 4028 3807
f 3807 4028 4024
f 4030 3811 4026
f 4026 3811 3808
f 4026 4027 4031
f 4026 4031 4030
f 4029 4028 4032
f 4029 4032 4033
f 3812 4034 3810
f 4034 4028 3810
f 4034 4032 4028
f 3814 4034 3812
f 4035 3816 4030
f 4030 3816 3811
f 4030 4031 4036
f 4030 4036 4035
f 4037 4033 4032
f 4039 4038 4037
f 4032 4039 4037
f 4034 4039 4032
f 3818 4039 3814
f 3814 4039 4034
f 4040 3820 4035
f 4035 3820 3816
f 4035 4036 4041
f 4035 4041 4040
f 4038 4039 4042
f 4038 4042 4043
f 3822 4042 3818
f 3818 4042 4039
f 4040 3824 3820
f 3825 3824 4040
f 4041 3825 4040
f 4044 3825 4041
f 4043 4042 4045
f 4043 4045 4046
f 3827 4045 3822
f 3822 4045 4042
f 4044 3830 3825
f 4047 3830 4044
f 4048 4046 4045
f 4050 4048 4049
f 4049 4048 3831
f 4048 4045 3831
f 4045 3827 3831
f 3832 4051 3831
f 3831 4051 4049
f 3834 4051 3832
f 4053 3836 4052
f 3836 4047 4052
f 3836 3830 4047
f 4054 4053 4052
f 4050 4049 4055
f 4050 4055 4056
f 4057 4049 4051
f 4055 4049 4057
f 3838 4057 3834
f 3834 4057 4051
f 4058 3840 4053
f 4053 3840 3836
f 4053 4054 4059
f 4053 4059 4058
f 4056 4055 4060
f 4056 4060 4061
f 4062 4055 4057
f 4060 4055 4062
f 3841 4063 3838
f 4063 4057 3838
f 4063 4062 4057
f 3842 4063 3841
f 4064 3843 4058
f 4058 3843 3840
f 4058 4059 4065
f 4058 4065 4064
f 4061 4060 4066
f 4061 4066 4067
f 4062 4069 4068
f 4066 4062 4068
f 4060 4062 4066
f 4071 4070 4069
f 4062 4071 4069
f 4063 4071 4062
f 3844 4071 3842
f 3842 4071 4063
f 4064 3845 3843
f 4073 4072 3847
f 4073 3847 3845
f 4065 4073 3845
f 4064 4065 3845
f 4074 4072 4073
f 4067 4066 4075
f 4067 4075 4076
f 4066 4068 4077
f 4078 4066 4077
f 4075 4066 4078
f 4078 4077 4070
f 4071 4078 4070
f 4079 4078 4071
f 3848 4079 3844
f 3844 4079 4071
f 4080 3850 4072
f 4072 3850 3847
f 4072 4074 4081
f 4072 4081 4080
f 4084 4083 4082
f 4082 4083 4076
f 4075 4082 4076
f 4085 4082 4075
f 4086 4075 4078
f 4085 4075 4086
f 4087 4078 4079
f 4086 4078 4087
f 3851 4088 3848
f 4088 4079 3848
f 4088 4087 4079
f 3852 4088 3851
f 4089 3854 4080
f 4080 3854 3850
f 4080 4081 4090
f 4080 4090 4089
f 4084 4082 4091
f 4084 4091 4092
f 4093 4082 4085
f 4091 4082 4093
f 4094 4085 4086
f 4093 4085 4094
f 4095 4086 4087
f 4094 4086 4095
f 4096 4087 4088
f 4095 4087 4096
f 3855 4096 3852
f 3852 4096 4088
f 4089 3857 3854
f 4098 4097 3858
f 4098 3858 3857
f 4090 4098 3857
f 4089 4090 3857
f 4099 4097 4098
f 4092 4091 4100
f 4092 4100 4101
f 4102 4091 4093
f 4100 4091 4102
f 4103 4093 4094
f 4102 4093 4103
f 4104 4094 4095
f 4103 4094 4104
f 3861 4104 3860
f 4104 4096 3860
f 4104 4095 4096
f 3860 4096 3855
f 4097 3863 3858
f 4099 4105 4097
f 4105 3863 4097
f 4105 3865 3863
f 4107 4106 3866
f 3865 4107 3866
f 4105 4107 3865
f 4108 4106 4107
f 4101 4100 4109
f 4101 4109 4110
f 3869 4109 3868
f 4109 4102 3868
f 4109 4100 4102
f 3868 4102 3870
f 4102 4111 3870
f 4102 4103 4111
f 4112 4103 4104
f 4111 4103 4112
f 3872 4112 3861
f 3861 4112 4104
f 4106 3874 3866
f 4114 4113 3875
f 4114 3875 3874
f 4108 4114 3874
f 4106 4108 3874
f 4115 4113 4114
f 4118 4117 4116
f 4116 4117 4110
f 4109 4116 4110
f 4119 4116 4109
f 3877 4119 3869
f 3869 4119 4109
f 4111 3878 3870
f 3878 4111 3881
f 3881 4111 4112
f 3881 4112 3872
f 4113 3883 3875
f 4121 4120 3885
f 4121 3885 3883
f 4115 4121 3883
f 4113 4115 3883
f 4122 4120 4121
f 4118 4116 4123
f 4118 4123 4124
f 4125 4116 4119
f 4123 4116 4125
f 3887 4125 3877
f 3877 4125 4119
f 4120 3889 3885
f 4127 4126 3890
f 4127 3890 3889
f 4122 4127 3889
f 4120 4122 3889
f 4128 4126 4127
f 4124 4123 4129
f 4124 4129 4130
f 3892 4129 3891
f 4129 4125 3891
f 4129 4123 4125
f 3891 4125 3887
f 4126 3894 3890
f 4132 4131 3895
f 4132 3895 3894
f 4128 4132 3894
f 4126 4128 3894
f 4133 4131 4132
f 4136 4135 4134
f 4134 4135 4130
f 4129 4134 4130
f 4137 4134 4129
f 3897 4137 3892
f 3892 4137 4129
f 4131 3898 3895
f 4139 4138 3899
f 4139 3899 3898
f 4133 4139 3898
f 4131 4133 3898
f 4141 4140 4138
f 4141 4138 4139
f 4142 4140 4141
f 4145 4144 4143
f 4147 4146 4143
f 4147 4143 4144
f 4149 4148 4146
f 4149 4146 4147
f 4148 4149 4136
f 4134 4148 4136
f 4150 4148 4134
f 3901 4150 3900
f 4150 4137 3900
f 4150 4134 4137
f 3900 4137 3897
f 4138 3902 3899
f 3902 4138 3904
f 3904 4138 4140
f 4142 4151 4140
f 4151 3904 4140
f 4151 3906 3904
f 4153 4152 3907
f 3906 4153 3907
f 4151 4153 3906
f 4155 4154 4152
f 4155 4152 4153
f 4157 4156 4154
f 4157 4154 4155
f 4159 4158 4156
f 4159 4156 4157
f 4160 4158 4159
f 4163 4162 4161
f 4161 4162 4145
f 4143 4161 4145
f 4164 4161 4143
f 3910 4164 3909
f 4164 4146 3909
f 4164 4143 4146
f 3909 4146 3912
f 3912 4146 4148
f 3912 4148 3914
f 3914 4148 4150
f 3914 4150 3901
f 4152 3915 3907
f 3915 4152 3916
f 3916 4152 4154
f 3916 4154 3918
f 3918 4154 4156
f 3918 4156 3920
f 3920 4156 4158
f 4160 4165 4158
f 4165 3920 4158
f 4165 3922 3920
f 4161 3924 4163
f 3924 4165 4163
f 3924 3922 4165
f 3924 4161 3926
f 3926 4161 4164
f 3926 4164 3910
f 4166 3942 3943
f 3944 4167 3943
f 3943 4167 4166
f 3945 4167 3944
f 4168 3954 4166
f 4166 3954 3942
f 4167 4170 4169
f 4168 4167 4169
f 4166 4167 4168
f 4172 4170 4171
f 4171 4170 3955
f 4170 4167 3955
f 4167 3945 3955
f 3956 4173 3955
f 3955 4173 4171
f 3958 4173 3956
f 4174 3959 3960
f 3962 4174 3960
f 4175 3966 3967
f 3968 4175 3967
f 4176 3970 3971
f 3972 4177 3971
f 3971 4177 4176
f 3973 4177 3972
f 4179 4178 4168
f 4178 3954 4168
f 4178 3975 3954
f 4179 4168 4169
f 4180 4172 4171
f 4182 4181 4180
f 4171 4182 4180
f 4173 4182 4171
f 3976 4183 3958
f 4183 4173 3958
f 4183 4182 4173
f 3959 4174 3976
f 4174 4183 3976
f 4174 4184 4183
f 3977 4185 3962
f 4185 4174 3962
f 4185 4184 4174
f 3979 4185 3977
f 4188 4187 4186
f 3983 3984 4189
f 4188 4186 4190
f 3966 4175 3984
f 4175 4189 3984
f 4175 4191 4189
f 3985 4192 3968
f 4192 4175 3968
f 4192 4191 4175
f 3970 4176 3985
f 4176 4192 3985
f 4176 4193 4192
f 4177 4195 4194
f 4193 4177 4194
f 4176 4177 4193
f 4195 4177 3973
f 3986 4195 3973
f 4196 4195 3986
f 3986 3975 4178
f 3986 4178 4196
f 4197 4181 4182
f 4197 4182 4183
f 4197 4183 4198
f 4198 4183 4184
f 4198 4184 4199
f 4199 4184 4185
f 4199 4185 4200
f 4202 4200 4201
f 4201 4200 3987
f 4200 4185 3987
f 4185 3979 3987
f 3988 4203 3987
f 3987 4203 4201
f 3990 4203 3988
f 4204 3993 3994
f 3995 4205 3994
f 3994 4205 4204
f 4187 4206 4186
f 4206 3995 4186
f 3995 3996 4186
f 3995 4206 4205
f 3996 4190 4186
f 3996 4207 4190
f 3996 3983 4189
f 4207 3996 4189
f 4207 4189 4191
f 4207 4191 4208
f 4208 4191 4192
f 4208 4192 4209
f 4209 4192 4193
f 4209 4193 4210
f 4210 4193 4194
f 4211 4202 4201
f 3999 4212 3998
f 4212 4201 3998
f 4201 4203 3998
f 4212 4211 4201
f 3998 4203 3990
f 4213 4001 4002
f 3993 4204 4002
f 4204 4213 4002
f 4204 4214 4213
f 4215 4204 4205
f 4214 4204 4215
f 4205 4206 4216
f 4205 4216 4215
f 4004 4212 3999
f 4004 4217 4212
f 4218 4008 4213
f 4213 4008 4001
f 4219 4213 4214
f 4218 4213 4219
f 4220 4214 4215
f 4219 4214 4220
f 4215 4216 4221
f 4215 4221 4220
f 4222 4217 4004
f 4222 4004 4009
f 4224 4222 4223
f 4222 4010 4223
f 4222 4009 4010
f 4011 4223 4010
f 4225 4014 4218
f 4218 4014 4008
f 4226 4218 4219
f 4225 4218 4226
f 4220 4228 4227
f 4226 4220 4227
f 4219 4220 4226
f 4228 4220 4221
f 4229 4224 4223
f 4229 4223 4011
f 4015 4229 4011
f 4230 4229 4015
f 4232 4230 4231
f 4230 4016 4231
f 4230 4015 4016
f 4018 4231 4016
f 4233 4020 4225
f 4225 4020 4014
f 4234 4225 4226
f 4233 4225 4234
f 4226 4227 4235
f 4226 4235 4234
f 4238 4237 4236
f 4236 4237 4232
f 4231 4236 4232
f 4239 4236 4231
f 4021 4239 4018
f 4018 4239 4231
f 4240 4023 4233
f 4233 4023 4020
f 4241 4233 4234
f 4240 4233 4241
f 4234 4235 4242
f 4234 4242 4241
f 4243 4238 4236
f 4245 4244 4243
f 4236 4245 4243
f 4239 4245 4236
f 4025 4245 4021
f 4021 4245 4239
f 4246 4027 4240
f 4240 4027 4023
f 4247 4240 4241
f 4246 4240 4247
f 4241 4242 4248
f 4241 4248 4247
f 4249 4244 4245
f 4245 4025 4249
f 4025 4250 4249
f 4025 4029 4250
f 4251 4031 4246
f 4246 4031 4027
f 4252 4246 4247
f 4251 4246 4252
f 4247 4248 4253
f 4247 4253 4252
f 4033 4250 4029
f 4033 4254 4250
f 4255 4036 4251
f 4251 4036 4031
f 4252 4257 4256
f 4255 4252 4256
f 4251 4252 4255
f 4257 4252 4253
f 4033 4037 4258
f 4259 4033 4258
f 4254 4033 4259
f 4038 4258 4037
f 4260 4041 4255
f 4255 4041 4036
f 4255 4256 4261
f 4255 4261 4260
f 4259 4258 4262
f 4259 4262 4263
f 4043 4262 4038
f 4038 4262 4258
f 4264 4044 4260
f 4260 4044 4041
f 4260 4261 4265
f 4266 4260 4265
f 4264 4260 4266
f 4267 4266 4265
f 4263 4262 4268
f 4263 4268 4269
f 4046 4268 4043
f 4043 4268 4262
f 4270 4047 4264
f 4264 4047 4044
f 4271 4264 4266
f 4270 4264 4271
f 4266 4267 4272
f 4266 4272 4271
f 4273 4269 4268
f 4275 4273 4274
f 4274 4273 4048
f 4273 4268 4048
f 4268 4046 4048
f 4050 4274 4048
f 4270 4052 4047
f 4052 4270 4054
f 4270 4276 4054
f 4270 4271 4276
f 4271 4272 4277
f 4271 4277 4276
f 4275 4274 4278
f 4275 4278 4279
f 4056 4278 4050
f 4050 4278 4274
f 4280 4059 4276
f 4276 4059 4054
f 4276 4277 4281
f 4276 4281 4280
f 4279 4278 4282
f 4279 4282 4283
f 4061 4282 4056
f 4056 4282 4278
f 4284 4065 4280
f 4280 4065 4059
f 4280 4281 4285
f 4280 4285 4284
f 4288 4287 4286
f 4290 4289 4286
f 4290 4286 4287
f 4289 4290 4283
f 4282 4289 4283
f 4291 4289 4282
f 4067 4291 4061
f 4061 4291 4282
f 4292 4068 4069
f 4070 4292 4069
f 4284 4073 4065
f 4294 4293 4074
f 4294 4074 4073
f 4285 4294 4073
f 4284 4285 4073
f 4295 4293 4294
f 4288 4286 4296
f 4288 4296 4297
f 4298 4286 4289
f 4296 4286 4298
f 4299 4289 4291
f 4298 4289 4299
f 4076 4299 4067
f 4067 4299 4291
f 4292 4077 4068
f 4077 4292 4070
f 4300 4081 4293
f 4293 4081 4074
f 4293 4295 4301
f 4293 4301 4300
f 4302 4297 4296
f 4304 4303 4302
f 4296 4304 4302
f 4298 4304 4296
f 4084 4304 4083
f 4304 4299 4083
f 4304 4298 4299
f 4083 4299 4076
f 4305 4090 4300
f 4300 4090 4081
f 4300 4301 4306
f 4307 4300 4306
f 4305 4300 4307
f 4308 4307 4306
f 4303 4304 4309
f 4303 4309 4310
f 4092 4309 4084
f 4084 4309 4304
f 4305 4098 4090
f 4098 4305 4099
f 4305 4311 4099
f 4305 4307 4311
f 4307 4308 4312
f 4313 4307 4312
f 4311 4307 4313
f 4315 4314 4313
f 4315 4313 4312
f 4316 4314 4315
f 4319 4318 4317
f 4317 4318 4310
f 4309 4317 4310
f 4320 4317 4309
f 4101 4320 4092
f 4092 4320 4309
f 4311 4105 4099
f 4105 4311 4107
f 4107 4311 4313
f 4107 4313 4108
f 4313 4321 4108
f 4313 4314 4321
f 4314 4316 4322
f 4323 4314 4322
f 4321 4314 4323
f 4324 4323 4322
f 4319 4317 4325
f 4319 4325 4326
f 4327 4317 4320
f 4325 4317 4327
f 4110 4327 4101
f 4101 4327 4320
f 4321 4114 4108
f 4114 4321 4115
f 4321 4328 4115
f 4321 4323 4328
f 4323 4324 4329
f 4323 4329 4328
f 4326 4325 4330
f 4326 4330 4331
f 4118 4330 4117
f 4330 4327 4117
f 4330 4325 4327
f 4117 4327 4110
f 4328 4121 4115
f 4333 4332 4122
f 4333 4122 4121
f 4329 4333 4121
f 4328 4329 4121
f 4335 4334 4332
f 4335 4332 4333
f 4336 4334 4335
f 4331 4330 4337
f 4331 4337 4338
f 4124 4337 4118
f 4118 4337 4330
f 4332 4127 4122
f 4127 4332 4128
f 4332 4339 4128
f 4332 4334 4339
f 4334 4336 4340
f 4341 4334 4340
f 4339 4334 4341
f 4342 4341 4340
f 4345 4344 4343
f 4343 4344 4338
f 4337 4343 4338
f 4346 4343 4337
f 4130 4346 4124
f 4124 4346 4337
f 4339 4132 4128
f 4132 4339 4133
f 4339 4347 4133
f 4339 4341 4347
f 4341 4342 4348
f 4349 4341 4348
f 4347 4341 4349
f 4350 4349 4348
f 4353 4352 4351
f 4355 4354 4351
f 4355 4351 4352
f 4357 4356 4354
f 4357 4354 4355
f 4359 4358 4356
f 4359 4356 4357
f 4358 4359 4345
f 4343 4358 4345
f 4360 4358 4343
f 4136 4360 4135
f 4360 4346 4135
f 4360 4343 4346
f 4135 4346 4130
f 4347 4139 4133
f 4139 4347 4141
f 4141 4347 4349
f 4362 4361 4142
f 4362 4142 4141
f 4350 4362 4141
f 4349 4350 4141
f 4364 4363 4361
f 4364 4361 4362
f 4366 4365 4363
f 4366 4363 4364
f 4368 4367 4365
f 4368 4365 4366
f 4370 4369 4367
f 4370 4367 4368
f 4369 4370 4353
f 4351 4369 4353
f 4371 4369 4351
f 4372 4351 4354
f 4371 4351 4372
f 4145 4372 4144
f 4372 4356 4144
f 4372 4354 4356
f 4144 4356 4147
f 4147 4356 4358
f 4147 4358 4149
f 4149 4358 4360
f 4149 4360 4136
f 4361 4151 4142
f 4151 4361 4153
f 4153 4361 4363
f 4153 4363 4155
f 4155 4363 4365
f 4155 4365 4157
f 4157 4365 4367
f 4157 4367 4159
f 4159 4367 4369
f 4159 4369 4160
f 4369 4373 4160
f 4369 4371 4373
f 4163 4373 4162
f 4373 4372 4162
f 4373 4371 4372
f 4162 4372 4145
f 4373 4165 4160
f 4165 4373 4163
f 4374 4169 4170
f 4172 4374 4170
f 4375 4178 4179
f 4169 4374 4179
f 4374 4375 4179
f 4374 4376 4375
f 4180 4377 4172
f 4377 4374 4172
f 4377 4376 4374
f 4181 4377 4180
f 4378 4187 4188
f 4190 4378 4188
f 4379 4194 4195
f 4196 4380 4195
f 4195 4380 4379
f 4178 4375 4196
f 4375 4380 4196
f 4375 4381 4380
f 4382 4375 4376
f 4381 4375 4382
f 4383 4376 4377
f 4382 4376 4383
f 4197 4384 4181
f 4384 4377 4181
f 4384 4383 4377
f 4198 4385 4197
f 4197 4385 4384
f 4199 4386 4198
f 4198 4386 4385
f 4200 4387 4199
f 4199 4387 4386
f 4202 4387 4200
f 4388 4206 4378
f 4378 4206 4187
f 4207 4389 4190
f 4389 4378 4190
f 4389 4388 4378
f 4389 4207 4390
f 4207 4391 4390
f 4207 4208 4391
f 4393 4391 4392
f 4391 4209 4392
f 4391 4208 4209
f 4210 4394 4209
f 4209 4394 4392
f 4395 4394 4210
f 4395 4210 4194
f 4396 4395 4194
f 4379 4396 4194
f 4396 4379 4380
f 4396 4380 4397
f 4397 4380 4381
f 4397 4381 4398
f 4400 4399 4398
f 4381 4400 4398
f 4382 4400 4381
f 4401 4382 4383
f 4400 4382 4401
f 4384 4403 4402
f 4401 4384 4402
f 4383 4384 4401
f 4403 4384 4385
f 4403 4385 4404
f 4406 4405 4404
f 4385 4406 4404
f 4386 4406 4385
f 4407 4386 4387
f 4406 4386 4407
f 4211 4408 4202
f 4408 4387 4202
f 4408 4407 4387
f 4212 4408 4211
f 4409 4216 4388
f 4388 4216 4206
f 4410 4388 4389
f 4409 4388 4410
f 4389 4390 4411
f 4389 4411 4410
f 4412 4393 4392
f 4412 4392 4394
f 4412 4394 4413
f 4413 4394 4395
f 4414 4399 4400
f 4414 4400 4401
f 4414 4401 4415
f 4418 4417 4416
f 4402 4415 4401
f 4419 4417 4418
f 4405 4406 4420
f 4405 4420 4421
f 4407 4423 4422
f 4420 4407 4422
f 4406 4407 4420
f 4425 4424 4423
f 4407 4425 4423
f 4408 4425 4407
f 4217 4425 4212
f 4212 4425 4408
f 4426 4221 4409
f 4409 4221 4216
f 4427 4409 4410
f 4426 4409 4427
f 4410 4411 4428
f 4410 4428 4427
f 4429 4416 4417
f 4432 4431 4430
f 4419 4429 4417
f 4431 4434 4433
f 4431 4420 4434
f 4431 4432 4421
f 4420 4431 4421
f 4420 4435 4434
f 4420 4436 4435
f 4420 4422 4437
f 4436 4420 4437
f 4436 4437 4424
f 4425 4436 4424
f 4438 4436 4425
f 4222 4439 4217
f 4439 4425 4217
f 4439 4438 4425
f 4224 4439 4222
f 4440 4227 4228
f 4441 4440 4228
f 4441 4228 4221
f 4442 4441 4221
f 4426 4442 4221
f 4442 4426 4427
f 4442 4427 4443
f 4443 4427 4428
f 4430 4431 4444
f 4430 4444 4445
f 4431 4433 4446
f 4447 4431 4446
f 4444 4431 4447
f 4447 4449 4448
f 4447 4436 4449
f 4447 4446 4435
f 4436 4447 4435
f 4451 4450 4449
f 4436 4451 4449
f 4438 4451 4436
f 4452 4438 4439
f 4451 4438 4452
f 4229 4453 4224
f 4453 4439 4224
f 4453 4452 4439
f 4230 4454 4229
f 4229 4454 4453
f 4232 4454 4230
f 4455 4235 4440
f 4440 4235 4227
f 4440 4441 4456
f 4457 4440 4456
f 4455 4440 4457
f 4458 4457 4456
f 4459 4445 4444
f 4459 4444 4447
f 4459 4447 4460
f 4460 4447 4448
f 4461 4450 4451
f 4461 4451 4452
f 4461 4452 4462
f 4464 4463 4462
f 4452 4464 4462
f 4453 4464 4452
f 4238 4464 4237
f 4464 4454 4237
f 4464 4453 4454
f 4237 4454 4232
f 4465 4242 4455
f 4455 4242 4235
f 4466 4455 4457
f 4465 4455 4466
f 4457 4458 4467
f 4468 4457 4467
f 4466 4457 4468
f 4470 4469 4468
f 4470 4468 4467
f 4472 4471 4469
f 4472 4469 4470
f 4473 4471 4472
f 4476 4475 4474
f 4477 4474 4475
f 4478 4463 4464
f 4480 4478 4479
f 4479 4478 4243
f 4478 4464 4243
f 4464 4238 4243
f 4244 4479 4243
f 4481 4248 4465
f 4465 4248 4242
f 4482 4465 4466
f 4481 4465 4482
f 4483 4466 4468
f 4482 4466 4483
f 4484 4468 4469
f 4483 4468 4484
f 4471 4486 4485
f 4484 4471 4485
f 4469 4471 4484
f 4486 4471 4473
f 4487 4476 4474
f 4487 4474 4477
f 4488 4480 4479
f 4490 4488 4489
f 4489 4488 4249
f 4488 4479 4249
f 4479 4244 4249
f 4250 4489 4249
f 4491 4253 4481
f 4481 4253 4248
f 4492 4481 4482
f 4491 4481 4492
f 4483 4494 4493
f 4492 4483 4493
f 4482 4483 4492
f 4494 4483 4484
f 4494 4484 4495
f 4495 4484 4485
f 4490 4489 4496
f 4490 4496 4497
f 4254 4496 4250
f 4250 4496 4489
f 4498 4256 4257
f 4253 4491 4257
f 4491 4498 4257
f 4491 4499 4498
f 4500 4491 4492
f 4499 4491 4500
f 4492 4493 4501
f 4492 4501 4500
f 4497 4496 4502
f 4497 4502 4503
f 4259 4502 4254
f 4254 4502 4496
f 4504 4261 4498
f 4498 4261 4256
f 4505 4498 4499
f 4504 4498 4505
f 4506 4499 4500
f 4505 4499 4506
f 4500 4501 4507
f 4500 4507 4506
f 4508 4503 4502
f 4502 4259 4508
f 4259 4509 4508
f 4259 4263 4509
f 4504 4265 4261
f 4265 4504 4267
f 4504 4510 4267
f 4504 4505 4510
f 4511 4505 4506
f 4510 4505 4511
f 4506 4507 4512
f 4506 4512 4511
f 4269 4509 4263
f 4269 4513 4509
f 4514 4272 4510
f 4510 4272 4267
f 4515 4510 4511
f 4514 4510 4515
f 4511 4512 4516
f 4511 4516 4515
f 4269 4273 4517
f 4518 4269 4517
f 4513 4269 4518
f 4275 4517 4273
f 4519 4277 4514
f 4514 4277 4272
f 4515 4521 4520
f 4519 4515 4520
f 4514 4515 4519
f 4521 4515 4516
f 4524 4523 4522
f 4522 4523 4518
f 4517 4522 4518
f 4525 4522 4517
f 4279 4525 4275
f 4275 4525 4517
f 4526 4281 4519
f 4519 4281 4277
f 4519 4520 4527
f 4528 4519 4527
f 4526 4519 4528
f 4529 4528 4527
f 4524 4522 4530
f 4524 4530 4531
f 4532 4522 4525
f 4530 4522 4532
f 4283 4532 4279
f 4279 4532 4525
f 4533 4285 4526
f 4526 4285 4281
f 4534 4526 4528
f 4533 4526 4534
f 4528 4529 4535
f 4528 4535 4534
f 4538 4537 4536
f 4536 4537 4531
f 4536 4531 4530
f 4288 4536 4530
f 4287 4288 4530
f 4287 4530 4290
f 4290 4530 4532
f 4290 4532 4283
f 4533 4294 4285
f 4294 4533 4295
f 4533 4539 4295
f 4533 4534 4539
f 4534 4535 4540
f 4534 4540 4539
f 4538 4536 4541
f 4538 4541 4542
f 4297 4541 4288
f 4288 4541 4536
f 4543 4301 4539
f 4539 4301 4295
f 4539 4540 4544
f 4539 4544 4543
f 4542 4541 4545
f 4542 4545 4546
f 4302 4547 4297
f 4547 4541 4297
f 4547 4545 4541
f 4303 4547 4302
f 4543 4306 4301
f 4549 4548 4308
f 4549 4308 4306
f 4544 4549 4306
f 4543 4544 4306
f 4550 4548 4549
f 4553 4552 4551
f 4551 4552 4546
f 4545 4551 4546
f 4554 4551 4545
f 4555 4545 4547
f 4554 4545 4555
f 4310 4555 4303
f 4303 4555 4547
f 4548 4312 4308
f 4550 4556 4548
f 4556 4312 4548
f 4556 4315 4312
f 4558 4557 4316
f 4315 4558 4316
f 4556 4558 4315
f 4559 4557 4558
f 4560 4553 4551
f 4562 4561 4560
f 4551 4562 4560
f 4554 4562 4551
f 4319 4562 4318
f 4562 4555 4318
f 4562 4554 4555
f 4318 4555 4310
f 4557 4322 4316
f 4564 4563 4324
f 4564 4324 4322
f 4559 4564 4322
f 4557 4559 4322
f 4565 4563 4564
f 4568 4567 4566
f 4566 4567 4561
f 4562 4566 4561
f 4569 4566 4562
f 4326 4569 4319
f 4319 4569 4562
f 4570 4329 4563
f 4563 4329 4324
f 4563 4565 4571
f 4572 4563 4571
f 4570 4563 4572
f 4574 4573 4572
f 4574 4572 4571
f 4575 4573 4574
f 4578 4577 4576
f 4576 4577 4568
f 4566 4576 4568
f 4579 4576 4566
f 4580 4566 4569
f 4579 4566 4580
f 4331 4580 4326
f 4326 4580 4569
f 4570 4333 4329
f 4333 4570 4335
f 4335 4570 4572
f 4335 4572 4336
f 4572 4581 4336
f 4572 4573 4581
f 4573 4575 4582
f 4583 4573 4582
f 4581 4573 4583
f 4584 4583 4582
f 4587 4586 4585
f 4585 4586 4578
f 4576 4585 4578
f 4588 4585 4576
f 4589 4576 4579
f 4588 4576 4589
f 4590 4579 4580
f 4589 4579 4590
f 4338 4590 4331
f 4331 4590 4580
f 4581 4340 4336
f 4340 4581 4342
f 4581 4591 4342
f 4581 4583 4591
f 4583 4584 4592
f 4593 4583 4592
f 4591 4583 4593
f 4595 4594 4593
f 4595 4593 4592
f 4596 4594 4595
f 4599 4598 4597
f 4601 4600 4597
f 4601 4597 4598
f 4600 4601 4587
f 4585 4600 4587
f 4602 4600 4585
f 4603 4585 4588
f 4602 4585 4603
f 4604 4588 4589
f 4603 4588 4604
f 4345 4604 4344
f 4604 4590 4344
f 4604 4589 4590
f 4344 4590 4338
f 4591 4348 4342
f 4348 4591 4350
f 4591 4605 4350
f 4591 4593 4605
f 4606 4593 4594
f 4605 4593 4606
f 4594 4596 4607
f 4608 4594 4607
f 4606 4594 4608
f 4610 4609 4608
f 4610 4608 4607
f 4609 4610 4599
f 4597 4609 4599
f 4611 4609 4597
f 4353 4611 4352
f 4611 4600 4352
f 4611 4597 4600
f 4352 4600 4355
f 4355 4600 4602
f 4355 4602 4357
f 4357 4602 4603
f 4357 4603 4359
f 4359 4603 4604
f 4359 4604 4345
f 4605 4362 4350
f 4362 4605 4364
f 4364 4605 4606
f 4364 4606 4366
f 4366 4606 4608
f 4366 4608 4368
f 4368 4608 4609
f 4368 4609 4370
f 4370 4609 4611
f 4370 4611 4353
f 4612 4390 4391
f 4393 4612 4391
f 4613 4395 4396
f 4397 4614 4396
f 4396 4614 4613
f 4398 4615 4397
f 4397 4615 4614
f 4399 4615 4398
f 4616 4402 4403
f 4404 4617 4403
f 4403 4617 4616
f 4405 4617 4404
f 4618 4411 4612
f 4612 4411 4390
f 4412 4619 4393
f 4619 4612 4393
f 4619 4618 4612
f 4413 4620 4412
f 4412 4620 4619
f 4395 4613 4413
f 4613 4620 4413
f 4613 4621 4620
f 4622 4613 4614
f 4621 4613 4622
f 4623 4614 4615
f 4622 4614 4623
f 4414 4624 4399
f 4624 4615 4399
f 4624 4623 4615
f 4415 4625 4414
f 4414 4625 4624
f 4415 4402 4625
f 4402 4616 4625
f 4418 4416 4625
f 4418 4625 4616
f 4418 4616 4419
f 4616 4626 4419
f 4616 4617 4626
f 4421 4626 4405
f 4405 4626 4617
f 4627 4422 4423
f 4424 4627 4423
f 4628 4428 4618
f 4618 4428 4411
f 4629 4618 4619
f 4628 4618 4629
f 4630 4619 4620
f 4629 4619 4630
f 4631 4620 4621
f 4630 4620 4631
f 4632 4621 4622
f 4631 4621 4632
f 4633 4622 4623
f 4632 4622 4633
f 4634 4623 4624
f 4633 4623 4634
f 4635 4624 4625
f 4634 4624 4635
f 4429 4636 4416
f 4636 4625 4416
f 4636 4635 4625
f 4429 4419 4636
f 4419 4626 4636
f 4432 4430 4636
f 4432 4636 4626
f 4432 4626 4421
f 4637 4433 4434
f 4422 4627 4437
f 4637 4434 4435
f 4437 4627 4424
f 4638 4441 4442
f 4443 4639 4442
f 4442 4639 4638
f 4428 4628 4443
f 4628 4639 4443
f 4628 4640 4639
f 4641 4628 4629
f 4640 4628 4641
f 4642 4629 4630
f 4641 4629 4642
f 4643 4630 4631
f 4642 4630 4643
f 4644 4631 4632
f 4643 4631 4644
f 4645 4632 4633
f 4644 4632 4645
f 4634 4647 4646
f 4645 4634 4646
f 4633 4634 4645
f 4649 4648 4647
f 4634 4649 4647
f 4635 4649 4634
f 4650 4635 4636
f 4649 4635 4650
f 4445 4650 4430
f 4430 4650 4636
f 4637 4446 4433
f 4446 4637 4435
f 4651 4448 4449
f 4450 4651 4449
f 4638 4456 4441
f 4456 4638 4458
f 4638 4652 4458
f 4638 4639 4652
f 4653 4639 4640
f 4652 4639 4653
f 4654 4640 4641
f 4653 4640 4654
f 4655 4641 4642
f 4654 4641 4655
f 4656 4642 4643
f 4655 4642 4656
f 4657 4643 4644
f 4656 4643 4657
f 4645 4659 4658
f 4657 4645 4658
f 4644 4645 4657
f 4659 4645 4646
f 4648 4649 4660
f 4648 4660 4661
f 4662 4649 4650
f 4660 4649 4662
f 4459 4663 4445
f 4663 4650 4445
f 4663 4662 4650
f 4460 4664 4459
f 4459 4664 4663
f 4448 4651 4460
f 4651 4664 4460
f 4651 4665 4664
f 4461 4666 4450
f 4666 4651 4450
f 4666 4665 4651
f 4462 4667 4461
f 4461 4667 4666
f 4463 4667 4462
f 4652 4467 4458
f 4467 4652 4470
f 4470 4652 4653
f 4470 4653 4472
f 4472 4653 4654
f 4472 4654 4473
f 4654 4668 4473
f 4654 4655 4668
f 4669 4655 4656
f 4668 4655 4669
f 4670 4656 4657
f 4669 4656 4670
f 4657 4658 4671
f 4657 4671 4670
f 4672 4661 4660
f 4672 4660 4662
f 4672 4662 4673
f 4675 4674 4673
f 4662 4675 4673
f 4663 4675 4662
f 4676 4663 4664
f 4675 4663 4676
f 4476 4676 4475
f 4676 4665 4475
f 4676 4664 4665
f 4475 4665 4477
f 4665 4677 4477
f 4665 4666 4677
f 4678 4666 4667
f 4677 4666 4678
f 4478 4679 4463
f 4679 4667 4463
f 4679 4678 4667
f 4480 4679 4478
f 4680 4485 4486
f 4473 4668 4486
f 4668 4680 4486
f 4668 4681 4680
f 4682 4668 4669
f 4681 4668 4682
f 4683 4669 4670
f 4682 4669 4683
f 4670 4671 4684
f 4670 4684 4683
f 4674 4675 4685
f 4674 4685 4686
f 4687 4675 4676
f 4685 4675 4687
f 4487 4688 4476
f 4688 4676 4476
f 4688 4687 4676
f 4477 4677 4487
f 4677 4688 4487
f 4677 4689 4688
f 4678 4691 4690
f 4689 4678 4690
f 4677 4678 4689
f 4693 4692 4691
f 4678 4693 4691
f 4679 4693 4678
f 4488 4694 4480
f 4694 4679 4480
f 4694 4693 4679
f 4490 4694 4488
f 4695 4493 4494
f 4495 4696 4494
f 4494 4696 4695
f 4485 4680 4495
f 4680 4696 4495
f 4680 4697 4696
f 4698 4680 4681
f 4697 4680 4698
f 4699 4681 4682
f 4698 4681 4699
f 4683 4701 4700
f 4699 4683 4700
f 4682 4683 4699
f 4701 4683 4684
f 4702 4686 4685
f 4704 4703 4702
f 4685 4704 4702
f 4687 4704 4685
f 4705 4687 4688
f 4704 4687 4705
f 4706 4688 4689
f 4705 4688 4706
f 4689 4690 4707
f 4708 4689 4707
f 4706 4689 4708
f 4708 4710 4709
f 4708 4693 4710
f 4708 4707 4692
f 4693 4708 4692
f 4712 4711 4710
f 4693 4712 4710
f 4694 4712 4693
f 4497 4712 4490
f 4490 4712 4694
f 4713 4501 4695
f 4695 4501 4493
f 4696 4715 4714
f 4713 4696 4714
f 4695 4696 4713
f 4717 4716 4715
f 4696 4717 4715
f 4697 4717 4696
f 4718 4697 4698
f 4717 4697 4718
f 4699 4720 4719
f 4718 4699 4719
f 4698 4699 4718
f 4720 4699 4700
f 4721 4703 4704
f 4721 4704 4705
f 4721 4705 4722
f 4724 4723 4722
f 4705 4724 4722
f 4706 4724 4705
f 4725 4706 4708
f 4724 4706 4725
f 4708 4709 4726
f 4727 4708 4726
f 4725 4708 4727
f 4727 4726 4711
f 4712 4727 4711
f 4728 4727 4712
f 4503 4728 4497
f 4497 4728 4712
f 4729 4507 4713
f 4713 4507 4501
f 4713 4714 4730
f 4713 4730 4729
f 4731 4716 4717
f 4731 4717 4718
f 4731 4718 4732
f 4732 4718 4719
f 4733 4723 4724
f 4733 4724 4725
f 4733 4725 4734
f 4736 4735 4734
f 4725 4736 4734
f 4727 4736 4725
f 4737 4727 4728
f 4736 4727 4737
f 4508 4738 4503
f 4738 4728 4503
f 4738 4737 4728
f 4509 4738 4508
f 4739 4512 4729
f 4729 4512 4507
f 4729 4730 4740
f 4741 4729 4740
f 4739 4729 4741
f 4743 4742 4741
f 4743 4741 4740
f 4745 4744 4742
f 4745 4742 4743
f 4746 4744 4745
f 4735 4736 4747
f 4735 4747 4748
f 4749 4736 4737
f 4747 4736 4749
f 4750 4737 4738
f 4749 4737 4750
f 4513 4750 4509
f 4509 4750 4738
f 4751 4516 4739
f 4739 4516 4512
f 4741 4753 4752
f 4751 4741 4752
f 4739 4741 4751
f 4755 4754 4753
f 4741 4755 4753
f 4742 4755 4741
f 4744 4757 4756
f 4755 4744 4756
f 4742 4744 4755
f 4757 4744 4746
f 4748 4747 4758
f 4748 4758 4759
f 4760 4747 4749
f 4758 4747 4760
f 4761 4749 4750
f 4760 4749 4761
f 4518 4761 4513
f 4513 4761 4750
f 4763 4762 4521
f 4521 4762 4520
f 4521 4516 4751
f 4764 4521 4751
f 4763 4521 4764
f 4764 4751 4752
f 4765 4754 4755
f 4765 4755 4756
f 4759 4758 4766
f 4759 4766 4767
f 4768 4758 4760
f 4766 4758 4768
f 4524 4768 4523
f 4768 4761 4523
f 4768 4760 4761
f 4523 4761 4518
f 4762 4769 4520
f 4520 4769 4527
f 4529 4527 4769
f 4529 4769 4770
f 4771 4767 4766
f 4773 4772 4771
f 4766 4773 4771
f 4768 4773 4766
f 4531 4773 4524
f 4524 4773 4768
f 4775 4535 4774
f 4535 4770 4774
f 4535 4529 4770
f 4776 4775 4774
f 4779 4778 4777
f 4777 4778 4772
f 4777 4772 4773
f 4538 4777 4773
f 4537 4538 4773
f 4537 4773 4531
f 4780 4540 4775
f 4775 4540 4535
f 4775 4776 4781
f 4782 4775 4781
f 4780 4775 4782
f 4783 4782 4781
f 4779 4777 4784
f 4779 4784 4785
f 4542 4784 4538
f 4538 4784 4777
f 4786 4544 4780
f 4780 4544 4540
f 4787 4780 4782
f 4786 4780 4787
f 4782 4783 4788
f 4782 4788 4787
f 4791 4790 4789
f 4789 4790 4785
f 4784 4789 4785
f 4792 4789 4784
f 4546 4792 4542
f 4542 4792 4784
f 4786 4549 4544
f 4549 4786 4550
f 4786 4793 4550
f 4786 4787 4793
f 4787 4788 4794
f 4795 4787 4794
f 4793 4787 4795
f 4797 4796 4795
f 4797 4795 4794
f 4798 4796 4797
f 4791 4789 4799
f 4791 4799 4800
f 4553 4799 4552
f 4799 4792 4552
f 4799 4789 4792
f 4552 4792 4546
f 4793 4556 4550
f 4556 4793 4558
f 4558 4793 4795
f 4558 4795 4559
f 4795 4801 4559
f 4795 4796 4801
f 4796 4798 4802
f 4803 4796 4802
f 4801 4796 4803
f 4804 4803 4802
f 4807 4806 4805
f 4805 4806 4800
f 4799 4805 4800
f 4808 4805 4799
f 4560 4809 4553
f 4809 4799 4553
f 4809 4808 4799
f 4561 4809 4560
f 4801 4564 4559
f 4564 4801 4565
f 4801 4810 4565
f 4801 4803 4810
f 4803 4804 4811
f 4812 4803 4811
f 4810 4803 4812
f 4814 4813 4812
f 4814 4812 4811
f 4815 4813 4814
f 4818 4817 4816
f 4820 4819 4816
f 4820 4816 4817
f 4819 4820 4807
f 4805 4819 4807
f 4821 4819 4805
f 4822 4805 4808
f 4821 4805 4822
f 4568 4822 4567
f 4822 4809 4567
f 4822 4808 4809
f 4567 4809 4561
f 4810 4571 4565
f 4571 4810 4574
f 4574 4810 4812
f 4574 4812 4575
f 4812 4823 4575
f 4812 4813 4823
f 4813 4815 4824
f 4825 4813 4824
f 4823 4813 4825
f 4827 4826 4825
f 4827 4825 4824
f 4829 4828 4826
f 4829 4826 4827
f 4831 4830 4828
f 4831 4828 4829
f 4830 4831 4818
f 4816 4830 4818
f 4832 4830 4816
f 4833 4816 4819
f 4832 4816 4833
f 4834 4819 4821
f 4833 4819 4834
f 4578 4834 4577
f 4834 4822 4577
f 4834 4821 4822
f 4577 4822 4568
f 4823 4582 4575
f 4582 4823 4584
f 4823 4835 4584
f 4823 4825 4835
f 4836 4825 4826
f 4835 4825 4836
f 4837 4826 4828
f 4836 4826 4837
f 4838 4828 4830
f 4837 4828 4838
f 4839 4830 4832
f 4838 4830 4839
f 4840 4832 4833
f 4839 4832 4840
f 4587 4840 4586
f 4840 4834 4586
f 4840 4833 4834
f 4586 4834 4578
f 4835 4592 4584
f 4592 4835 4595
f 4595 4835 4836
f 4595 4836 4596
f 4836 4841 4596
f 4836 4837 4841
f 4842 4837 4838
f 4841 4837 4842
f 4599 4842 4598
f 4842 4839 4598
f 4842 4838 4839
f 4598 4839 4601
f 4601 4839 4840
f 4601 4840 4587
f 4841 4607 4596
f 4607 4841 4610
f 4610 4841 4842
f 4610 4842 4599
f 4843 4646 4647
f 4648 4843 4647
f 4844 4658 4659
f 4646 4843 4659
f 4843 4844 4659
f 4843 4845 4844
f 4661 4845 4648
f 4648 4845 4843
f 4846 4671 4844
f 4844 4671 4658
f 4847 4844 4845
f 4846 4844 4847
f 4672 4848 4661
f 4848 4845 4661
f 4848 4847 4845
f 4673 4849 4672
f 4672 4849 4848
f 4674 4849 4673
f 4850 4684 4846
f 4846 4684 4671
f 4851 4846 4847
f 4850 4846 4851
f 4852 4847 4848
f 4851 4847 4852
f 4853 4848 4849
f 4852 4848 4853
f 4686 4853 4674
f 4674 4853 4849
f 4854 4690 4691
f 4692 4854 4691
f 4855 4700 4701
f 4684 4850 4701
f 4850 4855 4701
f 4850 4856 4855
f 4857 4850 4851
f 4856 4850 4857
f 4858 4851 4852
f 4857 4851 4858
f 4859 4852 4853
f 4858 4852 4859
f 4702 4860 4686
f 4860 4853 4686
f 4860 4859 4853
f 4703 4860 4702
f 4854 4707 4690
f 4707 4854 4692
f 4861 4709 4710
f 4711 4861 4710
f 4862 4714 4715
f 4716 4862 4715
f 4863 4719 4720
f 4700 4855 4720
f 4855 4863 4720
f 4855 4864 4863
f 4865 4855 4856
f 4864 4855 4865
f 4866 4856 4857
f 4865 4856 4866
f 4867 4857 4858
f 4866 4857 4867
f 4868 4858 4859
f 4867 4858 4868
f 4869 4859 4860
f 4868 4859 4869
f 4721 4870 4703
f 4870 4860 4703
f 4870 4869 4860
f 4722 4871 4721
f 4721 4871 4870
f 4723 4871 4722
f 4861 4726 4709
f 4726 4861 4711
f 4872 4730 4862
f 4862 4730 4714
f 4731 4873 4716
f 4873 4862 4716
f 4873 4872 4862
f 4732 4874 4731
f 4731 4874 4873
f 4719 4863 4732
f 4863 4874 4732
f 4863 4875 4874
f 4876 4863 4864
f 4875 4863 4876
f 4877 4864 4865
f 4876 4864 4877
f 4866 4879 4878
f 4877 4866 4878
f 4865 4866 4877
f 4879 4866 4867
f 4879 4867 4880
f 4882 4881 4880
f 4867 4882 4880
f 4868 4882 4867
f 4869 4884 4883
f 4882 4869 4883
f 4868 4869 4882
f 4886 4885 4884
f 4869 4886 4884
f 4870 4886 4869
f 4887 4870 4871
f 4886 4870 4887
f 4733 4888 4723
f 4888 4871 4723
f 4888 4887 4871
f 4734 4889 4733
f 4733 4889 4888
f 4735 4889 4734
f 4872 4740 4730
f 4740 4872 4743
f 4743 4872 4873
f 4743 4873 4745
f 4745 4873 4874
f 4745 4874 4746
f 4874 4890 4746
f 4874 4875 4890
f 4891 4875 4876
f 4890 4875 4891
f 4892 4876 4877
f 4891 4876 4892
f 4877 4878 4893
f 4877 4893 4892
f 4894 4881 4882
f 4894 4882 4883
f 4895 4885 4886
f 4897 4896 4895
f 4886 4897 4895
f 4887 4897 4886
f 4898 4887 4888
f 4897 4887 4898
f 4899 4888 4889
f 4898 4888 4899
f 4748 4899 4735
f 4735 4899 4889
f 4900 4752 4753
f 4754 4900 4753
f 4901 4756 4757
f 4746 4890 4757
f 4890 4901 4757
f 4890 4902 4901
f 4903 4890 4891
f 4902 4890 4903
f 4892 4905 4904
f 4903 4892 4904
f 4891 4892 4903
f 4905 4892 4893
f 4906 4896 4897
f 4908 4907 4906
f 4897 4908 4906
f 4898 4908 4897
f 4909 4898 4899
f 4908 4898 4909
f 4759 4909 4748
f 4748 4909 4899
f 4911 4910 4763
f 4763 4910 4762
f 4912 4763 4764
f 4912 4911 4763
f 4764 4752 4900
f 4913 4764 4900
f 4912 4764 4913
f 4915 4913 4914
f 4914 4913 4765
f 4913 4900 4765
f 4900 4754 4765
f 4756 4901 4765
f 4901 4914 4765
f 4901 4916 4914
f 4917 4901 4902
f 4916 4901 4917
f 4903 4919 4918
f 4917 4903 4918
f 4902 4903 4917
f 4919 4903 4904
f 4922 4921 4920
f 4920 4921 4907
f 4908 4920 4907
f 4923 4920 4908
f 4924 4908 4909
f 4923 4908 4924
f 4767 4924 4759
f 4759 4924 4909
f 4910 4925 4762
f 4762 4925 4769
f 4770 4769 4925
f 4770 4925 4926
f 4915 4914 4927
f 4915 4927 4928
f 4929 4914 4916
f 4927 4914 4929
f 4930 4916 4917
f 4929 4916 4930
f 4917 4918 4931
f 4932 4917 4931
f 4930 4917 4932
f 4933 4932 4931
f 4934 4922 4920
f 4936 4935 4934
f 4920 4936 4934
f 4923 4936 4920
f 4937 4923 4924
f 4936 4923 4937
f 4771 4938 4767
f 4938 4924 4767
f 4938 4937 4924
f 4772 4938 4771
f 4926 4939 4770
f 4770 4939 4774
f 4776 4774 4939
f 4776 4939 4940
f 4928 4927 4941
f 4928 4941 4942
f 4943 4927 4929
f 4941 4927 4943
f 4944 4929 4930
f 4943 4929 4944
f 4945 4930 4932
f 4944 4930 4945
f 4932 4933 4946
f 4932 4946 4945
f 4935 4936 4947
f 4935 4947 4948
f 4949 4936 4937
f 4947 4936 4949
f 4779 4949 4778
f 4949 4938 4778
f 4949 4937 4938
f 4778 4938 4772
f 4940 4950 4776
f 4776 4950 4781
f 4941 4951 4783
f 4950 4941 4783
f 4781 4950 4783
f 4942 4941 4950
f 4952 4941 4943
f 4951 4941 4952
f 4953 4943 4944
f 4952 4943 4953
f 4954 4944 4945
f 4953 4944 4954
f 4945 4946 4955
f 4945 4955 4954
f 4958 4957 4956
f 4956 4957 4948
f 4947 4956 4948
f 4959 4956 4947
f 4960 4947 4949
f 4959 4947 4960
f 4785 4960 4779
f 4779 4960 4949
f 4961 4788 4951
f 4951 4788 4783
f 4962 4951 4952
f 4961 4951 4962
f 4963 4952 4953
f 4962 4952 4963
f 4964 4953 4954
f 4963 4953 4964
f 4954 4955 4965
f 4954 4965 4964
f 4968 4967 4966
f 4966 4967 4958
f 4956 4966 4958
f 4969 4966 4956
f 4970 4956 4959
f 4969 4956 4970
f 4791 4970 4790
f 4970 4960 4790
f 4970 4959 4960
f 4790 4960 4785
f 4961 4794 4788
f 4794 4961 4797
f 4797 4961 4962
f 4797 4962 4798
f 4962 4971 4798
f 4962 4963 4971
f 4972 4963 4964
f 4971 4963 4972
f 4964 4965 4973
f 4974 4964 4973
f 4972 4964 4974
f 4975 4974 4973
f 4978 4977 4976
f 4976 4977 4968
f 4966 4976 4968
f 4979 4976 4966
f 4980 4966 4969
f 4979 4966 4980
f 4981 4969 4970
f 4980 4969 4981
f 4800 4981 4791
f 4791 4981 4970
f 4971 4802 4798
f 4802 4971 4804
f 4971 4982 4804
f 4971 4972 4982
f 4983 4972 4974
f 4982 4972 4983
f 4974 4975 4984
f 4985 4974 4984
f 4983 4974 4985
f 4987 4986 4985
f 4987 4985 4984
f 4989 4988 4986
f 4989 4986 4987
f 4988 4989 4978
f 4976 4988 4978
f 4990 4988 4976
f 4991 4976 4979
f 4990 4976 4991
f 4992 4979 4980
f 4991 4979 4992
f 4807 4992 4806
f 4992 4981 4806
f 4992 4980 4981
f 4806 4981 4800
f 4982 4811 4804
f 4811 4982 4814
f 4814 4982 4983
f 4814 4983 4815
f 4983 4993 4815
f 4983 4985 4993
f 4994 4985 4986
f 4993 4985 4994
f 4995 4986 4988
f 4994 4986 4995
f 4996 4988 4990
f 4995 4988 4996
f 4818 4996 4817
f 4996 4991 4817
f 4996 4990 4991
f 4817 4991 4820
f 4820 4991 4992
f 4820 4992 4807
f 4993 4824 4815
f 4824 4993 4827
f 4827 4993 4994
f 4827 4994 4829
f 4829 4994 4995
f 4829 4995 4831
f 4831 4995 4996
f 4831 4996 4818
f 4997 4878 4879
f 4880 4998 4879
f 4879 4998 4997
f 4881 4998 4880
f 4999 4883 4884
f 4885 4999 4884
f 5002 5001 5000
f 5004 5003 5000
f 5000 5003 5002
f 5004 5005 5003
f 5006 4893 4997
f 4997 4893 4878
f 5007 4997 4998
f 5006 4997 5007
f 4894 5008 4881
f 5008 4998 4881
f 5008 5007 4998
f 4883 4999 4894
f 4999 5008 4894
f 4999 5009 5008
f 4895 5010 4885
f 5010 4999 4885
f 5010 5009 4999
f 4896 5010 4895
f 5013 5012 5011
f 5013 5011 5001
f 5011 5000 5001
f 5011 5014 5000
f 5000 5015 5004
f 5000 5014 5015
f 5005 5004 5016
f 5004 5017 5016
f 5004 5015 5017
f 5017 5018 5016
f 5019 4904 4905
f 4893 5006 4905
f 5006 5019 4905
f 5006 5020 5019
f 5021 5006 5007
f 5020 5006 5021
f 5022 5007 5008
f 5021 5007 5022
f 5023 5008 5009
f 5022 5008 5023
f 5024 5009 5010
f 5023 5009 5024
f 4906 5025 4896
f 5025 5010 4896
f 5025 5024 5010
f 4907 5025 4906
f 5011 5012 4911
f 5012 4910 4911
f 5012 5026 4910
f 5011 4911 4912
f 5011 4912 5014
f 5014 4912 4913
f 5014 4913 5015
f 5015 4913 4915
f 5027 5015 4915
f 5017 5015 5027
f 5018 5017 5028
f 5028 5017 5027
f 5029 4918 4919
f 4904 5019 4919
f 5019 5029 4919
f 5019 5030 5029
f 5031 5019 5020
f 5030 5019 5031
f 5032 5020 5021
f 5031 5020 5032
f 5033 5021 5022
f 5032 5021 5033
f 5034 5022 5023
f 5033 5022 5034
f 5035 5023 5024
f 5034 5023 5035
f 4922 5035 4921
f 5035 5025 4921
f 5035 5024 5025
f 4921 5025 4907
f 5026 5036 4910
f 4910 5036 4925
f 4926 4925 5036
f 4926 5036 5037
f 4928 5038 5027
f 4928 5027 4915
f 5028 5027 5039
f 5039 5027 5038
f 5029 4931 4918
f 4931 5029 4933
f 5029 5040 4933
f 5029 5030 5040
f 5041 5030 5031
f 5040 5030 5041
f 5042 5031 5032
f 5041 5031 5042
f 5043 5032 5033
f 5042 5032 5043
f 5044 5033 5034
f 5043 5033 5044
f 5045 5034 5035
f 5044 5034 5045
f 4934 5046 4922
f 5046 5035 4922
f 5046 5045 5035
f 4935 5046 4934
f 4939 4926 5047
f 4926 5048 5047
f 4926 5037 5048
f 5047 4940 4939
f 4942 5049 5038
f 4942 5038 4928
f 5039 5038 5050
f 5050 5038 5049
f 5051 4946 5040
f 5040 4946 4933
f 5052 5040 5041
f 5051 5040 5052
f 5053 5041 5042
f 5052 5041 5053
f 5054 5042 5043
f 5053 5042 5054
f 5055 5043 5044
f 5054 5043 5055
f 5056 5044 5045
f 5055 5044 5056
f 5057 5045 5046
f 5056 5045 5057
f 4948 5057 4935
f 4935 5057 5046
f 5048 5058 5047
f 5047 5058 4940
f 5058 4950 4940
f 5058 5059 4950
f 4942 4950 5049
f 4950 5060 5049
f 4950 5059 5060
f 5049 5060 5050
f 5061 4955 5051
f 5051 4955 4946
f 5062 5051 5052
f 5061 5051 5062
f 5063 5052 5053
f 5062 5052 5063
f 5064 5053 5054
f 5063 5053 5064
f 5065 5054 5055
f 5064 5054 5065
f 5066 5055 5056
f 5065 5055 5066
f 4958 5066 4957
f 5066 5057 4957
f 5066 5056 5057
f 4957 5057 4948
f 5067 4965 5061
f 5061 4965 4955
f 5068 5061 5062
f 5067 5061 5068
f 5069 5062 5063
f 5068 5062 5069
f 5070 5063 5064
f 5069 5063 5070
f 5071 5064 5065
f 5070 5064 5071
f 4968 5071 4967
f 5071 5066 4967
f 5071 5065 5066
f 4967 5066 4958
f 5067 4973 4965
f 4973 5067 4975
f 5067 5072 4975
f 5067 5068 5072
f 5073 5068 5069
f 5072 5068 5073
f 5074 5069 5070
f 5073 5069 5074
f 4978 5074 4977
f 5074 5071 4977
f 5074 5070 5071
f 4977 5071 4968
f 5072 4984 4975
f 4984 5072 4987
f 4987 5072 5073
f 4987 5073 4989
f 4989 5073 5074
f 4989 5074 4978
f 5076 5075 5002
f 5002 5075 5001
f 5077 5002 5003
f 5077 5076 5002
f 5003 5005 5077
f 5077 5005 5078
f 5081 5080 5079
f 5012 5013 5079
f 5013 5081 5079
f 5013 5082 5081
f 5013 5001 5075
f 5013 5075 5082
f 5083 5078 5005
f 5083 5005 5016
f 5016 5018 5083
f 5083 5018 5084
f 5079 5080 5085
f 5085 5080 5086
f 5085 5026 5012
f 5085 5012 5079
f 5028 5084 5018
f 5028 5087 5084
f 5086 5088 5085
f 5088 5090 5089
f 5088 5089 5036
f 5085 5088 5036
f 5026 5085 5036
f 5089 5037 5036
f 5039 5087 5028
f 5039 5091 5087
f 5089 5090 5092
f 5092 5090 5093
f 5092 5048 5037
f 5092 5037 5089
f 5050 5091 5039
f 5050 5094 5091
f 5093 5095 5092
f 5095 5097 5096
f 5095 5096 5058
f 5092 5095 5058
f 5048 5092 5058
f 5098 5059 5058
f 5098 5058 5096
f 5059 5098 5099
f 5100 5059 5099
f 5060 5059 5100
f 5050 5060 5094
f 5094 5060 5100
f 5097 5101 5096
f 5096 5101 5098
f 5098 5101 5102
f 5098 5102 5099
f 5105 5104 5103
f 5103 5106 5105
f 5103 5104 5107
f 5107 5104 5108
f 5106 5103 5109
f 5103 5110 5109
f 5103 5107 5110
f 5075 5076 5110
f 5076 5109 5110
f 5076 5111 5109
f 5112 5076 5077
f 5112 5111 5076
f 5077 5078 5112
f 5112 5078 5113
f 5107 5108 5081
f 5108 5080 5081
f 5108 5114 5080
f 5107 5081 5082
f 5107 5082 5110
f 5110 5082 5075
f 5078 5083 5115
f 5116 5078 5115
f 5113 5078 5116
f 5084 5115 5083
f 5114 5086 5080
f 5117 5086 5114
f 5118 5116 5115
f 5115 5084 5118
f 5084 5119 5118
f 5084 5087 5119
f 5088 5086 5120
f 5086 5121 5120
f 5086 5117 5121
f 5120 5090 5088
f 5091 5119 5087
f 5091 5122 5119
f 5121 5123 5120
f 5090 5120 5123
f 5124 5090 5123
f 5093 5090 5124
f 5094 5122 5091
f 5094 5125 5122
f 5095 5093 5126
f 5093 5127 5126
f 5093 5124 5127
f 5126 5097 5095
f 5129 5128 5100
f 5129 5100 5099
f 5094 5100 5125
f 5125 5100 5128
f 5127 5130 5126
f 5126 5130 5097
f 5130 5101 5097
f 5130 5131 5101
f 5131 5133 5132
f 5102 5131 5132
f 5101 5131 5102
f 5132 5134 5102
f 5134 5099 5102
f 5134 5129 5099
f 5133 5135 5132
f 5132 5135 5134
f 5138 5137 5136
f 5140 5139 5136
f 5136 5139 5138
f 5104 5105 5141
f 5139 5140 5142
f 5106 5141 5105
f 5137 5143 5136
f 5145 5144 5143
f 5144 5136 5143
f 5144 5140 5136
f 5104 5141 5108
f 5146 5108 5141
f 5108 5146 5144
f 5142 5144 5146
f 5144 5142 5140
f 5146 5141 5106
f 5109 5146 5106
f 5147 5146 5109
f 5148 5109 5111
f 5148 5147 5109
f 5149 5111 5112
f 5149 5148 5111
f 5112 5113 5149
f 5149 5113 5150
f 5144 5145 5151
f 5151 5145 5152
f 5151 5114 5108
f 5151 5108 5144
f 5116 5150 5113
f 5116 5153 5150
f 5151 5152 5154
f 5154 5152 5155
f 5154 5117 5114
f 5154 5114 5151
f 5116 5118 5156
f 5157 5116 5156
f 5153 5116 5157
f 5119 5156 5118
f 5155 5158 5154
f 5117 5154 5158
f 5159 5117 5158
f 5121 5117 5159
f 5157 5156 5160
f 5157 5160 5161
f 5122 5160 5119
f 5119 5160 5156
f 5159 5162 5121
f 5121 5162 5123
f 5124 5123 5162
f 5124 5162 5163
f 5164 5161 5160
f 5160 5122 5164
f 5122 5165 5164
f 5122 5125 5165
f 5163 5127 5124
f 5166 5127 5163
f 5168 5167 5128
f 5168 5128 5129
f 5125 5128 5165
f 5165 5128 5167
f 5166 5169 5127
f 5127 5169 5130
f 5130 5170 5131
f 5169 5170 5130
f 5133 5131 5170
f 5133 5170 5171
f 5134 5168 5129
f 5134 5172 5168
f 5171 5173 5133
f 5133 5173 5135
f 5134 5135 5172
f 5172 5135 5173
f 5174 5137 5138
f 5139 5175 5138
f 5138 5175 5174
f 5142 5175 5139
f 5143 5137 5174
f 5178 5177 5176
f 5176 5177 5179
f 5145 5179 5177
f 5179 5145 5175
f 5143 5175 5145
f 5175 5143 5174
f 5179 5175 5142
f 5146 5179 5142
f 5180 5179 5146
f 5181 5146 5147
f 5181 5180 5146
f 5182 5147 5148
f 5182 5181 5147
f 5184 5182 5183
f 5182 5149 5183
f 5182 5148 5149
f 5150 5183 5149
f 5178 5185 5177
f 5145 5177 5185
f 5186 5145 5185
f 5152 5145 5186
f 5187 5184 5183
f 5183 5150 5187
f 5150 5188 5187
f 5150 5153 5188
f 5186 5155 5152
f 5189 5155 5186
f 5157 5188 5153
f 5157 5190 5188
f 5189 5191 5155
f 5155 5191 5158
f 5159 5158 5191
f 5159 5191 5192
f 5161 5190 5157
f 5161 5193 5190
f 5192 5194 5159
f 5159 5194 5162
f 5163 5162 5194
f 5163 5194 5195
f 5196 5193 5161
f 5196 5161 5164
f 5164 5165 5196
f 5196 5165 5197
f 5199 5166 5198
f 5166 5195 5198
f 5166 5163 5195
f 5201 5200 5199
f 5201 5199 5198
f 5202 5200 5201
f 5168 5203 5167
f 5203 5204 5167
f 5204 5165 5167
f 5204 5197 5165
f 5199 5169 5166
f 5169 5199 5170
f 5170 5199 5200
f 5171 5170 5200
f 5202 5171 5200
f 5205 5171 5202
f 5207 5206 5203
f 5168 5207 5203
f 5172 5207 5168
f 5203 5206 5204
f 5205 5208 5171
f 5171 5208 5173
f 5172 5173 5207
f 5207 5173 5208
f 5209 5178 5176
f 5179 5210 5176
f 5176 5210 5209
f 5210 5179 5211
f 5179 5212 5211
f 5179 5180 5212
f 5213 5180 5181
f 5213 5212 5180
f 5215 5213 5214
f 5213 5182 5214
f 5213 5181 5182
f 5184 5214 5182
f 5209 5185 5178
f 5185 5209 5186
f 5209 5216 5186
f 5209 5210 5216
f 5210 5211 5217
f 5210 5217 5216
f 5218 5215 5214
f 5220 5218 5219
f 5219 5218 5187
f 5218 5214 5187
f 5214 5184 5187
f 5188 5219 5187
f 5221 5189 5216
f 5216 5189 5186
f 5216 5217 5222
f 5223 5216 5222
f 5221 5216 5223
f 5224 5223 5222
f 5220 5219 5225
f 5220 5225 5226
f 5190 5225 5188
f 5188 5225 5219
f 5221 5191 5189
f 5191 5221 5192
f 5221 5227 5192
f 5221 5223 5227
f 5223 5224 5228
f 5223 5228 5227
f 5229 5226 5225
f 5225 5190 5229
f 5190 5230 5229
f 5190 5193 5230
f 5227 5194 5192
f 5232 5231 5195
f 5232 5195 5194
f 5228 5232 5194
f 5227 5228 5194
f 5233 5231 5232
f 5234 5230 5193
f 5234 5193 5196
f 5196 5197 5234
f 5234 5197 5235
f 5231 5198 5195
f 5233 5236 5231
f 5236 5198 5231
f 5236 5201 5198
f 5202 5201 5236
f 5202 5236 5237
f 5204 5235 5197
f 5204 5238 5235
f 5240 5205 5239
f 5205 5237 5239
f 5205 5202 5237
f 5206 5207 5240
f 5239 5206 5240
f 5241 5206 5239
f 5204 5206 5238
f 5238 5206 5241
f 5240 5208 5205
f 5208 5240 5207
f 5242 5211 5212
f 5213 5243 5212
f 5212 5243 5242
f 5215 5243 5213
f 5244 5217 5242
f 5242 5217 5211
f 5245 5242 5243
f 5244 5242 5245
f 5218 5246 5215
f 5246 5243 5215
f 5246 5245 5243
f 5220 5246 5218
f 5244 5222 5217
f 5222 5244 5224
f 5244 5247 5224
f 5244 5245 5247
f 5248 5245 5246
f 5247 5245 5248
f 5226 5248 5220
f 5220 5248 5246
f 5249 5228 5247
f 5247 5228 5224
f 5250 5247 5248
f 5249 5247 5250
f 5229 5251 5226
f 5251 5248 5226
f 5251 5250 5248
f 5230 5251 5229
f 5249 5232 5228
f 5232 5249 5233
f 5249 5252 5233
f 5249 5250 5252
f 5253 5250 5251
f 5252 5250 5253
f 5234 5254 5230
f 5254 5251 5230
f 5254 5253 5251
f 5235 5254 5234
f 5252 5236 5233
f 5236 5252 5237
f 5252 5255 5237
f 5252 5253 5255
f 5256 5253 5254
f 5255 5253 5256
f 5238 5256 5235
f 5235 5256 5254
f 5255 5239 5237
f 5239 5255 5241
f 5241 5255 5256
f 5241 5256 5238
