v 65.59500885009766 121.0 60.0
v 66.0 121.0 59.57298278808594
v 66.0 120.57391357421875 60.0
v 66.0 121.0 60.42701721191406
v 66.0 121.42701721191406 60.0
v 66.54570770263672 120.0 56.0
v 67.0 120.0 55.52578353881836
v 67.0 119.54483032226562 56.0
v 67.0 119.50096893310547 57.0
v 66.52197265625 120.0 57.0
v 67.0 119.5 58.0
v 66.52192687988281 120.0 58.0
v 67.0 119.49996185302734 59.0
v 66.52108001708984 120.0 59.0
v 67.0 119.49911499023438 60.0
v 66.50183868408203 120.0 60.0
v 67.0 119.49996185302734 61.0
v 66.52108001708984 120.0 61.0
v 67.0 119.52288818359375 62.0
v 66.54374694824219 120.0 62.0
v 67.0 120.0 62.49799346923828
v 66.543701171875 121.0 56.0
v 67.0 121.0 55.522891998291016
v 66.5008544921875 121.0 57.0
v 66.5 121.0 58.0
v 66.47991180419922 121.0 59.0
v 66.47991180419922 121.0 61.0
v 66.5008544921875 121.0 62.0
v 67.0 120.50196838378906 63.0
v 66.543701171875 121.0 63.0
v 67.0 121.0 63.478031158447266
v 67.0 121.49995422363281 56.0
v 66.52101135253906 122.0 57.0
v 67.0 122.0 56.47811508178711
v 66.5 122.0 58.0
v 66.4991455078125 122.0 59.0
v 66.47991180419922 122.0 60.0
v 66.4991455078125 122.0 61.0
v 66.5 122.0 62.0
v 66.52101135253906 122.0 63.0
v 67.0 122.0 63.52192687988281
v 66.54469299316406 123.0 57.0
v 67.0 123.0 56.52381134033203
v 66.52101135253906 123.0 58.0
v 66.5008544921875 123.0 59.0
v 66.5 123.0 60.0
v 66.5 123.0 61.0
v 66.5 123.0 62.0
v 66.501708984375 123.0 63.0
v 67.0 122.52297973632812 64.0
v 66.56720733642578 123.0 64.0
v 67.0 123.0 64.45430755615234
v 67.0 123.47706604003906 57.0
v 67.0 123.52192687988281 58.0
v 66.543701171875 124.0 59.0
v 67.0 124.0 58.5
v 66.52101135253906 124.0 60.0
v 66.5008544921875 124.0 61.0
v 66.5 124.0 62.0
v 66.52101135253906 124.0 63.0
v 67.0 124.0 63.52192687988281
v 67.0 123.47702026367188 64.0
v 67.0 124.47807312011719 59.0
v 67.0 124.52192687988281 60.0
v 66.54270935058594 125.0 61.0
v 67.0 125.0 60.4990348815918
v 66.5008544921875 125.0 62.0
v 66.52193450927734 125.0 63.0
v 67.0 125.0 63.5
v 67.0 125.5 61.0
v 66.543701171875 126.0 62.0
v 67.0 126.0 61.5009651184082
v 66.5447006225586 126.0 63.0
v 67.0 126.0 63.47706604003906
v 67.0 126.47806549072266 62.0
v 67.0 126.47710418701172 63.0
v 67.54469299316406 116.0 57.0
v 68.0 116.0 56.52293395996094
v 68.0 115.52293395996094 57.0
v 68.0 115.5 58.0
v 67.52193450927734 116.0 58.0
v 68.0 115.52293395996094 59.0
v 67.54469299316406 116.0 59.0
v 68.0 116.0 59.47706604003906
v 67.52193450927734 117.0 57.0
v 68.0 117.0 56.500003814697266
v 67.50000762939453 117.0 58.0
v 67.52101135253906 117.0 59.0
v 68.0 117.0 59.522891998291016
v 67.52192687988281 118.0 57.0
v 68.0 118.0 56.499996185302734
v 67.5 118.0 58.0
v 67.5008544921875 118.0 59.0
v 68.0 117.47710418701172 60.0
v 67.52101135253906 118.0 60.0
v 68.0 117.50003814697266 61.0
v 67.52192687988281 118.0 61.0
v 68.0 117.52377319335938 62.0
v 67.54469299316406 118.0 62.0
v 68.0 118.0 62.47618865966797
v 67.49907684326172 119.0 57.0
v 68.0 119.0 56.475135803222656
v 67.47807312011719 119.0 58.0
v 67.47807312011719 119.0 59.0
v 67.47807312011719 119.0 60.0
v 67.47807312011719 119.0 61.0
v 67.5 119.0 62.0
v 68.0 119.0 62.52381134033203
v 67.5238037109375 120.0 55.0
v 68.0 120.0 54.522850036621094
v 68.0 119.52281188964844 55.0
v 68.0 119.4551773071289 56.0
v 68.0 119.47531127929688 63.0
v 67.47823333740234 120.0 63.0
v 68.0 119.52372741699219 64.0
v 67.54289245605469 120.0 64.0
v 68.0 120.0 64.49803161621094
v 67.50092315673828 121.0 55.0
v 68.0 121.0 54.499080657958984
v 67.47984313964844 121.0 64.0
v 68.0 120.5009994506836 65.0
v 67.54270935058594 121.0 65.0
v 68.0 121.0 65.49995422363281
v 67.54285430908203 122.0 55.0
v 68.0 122.0 54.521888732910156
v 67.45714569091797 122.0 56.0
v 67.456298828125 122.0 64.0
v 67.5 122.0 65.0
v 68.0 121.50100708007812 66.0
v 67.543701171875 122.0 66.0
v 68.0 122.0 66.47711181640625
v 68.0 122.50004577636719 55.0
v 67.5 123.0 56.0
v 68.0 123.0 55.477149963378906
v 67.47991180419922 123.0 65.0
v 67.52192687988281 123.0 66.0
v 68.0 123.0 66.49903106689453
v 67.54186248779297 124.0 56.0
v 68.0 124.0 55.49995803833008
v 67.47984313964844 124.0 57.0
v 67.456298828125 124.0 58.0
v 67.456298828125 124.0 64.0
v 67.4991455078125 124.0 65.0
v 67.52193450927734 124.0 66.0
v 68.0 124.0 66.49903106689453
v 67.59383392333984 125.0 55.0
v 68.0 125.0 54.572723388671875
v 68.0 124.55028533935547 55.0
v 68.0 124.5229263305664 56.0
v 68.0 125.0 55.472469329833984
v 67.54270935058594 125.0 57.0
v 68.0 125.0 56.47711181640625
v 67.5 125.0 58.0
v 67.47898864746094 125.0 59.0
v 67.456298828125 125.0 60.0
v 67.47806549072266 125.0 64.0
v 67.5008544921875 125.0 65.0
v 67.543701171875 125.0 66.0
v 68.0 125.0 66.47711181640625
v 68.0 125.42723846435547 55.0
v 68.0 125.49996185302734 57.0
v 67.543701171875 126.0 58.0
v 68.0 126.0 57.50100326538086
v 67.52101135253906 126.0 59.0
v 67.5 126.0 60.0
v 67.45729064941406 126.0 61.0
v 67.47984313964844 126.0 64.0
v 67.54270935058594 126.0 65.0
v 68.0 126.0 65.50000762939453
v 68.0 125.49903869628906 66.0
v 68.0 126.5 58.0
v 68.0 126.54692840576172 59.0
v 67.52009582519531 127.0 60.0
v 68.0 127.0 59.45219802856445
v 67.4991455078125 127.0 61.0
v 67.47898864746094 127.0 62.0
v 67.47898864746094 127.0 63.0
v 67.51924133300781 127.0 64.0
v 68.0 127.0 64.54678344726562
v 68.0 126.5250015258789 65.0
v 67.56828308105469 128.0 58.0
v 68.0 128.0 57.546783447265625
v 68.0 127.52403259277344 58.0
v 68.0 127.45394897460938 59.0
v 67.52193450927734 128.0 59.0
v 67.5008544921875 128.0 60.0
v 67.5 128.0 61.0
v 67.5 128.0 62.0
v 67.5 128.0 63.0
v 67.5008544921875 128.0 64.0
v 68.0 127.45413208007812 65.0
v 67.52101135253906 128.0 65.0
v 68.0 127.52201080322266 66.0
v 67.5447006225586 128.0 66.0
v 68.0 128.0 66.4770278930664
v 68.0 128.47500610351562 58.0
v 67.54270935058594 129.0 59.0
v 68.0 129.0 58.500003814697266
v 67.5008544921875 129.0 60.0
v 67.5 129.0 61.0
v 67.5 129.0 62.0
v 67.5 129.0 63.0
v 67.5 129.0 64.0
v 67.5008544921875 129.0 65.0
v 67.543701171875 129.0 66.0
v 68.0 129.0 66.4771499633789
v 68.0 129.5 59.0
v 67.543701171875 130.0 60.0
v 68.0 130.0 59.5009651184082
v 67.52193450927734 130.0 61.0
v 67.52101135253906 130.0 62.0
v 67.501708984375 130.0 63.0
v 67.52101135253906 130.0 64.0
v 67.543701171875 130.0 65.0
v 68.0 130.0 65.49899291992188
v 68.0 129.49899291992188 66.0
v 68.0 130.4780731201172 60.0
v 68.0 130.5 61.0
v 68.0 130.5219268798828 62.0
v 67.56720733642578 131.0 63.0
v 68.0 131.0 62.52298355102539
v 68.0 131.0 63.47701644897461
v 68.0 130.5219268798828 64.0
v 68.0 130.47802734375 65.0
v 68.0 131.4542999267578 63.0
v 68.54373931884766 114.0 57.0
v 69.0 114.0 56.5019645690918
v 69.0 113.5238037109375 57.0
v 69.0 113.50189208984375 58.0
v 68.52197265625 114.0 58.0
v 69.0 113.54389953613281 59.0
v 68.5447006225586 114.0 59.0
v 69.0 114.0 59.49698257446289
v 68.54186248779297 115.0 56.0
v 69.0 115.0 55.49995803833008
v 69.0 114.50091552734375 56.0
v 68.47984313964844 115.0 57.0
v 68.47807312011719 115.0 58.0
v 68.47984313964844 115.0 59.0
v 69.0 114.5009994506836 60.0
v 68.54186248779297 115.0 60.0
v 69.0 115.0 60.50004196166992
v 68.543701171875 116.0 55.0
v 69.0 116.0 54.52281188964844
v 69.0 115.50096130371094 55.0
v 68.47984313964844 116.0 56.0
v 68.47984313964844 116.0 60.0
v 69.0 115.5 61.0
v 68.5427017211914 116.0 61.0
v 69.0 116.0 61.52394104003906
v 68.56832885742188 116.0 63.0
v 69.0 116.0 62.50110626220703
v 69.0 115.54856872558594 63.0
v 69.0 116.0 63.45229721069336
v 68.52192687988281 117.0 55.0
v 69.0 117.0 54.50004196166992
v 68.47807312011719 117.0 56.0
v 68.45530700683594 117.0 60.0
v 68.47891998291016 117.0 61.0
v 69.0 116.45339965820312 62.0
v 68.49908447265625 117.0 62.0
v 68.52200317382812 117.0 63.0
v 69.0 117.0 63.49911117553711
v 68.52192687988281 118.0 55.0
v 69.0 118.0 54.499996185302734
v 68.47807312011719 118.0 56.0
v 68.5 118.0 63.0
v 69.0 118.0 63.522850036621094
v 68.49996185302734 119.0 55.0
v 69.0 119.0 54.47614288330078
v 68.45429992675781 119.0 56.0
v 68.45610809326172 119.0 63.0
v 69.0 118.49803161621094 64.0
v 68.52176666259766 119.0 64.0
v 69.0 119.0 64.50196838378906
v 68.54469299316406 120.0 53.0
v 69.0 120.0 52.5238151550293
v 69.0 119.52293395996094 53.0
v 69.0 119.47614288330078 54.0
v 68.5 120.0 54.0
v 69.0 119.47627258300781 65.0
v 68.47823333740234 120.0 65.0
v 69.0 119.5228042602539 66.0
v 68.54285430908203 120.0 66.0
v 69.0 120.0 66.49903869628906
v 68.52192687988281 121.0 53.0
v 69.0 121.0 52.5009651184082
v 68.47807312011719 121.0 54.0
v 68.45813751220703 121.0 66.0
v 69.0 120.50096130371094 67.0
v 68.54285430908203 121.0 67.0
v 69.0 121.0 67.47715759277344
v 68.52192687988281 122.0 53.0
v 69.0 122.0 52.5009651184082
v 68.47898864746094 122.0 54.0
v 68.50092315673828 122.0 67.0
v 69.0 122.0 67.49996185302734
v 68.543701171875 123.0 53.0
v 69.0 123.0 52.52288818359375
v 68.5 123.0 54.0
v 68.456298828125 123.0 55.0
v 68.5 123.0 67.0
v 69.0 123.0 67.50003814697266
v 69.0 123.5 53.0
v 68.52015686035156 124.0 54.0
v 69.0 124.0 53.478031158447266
v 68.45729064941406 124.0 55.0
v 68.5 124.0 67.0
v 69.0 124.0 67.50088500976562
v 68.50092315673828 125.0 54.0
v 69.0 125.0 53.47723388671875
v 68.43386840820312 125.0 56.0
v 68.50092315673828 125.0 67.0
v 69.0 125.0 67.5
v 68.56937408447266 126.0 53.0
v 69.0 126.0 52.568546295166016
v 69.0 125.52519226074219 53.0
v 68.52200317382812 126.0 54.0
v 68.50183868408203 126.0 55.0
v 68.51930236816406 126.0 56.0
v 68.45813751220703 126.0 57.0
v 68.45729064941406 126.0 66.0
v 68.52108001708984 126.0 67.0
v 69.0 126.0 67.49907684326172
v 69.0 126.45294952392578 53.0
v 69.0 126.52116394042969 54.0
v 69.0 126.52386474609375 55.0
v 69.0 126.54700469970703 56.0
v 68.51838684082031 127.0 57.0
v 69.0 127.0 56.45212173461914
v 68.456298828125 127.0 58.0
v 68.43063354492188 127.0 59.0
v 68.43171691894531 127.0 65.0
v 68.47806549072266 127.0 66.0
v 68.52015686035156 127.0 67.0
v 69.0 127.0 67.52096557617188
v 68.56941223144531 128.0 54.0
v 69.0 128.0 53.549659729003906
v 69.0 127.52418518066406 54.0
v 69.0 127.49903106689453 55.0
v 68.54469299316406 128.0 55.0
v 69.0 127.45394897460938 56.0
v 68.52192687988281 128.0 56.0
v 68.48075866699219 128.0 57.0
v 68.48069763183594 128.0 67.0
v 69.0 127.52407836914062 68.0
v 68.56729888916016 128.0 68.0
v 69.0 128.0 68.45153045654297
v 69.0 128.45211791992188 54.0
v 69.0 128.4990234375 55.0
v 68.54270935058594 129.0 56.0
v 69.0 129.0 55.49904251098633
v 68.5 129.0 57.0
v 68.45729064941406 129.0 58.0
v 68.5 129.0 67.0
v 69.0 129.0 67.52184295654297
v 69.0 128.47592163085938 68.0
v 69.0 129.4999542236328 56.0
v 68.54270935058594 130.0 57.0
v 69.0 130.0 56.50004196166992
v 68.5 130.0 58.0
v 68.45729064941406 130.0 59.0
v 68.45814514160156 130.0 66.0
v 68.54285430908203 130.0 67.0
v 69.0 130.0 67.47715759277344
v 69.0 130.4999542236328 57.0
v 68.54270935058594 131.0 58.0
v 69.0 131.0 57.50004196166992
v 68.5 131.0 59.0
v 68.47898864746094 131.0 60.0
v 68.47806549072266 131.0 61.0
v 68.456298828125 131.0 62.0
v 68.456298828125 131.0 64.0
v 68.47984313964844 131.0 65.0
v 68.54186248779297 131.0 66.0
v 69.0 131.0 66.5
v 69.0 130.49903869628906 67.0
v 69.0 131.5 58.0
v 68.543701171875 132.0 59.0
v 69.0 132.0 58.5009651184082
v 68.52101135253906 132.0 60.0
v 68.5008544921875 132.0 61.0
v 68.4991455078125 132.0 62.0
v 68.47990417480469 132.0 63.0
v 68.5 132.0 64.0
v 68.54270935058594 132.0 65.0
v 69.0 132.0 65.49995422363281
v 69.0 131.5 66.0
v 69.0 132.47802734375 59.0
v 69.0 132.5219268798828 60.0
v 68.54270935058594 133.0 61.0
v 69.0 133.0 60.4990348815918
v 68.5008544921875 133.0 62.0
v 68.5008544921875 133.0 63.0
v 68.54270935058594 133.0 64.0
v 69.0 133.0 64.49995422363281
v 69.0 132.4999542236328 65.0
v 69.0 133.50096130371094 61.0
v 68.52193450927734 134.0 62.0
v 69.0 134.0 61.47895812988281
v 68.54270935058594 134.0 63.0
v 69.0 134.0 63.49995422363281
v 69.0 133.4999542236328 64.0
v 68.56828308105469 135.0 62.0
v 69.0 135.0 61.5459098815918
v 69.0 135.0 62.47495651245117
v 69.0 134.4999542236328 63.0
v 69.0 135.45230102539062 62.0
v 69.59507751464844 111.0 56.0
v 70.0 111.0 55.55353927612305
v 70.0 110.5942611694336 56.0
v 70.0 111.0 56.42512512207031
v 69.56720733642578 112.0 55.0
v 70.0 112.0 54.52298355102539
v 70.0 111.52593994140625 55.0
v 70.0 111.44938659667969 56.0
v 70.0 112.0 55.47701644897461
v 69.54469299316406 113.0 53.0
v 70.0 113.0 52.52289581298828
v 70.0 112.52289581298828 53.0
v 70.0 112.47807312011719 54.0
v 69.52101135253906 113.0 54.0
v 69.52192687988281 113.0 55.0
v 70.0 113.0 55.545040130615234
v 69.52275848388672 113.0 57.0
v 70.0 113.0 56.474910736083984
v 70.0 112.52008056640625 57.0
v 70.0 112.52180480957031 58.0
v 69.52184295654297 113.0 58.0
v 70.0 113.0 58.50201416015625
v 69.52193450927734 114.0 53.0
v 70.0 114.0 52.500003814697266
v 69.5 114.0 54.0
v 69.5 114.0 55.0
v 70.0 113.45142364501953 56.0
v 69.4773178100586 114.0 56.0
v 70.0 113.45614624023438 59.0
v 70.0 113.49903869628906 60.0
v 69.47915649414062 114.0 60.0
v 70.0 113.50003814697266 61.0
v 69.52108001708984 114.0 61.0
v 70.0 113.5228500366211 62.0
v 69.543701171875 114.0 62.0
v 70.0 114.0 62.498992919921875
v 69.543701171875 115.0 53.0
v 70.0 115.0 52.52192687988281
v 69.5 115.0 54.0
v 69.45729064941406 115.0 55.0
v 69.45729064941406 115.0 61.0
v 69.4991455078125 115.0 62.0
v 70.0 114.49908447265625 63.0
v 69.5226821899414 115.0 63.0
v 70.0 115.0 63.50096130371094
v 70.0 115.52297973632812 53.0
v 69.49908447265625 116.0 54.0
v 70.0 116.0 53.45339584350586
v 69.43279266357422 116.0 62.0
v 70.0 115.4990005493164 64.0
v 69.52176666259766 116.0 64.0
v 70.0 116.0 64.5
v 69.543701171875 117.0 53.0
v 70.0 117.0 52.52192687988281
v 70.0 116.47702026367188 53.0
v 69.47891998291016 117.0 54.0
v 69.47891998291016 117.0 64.0
v 70.0 116.50200653076172 65.0
v 69.54373931884766 117.0 65.0
v 70.0 117.0 65.47623443603516
v 69.52101135253906 118.0 53.0
v 70.0 118.0 52.477108001708984
v 69.47807312011719 118.0 54.0
v 69.456298828125 118.0 64.0
v 69.52015686035156 118.0 65.0
v 70.0 118.0 65.52288818359375
v 69.56832885742188 119.0 51.0
v 70.0 119.0 50.54861068725586
v 70.0 118.54682922363281 51.0
v 70.0 118.47795104980469 52.0
v 69.52108001708984 119.0 52.0
v 69.47984313964844 119.0 53.0
v 69.45526123046875 119.0 54.0
v 69.45710754394531 119.0 65.0
v 70.0 118.47622680664062 66.0
v 69.5 119.0 66.0
v 70.0 118.52372741699219 67.0
v 69.54289245605469 119.0 67.0
v 70.0 119.0 67.49703979492188
v 70.0 119.47586822509766 51.0
v 69.5 120.0 52.0
v 70.0 120.0 51.477195739746094
v 69.45814514160156 120.0 67.0
v 70.0 119.5039291381836 68.0
v 69.54385375976562 120.0 68.0
v 70.0 120.0 68.45614624023438
v 69.5 121.0 52.0
v 70.0 121.0 51.49991989135742
v 69.50096130371094 121.0 68.0
v 70.0 121.0 68.49903869628906
v 69.5 122.0 52.0
v 70.0 122.0 51.499114990234375
v 69.5 122.0 68.0
v 70.0 122.0 68.50003814697266
v 69.50092315673828 123.0 52.0
v 70.0 123.0 51.5
v 69.49907684326172 123.0 68.0
v 70.0 123.0 68.52284240722656
v 69.52108001708984 124.0 52.0
v 70.0 124.0 51.50092697143555
v 69.456298828125 124.0 53.0
v 69.47977447509766 124.0 68.0
v 70.0 123.5230712890625 69.0
v 69.56725311279297 124.0 69.0
v 70.0 124.0 69.45243835449219
v 69.54285430908203 125.0 52.0
v 70.0 125.0 51.52284622192383
v 69.45714569091797 125.0 53.0
v 69.49907684326172 125.0 68.0
v 70.0 125.0 68.52192687988281
v 70.0 124.47601318359375 69.0
v 70.0 125.50096893310547 52.0
v 70.0 126.0 52.45703125
v 69.5 126.0 68.0
v 70.0 126.0 68.50089263916016
v 69.5 127.0 53.0
v 70.0 127.0 52.49992370605469
v 69.45530700683594 127.0 54.0
v 69.45430755615234 127.0 55.0
v 69.43063354492188 127.0 56.0
v 69.47724151611328 127.0 68.0
v 70.0 127.0 68.52284240722656
v 69.52367401123047 128.0 53.0
v 70.0 128.0 52.52192687988281
v 70.0 127.52294158935547 69.0
v 69.54742431640625 128.0 69.0
v 70.0 128.0 69.45257568359375
v 70.0 128.50096130371094 53.0
v 69.5 129.0 54.0
v 70.0 129.0 53.47715377807617
v 69.45630645751953 129.0 55.0
v 69.47724151611328 129.0 68.0
v 70.0 129.0 68.5228042602539
v 70.0 128.47702026367188 69.0
v 69.54469299316406 130.0 54.0
v 70.0 130.0 53.52381134033203
v 69.52015686035156 130.0 55.0
v 69.45813751220703 130.0 56.0
v 69.50096130371094 130.0 68.0
v 70.0 130.0 68.49903869628906
v 70.0 130.47706604003906 54.0
v 70.0 130.52197265625 55.0
v 69.54186248779297 131.0 56.0
v 70.0 131.0 55.498992919921875
v 69.45813751220703 131.0 57.0
v 69.45813751220703 131.0 67.0
v 69.54385375976562 131.0 68.0
v 70.0 131.0 68.45614624023438
v 70.0 131.50100708007812 56.0
v 69.52015686035156 132.0 57.0
v 70.0 132.0 56.47803497314453
v 69.45729064941406 132.0 58.0
v 69.45813751220703 132.0 66.0
v 69.54190063476562 132.0 67.0
v 70.0 132.0 67.49800109863281
v 70.0 131.49606323242188 68.0
v 69.54469299316406 133.0 57.0
v 70.0 133.0 56.52293395996094
v 69.52015686035156 133.0 58.0
v 69.47984313964844 133.0 59.0
v 69.456298828125 133.0 60.0
v 69.45813751220703 133.0 65.0
v 69.54190063476562 133.0 66.0
v 70.0 133.0 66.49803924560547
v 70.0 132.498046875 67.0
v 70.0 133.47703552246094 57.0
v 70.0 133.52101135253906 58.0
v 69.5427474975586 134.0 59.0
v 70.0 134.0 58.50004196166992
v 69.5 134.0 60.0
v 69.456298828125 134.0 61.0
v 69.45813751220703 134.0 64.0
v 69.54190063476562 134.0 65.0
v 70.0 134.0 65.49803924560547
v 70.0 133.498046875 66.0
v 70.0 134.4980010986328 59.0
v 69.5427474975586 135.0 60.0
v 70.0 135.0 59.50199890136719
v 69.47984313964844 135.0 61.0
v 69.45814514160156 135.0 63.0
v 69.54186248779297 135.0 64.0
v 70.0 135.0 64.49903869628906
v 70.0 134.49899291992188 65.0
v 70.0 135.49896240234375 60.0
v 69.54285430908203 136.0 61.0
v 70.0 136.0 60.501922607421875
v 69.50184631347656 136.0 62.0
v 69.54285430908203 136.0 63.0
v 70.0 136.0 63.499080657958984
v 70.0 135.5000457763672 64.0
v 70.0 136.4780731201172 61.0
v 70.0 136.50088500976562 62.0
v 70.0 136.4780731201172 63.0
v 70.54469299316406 111.0 51.0
v 71.0 111.0 50.52289581298828
v 71.0 110.52384948730469 51.0
v 71.0 110.50096893310547 52.0
v 70.52193450927734 111.0 52.0
v 71.0 110.50096130371094 53.0
v 70.52192687988281 111.0 53.0
v 71.0 110.50088500976562 54.0
v 70.52107238769531 111.0 54.0
v 71.0 110.49822998046875 55.0
v 70.48014831542969 111.0 55.0
v 71.0 110.47970581054688 56.0
v 71.0 110.5218505859375 57.0
v 70.523681640625 111.0 57.0
v 71.0 111.0 57.5009651184082
v 70.52193450927734 112.0 51.0
v 71.0 112.0 50.5
v 70.49915313720703 112.0 52.0
v 70.47898864746094 112.0 53.0
v 70.456298828125 112.0 54.0
v 70.456298828125 112.0 56.0
v 70.47891998291016 112.0 57.0
v 71.0 111.4771499633789 58.0
v 70.5 112.0 58.0
v 71.0 111.52191925048828 59.0
v 70.5428466796875 112.0 59.0
v 71.0 112.0 59.52302169799805
v 70.56720733642578 112.0 61.0
v 71.0 112.0 60.5
v 71.0 111.54663848876953 61.0
v 71.0 112.0 61.477020263671875
v 70.52101135253906 113.0 51.0
v 71.0 113.0 50.47806930541992
v 70.47898864746094 113.0 52.0
v 70.4316635131836 113.0 56.0
v 70.45614624023438 113.0 59.0
v 71.0 112.45336151123047 60.0
v 70.49812316894531 113.0 60.0
v 70.47977447509766 113.0 61.0
v 71.0 112.47715759277344 62.0
v 70.5 113.0 62.0
v 71.0 112.52192687988281 63.0
v 70.54285430908203 113.0 63.0
v 71.0 113.0 63.4990348815918
v 70.543701171875 114.0 50.0
v 71.0 114.0 49.52193069458008
v 71.0 113.5 50.0
v 70.5008544921875 114.0 51.0
v 70.47807312011719 114.0 52.0
v 70.45813751220703 114.0 63.0
v 71.0 113.5 64.0
v 70.54186248779297 114.0 64.0
v 71.0 114.0 64.49903869628906
v 70.543701171875 115.0 50.0
v 71.0 115.0 49.52193069458008
v 70.5008544921875 115.0 51.0
v 70.47898864746094 115.0 52.0
v 70.45809936523438 115.0 64.0
v 71.0 114.50196838378906 65.0
v 70.54289245605469 115.0 65.0
v 71.0 115.0 65.4771499633789
v 71.0 115.5 50.0
v 70.52101135253906 116.0 51.0
v 71.0 116.0 50.47806930541992
v 70.498291015625 116.0 52.0
v 70.43279266357422 116.0 53.0
v 70.47823333740234 116.0 65.0
v 71.0 116.0 65.52376556396484
v 70.52192687988281 117.0 51.0
v 71.0 117.0 50.499996185302734
v 70.47898864746094 117.0 52.0
v 71.0 116.49799346923828 66.0
v 70.52176666259766 117.0 66.0
v 71.0 117.0 66.5
v 70.5 118.0 51.0
v 71.0 118.0 50.477108001708984
v 70.45530700683594 118.0 52.0
v 70.4561538696289 118.0 66.0
v 71.0 117.50003814697266 67.0
v 70.52180480957031 118.0 67.0
v 71.0 118.0 67.4990463256836
v 70.523681640625 119.0 50.0
v 71.0 119.0 49.5210075378418
v 71.0 118.49899291992188 50.0
v 71.0 118.5009536743164 68.0
v 70.50103759765625 119.0 68.0
v 71.0 119.0 68.47823333740234
v 70.54285430908203 120.0 50.0
v 71.0 120.0 49.52192687988281
v 70.4571533203125 120.0 51.0
v 71.0 120.0 68.54385375976562
v 71.0 120.5229721069336 50.0
v 70.49816131591797 121.0 51.0
v 71.0 121.0 50.45340347290039
v 71.0 120.49798583984375 69.0
v 70.52184295654297 121.0 69.0
v 71.0 121.0 69.47815704345703
v 70.56829071044922 122.0 50.0
v 71.0 122.0 49.56749725341797
v 71.0 121.50115203857422 50.0
v 70.47977447509766 122.0 51.0
v 70.49907684326172 122.0 69.0
v 71.0 122.0 69.52188110351562
v 70.56942749023438 123.0 44.0
v 71.0 123.0 43.56780242919922
v 71.0 122.54971313476562 44.0
v 71.0 123.0 44.47184371948242
v 71.0 122.47486877441406 50.0
v 70.49907684326172 123.0 51.0
v 71.0 123.0 50.4781608581543
v 70.4571533203125 123.0 69.0
v 71.0 122.50100708007812 70.0
v 70.54290008544922 123.0 70.0
v 71.0 123.0 70.47623443603516
v 70.5467529296875 124.0 44.0
v 71.0 124.0 43.54668045043945
v 71.0 123.52815246582031 45.0
v 70.56942749023438 124.0 45.0
v 71.0 124.0 45.43061065673828
v 70.5 124.0 51.0
v 71.0 124.0 50.5
v 70.523681640625 124.0 70.0
v 71.0 124.0 70.47807312011719
v 71.0 124.47319793701172 44.0
v 71.0 124.45115661621094 45.0
v 70.50096130371094 125.0 51.0
v 71.0 125.0 50.50096130371094
v 70.47632598876953 125.0 69.0
v 71.0 125.0 69.5475082397461
v 71.0 124.52394104003906 70.0
v 70.54385375976562 126.0 51.0
v 71.0 126.0 50.543853759765625
v 70.45618438720703 126.0 52.0
v 70.47977447509766 126.0 69.0
v 71.0 125.50110626220703 70.0
v 70.56829071044922 126.0 70.0
v 71.0 126.0 70.43250274658203
v 71.0 126.49798583984375 51.0
v 70.49903869628906 127.0 52.0
v 71.0 127.0 51.47815704345703
v 70.47628021240234 127.0 69.0
v 71.0 127.0 69.54641723632812
v 71.0 126.49778747558594 70.0
v 70.50092315673828 128.0 52.0
v 71.0 128.0 51.500038146972656
v 71.0 127.5011978149414 70.0
v 70.54846954345703 128.0 70.0
v 71.0 128.0 70.43270111083984
v 70.54289245605469 129.0 52.0
v 71.0 129.0 51.523765563964844
v 70.45710754394531 129.0 53.0
v 70.47720336914062 129.0 69.0
v 71.0 129.0 69.52275848388672
v 71.0 128.47592163085938 70.0
v 71.0 129.49899291992188 52.0
v 70.5 130.0 53.0
v 71.0 130.0 52.47815704345703
v 70.52188110351562 130.0 69.0
v 71.0 130.0 69.47724151611328
v 70.54289245605469 131.0 53.0
v 71.0 131.0 52.52376174926758
v 70.47984313964844 131.0 54.0
v 70.456298828125 131.0 55.0
v 71.0 130.50100708007812 69.0
v 71.0 131.0 68.54289245605469
v 71.0 131.49708557128906 53.0
v 70.5427474975586 132.0 54.0
v 71.0 132.0 53.50199890136719
v 70.5 132.0 55.0
v 70.456298828125 132.0 56.0
v 70.50103759765625 132.0 68.0
v 71.0 132.0 68.47819519042969
v 71.0 132.4980010986328 54.0
v 70.5427474975586 133.0 55.0
v 71.0 133.0 54.50199890136719
v 70.47984313964844 133.0 56.0
v 70.50004577636719 133.0 67.0
v 71.0 133.0 67.5
v 71.0 132.49903869628906 68.0
v 71.0 133.4980010986328 55.0
v 70.54190063476562 134.0 56.0
v 71.0 134.0 55.501956939697266
v 70.48069763183594 134.0 57.0
v 70.476318359375 134.0 58.0
v 70.50003814697266 134.0 66.0
v 71.0 134.0 66.5
v 71.0 133.5 67.0
v 71.0 134.49899291992188 56.0
v 70.56720733642578 135.0 57.0
v 71.0 135.0 56.524940490722656
v 71.0 135.0 57.50004577636719
v 71.0 134.5475616455078 58.0
v 70.5 135.0 59.0
v 71.0 135.0 58.47406005859375
v 70.47823333740234 135.0 65.0
v 71.0 135.0 65.5228042602539
v 71.0 134.501953125 66.0
v 71.0 135.45339965820312 57.0
v 71.0 135.50296020507812 59.0
v 70.47823333740234 136.0 60.0
v 71.0 136.0 59.47623062133789
v 70.45729064941406 136.0 64.0
v 70.52108001708984 136.0 65.0
v 71.0 136.0 65.49996185302734
v 70.54289245605469 137.0 60.0
v 71.0 137.0 59.52284622192383
v 70.47984313964844 137.0 61.0
v 70.47807312011719 137.0 62.0
v 70.47984313964844 137.0 63.0
v 70.52015686035156 137.0 64.0
v 70.54473876953125 137.0 65.0
v 71.0 137.0 65.47526550292969
v 71.0 137.49703979492188 60.0
v 70.5447006225586 138.0 61.0
v 71.0 138.0 60.503971099853516
v 70.52201080322266 138.0 62.0
v 70.5447006225586 138.0 63.0
v 71.0 138.0 63.49794387817383
v 71.0 137.5209197998047 64.0
v 71.0 137.47523498535156 65.0
v 71.0 138.4561004638672 61.0
v 71.0 138.4971923828125 62.0
v 71.0 138.4561004638672 63.0
v 71.543701171875 109.0 55.0
v 72.0 109.0 54.5
v 72.0 108.52288818359375 55.0
v 72.0 108.52288818359375 56.0
v 71.543701171875 109.0 56.0
v 72.0 109.0 56.5
v 71.54473876953125 110.0 49.0
v 72.0 110.0 48.52385711669922
v 72.0 109.52477264404297 49.0
v 72.0 109.50092315673828 50.0
v 71.52108001708984 110.0 50.0
v 72.0 109.5 51.0
v 71.50092315673828 110.0 51.0
v 72.0 109.49907684326172 52.0
v 71.5 110.0 52.0
v 72.0 109.49903106689453 53.0
v 71.5 110.0 53.0
v 72.0 109.47711181640625 54.0
v 71.49907684326172 110.0 54.0
v 71.4788818359375 110.0 55.0
v 71.47803497314453 110.0 56.0
v 72.0 109.4771499633789 57.0
v 71.49996185302734 110.0 57.0
v 72.0 109.5 58.0
v 71.52108001708984 110.0 58.0
v 72.0 109.52376556396484 59.0
v 71.54373931884766 110.0 59.0
v 72.0 110.0 59.49895095825195
v 71.52101135253906 111.0 49.0
v 72.0 111.0 48.47807312011719
v 71.47899627685547 111.0 50.0
v 71.456298828125 111.0 58.0
v 71.47984313964844 111.0 59.0
v 72.0 110.47899627685547 60.0
v 71.51930236816406 111.0 60.0
v 72.0 110.50007629394531 61.0
v 71.50183868408203 111.0 61.0
v 72.0 110.50092315673828 62.0
v 71.52108001708984 111.0 62.0
v 72.0 110.52381134033203 63.0
v 71.54373931884766 111.0 63.0
v 72.0 111.0 63.49703598022461
v 71.543701171875 112.0 48.0
v 72.0 112.0 47.52193069458008
v 72.0 111.5 48.0
v 71.5008544921875 112.0 49.0
v 71.47806549072266 112.0 50.0
v 71.43279266357422 112.0 60.0
v 71.456298828125 112.0 62.0
v 71.47984313964844 112.0 63.0
v 72.0 111.50196075439453 64.0
v 71.54190063476562 112.0 64.0
v 72.0 112.0 64.49803924560547
v 71.52193450927734 113.0 48.0
v 72.0 113.0 47.5
v 71.4991455078125 113.0 49.0
v 71.456298828125 113.0 50.0
v 71.45813751220703 113.0 64.0
v 72.0 112.50292205810547 65.0
v 71.54289245605469 113.0 65.0
v 72.0 113.0 65.47627258300781
v 71.52192687988281 114.0 48.0
v 72.0 114.0 47.5
v 71.47898864746094 114.0 49.0
v 71.47823333740234 114.0 65.0
v 72.0 114.0 65.52468872070312
v 71.52192687988281 115.0 48.0
v 72.0 115.0 47.5
v 71.47898864746094 115.0 49.0
v 72.0 114.47618865966797 66.0
v 71.5 115.0 66.0
v 72.0 114.52473449707031 67.0
v 71.54473876953125 115.0 67.0
v 72.0 115.0 67.47522735595703
v 71.52193450927734 116.0 48.0
v 72.0 116.0 47.5
v 71.4991455078125 116.0 49.0
v 71.456298828125 116.0 50.0
v 71.45626068115234 116.0 66.0
v 71.52108001708984 116.0 67.0
v 72.0 116.0 67.49911499023438
v 71.543701171875 117.0 48.0
v 72.0 117.0 47.52196502685547
v 71.5008544921875 117.0 49.0
v 71.47806549072266 117.0 50.0
v 71.47823333740234 117.0 67.0
v 72.0 117.0 67.52372741699219
v 72.0 117.52404022216797 48.0
v 71.51924133300781 118.0 49.0
v 72.0 118.0 48.453216552734375
v 71.45626068115234 118.0 50.0
v 72.0 117.49707794189453 68.0
v 71.49996185302734 118.0 68.0
v 72.0 118.0 68.5009994506836
v 71.56837463378906 119.0 47.0
v 72.0 119.0 46.54951858520508
v 72.0 118.54596710205078 47.0
v 72.0 118.45500946044922 48.0
v 71.52192687988281 119.0 48.0
v 71.47984313964844 119.0 49.0
v 72.0 118.5 69.0
v 71.52176666259766 119.0 69.0
v 72.0 119.0 69.4990005493164
v 72.0 119.47295379638672 47.0
v 71.54275512695312 120.0 48.0
v 72.0 120.0 47.50200271606445
v 71.47984313964844 120.0 49.0
v 71.45614624023438 120.0 69.0
v 72.0 119.50292205810547 70.0
v 71.54289245605469 120.0 70.0
v 72.0 120.0 70.47623443603516
v 71.59784698486328 121.0 43.0
v 72.0 121.0 42.597877502441406
v 72.0 120.59864807128906 43.0
v 72.0 121.0 43.42060470581055
v 72.0 120.49895477294922 48.0
v 71.54100799560547 121.0 49.0
v 72.0 121.0 48.50091552734375
v 71.43363189697266 121.0 50.0
v 71.50092315673828 121.0 70.0
v 72.0 121.0 70.49996185302734
v 71.57099914550781 122.0 43.0
v 72.0 122.0 42.5726203918457
v 72.0 121.55070495605469 44.0
v 71.54975891113281 122.0 44.0
v 72.0 122.0 44.45024108886719
v 72.0 121.50201416015625 49.0
v 72.0 122.0 49.45695495605469
v 71.47724151611328 122.0 70.0
v 72.0 122.0 70.52275848388672
v 72.0 122.4488296508789 43.0
v 72.0 123.0 43.48332977294922
v 72.0 122.52468872070312 45.0
v 71.50301361083984 123.0 45.0
v 72.0 123.0 45.45705795288086
v 71.47815704345703 123.0 50.0
v 72.0 123.0 49.49815368652344
v 72.0 122.50104522705078 71.0
v 71.52381134033203 123.0 71.0
v 72.0 123.0 71.45626068115234
v 72.0 124.0 43.50092697143555
v 72.0 124.0 45.51926040649414
v 71.5 124.0 50.0
v 72.0 124.0 49.49992370605469
v 71.50189208984375 124.0 71.0
v 72.0 124.0 71.47802734375
v 71.52582550048828 125.0 44.0
v 72.0 125.0 43.545711517333984
v 71.52377319335938 125.0 45.0
v 72.0 125.0 45.49798583984375
v 71.52188110351562 125.0 50.0
v 72.0 125.0 49.52188491821289
v 71.43358612060547 125.0 70.0
v 71.54304504394531 125.0 71.0
v 72.0 125.0 71.45533752441406
v 72.0 125.45425415039062 44.0
v 72.0 125.47622680664062 45.0
v 72.0 125.55500030517578 46.0
v 71.597412109375 126.0 46.0
v 72.0 126.0 45.57639694213867
v 72.0 126.0 46.40339279174805
v 72.0 125.50100708007812 50.0
v 72.0 126.0 50.45710754394531
v 72.0 125.49894714355469 71.0
v 72.0 126.0 70.54199981689453
v 72.0 126.40332794189453 46.0
v 71.47815704345703 127.0 51.0
v 72.0 127.0 50.49907684326172
v 71.45445251464844 127.0 70.0
v 72.0 127.0 70.50183868408203
v 71.5 128.0 51.0
v 72.0 128.0 50.5
v 72.0 128.0 70.51930236816406
v 71.5228042602539 129.0 51.0
v 72.0 129.0 50.522804260253906
v 71.47904205322266 129.0 70.0
v 72.0 129.0 70.47984313964844
v 72.0 129.5 51.0
v 71.47724151611328 130.0 52.0
v 72.0 130.0 51.47719955444336
v 71.5238037109375 130.0 70.0
v 72.0 130.0 70.45626068115234
v 71.5228042602539 131.0 52.0
v 72.0 131.0 51.52280044555664
v 71.47627258300781 131.0 69.0
v 72.0 131.0 69.52176666259766
v 72.0 130.49798583984375 70.0
v 72.0 131.49807739257812 52.0
v 71.50004577636719 132.0 53.0
v 72.0 132.0 52.5
v 71.52372741699219 132.0 69.0
v 72.0 132.0 69.45710754394531
v 72.0 132.5 53.0
v 71.50004577636719 133.0 54.0
v 72.0 133.0 53.5
v 71.5 133.0 68.0
v 72.0 133.0 68.49995422363281
v 72.0 132.49708557128906 69.0
v 72.0 133.5 54.0
v 71.50003814697266 134.0 55.0
v 72.0 134.0 54.5
v 71.5 134.0 67.0
v 72.0 134.0 67.5
v 72.0 133.5 68.0
v 72.0 134.50192260742188 55.0
v 71.47824096679688 135.0 56.0
v 72.0 135.0 55.477237701416016
v 71.43274688720703 135.0 58.0
v 71.47628021240234 135.0 66.0
v 72.0 135.0 66.5465087890625
v 72.0 134.52484130859375 67.0
v 71.54485321044922 136.0 56.0
v 72.0 136.0 55.525733947753906
v 71.50096130371094 136.0 57.0
v 71.4991455078125 136.0 58.0
v 71.45626068115234 136.0 59.0
v 71.47977447509766 136.0 66.0
v 72.0 135.5010986328125 67.0
v 71.56729888916016 136.0 67.0
v 72.0 136.0 67.45153045654297
v 72.0 136.45518493652344 56.0
v 72.0 136.52081298828125 57.0
v 71.54373931884766 137.0 58.0
v 72.0 137.0 57.50200653076172
v 71.5 137.0 59.0
v 71.52276611328125 137.0 66.0
v 72.0 137.0 66.49800109863281
v 72.0 136.47396850585938 67.0
v 72.0 137.4761962890625 58.0
v 72.0 137.52188110351562 59.0
v 71.50103759765625 138.0 60.0
v 72.0 138.0 59.49903869628906
v 71.47819519042969 138.0 64.0
v 71.52472686767578 138.0 65.0
v 72.0 138.0 65.47531127929688
v 72.0 137.47723388671875 66.0
v 72.0 138.4781951904297 60.0
v 72.0 138.5428466796875 61.0
v 71.54664611816406 139.0 62.0
v 72.0 139.0 61.52302551269531
v 72.0 139.0 62.47697448730469
v 72.0 138.5428466796875 63.0
v 72.0 138.5 64.0
v 72.0 138.45611572265625 65.0
v 72.0 139.4327850341797 62.0
v 72.5447006225586 108.0 52.0
v 73.0 108.0 51.50205612182617
v 73.0 107.54389953613281 52.0
v 73.0 107.50188446044922 53.0
v 72.52196502685547 108.0 53.0
v 73.0 107.50092315673828 54.0
v 72.52108001708984 108.0 54.0
v 73.0 107.50096130371094 55.0
v 72.50096130371094 108.0 55.0
v 73.0 107.5211181640625 56.0
v 72.50184631347656 108.0 56.0
v 73.0 107.52285766601562 57.0
v 72.52204132080078 108.0 57.0
v 73.0 107.54574584960938 58.0
v 72.54570770263672 108.0 58.0
v 73.0 108.0 58.474178314208984
v 72.5228042602539 109.0 49.0
v 73.0 109.0 48.50096130371094
v 73.0 108.5228042602539 49.0
v 73.0 108.5 50.0
v 72.5 109.0 50.0
v 73.0 108.47815704345703 51.0
v 72.49907684326172 109.0 51.0
v 72.47891998291016 109.0 52.0
v 72.47807312011719 109.0 53.0
v 72.456298828125 109.0 54.0
v 72.456298828125 109.0 57.0
v 72.47895812988281 109.0 58.0
v 73.0 108.5238037109375 59.0
v 72.52372741699219 109.0 59.0
v 73.0 109.0 59.47715377807617
v 72.5447006225586 110.0 47.0
v 73.0 110.0 46.50401306152344
v 73.0 109.54389190673828 47.0
v 73.0 109.47911071777344 48.0
v 72.50003814697266 110.0 48.0
v 73.0 109.5 60.0
v 72.47815704345703 110.0 60.0
v 73.0 109.52192687988281 61.0
v 72.50096130371094 110.0 61.0
v 73.0 109.52193450927734 62.0
v 72.50096893310547 110.0 62.0
v 73.0 109.54473876953125 63.0
v 72.52477264404297 110.0 63.0
v 73.0 110.0 63.47522735595703
v 72.5447006225586 111.0 46.0
v 73.0 111.0 45.543861389160156
v 73.0 110.50401306152344 46.0
v 72.5 111.0 47.0
v 72.456298828125 111.0 48.0
v 73.0 110.5228042602539 64.0
v 72.50196075439453 111.0 64.0
v 73.0 111.0 64.47723388671875
v 72.52196502685547 112.0 46.0
v 73.0 112.0 45.50100326538086
v 72.47898864746094 112.0 47.0
v 73.0 111.52180480957031 65.0
v 72.5009994506836 112.0 65.0
v 73.0 112.0 65.49995422363281
v 72.52192687988281 113.0 46.0
v 73.0 113.0 45.50092315673828
v 72.47807312011719 113.0 47.0
v 73.0 112.5 66.0
v 72.52176666259766 113.0 66.0
v 73.0 113.0 66.50096130371094
v 72.52192687988281 114.0 46.0
v 73.0 114.0 45.5009651184082
v 72.47807312011719 114.0 47.0
v 72.45611572265625 114.0 66.0
v 73.0 113.49903869628906 67.0
v 72.52176666259766 114.0 67.0
v 73.0 114.0 67.50003814697266
v 72.52192687988281 115.0 46.0
v 73.0 115.0 45.5009651184082
v 72.47807312011719 115.0 47.0
v 73.0 114.50096130371094 68.0
v 72.5228042602539 115.0 68.0
v 73.0 115.0 68.47723388671875
v 72.52192687988281 116.0 46.0
v 73.0 116.0 45.5009651184082
v 72.47807312011719 116.0 47.0
v 72.49907684326172 116.0 68.0
v 73.0 116.0 68.52284240722656
v 72.54373931884766 117.0 46.0
v 73.0 117.0 45.5238037109375
v 72.47984313964844 117.0 47.0
v 72.45710754394531 117.0 68.0
v 73.0 116.5 69.0
v 72.54285430908203 117.0 69.0
v 73.0 117.0 69.47715759277344
v 73.0 117.52192687988281 46.0
v 72.49816131591797 118.0 47.0
v 73.0 118.0 46.45436096191406
v 72.43171691894531 118.0 48.0
v 72.47819519042969 118.0 69.0
v 73.0 118.0 69.52276611328125
v 72.54741668701172 119.0 46.0
v 73.0 119.0 45.547420501708984
v 73.0 118.50004577636719 46.0
v 73.0 118.49808502197266 70.0
v 72.50003814697266 119.0 70.0
v 73.0 119.0 70.5
v 73.0 119.47605895996094 46.0
v 72.5 120.0 47.0
v 73.0 120.0 46.49900436401367
v 73.0 119.50191497802734 71.0
v 72.5228042602539 120.0 71.0
v 73.0 120.0 71.4771957397461
v 72.40215301513672 121.0 43.0
v 73.0 120.50292205810547 47.0
v 72.47823333740234 121.0 48.0
v 73.0 121.0 47.47627258300781
v 72.5 121.0 71.0
v 73.0 121.0 71.5
v 72.42903137207031 122.0 43.0
v 72.45198059082031 122.0 44.0
v 72.5211181640625 122.0 48.0
v 73.0 122.0 47.501808166503906
v 72.45533752441406 122.0 49.0
v 72.47811889648438 122.0 71.0
v 73.0 122.0 71.50092315673828
v 73.0 122.50277709960938 44.0
v 73.0 123.0 43.522010803222656
v 73.0 122.54290771484375 45.0
v 73.0 123.0 45.4753532409668
v 72.5447006225586 123.0 48.0
v 73.0 123.0 47.54308319091797
v 72.4788818359375 123.0 49.0
v 73.0 123.0 71.52108001708984
v 73.0 124.0 43.50007629394531
v 73.0 123.54966735839844 46.0
v 72.5470962524414 124.0 46.0
v 73.0 124.0 46.433006286621094
v 73.0 123.52082824707031 48.0
v 72.49816131591797 124.0 49.0
v 73.0 124.0 48.454498291015625
v 73.0 124.0 71.52192687988281
v 73.0 125.0 43.52378845214844
v 72.50501251220703 125.0 46.0
v 73.0 125.0 46.47328186035156
v 72.56941223144531 125.0 48.0
v 73.0 125.0 47.548797607421875
v 73.0 124.50336456298828 48.0
v 72.50092315673828 125.0 49.0
v 73.0 125.0 71.52108001708984
v 73.0 125.47618103027344 44.0
v 73.0 125.49899291992188 45.0
v 73.0 126.0 45.55121612548828
v 73.0 126.0 46.429786682128906
v 73.0 125.45203399658203 48.0
v 73.0 125.5229721069336 49.0
v 72.47623443603516 126.0 50.0
v 73.0 126.0 49.47522735595703
v 72.4771957397461 126.0 71.0
v 73.0 126.0 71.50092315673828
v 73.0 126.42733764648438 46.0
v 72.49996185302734 127.0 50.0
v 73.0 127.0 49.4990348815918
v 72.49992370605469 127.0 71.0
v 73.0 127.0 71.5
v 72.5 128.0 50.0
v 73.0 128.0 49.49907684326172
v 72.52095794677734 128.0 71.0
v 73.0 128.0 71.47815704345703
v 72.5228042602539 129.0 50.0
v 73.0 129.0 49.52276611328125
v 73.0 128.50205993652344 71.0
v 73.0 129.0 70.5447006225586
v 73.0 129.5 50.0
v 72.4771957397461 130.0 51.0
v 73.0 130.0 50.47719955444336
v 73.0 130.0 70.5211181640625
v 72.5228042602539 131.0 51.0
v 73.0 131.0 50.52280044555664
v 72.5 131.0 70.0
v 73.0 131.0 70.47823333740234
v 73.0 131.49807739257812 51.0
v 72.5 132.0 52.0
v 73.0 132.0 51.5
v 73.0 131.50100708007812 70.0
v 73.0 132.0 69.54190063476562
v 73.0 132.5 52.0
v 72.5 133.0 53.0
v 73.0 133.0 52.5
v 72.50196075439453 133.0 69.0
v 73.0 133.0 69.45809936523438
v 73.0 133.5 53.0
v 72.5 134.0 54.0
v 73.0 134.0 53.5
v 72.5 134.0 68.0
v 73.0 134.0 68.49996185302734
v 73.0 133.498046875 69.0
v 73.0 134.50096130371094 54.0
v 72.47723388671875 135.0 55.0
v 73.0 135.0 54.47819519042969
v 72.45262908935547 135.0 67.0
v 73.0 135.0 67.54741668701172
v 73.0 134.52488708496094 68.0
v 72.52476501464844 136.0 55.0
v 73.0 136.0 54.543853759765625
v 73.0 135.5 68.0
v 72.54741668701172 136.0 68.0
v 73.0 136.0 68.45258331298828
v 73.0 136.47531127929688 55.0
v 73.0 136.5438232421875 56.0
v 72.4990005493164 137.0 57.0
v 73.0 137.0 56.496070861816406
v 72.50104522705078 137.0 67.0
v 73.0 137.0 67.49903869628906
v 73.0 136.47511291503906 68.0
v 73.0 137.50103759765625 57.0
v 72.5228042602539 138.0 58.0
v 73.0 138.0 57.50096130371094
v 72.4771957397461 138.0 59.0
v 73.0 137.54388427734375 66.0
v 73.0 138.0 65.52468872070312
v 73.0 137.4781951904297 67.0
v 73.0 138.47720336914062 58.0
v 73.0 138.52276611328125 59.0
v 72.52372741699219 139.0 60.0
v 73.0 139.0 59.501007080078125
v 72.4771957397461 139.0 61.0
v 72.4771957397461 139.0 63.0
v 72.5228042602539 139.0 64.0
v 73.0 139.0 64.49807739257812
v 73.0 138.52175903320312 65.0
v 73.0 139.4571075439453 60.0
v 73.0 139.5 61.0
v 73.0 139.5202178955078 62.0
v 73.0 139.5 63.0
v 73.0 139.4571533203125 64.0
v 73.52184295654297 107.0 53.0
v 74.0 107.0 52.49794387817383
v 74.0 106.52184295654297 53.0
v 74.0 106.5 54.0
v 73.5 107.0 54.0
v 74.0 106.52184295654297 55.0
v 73.52184295654297 107.0 55.0
v 74.0 107.0 55.50205612182617
v 73.52275848388672 108.0 49.0
v 74.0 108.0 48.49995803833008
v 74.0 107.52096557617188 49.0
v 74.0 107.49903869628906 50.0
v 73.5 108.0 50.0
v 74.0 107.49811553955078 51.0
v 73.47815704345703 108.0 51.0
v 74.0 107.45610046386719 52.0
v 74.0 107.4552993774414 56.0
v 74.0 107.47803497314453 57.0
v 74.0 107.5 58.0
v 74.0 108.0 58.52188491821289
v 73.49896240234375 109.0 48.0
v 74.0 109.0 47.49703598022461
v 74.0 108.49800109863281 48.0
v 74.0 108.4771957397461 59.0
v 74.0 109.0 59.52477264404297
v 73.50300598144531 110.0 46.0
v 74.0 110.0 45.52284622192383
v 74.0 109.5428237915039 46.0
v 74.0 109.45714569091797 47.0
v 74.0 109.45526123046875 60.0
v 74.0 109.47898864746094 61.0
v 74.0 109.4991455078125 62.0
v 74.0 109.52101135253906 63.0
v 74.0 110.0 63.52092361450195
v 74.0 111.0 45.455142974853516
v 74.0 110.47724151611328 64.0
v 74.0 111.0 64.52376556396484
v 73.56937408447266 112.0 44.0
v 74.0 112.0 43.568546295166016
v 74.0 111.54792785644531 44.0
v 74.0 111.47602081298828 45.0
v 73.5 112.0 45.0
v 74.0 111.45710754394531 65.0
v 74.0 111.5211181640625 66.0
v 73.48091888427734 112.0 66.0
v 74.0 111.56937408447266 67.0
v 73.5677490234375 112.0 67.0
v 74.0 112.0 67.45030212402344
v 74.0 112.47476959228516 44.0
v 73.49908447265625 113.0 45.0
v 74.0 113.0 44.47719955444336
v 73.458984375 113.0 67.0
v 74.0 112.52669525146484 68.0
v 73.5448989868164 113.0 68.0
v 74.0 113.0 68.45425415039062
v 73.5 114.0 45.0
v 74.0 114.0 44.49995803833008
v 73.47911071777344 114.0 68.0
v 74.0 114.0 68.5
v 73.5 115.0 45.0
v 74.0 115.0 44.5
v 74.0 114.5218505859375 69.0
v 73.52276611328125 115.0 69.0
v 74.0 115.0 69.49795532226562
v 73.5 116.0 45.0
v 74.0 116.0 44.5
v 73.4571533203125 116.0 69.0
v 74.0 115.50397491455078 70.0
v 73.54385375976562 116.0 70.0
v 74.0 116.0 70.45614624023438
v 73.52275848388672 117.0 45.0
v 74.0 117.0 44.521881103515625
v 73.50096130371094 117.0 70.0
v 74.0 117.0 70.49903869628906
v 74.0 117.52407836914062 45.0
v 73.45262908935547 118.0 46.0
v 74.0 118.0 45.451534271240234
v 73.4771957397461 118.0 70.0
v 74.0 118.0 70.5228042602539
v 73.54737091064453 119.0 45.0
v 74.0 119.0 44.5465087890625
v 74.0 118.49889373779297 45.0
v 74.0 118.49808502197266 71.0
v 73.5 119.0 71.0
v 74.0 119.0 71.49995422363281
v 74.0 119.47706604003906 45.0
v 73.47819519042969 120.0 46.0
v 74.0 120.0 45.477237701416016
v 74.0 119.50296020507812 72.0
v 73.52381134033203 120.0 72.0
v 74.0 120.0 72.45625305175781
v 73.54289245605469 121.0 46.0
v 74.0 121.0 45.52376174926758
v 73.45710754394531 121.0 47.0
v 73.50092315673828 121.0 72.0
v 74.0 121.0 72.47891998291016
v 74.0 121.49712371826172 46.0
v 73.52088928222656 122.0 47.0
v 74.0 122.0 46.50091552734375
v 73.50003814697266 122.0 72.0
v 74.0 122.0 72.49816131591797
v 74.0 123.0 43.54490280151367
v 74.0 122.54570770263672 44.0
v 73.49898529052734 123.0 45.0
v 74.0 123.0 44.49700927734375
v 74.0 122.50200653076172 47.0
v 74.0 123.0 47.457061767578125
v 73.49996185302734 123.0 72.0
v 74.0 123.0 72.47977447509766
v 74.0 124.0 43.501712799072266
v 74.0 123.49996185302734 45.0
v 73.45211029052734 124.0 46.0
v 74.0 124.0 45.47819137573242
v 73.45449829101562 124.0 48.0
v 74.0 124.0 47.49723434448242
v 73.49911499023438 124.0 72.0
v 74.0 124.0 72.49816131591797
v 74.0 125.0 43.54490661621094
v 73.52188110351562 125.0 45.0
v 74.0 124.5009994506836 45.0
v 74.0 125.0 44.49797439575195
v 73.45578002929688 125.0 46.0
v 74.0 125.0 47.47977066040039
v 73.5 125.0 72.0
v 74.0 125.0 72.47891998291016
v 74.0 125.45425415039062 44.0
v 73.42740631103516 126.0 46.0
v 73.50184631347656 126.0 48.0
v 74.0 126.0 47.52022933959961
v 73.45526123046875 126.0 49.0
v 73.50088500976562 126.0 72.0
v 74.0 126.0 72.47891998291016
v 73.52289581298828 127.0 48.0
v 74.0 127.0 47.522857666015625
v 73.47807312011719 127.0 49.0
v 73.50007629394531 127.0 72.0
v 74.0 127.0 72.49816131591797
v 73.54570770263672 128.0 48.0
v 74.0 128.0 47.545745849609375
v 73.47895812988281 128.0 49.0
v 73.50184631347656 128.0 72.0
v 74.0 128.0 72.4788818359375
v 74.0 128.47421264648438 48.0
v 73.52276611328125 129.0 49.0
v 74.0 129.0 48.52280044555664
v 73.45610046386719 129.0 71.0
v 73.54389953613281 129.0 72.0
v 74.0 129.0 72.4552993774414
v 74.0 129.49899291992188 49.0
v 73.47723388671875 130.0 50.0
v 74.0 130.0 49.47823715209961
v 73.49815368652344 130.0 71.0
v 74.0 130.0 71.52184295654297
v 74.0 129.49794006347656 72.0
v 73.52376556396484 131.0 50.0
v 74.0 131.0 49.54289245605469
v 73.52276611328125 131.0 71.0
v 74.0 131.0 71.4771957397461
v 74.0 131.49708557128906 50.0
v 73.5 132.0 51.0
v 74.0 132.0 50.50004196166992
v 73.49800109863281 132.0 70.0
v 74.0 132.0 70.50103759765625
v 74.0 131.49903869628906 71.0
v 74.0 132.5 51.0
v 73.5 133.0 52.0
v 74.0 133.0 51.5
v 74.0 132.50393676757812 70.0
v 74.0 133.0 69.54385375976562
v 74.0 133.5 52.0
v 73.5 134.0 53.0
v 74.0 134.0 52.5
v 73.5009994506836 134.0 69.0
v 74.0 134.0 69.47823333740234
v 74.0 134.5 53.0
v 73.4990005493164 135.0 54.0
v 74.0 135.0 53.49995803833008
v 73.45258331298828 135.0 68.0
v 74.0 135.0 68.54741668701172
v 74.0 134.52394104003906 69.0
v 74.0 135.501953125 54.0
v 74.0 136.0 54.458133697509766
v 74.0 135.5 69.0
v 73.54741668701172 136.0 69.0
v 74.0 136.0 69.45258331298828
v 73.52468872070312 137.0 55.0
v 74.0 137.0 54.543853759765625
v 73.45618438720703 137.0 56.0
v 73.5 137.0 68.0
v 74.0 137.0 68.5
v 74.0 136.47511291503906 69.0
v 74.0 137.47523498535156 55.0
v 73.54481506347656 138.0 56.0
v 74.0 138.0 55.52573776245117
v 73.47823333740234 138.0 57.0
v 73.47527313232422 138.0 66.0
v 73.52276611328125 138.0 67.0
v 74.0 138.0 67.49808502197266
v 74.0 137.5 68.0
v 74.0 138.4551544189453 56.0
v 74.0 138.521728515625 57.0
v 73.52376556396484 139.0 58.0
v 74.0 139.0 57.5019645690918
v 73.47815704345703 139.0 59.0
v 73.50004577636719 139.0 65.0
v 74.0 139.0 65.50096130371094
v 74.0 138.52279663085938 66.0
v 74.0 138.47720336914062 67.0
v 74.0 139.4571075439453 58.0
v 74.0 139.5 59.0
v 74.0 139.5428466796875 60.0
v 73.5228500366211 140.0 61.0
v 74.0 140.0 60.50004196166992
v 73.50008392333984 140.0 62.0
v 73.5228500366211 140.0 63.0
v 74.0 140.0 63.49995803833008
v 74.0 139.5428466796875 64.0
v 74.0 139.4781951904297 65.0
v 74.0 140.456298828125 61.0
v 74.0 140.4780731201172 62.0
v 74.0 140.456298828125 63.0
v 74.56720733642578 105.0 50.0
v 75.0 105.0 49.52398681640625
v 75.0 104.54664611816406 50.0
v 75.0 105.0 50.47701644897461
v 74.54270935058594 106.0 49.0
v 75.0 106.0 48.50004196166992
v 75.0 105.50004577636719 49.0
v 74.501708984375 106.0 50.0
v 75.0 105.47807312011719 51.0
v 74.52101135253906 106.0 51.0
v 75.0 105.49996185302734 52.0
v 74.52108001708984 106.0 52.0
v 75.0 105.49907684326172 53.0
v 74.50092315673828 106.0 53.0
v 75.0 105.49903869628906 54.0
v 74.5 106.0 54.0
v 75.0 105.49907684326172 55.0
v 74.50092315673828 106.0 55.0
v 75.0 105.52192687988281 56.0
v 74.54285430908203 106.0 56.0
v 75.0 106.0 56.5
v 74.54186248779297 107.0 48.0
v 75.0 107.0 47.49995803833008
v 75.0 106.5 48.0
v 74.47984313964844 107.0 49.0
v 74.47807312011719 107.0 50.0
v 74.47803497314453 107.0 51.0
v 74.4552993774414 107.0 52.0
v 74.45610046386719 107.0 56.0
v 75.0 106.47715759277344 57.0
v 74.49811553955078 107.0 57.0
v 75.0 106.52276611328125 58.0
v 74.52188873291016 107.0 58.0
v 75.0 107.0 58.49903869628906
v 74.54285430908203 108.0 47.0
v 75.0 108.0 46.52284240722656
v 75.0 107.50092315673828 47.0
v 74.45809936523438 108.0 48.0
v 75.0 107.4990005493164 59.0
v 74.49803924560547 108.0 59.0
v 75.0 108.0 59.50292205810547
v 74.47623443603516 109.0 47.0
v 75.0 109.0 46.47527313232422
v 75.0 108.47623443603516 60.0
v 74.47522735595703 109.0 60.0
v 75.0 108.52272033691406 61.0
v 74.52092742919922 109.0 61.0
v 75.0 109.0 61.500083923339844
v 74.54573822021484 110.0 44.0
v 75.0 110.0 43.525821685791016
v 75.0 109.54570770263672 44.0
v 75.0 109.52104187011719 45.0
v 74.5018081665039 110.0 45.0
v 75.0 109.45621490478516 46.0
v 75.0 109.45724487304688 62.0
v 75.0 109.5 63.0
v 75.0 109.54275512695312 64.0
v 74.50008392333984 110.0 64.0
v 75.0 110.0 64.49800109863281
v 74.50092315673828 111.0 44.0
v 75.0 111.0 43.5
v 74.45429992675781 111.0 45.0
v 75.0 110.5 65.0
v 74.49707794189453 111.0 65.0
v 75.0 111.0 65.50103759765625
v 75.0 112.0 43.45803451538086
v 75.0 111.47727966308594 66.0
v 74.49787139892578 112.0 67.0
v 75.0 112.0 66.54751586914062
v 74.56749725341797 113.0 43.0
v 75.0 113.0 42.568294525146484
v 75.0 112.524169921875 43.0
v 74.45800018310547 113.0 44.0
v 75.0 112.43274688720703 67.0
v 75.0 112.52114868164062 68.0
v 75.0 113.0 68.47803497314453
v 75.0 113.47486877441406 43.0
v 74.49907684326172 114.0 44.0
v 75.0 114.0 43.4781608581543
v 75.0 114.0 68.5447006225586
v 74.5 115.0 44.0
v 75.0 115.0 43.5
v 75.0 114.45610809326172 69.0
v 75.0 114.54385375976562 70.0
v 74.50397491455078 115.0 70.0
v 75.0 115.0 70.45614624023438
v 74.5 116.0 44.0
v 75.0 116.0 43.5
v 75.0 116.0 70.54185485839844
v 74.50092315673828 117.0 44.0
v 75.0 117.0 43.5
v 75.0 116.50096130371094 71.0
v 74.52284240722656 117.0 71.0
v 75.0 117.0 71.45714569091797
v 74.52022552490234 118.0 44.0
v 75.0 118.0 43.5
v 74.43270111083984 118.0 45.0
v 74.47723388671875 118.0 71.0
v 75.0 118.0 71.52176666259766
v 74.523681640625 119.0 44.0
v 75.0 119.0 43.521888732910156
v 75.0 118.50104522705078 72.0
v 74.50199890136719 119.0 72.0
v 75.0 119.0 72.4572525024414
v 75.0 119.50096130371094 44.0
v 74.47720336914062 120.0 45.0
v 75.0 120.0 44.47623825073242
v 75.0 120.0 72.5
v 74.5228042602539 121.0 45.0
v 75.0 121.0 44.522762298583984
v 75.0 121.0 72.54270935058594
v 75.0 121.50008392333984 45.0
v 74.49995422363281 122.0 46.0
v 75.0 122.0 45.497955322265625
v 75.0 121.52394104003906 73.0
v 74.54663848876953 122.0 73.0
v 75.0 122.0 73.43279266357422
v 75.0 123.0 43.52385330200195
v 75.0 122.54219818115234 44.0
v 75.0 123.0 44.500972747802734
v 75.0 122.50397491455078 46.0
v 74.47618865966797 123.0 47.0
v 75.0 123.0 46.475181579589844
v 75.0 122.5 73.0
v 75.0 123.0 72.56719970703125
v 75.0 124.0 43.48069763183594
v 75.0 123.49700927734375 45.0
v 75.0 124.0 45.502017974853516
v 74.49899291992188 124.0 47.0
v 75.0 124.0 46.47702407836914
v 75.0 123.5 73.0
v 74.54663848876953 124.0 73.0
v 75.0 124.0 73.43279266357422
v 75.0 125.0 43.5440559387207
v 75.0 124.50100708007812 45.0
v 75.0 125.0 44.49797821044922
v 74.5200424194336 125.0 47.0
v 75.0 125.0 46.52092361450195
v 75.0 124.47702026367188 73.0
v 75.0 125.0 72.543701171875
v 75.0 125.4551010131836 44.0
v 75.0 125.50104522705078 47.0
v 75.0 126.0 47.45625686645508
v 75.0 126.0 72.54373931884766
v 75.0 127.0 47.4789924621582
v 75.0 126.52183532714844 73.0
v 74.54554748535156 127.0 73.0
v 75.0 127.0 73.45358276367188
v 75.0 128.0 47.52015686035156
v 75.0 127.47917175292969 73.0
v 75.0 128.0 72.54473876953125
v 75.0 128.5219268798828 48.0
v 75.0 129.0 48.457149505615234
v 75.0 129.0 72.52204132080078
v 74.50096130371094 130.0 49.0
v 75.0 130.0 48.5418586730957
v 74.47815704345703 130.0 72.0
v 75.0 130.0 72.50184631347656
v 75.0 130.5 49.0
v 75.0 131.0 49.4581413269043
v 74.5228042602539 131.0 72.0
v 75.0 131.0 72.47723388671875
v 74.50196075439453 132.0 50.0
v 75.0 132.0 49.541900634765625
v 74.47819519042969 132.0 71.0
v 75.0 132.0 71.52276611328125
v 75.0 131.5 72.0
v 75.0 132.498046875 50.0
v 74.5 133.0 51.0
v 75.0 133.0 50.50004196166992
v 74.45614624023438 133.0 70.0
v 74.54289245605469 133.0 71.0
v 75.0 133.0 71.47623443603516
v 75.0 133.5 51.0
v 74.5 134.0 52.0
v 75.0 134.0 51.5
v 74.52172088623047 134.0 70.0
v 75.0 134.0 70.5
v 75.0 133.49803161621094 71.0
v 75.0 134.5 52.0
v 74.5 135.0 53.0
v 75.0 135.0 52.5
v 74.45258331298828 135.0 69.0
v 75.0 135.0 69.54846954345703
v 75.0 134.52503967285156 70.0
v 75.0 135.4999542236328 53.0
v 74.4990005493164 136.0 54.0
v 75.0 136.0 53.50095748901367
v 75.0 135.4988555908203 70.0
v 74.54732513427734 136.0 70.0
v 75.0 136.0 70.45527648925781
v 75.0 136.47911071777344 54.0
v 75.0 137.0 54.500885009765625
v 74.5 137.0 69.0
v 75.0 137.0 69.5009536743164
v 75.0 136.4761505126953 70.0
v 75.0 137.4999542236328 55.0
v 75.0 138.0 55.50004196166992
v 74.5009536743164 138.0 68.0
v 75.0 138.0 68.4990005493164
v 75.0 137.4999542236328 69.0
v 75.0 138.4990692138672 56.0
v 74.50192260742188 139.0 57.0
v 75.0 139.0 56.52284622192383
v 74.4771957397461 139.0 66.0
v 74.52376556396484 139.0 67.0
v 75.0 139.0 67.47631072998047
v 75.0 138.4782257080078 68.0
v 75.0 139.4571533203125 57.0
v 75.0 139.54185485839844 58.0
v 74.5228500366211 140.0 59.0
v 75.0 140.0 58.501007080078125
v 74.47811126708984 140.0 60.0
v 74.47807312011719 140.0 64.0
v 74.52376556396484 140.0 65.0
v 75.0 140.0 65.49895477294922
v 75.0 139.52276611328125 66.0
v 75.0 139.4761962890625 67.0
v 75.0 140.456298828125 59.0
v 75.0 140.47898864746094 60.0
v 75.0 140.4991455078125 61.0
v 75.0 140.5008544921875 62.0
v 75.0 140.5192413330078 63.0
v 75.0 140.47984313964844 64.0
v 75.0 140.4562530517578 65.0
v 75.54285430908203 104.0 49.0
v 76.0 104.0 48.5009651184082
v 76.0 103.52284240722656 49.0
v 76.0 103.50007629394531 50.0
v 75.50183868408203 104.0 50.0
v 76.0 103.50088500976562 51.0
v 75.52108001708984 104.0 51.0
v 76.0 103.50003814697266 52.0
v 75.52192687988281 104.0 52.0
v 76.0 103.5 53.0
v 75.52192687988281 104.0 53.0
v 76.0 103.5 54.0
v 75.52192687988281 104.0 54.0
v 76.0 103.50003814697266 55.0
v 75.52192687988281 104.0 55.0
v 76.0 103.5228500366211 56.0
v 75.543701171875 104.0 56.0
v 76.0 104.0 56.498992919921875
v 75.54186248779297 105.0 48.0
v 76.0 105.0 47.4990348815918
v 76.0 104.5 48.0
v 75.45814514160156 105.0 49.0
v 75.456298828125 105.0 51.0
v 75.47807312011719 105.0 52.0
v 75.47807312011719 105.0 53.0
v 75.47807312011719 105.0 54.0
v 75.47807312011719 105.0 55.0
v 75.47984313964844 105.0 56.0
v 76.0 104.5 57.0
v 75.54186248779297 105.0 57.0
v 76.0 105.0 57.49903869628906
v 75.54473876953125 106.0 46.0
v 76.0 106.0 45.52477264404297
v 76.0 105.52473449707031 46.0
v 76.0 105.47807312011719 47.0
v 75.52015686035156 106.0 47.0
v 75.45813751220703 106.0 48.0
v 75.45714569091797 106.0 57.0
v 76.0 105.50003814697266 58.0
v 75.52180480957031 106.0 58.0
v 76.0 106.0 58.50096130371094
v 75.52108001708984 107.0 46.0
v 76.0 107.0 45.50088882446289
v 75.45729064941406 107.0 47.0
v 76.0 106.47723388671875 59.0
v 75.47819519042969 107.0 59.0
v 76.0 106.52376556396484 60.0
v 75.54289245605469 107.0 60.0
v 76.0 107.0 60.49707794189453
v 75.50091552734375 108.0 46.0
v 76.0 108.0 45.49911117553711
v 75.45710754394531 108.0 60.0
v 76.0 107.5009994506836 61.0
v 75.52180480957031 108.0 61.0
v 76.0 108.0 61.49904251098633
v 75.47523498535156 109.0 46.0
v 76.0 109.0 45.474178314208984
v 76.0 108.49995422363281 62.0
v 75.49800109863281 109.0 62.0
v 76.0 109.0 62.50199890136719
v 75.5238037109375 110.0 43.0
v 76.0 110.0 42.523765563964844
v 76.0 109.52368927001953 43.0
v 76.0 109.47803497314453 44.0
v 76.0 109.45429229736328 45.0
v 76.0 109.45724487304688 63.0
v 76.0 109.5 64.0
v 76.0 109.5427474975586 65.0
v 75.50199890136719 110.0 65.0
v 76.0 110.0 65.49800109863281
v 75.49996185302734 111.0 43.0
v 76.0 111.0 42.5
v 76.0 110.50004577636719 66.0
v 75.4990005493164 111.0 66.0
v 76.0 111.0 66.5
v 75.4771957397461 112.0 43.0
v 76.0 112.0 42.499080657958984
v 76.0 111.49995422363281 67.0
v 75.47406005859375 112.0 67.0
v 76.0 112.0 67.5009994506836
v 76.0 113.0 42.47977828979492
v 76.0 112.47823333740234 68.0
v 76.0 113.0 68.52176666259766
v 75.47815704345703 114.0 43.0
v 76.0 114.0 42.499080657958984
v 76.0 113.49896240234375 69.0
v 75.49602508544922 114.0 69.0
v 76.0 114.0 69.50103759765625
v 75.5 115.0 43.0
v 76.0 115.0 42.5
v 76.0 114.47823333740234 70.0
v 76.0 115.0 70.521728515625
v 75.5 116.0 43.0
v 76.0 116.0 42.5
v 76.0 115.50096130371094 71.0
v 75.5 116.0 71.0
v 76.0 116.0 71.45813751220703
v 75.49907684326172 117.0 43.0
v 76.0 117.0 42.4781608581543
v 76.0 117.0 71.54190063476562
v 75.56938171386719 118.0 42.0
v 76.0 118.0 41.569419860839844
v 76.0 117.5262451171875 42.0
v 75.47981262207031 118.0 43.0
v 76.0 117.4990005493164 72.0
v 75.5 118.0 72.0
v 76.0 118.0 72.47823333740234
v 76.0 118.4520263671875 42.0
v 75.50092315673828 119.0 43.0
v 76.0 119.0 42.50096130371094
v 76.0 119.0 72.52108001708984
v 75.54385375976562 120.0 43.0
v 76.0 120.0 42.543853759765625
v 75.45710754394531 120.0 44.0
v 76.0 120.0 72.543701171875
v 76.0 120.49803161621094 43.0
v 75.52175903320312 121.0 44.0
v 76.0 121.0 43.4990348815918
v 76.0 120.49899291992188 73.0
v 75.49996185302734 121.0 73.0
v 76.0 121.0 73.45813751220703
v 76.0 121.52710723876953 44.0
v 75.47623443603516 122.0 45.0
v 76.0 122.0 44.45033645629883
v 76.0 122.0 73.51930236816406
v 75.52288818359375 123.0 43.0
v 76.0 123.0 42.523765563964844
v 76.0 122.52100372314453 43.0
v 76.0 122.4330825805664 44.0
v 75.4551773071289 123.0 45.0
v 75.45521545410156 123.0 46.0
v 75.45336151123047 123.0 73.0
v 76.0 123.0 73.50183868408203
v 75.52188873291016 124.0 43.0
v 76.0 124.0 42.54285430908203
v 75.45533752441406 124.0 46.0
v 76.0 124.0 73.52022552490234
v 76.0 124.49807739257812 43.0
v 76.0 125.0 43.48003005981445
v 75.4771957397461 125.0 45.0
v 75.49903869628906 125.0 46.0
v 75.47711181640625 125.0 73.0
v 76.0 125.0 73.50092315673828
v 76.0 125.51992797851562 44.0
v 76.0 125.5018081665039 45.0
v 76.0 125.52384948730469 46.0
v 75.4761962890625 126.0 47.0
v 76.0 126.0 46.47527313232422
v 75.4761962890625 126.0 73.0
v 76.0 126.0 73.5228042602539
v 75.62605285644531 127.0 44.0
v 76.0 127.0 43.62601852416992
v 76.0 126.58451843261719 44.0
v 76.0 127.0 44.37553405761719
v 75.52092742919922 127.0 47.0
v 76.0 127.0 46.52272033691406
v 76.0 126.50008392333984 74.0
v 75.52376556396484 127.0 74.0
v 76.0 127.0 74.47623443603516
v 76.0 127.37394714355469 44.0
v 76.0 127.50004577636719 47.0
v 76.0 128.0 47.458099365234375
v 75.45526123046875 128.0 73.0
v 75.52200317382812 128.0 74.0
v 76.0 128.0 74.47799682617188
v 75.5 129.0 48.0
v 76.0 129.0 47.542850494384766
v 75.47714233398438 129.0 73.0
v 75.52285766601562 129.0 74.0
v 76.0 129.0 74.47795867919922
v 76.0 129.4780731201172 48.0
v 76.0 130.0 48.47984313964844
v 75.47888946533203 130.0 73.0
v 75.54378509521484 130.0 74.0
v 76.0 130.0 74.47527313232422
v 75.50004577636719 131.0 49.0
v 76.0 131.0 48.54270935058594
v 75.52176666259766 131.0 73.0
v 76.0 131.0 73.5
v 76.0 130.49795532226562 74.0
v 76.0 131.4999542236328 49.0
v 76.0 132.0 49.4581413269043
v 75.4771957397461 132.0 72.0
v 76.0 132.0 72.52376556396484
v 76.0 131.50196838378906 73.0
v 75.50292205810547 133.0 50.0
v 76.0 133.0 49.54289627075195
v 75.52275848388672 133.0 72.0
v 76.0 133.0 72.47815704345703
v 76.0 133.4762420654297 50.0
v 75.50191497802734 134.0 51.0
v 76.0 134.0 50.522804260253906
v 75.47823333740234 134.0 71.0
v 76.0 134.0 71.52372741699219
v 76.0 133.50100708007812 72.0
v 76.0 134.47720336914062 51.0
v 75.50191497802734 135.0 52.0
v 76.0 135.0 51.52280044555664
v 75.43270111083984 135.0 70.0
v 75.51930236816406 135.0 71.0
v 76.0 135.0 71.52104187011719
v 76.0 135.47720336914062 52.0
v 75.50296020507812 136.0 53.0
v 76.0 136.0 52.523807525634766
v 75.48161315917969 136.0 71.0
v 76.0 135.52403259277344 72.0
v 75.56729888916016 136.0 72.0
v 76.0 136.0 72.452392578125
v 76.0 136.4562530517578 53.0
v 76.0 136.5210723876953 54.0
v 76.0 137.0 54.49907302856445
v 75.47819519042969 137.0 70.0
v 75.54289245605469 137.0 71.0
v 76.0 137.0 71.49707794189453
v 76.0 136.47401428222656 72.0
v 76.0 137.5 55.0
v 76.0 138.0 55.5
v 75.50199890136719 138.0 69.0
v 76.0 138.0 69.49991607666016
v 76.0 137.52272033691406 70.0
v 76.0 137.4762420654297 71.0
v 76.0 138.5 56.0
v 76.0 139.0 56.50004196166992
v 76.0 138.52200317382812 68.0
v 76.0 139.0 67.52196502685547
v 76.0 138.45724487304688 69.0
v 76.0 139.4990692138672 57.0
v 75.50100708007812 140.0 58.0
v 76.0 140.0 57.52288818359375
v 75.47815704345703 140.0 66.0
v 75.52481079101562 140.0 67.0
v 76.0 140.0 67.45532989501953
v 76.0 140.456298828125 58.0
v 76.0 140.4991455078125 59.0
v 76.0 140.5 60.0
v 76.0 140.5008544921875 61.0
v 76.0 140.54270935058594 62.0
v 75.54573822021484 141.0 63.0
v 76.0 141.0 62.523948669433594
v 76.0 141.0 63.47605514526367
v 76.0 140.54270935058594 64.0
v 76.0 140.5008544921875 65.0
v 76.0 140.5 66.0
v 76.0 140.47518920898438 67.0
v 76.0 141.4327850341797 63.0
v 76.54474639892578 102.0 52.0
v 77.0 102.0 51.50210189819336
v 77.0 101.54474639892578 52.0
v 77.0 101.52289581298828 53.0
v 76.52289581298828 102.0 53.0
v 77.0 101.52289581298828 54.0
v 76.52289581298828 102.0 54.0
v 77.0 101.54474639892578 55.0
v 76.54474639892578 102.0 55.0
v 77.0 102.0 55.49694061279297
v 76.54289245605469 103.0 48.0
v 77.0 103.0 47.50292205810547
v 77.0 102.52376556396484 48.0
v 77.0 102.50003814697266 49.0
v 76.50092315673828 103.0 49.0
v 77.0 102.5 50.0
v 76.5 103.0 50.0
v 77.0 102.47815704345703 51.0
v 76.49907684326172 103.0 51.0
v 76.47891998291016 103.0 52.0
v 76.47807312011719 103.0 53.0
v 76.47807312011719 103.0 54.0
v 76.47891998291016 103.0 55.0
v 77.0 102.47919464111328 56.0
v 76.50003814697266 103.0 56.0
v 77.0 102.54385375976562 57.0
v 76.54385375976562 103.0 57.0
v 77.0 103.0 57.496070861816406
v 76.54190063476562 104.0 47.0
v 77.0 104.0 46.501956939697266
v 77.0 103.50196075439453 47.0
v 76.45813751220703 104.0 48.0
v 76.45814514160156 104.0 57.0
v 77.0 103.50296020507812 58.0
v 76.54289245605469 104.0 58.0
v 77.0 104.0 58.47627639770508
v 76.52180480957031 105.0 46.0
v 77.0 105.0 45.50095748901367
v 77.0 104.5009994506836 46.0
v 76.45714569091797 105.0 47.0
v 76.47823333740234 105.0 58.0
v 77.0 105.0 58.524688720703125
v 76.5228042602539 106.0 45.0
v 77.0 106.0 44.522762298583984
v 77.0 105.50191497802734 45.0
v 77.0 105.47527313232422 59.0
v 76.4771957397461 106.0 59.0
v 77.0 105.52276611328125 60.0
v 76.5228042602539 106.0 60.0
v 77.0 106.0 60.498085021972656
v 76.49908447265625 107.0 45.0
v 77.0 107.0 44.47715759277344
v 77.0 106.5 61.0
v 76.50004577636719 107.0 61.0
v 77.0 107.0 61.5
v 76.54270935058594 108.0 44.0
v 77.0 108.0 43.50004196166992
v 77.0 107.49907684326172 44.0
v 76.47891998291016 108.0 45.0
v 77.0 107.5 62.0
v 76.5 108.0 62.0
v 77.0 108.0 62.5
v 76.521728515625 109.0 43.0
v 77.0 109.0 42.49995803833008
v 77.0 108.49903869628906 43.0
v 76.47799682617188 109.0 44.0
v 76.45425415039062 109.0 45.0
v 77.0 108.49995422363281 63.0
v 76.49800109863281 109.0 63.0
v 77.0 109.0 63.50296401977539
v 76.5228042602539 110.0 42.0
v 77.0 110.0 41.522804260253906
v 77.0 109.50096130371094 42.0
v 77.0 109.45625305175781 64.0
v 77.0 109.47984313964844 65.0
v 77.0 109.54190063476562 66.0
v 76.50196075439453 110.0 66.0
v 77.0 110.0 66.49803924560547
v 76.5 111.0 42.0
v 77.0 111.0 41.5
v 77.0 110.50004577636719 67.0
v 76.5 111.0 67.0
v 77.0 111.0 67.5
v 76.49996185302734 112.0 42.0
v 77.0 112.0 41.5
v 77.0 111.5 68.0
v 76.4990463256836 112.0 68.0
v 77.0 112.0 68.5
v 76.49911499023438 113.0 42.0
v 77.0 113.0 41.5
v 77.0 112.5 69.0
v 76.4990463256836 113.0 69.0
v 77.0 113.0 69.5
v 76.5 114.0 42.0
v 77.0 114.0 41.500919342041016
v 77.0 113.5 70.0
v 76.4990463256836 114.0 70.0
v 77.0 114.0 70.49995422363281
v 76.50092315673828 115.0 42.0
v 77.0 115.0 41.52107620239258
v 77.0 114.50196075439453 71.0
v 76.5009994506836 115.0 71.0
v 77.0 115.0 71.45809936523438
v 76.50096130371094 116.0 42.0
v 77.0 116.0 41.52192687988281
v 77.0 116.0 71.54186248779297
v 76.47908020019531 117.0 42.0
v 77.0 117.0 41.52015686035156
v 77.0 116.49903869628906 72.0
v 76.4990005493164 117.0 72.0
v 77.0 117.0 72.478271484375
v 77.0 118.0 41.50092315673828
v 77.0 117.52368927001953 73.0
v 76.52372741699219 118.0 73.0
v 77.0 118.0 73.4761962890625
v 77.0 118.52398681640625 42.0
v 77.0 119.0 42.454254150390625
v 76.49907684326172 119.0 73.0
v 77.0 119.0 73.5
v 77.0 120.0 42.45610046386719
v 76.47711181640625 120.0 73.0
v 77.0 120.0 73.50096130371094
v 76.54289245605469 121.0 42.0
v 77.0 121.0 41.523765563964844
v 77.0 120.49898529052734 42.0
v 76.45813751220703 121.0 43.0
v 77.0 121.0 73.54385375976562
v 76.52201080322266 122.0 42.0
v 77.0 122.0 41.52200698852539
v 76.47802734375 122.0 43.0
v 76.43062591552734 122.0 44.0
v 77.0 121.49798583984375 74.0
v 76.52095794677734 122.0 74.0
v 77.0 122.0 74.47815704345703
v 76.52477264404297 123.0 42.0
v 77.0 123.0 41.54473876953125
v 76.49992370605469 123.0 74.0
v 77.0 123.0 74.5
v 77.0 123.4770278930664 42.0
v 77.0 124.0 42.47984313964844
v 76.49911499023438 124.0 74.0
v 77.0 124.0 74.5
v 76.50200653076172 125.0 43.0
v 77.0 125.0 42.54374313354492
v 76.49996185302734 125.0 74.0
v 77.0 125.0 74.5
v 77.0 125.47622680664062 43.0
v 76.50200653076172 126.0 44.0
v 77.0 126.0 43.52372741699219
v 76.49815368652344 126.0 45.0
v 76.45610809326172 126.0 46.0
v 76.4771957397461 126.0 74.0
v 77.0 126.0 74.5228042602539
v 76.39533996582031 127.0 44.0
v 77.0 126.47711181640625 44.0
v 77.0 126.52288818359375 45.0
v 76.52175903320312 127.0 46.0
v 77.0 127.0 45.4980354309082
v 77.0 126.52288818359375 75.0
v 76.54646301269531 127.0 75.0
v 77.0 127.0 75.45353698730469
v 77.0 127.5 46.0
v 76.4990005493164 128.0 47.0
v 77.0 128.0 46.5
v 77.0 127.47908020019531 75.0
v 77.0 128.0 74.5447006225586
v 77.0 128.47915649414062 47.0
v 77.0 129.0 47.499961853027344
v 77.0 129.0 74.54373931884766
v 77.0 129.52284240722656 48.0
v 77.0 130.0 48.456298828125
v 77.0 129.52297973632812 75.0
v 76.54756164550781 130.0 75.0
v 77.0 130.0 75.43274688720703
v 77.0 131.0 48.5
v 76.47823333740234 131.0 74.0
v 77.0 131.0 74.52272033691406
v 77.0 130.47596740722656 75.0
v 76.50100708007812 132.0 49.0
v 77.0 132.0 48.543701171875
v 76.45710754394531 132.0 73.0
v 76.54285430908203 132.0 74.0
v 77.0 132.0 74.47715759277344
v 77.0 132.47711181640625 49.0
v 77.0 133.0 49.50092315673828
v 76.5 133.0 73.0
v 77.0 133.0 73.5228042602539
v 77.0 132.5 74.0
v 77.0 133.5 50.0
v 77.0 134.0 50.499080657958984
v 76.45709991455078 134.0 72.0
v 76.5428466796875 134.0 73.0
v 77.0 134.0 73.4771957397461
v 77.0 134.52188110351562 51.0
v 77.0 135.0 51.47724151611328
v 76.476318359375 135.0 72.0
v 77.0 135.0 72.5486068725586
v 77.0 134.5241241455078 73.0
v 77.0 135.52279663085938 52.0
v 77.0 136.0 52.47811508178711
v 77.0 135.47496032714844 73.0
v 76.523681640625 136.0 73.0
v 77.0 135.54815673828125 74.0
v 76.57050323486328 136.0 74.0
v 77.0 136.0 74.4295654296875
v 77.0 136.5 53.0
v 77.0 136.54473876953125 54.0
v 77.0 137.0 54.4752311706543
v 76.5 137.0 72.0
v 77.0 137.0 72.50292205810547
v 77.0 136.50096130371094 73.0
v 77.0 136.45010375976562 74.0
v 77.0 137.5227508544922 55.0
v 77.0 138.0 55.47903823852539
v 76.47811889648438 138.0 70.0
v 76.5228042602539 138.0 71.0
v 77.0 138.0 71.49903869628906
v 77.0 137.50099182128906 72.0
v 77.0 138.49908447265625 56.0
v 77.0 139.0 56.522804260253906
v 77.0 138.54574584960938 68.0
v 77.0 139.0 67.54570770263672
v 77.0 138.5210723876953 69.0
v 77.0 138.50091552734375 70.0
v 77.0 138.47720336914062 71.0
v 77.0 139.47720336914062 57.0
v 77.0 140.0 57.501888275146484
v 77.0 140.0 67.4991455078125
v 77.0 140.47802734375 58.0
v 77.0 140.4991455078125 59.0
v 77.0 140.47898864746094 60.0
v 77.0 140.49908447265625 61.0
v 76.5250473022461 141.0 62.0
v 77.0 141.0 61.547698974609375
v 76.50096130371094 141.0 64.0
v 77.0 141.0 64.52297973632812
v 77.0 140.5672149658203 65.0
v 76.52381134033203 141.0 66.0
v 77.0 141.0 65.47798156738281
v 76.54888153076172 141.0 67.0
v 77.0 141.0 67.43061065673828
v 77.0 141.43167114257812 62.0
v 77.0 141.47714233398438 63.0
v 77.0 141.456298828125 64.0
v 77.0 141.45530700683594 66.0
v 77.0 141.43057250976562 67.0
v 77.52376556396484 102.0 48.0
v 78.0 102.0 47.50292205810547
v 78.0 101.54289245605469 48.0
v 78.0 101.50092315673828 49.0
v 77.50003814697266 102.0 49.0
v 78.0 101.5 50.0
v 77.5 102.0 50.0
v 78.0 101.49907684326172 51.0
v 77.47815704345703 102.0 51.0
v 78.0 101.47891998291016 52.0
v 78.0 101.47807312011719 53.0
v 78.0 101.47898864746094 54.0
v 78.0 101.5 55.0
v 78.0 101.54270935058594 56.0
v 77.50104522705078 102.0 56.0
v 78.0 102.0 56.49995803833008
v 77.50004577636719 103.0 47.0
v 78.0 103.0 46.5
v 78.0 102.50004577636719 47.0
v 78.0 102.45813751220703 57.0
v 78.0 102.54190063476562 58.0
v 77.50199890136719 103.0 58.0
v 78.0 103.0 58.498043060302734
v 77.50004577636719 104.0 46.0
v 78.0 104.0 45.50004196166992
v 78.0 103.5 46.0
v 78.0 103.5009994506836 59.0
v 77.52180480957031 104.0 59.0
v 78.0 104.0 59.499000549316406
v 77.5009536743164 105.0 45.0
v 78.0 105.0 44.521766662597656
v 78.0 104.5009994506836 45.0
v 77.45610809326172 105.0 59.0
v 78.0 104.5009994506836 60.0
v 77.52180480957031 105.0 60.0
v 78.0 105.0 60.49904251098633
v 77.52276611328125 106.0 44.0
v 78.0 106.0 43.50104522705078
v 78.0 105.5227279663086 44.0
v 78.0 105.5 61.0
v 77.5 106.0 61.0
v 78.0 106.0 61.5
v 77.54186248779297 107.0 43.0
v 78.0 107.0 42.50100326538086
v 78.0 106.5009994506836 43.0
v 77.45714569091797 107.0 44.0
v 78.0 106.5 62.0
v 77.5 107.0 62.0
v 78.0 107.0 62.5
v 77.54385375976562 108.0 42.0
v 78.0 108.0 41.543853759765625
v 78.0 107.50297546386719 42.0
v 77.45813751220703 108.0 43.0
v 78.0 107.5 63.0
v 77.5 108.0 63.0
v 78.0 108.0 63.50095748901367
v 77.47823333740234 109.0 42.0
v 78.0 109.0 41.478275299072266
v 78.0 108.47819519042969 64.0
v 77.47623443603516 109.0 64.0
v 78.0 108.54199981689453 65.0
v 77.52188110351562 109.0 65.0
v 78.0 109.0 65.50100708007812
v 77.52376556396484 110.0 41.0
v 78.0 110.0 40.54208755493164
v 78.0 109.50196838378906 41.0
v 78.0 109.45619201660156 66.0
v 78.0 109.52176666259766 67.0
v 77.5009994506836 110.0 67.0
v 78.0 110.0 67.49903869628906
v 77.50003814697266 111.0 41.0
v 78.0 111.0 40.500885009765625
v 78.0 110.5 68.0
v 77.5 111.0 68.0
v 78.0 111.0 68.49995422363281
v 77.5 112.0 41.0
v 78.0 112.0 40.5
v 78.0 111.5009994506836 69.0
v 77.5009536743164 112.0 69.0
v 78.0 112.0 69.47819519042969
v 77.5 113.0 41.0
v 78.0 113.0 40.500003814697266
v 78.0 112.52276611328125 70.0
v 77.50191497802734 113.0 70.0
v 78.0 113.0 70.4771957397461
v 77.52188110351562 114.0 41.0
v 78.0 114.0 40.522762298583984
v 78.0 113.52376556396484 71.0
v 77.50292205810547 114.0 71.0
v 78.0 114.0 71.45710754394531
v 78.0 114.50104522705078 41.0
v 78.0 115.0 41.45625686645508
v 78.0 115.0 71.54190063476562
v 78.0 116.0 41.47806930541992
v 78.0 115.4990005493164 72.0
v 77.49903869628906 116.0 72.0
v 78.0 116.0 72.47823333740234
v 78.0 117.0 41.45625686645508
v 78.0 117.0 72.54485321044922
v 77.52192687988281 118.0 41.0
v 78.0 118.0 40.522804260253906
v 78.0 117.49899291992188 41.0
v 78.0 117.4552230834961 73.0
v 78.0 117.54378509521484 74.0
v 77.52476501464844 118.0 74.0
v 78.0 118.0 74.47523498535156
v 77.52108001708984 119.0 41.0
v 78.0 119.0 40.50184631347656
v 77.45429229736328 119.0 42.0
v 77.5 119.0 74.0
v 78.0 119.0 74.5
v 77.52200317382812 120.0 41.0
v 78.0 120.0 40.52200698852539
v 77.4552993774414 120.0 42.0
v 77.49903869628906 120.0 74.0
v 78.0 120.0 74.52188110351562
v 77.52477264404297 121.0 41.0
v 78.0 121.0 40.54473876953125
v 77.45614624023438 121.0 74.0
v 78.0 120.50100708007812 75.0
v 77.54289245605469 121.0 75.0
v 78.0 121.0 75.47623443603516
v 78.0 121.47706604003906 41.0
v 78.0 122.0 41.4789924621582
v 77.50092315673828 122.0 75.0
v 78.0 122.0 75.49996185302734
v 78.0 123.0 41.52101135253906
v 77.5 123.0 75.0
v 78.0 123.0 75.5
v 78.0 123.52188110351562 42.0
v 78.0 124.0 42.457149505615234
v 77.5 124.0 75.0
v 78.0 124.0 75.5
v 78.0 125.0 42.54285430908203
v 77.5 125.0 75.0
v 78.0 125.0 75.5
v 78.0 125.47718811035156 43.0
v 78.0 126.0 43.500038146972656
v 77.4771957397461 126.0 75.0
v 78.0 126.0 75.52275848388672
v 78.0 126.54564666748047 44.0
v 77.4753646850586 127.0 45.0
v 78.0 127.0 44.452537536621094
v 78.0 126.50109100341797 76.0
v 77.52472686767578 127.0 76.0
v 78.0 127.0 76.45621490478516
v 77.56867218017578 128.0 44.0
v 78.0 128.0 43.569435119628906
v 78.0 127.50231170654297 44.0
v 77.52289581298828 128.0 45.0
v 77.48003387451172 128.0 46.0
v 77.45610046386719 128.0 75.0
v 77.54389953613281 128.0 76.0
v 78.0 128.0 76.4552993774414
v 78.0 128.4501953125 44.0
v 78.0 128.4770965576172 45.0
v 78.0 128.47979736328125 46.0
v 78.0 128.54385375976562 47.0
v 78.0 129.0 47.456146240234375
v 77.4761962890625 129.0 75.0
v 78.0 129.0 75.52275848388672
v 78.0 128.49798583984375 76.0
v 77.49899291992188 130.0 48.0
v 78.0 130.0 47.5418586730957
v 78.0 130.0 75.52022552490234
v 78.0 130.5000457763672 48.0
v 78.0 131.0 48.45729064941406
v 77.47811889648438 131.0 75.0
v 78.0 131.0 75.50092315673828
v 78.0 132.0 48.521080017089844
v 77.50096130371094 132.0 75.0
v 78.0 132.0 75.49903869628906
v 78.0 132.4990692138672 49.0
v 78.0 133.0 49.5
v 77.45714569091797 133.0 74.0
v 77.54385375976562 133.0 75.0
v 78.0 133.0 75.45614624023438
v 78.0 133.5009307861328 50.0
v 78.0 134.0 50.478919982910156
v 77.5 134.0 74.0
v 78.0 134.0 74.52184295654297
v 78.0 133.49803161621094 75.0
v 77.50104522705078 135.0 51.0
v 78.0 135.0 50.54374313354492
v 77.43167114257812 135.0 73.0
v 77.5 135.0 74.0
v 78.0 135.0 74.50092315673828
v 78.0 135.4761962890625 51.0
v 77.5 136.0 52.0
v 78.0 136.0 51.522804260253906
v 78.0 136.0 74.52018737792969
v 78.0 136.47720336914062 52.0
v 77.52482604980469 137.0 53.0
v 78.0 137.0 52.52574157714844
v 77.49803161621094 137.0 54.0
v 77.45710754394531 137.0 73.0
v 77.5228042602539 137.0 74.0
v 78.0 137.0 74.47723388671875
v 78.0 137.4542694091797 53.0
v 78.0 137.476318359375 54.0
v 77.52513885498047 138.0 55.0
v 78.0 138.0 54.54865646362305
v 77.57069396972656 138.0 57.0
v 78.0 137.57156372070312 57.0
v 78.0 138.0 56.547386169433594
v 78.0 138.0 57.42930221557617
v 77.47819519042969 138.0 72.0
v 77.54289245605469 138.0 73.0
v 78.0 138.0 73.49707794189453
v 78.0 137.498046875 74.0
v 78.0 138.43165588378906 55.0
v 78.0 138.47796630859375 56.0
v 77.47911834716797 139.0 57.0
v 78.0 139.0 57.478878021240234
v 77.47417449951172 139.0 68.0
v 77.49907684326172 139.0 69.0
v 77.49996185302734 139.0 70.0
v 77.52275848388672 139.0 71.0
v 78.0 139.0 71.50104522705078
v 78.0 138.52377319335938 72.0
v 78.0 138.47715759277344 73.0
v 78.0 140.0 57.52297592163086
v 77.52188873291016 140.0 60.0
v 78.0 139.52288818359375 60.0
v 78.0 140.0 59.499916076660156
v 77.54679107666016 140.0 61.0
v 78.0 139.5675048828125 61.0
v 78.0 140.0 61.451393127441406
v 78.0 139.52389526367188 68.0
v 78.0 140.0 67.52468872070312
v 78.0 139.5009307861328 69.0
v 78.0 139.50096130371094 70.0
v 78.0 139.47903442382812 71.0
v 78.0 140.47618103027344 58.0
v 78.0 140.45628356933594 59.0
v 77.4749526977539 141.0 62.0
v 78.0 140.523681640625 62.0
v 77.54521179199219 141.0 63.0
v 78.0 140.5694122314453 63.0
v 78.0 141.0 63.45211410522461
v 77.45336151123047 141.0 65.0
v 77.49671936035156 141.0 67.0
v 78.0 140.5464324951172 67.0
v 78.0 141.0 66.54468536376953
v 78.0 141.5 64.0
v 78.0 141.5018310546875 65.0
v 78.0 141.5 66.0
v 78.52288818359375 101.0 49.0
v 79.0 101.0 48.501007080078125
v 79.0 100.543701171875 49.0
v 79.0 100.52193450927734 50.0
v 78.50096893310547 101.0 50.0
v 79.0 100.52192687988281 51.0
v 78.50092315673828 101.0 51.0
v 79.0 100.52192687988281 52.0
v 78.50003814697266 101.0 52.0
v 79.0 100.52193450927734 53.0
v 78.5 101.0 53.0
v 79.0 100.543701171875 54.0
v 78.52192687988281 101.0 54.0
v 79.0 101.0 54.5
v 78.50196075439453 102.0 47.0
v 79.0 102.0 46.501956939697266
v 79.0 101.54190063476562 47.0
v 79.0 101.45813751220703 48.0
v 79.0 101.456298828125 55.0
v 79.0 101.47984313964844 56.0
v 79.0 101.54186248779297 57.0
v 78.5 102.0 57.0
v 79.0 102.0 57.5
v 78.5 103.0 46.0
v 79.0 103.0 45.5
v 79.0 102.50004577636719 46.0
v 79.0 102.45813751220703 58.0
v 79.0 102.54289245605469 59.0
v 78.50292205810547 103.0 59.0
v 79.0 103.0 59.476234436035156
v 78.5009994506836 104.0 45.0
v 79.0 104.0 44.521766662597656
v 79.0 103.5009536743164 45.0
v 79.0 103.5228042602539 60.0
v 78.50196075439453 104.0 60.0
v 79.0 104.0 60.477195739746094
v 79.0 105.0 44.45418167114258
v 79.0 104.5228042602539 61.0
v 78.50191497802734 105.0 61.0
v 79.0 105.0 61.477237701416016
v 78.54393005371094 106.0 42.0
v 79.0 106.0 41.5256462097168
v 79.0 105.52477264404297 42.0
v 79.0 105.49907684326172 43.0
v 78.47915649414062 106.0 43.0
v 79.0 105.45417785644531 44.0
v 79.0 105.52180480957031 62.0
v 78.5009536743164 106.0 62.0
v 79.0 106.0 62.498958587646484
v 78.48003387451172 107.0 42.0
v 79.0 107.0 41.51934051513672
v 79.0 106.50103759765625 63.0
v 78.5009536743164 107.0 63.0
v 79.0 107.0 63.47819519042969
v 79.0 108.0 41.458099365234375
v 79.0 107.52272033691406 64.0
v 78.50091552734375 108.0 64.0
v 79.0 108.0 64.50096893310547
v 78.56964111328125 108.0 66.0
v 79.0 108.0 65.52630615234375
v 79.0 107.57050323486328 66.0
v 79.0 108.0 66.44918823242188
v 78.5 109.0 41.0
v 79.0 109.0 40.52084732055664
v 79.0 108.4990005493164 41.0
v 79.0 108.45714569091797 65.0
v 78.45787811279297 109.0 66.0
v 79.0 108.54759979248047 67.0
v 78.54661560058594 109.0 67.0
v 79.0 109.0 67.45157623291016
v 78.5962142944336 110.0 39.0
v 79.0 110.0 38.59543991088867
v 79.0 109.59465789794922 39.0
v 79.0 110.0 39.47211837768555
v 79.0 110.0 40.433345794677734
v 79.0 109.54742431640625 68.0
v 78.52489471435547 110.0 68.0
v 79.0 110.0 68.45257568359375
v 79.0 110.4452896118164 39.0
v 79.0 110.47400665283203 40.0
v 78.52088928222656 111.0 40.0
v 79.0 111.0 39.500999450683594
v 79.0 110.54846954345703 69.0
v 78.52598571777344 111.0 69.0
v 79.0 111.0 69.43270111083984
v 78.50092315673828 112.0 40.0
v 79.0 112.0 39.52107620239258
v 79.0 112.0 69.52022552490234
v 78.50096893310547 113.0 40.0
v 79.0 113.0 39.52193069458008
v 79.0 112.49911499023438 70.0
v 79.0 113.0 70.5
v 78.52477264404297 114.0 40.0
v 79.0 114.0 39.54473876953125
v 79.0 113.50003814697266 71.0
v 79.0 114.0 71.49911499023438
v 79.0 114.4770278930664 40.0
v 78.47706604003906 115.0 41.0
v 79.0 115.0 40.49907684326172
v 79.0 114.52088928222656 72.0
v 78.4990005493164 115.0 72.0
v 79.0 115.0 72.4990463256836
v 78.49906921386719 116.0 41.0
v 79.0 116.0 40.50091552734375
v 79.0 115.50196075439453 73.0
v 78.52276611328125 116.0 73.0
v 79.0 116.0 73.4771957397461
v 78.4761962890625 117.0 41.0
v 79.0 117.0 40.477237701416016
v 78.4742660522461 117.0 73.0
v 79.0 117.0 73.52476501464844
v 78.52381134033203 118.0 40.0
v 79.0 118.0 39.54374694824219
v 79.0 117.50105285644531 40.0
v 79.0 117.45621490478516 74.0
v 79.0 117.5447769165039 75.0
v 78.5257339477539 118.0 75.0
v 79.0 118.0 75.45514678955078
v 78.52385711669922 119.0 40.0
v 79.0 119.0 39.54469680786133
v 78.50003814697266 119.0 75.0
v 79.0 119.0 75.49907684326172
v 79.0 119.47710418701172 40.0
v 79.0 120.0 40.4789924621582
v 78.47724151611328 120.0 75.0
v 79.0 120.0 75.52275848388672
v 79.0 121.0 40.52101135253906
v 79.0 120.50100708007812 76.0
v 78.52376556396484 121.0 76.0
v 79.0 121.0 76.45710754394531
v 79.0 121.52192687988281 41.0
v 79.0 122.0 41.456298828125
v 78.50003814697266 122.0 76.0
v 79.0 122.0 76.49907684326172
v 79.0 123.0 41.5008544921875
v 78.5 123.0 76.0
v 79.0 123.0 76.5
v 78.52413177490234 124.0 42.0
v 79.0 124.0 41.568294525146484
v 78.5 124.0 76.0
v 79.0 124.0 76.5
v 79.0 124.43250274658203 42.0
v 79.0 124.54304504394531 43.0
v 78.50100708007812 125.0 43.0
v 79.0 125.0 43.45533752441406
v 78.50003814697266 125.0 76.0
v 79.0 125.0 76.49907684326172
v 79.0 126.0 43.5008544921875
v 78.47899627685547 126.0 76.0
v 79.0 126.0 76.48069763183594
v 78.47615051269531 127.0 44.0
v 79.0 127.0 43.54275131225586
v 79.0 127.0 76.52015686035156
v 79.0 128.0 43.52471923828125
v 79.0 128.0 76.52108001708984
v 78.55192565917969 129.0 44.0
v 79.0 129.0 43.57078170776367
v 79.0 129.0 44.449893951416016
v 79.0 128.4999237060547 45.0
v 79.0 128.52020263671875 46.0
v 78.49702453613281 129.0 47.0
v 79.0 129.0 46.51992416381836
v 78.47811889648438 129.0 76.0
v 79.0 129.0 76.50092315673828
v 79.0 129.4283905029297 44.0
v 79.0 129.50100708007812 47.0
v 79.0 130.0 47.4581413269043
v 78.49911499023438 130.0 76.0
v 79.0 130.0 76.5
v 78.50092315673828 131.0 48.0
v 79.0 131.0 47.54285430908203
v 78.49996185302734 131.0 76.0
v 79.0 131.0 76.5
v 79.0 131.47715759277344 48.0
v 79.0 132.0 48.50092315673828
v 78.52184295654297 132.0 76.0
v 79.0 132.0 76.47815704345703
v 79.0 132.5 49.0
v 79.0 133.0 49.499080657958984
v 79.0 132.50205993652344 76.0
v 79.0 133.0 75.54389953613281
v 79.0 133.52288818359375 50.0
v 79.0 134.0 50.456302642822266
v 78.47724151611328 134.0 75.0
v 79.0 134.0 75.5238037109375
v 79.0 135.0 50.521080017089844
v 78.479736328125 135.0 75.0
v 79.0 134.52293395996094 76.0
v 78.56720733642578 135.0 76.0
v 79.0 135.0 76.45423126220703
v 79.0 135.4990692138672 51.0
v 79.0 136.0 51.5
v 78.4981918334961 136.0 75.0
v 79.0 136.0 75.52284240722656
v 79.0 135.4769744873047 76.0
v 79.0 136.5 52.0
v 79.0 137.0 52.52201461791992
v 78.52610778808594 137.0 54.0
v 79.0 136.5694122314453 54.0
v 79.0 137.0 53.52513885498047
v 78.56825256347656 137.0 55.0
v 79.0 136.57151794433594 55.0
v 79.0 137.0 55.43018341064453
v 78.52276611328125 137.0 75.0
v 79.0 137.0 75.47723388671875
v 79.0 137.456298828125 53.0
v 78.45315551757812 138.0 55.0
v 79.0 138.0 55.54780197143555
v 79.0 137.54574584960938 57.0
v 79.0 138.0 56.47692108154297
v 79.0 138.0 57.45594024658203
v 78.57047271728516 138.0 60.0
v 79.0 137.5704803466797 60.0
v 79.0 138.0 59.54994201660156
v 79.0 138.0 60.45005416870117
v 78.50004577636719 138.0 74.0
v 79.0 138.0 74.5
v 79.0 137.49807739257812 75.0
v 79.0 138.43067932128906 56.0
v 79.0 139.0 57.52116012573242
v 78.54481506347656 139.0 59.0
v 79.0 138.52574157714844 59.0
v 79.0 139.0 58.52204895019531
v 78.50189208984375 139.0 60.0
v 79.0 139.0 60.49995803833008
v 78.45626068115234 139.0 72.0
v 78.5 139.0 73.0
v 79.0 139.0 73.52188873291016
v 79.0 138.50192260742188 74.0
v 79.0 140.0 57.5696907043457
v 78.47622680664062 140.0 59.0
v 79.0 140.0 58.45009231567383
v 79.0 140.0 60.566654205322266
v 78.49995422363281 140.0 61.0
v 78.47527313232422 140.0 68.0
v 78.47891998291016 140.0 69.0
v 78.47807312011719 140.0 70.0
v 78.47984313964844 140.0 71.0
v 78.52015686035156 140.0 72.0
v 78.54473876953125 140.0 73.0
v 79.0 140.0 73.47522735595703
v 79.0 140.4294891357422 58.0
v 79.0 140.45144653320312 61.0
v 78.5019760131836 141.0 62.0
v 79.0 141.0 61.5256462097168
v 78.45124053955078 141.0 63.0
v 78.4751968383789 141.0 67.0
v 79.0 141.0 67.5248031616211
v 79.0 140.5464630126953 68.0
v 78.5447006225586 141.0 69.0
v 79.0 141.0 68.47908020019531
v 78.52197265625 141.0 70.0
v 78.54373931884766 141.0 71.0
v 79.0 141.0 71.49895477294922
v 79.0 140.52096557617188 72.0
v 79.0 140.47523498535156 73.0
v 79.0 141.45606994628906 62.0
v 79.0 141.52175903320312 63.0
v 78.52288818359375 142.0 64.0
v 79.0 142.0 63.502010345458984
v 78.50089263916016 142.0 65.0
v 78.52288818359375 142.0 66.0
v 79.0 142.0 66.49703216552734
v 79.0 141.4999542236328 67.0
v 79.0 141.4561004638672 69.0
v 79.0 141.49810791015625 70.0
v 79.0 141.4761962890625 71.0
v 79.0 142.4562530517578 64.0
v 79.0 142.4780731201172 65.0
v 79.0 142.4562530517578 66.0
v 79.50004577636719 101.0 48.0
v 80.0 101.0 47.499080657958984
v 80.0 100.54270935058594 48.0
v 80.0 100.5008544921875 49.0
v 80.0 100.5 50.0
v 80.0 100.5 51.0
v 80.0 100.5 52.0
v 80.0 100.5 53.0
v 80.0 100.5008544921875 54.0
v 80.0 100.52101135253906 55.0
v 79.47807312011719 101.0 55.0
v 80.0 100.543701171875 56.0
v 79.52197265625 101.0 56.0
v 80.0 101.0 56.49898910522461
v 79.5009994506836 102.0 46.0
v 80.0 102.0 45.50095748901367
v 80.0 101.52180480957031 46.0
v 80.0 101.45714569091797 47.0
v 80.0 101.45814514160156 57.0
v 80.0 101.54285430908203 58.0
v 79.50096893310547 102.0 58.0
v 80.0 102.0 58.47715377807617
v 79.5 103.0 45.0
v 80.0 103.0 44.50004196166992
v 80.0 102.5 45.0
v 80.0 102.50092315673828 59.0
v 80.0 103.0 59.49995803833008
v 79.5227279663086 104.0 44.0
v 80.0 104.0 43.52188491821289
v 80.0 103.50196075439453 44.0
v 80.0 103.5 60.0
v 80.0 104.0 60.500038146972656
v 79.52381134033203 105.0 42.0
v 80.0 105.0 41.503013610839844
v 80.0 104.54374694824219 42.0
v 80.0 104.50088500976562 43.0
v 79.49996185302734 105.0 43.0
v 79.45421600341797 105.0 44.0
v 80.0 104.49907684326172 61.0
v 80.0 105.0 61.52284240722656
v 79.54755401611328 106.0 41.0
v 80.0 106.0 40.56725311279297
v 80.0 105.52598571777344 41.0
v 80.0 105.4571533203125 62.0
v 80.0 105.54385375976562 63.0
v 79.5039291381836 106.0 63.0
v 80.0 106.0 63.45614242553711
v 80.0 106.49995422363281 41.0
v 80.0 107.0 41.43279266357422
v 80.0 107.0 63.54289245605469
v 79.49899291992188 108.0 41.0
v 80.0 108.0 40.521724700927734
v 80.0 107.47505950927734 41.0
v 80.0 107.47623443603516 64.0
v 80.0 108.0 64.54773712158203
v 80.0 108.0 65.50106811523438
v 80.0 107.56937408447266 66.0
v 80.0 108.0 66.4322509765625
v 79.52180480957031 109.0 40.0
v 80.0 109.0 39.50104522705078
v 80.0 108.5226821899414 40.0
v 80.0 108.43167114257812 65.0
v 79.47697448730469 109.0 67.0
v 80.0 109.0 66.54204559326172
v 80.0 110.0 38.52286148071289
v 80.0 109.48193359375 39.0
v 79.43254852294922 110.0 40.0
v 80.0 109.47623443603516 67.0
v 79.47702026367188 110.0 68.0
v 80.0 110.0 67.5228042602539
v 79.50204467773438 111.0 39.0
v 80.0 111.0 38.542755126953125
v 80.0 110.4771957397461 68.0
v 79.47596740722656 111.0 69.0
v 80.0 111.0 68.5228042602539
v 80.0 111.49995422363281 39.0
v 80.0 112.0 39.45729064941406
v 80.0 111.4771957397461 69.0
v 80.0 112.0 69.5228042602539
v 80.0 113.0 39.498291015625
v 80.0 112.4771957397461 70.0
v 80.0 113.0 70.5228042602539
v 80.0 114.0 39.500919342041016
v 80.0 113.4771957397461 71.0
v 80.0 114.0 71.52472686767578
v 80.0 114.54683685302734 40.0
v 80.0 115.0 40.43162536621094
v 80.0 114.45610809326172 72.0
v 80.0 114.52180480957031 73.0
v 79.5009994506836 115.0 73.0
v 80.0 115.0 73.4990463256836
v 79.52188110351562 116.0 40.0
v 80.0 116.0 39.52275848388672
v 80.0 115.47486114501953 40.0
v 80.0 115.50191497802734 74.0
v 79.5228042602539 116.0 74.0
v 80.0 116.0 74.4771957397461
v 79.47815704345703 117.0 40.0
v 80.0 117.0 39.500003814697266
v 79.47523498535156 117.0 74.0
v 80.0 117.0 74.5238037109375
v 80.0 118.0 39.500003814697266
v 80.0 117.47631072998047 75.0
v 80.0 118.0 75.521728515625
v 80.0 119.0 39.52016067504883
v 80.0 118.50192260742188 76.0
v 79.52284240722656 119.0 76.0
v 80.0 119.0 76.45714569091797
v 80.0 119.5229721069336 40.0
v 80.0 120.0 40.45529556274414
v 79.47815704345703 120.0 76.0
v 80.0 120.0 76.5
v 80.0 121.0 40.5
v 80.0 121.0 76.54285430908203
v 79.52297973632812 122.0 41.0
v 80.0 122.0 40.56717300415039
v 80.0 121.50004577636719 77.0
v 79.52288818359375 122.0 77.0
v 80.0 122.0 77.456298828125
v 80.0 122.4533920288086 41.0
v 80.0 123.0 41.500919342041016
v 79.50096893310547 123.0 77.0
v 80.0 123.0 77.47807312011719
v 80.0 123.52180480957031 42.0
v 79.47490692138672 124.0 42.0
v 80.0 124.0 42.47724151611328
v 79.50096893310547 124.0 77.0
v 80.0 124.0 77.47807312011719
v 80.0 124.52381134033203 43.0
v 80.0 125.0 43.45625686645508
v 79.52284240722656 125.0 77.0
v 80.0 125.0 77.4571533203125
v 80.0 126.0 43.52015686035156
v 80.0 125.52413177490234 77.0
v 80.0 126.0 76.56829071044922
v 80.0 126.52192687988281 44.0
v 79.5008773803711 127.0 44.0
v 80.0 127.0 44.47624206542969
v 80.0 126.47486877441406 77.0
v 79.52091979980469 127.0 77.0
v 80.0 127.0 77.47815704345703
v 79.49539947509766 128.0 44.0
v 80.0 127.52476501464844 45.0
v 79.52373504638672 128.0 45.0
v 80.0 128.0 45.47614669799805
v 79.49907684326172 128.0 77.0
v 80.0 128.0 77.5
v 80.0 129.0 43.59779357910156
v 80.0 128.5767059326172 44.0
v 80.0 129.0 44.403839111328125
v 80.0 128.50181579589844 46.0
v 80.0 129.0 46.479740142822266
v 79.49996185302734 129.0 77.0
v 80.0 129.0 77.5
v 80.0 129.4021759033203 44.0
v 79.52403259277344 130.0 47.0
v 80.0 130.0 46.56725311279297
v 79.50003814697266 130.0 77.0
v 80.0 130.0 77.49907684326172
v 80.0 130.4524383544922 47.0
v 80.0 131.0 47.523681640625
v 79.50092315673828 131.0 77.0
v 80.0 131.0 77.47891998291016
v 80.0 131.4780731201172 48.0
v 80.0 132.0 48.50092315673828
v 79.50184631347656 132.0 77.0
v 80.0 132.0 77.4788818359375
v 80.0 132.50083923339844 49.0
v 80.0 133.0 49.47977828979492
v 79.4552993774414 133.0 76.0
v 79.5211181640625 133.0 77.0
v 80.0 133.0 77.49815368652344
v 79.52297973632812 134.0 50.0
v 80.0 134.0 49.56720733642578
v 79.45626068115234 134.0 76.0
v 79.52015686035156 134.0 77.0
v 80.0 134.0 77.52091979980469
v 80.0 134.45339965820312 50.0
v 80.0 135.0 50.500919342041016
v 79.48161315917969 135.0 77.0
v 80.0 134.52517700195312 78.0
v 79.56834411621094 135.0 78.0
v 80.0 135.0 78.43165588378906
v 80.0 135.52175903320312 51.0
v 80.0 136.0 51.47908020019531
v 79.45718383789062 136.0 76.0
v 79.54286193847656 136.0 77.0
v 80.0 136.0 77.49699401855469
v 80.0 135.47286987304688 78.0
v 80.0 136.4990692138672 52.0
v 80.0 137.0 52.52583694458008
v 79.4768295288086 137.0 54.0
v 79.47367858886719 137.0 55.0
v 79.52372741699219 137.0 76.0
v 80.0 137.0 76.47623443603516
v 80.0 136.4762420654297 77.0
v 80.0 137.4532928466797 53.0
v 80.0 137.4542999267578 54.0
v 80.0 137.45611572265625 55.0
v 80.0 137.4972381591797 56.0
v 79.45121765136719 138.0 56.0
v 80.0 137.50277709960938 57.0
v 80.0 138.0 57.478919982910156
v 80.0 137.54574584960938 60.0
v 80.0 138.0 59.52482986450195
v 79.5499496459961 138.0 61.0
v 80.0 137.5704803466797 61.0
v 80.0 138.0 61.429527282714844
v 79.5009536743164 138.0 75.0
v 80.0 138.0 75.47819519042969
v 80.0 137.4762725830078 76.0
v 80.0 139.0 57.56852340698242
v 80.0 138.50003051757812 59.0
v 80.0 139.0 58.45210647583008
v 79.50096893310547 139.0 61.0
v 80.0 139.0 61.477108001708984
v 79.4771957397461 139.0 74.0
v 80.0 139.0 74.52275848388672
v 80.0 138.50091552734375 75.0
v 80.0 139.44935607910156 58.0
v 79.4482421875 140.0 58.0
v 79.45409393310547 140.0 61.0
v 80.0 140.0 61.4798469543457
v 79.5228042602539 140.0 74.0
v 80.0 140.0 74.4771957397461
v 80.0 141.0 61.54294204711914
v 79.4544448852539 141.0 68.0
v 79.47727966308594 141.0 72.0
v 79.52376556396484 141.0 73.0
v 80.0 141.0 73.49707794189453
v 80.0 140.498046875 74.0
v 80.0 141.47531127929688 62.0
v 79.52498626708984 142.0 63.0
v 80.0 142.0 62.54755783081055
v 79.52593994140625 142.0 67.0
v 80.0 142.0 67.45426177978516
v 80.0 141.50091552734375 68.0
v 80.0 141.54190063476562 69.0
v 79.52188110351562 142.0 70.0
v 80.0 142.0 69.49995422363281
v 79.5228042602539 142.0 71.0
v 80.0 142.0 71.49903869628906
v 80.0 141.5218048095703 72.0
v 80.0 141.4571075439453 73.0
v 80.0 142.4327392578125 63.0
v 80.0 142.498291015625 64.0
v 80.0 142.5 65.0
v 80.0 142.498291015625 66.0
v 80.0 142.4327392578125 67.0
v 80.0 142.49903869628906 70.0
v 80.0 142.47898864746094 71.0
v 79.59744262695312 144.0 70.0
v 80.0 144.0 69.59663391113281
v 80.0 143.55494689941406 70.0
v 80.0 144.0 70.42271423339844
v 80.0 144.4033660888672 70.0
v 80.5477066040039 101.0 46.0
v 81.0 101.0 45.54947280883789
v 81.0 100.56753540039062 46.0
v 81.0 100.50092315673828 47.0
v 80.47807312011719 101.0 47.0
v 81.0 100.47891998291016 48.0
v 81.0 100.47807312011719 49.0
v 81.0 100.47807312011719 50.0
v 81.0 100.47807312011719 51.0
v 81.0 100.47898864746094 52.0
v 81.0 100.4991455078125 53.0
v 81.0 100.5 54.0
v 81.0 100.5008544921875 55.0
v 81.0 100.52193450927734 56.0
v 81.0 100.56832885742188 57.0
v 80.52508544921875 101.0 57.0
v 81.0 101.0 57.451393127441406
v 80.52484893798828 102.0 45.0
v 81.0 102.0 44.5465087890625
v 81.0 101.54737091064453 45.0
v 81.0 101.523681640625 58.0
v 81.0 102.0 58.47807312011719
v 80.50296020507812 103.0 44.0
v 81.0 103.0 43.542938232421875
v 81.0 102.5246810913086 44.0
v 81.0 102.50092315673828 59.0
v 81.0 103.0 59.499961853027344
v 81.0 104.0 43.456146240234375
v 81.0 103.5 60.0
v 81.0 104.0 60.50088882446289
v 80.52815246582031 105.0 41.0
v 81.0 105.0 40.56938934326172
v 81.0 104.56941986083984 41.0
v 81.0 104.52108001708984 42.0
v 81.0 104.45614624023438 43.0
v 81.0 104.47977447509766 61.0
v 81.0 104.56725311279297 62.0
v 80.5230712890625 105.0 62.0
v 81.0 105.0 62.45244598388672
v 81.0 106.0 40.50260543823242
v 81.0 105.52376556396484 63.0
v 81.0 106.0 63.47623825073242
v 80.45426940917969 107.0 41.0
v 81.0 107.0 40.51924133300781
v 81.0 106.54646301269531 64.0
v 80.52192687988281 107.0 64.0
v 81.0 107.0 64.45357513427734
v 81.0 108.0 40.456146240234375
v 81.0 107.5226821899414 65.0
v 80.4739990234375 108.0 65.0
v 80.47284698486328 108.0 66.0
v 81.0 108.0 65.49991607666016
v 80.50305938720703 109.0 39.0
v 81.0 109.0 38.54470443725586
v 81.0 108.54389953613281 39.0
v 81.0 108.45614624023438 40.0
v 81.0 108.47915649414062 66.0
v 81.0 109.0 66.50092315673828
v 81.0 110.0 38.5008544921875
v 81.0 109.49903869628906 67.0
v 81.0 110.0 67.52188110351562
v 81.0 111.0 38.5008544921875
v 81.0 110.47724151611328 68.0
v 81.0 111.0 68.52376556396484
v 80.5 112.0 39.0
v 81.0 112.0 38.54270935058594
v 81.0 111.45709991455078 69.0
v 81.0 111.54190063476562 70.0
v 80.5 112.0 70.0
v 81.0 112.0 70.49800109863281
v 81.0 112.52394104003906 39.0
v 81.0 113.0 39.43279266357422
v 81.0 112.50104522705078 71.0
v 80.49903869628906 113.0 71.0
v 81.0 113.0 71.47911071777344
v 80.54664611816406 114.0 39.0
v 81.0 114.0 38.5672492980957
v 81.0 113.50004577636719 39.0
v 81.0 113.49996185302734 72.0
v 80.47618865966797 114.0 72.0
v 81.0 113.54374694824219 73.0
v 80.52376556396484 114.0 73.0
v 81.0 114.0 73.49703216552734
v 81.0 114.49889373779297 39.0
v 80.45047760009766 115.0 40.0
v 81.0 115.0 39.452674865722656
v 81.0 114.50004577636719 74.0
v 80.5 115.0 74.0
v 81.0 115.0 74.49995422363281
v 80.52381134033203 116.0 39.0
v 81.0 116.0 38.54374313354492
v 81.0 115.47811889648438 39.0
v 81.0 115.50292205810547 75.0
v 80.52376556396484 116.0 75.0
v 81.0 116.0 75.45710754394531
v 80.52381896972656 117.0 39.0
v 81.0 117.0 38.544700622558594
v 80.47627258300781 117.0 75.0
v 81.0 117.0 75.52180480957031
v 81.0 117.47710418701172 39.0
v 81.0 118.0 39.47898864746094
v 81.0 117.5 76.0
v 80.50004577636719 118.0 76.0
v 81.0 118.0 76.47819519042969
v 81.0 119.0 39.48075866699219
v 81.0 119.0 76.54285430908203
v 80.56990051269531 120.0 39.0
v 81.0 120.0 38.57155990600586
v 81.0 119.55005645751953 39.0
v 80.47706604003906 120.0 40.0
v 81.0 119.50004577636719 77.0
v 80.5228500366211 120.0 77.0
v 81.0 120.0 77.456298828125
v 80.59778594970703 121.0 39.0
v 81.0 121.0 38.59782409667969
v 81.0 121.0 39.4448127746582
v 81.0 120.52092742919922 40.0
v 81.0 121.0 40.478153228759766
v 80.47807312011719 121.0 77.0
v 81.0 121.0 77.47984313964844
v 81.0 121.40140533447266 39.0
v 81.0 121.5228500366211 41.0
v 80.47702026367188 122.0 41.0
v 81.0 122.0 41.456298828125
v 81.0 122.0 77.52015686035156
v 81.0 123.0 41.52107620239258
v 81.0 123.0 77.52192687988281
v 81.0 123.5 42.0
v 81.0 124.0 42.478919982910156
v 81.0 124.0 77.52192687988281
v 80.49995422363281 125.0 43.0
v 81.0 125.0 42.543701171875
v 81.0 125.0 77.54289245605469
v 81.0 125.47711181640625 43.0
v 81.0 126.0 43.50096130371094
v 80.43250274658203 126.0 77.0
v 81.0 125.49995422363281 78.0
v 80.54204559326172 126.0 78.0
v 81.0 126.0 78.47628021240234
v 81.0 126.49903869628906 44.0
v 81.0 127.0 44.5218391418457
v 80.50092315673828 127.0 78.0
v 81.0 127.0 78.49996185302734
v 81.0 127.47819519042969 45.0
v 81.0 128.0 45.50088119506836
v 80.50003814697266 128.0 78.0
v 81.0 128.0 78.49907684326172
v 80.40139770507812 129.0 44.0
v 81.0 128.5 46.0
v 81.0 129.0 46.499080657958984
v 80.50092315673828 129.0 78.0
v 81.0 129.0 78.47891998291016
v 81.0 129.52188110351562 47.0
v 80.47596740722656 130.0 47.0
v 81.0 130.0 47.47724151611328
v 80.52384948730469 130.0 78.0
v 81.0 130.0 78.45530700683594
v 80.50096130371094 131.0 48.0
v 81.0 130.5237579345703 48.0
v 81.0 131.0 48.45710372924805
v 81.0 130.47711181640625 78.0
v 81.0 131.0 77.52101135253906
v 81.0 132.0 48.542850494384766
v 81.0 132.0 77.52009582519531
v 81.0 132.47718811035156 49.0
v 81.0 133.0 49.5
v 81.0 132.5478057861328 78.0
v 80.54788208007812 133.0 78.0
v 81.0 133.0 78.43063354492188
v 81.0 133.52279663085938 50.0
v 80.47697448730469 134.0 50.0
v 81.0 134.0 50.457149505615234
v 80.50202178955078 134.0 78.0
v 81.0 134.0 78.4552993774414
v 81.0 135.0 50.5211181640625
v 81.0 135.0 78.4762191772461
v 80.52731323242188 136.0 51.0
v 81.0 136.0 50.570472717285156
v 80.54479217529297 136.0 53.0
v 81.0 135.5457000732422 53.0
v 81.0 136.0 52.50101852416992
v 80.56776428222656 136.0 54.0
v 81.0 135.56942749023438 54.0
v 81.0 136.0 54.45111846923828
v 80.5281982421875 136.0 78.0
v 81.0 136.0 78.43058013916016
v 81.0 136.4295196533203 51.0
v 81.0 136.45611572265625 52.0
v 80.45420837402344 137.0 53.0
v 80.45679473876953 137.0 54.0
v 81.0 136.5027618408203 55.0
v 80.47798919677734 137.0 55.0
v 80.52201843261719 137.0 56.0
v 81.0 136.54469299316406 56.0
v 80.549072265625 137.0 57.0
v 81.0 136.5705108642578 57.0
v 81.0 137.0 57.4295654296875
v 81.0 136.5202178955078 77.0
v 81.0 137.0 76.5018081665039
v 81.0 136.4306182861328 78.0
v 81.0 138.0 57.52019119262695
v 80.47608947753906 138.0 60.0
v 80.45100402832031 138.0 61.0
v 81.0 137.5238037109375 76.0
v 81.0 138.0 75.5438461303711
v 81.0 138.49728393554688 58.0
v 80.45115661621094 139.0 58.0
v 81.0 138.5 59.0
v 81.0 138.47898864746094 60.0
v 81.0 138.5009307861328 61.0
v 81.0 139.0 61.49907684326172
v 80.47815704345703 139.0 75.0
v 81.0 139.0 75.5
v 81.0 140.0 61.543697357177734
v 80.52376556396484 140.0 75.0
v 81.0 140.0 75.45710754394531
v 81.0 140.49803161621094 62.0
v 80.49799346923828 141.0 62.0
v 81.0 141.0 62.47823715209961
v 80.50196075439453 141.0 74.0
v 81.0 141.0 74.49800109863281
v 81.0 140.49703979492188 75.0
v 80.47596740722656 142.0 63.0
v 81.0 141.52272033691406 63.0
v 81.0 142.0 63.47996139526367
v 80.47601318359375 142.0 67.0
v 81.0 141.54270935058594 67.0
v 81.0 142.0 66.49903869628906
v 81.0 141.5219268798828 68.0
v 80.49995422363281 142.0 69.0
v 81.0 142.0 68.52003479003906
v 80.4990005493164 142.0 72.0
v 81.0 142.0 72.50196075439453
v 81.0 141.54190063476562 73.0
v 81.0 141.45809936523438 74.0
v 81.0 142.4780731201172 64.0
v 81.0 142.47898864746094 65.0
v 81.0 142.456298828125 66.0
v 81.0 142.4781951904297 69.0
v 80.47915649414062 143.0 70.0
v 81.0 143.0 69.5
v 80.49908447265625 143.0 71.0
v 81.0 143.0 71.52191925048828
v 81.0 142.501953125 72.0
v 81.0 144.0 69.52378845214844
v 80.52471923828125 144.0 71.0
v 81.0 144.0 71.47618865966797
v 81.0 144.49624633789062 70.0
v 81.0 144.47622680664062 71.0
v 81.52486419677734 100.0 47.0
v 82.0 100.0 46.54486083984375
v 82.0 99.54570007324219 47.0
v 82.0 99.52192687988281 48.0
v 81.50003814697266 100.0 48.0
v 82.0 99.52192687988281 49.0
v 81.5 100.0 49.0
v 82.0 99.52192687988281 50.0
v 81.5 100.0 50.0
v 82.0 99.52193450927734 51.0
v 81.5 100.0 51.0
v 82.0 99.543701171875 52.0
v 81.52192687988281 100.0 52.0
v 82.0 100.0 52.4990348815918
v 81.47595977783203 101.0 46.0
v 82.0 101.0 46.45709991455078
v 82.0 100.45729064941406 53.0
v 82.0 100.4991455078125 54.0
v 82.0 100.52009582519531 55.0
v 81.54605102539062 101.0 56.0
v 82.0 101.0 55.54780197143555
v 81.4749526977539 101.0 57.0
v 81.50105285644531 102.0 45.0
v 82.0 102.0 45.45244598388672
v 82.0 101.4753189086914 46.0
v 82.0 101.43063354492188 56.0
v 82.0 101.476318359375 57.0
v 81.52403259277344 102.0 58.0
v 82.0 102.0 57.547603607177734
v 82.0 103.0 43.501808166503906
v 82.0 102.520263671875 44.0
v 82.0 102.43274688720703 45.0
v 82.0 102.43270111083984 58.0
v 82.0 102.51930236816406 59.0
v 82.0 103.0 59.52100372314453
v 81.49894714355469 104.0 43.0
v 82.0 104.0 42.54196548461914
v 82.0 103.5228042602539 43.0
v 82.0 103.47724151611328 60.0
v 82.0 104.0 60.52284622192383
v 81.4529037475586 105.0 41.0
v 81.54613494873047 105.0 42.0
v 82.0 105.0 42.431453704833984
v 82.0 104.47628021240234 61.0
v 81.49894714355469 105.0 62.0
v 82.0 105.0 61.5465087890625
v 82.0 106.0 40.52189254760742
v 82.0 105.50096130371094 41.0
v 82.0 105.43062591552734 42.0
v 82.0 105.45262908935547 62.0
v 81.52289581298828 106.0 63.0
v 82.0 106.0 62.547420501708984
v 82.0 107.0 40.4789924621582
v 82.0 106.45257568359375 63.0
v 81.50110626220703 107.0 64.0
v 82.0 107.0 63.54841995239258
v 81.4980239868164 108.0 40.0
v 82.0 108.0 39.522762298583984
v 82.0 107.52092742919922 40.0
v 82.0 107.43354034423828 64.0
v 82.0 107.54204559326172 65.0
v 82.0 108.0 65.47628021240234
v 82.0 109.0 38.54374694824219
v 82.0 108.52381134033203 39.0
v 82.0 108.52275848388672 66.0
v 82.0 109.0 66.47899627685547
v 82.0 110.0 38.5008544921875
v 82.0 109.48069763183594 67.0
v 82.0 109.56725311279297 68.0
v 81.52403259277344 110.0 68.0
v 82.0 110.0 68.45244598388672
v 82.0 111.0 38.5
v 82.0 110.523681640625 69.0
v 81.49903106689453 111.0 69.0
v 82.0 111.0 69.47895812988281
v 82.0 112.0 38.5008544921875
v 82.0 111.48069763183594 70.0
v 82.0 111.56834411621094 71.0
v 81.52709197998047 112.0 71.0
v 82.0 112.0 71.4316635131836
v 81.45430755615234 113.0 39.0
v 82.0 113.0 38.52009582519531
v 82.0 113.0 71.52114868164062
v 82.0 114.0 38.50257110595703
v 82.0 113.47803497314453 72.0
v 82.0 113.52192687988281 73.0
v 82.0 113.56832885742188 74.0
v 81.5270004272461 114.0 74.0
v 82.0 114.0 74.4513931274414
v 81.47615814208984 115.0 39.0
v 82.0 115.0 38.54172134399414
v 82.0 114.5246810913086 75.0
v 81.50296020507812 115.0 75.0
v 82.0 115.0 75.45706176757812
v 82.0 116.0 38.50257110595703
v 82.0 116.0 75.54190063476562
v 82.0 117.0 38.5427131652832
v 82.0 116.49803924560547 76.0
v 81.4990005493164 117.0 76.0
v 82.0 117.0 76.5
v 82.0 117.49999237060547 39.0
v 82.0 118.0 39.45729064941406
v 82.0 117.50296020507812 77.0
v 81.52376556396484 118.0 77.0
v 82.0 118.0 77.45625305175781
v 82.0 119.0 39.498291015625
v 81.47807312011719 119.0 77.0
v 82.0 119.0 77.47984313964844
v 81.44994354248047 120.0 39.0
v 82.0 120.0 39.500003814697266
v 82.0 120.0 77.52015686035156
v 81.40380096435547 121.0 39.0
v 82.0 120.5228500366211 40.0
v 82.0 121.0 40.476234436035156
v 82.0 121.0 77.543701171875
v 82.0 121.52381134033203 41.0
v 82.0 122.0 41.45625686645508
v 82.0 121.5 78.0
v 81.52196502685547 122.0 78.0
v 82.0 122.0 78.456298828125
v 82.0 123.0 41.52107620239258
v 81.5 123.0 78.0
v 82.0 123.0 78.47806549072266
v 82.0 123.50003814697266 42.0
v 82.0 124.0 42.47807312011719
v 81.49996185302734 124.0 78.0
v 82.0 124.0 78.47892761230469
v 82.0 125.0 42.52193069458008
v 81.47627258300781 125.0 78.0
v 82.0 125.0 78.52176666259766
v 82.0 125.49903106689453 43.0
v 82.0 126.0 43.50092315673828
v 82.0 125.50200653076172 79.0
v 81.52381134033203 126.0 79.0
v 82.0 126.0 79.45625305175781
v 82.0 126.47891998291016 44.0
v 81.5020980834961 127.0 45.0
v 82.0 126.54474639892578 45.0
v 82.0 127.0 45.455257415771484
v 81.50096893310547 127.0 79.0
v 82.0 127.0 79.47806549072266
v 82.0 128.0 45.521080017089844
v 81.52288818359375 128.0 79.0
v 82.0 128.0 79.456298828125
v 82.0 128.4990692138672 46.0
v 82.0 129.0 46.500003814697266
v 82.0 128.49903869628906 79.0
v 82.0 129.0 78.54270935058594
v 82.0 129.5 47.0
v 82.0 130.0 47.5
v 82.0 130.0 78.47984313964844
v 82.0 130.5000457763672 48.0
v 82.0 131.0 48.49907684326172
v 82.0 130.52293395996094 78.0
v 82.0 131.0 77.54469299316406
v 82.0 131.52284240722656 49.0
v 81.5 132.0 49.0
v 82.0 132.0 49.457149505615234
v 82.0 132.0 77.52193450927734
v 82.0 133.0 49.542850494384766
v 81.45394897460938 133.0 78.0
v 82.0 133.0 77.52192687988281
v 82.0 133.47718811035156 50.0
v 82.0 134.0 50.5
v 81.47798919677734 134.0 78.0
v 82.0 134.0 77.52192687988281
v 82.0 134.52284240722656 51.0
v 81.52104187011719 135.0 51.0
v 82.0 135.0 51.476234436035156
v 81.49821472167969 135.0 78.0
v 82.0 135.0 77.52192687988281
v 81.43194580078125 136.0 51.0
v 82.0 135.52276611328125 52.0
v 81.49803161621094 136.0 52.0
v 82.0 135.54469299316406 53.0
v 81.47380065917969 136.0 54.0
v 82.0 136.0 53.498023986816406
v 81.45206451416016 136.0 78.0
v 82.0 136.0 77.5
v 82.0 136.45814514160156 54.0
v 82.0 136.5418701171875 55.0
v 81.49898529052734 137.0 56.0
v 82.0 137.0 55.50095748901367
v 81.4500961303711 137.0 57.0
v 82.0 136.52381896972656 77.0
v 82.0 137.0 76.54389190673828
v 82.0 137.4571533203125 56.0
v 82.0 137.52279663085938 57.0
v 82.0 138.0 57.47819137573242
v 81.47622680664062 138.0 76.0
v 82.0 138.0 76.5
v 82.0 138.49903869628906 58.0
v 82.0 138.501708984375 59.0
v 82.0 138.5200958251953 60.0
v 82.0 138.50173950195312 61.0
v 81.52385711669922 139.0 62.0
v 82.0 138.54466247558594 62.0
v 82.0 139.0 62.475189208984375
v 81.5228042602539 139.0 76.0
v 82.0 139.0 76.45714569091797
v 81.47711181640625 140.0 62.0
v 82.0 140.0 62.500919342041016
v 82.0 139.49903869628906 76.0
v 82.0 140.0 75.54185485839844
v 82.0 141.0 62.54389190673828
v 81.5039291381836 141.0 75.0
v 82.0 141.0 75.45614624023438
v 82.0 141.4752655029297 63.0
v 82.0 142.0 63.547786712646484
v 81.52096557617188 142.0 65.0
v 82.0 141.523681640625 65.0
v 82.0 142.0 64.47490692138672
v 81.47891998291016 142.0 66.0
v 82.0 141.52108764648438 66.0
v 82.0 141.5219268798828 67.0
v 82.0 141.54469299316406 68.0
v 82.0 142.0 68.47615051269531
v 81.49803924560547 142.0 73.0
v 82.0 142.0 73.50196075439453
v 82.0 141.54190063476562 74.0
v 82.0 141.45614624023438 75.0
v 82.0 142.43162536621094 64.0
v 82.0 142.50189208984375 69.0
v 82.0 143.0 69.47803497314453
v 81.4771957397461 143.0 72.0
v 82.0 143.0 72.5228042602539
v 82.0 142.501953125 73.0
v 82.0 144.0 69.50089263916016
v 81.5228042602539 144.0 72.0
v 82.0 144.0 72.4771957397461
v 81.52393341064453 145.0 70.0
v 82.0 145.0 69.54386138916016
v 81.52372741699219 145.0 71.0
v 82.0 145.0 71.49707794189453
v 82.0 144.498046875 72.0
v 82.0 145.4752197265625 70.0
v 82.0 145.4571075439453 71.0
v 83.0 100.0 46.54385757446289
v 83.0 99.54386138916016 47.0
v 83.0 99.47984313964844 48.0
v 83.0 99.47898864746094 49.0
v 83.0 99.4991455078125 50.0
v 83.0 99.5 51.0
v 83.0 99.5008544921875 52.0
v 83.0 99.54270935058594 53.0
v 82.5 100.0 53.0
v 83.0 100.0 53.499996185302734
v 83.0 101.0 46.45614242553711
v 83.0 100.45729064941406 54.0
v 83.0 100.5 55.0
v 83.0 100.52101135253906 56.0
v 82.45307159423828 101.0 56.0
v 83.0 100.54473876953125 57.0
v 82.50196838378906 101.0 57.0
v 83.0 101.0 57.47526931762695
v 82.4769287109375 102.0 45.0
v 83.0 102.0 44.52284240722656
v 83.0 101.5428466796875 45.0
v 83.0 101.45614624023438 46.0
v 83.0 101.52176666259766 58.0
v 82.47496795654297 102.0 58.0
v 83.0 102.0 58.50096130371094
v 83.0 103.0 43.500038146972656
v 83.0 102.50092315673828 44.0
v 83.0 102.45813751220703 59.0
v 83.0 102.54289245605469 60.0
v 82.50100708007812 103.0 60.0
v 83.0 103.0 60.47627258300781
v 83.0 104.0 42.50092315673828
v 83.0 103.50003814697266 43.0
v 83.0 103.52180480957031 61.0
v 82.4990005493164 104.0 61.0
v 83.0 104.0 61.499000549316406
v 82.47380828857422 105.0 42.0
v 83.0 105.0 41.5218391418457
v 83.0 104.52184295654297 42.0
v 83.0 104.50003814697266 62.0
v 82.47515106201172 105.0 62.0
v 83.0 105.0 62.5
v 83.0 106.0 40.52196502685547
v 83.0 105.50188446044922 41.0
v 83.0 105.5 63.0
v 82.47510528564453 106.0 63.0
v 83.0 106.0 63.499961853027344
v 83.0 107.0 40.47807312011719
v 83.0 106.50191497802734 64.0
v 82.47596740722656 107.0 64.0
v 83.0 107.0 64.45895385742188
v 83.0 108.0 39.521080017089844
v 83.0 107.49996185302734 40.0
v 83.0 108.0 64.56645965576172
v 82.5230712890625 108.0 65.0
v 82.49899291992188 109.0 39.0
v 83.0 109.0 39.45729064941406
v 83.0 108.45157623291016 65.0
v 82.52407836914062 109.0 66.0
v 83.0 109.0 65.54846954345703
v 83.0 110.0 38.54270935058594
v 83.0 109.5 39.0
v 83.0 109.43270111083984 66.0
v 83.0 109.51930236816406 67.0
v 82.47697448730469 110.0 68.0
v 83.0 110.0 67.52201080322266
v 83.0 111.0 38.5008544921875
v 83.0 110.456298828125 68.0
v 83.0 110.52108001708984 69.0
v 83.0 111.0 69.49911499023438
v 83.0 112.0 38.5008544921875
v 83.0 111.49907684326172 70.0
v 82.47486877441406 112.0 71.0
v 83.0 112.0 70.52188110351562
v 83.0 113.0 38.52101516723633
v 83.0 112.47724151611328 71.0
v 83.0 113.0 71.52284240722656
v 83.0 114.0 38.543701171875
v 83.0 113.47628021240234 72.0
v 82.54503631591797 114.0 73.0
v 83.0 114.0 72.5486068725586
v 82.45496368408203 114.0 74.0
v 83.0 114.52297973632812 39.0
v 82.52489471435547 115.0 39.0
v 83.0 115.0 39.432796478271484
v 83.0 114.43167114257812 73.0
v 83.0 114.47807312011719 74.0
v 83.0 114.5211181640625 75.0
v 83.0 115.0 75.49815368652344
v 83.0 116.0 38.567203521728516
v 83.0 115.5 39.0
v 83.0 115.52188110351562 76.0
v 82.49995422363281 116.0 76.0
v 83.0 116.0 76.47724151611328
v 83.0 116.49894714355469 39.0
v 82.52288055419922 117.0 39.0
v 83.0 117.0 39.43386459350586
v 83.0 116.52381134033203 77.0
v 82.50296020507812 117.0 77.0
v 83.0 117.0 77.45625305175781
v 83.0 117.52635955810547 39.0
v 82.54912567138672 118.0 39.0
v 83.0 118.0 38.5926628112793
v 83.0 118.0 77.5
v 83.0 118.45087432861328 39.0
v 83.0 119.0 39.45729064941406
v 83.0 119.0 77.54270935058594
v 83.0 120.0 39.47983932495117
v 83.0 119.50096130371094 78.0
v 82.52196502685547 120.0 78.0
v 83.0 120.0 78.456298828125
v 82.5 121.0 40.0
v 83.0 121.0 39.54289245605469
v 82.47803497314453 121.0 78.0
v 83.0 121.0 78.47984313964844
v 83.0 121.47623443603516 40.0
v 82.49894714355469 122.0 41.0
v 83.0 122.0 40.52275848388672
v 83.0 122.0 78.51924133300781
v 83.0 122.47811889648438 41.0
v 83.0 123.0 41.50092315673828
v 83.0 123.0 78.501708984375
v 83.0 123.50088500976562 42.0
v 83.0 124.0 42.47892379760742
v 83.0 124.0 78.54270935058594
v 83.0 125.0 42.543697357177734
v 83.0 124.5 79.0
v 82.5009994506836 125.0 79.0
v 83.0 125.0 79.45729064941406
v 83.0 125.47711181640625 43.0
v 83.0 126.0 43.50188446044922
v 83.0 126.0 79.4991455078125
v 83.0 126.47803497314453 44.0
v 83.0 126.52285766601562 45.0
v 83.0 127.0 45.47799301147461
v 83.0 127.0 79.5
v 83.0 128.0 45.544700622558594
v 83.0 128.0 79.4991455078125
v 83.0 128.47518920898438 46.0
v 83.0 129.0 46.52376174926758
v 82.5 129.0 79.0
v 83.0 129.0 79.45729064941406
v 83.0 129.47715759277344 47.0
v 83.0 130.0 47.50092315673828
v 83.0 129.50091552734375 79.0
v 83.0 130.0 78.54285430908203
v 83.0 130.4999542236328 48.0
v 83.0 131.0 48.5
v 82.47618865966797 131.0 78.0
v 83.0 131.0 78.5
v 83.0 131.5000457763672 49.0
v 83.0 132.0 49.49907684326172
v 82.52100372314453 132.0 78.0
v 83.0 132.0 78.45714569091797
v 83.0 132.52284240722656 50.0
v 82.5 133.0 50.0
v 83.0 133.0 50.457149505615234
v 83.0 132.5000457763672 78.0
v 83.0 133.0 77.543701171875
v 83.0 134.0 50.542850494384766
v 83.0 134.0 77.52193450927734
v 83.0 134.4780731201172 51.0
v 83.0 135.0 51.47987747192383
v 83.0 135.0 77.52193450927734
v 82.50298309326172 136.0 52.0
v 83.0 136.0 51.54566192626953
v 82.47622680664062 136.0 53.0
v 83.0 136.0 77.52015686035156
v 83.0 136.45510864257812 52.0
v 83.0 136.49908447265625 53.0
v 83.0 136.5210723876953 54.0
v 82.50096130371094 137.0 55.0
v 83.0 137.0 54.52104187011719
v 82.47706604003906 137.0 77.0
v 83.0 137.0 77.47984313964844
v 83.0 137.4571533203125 55.0
v 83.0 137.54086303710938 56.0
v 82.52179718017578 138.0 57.0
v 83.0 138.0 56.52279281616211
v 82.5228500366211 138.0 77.0
v 83.0 138.0 77.456298828125
v 83.0 138.4546661376953 57.0
v 82.54879760742188 139.0 58.0
v 83.0 139.0 57.5496711730957
v 83.0 139.0 58.47480392456055
v 83.0 138.543701171875 59.0
v 82.54674530029297 139.0 60.0
v 83.0 139.0 59.5240364074707
v 83.0 139.0 60.47500228881836
v 83.0 138.54270935058594 61.0
v 83.0 138.5017547607422 62.0
v 82.5257797241211 139.0 63.0
v 83.0 138.54566955566406 63.0
v 83.0 139.0 63.455101013183594
v 83.0 138.49899291992188 77.0
v 83.0 139.0 76.54186248779297
v 83.0 139.4305419921875 58.0
v 83.0 139.4317169189453 60.0
v 82.5 140.0 63.0
v 83.0 140.0 63.49995803833008
v 82.5 140.0 76.0
v 83.0 140.0 76.45813751220703
v 82.47526550292969 141.0 63.0
v 83.0 141.0 63.546688079833984
v 82.57366943359375 141.0 65.0
v 83.0 140.59310913085938 65.0
v 83.0 141.0 64.52648162841797
v 83.0 141.0 65.4263687133789
v 83.0 140.49903869628906 76.0
v 83.0 141.0 75.521728515625
v 82.45051574707031 142.0 64.0
v 83.0 141.4516143798828 64.0
v 83.0 141.52272033691406 66.0
v 82.52003479003906 142.0 67.0
v 83.0 142.0 66.50086975097656
v 82.47615051269531 142.0 68.0
v 82.49803924560547 142.0 74.0
v 83.0 142.0 74.5009994506836
v 83.0 141.5217742919922 75.0
v 83.0 142.47723388671875 67.0
v 83.0 142.50091552734375 68.0
v 83.0 142.54489135742188 69.0
v 83.0 143.0 69.45433044433594
v 82.47723388671875 143.0 73.0
v 83.0 143.0 73.52180480957031
v 83.0 142.50099182128906 74.0
v 83.0 144.0 69.49910736083984
v 82.52376556396484 144.0 73.0
v 83.0 144.0 73.45710754394531
v 83.0 145.0 69.48069763183594
v 82.50196075439453 145.0 72.0
v 83.0 145.0 72.49800109863281
v 83.0 144.49703979492188 73.0
v 82.54582977294922 146.0 69.0
v 83.0 146.0 68.54582977294922
v 83.0 145.52488708496094 69.0
v 82.5228500366211 146.0 70.0
v 83.0 146.0 70.49995422363281
v 83.0 145.54190063476562 71.0
v 83.0 145.45809936523438 72.0
v 82.56942749023438 147.0 69.0
v 83.0 147.0 68.54888916015625
v 83.0 147.0 69.47184753417969
v 83.0 146.49795532226562 70.0
v 83.0 147.43141174316406 69.0
v 83.5239486694336 99.0 48.0
v 84.0 99.0 47.544864654541016
v 84.0 98.54570770263672 48.0
v 84.0 98.5447006225586 49.0
v 83.52289581298828 99.0 49.0
v 84.0 99.0 49.47710418701172
v 83.5 100.0 47.0
v 84.0 100.0 47.456180572509766
v 84.0 99.47898864746094 50.0
v 84.0 99.5 51.0
v 84.0 99.5008544921875 52.0
v 84.0 99.52193450927734 53.0
v 84.0 99.56828308105469 54.0
v 83.5250015258789 100.0 54.0
v 84.0 100.0 54.45325469970703
v 83.4980239868164 101.0 46.0
v 84.0 101.0 45.50100326538086
v 84.0 100.54186248779297 46.0
v 84.0 100.45614624023438 47.0
v 84.0 100.47990417480469 55.0
v 84.0 100.5 56.0
v 84.0 100.52193450927734 57.0
v 84.0 101.0 57.49995803833008
v 84.0 102.0 44.49911880493164
v 84.0 101.47915649414062 45.0
v 84.0 101.47892761230469 58.0
v 84.0 101.543701171875 59.0
v 83.50100708007812 102.0 59.0
v 84.0 102.0 59.47711181640625
v 84.0 103.0 43.5
v 84.0 102.49996185302734 44.0
v 84.0 102.50092315673828 60.0
v 84.0 103.0 60.5008430480957
v 84.0 104.0 42.5
v 84.0 103.5 43.0
v 84.0 103.47978210449219 61.0
v 84.0 103.56725311279297 62.0
v 83.52593994140625 104.0 62.0
v 84.0 104.0 62.45244216918945
v 84.0 105.0 41.5
v 84.0 104.5 42.0
v 84.0 104.52371978759766 63.0
v 83.50196075439453 105.0 63.0
v 84.0 105.0 63.47715377807617
v 84.0 106.0 40.52192687988281
v 84.0 105.50096130371094 41.0
v 84.0 105.52381134033203 64.0
v 83.50296020507812 106.0 64.0
v 84.0 106.0 64.45626068115234
v 84.0 107.0 40.47807312011719
v 84.0 107.0 64.52015686035156
v 84.0 108.0 39.52193069458008
v 84.0 107.5 40.0
v 84.0 107.52095794677734 65.0
v 83.47596740722656 108.0 65.0
v 84.0 108.0 65.47724151611328
v 84.0 109.0 39.4991455078125
v 84.0 108.52275848388672 66.0
v 83.47592163085938 109.0 66.0
v 84.0 109.0 66.47815704345703
v 83.49995422363281 110.0 39.0
v 84.0 110.0 39.45813751220703
v 84.0 109.5 67.0
v 84.0 110.0 67.5228500366211
v 84.0 111.0 38.54366683959961
v 84.0 110.50100708007812 39.0
v 84.0 110.456298828125 68.0
v 84.0 110.52015686035156 69.0
v 84.0 111.0 69.52096557617188
v 84.0 112.0 38.52197265625
v 84.0 111.47724151611328 70.0
v 84.0 112.0 70.52376556396484
v 84.0 112.52196502685547 39.0
v 83.52288818359375 113.0 39.0
v 84.0 113.0 39.45530319213867
v 84.0 112.45709991455078 71.0
v 84.0 112.54289245605469 72.0
v 83.50092315673828 113.0 72.0
v 84.0 113.0 72.47627258300781
v 83.47807312011719 114.0 39.0
v 84.0 114.0 39.47898864746094
v 84.0 113.52176666259766 73.0
v 83.47395324707031 114.0 73.0
v 84.0 114.0 73.50100708007812
v 84.0 115.0 39.498291015625
v 84.0 114.45729064941406 74.0
v 84.0 114.52015686035156 75.0
v 84.0 115.0 75.52091979980469
v 83.45518493652344 116.0 39.0
v 84.0 116.0 39.4789924621582
v 84.0 115.47815704345703 76.0
v 84.0 116.0 76.50092315673828
v 84.0 117.0 39.477996826171875
v 84.0 116.50088500976562 77.0
v 84.0 117.0 77.47891998291016
v 83.47364044189453 118.0 39.0
v 84.0 118.0 39.45267105102539
v 84.0 118.0 77.54270935058594
v 84.0 118.47715759277344 39.0
v 83.50004577636719 119.0 39.0
v 84.0 119.0 38.542755126953125
v 84.0 118.5 78.0
v 83.5 119.0 78.0
v 84.0 119.0 78.45729064941406
v 83.52293395996094 120.0 39.0
v 84.0 120.0 38.544700622558594
v 84.0 120.0 78.5
v 84.0 120.47618103027344 39.0
v 84.0 121.0 39.500038146972656
v 84.0 121.0 78.54270935058594
v 84.0 121.52176666259766 40.0
v 84.0 122.0 40.47819900512695
v 84.0 121.52394104003906 79.0
v 83.54573059082031 122.0 79.0
v 84.0 122.0 79.43279266357422
v 84.0 122.5 41.0
v 84.0 123.0 41.52180480957031
v 84.0 122.5 79.0
v 84.0 123.0 78.56720733642578
v 84.0 123.47823333740234 42.0
v 84.0 124.0 42.499080657958984
v 84.0 123.47605895996094 79.0
v 83.5 124.0 79.0
v 84.0 124.0 79.45729064941406
v 84.0 124.5466079711914 43.0
v 83.52297973632812 125.0 43.0
v 84.0 125.0 43.43279266357422
v 84.0 125.0 79.5
v 84.0 126.0 43.52118682861328
v 84.0 126.0 79.52101135253906
v 84.0 126.47718811035156 44.0
v 84.0 126.52196502685547 45.0
v 84.0 127.0 45.49903869628906
v 84.0 127.0 79.52192687988281
v 84.0 127.49911499023438 46.0
v 83.47614288330078 128.0 46.0
v 83.54481506347656 128.0 47.0
v 84.0 127.54481506347656 47.0
v 84.0 128.0 47.47605895996094
v 84.0 128.0 79.52192687988281
v 83.4771957397461 129.0 47.0
v 84.0 129.0 47.501808166503906
v 84.0 129.0 79.52015686035156
v 84.0 130.0 47.54389190673828
v 83.47807312011719 130.0 79.0
v 84.0 130.0 79.47984313964844
v 84.0 130.4761505126953 48.0
v 84.0 131.0 48.50092315673828
v 83.52381134033203 131.0 79.0
v 84.0 131.0 79.45530700683594
v 84.0 131.4999542236328 49.0
v 84.0 132.0 49.5
v 84.0 131.47706604003906 79.0
v 84.0 132.0 78.52015686035156
v 84.0 132.5000762939453 50.0
v 84.0 133.0 50.4981575012207
v 83.47806549072266 133.0 78.0
v 84.0 133.0 78.47899627685547
v 84.0 133.54664611816406 51.0
v 83.52302551269531 134.0 51.0
v 84.0 134.0 51.43279266357422
v 83.5 134.0 78.0
v 84.0 134.0 78.47807312011719
v 84.0 135.0 51.4991455078125
v 83.5 135.0 78.0
v 84.0 135.0 78.47807312011719
v 84.0 136.0 51.54378890991211
v 83.52196502685547 136.0 78.0
v 84.0 136.0 78.456298828125
v 84.0 136.4752655029297 52.0
v 83.57392120361328 137.0 53.0
v 84.0 137.0 52.57482147216797
v 84.0 137.0 53.44944763183594
v 84.0 136.543701171875 54.0
v 84.0 137.0 54.47803497314453
v 84.0 136.49903869628906 78.0
v 84.0 137.0 77.54270935058594
v 84.0 137.4049530029297 53.0
v 84.0 137.49911499023438 55.0
v 83.52494049072266 138.0 56.0
v 84.0 138.0 55.54573440551758
v 84.0 138.0 56.50226593017578
v 84.0 137.56947326660156 57.0
v 83.5044174194336 138.0 57.0
v 84.0 138.0 57.432193756103516
v 84.0 138.0 77.5
v 84.0 138.4515838623047 56.0
v 84.0 139.0 57.541351318359375
v 84.0 138.57044982910156 59.0
v 84.0 139.0 58.52524948120117
v 84.0 139.0 59.45280838012695
v 83.50096893310547 139.0 61.0
v 84.0 139.0 61.47895431518555
v 84.0 138.5219268798828 62.0
v 84.0 138.54379272460938 63.0
v 84.0 139.0 63.47527313232422
v 83.50004577636719 139.0 77.0
v 84.0 139.0 77.45729064941406
v 84.0 139.47523498535156 58.0
v 84.0 139.4789276123047 60.0
v 84.0 139.456298828125 61.0
v 84.0 139.54856872558594 64.0
v 83.54595184326172 140.0 64.0
v 84.0 140.0 64.43251037597656
v 84.0 139.4999542236328 77.0
v 84.0 140.0 76.54186248779297
v 83.45418548583984 141.0 64.0
v 83.44961547851562 141.0 65.0
v 84.0 141.0 64.52188110351562
v 83.5009994506836 141.0 76.0
v 84.0 141.0 76.45809936523438
v 84.0 141.47727966308594 65.0
v 83.50091552734375 142.0 66.0
v 84.0 142.0 65.52276611328125
v 83.4990463256836 142.0 75.0
v 84.0 142.0 75.49995422363281
v 84.0 141.498046875 76.0
v 84.0 142.47720336914062 66.0
v 83.52472686767578 143.0 67.0
v 84.0 143.0 66.52472686767578
v 83.5 143.0 68.0
v 83.47425842285156 143.0 69.0
v 83.4990005493164 143.0 74.0
v 84.0 143.0 74.50003814697266
v 84.0 142.5 75.0
v 84.0 143.45611572265625 67.0
v 84.0 143.49908447265625 68.0
v 84.0 143.52377319335938 69.0
v 84.0 144.0 69.47627258300781
v 84.0 143.501953125 74.0
v 84.0 144.0 73.54190063476562
v 84.0 145.0 69.49907684326172
v 83.5039291381836 145.0 73.0
v 84.0 145.0 73.45614624023438
v 84.0 146.0 68.52376556396484
v 84.0 145.52105712890625 69.0
v 83.49903869628906 146.0 71.0
v 84.0 146.0 71.50091552734375
v 84.0 145.54185485839844 72.0
v 84.0 145.45614624023438 73.0
v 83.54888916015625 147.0 68.0
v 84.0 147.0 67.56942749023438
v 84.0 146.54971313476562 68.0
v 83.50300598144531 147.0 70.0
v 84.0 147.0 70.47623443603516
v 84.0 146.4781951904297 71.0
v 83.57068634033203 148.0 68.0
v 84.0 148.0 67.57072448730469
v 84.0 147.53939819335938 69.0
v 84.0 148.0 68.47257995605469
v 84.0 147.45709228515625 70.0
v 84.0 148.42930603027344 68.0
v 85.0 99.0 47.54474639892578
v 85.0 98.54474639892578 48.0
v 85.0 98.52285766601562 49.0
v 85.0 99.0 49.49906539916992
v 85.0 100.0 47.47795486450195
v 85.0 99.47891998291016 50.0
v 85.0 99.52101135253906 51.0
v 85.0 99.543701171875 52.0
v 84.52104187011719 100.0 53.0
v 85.0 100.0 52.5
v 84.45413208007812 100.0 54.0
v 84.52608489990234 101.0 45.0
v 85.0 101.0 44.56749725341797
v 85.0 100.56829071044922 45.0
v 85.0 100.501708984375 46.0
v 85.0 100.47714233398438 47.0
v 85.0 100.456298828125 53.0
v 85.0 100.47898864746094 54.0
v 85.0 100.4991455078125 55.0
v 85.0 100.5 56.0
v 85.0 100.52192687988281 57.0
v 85.0 101.0 57.5
v 85.0 102.0 44.4579963684082
v 85.0 101.47807312011719 58.0
v 85.0 101.52192687988281 59.0
v 85.0 102.0 59.4990348815918
v 85.0 103.0 43.49907684326172
v 85.0 102.4771957397461 44.0
v 85.0 102.5 60.0
v 85.0 103.0 60.500038146972656
v 85.0 104.0 42.5
v 85.0 103.49996185302734 43.0
v 85.0 103.49907684326172 61.0
v 84.47697448730469 104.0 62.0
v 85.0 104.0 61.52288818359375
v 85.0 105.0 41.5
v 85.0 104.5 42.0
v 85.0 104.456298828125 62.0
v 85.0 104.52108001708984 63.0
v 85.0 105.0 63.49907684326172
v 85.0 106.0 40.52193069458008
v 85.0 105.50096893310547 41.0
v 85.0 105.50092315673828 64.0
v 85.0 106.0 64.47891998291016
v 85.0 107.0 40.4789924621582
v 85.0 107.0 64.54373931884766
v 85.0 108.0 39.543701171875
v 85.0 107.52192687988281 40.0
v 85.0 107.4761962890625 65.0
v 85.0 108.0 65.5228042602539
v 85.0 109.0 39.500858306884766
v 85.0 108.4771957397461 66.0
v 85.0 109.0 66.52376556396484
v 85.0 110.0 39.52015686035156
v 85.0 109.45710754394531 67.0
v 85.0 109.54186248779297 68.0
v 84.49899291992188 110.0 68.0
v 85.0 110.0 68.5
v 84.4771499633789 111.0 39.0
v 85.0 110.5480728149414 40.0
v 84.56963348388672 111.0 40.0
v 85.0 111.0 40.4295768737793
v 85.0 110.45813751220703 69.0
v 85.0 110.54289245605469 70.0
v 84.50100708007812 111.0 70.0
v 85.0 111.0 70.47623443603516
v 85.0 112.0 38.57042694091797
v 85.0 111.5489501953125 39.0
v 85.0 111.4510498046875 40.0
v 85.0 111.52275848388672 71.0
v 84.49899291992188 112.0 71.0
v 85.0 112.0 71.47811889648438
v 85.0 112.4519271850586 39.0
v 85.0 113.0 39.4798469543457
v 85.0 112.50092315673828 72.0
v 85.0 113.0 72.50088500976562
v 85.0 114.0 39.500850677490234
v 85.0 113.47891998291016 73.0
v 85.0 113.54270935058594 74.0
v 84.5 114.0 74.0
v 85.0 114.0 74.49995422363281
v 85.0 115.0 39.5210075378418
v 85.0 114.45813751220703 75.0
v 85.0 114.54385375976562 76.0
v 84.50201416015625 115.0 76.0
v 85.0 115.0 76.45614624023438
v 85.0 116.0 39.50092315673828
v 85.0 116.0 76.54289245605469
v 84.52318572998047 117.0 39.0
v 85.0 117.0 38.54671096801758
v 85.0 116.52587890625 39.0
v 85.0 116.47627258300781 77.0
v 85.0 117.0 77.52180480957031
v 84.47811889648438 118.0 39.0
v 85.0 118.0 38.542903900146484
v 85.0 117.5742416381836 40.0
v 85.0 118.0 39.551734924316406
v 84.5768814086914 118.0 40.0
v 85.0 118.0 40.42393112182617
v 85.0 117.49995422363281 78.0
v 84.4990005493164 118.0 78.0
v 85.0 118.0 78.47823333740234
v 85.0 119.0 38.50257110595703
v 85.0 118.4062271118164 40.0
v 85.0 119.0 78.52108001708984
v 85.0 120.0 38.5427131652832
v 84.59745025634766 120.0 41.0
v 85.0 119.5763931274414 41.0
v 85.0 120.0 40.59503936767578
v 85.0 120.0 41.42271423339844
v 85.0 120.0 78.54374694824219
v 85.0 120.50091552734375 39.0
v 85.0 121.0 39.458030700683594
v 85.0 120.40499877929688 41.0
v 85.0 120.49799346923828 79.0
v 84.4990005493164 121.0 79.0
v 85.0 121.0 79.47823333740234
v 84.50105285644531 122.0 40.0
v 85.0 122.0 39.522850036621094
v 85.0 122.0 79.52021789550781
v 85.0 122.47623443603516 40.0
v 85.0 122.479736328125 41.0
v 84.50109100341797 123.0 42.0
v 85.0 122.52293395996094 42.0
v 85.0 123.0 42.45629119873047
v 84.45336151123047 123.0 79.0
v 85.0 123.0 79.50183868408203
v 85.0 124.0 42.5
v 85.0 124.0 79.52108001708984
v 84.47702026367188 125.0 43.0
v 85.0 125.0 42.543701171875
v 85.0 125.0 79.543701171875
v 85.0 125.47711181640625 43.0
v 85.0 126.0 43.502777099609375
v 85.0 125.5 80.0
v 84.52192687988281 126.0 80.0
v 85.0 126.0 80.456298828125
v 85.0 126.47711181640625 44.0
v 85.0 126.5 45.0
v 85.0 127.0 45.52482604980469
v 84.5675048828125 127.0 48.0
v 85.0 126.54951477050781 48.0
v 85.0 127.0 47.524044036865234
v 85.0 127.0 48.45225524902344
v 84.5 127.0 80.0
v 85.0 127.0 80.47807312011719
v 85.0 127.45429992675781 46.0
v 85.0 127.45709991455078 47.0
v 84.4807357788086 128.0 48.0
v 85.0 127.52578735351562 49.0
v 84.54570770263672 128.0 49.0
v 85.0 128.0 49.454254150390625
v 84.5 128.0 80.0
v 85.0 128.0 80.47807312011719
v 84.47891998291016 129.0 48.0
v 84.54570770263672 129.0 49.0
v 85.0 129.0 49.454254150390625
v 84.52196502685547 129.0 80.0
v 85.0 129.0 80.456298828125
v 84.47618865966797 130.0 48.0
v 85.0 130.0 48.500003814697266
v 85.0 129.47512817382812 49.0
v 85.0 129.49903869628906 80.0
v 85.0 130.0 79.54270935058594
v 85.0 131.0 48.521080017089844
v 85.0 131.0 79.47984313964844
v 85.0 131.49911499023438 49.0
v 85.0 132.0 49.499080657958984
v 85.0 131.52293395996094 79.0
v 85.0 132.0 78.54469299316406
v 85.0 132.52284240722656 50.0
v 85.0 133.0 50.457149505615234
v 85.0 133.0 78.52192687988281
v 84.47697448730469 134.0 51.0
v 85.0 134.0 50.542850494384766
v 85.0 134.0 78.52192687988281
v 85.0 134.47718811035156 51.0
v 85.0 135.0 51.5
v 85.0 135.0 78.52101135253906
v 85.0 135.5218963623047 52.0
v 84.49895477294922 136.0 52.0
v 85.0 136.0 52.477272033691406
v 85.0 136.0 78.5
v 84.4465560913086 137.0 53.0
v 85.0 136.52076721191406 53.0
v 85.0 136.52377319335938 54.0
v 85.0 137.0 54.49725341796875
v 84.5 137.0 78.0
v 85.0 137.0 78.45729064941406
v 85.0 137.50088500976562 55.0
v 85.0 138.0 55.50093078613281
v 85.0 137.57261657714844 57.0
v 85.0 138.0 56.548492431640625
v 85.0 138.0 57.428245544433594
v 85.0 137.50096130371094 78.0
v 85.0 138.0 77.543701171875
v 84.57696533203125 139.0 56.0
v 85.0 139.0 55.59545135498047
v 85.0 139.0 56.44821548461914
v 85.0 139.0 57.4587516784668
v 84.4304428100586 139.0 59.0
v 85.0 138.54469299316406 62.0
v 85.0 139.0 61.52201461791992
v 84.4989013671875 139.0 63.0
v 85.0 139.0 62.498023986816406
v 85.0 139.0 77.52015686035156
v 85.0 139.40374755859375 56.0
v 84.5257797241211 140.0 58.0
v 85.0 140.0 57.5440559387207
v 84.54297637939453 140.0 59.0
v 85.0 139.52020263671875 60.0
v 85.0 140.0 59.47710418701172
v 85.0 139.4780731201172 61.0
v 85.0 139.4772491455078 63.0
v 84.4749526977539 140.0 64.0
v 85.0 140.0 63.52275848388672
v 84.5 140.0 77.0
v 85.0 140.0 77.45813751220703
v 85.0 140.45510864257812 58.0
v 85.0 140.47434997558594 59.0
v 85.0 140.47816467285156 64.0
v 85.0 141.0 64.5
v 85.0 140.5 77.0
v 85.0 141.0 76.54186248779297
v 85.0 141.5218048095703 65.0
v 85.0 142.0 65.47816467285156
v 84.50196075439453 142.0 76.0
v 85.0 142.0 76.45809936523438
v 85.0 142.50096130371094 66.0
v 85.0 143.0 66.4991226196289
v 84.5009536743164 143.0 75.0
v 85.0 143.0 75.49896240234375
v 85.0 142.4980010986328 76.0
v 85.0 143.5198516845703 67.0
v 84.5457763671875 144.0 68.0
v 85.0 144.0 67.52593994140625
v 84.49995422363281 144.0 69.0
v 85.0 143.59616088867188 70.0
v 85.0 144.0 69.55177307128906
v 84.57508850097656 144.0 70.0
v 85.0 144.0 70.40538787841797
v 84.49995422363281 144.0 74.0
v 85.0 144.0 74.47727966308594
v 85.0 143.4781951904297 75.0
v 85.0 144.43283081054688 68.0
v 85.0 144.45880126953125 69.0
v 84.5239028930664 145.0 70.0
v 85.0 145.0 70.47431182861328
v 85.0 144.47811889648438 74.0
v 85.0 145.0 73.49903869628906
v 84.49799346923828 146.0 69.0
v 85.0 146.0 69.5009994506836
v 85.0 145.4970703125 70.0
v 84.50100708007812 146.0 72.0
v 85.0 146.0 72.47711181640625
v 85.0 145.49903869628906 73.0
v 84.47184753417969 147.0 68.0
v 85.0 147.0 68.50204467773438
v 85.0 146.501953125 69.0
v 85.0 146.54037475585938 71.0
v 85.0 147.0 70.52099609375
v 85.0 146.4571075439453 72.0
v 85.0 148.0 67.56834411621094
v 85.0 147.527099609375 68.0
v 84.47998046875 148.0 69.0
v 85.0 148.0 69.51914978027344
v 85.0 147.52003479003906 70.0
v 85.0 148.47386169433594 68.0
v 84.56963348388672 149.0 69.0
v 85.0 149.0 68.5282211303711
v 85.0 149.0 69.43115997314453
v 85.0 149.4303741455078 69.0
v 85.49693298339844 99.0 48.0
v 86.0 99.0 48.52604293823242
v 86.0 98.56828308105469 49.0
v 86.0 99.0 49.45321273803711
v 86.0 100.0 47.4981575012207
v 86.0 99.47915649414062 48.0
v 86.0 99.5 50.0
v 85.52289581298828 100.0 51.0
v 86.0 100.0 50.52381134033203
v 85.47807312011719 100.0 52.0
v 85.49884033203125 101.0 45.0
v 86.0 101.0 45.4543571472168
v 86.0 100.52009582519531 46.0
v 86.0 100.47803497314453 47.0
v 86.0 100.45530700683594 51.0
v 86.0 100.47898864746094 52.0
v 86.0 100.4991455078125 53.0
v 86.0 100.5 54.0
v 86.0 100.5 55.0
v 86.0 100.5 56.0
v 86.0 100.52192687988281 57.0
v 86.0 101.0 57.5
v 85.50105285644531 102.0 44.0
v 86.0 102.0 43.54465866088867
v 86.0 101.54304504394531 44.0
v 86.0 101.43363952636719 45.0
v 86.0 101.47807312011719 58.0
v 86.0 101.52192687988281 59.0
v 86.0 102.0 59.4990348815918
v 86.0 103.0 43.47892379760742
v 86.0 102.5 60.0
v 86.0 103.0 60.50004196166992
v 86.0 104.0 42.5
v 86.0 103.49907684326172 43.0
v 86.0 103.49907684326172 61.0
v 86.0 104.0 61.52288818359375
v 86.0 105.0 41.50092315673828
v 86.0 104.50003814697266 42.0
v 86.0 104.456298828125 62.0
v 86.0 104.52015686035156 63.0
v 86.0 105.0 63.52092361450195
v 86.0 106.0 40.543701171875
v 86.0 105.52288818359375 41.0
v 86.0 105.47819519042969 64.0
v 86.0 106.0 64.5
v 86.0 107.0 40.500858306884766
v 86.0 106.52184295654297 65.0
v 85.49895477294922 107.0 65.0
v 86.0 107.0 65.47724151611328
v 85.49803161621094 108.0 40.0
v 86.0 108.0 40.478233337402344
v 86.0 107.5228042602539 66.0
v 85.5 108.0 66.0
v 86.0 108.0 66.4771957397461
v 86.0 109.0 39.54470443725586
v 86.0 108.50297546386719 40.0
v 86.0 108.52275848388672 67.0
v 85.49899291992188 109.0 67.0
v 86.0 109.0 67.47903442382812
v 86.0 110.0 39.54473876953125
v 86.0 109.47984313964844 68.0
v 86.0 109.543701171875 69.0
v 85.50100708007812 110.0 69.0
v 86.0 110.0 69.47711181640625
v 86.0 110.47798919677734 40.0
v 86.0 111.0 40.478031158447266
v 86.0 110.50092315673828 70.0
v 86.0 111.0 70.49996185302734
v 85.43036651611328 112.0 39.0
v 85.5228500366211 112.0 40.0
v 86.0 112.0 40.45633316040039
v 86.0 111.5 71.0
v 86.0 112.0 71.50003814697266
v 86.0 112.49995422363281 40.0
v 86.0 113.0 39.54285430908203
v 86.0 112.49907684326172 72.0
v 86.0 113.0 72.52288818359375
v 86.0 114.0 39.543704986572266
v 86.0 113.456298828125 73.0
v 86.0 113.5 74.0
v 86.0 113.54270935058594 75.0
v 85.50004577636719 114.0 75.0
v 86.0 114.0 75.4990005493164
v 86.0 114.5 40.0
v 85.52192687988281 115.0 40.0
v 86.0 115.0 40.456298828125
v 86.0 114.478271484375 76.0
v 86.0 115.0 76.52176666259766
v 85.5018539428711 116.0 40.0
v 86.0 116.0 40.477142333984375
v 86.0 115.4990005493164 77.0
v 85.49707794189453 116.0 77.0
v 86.0 116.0 77.50003814697266
v 86.0 117.0 38.57078170776367
v 86.0 116.57073974609375 39.0
v 85.52281188964844 117.0 40.0
v 86.0 117.0 39.472618103027344
v 86.0 117.0 40.47718811035156
v 86.0 116.5 78.0
v 85.4990463256836 117.0 78.0
v 86.0 117.0 78.49995422363281
v 86.0 118.0 38.54587936401367
v 86.0 118.0 39.47688293457031
v 85.52568817138672 118.0 41.0
v 86.0 117.52381896972656 41.0
v 86.0 118.0 41.475189208984375
v 86.0 117.50296020507812 79.0
v 85.52376556396484 118.0 79.0
v 86.0 118.0 79.45625305175781
v 86.0 119.0 38.545753479003906
v 86.0 118.5220947265625 40.0
v 85.52276611328125 119.0 41.0
v 86.0 119.0 40.49701690673828
v 86.0 119.0 41.49999237060547
v 85.50003814697266 119.0 79.0
v 86.0 119.0 79.47807312011719
v 86.0 119.51976776123047 39.0
v 85.52278900146484 120.0 39.0
v 86.0 120.0 39.47816848754883
v 86.0 120.0 40.47983932495117
v 85.52568817138672 120.0 42.0
v 86.0 119.50202178955078 42.0
v 86.0 120.0 42.45610046386719
v 85.47711181640625 120.0 79.0
v 86.0 120.0 79.5
v 86.0 121.0 38.544742584228516
v 85.50109100341797 121.0 39.0
v 86.0 120.47921752929688 39.0
v 86.0 120.54410552978516 41.0
v 85.54290008544922 121.0 42.0
v 86.0 121.0 41.47596740722656
v 86.0 121.0 42.477108001708984
v 86.0 120.52385711669922 80.0
v 85.52473449707031 121.0 80.0
v 86.0 121.0 80.45526123046875
v 85.50371551513672 122.0 39.0
v 86.0 122.0 38.523868560791016
v 85.52003479003906 122.0 41.0
v 86.0 121.47492218017578 41.0
v 86.0 122.0 40.51991653442383
v 85.50184631347656 122.0 42.0
v 86.0 122.0 42.498191833496094
v 85.50007629394531 122.0 80.0
v 86.0 122.0 80.47806549072266
v 85.56998443603516 123.0 39.0
v 86.0 123.0 38.571571350097656
v 85.55097198486328 123.0 40.0
v 86.0 123.0 40.42930221557617
v 86.0 123.0 42.499961853027344
v 85.50088500976562 123.0 80.0
v 86.0 123.0 80.47807312011719
v 86.0 123.42839050292969 39.0
v 86.0 123.42843627929688 40.0
v 86.0 124.0 42.5
v 85.5 124.0 80.0
v 86.0 124.0 80.47891998291016
v 86.0 125.0 42.52197265625
v 85.4771499633789 125.0 80.0
v 86.0 125.0 80.5
v 86.0 125.49810791015625 43.0
v 86.0 126.0 43.54682540893555
v 85.52288818359375 126.0 45.0
v 86.0 125.54373931884766 45.0
v 86.0 126.0 44.47600555419922
v 85.5448226928711 126.0 46.0
v 86.0 125.54570007324219 46.0
v 86.0 126.0 46.49601364135742
v 85.57813262939453 126.0 48.0
v 86.0 125.59744262695312 48.0
v 86.0 126.0 47.554988861083984
v 86.0 126.0 48.40336608886719
v 86.0 126.0 80.52108001708984
v 86.0 126.43171691894531 44.0
v 85.45516967773438 127.0 46.0
v 86.0 126.47915649414062 47.0
v 85.47711181640625 127.0 47.0
v 86.0 127.0 48.498146057128906
v 86.0 127.0 80.52192687988281
v 86.0 127.50100708007812 49.0
v 86.0 128.0 49.47802734375
v 86.0 128.0 80.52101135253906
v 86.0 129.0 49.47898864746094
v 86.0 129.0 80.5
v 86.0 130.0 48.54469680786133
v 86.0 129.52288818359375 49.0
v 85.5 130.0 80.0
v 86.0 130.0 80.45729064941406
v 86.0 131.0 48.54469680786133
v 86.0 130.4999542236328 80.0
v 86.0 131.0 79.54186248779297
v 86.0 131.47702026367188 49.0
v 86.0 132.0 49.48069763183594
v 85.47706604003906 132.0 79.0
v 86.0 132.0 79.47984313964844
v 85.52302551269531 133.0 50.0
v 86.0 133.0 49.56720733642578
v 85.5 133.0 79.0
v 86.0 133.0 79.47807312011719
v 86.0 133.45335388183594 50.0
v 86.0 134.0 50.5018424987793
v 85.5 134.0 79.0
v 86.0 134.0 79.47807312011719
v 86.0 134.4999542236328 51.0
v 86.0 135.0 51.49907684326172
v 85.52192687988281 135.0 79.0
v 86.0 135.0 79.456298828125
v 86.0 135.52284240722656 52.0
v 86.0 136.0 52.45798873901367
v 86.0 135.5 79.0
v 86.0 136.0 78.543701171875
v 85.52801513671875 137.0 53.0
v 86.0 137.0 52.56770324707031
v 86.0 137.0 53.50004577636719
v 86.0 136.56936645507812 54.0
v 86.0 137.0 54.45116424560547
v 86.0 137.0 78.52108001708984
v 86.0 137.4314727783203 53.0
v 86.0 137.5238494873047 55.0
v 86.0 138.0 55.47623062133789
v 85.42817687988281 138.0 57.0
v 85.47711181640625 138.0 78.0
v 86.0 138.0 78.50092315673828
v 86.0 138.54446411132812 56.0
v 85.46886444091797 139.0 56.0
v 86.0 139.0 56.47621536254883
v 85.49699401855469 139.0 57.0
v 86.0 138.5705108642578 62.0
v 86.0 139.0 61.549034118652344
v 86.0 139.0 62.45005798339844
v 85.52096557617188 139.0 78.0
v 86.0 139.0 78.47724151611328
v 86.0 139.50108337402344 57.0
v 86.0 140.0 57.47819137573242
v 86.0 139.54666137695312 60.0
v 86.0 140.0 59.54501724243164
v 86.0 139.50096130371094 61.0
v 86.0 139.52476501464844 63.0
v 86.0 140.0 63.4752311706543
v 86.0 139.50100708007812 78.0
v 86.0 140.0 77.54289245605469
v 86.0 140.52175903320312 58.0
v 85.54759979248047 141.0 59.0
v 86.0 141.0 58.52494812011719
v 86.0 141.0 59.453426361083984
v 86.0 140.52471923828125 64.0
v 86.0 141.0 64.45699310302734
v 85.49903869628906 141.0 77.0
v 86.0 141.0 77.47823333740234
v 86.0 141.4515838623047 59.0
v 85.52513122558594 142.0 65.0
v 86.0 142.0 64.56666564941406
v 86.0 141.50100708007812 77.0
v 86.0 142.0 76.54190063476562
v 85.5716552734375 143.0 61.0
v 86.0 143.0 60.57157897949219
v 86.0 142.5519256591797 61.0
v 86.0 142.54705810546875 62.0
v 85.54873657226562 143.0 62.0
v 86.0 142.59703063964844 63.0
v 85.5978775024414 143.0 63.0
v 86.0 143.0 63.40212631225586
v 86.0 142.4317169189453 65.0
v 86.0 142.5201873779297 66.0
v 86.0 143.0 66.50003814697266
v 85.5039291381836 143.0 76.0
v 86.0 143.0 76.45614624023438
v 86.0 143.42916870117188 61.0
v 86.0 143.4521026611328 62.0
v 86.0 143.40216064453125 63.0
v 85.5547103881836 144.0 67.0
v 86.0 144.0 66.5954360961914
v 86.0 144.0 67.46996307373047
v 86.0 143.56529235839844 68.0
v 85.49889373779297 144.0 68.0
v 86.0 144.0 68.47811889648438
v 85.4266357421875 144.0 70.0
v 86.0 143.5428924560547 75.0
v 86.0 144.0 74.52376556396484
v 86.0 143.45614624023438 76.0
v 86.0 144.40379333496094 67.0
v 86.0 144.45632934570312 69.0
v 86.0 144.48155212402344 70.0
v 86.0 144.56884765625 71.0
v 85.55077362060547 145.0 71.0
v 86.0 145.0 71.43035888671875
v 86.0 144.52276611328125 74.0
v 86.0 145.0 73.52188110351562
v 85.5008773803711 146.0 70.0
v 86.0 146.0 70.47903442382812
v 86.0 145.45188903808594 71.0
v 86.0 145.50096130371094 73.0
v 86.0 146.0 72.5
v 85.49895477294922 147.0 69.0
v 86.0 147.0 69.48091888427734
v 86.0 146.47996520996094 70.0
v 85.49812316894531 147.0 71.0
v 86.0 147.0 71.49995422363281
v 86.0 146.51995849609375 72.0
v 85.47196197509766 148.0 68.0
v 86.0 148.0 68.5040054321289
v 86.0 147.50205993652344 69.0
v 85.50105285644531 148.0 70.0
v 86.0 148.0 70.49703216552734
v 86.0 147.49899291992188 71.0
v 86.0 148.5279998779297 68.0
v 85.5261001586914 149.0 68.0
v 86.0 149.0 67.54857635498047
v 86.0 148.47622680664062 70.0
v 86.0 149.0 69.47428894042969
v 85.56941986083984 150.0 67.0
v 86.0 150.0 66.54975128173828
v 86.0 149.54966735839844 67.0
v 85.5448989868164 150.0 68.0
v 86.0 149.49595642089844 69.0
v 86.0 150.0 68.49596405029297
v 86.0 150.47384643554688 67.0
v 86.0 150.4769744873047 68.0
v 85.59619903564453 152.0 67.0
v 86.0 152.0 66.57601928710938
v 86.0 151.5526885986328 67.0
v 86.0 152.0 67.42577362060547
v 86.0 152.40542602539062 67.0
v 86.45230102539062 99.0 49.0
v 87.0 100.0 47.5238151550293
v 87.0 99.54389190673828 48.0
v 87.0 99.50184631347656 49.0
v 87.0 99.5438461303711 50.0
v 87.0 100.0 50.477149963378906
v 86.50110626220703 101.0 45.0
v 87.0 101.0 44.547691345214844
v 87.0 100.56828308105469 45.0
v 87.0 100.5228500366211 46.0
v 87.0 100.5 47.0
v 87.0 100.47898864746094 51.0
v 87.0 100.5 52.0
v 87.0 100.5 53.0
v 87.0 100.5 54.0
v 87.0 100.5 55.0
v 87.0 100.5 56.0
v 87.0 100.52192687988281 57.0
v 87.0 101.0 57.5
v 87.0 102.0 43.522010803222656
v 87.0 101.5028076171875 44.0
v 87.0 101.47807312011719 58.0
v 87.0 101.52192687988281 59.0
v 87.0 102.0 59.49907684326172
v 87.0 103.0 43.4789924621582
v 87.0 102.49907684326172 60.0
v 87.0 103.0 60.52284622192383
v 87.0 104.0 42.52184295654297
v 87.0 103.52088165283203 43.0
v 87.0 103.45714569091797 61.0
v 87.0 103.54285430908203 62.0
v 86.49995422363281 104.0 62.0
v 87.0 104.0 62.47807693481445
v 87.0 105.0 41.5211181640625
v 87.0 104.50184631347656 42.0
v 87.0 104.47984313964844 63.0
v 87.0 104.5447006225586 64.0
v 86.50205993652344 105.0 64.0
v 87.0 105.0 64.45610046386719
v 86.49903106689453 106.0 41.0
v 87.0 106.0 41.45729446411133
v 87.0 106.0 64.54285430908203
v 87.0 107.0 40.56720733642578
v 87.0 106.52394104003906 41.0
v 87.0 106.47715759277344 65.0
v 87.0 107.0 65.50096130371094
v 87.0 107.47706604003906 41.0
v 86.52376556396484 108.0 41.0
v 87.0 108.0 41.45625686645508
v 87.0 107.49903869628906 66.0
v 87.0 108.0 66.52188110351562
v 86.45613861083984 109.0 40.0
v 86.54486083984375 109.0 41.0
v 87.0 109.0 41.45429611206055
v 87.0 108.47724151611328 67.0
v 87.0 109.0 67.5238037109375
v 86.47610473632812 110.0 40.0
v 87.0 110.0 40.50092315673828
v 87.0 109.4760513305664 41.0
v 87.0 109.45626068115234 68.0
v 87.0 109.52108001708984 69.0
v 87.0 110.0 69.49907684326172
v 87.0 111.0 40.52016067504883
v 87.0 110.5 70.0
v 87.0 111.0 70.50003814697266
v 87.0 112.0 40.52015686035156
v 87.0 111.49907684326172 71.0
v 87.0 112.0 71.52284240722656
v 86.47807312011719 113.0 40.0
v 87.0 113.0 40.47984313964844
v 87.0 112.45714569091797 72.0
v 87.0 112.5428466796875 73.0
v 86.49995422363281 113.0 73.0
v 87.0 113.0 73.47811126708984
v 86.47806549072266 114.0 40.0
v 87.0 114.0 40.47898864746094
v 87.0 113.47898864746094 74.0
v 87.0 113.5008544921875 75.0
v 87.0 113.54374694824219 76.0
v 86.50200653076172 114.0 76.0
v 87.0 114.0 76.47618865966797
v 87.0 115.0 40.4991455078125
v 87.0 114.5228042602539 77.0
v 86.50096130371094 115.0 77.0
v 87.0 115.0 77.4771957397461
v 87.0 116.0 40.5008544921875
v 87.0 115.5228042602539 78.0
v 86.50191497802734 116.0 78.0
v 87.0 116.0 78.4771957397461
v 86.42839813232422 117.0 39.0
v 87.0 117.0 40.544822692871094
v 87.0 116.52381134033203 79.0
v 86.50296020507812 117.0 79.0
v 87.0 117.0 79.45625305175781
v 86.45328521728516 118.0 39.0
v 87.0 117.4551773071289 41.0
v 86.52481079101562 118.0 42.0
v 87.0 117.52477264404297 42.0
v 87.0 118.0 42.45529556274414
v 87.0 118.0 79.4991455078125
v 86.45501708984375 119.0 39.0
v 86.45433044433594 119.0 40.0
v 86.47904205322266 119.0 42.0
v 87.0 119.0 42.47984313964844
v 87.0 119.0 79.5008544921875
v 86.45797729492188 120.0 40.0
v 87.0 120.0 42.54182434082031
v 87.0 120.0 79.543701171875
v 87.0 121.0 38.54587936401367
v 87.0 120.52588653564453 39.0
v 86.51847076416016 121.0 40.0
v 87.0 121.0 39.47587585449219
v 86.43175506591797 121.0 41.0
v 87.0 120.50100708007812 43.0
v 86.52288818359375 121.0 43.0
v 87.0 121.0 43.456295013427734
v 87.0 120.47807312011719 80.0
v 87.0 121.0 80.47898864746094
v 87.0 122.0 38.568565368652344
v 86.4981460571289 122.0 40.0
v 87.0 122.0 39.45209884643555
v 86.52281188964844 122.0 43.0
v 87.0 122.0 43.45714569091797
v 87.0 122.0 80.5
v 87.0 122.45024108886719 39.0
v 86.44807434082031 123.0 39.0
v 86.43006134033203 123.0 40.0
v 87.0 123.0 42.543663024902344
v 87.0 122.50003814697266 43.0
v 87.0 123.0 80.5008544921875
v 87.0 124.0 42.501747131347656
v 87.0 124.0 80.5427474975586
v 87.0 125.0 42.54470443725586
v 87.0 124.49991607666016 81.0
v 86.52184295654297 125.0 81.0
v 87.0 125.0 81.47724151611328
v 87.0 125.45610046386719 43.0
v 86.45317840576172 126.0 44.0
v 87.0 125.51834869384766 44.0
v 87.0 125.47895812988281 45.0
v 87.0 125.49903869628906 46.0
v 87.0 126.0 46.524906158447266
v 86.42537689208984 126.0 48.0
v 86.49907684326172 126.0 81.0
v 87.0 126.0 81.5
v 87.0 126.4732666015625 47.0
v 86.54521179199219 127.0 48.0
v 87.0 127.0 47.549739837646484
v 86.49903869628906 127.0 81.0
v 87.0 127.0 81.5
v 87.0 127.4306640625 48.0
v 87.0 127.52107238769531 49.0
v 87.0 128.0 49.47803497314453
v 86.52088165283203 128.0 81.0
v 87.0 128.0 81.47815704345703
v 87.0 129.0 49.52015686035156
v 87.0 128.50205993652344 81.0
v 87.0 129.0 80.5447006225586
v 86.47618103027344 130.0 49.0
v 87.0 130.0 49.5
v 87.0 130.0 80.52019500732422
v 86.47706604003906 131.0 49.0
v 87.0 131.0 49.4798469543457
v 86.5 131.0 80.0
v 87.0 131.0 80.45813751220703
v 87.0 132.0 49.51924514770508
v 87.0 131.50100708007812 80.0
v 87.0 132.0 79.543701171875
v 87.0 132.5457305908203 50.0
v 86.5 133.0 50.0
v 87.0 133.0 50.432796478271484
v 87.0 133.0 79.52192687988281
v 87.0 134.0 50.520225524902344
v 87.0 134.0 79.52101135253906
v 87.0 134.50003051757812 51.0
v 87.0 135.0 51.47892379760742
v 87.0 135.0 79.5
v 86.50008392333984 136.0 52.0
v 87.0 136.0 51.54374313354492
v 86.47807312011719 136.0 79.0
v 87.0 136.0 79.47898864746094
v 87.0 136.4761962890625 52.0
v 87.0 137.0 52.52381134033203
v 86.43309020996094 137.0 54.0
v 86.50003814697266 137.0 79.0
v 87.0 137.0 79.47807312011719
v 87.0 137.47528076171875 53.0
v 86.5668716430664 138.0 54.0
v 87.0 138.0 53.54965591430664
v 86.4771499633789 138.0 55.0
v 86.50092315673828 138.0 79.0
v 87.0 138.0 79.47806549072266
v 87.0 138.43145751953125 54.0
v 87.0 138.52084350585938 55.0
v 86.4762954711914 139.0 56.0
v 87.0 139.0 55.49908447265625
v 86.4295654296875 139.0 62.0
v 86.52381134033203 139.0 79.0
v 87.0 139.0 79.45625305175781
v 87.0 139.4999542236328 56.0
v 86.49995422363281 140.0 57.0
v 87.0 140.0 56.500999450683594
v 86.45413970947266 140.0 60.0
v 86.49907684326172 140.0 61.0
v 86.51922607421875 140.0 62.0
v 86.45618438720703 140.0 63.0
v 86.47627258300781 140.0 78.0
v 87.0 140.0 78.52176666259766
v 87.0 139.49798583984375 79.0
v 87.0 140.4781951904297 57.0
v 86.50096130371094 141.0 58.0
v 87.0 141.0 57.522762298583984
v 86.52073669433594 141.0 60.0
v 87.0 141.0 60.52589797973633
v 87.0 140.5457305908203 61.0
v 87.0 140.52297973632812 62.0
v 86.54281616210938 141.0 63.0
v 87.0 141.0 62.498985290527344
v 86.47618865966797 141.0 64.0
v 86.52468872070312 141.0 78.0
v 87.0 141.0 78.45610809326172
v 87.0 141.47718811035156 58.0
v 86.54946899414062 142.0 59.0
v 87.0 142.0 58.5477409362793
v 87.0 142.0 59.49893569946289
v 87.0 141.52593994140625 60.0
v 87.0 142.0 60.4989013671875
v 86.54646301269531 142.0 61.0
v 87.0 141.49893188476562 61.0
v 87.0 142.0 61.47811508178711
v 87.0 141.4789581298828 63.0
v 87.0 141.50189208984375 64.0
v 87.0 141.5685272216797 65.0
v 86.50102233886719 142.0 65.0
v 87.0 142.0 65.45121765136719
v 86.4990005493164 142.0 77.0
v 87.0 142.0 77.47823333740234
v 87.0 141.47531127929688 78.0
v 87.0 142.43251037597656 59.0
v 87.0 143.0 60.50182342529297
v 87.0 142.5229949951172 62.0
v 86.42156982421875 143.0 63.0
v 87.0 143.0 62.452476501464844
v 87.0 142.5028076171875 66.0
v 86.54613494873047 143.0 67.0
v 87.0 142.5693817138672 67.0
v 87.0 143.0 67.45116424560547
v 87.0 142.5 77.0
v 87.0 143.0 76.521728515625
v 87.0 143.4981689453125 61.0
v 87.0 143.45428466796875 62.0
v 86.406982421875 144.0 67.0
v 87.0 143.5027618408203 68.0
v 86.52404022216797 144.0 69.0
v 87.0 143.5682830810547 69.0
v 87.0 144.0 69.45321655273438
v 86.49703979492188 144.0 75.0
v 87.0 144.0 75.50199890136719
v 87.0 143.52272033691406 76.0
v 87.0 144.4816131591797 70.0
v 87.0 144.56858825683594 71.0
v 87.0 145.0 71.43140411376953
v 86.49908447265625 145.0 74.0
v 87.0 145.0 74.5
v 87.0 144.50103759765625 75.0
v 87.0 146.0 70.52279663085938
v 87.0 145.47384643554688 71.0
v 87.0 145.5458221435547 73.0
v 87.0 146.0 72.54412841796875
v 87.0 145.4782257080078 74.0
v 87.0 147.0 69.5448989868164
v 87.0 146.52574157714844 70.0
v 86.50200653076172 147.0 72.0
v 87.0 147.0 72.47623443603516
v 86.47614288330078 148.0 69.0
v 87.0 148.0 69.52578735351562
v 86.50494384765625 148.0 71.0
v 87.0 148.0 71.47421264648438
v 87.0 147.4761962890625 72.0
v 86.4540786743164 149.0 68.0
v 86.47608947753906 149.0 69.0
v 87.0 148.4567413330078 70.0
v 87.0 148.45428466796875 71.0
v 86.52674102783203 150.0 66.0
v 87.0 150.0 65.54579162597656
v 87.0 149.54576110839844 66.0
v 87.0 149.5009002685547 67.0
v 87.0 149.48069763183594 68.0
v 87.0 149.52197265625 69.0
v 86.50209045410156 150.0 69.0
v 87.0 150.0 69.47622680664062
v 86.52119445800781 151.0 66.0
v 87.0 151.0 65.52281951904297
v 86.4572982788086 151.0 67.0
v 86.47807312011719 151.0 68.0
v 86.52015686035156 151.0 69.0
v 87.0 151.0 69.52188110351562
v 86.52674102783203 152.0 66.0
v 87.0 152.0 65.54578399658203
v 86.48079681396484 152.0 68.0
v 86.5008544921875 152.0 69.0
v 87.0 151.5010986328125 70.0
v 86.54470825195312 152.0 70.0
v 87.0 152.0 70.45610046386719
v 87.0 152.45425415039062 66.0
v 87.0 152.51841735839844 67.0
v 86.5448226928711 153.0 68.0
v 87.0 153.0 67.52394104003906
v 86.52197265625 153.0 69.0
v 86.54574584960938 153.0 70.0
v 87.0 153.0 70.45428466796875
v 87.0 153.45518493652344 68.0
v 87.0 153.49903869628906 69.0
v 87.0 153.47508239746094 70.0
v 87.47618865966797 100.0 48.0
v 87.50088500976562 100.0 49.0
v 87.4771499633789 100.0 50.0
v 87.45321655273438 101.0 45.0
v 87.49906921386719 101.0 46.0
v 87.52385711669922 101.0 47.0
v 88.0 101.0 47.47614669799805
v 88.0 100.5 48.0
v 88.0 100.47807312011719 49.0
v 88.0 100.47898864746094 50.0
v 88.0 100.4991455078125 51.0
v 88.0 100.5 52.0
v 88.0 100.5 53.0
v 88.0 100.5 54.0
v 88.0 100.5 55.0
v 88.0 100.5 56.0
v 88.0 100.52193450927734 57.0
v 88.0 101.0 57.499996185302734
v 88.0 102.0 43.5456657409668
v 88.0 101.5448989868164 44.0
v 88.0 101.5 45.0
v 88.0 101.47891998291016 46.0
v 88.0 101.45526123046875 47.0
v 88.0 101.47807312011719 58.0
v 88.0 101.52101135253906 59.0
v 88.0 102.0 59.52188491821289
v 88.0 103.0 43.500038146972656
v 88.0 102.4571533203125 60.0
v 88.0 102.54285430908203 61.0
v 87.5 103.0 61.0
v 88.0 103.0 61.47719192504883
v 87.50109100341797 104.0 43.0
v 88.0 104.0 43.45629119873047
v 88.0 103.5 62.0
v 88.0 104.0 62.52284622192383
v 88.0 105.0 41.5456657409668
v 88.0 104.5448989868164 42.0
v 88.0 104.4761962890625 43.0
v 88.0 104.456298828125 63.0
v 88.0 104.5211181640625 64.0
v 88.0 105.0 64.4981918334961
v 88.0 106.0 41.50003433227539
v 88.0 105.52184295654297 65.0
v 87.49903869628906 106.0 65.0
v 88.0 106.0 65.47724151611328
v 87.45430755615234 107.0 41.0
v 88.0 107.0 41.47990798950195
v 88.0 107.0 65.54485321044922
v 88.0 108.0 41.4991455078125
v 88.0 107.45518493652344 66.0
v 88.0 107.54186248779297 67.0
v 87.50004577636719 108.0 67.0
v 88.0 108.0 67.49803924560547
v 88.0 109.0 41.47898864746094
v 88.0 108.5 68.0
v 87.49703979492188 109.0 68.0
v 88.0 109.0 68.5009536743164
v 88.0 110.0 40.56828308105469
v 88.0 109.54586791992188 41.0
v 88.0 109.47911071777344 69.0
v 88.0 110.0 69.50092315673828
v 88.0 110.47595977783203 41.0
v 87.52196502685547 111.0 41.0
v 88.0 111.0 41.456298828125
v 88.0 110.49903869628906 70.0
v 88.0 111.0 70.52284240722656
v 87.52293395996094 112.0 41.0
v 88.0 112.0 41.45530319213867
v 88.0 111.45714569091797 71.0
v 88.0 111.54186248779297 72.0
v 87.49903869628906 112.0 72.0
v 88.0 112.0 72.49903869628906
v 88.0 113.0 40.5210075378418
v 88.0 112.47710418701172 41.0
v 88.0 112.47823333740234 73.0
v 88.0 113.0 73.52473449707031
v 88.0 114.0 40.5
v 88.0 113.45526123046875 74.0
v 88.0 113.47898864746094 75.0
v 88.0 113.52108001708984 76.0
v 88.0 114.0 76.49907684326172
v 88.0 115.0 40.5
v 88.0 114.5 77.0
v 88.0 115.0 77.5
v 88.0 116.0 40.521934509277344
v 88.0 115.5 78.0
v 88.0 116.0 78.5
v 88.0 116.49811553955078 41.0
v 87.47513580322266 117.0 41.0
v 87.5257797241211 117.0 42.0
v 88.0 116.54573822021484 42.0
v 88.0 117.0 42.45429229736328
v 88.0 116.50096130371094 79.0
v 88.0 117.0 79.47806549072266
v 88.0 118.0 42.49996566772461
v 88.0 118.0 79.5008544921875
v 88.0 119.0 42.54270935058594
v 88.0 119.0 79.54270935058594
v 87.5767593383789 120.0 39.0
v 88.0 120.0 38.597843170166016
v 88.0 119.59864807128906 39.0
v 88.0 120.0 39.402156829833984
v 88.0 119.5 43.0
v 87.50004577636719 120.0 43.0
v 88.0 120.0 43.45729064941406
v 88.0 119.5 80.0
v 87.49903869628906 120.0 80.0
v 88.0 120.0 80.45729064941406
v 88.0 121.0 38.5718879699707
v 88.0 121.0 39.42811584472656
v 88.0 121.0 43.49917984008789
v 88.0 121.0 80.4991455078125
v 88.0 121.4460678100586 39.0
v 87.4493408203125 122.0 39.0
v 88.0 122.0 43.52022171020508
v 88.0 122.0 80.5008544921875
v 87.49899291992188 123.0 43.0
v 88.0 122.54608917236328 44.0
v 87.56849670410156 123.0 44.0
v 88.0 123.0 44.472896575927734
v 88.0 123.0 80.54270935058594
v 88.0 124.0 42.54467010498047
v 88.0 123.50201416015625 43.0
v 88.0 123.47389221191406 44.0
v 88.0 124.0 44.52403259277344
v 87.56725311279297 124.0 45.0
v 88.0 123.52503204345703 45.0
v 88.0 124.0 45.476009368896484
v 88.0 123.4990005493164 81.0
v 87.49895477294922 124.0 81.0
v 88.0 124.0 81.47823333740234
v 88.0 124.49789428710938 43.0
v 87.49789428710938 125.0 43.0
v 88.0 125.0 43.50307846069336
v 87.49996185302734 125.0 45.0
v 88.0 125.0 44.476898193359375
v 88.0 124.47815704345703 46.0
v 87.4991226196289 125.0 46.0
v 87.52193450927734 125.0 47.0
v 88.0 124.52114868164062 47.0
v 87.54493713378906 125.0 48.0
v 88.0 124.54566955566406 48.0
v 88.0 125.0 48.47417449951172
v 88.0 124.52473449707031 82.0
v 87.52477264404297 125.0 82.0
v 88.0 125.0 82.45526123046875
v 88.0 125.45433044433594 44.0
v 87.45433044433594 126.0 47.0
v 87.50088500976562 126.0 48.0
v 88.0 126.0 48.49907684326172
v 87.50096893310547 126.0 82.0
v 88.0 126.0 82.47806549072266
v 87.45120239257812 127.0 48.0
v 88.0 127.0 48.523765563964844
v 87.50096130371094 127.0 82.0
v 88.0 127.0 82.47807312011719
v 88.0 127.47631072998047 49.0
v 88.0 128.0 49.521728515625
v 87.50188446044922 128.0 82.0
v 88.0 128.0 82.47802734375
v 88.0 128.50196838378906 50.0
v 87.52197265625 129.0 50.0
v 88.0 129.0 50.456295013427734
v 87.45613861083984 129.0 81.0
v 87.54486083984375 129.0 82.0
v 88.0 129.0 82.45429992675781
v 87.5228500366211 130.0 50.0
v 88.0 130.0 50.456295013427734
v 87.52092742919922 130.0 81.0
v 88.0 130.0 81.47724151611328
v 88.0 129.47425842285156 82.0
v 88.0 131.0 49.543701171875
v 88.0 130.5 50.0
v 88.0 130.5 81.0
v 88.0 131.0 80.54186248779297
v 88.0 132.0 49.522857666015625
v 87.47803497314453 132.0 80.0
v 88.0 132.0 80.47984313964844
v 87.50110626220703 133.0 50.0
v 88.0 133.0 49.568328857421875
v 87.5 133.0 80.0
v 88.0 133.0 80.47806549072266
v 88.0 133.45138549804688 50.0
v 88.0 134.0 50.524681091308594
v 87.52192687988281 134.0 80.0
v 88.0 134.0 80.456298828125
v 88.0 134.47706604003906 51.0
v 88.0 135.0 51.50096130371094
v 88.0 134.49903869628906 80.0
v 88.0 135.0 79.54270935058594
v 88.0 136.0 51.546669006347656
v 88.0 136.0 79.5008544921875
v 88.0 136.45413208007812 52.0
v 87.49803161621094 137.0 53.0
v 88.0 136.5217742919922 53.0
v 88.0 137.0 53.49900436401367
v 88.0 137.0 79.5
v 87.47389221191406 138.0 54.0
v 88.0 137.5019073486328 54.0
v 88.0 138.0 54.45895004272461
v 88.0 138.0 79.5
v 88.0 139.0 54.56641387939453
v 87.52494049072266 139.0 55.0
v 88.0 139.0 79.4991455078125
v 88.0 139.45248413085938 55.0
v 87.50296020507812 140.0 56.0
v 88.0 140.0 55.524681091308594
v 87.50196838378906 140.0 79.0
v 88.0 140.0 79.456298828125
v 88.0 140.45706176757812 56.0
v 88.0 140.5428466796875 57.0
v 88.0 141.0 57.47715759277344
v 87.43278503417969 141.0 61.0
v 87.45533752441406 141.0 62.0
v 88.0 140.47715759277344 79.0
v 88.0 141.0 78.5
v 88.0 141.50096130371094 58.0
v 88.0 142.0 58.499961853027344
v 87.43354797363281 142.0 60.0
v 87.47798919677734 142.0 62.0
v 87.52108001708984 142.0 63.0
v 87.49996185302734 142.0 64.0
v 87.4331283569336 142.0 65.0
v 88.0 141.52281188964844 78.0
v 88.0 142.0 77.54285430908203
v 88.0 142.5209197998047 59.0
v 87.49823760986328 143.0 60.0
v 88.0 143.0 59.47819900512695
v 88.0 143.0 61.56654357910156
v 87.50096893310547 143.0 62.0
v 88.0 142.54586791992188 62.0
v 88.0 142.4579620361328 63.0
v 88.0 142.4972381591797 64.0
v 87.5669174194336 143.0 65.0
v 88.0 143.0 64.548828125
v 87.50089263916016 143.0 66.0
v 87.45211029052734 143.0 67.0
v 87.5009994506836 143.0 77.0
v 88.0 143.0 77.45809936523438
v 87.5438232421875 144.0 60.0
v 88.0 144.0 59.543853759765625
v 87.47981262207031 144.0 61.0
v 88.0 143.47601318359375 62.0
v 87.52277374267578 144.0 62.0
v 88.0 144.0 62.476234436035156
v 88.0 143.43063354492188 65.0
v 88.0 143.47711181640625 66.0
v 88.0 143.5 67.0
v 87.52204895019531 144.0 68.0
v 88.0 144.0 67.52385711669922
v 87.45413208007812 144.0 69.0
v 87.4772720336914 144.0 76.0
v 88.0 144.0 76.521728515625
v 88.0 143.49899291992188 77.0
v 88.0 144.49606323242188 60.0
v 87.54373931884766 145.0 61.0
v 88.0 145.0 60.50300598144531
v 87.52293395996094 145.0 62.0
v 88.0 144.55096435546875 63.0
v 87.57152557373047 145.0 63.0
v 88.0 145.0 63.42844009399414
v 88.0 144.45526123046875 68.0
v 88.0 144.47898864746094 69.0
v 88.0 144.519287109375 70.0
v 87.4955825805664 145.0 71.0
v 88.0 145.0 70.54351043701172
v 87.47907257080078 145.0 75.0
v 87.54489135742188 145.0 76.0
v 88.0 145.0 76.45513916015625
v 88.0 145.4761962890625 61.0
v 88.0 145.49717712402344 62.0
v 88.0 145.43006896972656 63.0
v 87.50004577636719 146.0 71.0
v 88.0 145.47830200195312 71.0
v 88.0 146.0 71.45809173583984
v 87.45421600341797 146.0 73.0
v 87.52368927001953 146.0 74.0
v 88.0 146.0 74.47803497314453
v 88.0 145.50088500976562 75.0
v 88.0 145.4733428955078 76.0
v 87.45516967773438 147.0 70.0
v 87.54130554199219 147.0 71.0
v 88.0 147.0 71.47711181640625
v 87.52468872070312 147.0 73.0
v 88.0 147.0 73.47522735595703
v 88.0 146.4761962890625 74.0
v 87.47421264648438 148.0 70.0
v 88.0 148.0 70.54769897460938
v 88.0 147.5230712890625 71.0
v 88.0 148.0 71.47591400146484
v 88.0 147.52188110351562 72.0
v 88.0 147.4561767578125 73.0
v 88.0 148.4540557861328 71.0
v 88.0 150.0 65.5467529296875
v 88.0 149.5467529296875 66.0
v 88.0 149.5229034423828 67.0
v 88.0 149.52288818359375 68.0
v 88.0 149.52378845214844 69.0
v 88.0 149.5658416748047 70.0
v 87.54769897460938 150.0 70.0
v 88.0 150.0 70.4729995727539
v 88.0 151.0 65.52194213867188
v 87.45966339111328 151.0 70.0
v 88.0 150.52598571777344 71.0
v 87.5665054321289 151.0 71.0
v 88.0 151.0 71.45153045654297
v 88.0 152.0 65.5238265991211
v 88.0 151.47592163085938 71.0
v 88.0 152.0 70.541015625
v 88.0 152.47703552246094 66.0
v 88.0 152.54286193847656 67.0
v 88.0 153.0 67.47623443603516
v 88.0 153.0 70.4788818359375
v 88.0 153.52276611328125 68.0
v 87.50008392333984 154.0 69.0
v 88.0 154.0 68.47907257080078
v 87.52487182617188 154.0 70.0
v 88.0 154.0 70.45429992675781
v 87.54772186279297 155.0 69.0
v 88.0 155.0 68.54692077636719
v 87.5707778930664 155.0 70.0
v 88.0 155.0 70.42839050292969
v 88.0 155.45223999023438 69.0
v 88.0 155.4284210205078 70.0
v 89.0 101.0 47.52385330200195
v 89.0 100.54473876953125 48.0
v 89.0 100.52192687988281 49.0
v 89.0 100.52192687988281 50.0
v 89.0 100.52192687988281 51.0
v 89.0 100.52192687988281 52.0
v 89.0 100.52192687988281 53.0
v 89.0 100.52192687988281 54.0
v 89.0 100.52192687988281 55.0
v 89.0 100.52193450927734 56.0
v 89.0 100.54473876953125 57.0
v 89.0 101.0 57.47614288330078
v 88.47425842285156 102.0 44.0
v 88.5228042602539 102.0 45.0
v 89.0 102.0 45.50004196166992
v 89.0 101.543701171875 46.0
v 89.0 101.5 47.0
v 89.0 101.5 58.0
v 89.0 101.5228500366211 59.0
v 89.0 101.56828308105469 60.0
v 88.52408599853516 102.0 60.0
v 89.0 102.0 60.45230484008789
v 89.0 103.0 43.54370880126953
v 89.0 102.5238037109375 44.0
v 89.0 102.45714569091797 45.0
v 89.0 102.50184631347656 61.0
v 89.0 103.0 61.5008430480957
v 89.0 104.0 43.49996566772461
v 89.0 103.47892761230469 62.0
v 89.0 103.543701171875 63.0
v 88.5 104.0 63.0
v 89.0 104.0 63.47711181640625
v 88.47513580322266 105.0 42.0
v 88.5257797241211 105.0 43.0
v 89.0 105.0 43.45429229736328
v 89.0 104.50092315673828 64.0
v 89.0 105.0 64.50088500976562
v 89.0 106.0 41.521934509277344
v 89.0 105.50188446044922 42.0
v 89.0 105.45426177978516 43.0
v 89.0 105.47896575927734 65.0
v 89.0 105.54566955566406 66.0
v 88.52574157714844 106.0 66.0
v 89.0 106.0 66.4551010131836
v 89.0 107.0 41.5008544921875
v 88.47430419921875 107.0 66.0
v 89.0 107.0 66.52375793457031
v 89.0 108.0 41.52009201049805
v 89.0 107.45714569091797 67.0
v 89.0 107.54290008544922 68.0
v 88.50292205810547 108.0 68.0
v 89.0 108.0 68.47623443603516
v 89.0 109.0 41.5
v 89.0 108.52376556396484 69.0
v 88.50196838378906 109.0 69.0
v 89.0 109.0 69.45709991455078
v 88.45325469970703 110.0 41.0
v 89.0 110.0 41.47990798950195
v 89.0 110.0 69.54385375976562
v 89.0 111.0 41.4991455078125
v 89.0 110.45614624023438 70.0
v 89.0 110.5428466796875 71.0
v 88.5 111.0 71.0
v 89.0 111.0 71.47807312011719
v 89.0 112.0 41.478065490722656
v 89.0 111.47984313964844 72.0
v 89.0 111.54373931884766 73.0
v 88.50200653076172 112.0 73.0
v 89.0 112.0 73.47711181640625
v 89.0 113.0 40.52193069458008
v 89.0 112.5 41.0
v 89.0 112.5 74.0
v 88.47614288330078 113.0 74.0
v 89.0 112.54469299316406 75.0
v 88.52289581298828 113.0 75.0
v 89.0 113.0 75.47618103027344
v 89.0 114.0 40.500003814697266
v 89.0 113.5 76.0
v 89.0 114.0 76.52184295654297
v 89.0 115.0 40.500892639160156
v 89.0 114.47724151611328 77.0
v 89.0 115.0 77.5228042602539
v 89.0 116.0 40.54570770263672
v 89.0 115.4771957397461 78.0
v 89.0 116.0 78.52275848388672
v 89.0 116.45426177978516 41.0
v 89.0 116.50092315673828 42.0
v 89.0 117.0 42.49907684326172
v 89.0 116.47903442382812 79.0
v 89.0 117.0 79.47984313964844
v 89.0 118.0 42.543701171875
v 89.0 118.0 79.54270935058594
v 89.0 118.49903869628906 43.0
v 88.5 119.0 43.0
v 89.0 119.0 43.45729064941406
v 89.0 118.5 80.0
v 88.5 119.0 80.0
v 89.0 119.0 80.45729064941406
v 88.4021224975586 120.0 39.0
v 89.0 120.0 43.4991455078125
v 89.0 120.0 80.4991455078125
v 88.42729187011719 121.0 39.0
v 89.0 121.0 43.5008544921875
v 89.0 121.0 80.5008544921875
v 89.0 122.0 43.52385330200195
v 88.56959533691406 122.0 45.0
v 89.0 121.5704574584961 45.0
v 89.0 122.0 44.52524948120117
v 89.0 122.0 45.45101547241211
v 89.0 122.0 80.54270935058594
v 88.52717590332031 123.0 43.0
v 89.0 123.0 42.56955337524414
v 89.0 122.54894256591797 43.0
v 89.0 123.0 43.453731536865234
v 89.0 122.47883605957031 44.0
v 88.46009063720703 123.0 45.0
v 89.0 122.50273895263672 46.0
v 88.52200317382812 123.0 46.0
v 88.57046508789062 123.0 47.0
v 89.0 122.5696792602539 47.0
v 89.0 123.0 47.430328369140625
v 89.0 122.5 81.0
v 88.5 123.0 81.0
v 89.0 123.0 81.45729064941406
v 89.0 124.0 42.544944763183594
v 89.0 124.0 43.519805908203125
v 88.52283477783203 124.0 44.0
v 88.47632598876953 124.0 46.0
v 89.0 124.0 46.549659729003906
v 89.0 123.49888610839844 47.0
v 89.0 124.0 81.52015686035156
v 89.0 124.47509002685547 43.0
v 89.0 124.50444793701172 44.0
v 89.0 125.0 43.549034118652344
v 89.0 125.0 44.430389404296875
v 89.0 124.43145751953125 47.0
v 89.0 124.47981262207031 48.0
v 88.54878997802734 125.0 49.0
v 89.0 124.56849670410156 49.0
v 89.0 125.0 49.43146514892578
v 89.0 124.52197265625 82.0
v 89.0 125.0 82.456298828125
v 89.0 125.43028259277344 44.0
v 88.50092315673828 126.0 49.0
v 89.0 126.0 49.49815368652344
v 89.0 126.0 82.4991455078125
v 88.47623443603516 127.0 49.0
v 89.0 127.0 49.522762298583984
v 89.0 127.0 82.5
v 88.50104522705078 128.0 50.0
v 89.0 127.50008392333984 50.0
v 89.0 128.0 50.45724868774414
v 89.0 128.0 82.5
v 89.0 129.0 50.4991455078125
v 89.0 129.0 82.47898864746094
v 89.0 130.0 50.4991455078125
v 89.0 129.52188110351562 82.0
v 89.0 130.0 81.5428466796875
v 88.47803497314453 131.0 50.0
v 89.0 131.0 50.47984313964844
v 88.50096130371094 131.0 81.0
v 89.0 131.0 81.45714569091797
v 88.49818420410156 132.0 50.0
v 89.0 132.0 50.499080657958984
v 89.0 131.47811889648438 81.0
v 89.0 132.0 80.52101135253906
v 88.45226287841797 133.0 50.0
v 89.0 133.0 50.523765563964844
v 89.0 133.0 80.5
v 88.47627258300781 134.0 51.0
v 89.0 133.476318359375 51.0
v 88.54582977294922 134.0 52.0
v 89.0 133.5458221435547 52.0
v 89.0 134.0 52.453330993652344
v 89.0 134.0 80.4991455078125
v 88.5 135.0 52.0
v 89.0 135.0 52.4990348815918
v 88.5 135.0 80.0
v 89.0 135.0 80.45729064941406
v 88.45417022705078 136.0 52.0
v 89.0 135.52288818359375 53.0
v 88.52368927001953 136.0 53.0
v 89.0 136.0 53.476234436035156
v 89.0 135.50096130371094 80.0
v 89.0 136.0 79.543701171875
v 88.50296020507812 137.0 54.0
v 89.0 136.5238037109375 54.0
v 89.0 137.0 54.45625686645508
v 89.0 137.0 79.52193450927734
v 89.0 138.0 54.5201530456543
v 89.0 138.0 79.52101135253906
v 89.0 138.52197265625 55.0
v 88.47702026367188 139.0 55.0
v 89.0 139.0 55.456302642822266
v 89.0 139.0 79.5008544921875
v 89.0 140.0 55.5211181640625
v 89.0 140.0 79.47806549072266
v 89.0 140.49815368652344 56.0
v 88.5 141.0 57.0
v 89.0 141.0 56.52284622192383
v 89.0 140.4999542236328 79.0
v 89.0 141.0 78.52108001708984
v 89.0 141.4571533203125 57.0
v 89.0 141.54385375976562 58.0
v 89.0 142.0 58.456146240234375
v 88.5517807006836 142.0 63.0
v 89.0 141.59625244140625 63.0
v 89.0 142.0 62.57606887817383
v 89.0 142.0 63.42478942871094
v 88.49907684326172 142.0 78.0
v 89.0 142.0 78.45729064941406
v 88.50100708007812 143.0 59.0
v 89.0 143.0 58.542850494384766
v 89.0 142.55081176757812 62.0
v 89.0 143.0 61.57050704956055
v 89.0 142.5027618408203 64.0
v 88.49888610839844 143.0 65.0
v 89.0 142.5682830810547 65.0
v 89.0 143.0 65.45325469970703
v 89.0 142.4999542236328 78.0
v 89.0 143.0 77.54186248779297
v 89.0 143.4780731201172 59.0
v 89.0 144.0 59.4798469543457
v 89.0 143.450927734375 62.0
v 89.0 144.0 62.50188446044922
v 89.0 143.4799041748047 66.0
v 89.0 143.5219268798828 67.0
v 89.0 144.0 67.5
v 88.50192260742188 144.0 77.0
v 89.0 144.0 77.45714569091797
v 88.50300598144531 145.0 60.0
v 89.0 145.0 59.54374313354492
v 89.0 144.5230255126953 63.0
v 89.0 145.0 63.45425796508789
v 89.0 144.4780731201172 68.0
v 89.0 144.5 69.0
v 89.0 144.5008544921875 70.0
v 88.48027038574219 145.0 71.0
v 89.0 144.54473876953125 71.0
v 89.0 145.0 71.45525360107422
v 89.0 144.47804260253906 77.0
v 89.0 145.0 76.51844787597656
v 89.0 145.4761962890625 60.0
v 88.5247802734375 146.0 61.0
v 89.0 146.0 60.524776458740234
v 88.52385711669922 146.0 62.0
v 89.0 146.0 62.476139068603516
v 89.0 145.47512817382812 63.0
v 89.0 146.0 71.4991455078125
v 89.0 145.56719970703125 75.0
v 89.0 146.0 74.54576873779297
v 88.57490539550781 146.0 76.0
v 89.0 146.0 75.52775573730469
v 89.0 146.0 76.4057388305664
v 89.0 146.45526123046875 61.0
v 89.0 146.45529174804688 62.0
v 89.0 147.0 71.47977447509766
v 89.0 146.50096130371094 74.0
v 89.0 147.0 73.50092315673828
v 89.0 146.40492248535156 76.0
v 89.0 148.0 70.5237808227539
v 89.0 147.50186157226562 71.0
v 88.47727966308594 148.0 72.0
v 89.0 148.0 72.52176666259766
v 89.0 147.52183532714844 73.0
v 88.50189208984375 149.0 71.0
v 89.0 149.0 70.52197265625
v 88.54381561279297 149.0 72.0
v 89.0 149.0 72.45614624023438
v 88.4532470703125 150.0 66.0
v 88.47714233398438 150.0 67.0
v 88.47795867919922 150.0 68.0
v 88.47791290283203 150.0 69.0
v 88.4759521484375 150.0 70.0
v 89.0 150.0 70.49803924560547
v 88.5009994506836 150.0 71.0
v 89.0 150.0 71.52384185791016
v 89.0 149.5209503173828 72.0
v 88.49903106689453 151.0 66.0
v 88.5237808227539 151.0 67.0
v 88.54490661621094 151.0 68.0
v 88.56880950927734 151.0 69.0
v 89.0 151.0 69.44927215576172
v 89.0 150.47535705566406 70.0
v 89.0 150.50009155273438 72.0
v 88.54741668701172 151.0 72.0
v 89.0 151.0 72.45258331298828
v 89.0 152.0 65.54474639892578
v 89.0 151.5230255126953 66.0
v 89.0 151.47784423828125 67.0
v 89.0 151.45428466796875 68.0
v 89.0 151.43028259277344 69.0
v 88.5 152.0 71.0
v 89.0 152.0 71.49808502197266
v 89.0 151.47506713867188 72.0
v 89.0 152.49697875976562 66.0
v 88.49703979492188 153.0 67.0
v 89.0 153.0 66.4990463256836
v 88.54715728759766 153.0 70.0
v 89.0 152.5688018798828 70.0
v 89.0 153.0 69.57041931152344
v 89.0 152.45901489257812 71.0
v 89.0 153.5000457763672 67.0
v 88.498046875 154.0 68.0
v 89.0 154.0 67.49996185302734
v 88.49898529052734 154.0 70.0
v 89.0 154.0 69.54304504394531
v 89.0 154.50099182128906 68.0
v 89.0 155.0 68.50196838378906
v 88.45076751708984 155.0 70.0
v 89.0 155.0 69.47798156738281
v 89.0 155.47531127929688 69.0
v 89.47526550292969 101.0 48.0
v 89.49996185302734 101.0 49.0
v 89.5 101.0 50.0
v 89.5 101.0 51.0
v 89.5 101.0 52.0
v 89.5 101.0 53.0
v 89.5 101.0 54.0
v 89.5 101.0 55.0
v 89.49996185302734 101.0 56.0
v 89.47526550292969 101.0 57.0
v 89.47803497314453 102.0 46.0
v 89.52288818359375 102.0 47.0
v 90.0 102.0 47.49799346923828
v 90.0 101.52176666259766 48.0
v 90.0 101.47892761230469 49.0
v 90.0 101.47807312011719 50.0
v 90.0 101.47807312011719 51.0
v 90.0 101.47807312011719 52.0
v 90.0 101.47807312011719 53.0
v 90.0 101.47807312011719 54.0
v 90.0 101.47807312011719 55.0
v 90.0 101.47892761230469 56.0
v 90.0 101.52180480957031 57.0
v 89.52188873291016 102.0 58.0
v 90.0 102.0 57.50096130371094
v 89.4981460571289 102.0 59.0
v 89.45317840576172 102.0 60.0
v 89.49699401855469 103.0 44.0
v 90.0 103.0 44.50199890136719
v 90.0 102.54190063476562 45.0
v 90.0 102.47984313964844 46.0
v 90.0 102.45625305175781 47.0
v 90.0 102.4771957397461 58.0
v 90.0 102.50003814697266 59.0
v 90.0 102.50184631347656 60.0
v 90.0 102.5448989868164 61.0
v 90.0 103.0 61.475135803222656
v 90.0 104.0 43.54374313354492
v 90.0 103.50300598144531 44.0
v 90.0 103.50188446044922 62.0
v 90.0 103.54574584960938 63.0
v 90.0 104.0 63.47417449951172
v 90.0 105.0 43.49907684326172
v 90.0 104.5238037109375 64.0
v 90.0 105.0 64.4771499633789
v 90.0 106.0 41.546756744384766
v 90.0 105.5467529296875 42.0
v 90.0 105.5 43.0
v 90.0 105.5 65.0
v 90.0 105.54478454589844 66.0
v 90.0 106.0 66.47431182861328
v 90.0 107.0 41.54474639892578
v 90.0 106.54646301269531 67.0
v 89.52192687988281 107.0 67.0
v 90.0 107.0 67.45353698730469
v 90.0 107.52082824707031 42.0
v 89.54460144042969 108.0 42.0
v 90.0 108.0 42.453582763671875
v 90.0 107.52371978759766 68.0
v 90.0 108.0 68.47715759277344
v 90.0 109.0 41.54374313354492
v 90.0 108.47815704345703 42.0
v 90.0 108.5228042602539 69.0
v 90.0 109.0 69.47723388671875
v 90.0 110.0 41.52101135253906
v 90.0 109.52176666259766 70.0
v 89.4970703125 110.0 70.0
v 90.0 110.0 70.49999237060547
v 90.0 111.0 41.5
v 90.0 110.47824096679688 71.0
v 90.0 111.0 71.52376556396484
v 90.0 112.0 41.456298828125
v 90.0 111.45626068115234 72.0
v 90.0 111.52108001708984 73.0
v 90.0 112.0 73.5
v 90.0 113.0 40.52101135253906
v 90.0 112.47807312011719 41.0
v 90.0 112.47892761230469 74.0
v 90.0 112.543701171875 75.0
v 90.0 113.0 75.47798919677734
v 90.0 114.0 40.500858306884766
v 90.0 113.48069763183594 76.0
v 90.0 113.56725311279297 77.0
v 89.52403259277344 114.0 77.0
v 90.0 114.0 77.45243835449219
v 90.0 115.0 40.54370880126953
v 90.0 114.52376556396484 78.0
v 89.50008392333984 115.0 78.0
v 90.0 115.0 78.47623443603516
v 90.0 115.4761962890625 41.0
v 89.4742202758789 116.0 41.0
v 89.52385711669922 116.0 42.0
v 90.0 115.54393005371094 42.0
v 90.0 116.0 42.4743537902832
v 90.0 115.54756164550781 79.0
v 89.52403259277344 116.0 79.0
v 90.0 116.0 79.43274688720703
v 89.54682922363281 117.0 43.0
v 90.0 116.5486068725586 43.0
v 90.0 117.0 43.43166732788086
v 90.0 117.0 79.51930236816406
v 89.47895812988281 118.0 43.0
v 90.0 118.0 43.478065490722656
v 90.0 117.52201080322266 80.0
v 89.50096893310547 118.0 80.0
v 90.0 118.0 80.456298828125
v 90.0 119.0 43.4991455078125
v 90.0 119.0 80.4991455078125
v 90.0 120.0 43.5
v 90.0 120.0 80.5
v 90.0 121.0 43.501747131347656
v 90.0 121.0 80.52101135253906
v 90.0 122.0 43.54879379272461
v 90.0 121.54469299316406 45.0
v 90.0 122.0 44.47582244873047
v 90.0 122.0 45.477989196777344
v 90.0 121.52193450927734 81.0
v 89.50096893310547 122.0 81.0
v 90.0 122.0 81.456298828125
v 90.0 123.0 42.569732666015625
v 90.0 122.54995727539062 43.0
v 90.0 123.0 43.47068786621094
v 90.0 122.47185516357422 44.0
v 90.0 122.47811126708984 46.0
v 90.0 122.52193450927734 47.0
v 90.0 123.0 47.518959045410156
v 90.0 123.0 81.4991455078125
v 90.0 124.0 42.5477294921875
v 90.0 123.52930450439453 44.0
v 89.5044937133789 124.0 44.0
v 90.0 124.0 44.429481506347656
v 89.4314193725586 124.0 47.0
v 90.0 123.50196838378906 48.0
v 89.52099609375 124.0 48.0
v 90.0 124.0 48.45803451538086
v 90.0 124.0 81.5008544921875
v 90.0 124.4721450805664 43.0
v 90.0 125.0 43.552162170410156
v 90.0 125.0 44.428123474121094
v 90.0 125.0 48.5673713684082
v 89.49888610839844 125.0 49.0
v 89.5 125.0 82.0
v 90.0 125.0 81.543701171875
v 90.0 125.42733764648438 44.0
v 90.0 125.43342590332031 49.0
v 90.0 125.56770324707031 50.0
v 89.54792022705078 126.0 50.0
v 90.0 126.0 50.43067169189453
v 90.0 125.47807312011719 82.0
v 90.0 126.0 82.47898864746094
v 89.4799575805664 127.0 50.0
v 90.0 127.0 50.47806930541992
v 90.0 127.0 82.5
v 90.0 128.0 50.4991455078125
v 90.0 128.0 82.5
v 90.0 129.0 50.5
v 90.0 129.0 82.4991455078125
v 90.0 130.0 50.5
v 89.50004577636719 130.0 82.0
v 90.0 130.0 82.456298828125
v 90.0 131.0 50.52009201049805
v 90.0 130.47715759277344 82.0
v 90.0 131.0 81.5
v 90.0 131.5467529296875 51.0
v 89.54682159423828 132.0 51.0
v 90.0 132.0 51.43171691894531
v 90.0 131.52284240722656 81.0
v 90.0 132.0 80.543701171875
v 89.47803497314453 133.0 51.0
v 90.0 133.0 51.49907684326172
v 90.0 133.0 80.5008544921875
v 90.0 133.52389526367188 52.0
v 90.0 134.0 52.45526123046875
v 90.0 134.0 80.5
v 90.0 135.0 52.499996185302734
v 90.0 135.0 80.4991455078125
v 90.0 135.5218963623047 53.0
v 90.0 136.0 53.477195739746094
v 89.47807312011719 136.0 80.0
v 90.0 136.0 80.47898864746094
v 90.0 136.5238037109375 54.0
v 90.0 137.0 54.45625686645508
v 89.5 137.0 80.0
v 90.0 137.0 80.47806549072266
v 90.0 138.0 54.52107620239258
v 89.52192687988281 138.0 80.0
v 90.0 138.0 80.456298828125
v 90.0 138.5000457763672 55.0
v 90.0 139.0 55.47806930541992
v 90.0 138.49903869628906 80.0
v 90.0 139.0 79.54270935058594
v 90.0 140.0 55.52192687988281
v 90.0 140.0 79.47984313964844
v 90.0 140.49903869628906 56.0
v 90.0 141.0 56.50004196166992
v 90.0 140.52197265625 79.0
v 90.0 141.0 78.543701171875
v 90.0 141.49908447265625 57.0
v 89.49798583984375 142.0 58.0
v 90.0 142.0 57.52184295654297
v 89.40459442138672 142.0 63.0
v 90.0 142.0 78.5
v 90.0 142.47816467285156 58.0
v 90.0 143.0 58.50096130371094
v 89.43038940429688 143.0 62.0
v 89.5184326171875 143.0 63.0
v 89.50003814697266 143.0 64.0
v 89.45413208007812 143.0 65.0
v 89.50004577636719 143.0 78.0
v 90.0 143.0 78.45729064941406
v 90.0 143.4999542236328 59.0
v 90.0 144.0 59.49911880493164
v 90.0 143.5220489501953 63.0
v 90.0 144.0 62.54296875
v 90.0 143.4788818359375 64.0
v 90.0 143.47898864746094 65.0
v 90.0 143.4991455078125 66.0
v 90.0 143.52101135253906 67.0
v 90.0 144.0 67.52192687988281
v 90.0 143.49899291992188 78.0
v 90.0 144.0 77.52175903320312
v 90.0 145.0 59.54570388793945
v 90.0 144.52528381347656 63.0
v 90.0 145.0 63.429542541503906
v 90.0 144.456298828125 68.0
v 90.0 144.5 69.0
v 90.0 144.52101135253906 70.0
v 90.0 144.54574584960938 71.0
v 90.0 145.0 71.45429229736328
v 90.0 144.52276611328125 77.0
v 90.0 145.0 76.52276611328125
v 90.0 145.47421264648438 60.0
v 90.0 146.0 60.52582550048828
v 90.0 145.45010375976562 63.0
v 90.0 146.0 62.47417068481445
v 90.0 146.0 71.49910736083984
v 89.47602081298828 146.0 75.0
v 90.0 146.0 75.49903869628906
v 90.0 145.52175903320312 76.0
v 89.44744873046875 146.0 76.0
v 90.0 146.45425415039062 61.0
v 90.0 146.45425415039062 62.0
v 90.0 147.0 71.4790267944336
v 90.0 146.54385375976562 74.0
v 90.0 147.0 73.54385375976562
v 90.0 146.45814514160156 75.0
v 90.0 148.0 70.543701171875
v 90.0 147.5219268798828 71.0
v 89.5 148.0 73.0
v 90.0 148.0 73.45813751220703
v 90.0 149.0 70.50089263916016
v 90.0 148.50096130371094 73.0
v 90.0 149.0 72.54281616210938
v 90.0 150.0 70.47795867919922
v 89.45354461669922 150.0 72.0
v 90.0 150.0 72.52367401123047
v 89.49893951416016 151.0 68.0
v 90.0 151.0 67.52288818359375
v 90.0 150.54469299316406 68.0
v 90.0 150.52101135253906 69.0
v 89.45191955566406 151.0 69.0
v 90.0 150.4779510498047 70.0
v 90.0 150.52403259277344 73.0
v 89.54846954345703 151.0 73.0
v 90.0 151.0 73.43270111083984
v 90.0 152.0 65.5238265991211
v 90.0 151.52378845214844 66.0
v 90.0 151.47901916503906 67.0
v 89.50096130371094 152.0 72.0
v 90.0 152.0 72.5
v 90.0 151.47496032714844 73.0
v 89.50201416015625 153.0 66.0
v 90.0 153.0 65.54374694824219
v 89.45010375976562 153.0 70.0
v 90.0 153.0 70.5257797241211
v 90.0 152.54486083984375 71.0
v 90.0 152.48007202148438 72.0
v 90.0 153.4761962890625 66.0
v 89.50191497802734 154.0 67.0
v 90.0 154.0 66.5228042602539
v 89.4980239868164 154.0 70.0
v 90.0 154.0 70.47819519042969
v 90.0 154.47720336914062 67.0
v 89.50096130371094 155.0 68.0
v 90.0 155.0 67.5228042602539
v 90.0 154.50100708007812 70.0
v 90.0 155.0 69.54120635986328
v 90.0 155.47718811035156 68.0
v 89.54971313476562 156.0 69.0
v 90.0 156.0 68.54884338378906
v 90.0 156.0 69.45115661621094
v 90.0 156.43057250976562 69.0
v 90.5009994506836 102.0 48.0
v 91.0 102.0 48.499996185302734
v 91.0 101.54270935058594 49.0
v 91.0 101.5008544921875 50.0
v 91.0 101.5 51.0
v 91.0 101.5 52.0
v 91.0 101.5 53.0
v 91.0 101.5008544921875 54.0
v 91.0 101.52104949951172 55.0
v 91.0 101.5447006225586 56.0
v 90.49896240234375 102.0 57.0
v 91.0 102.0 56.496028900146484
v 90.4990005493164 103.0 45.0
v 91.0 103.0 45.50100326538086
v 91.0 102.54270935058594 46.0
v 91.0 102.5 47.0
v 91.0 102.45729064941406 48.0
v 91.0 102.50199890136719 57.0
v 90.52275848388672 103.0 58.0
v 91.0 103.0 57.49995803833008
v 90.49908447265625 103.0 59.0
v 90.4788818359375 103.0 60.0
v 90.45433044433594 103.0 61.0
v 90.47711181640625 104.0 44.0
v 91.0 104.0 44.500038146972656
v 91.0 103.47915649414062 45.0
v 91.0 103.47811889648438 58.0
v 91.0 103.52188110351562 59.0
v 91.0 104.0 59.500083923339844
v 90.5427474975586 104.0 60.0
v 90.49996948242188 104.0 61.0
v 90.47806549072266 104.0 62.0
v 90.45429229736328 104.0 63.0
v 90.52288818359375 105.0 44.0
v 91.0 105.0 44.45625686645508
v 91.0 104.49795532226562 60.0
v 91.0 105.0 60.5040168762207
v 90.54474639892578 105.0 61.0
v 90.52289581298828 105.0 62.0
v 90.52200317382812 105.0 63.0
v 90.47722625732422 105.0 64.0
v 90.4532470703125 106.0 42.0
v 90.49907684326172 106.0 43.0
v 91.0 106.0 43.521846771240234
v 91.0 105.49895477294922 44.0
v 91.0 105.45525360107422 61.0
v 91.0 105.47710418701172 62.0
v 91.0 105.47714233398438 63.0
v 91.0 105.4990463256836 64.0
v 90.54682922363281 106.0 65.0
v 91.0 106.0 64.54769897460938
v 90.47702026367188 106.0 66.0
v 90.45525360107422 107.0 42.0
v 90.52108001708984 107.0 43.0
v 91.0 107.0 43.49907684326172
v 91.0 106.43167114257812 65.0
v 91.0 106.49815368652344 66.0
v 90.50110626220703 107.0 67.0
v 91.0 107.0 66.54668426513672
v 90.5246810913086 108.0 43.0
v 91.0 108.0 43.47615051269531
v 91.0 107.4515380859375 67.0
v 90.52399444580078 108.0 68.0
v 91.0 108.0 67.54850769042969
v 90.47711181640625 109.0 42.0
v 91.0 109.0 42.500038146972656
v 91.0 108.4771499633789 43.0
v 91.0 108.45153045654297 68.0
v 90.52398681640625 109.0 69.0
v 91.0 109.0 68.54842376708984
v 90.52289581298828 110.0 42.0
v 91.0 110.0 42.45530700683594
v 91.0 109.43354034423828 69.0
v 91.0 109.52022552490234 70.0
v 91.0 109.56837463378906 71.0
v 90.52609252929688 110.0 71.0
v 91.0 110.0 71.45047760009766
v 91.0 111.0 41.500919342041016
v 91.0 110.47622680664062 42.0
v 91.0 110.54737854003906 72.0
v 90.52193450927734 111.0 72.0
v 91.0 111.0 72.4534912109375
v 90.52404022216797 112.0 41.0
v 91.0 112.0 40.56828689575195
v 91.0 111.54765319824219 41.0
v 91.0 111.52371978759766 73.0
v 91.0 112.0 73.4771957397461
v 91.0 113.0 40.522857666015625
v 91.0 112.52180480957031 74.0
v 90.49803161621094 113.0 75.0
v 91.0 113.0 74.49995422363281
v 91.0 114.0 40.543701171875
v 91.0 113.478271484375 75.0
v 91.0 113.54385375976562 76.0
v 90.47496795654297 114.0 77.0
v 91.0 114.0 76.49702453613281
v 91.0 114.49799346923828 41.0
v 90.4979476928711 115.0 41.0
v 91.0 115.0 41.479156494140625
v 91.0 114.4800796508789 77.0
v 91.0 114.54586791992188 78.0
v 91.0 115.0 78.45413208007812
v 91.0 115.5018081665039 42.0
v 91.0 116.0 42.4788818359375
v 90.47501373291016 116.0 79.0
v 91.0 116.0 78.52084350585938
v 90.4749526977539 117.0 43.0
v 91.0 117.0 42.54270553588867
v 91.0 116.50004577636719 79.0
v 91.0 117.0 79.47819519042969
v 91.0 117.50000762939453 43.0
v 91.0 118.0 43.4572868347168
v 91.0 117.52473449707031 80.0
v 91.0 118.0 80.45526123046875
v 91.0 119.0 43.4991455078125
v 91.0 119.0 80.47898864746094
v 91.0 120.0 43.5008544921875
v 91.0 120.0 80.4991455078125
v 91.0 121.0 43.54374694824219
v 91.0 121.0 80.52101135253906
v 91.0 121.4753189086914 44.0
v 90.45037841796875 122.0 44.0
v 91.0 121.52108001708984 45.0
v 91.0 122.0 45.52108383178711
v 91.0 121.52193450927734 81.0
v 91.0 122.0 81.456298828125
v 90.42951202392578 123.0 43.0
v 91.0 122.456298828125 46.0
v 91.0 122.4991455078125 47.0
v 90.50213623046875 123.0 48.0
v 91.0 122.52472686767578 48.0
v 91.0 123.0 48.45624923706055
v 91.0 123.0 81.4991455078125
v 90.4522705078125 124.0 43.0
v 90.4302749633789 124.0 44.0
v 91.0 124.0 48.52015686035156
v 91.0 124.0 81.5
v 90.4273681640625 125.0 44.0
v 91.0 124.52191925048828 49.0
v 90.47596740722656 125.0 49.0
v 91.0 125.0 49.457149505615234
v 91.0 125.0 81.52193450927734
v 91.0 126.0 49.542850494384766
v 90.474853515625 126.0 50.0
v 91.0 125.5 82.0
v 91.0 126.0 82.47807312011719
v 91.0 126.47811889648438 50.0
v 91.0 127.0 50.47898483276367
v 91.0 127.0 82.5
v 91.0 128.0 50.5
v 91.0 128.0 82.5
v 91.0 129.0 50.5
v 91.0 129.0 82.5
v 91.0 130.0 50.5
v 91.0 130.0 82.47806549072266
v 91.0 131.0 50.5008544921875
v 91.0 130.4999237060547 82.0
v 91.0 131.0 81.52021789550781
v 90.4749984741211 132.0 51.0
v 91.0 132.0 50.54270935058594
v 90.52297973632812 132.0 81.0
v 91.0 132.0 81.43279266357422
v 91.0 132.4999542236328 51.0
v 91.0 133.0 51.45813751220703
v 91.0 132.4542999267578 81.0
v 91.0 133.0 80.52009582519531
v 90.4770278930664 134.0 52.0
v 91.0 134.0 51.52016067504883
v 91.0 134.0 80.5
v 90.52385711669922 135.0 52.0
v 91.0 135.0 51.54473876953125
v 91.0 135.0 80.5
v 91.0 135.4752197265625 52.0
v 90.5 136.0 53.0
v 91.0 136.0 52.522804260253906
v 91.0 136.0 80.5
v 91.0 136.47718811035156 53.0
v 90.49894714355469 137.0 54.0
v 91.0 137.0 53.522762298583984
v 91.0 137.0 80.5
v 91.0 137.47811889648438 54.0
v 91.0 138.0 54.500919342041016
v 91.0 138.0 80.4991455078125
v 91.0 138.5009307861328 55.0
v 91.0 139.0 55.47807312011719
v 90.50096130371094 139.0 80.0
v 91.0 139.0 80.456298828125
v 91.0 140.0 55.52193069458008
v 91.0 139.47802734375 80.0
v 91.0 140.0 79.52015686035156
v 91.0 140.49903869628906 56.0
v 91.0 141.0 56.5
v 90.5 141.0 79.0
v 91.0 141.0 79.456298828125
v 91.0 141.5 57.0
v 91.0 142.0 57.5
v 91.0 141.4780731201172 79.0
v 91.0 142.0 78.52101135253906
v 91.0 142.5 58.0
v 91.0 143.0 58.500885009765625
v 91.0 143.0 78.498291015625
v 91.0 143.4798126220703 59.0
v 90.54682922363281 144.0 60.0
v 91.0 143.56829833984375 60.0
v 91.0 144.0 60.45226287841797
v 91.0 143.5457000732422 63.0
v 91.0 144.0 62.524864196777344
v 91.0 143.52197265625 64.0
v 91.0 143.5219268798828 65.0
v 91.0 143.52101135253906 66.0
v 91.0 143.501708984375 67.0
v 90.5 144.0 68.0
v 91.0 143.543701171875 68.0
v 91.0 144.0 68.4771499633789
v 90.52498626708984 144.0 78.0
v 91.0 144.0 78.43274688720703
v 90.45597839355469 145.0 60.0
v 91.0 144.5027618408203 61.0
v 90.52108001708984 145.0 61.0
v 90.52019500732422 145.0 62.0
v 91.0 144.50184631347656 62.0
v 90.4312744140625 145.0 63.0
v 91.0 144.5 69.0
v 90.52289581298828 145.0 70.0
v 91.0 145.0 69.52381134033203
v 90.47509002685547 145.0 71.0
v 90.50100708007812 145.0 77.0
v 91.0 145.0 77.4753189086914
v 91.0 144.4524383544922 78.0
v 90.45429229736328 146.0 61.0
v 90.45429229736328 146.0 62.0
v 91.0 145.45530700683594 70.0
v 91.0 145.50189208984375 71.0
v 91.0 146.0 71.47806549072266
v 91.0 145.5428466796875 76.0
v 91.0 146.0 75.5228042602539
v 91.0 145.45706176757812 77.0
v 91.0 147.0 71.498291015625
v 90.49702453613281 147.0 74.0
v 91.0 147.0 74.47919464111328
v 91.0 146.50003051757812 75.0
v 90.52297973632812 148.0 71.0
v 91.0 148.0 71.43283081054688
v 91.0 147.50196838378906 74.0
v 91.0 148.0 73.54285430908203
v 91.0 149.0 70.52008819580078
v 91.0 148.4542999267578 71.0
v 90.4771499633789 149.0 73.0
v 91.0 149.0 73.50092315673828
v 91.0 150.0 70.47710418701172
v 90.47811126708984 150.0 73.0
v 91.0 150.0 73.5
v 91.0 151.0 67.47807312011719
v 91.0 150.52101135253906 68.0
v 91.0 150.5 69.0
v 91.0 150.4770965576172 70.0
v 91.0 151.0 73.5
v 91.0 152.0 65.52285766601562
v 91.0 151.5220489501953 66.0
v 91.0 151.456298828125 67.0
v 90.47919464111328 152.0 73.0
v 91.0 152.0 73.4990463256836
v 91.0 153.0 65.52101135253906
v 90.45429992675781 153.0 71.0
v 90.47895050048828 153.0 72.0
v 90.52200317382812 153.0 73.0
v 91.0 153.0 73.47799682617188
v 91.0 153.5208740234375 66.0
v 91.0 154.0 66.47815704345703
v 90.49907684326172 154.0 71.0
v 90.501708984375 154.0 72.0
v 90.54474639892578 154.0 73.0
v 91.0 154.0 73.45525360107422
v 91.0 154.50096130371094 67.0
v 91.0 155.0 67.49903869628906
v 90.47623443603516 155.0 70.0
v 91.0 155.0 70.54773712158203
v 91.0 154.54769897460938 71.0
v 90.56720733642578 155.0 72.0
v 91.0 155.0 71.49889373779297
v 91.0 155.0 72.47501373291016
v 91.0 154.49693298339844 73.0
v 91.0 155.52183532714844 68.0
v 91.0 156.0 68.48004150390625
v 90.52477264404297 156.0 70.0
v 91.0 156.0 70.47702026367188
v 91.0 155.45423889160156 72.0
v 91.0 156.47802734375 69.0
v 91.0 156.45533752441406 70.0
v 91.52394104003906 102.0 49.0
v 92.0 102.0 49.454307556152344
v 92.0 101.52009582519531 50.0
v 92.0 101.5 51.0
v 92.0 101.5 52.0
v 92.0 101.5008544921875 53.0
v 92.0 101.54275512695312 54.0
v 91.51992797851562 102.0 55.0
v 92.0 102.0 54.49895477294922
v 91.45610809326172 102.0 56.0
v 91.49995422363281 103.0 46.0
v 92.0 103.0 46.50004196166992
v 92.0 102.54270935058594 47.0
v 92.0 102.4991455078125 48.0
v 92.0 102.43279266357422 49.0
v 92.0 102.4990463256836 55.0
v 92.0 103.0 55.501956939697266
v 91.54190063476562 103.0 56.0
v 91.45809936523438 103.0 57.0
v 92.0 104.0 44.544700622558594
v 92.0 103.54389190673828 45.0
v 92.0 103.45813751220703 46.0
v 92.0 103.49803924560547 56.0
v 92.0 104.0 56.50292205810547
v 91.54289245605469 104.0 57.0
v 91.50092315673828 104.0 58.0
v 91.47724151611328 104.0 59.0
v 92.0 105.0 44.5
v 92.0 104.47623443603516 57.0
v 92.0 104.49996185302734 58.0
v 92.0 104.52275848388672 59.0
v 91.50204467773438 105.0 60.0
v 92.0 105.0 59.500083923339844
v 91.47907257080078 106.0 44.0
v 92.0 106.0 44.47898864746094
v 92.0 105.45724487304688 60.0
v 92.0 105.4991455078125 61.0
v 92.0 105.5 62.0
v 92.0 105.5 63.0
v 92.0 105.5008544921875 64.0
v 92.0 105.54270935058594 65.0
v 91.4749526977539 106.0 65.0
v 92.0 106.0 65.49996185302734
v 91.5018539428711 107.0 44.0
v 92.0 107.0 44.47714614868164
v 92.0 106.45813751220703 66.0
v 92.0 106.52019500732422 67.0
v 91.45513916015625 107.0 67.0
v 92.0 106.54666900634766 68.0
v 91.54420471191406 107.0 68.0
v 92.0 107.0 68.45413970947266
v 91.54888153076172 108.0 44.0
v 92.0 108.0 44.43057632446289
v 91.45333862304688 108.0 68.0
v 92.0 108.0 68.52176666259766
v 92.0 109.0 42.52281188964844
v 92.0 108.52114868164062 43.0
v 92.0 108.43061065673828 44.0
v 92.0 108.49995422363281 69.0
v 91.47501373291016 109.0 69.0
v 92.0 109.0 69.47915649414062
v 92.0 110.0 42.47806930541992
v 92.0 110.0 69.56963348388672
v 91.54723358154297 110.0 70.0
v 91.45404052734375 110.0 71.0
v 92.0 111.0 41.521080017089844
v 92.0 110.49996185302734 42.0
v 92.0 110.42957305908203 70.0
v 92.0 110.49903869628906 71.0
v 91.47706604003906 111.0 72.0
v 92.0 111.0 71.52192687988281
v 91.4541244506836 112.0 41.0
v 92.0 112.0 41.47899627685547
v 92.0 111.4771957397461 72.0
v 91.49995422363281 112.0 73.0
v 92.0 112.0 72.5228042602539
v 91.49910736083984 113.0 41.0
v 92.0 113.0 41.47807312011719
v 92.0 112.4771957397461 73.0
v 91.50096130371094 113.0 74.0
v 92.0 113.0 73.5228042602539
v 91.47802734375 114.0 41.0
v 92.0 114.0 41.4798469543457
v 92.0 113.4771957397461 74.0
v 91.52368927001953 114.0 75.0
v 92.0 114.0 74.52376556396484
v 91.45618438720703 114.0 76.0
v 92.0 115.0 41.542850494384766
v 92.0 114.47623443603516 75.0
v 92.0 115.0 75.52376556396484
v 91.54286193847656 115.0 76.0
v 91.47980499267578 115.0 77.0
v 91.45333099365234 115.0 78.0
v 92.0 115.47811126708984 42.0
v 92.0 116.0 42.47898864746094
v 92.0 115.49703979492188 76.0
v 92.0 116.0 76.50300598144531
v 91.54373931884766 116.0 77.0
v 91.49996185302734 116.0 78.0
v 92.0 117.0 42.5008544921875
v 92.0 116.4761962890625 77.0
v 92.0 116.52188873291016 78.0
v 91.4990463256836 117.0 79.0
v 92.0 117.0 78.49808502197266
v 91.5 118.0 43.0
v 92.0 118.0 42.54270935058594
v 92.0 117.50191497802734 79.0
v 91.47522735595703 118.0 80.0
v 92.0 118.0 79.4771957397461
v 92.0 118.5 43.0
v 92.0 119.0 43.45729446411133
v 91.52092742919922 119.0 80.0
v 92.0 119.0 79.52275848388672
v 92.0 120.0 43.51924133300781
v 92.0 119.50008392333984 80.0
v 92.0 120.0 80.45724487304688
v 92.0 120.54459381103516 44.0
v 91.5217514038086 121.0 44.0
v 92.0 121.0 44.45537185668945
v 92.0 121.0 80.5
v 92.0 121.48161315917969 45.0
v 91.52297973632812 122.0 46.0
v 92.0 121.56719970703125 46.0
v 92.0 122.0 46.47510528564453
v 91.57603454589844 122.0 48.0
v 92.0 121.59624481201172 48.0
v 92.0 122.0 47.55368423461914
v 92.0 122.0 48.40459442138672
v 91.49903106689453 122.0 81.0
v 92.0 122.0 80.54270935058594
v 92.0 122.45828247070312 47.0
v 92.0 123.0 48.49824523925781
v 92.0 122.5 81.0
v 92.0 123.0 81.45729064941406
v 92.0 124.0 48.543697357177734
v 92.0 124.0 81.4991455078125
v 92.0 124.47807312011719 49.0
v 92.0 125.0 49.47898864746094
v 92.0 125.0 81.52192687988281
v 92.0 126.0 49.52015686035156
v 92.0 125.5 82.0
v 92.0 126.0 82.47806549072266
v 92.0 126.52293395996094 50.0
v 92.0 127.0 50.45533752441406
v 92.0 127.0 82.5
v 92.0 128.0 50.499107360839844
v 92.0 128.0 82.49996185302734
v 92.0 129.0 50.5
v 92.0 129.0 82.498291015625
v 92.0 130.0 50.5
v 92.0 130.0 82.45525360107422
v 92.0 131.0 50.5
v 92.0 130.47518920898438 82.0
v 92.0 131.0 81.47724151611328
v 92.0 132.0 50.501712799072266
v 91.47605895996094 132.0 81.0
v 92.0 131.5000457763672 81.0
v 92.0 132.0 80.54270935058594
v 91.52403259277344 133.0 51.0
v 92.0 133.0 50.56725311279297
v 92.0 133.0 80.5008544921875
v 92.0 133.45335388183594 51.0
v 92.0 134.0 51.50092315673828
v 92.0 134.0 80.5
v 92.0 135.0 51.54473876953125
v 92.0 135.0 80.5
v 92.0 135.4752197265625 52.0
v 92.0 136.0 52.522762298583984
v 92.0 136.0 80.5
v 92.0 136.47811889648438 53.0
v 92.0 137.0 53.50092315673828
v 92.0 137.0 80.5
v 92.0 137.4999542236328 54.0
v 92.0 138.0 54.5
v 92.0 138.0 80.5
v 92.0 138.5009307861328 55.0
v 92.0 139.0 55.47892379760742
v 92.0 139.0 80.47806549072266
v 92.0 140.0 55.543701171875
v 92.0 139.5 80.0
v 92.0 140.0 79.52192687988281
v 92.0 140.47711181640625 56.0
v 92.0 141.0 56.50092315673828
v 92.0 141.0 79.47807312011719
v 92.0 141.4999542236328 57.0
v 92.0 142.0 57.5
v 92.0 141.4999542236328 79.0
v 92.0 142.0 78.52108001708984
v 92.0 142.5 58.0
v 92.0 143.0 58.500038146972656
v 92.0 143.0 78.4572525024414
v 92.0 143.49908447265625 59.0
v 91.47591400146484 144.0 60.0
v 92.0 144.0 59.522884368896484
v 91.47517395019531 144.0 63.0
v 91.49992370605469 144.0 64.0
v 91.5 144.0 65.0
v 91.52192687988281 144.0 66.0
v 92.0 144.0 66.5
v 92.0 143.543701171875 67.0
v 92.0 143.54469299316406 68.0
v 92.0 144.0 68.47614288330078
v 91.47501373291016 144.0 78.0
v 92.0 143.4989471435547 78.0
v 92.0 144.0 77.52175903320312
v 92.0 144.456298828125 60.0
v 92.0 144.5 61.0
v 92.0 144.52015686035156 62.0
v 92.0 144.5 63.0
v 92.0 144.4789276123047 64.0
v 92.0 144.4780731201172 65.0
v 92.0 144.456298828125 66.0
v 92.0 144.50091552734375 69.0
v 92.0 145.0 69.50089263916016
v 92.0 145.0 77.45606231689453
v 92.0 145.4789276123047 70.0
v 92.0 145.54473876953125 71.0
v 92.0 146.0 71.45525360107422
v 91.52412414550781 146.0 76.0
v 92.0 146.0 76.4513931274414
v 92.0 145.47434997558594 77.0
v 92.0 147.0 71.47898864746094
v 92.0 146.50091552734375 75.0
v 92.0 147.0 74.52104187011719
v 92.0 146.43167114257812 76.0
v 91.5 148.0 71.0
v 92.0 148.0 70.56720733642578
v 92.0 147.54481506347656 71.0
v 91.47811126708984 148.0 74.0
v 92.0 148.0 74.47898864746094
v 92.0 149.0 70.5008544921875
v 91.50092315673828 149.0 74.0
v 92.0 149.0 74.47806549072266
v 92.0 150.0 70.45525360107422
v 91.5228500366211 150.0 74.0
v 92.0 150.0 74.456298828125
v 91.5 151.0 67.0
v 92.0 151.0 66.52288818359375
v 92.0 150.543701171875 67.0
v 92.0 150.5008544921875 68.0
v 92.0 150.4991455078125 69.0
v 92.0 150.45526123046875 70.0
v 92.0 150.52297973632812 74.0
v 92.0 151.0 73.56720733642578
v 92.0 152.0 65.52196502685547
v 92.0 151.50189208984375 66.0
v 92.0 151.5 74.0
v 91.54660034179688 152.0 74.0
v 92.0 152.0 74.43279266357422
v 92.0 153.0 65.5008544921875
v 92.0 152.47702026367188 74.0
v 92.0 153.0 73.543701171875
v 91.50205993652344 154.0 66.0
v 92.0 154.0 65.54470825195312
v 92.0 154.0 73.52108001708984
v 92.0 154.4561004638672 66.0
v 92.0 154.54385375976562 67.0
v 92.0 155.0 67.45614624023438
v 91.43167114257812 155.0 71.0
v 91.47919464111328 155.0 73.0
v 92.0 155.0 73.49995422363281
v 91.50205993652344 156.0 68.0
v 92.0 156.0 67.54389953613281
v 91.49911499023438 156.0 71.0
v 91.48161315917969 156.0 72.0
v 91.54385375976562 156.0 73.0
v 92.0 156.0 73.45614624023438
v 92.0 156.45529174804688 68.0
v 92.0 156.4991455078125 69.0
v 92.0 156.5 70.0
v 92.0 156.52188110351562 71.0
v 91.56720733642578 157.0 72.0
v 92.0 157.0 71.52394104003906
v 92.0 157.0 72.47501373291016
v 92.0 156.4970245361328 73.0
v 92.0 157.45339965820312 72.0
v 92.50004577636719 102.0 49.0
v 93.0 102.0 48.54751968383789
v 93.0 101.56725311279297 49.0
v 93.0 101.501708984375 50.0
v 93.0 101.5 51.0
v 93.0 101.5008544921875 52.0
v 93.0 101.54270935058594 53.0
v 92.49895477294922 102.0 54.0
v 93.0 102.0 53.49899673461914
v 92.49995422363281 103.0 47.0
v 93.0 103.0 47.49908447265625
v 93.0 102.5226821899414 48.0
v 93.0 102.47823333740234 54.0
v 92.50196075439453 103.0 55.0
v 93.0 103.0 54.52276611328125
v 92.49698638916016 104.0 45.0
v 93.0 104.0 45.50100326538086
v 93.0 103.54186248779297 46.0
v 93.0 103.45813751220703 47.0
v 93.0 103.4771957397461 55.0
v 92.50199890136719 104.0 56.0
v 93.0 104.0 55.52284622192383
v 93.0 105.0 44.52104949951172
v 93.0 104.48011779785156 45.0
v 93.0 104.47628021240234 56.0
v 92.54774475097656 105.0 57.0
v 93.0 105.0 56.54861068725586
v 92.50181579589844 105.0 58.0
v 92.47819519042969 105.0 59.0
v 93.0 106.0 44.5
v 93.0 105.43167114257812 57.0
v 93.0 105.47799682617188 58.0
v 93.0 105.49907684326172 59.0
v 93.0 105.5 60.0
v 93.0 105.5 61.0
v 93.0 105.5 62.0
v 93.0 105.5 63.0
v 93.0 105.5 64.0
v 93.0 105.5008544921875 65.0
v 93.0 105.54270935058594 66.0
v 92.50003814697266 106.0 66.0
v 93.0 106.0 66.5
v 93.0 107.0 44.478946685791016
v 93.0 106.45729064941406 67.0
v 93.0 106.52019500732422 68.0
v 93.0 107.0 68.5199203491211
v 92.4728012084961 108.0 44.0
v 93.0 108.0 43.499996185302734
v 93.0 107.51988220214844 44.0
v 93.0 107.50004577636719 69.0
v 92.49995422363281 108.0 69.0
v 93.0 108.0 69.47823333740234
v 93.0 109.0 42.52104568481445
v 93.0 108.48011016845703 43.0
v 93.0 108.52468872070312 70.0
v 92.52377319335938 109.0 70.0
v 93.0 109.0 70.45610809326172
v 93.0 110.0 42.47807312011719
v 92.45014190673828 110.0 70.0
v 93.0 110.0 70.52276611328125
v 93.0 111.0 41.52285385131836
v 93.0 110.50089263916016 42.0
v 93.0 110.4781494140625 71.0
v 93.0 111.0 71.50088500976562
v 93.0 112.0 41.52101135253906
v 93.0 111.5 72.0
v 93.0 112.0 72.49908447265625
v 93.0 113.0 41.52193069458008
v 93.0 112.52184295654297 73.0
v 93.0 113.0 73.47815704345703
v 93.0 114.0 41.543701171875
v 93.0 113.50092315673828 74.0
v 93.0 114.0 74.49996185302734
v 93.0 114.49903869628906 42.0
v 92.49907684326172 115.0 42.0
v 93.0 115.0 42.45729064941406
v 93.0 114.50181579589844 75.0
v 93.0 115.0 75.4780044555664
v 93.0 116.0 42.4991455078125
v 92.50108337402344 116.0 76.0
v 93.0 116.0 75.52272033691406
v 93.0 117.0 42.500003814697266
v 93.0 116.4990005493164 76.0
v 92.5228042602539 117.0 77.0
v 93.0 117.0 76.50191497802734
v 92.4771957397461 117.0 78.0
v 93.0 118.0 42.501712799072266
v 93.0 117.47811126708984 77.0
v 93.0 117.52477264404297 78.0
v 92.4771957397461 118.0 79.0
v 93.0 118.0 78.47522735595703
v 92.52394104003906 119.0 43.0
v 93.0 119.0 42.56721115112305
v 92.52275848388672 119.0 79.0
v 93.0 119.0 78.52096557617188
v 93.0 119.45423126220703 43.0
v 93.0 120.0 43.481651306152344
v 93.0 119.50004577636719 79.0
v 92.49795532226562 120.0 80.0
v 93.0 120.0 79.49800109863281
v 92.50336456298828 121.0 44.0
v 93.0 121.0 43.56938552856445
v 93.0 120.50401306152344 80.0
v 93.0 121.0 80.45525360107422
v 93.0 121.43058013916016 44.0
v 93.0 121.49816131591797 45.0
v 92.50004577636719 122.0 46.0
v 93.0 122.0 45.546688079833984
v 92.42396545410156 122.0 48.0
v 93.0 122.0 80.47799682617188
v 93.0 122.43274688720703 46.0
v 93.0 122.49828338623047 47.0
v 93.0 122.52376556396484 48.0
v 93.0 123.0 48.47627639770508
v 92.4990005493164 123.0 81.0
v 93.0 123.0 80.521728515625
v 93.0 123.54856872558594 49.0
v 92.52408599853516 124.0 49.0
v 93.0 124.0 49.43166732788086
v 93.0 123.5020523071289 81.0
v 93.0 124.0 81.45621490478516
v 93.0 125.0 49.478065490722656
v 93.0 125.0 81.4981918334961
v 93.0 126.0 49.47984313964844
v 93.0 125.52490997314453 82.0
v 93.0 126.0 82.45425415039062
v 92.59571838378906 127.0 49.0
v 93.0 127.0 48.59734344482422
v 93.0 126.57452392578125 49.0
v 92.47710418701172 127.0 50.0
v 93.0 127.0 82.47714233398438
v 93.0 127.40428161621094 49.0
v 93.0 127.52289581298828 50.0
v 93.0 128.0 50.45533752441406
v 93.0 128.0 82.47710418701172
v 93.0 129.0 50.47806930541992
v 92.57046508789062 129.0 81.0
v 93.0 128.56884765625 81.0
v 93.0 129.0 80.5696792602539
v 93.0 129.0 81.49888610839844
v 93.0 129.0 82.43144989013672
v 93.0 130.0 50.47806930541992
v 92.52293395996094 130.0 81.0
v 93.0 130.0 80.52375030517578
v 93.0 129.45033264160156 82.0
v 92.47431182861328 130.0 82.0
v 93.0 131.0 50.4789924621582
v 92.47911071777344 131.0 81.0
v 93.0 131.0 80.52104949951172
v 93.0 132.0 50.52015686035156
v 93.0 132.0 80.501708984375
v 93.0 132.52096557617188 51.0
v 92.47596740722656 133.0 51.0
v 93.0 133.0 51.477237701416016
v 93.0 133.0 80.52101135253906
v 92.52381896972656 134.0 52.0
v 93.0 133.5247802734375 52.0
v 93.0 134.0 52.45526123046875
v 93.0 134.0 80.52192687988281
v 92.47618103027344 135.0 52.0
v 93.0 135.0 52.49907684326172
v 93.0 135.0 80.52192687988281
v 92.52403259277344 136.0 53.0
v 93.0 135.54664611816406 53.0
v 93.0 136.0 53.43274688720703
v 93.0 136.0 80.52192687988281
v 93.0 137.0 53.52022171020508
v 93.0 137.0 80.52101135253906
v 93.0 137.49911499023438 54.0
v 93.0 138.0 54.5
v 93.0 138.0 80.5008544921875
v 93.0 138.5000457763672 55.0
v 93.0 139.0 55.499080657958984
v 93.0 139.0 80.47806549072266
v 93.0 139.52288818359375 56.0
v 92.5 140.0 56.0
v 93.0 140.0 56.456298828125
v 93.0 139.5 80.0
v 93.0 140.0 79.52192687988281
v 93.0 141.0 56.52107620239258
v 93.0 141.0 79.47807312011719
v 93.0 141.4990692138672 57.0
v 93.0 142.0 57.5
v 93.0 141.4990692138672 79.0
v 93.0 142.0 78.50092315673828
v 93.0 142.5 58.0
v 93.0 143.0 58.5
v 92.49991607666016 143.0 78.0
v 93.0 142.52188110351562 78.0
v 93.0 143.0 77.52272033691406
v 93.0 143.5 59.0
v 93.0 144.0 59.50096893310547
v 92.47806549072266 144.0 67.0
v 92.47710418701172 144.0 68.0
v 92.52376556396484 144.0 77.0
v 93.0 143.52377319335938 77.0
v 93.0 144.0 76.52471923828125
v 93.0 144.4780731201172 60.0
v 93.0 144.52101135253906 61.0
v 92.52293395996094 145.0 62.0
v 93.0 145.0 61.52289962768555
v 92.5228500366211 145.0 63.0
v 93.0 145.0 63.499996185302734
v 93.0 144.543701171875 64.0
v 93.0 144.52101135253906 65.0
v 93.0 144.5 66.0
v 93.0 144.47898864746094 67.0
v 93.0 144.47898864746094 68.0
v 93.0 144.52015686035156 69.0
v 93.0 145.0 69.52096557617188
v 92.47610473632812 145.0 77.0
v 93.0 145.0 76.49815368652344
v 93.0 145.45530700683594 62.0
v 93.0 145.456298828125 63.0
v 93.0 145.47723388671875 70.0
v 92.49794006347656 146.0 71.0
v 93.0 146.0 70.52275848388672
v 92.5240249633789 146.0 75.0
v 93.0 145.5457000732422 75.0
v 93.0 146.0 74.54570770263672
v 92.45317077636719 146.0 76.0
v 93.0 145.49819946289062 76.0
v 93.0 146.47996520996094 71.0
v 93.0 147.0 71.47806549072266
v 93.0 147.0 74.50089263916016
v 92.47605895996094 148.0 71.0
v 93.0 148.0 71.45729064941406
v 93.0 148.0 74.5
v 93.0 149.0 70.521728515625
v 93.0 148.49899291992188 71.0
v 93.0 149.0 74.5
v 92.49697875976562 150.0 70.0
v 93.0 150.0 69.49803161621094
v 93.0 149.521728515625 70.0
v 93.0 150.0 74.4991455078125
v 93.0 151.0 66.50092315673828
v 93.0 150.5210723876953 67.0
v 93.0 150.47898864746094 68.0
v 93.0 150.456298828125 69.0
v 92.45430755615234 151.0 74.0
v 93.0 151.0 74.47990417480469
v 93.0 152.0 65.52192687988281
v 93.0 151.50096130371094 66.0
v 93.0 152.0 74.498291015625
v 93.0 153.0 65.5008544921875
v 92.47807312011719 153.0 74.0
v 93.0 153.0 74.47898864746094
v 93.0 154.0 65.54374694824219
v 92.50093078613281 154.0 74.0
v 93.0 154.0 74.47714233398438
v 93.0 154.4761962890625 66.0
v 92.4980697631836 155.0 67.0
v 93.0 155.0 66.5228042602539
v 92.54678344726562 155.0 74.0
v 93.0 155.0 74.43171691894531
v 93.0 155.47718811035156 67.0
v 93.0 156.0 67.52381134033203
v 93.0 155.45321655273438 74.0
v 93.0 156.0 73.51924133300781
v 93.0 156.4562530517578 68.0
v 93.0 156.4991455078125 69.0
v 93.0 156.5219268798828 70.0
v 92.47811126708984 157.0 71.0
v 93.0 157.0 70.49815368652344
v 92.48100280761719 157.0 73.0
v 93.0 157.0 73.47802734375
v 92.5239028930664 158.0 71.0
v 93.0 158.0 70.52471160888672
v 92.50276947021484 158.0 72.0
v 92.56888580322266 158.0 73.0
v 93.0 158.0 73.42952728271484
v 92.5697250366211 159.0 71.0
v 93.0 159.0 70.56969451904297
v 93.0 159.0 71.45092010498047
v 93.0 158.49806213378906 72.0
v 93.0 158.42953491210938 73.0
v 92.57377624511719 160.0 71.0
v 93.0 160.0 70.57298278808594
v 93.0 160.0 71.42701721191406
v 93.0 160.4262237548828 71.0
v 93.47406005859375 102.0 49.0
v 94.0 102.0 49.50200271606445
v 94.0 101.54275512695312 50.0
v 94.0 101.50171661376953 51.0
v 94.0 101.54270935058594 52.0
v 93.5 102.0 53.0
v 94.0 102.0 52.5
v 93.5 103.0 48.0
v 94.0 103.0 48.49904251098633
v 94.0 102.50004577636719 49.0
v 94.0 102.45729064941406 53.0
v 94.0 102.52108001708984 54.0
v 94.0 103.0 54.49907684326172
v 93.5 104.0 46.0
v 94.0 104.0 46.5009651184082
v 94.0 103.54285430908203 47.0
v 94.0 103.47819519042969 48.0
v 94.0 103.5 55.0
v 94.0 104.0 55.50092697143555
v 94.0 105.0 44.54470443725586
v 94.0 104.54389190673828 45.0
v 94.0 104.45813751220703 46.0
v 94.0 104.47891998291016 56.0
v 94.0 104.543701171875 57.0
v 93.47591400146484 105.0 57.0
v 94.0 105.0 57.477195739746094
v 94.0 106.0 44.5
v 94.0 105.49907684326172 58.0
v 93.57272338867188 106.0 59.0
v 94.0 106.0 58.57272720336914
v 94.0 106.0 59.449703216552734
v 94.0 105.54270935058594 60.0
v 94.0 105.52193450927734 61.0
v 94.0 105.52192687988281 62.0
v 94.0 105.52101135253906 63.0
v 94.0 105.5008544921875 64.0
v 94.0 105.5 65.0
v 94.0 105.5008544921875 66.0
v 94.0 105.543701171875 67.0
v 93.50096893310547 106.0 67.0
v 94.0 106.0 67.47802734375
v 94.0 107.0 44.45529556274414
v 94.0 106.40616607666016 59.0
v 94.0 106.47984313964844 68.0
v 94.0 106.5447006225586 69.0
v 93.50302124023438 107.0 69.0
v 94.0 107.0 69.45610046386719
v 93.50302124023438 108.0 43.0
v 94.0 108.0 42.54470443725586
v 94.0 107.54389953613281 43.0
v 94.0 107.45610809326172 44.0
v 94.0 108.0 69.5428466796875
v 94.0 109.0 42.5008544921875
v 94.0 108.4771957397461 70.0
v 94.0 109.0 70.5
v 94.0 110.0 42.4789924621582
v 94.0 109.5228500366211 71.0
v 93.50100708007812 110.0 71.0
v 94.0 110.0 71.456298828125
v 94.0 111.0 41.56828689575195
v 94.0 110.5458755493164 42.0
v 94.0 111.0 71.52108001708984
v 94.0 111.47595977783203 42.0
v 93.52192687988281 112.0 42.0
v 94.0 112.0 42.456298828125
v 94.0 111.5 72.0
v 94.0 112.0 72.47891998291016
v 93.5 113.0 42.0
v 94.0 113.0 42.47806930541992
v 93.50205993652344 113.0 73.0
v 94.0 113.0 72.5447006225586
v 93.47807312011719 114.0 42.0
v 94.0 114.0 42.47898864746094
v 94.0 113.45610809326172 73.0
v 94.0 113.54289245605469 74.0
v 94.0 114.0 74.47623443603516
v 94.0 115.0 42.5
v 94.0 114.54779052734375 75.0
v 94.0 115.0 75.43162536621094
v 94.0 116.0 42.52101135253906
v 93.54647064208984 116.0 75.0
v 94.0 115.49783325195312 75.0
v 94.0 116.0 74.54737091064453
v 94.0 117.0 42.52193069458008
v 94.0 116.47515106201172 75.0
v 93.5 117.0 76.0
v 94.0 117.0 75.5
v 94.0 118.0 42.54374313354492
v 94.0 117.5009536743164 76.0
v 93.50003814697266 118.0 77.0
v 94.0 118.0 76.47911071777344
v 93.45526123046875 118.0 78.0
v 94.0 118.49799346923828 43.0
v 93.47505950927734 119.0 43.0
v 94.0 119.0 43.478275299072266
v 93.54566192626953 119.0 77.0
v 94.0 119.0 76.54489135742188
v 93.4798812866211 119.0 78.0
v 94.0 120.0 43.54481887817383
v 94.0 119.47425842285156 77.0
v 94.0 120.0 77.52376556396484
v 93.54286193847656 120.0 78.0
v 93.45809936523438 120.0 79.0
v 94.0 120.4742660522461 44.0
v 93.45111846923828 121.0 44.0
v 93.52096557617188 121.0 45.0
v 94.0 120.52276611328125 45.0
v 94.0 121.0 45.498043060302734
v 94.0 120.49895477294922 78.0
v 94.0 121.0 78.47908020019531
v 93.52015686035156 121.0 79.0
v 93.45525360107422 121.0 80.0
v 93.47501373291016 122.0 46.0
v 94.0 121.5009536743164 46.0
v 94.0 122.0 46.47919464111328
v 93.54373931884766 122.0 79.0
v 94.0 122.0 78.5238037109375
v 93.47799682617188 122.0 80.0
v 94.0 122.49903869628906 47.0
v 93.52275848388672 123.0 48.0
v 94.0 123.0 47.54551315307617
v 94.0 122.49703979492188 79.0
v 94.0 123.0 79.5009994506836
v 93.52176666259766 123.0 80.0
v 94.0 123.4544906616211 48.0
v 93.45320892333984 124.0 49.0
v 94.0 124.0 48.500919342041016
v 94.0 123.52384185791016 80.0
v 93.47527313232422 124.0 81.0
v 94.0 124.0 80.45353698730469
v 93.52104187011719 125.0 49.0
v 94.0 125.0 48.543701171875
v 93.5683364868164 125.0 80.0
v 94.0 124.50221252441406 80.0
v 94.0 125.0 79.5683364868164
v 93.47977447509766 125.0 81.0
v 94.0 125.50096893310547 49.0
v 94.0 126.0 49.45530319213867
v 94.0 125.47482299804688 80.0
v 94.0 126.0 80.47908020019531
v 93.52012634277344 126.0 81.0
v 93.45429229736328 126.0 82.0
v 93.44705200195312 127.0 49.0
v 94.0 127.0 49.457149505615234
v 93.54369354248047 127.0 81.0
v 94.0 127.0 80.52288055419922
v 93.47795867919922 127.0 82.0
v 94.0 128.0 49.499080657958984
v 93.47615051269531 128.0 50.0
v 94.0 127.52399444580078 81.0
v 94.0 128.0 81.45231628417969
v 93.49626922607422 128.0 82.0
v 93.49996185302734 129.0 50.0
v 94.0 129.0 49.52107620239258
v 94.0 128.45504760742188 81.0
v 94.0 129.0 80.52108001708984
v 93.4314193725586 129.0 82.0
v 93.5 130.0 50.0
v 94.0 130.0 49.52193069458008
v 94.0 130.0 80.50003814697266
v 93.52192687988281 131.0 50.0
v 94.0 131.0 49.543701171875
v 94.0 131.0 80.5008544921875
v 94.0 131.49899291992188 50.0
v 94.0 132.0 50.477237701416016
v 94.0 132.0 80.54270935058594
v 94.0 132.5247344970703 51.0
v 94.0 133.0 51.47522735595703
v 94.0 132.50096130371094 81.0
v 93.52193450927734 133.0 81.0
v 94.0 133.0 81.456298828125
v 94.0 133.52578735351562 52.0
v 94.0 134.0 52.45429611206055
v 93.5 134.0 81.0
v 94.0 134.0 81.47806549072266
v 94.0 135.0 52.479801177978516
v 93.5 135.0 81.0
v 94.0 135.0 81.47806549072266
v 93.4769287109375 136.0 53.0
v 94.0 136.0 52.542850494384766
v 93.50089263916016 136.0 81.0
v 94.0 136.0 81.47714233398438
v 94.0 136.47715759277344 53.0
v 94.0 137.0 53.500919342041016
v 93.5458755493164 137.0 81.0
v 94.0 137.0 81.43171691894531
v 94.0 137.49996948242188 54.0
v 94.0 138.0 54.500038146972656
v 94.0 137.45321655273438 81.0
v 94.0 138.0 80.51924133300781
v 94.0 138.49908447265625 55.0
v 94.0 139.0 55.5218391418457
v 94.0 139.0 80.45626068115234
v 94.0 139.4791259765625 56.0
v 94.0 140.0 56.47898864746094
v 94.0 139.47711181640625 80.0
v 94.0 140.0 79.5
v 94.0 141.0 56.52192687988281
v 94.0 141.0 79.45530700683594
v 94.0 141.49903869628906 57.0
v 94.0 142.0 57.5
v 94.0 141.4761505126953 79.0
v 94.0 142.0 78.49903869628906
v 94.0 142.5 58.0
v 94.0 143.0 58.500038146972656
v 94.0 142.49903869628906 78.0
v 94.0 143.0 77.47715759277344
v 94.0 143.49908447265625 59.0
v 94.0 144.0 59.52288818359375
v 93.5507583618164 144.0 76.0
v 94.0 143.5688018798828 76.0
v 94.0 144.0 75.5704574584961
v 94.0 143.45802307128906 77.0
v 94.0 144.456298828125 60.0
v 94.0 144.52015686035156 61.0
v 94.0 145.0 61.521968841552734
v 93.47807312011719 145.0 64.0
v 93.52192687988281 145.0 65.0
v 94.0 145.0 65.5
v 94.0 144.543701171875 66.0
v 94.0 144.5219268798828 67.0
v 94.0 144.52101135253906 68.0
v 94.0 144.5025634765625 69.0
v 93.52513885498047 145.0 70.0
v 94.0 144.56834411621094 70.0
v 94.0 145.0 70.43165588378906
v 94.0 144.47579956054688 76.0
v 94.0 145.0 76.45426177978516
v 94.0 145.456298828125 62.0
v 94.0 145.498291015625 63.0
v 94.0 145.47898864746094 64.0
v 94.0 145.456298828125 65.0
v 94.0 146.0 70.52022552490234
v 94.0 145.5220489501953 75.0
v 94.0 146.0 74.52289581298828
v 94.0 145.45509338378906 76.0
v 94.0 146.5000762939453 71.0
v 94.0 147.0 71.47807312011719
v 94.0 147.0 74.5
v 94.0 148.0 71.4991455078125
v 94.0 148.0 74.5
v 93.50302124023438 149.0 71.0
v 94.0 149.0 71.45525360107422
v 94.0 149.0 74.5
v 93.52192687988281 150.0 68.0
v 94.0 150.0 67.50200653076172
v 94.0 149.543701171875 68.0
v 94.0 149.52101135253906 69.0
v 93.47807312011719 150.0 69.0
v 94.0 149.5 70.0
v 94.0 149.45526123046875 71.0
v 94.0 150.0 74.5
v 94.0 151.0 66.49911499023438
v 94.0 150.47915649414062 67.0
v 94.0 151.0 74.5
v 94.0 152.0 65.52193450927734
v 94.0 151.5009307861328 66.0
v 94.0 152.0 74.5
v 94.0 153.0 65.52101135253906
v 94.0 153.0 74.49999237060547
v 94.0 153.52188110351562 66.0
v 93.49991607666016 154.0 66.0
v 94.0 154.0 66.4571533203125
v 94.0 154.0 74.47898864746094
v 94.0 155.0 66.54385375976562
v 93.47595977783203 155.0 74.0
v 94.0 154.5219268798828 74.0
v 94.0 155.0 73.543701171875
v 94.0 155.45614624023438 67.0
v 93.49991607666016 156.0 68.0
v 94.0 155.5428466796875 68.0
v 94.0 156.0 68.47811126708984
v 94.0 156.0 73.5
v 94.0 156.47898864746094 69.0
v 94.0 156.52285766601562 70.0
v 94.0 157.0 70.47799682617188
v 94.0 157.0 73.45724487304688
v 94.0 158.0 70.54470825195312
v 93.47077941894531 158.0 73.0
v 94.0 157.49795532226562 73.0
v 94.0 158.0 72.49703216552734
v 94.0 158.49594116210938 71.0
v 93.47068786621094 159.0 71.0
v 94.0 158.45794677734375 72.0
v 94.0 160.0 70.59783935546875
v 94.0 159.55722045898438 71.0
v 94.0 160.0 71.40216064453125
v 94.0 160.40213012695312 71.0
v 94.49800109863281 102.0 50.0
v 95.0 102.0 50.525943756103516
v 95.0 101.56725311279297 51.0
v 94.49995422363281 102.0 52.0
v 95.0 102.0 51.47596740722656
v 94.5009536743164 103.0 49.0
v 95.0 103.0 49.499000549316406
v 95.0 102.5 50.0
v 95.0 102.45813751220703 52.0
v 95.0 102.52015686035156 53.0
v 95.0 102.54469299316406 54.0
v 95.0 103.0 54.47615051269531
v 94.47807312011719 104.0 47.0
v 94.52473449707031 104.0 48.0
v 95.0 104.0 48.47526550292969
v 95.0 103.47819519042969 49.0
v 95.0 103.50092315673828 55.0
v 95.0 104.0 55.50092697143555
v 94.49602508544922 105.0 45.0
v 95.0 105.0 45.50199890136719
v 95.0 104.54190063476562 46.0
v 95.0 104.47984313964844 47.0
v 95.0 104.45526123046875 48.0
v 95.0 104.47807312011719 56.0
v 95.0 104.52101135253906 57.0
v 95.0 105.0 57.52188491821289
v 95.0 106.0 44.52180480957031
v 95.0 105.50103759765625 45.0
v 95.0 105.45714569091797 58.0
v 95.0 105.5408706665039 59.0
v 94.44871520996094 106.0 59.0
v 95.0 106.0 59.52494430541992
v 94.5239486694336 106.0 60.0
v 94.50089263916016 106.0 61.0
v 94.49996185302734 106.0 62.0
v 94.52092742919922 106.0 63.0
v 95.0 106.0 63.50104904174805
v 95.0 105.54370880126953 64.0
v 95.0 105.50089263916016 65.0
v 95.0 105.5008544921875 66.0
v 95.0 105.543701171875 67.0
v 95.0 106.0 67.47802734375
v 94.4980239868164 107.0 44.0
v 95.0 107.0 43.522804260253906
v 95.0 106.52276611328125 44.0
v 95.0 106.43279266357422 60.0
v 95.0 106.47714233398438 61.0
v 95.0 106.47891998291016 62.0
v 95.0 106.47723388671875 63.0
v 95.0 106.47984313964844 68.0
v 95.0 106.54374694824219 69.0
v 95.0 107.0 69.47618865966797
v 95.0 108.0 42.544742584228516
v 95.0 107.52477264404297 43.0
v 95.0 107.52381134033203 70.0
v 94.50008392333984 108.0 70.0
v 95.0 108.0 70.45625305175781
v 95.0 109.0 42.52193069458008
v 95.0 109.0 70.52015686035156
v 95.0 110.0 42.52015686035156
v 95.0 109.52197265625 71.0
v 95.0 110.0 71.456298828125
v 94.45321655273438 111.0 42.0
v 95.0 111.0 42.48075866699219
v 95.0 111.0 71.52015686035156
v 95.0 112.0 42.4991455078125
v 95.0 111.52196502685547 72.0
v 95.0 112.0 72.456298828125
v 95.0 113.0 42.5
v 95.0 113.0 72.52019500732422
v 95.0 114.0 42.5008544921875
v 95.0 113.51996612548828 73.0
v 94.49707794189453 114.0 74.0
v 95.0 114.0 73.49903869628906
v 95.0 115.0 42.54270935058594
v 95.0 114.52488708496094 74.0
v 94.45048522949219 115.0 75.0
v 95.0 115.0 74.45262908935547
v 95.0 115.50092315673828 43.0
v 94.52188873291016 116.0 43.0
v 95.0 116.0 43.457149505615234
v 94.54846954345703 116.0 74.0
v 95.0 115.50110626220703 74.0
v 95.0 116.0 73.56729888916016
v 94.49907684326172 117.0 43.0
v 95.0 117.0 43.49911880493164
v 95.0 116.47401428222656 74.0
v 94.5 117.0 75.0
v 95.0 117.0 74.50004577636719
v 94.47618865966797 118.0 43.0
v 95.0 118.0 43.523765563964844
v 95.0 117.5 75.0
v 94.4990005493164 118.0 76.0
v 95.0 118.0 75.49996185302734
v 94.521728515625 119.0 44.0
v 95.0 118.49803161621094 44.0
v 95.0 119.0 44.50096130371094
v 95.0 118.5009994506836 76.0
v 95.0 119.0 76.47819519042969
v 94.45514678955078 120.0 44.0
v 95.0 119.49903869628906 45.0
v 94.52176666259766 120.0 45.0
v 95.0 120.0 45.50004196166992
v 95.0 119.52372741699219 77.0
v 95.0 120.0 77.45710754394531
v 94.5009994506836 121.0 46.0
v 95.0 120.5 46.0
v 95.0 121.0 46.47911071777344
v 94.47908020019531 121.0 78.0
v 95.0 121.0 77.52015686035156
v 95.0 122.0 46.545860290527344
v 94.52477264404297 122.0 78.0
v 95.0 122.0 77.54473876953125
v 95.0 122.45413970947266 47.0
v 94.47815704345703 123.0 48.0
v 95.0 122.52288818359375 48.0
v 95.0 123.0 48.456295013427734
v 95.0 122.47526550292969 78.0
v 94.5009994506836 123.0 79.0
v 95.0 123.0 78.52180480957031
v 95.0 124.0 48.499149322509766
v 95.0 123.50096130371094 79.0
v 94.45353698730469 124.0 80.0
v 95.0 124.0 79.476318359375
v 95.0 125.0 48.5008544921875
v 95.0 125.0 79.48069763183594
v 94.47710418701172 126.0 49.0
v 95.0 126.0 48.52101135253906
v 94.47908020019531 126.0 80.0
v 95.0 126.0 79.52015686035156
v 94.47988891601562 127.0 49.0
v 95.0 127.0 48.52285385131836
v 94.50188446044922 127.0 80.0
v 95.0 127.0 79.52196502685547
v 94.54591369628906 128.0 49.0
v 95.0 128.0 48.56828689575195
v 94.54301452636719 128.0 80.0
v 95.0 128.0 79.54466247558594
v 94.4325942993164 128.0 81.0
v 95.0 128.4532470703125 49.0
v 95.0 129.0 49.47990798950195
v 95.0 128.49803161621094 80.0
v 95.0 129.0 80.45813751220703
v 95.0 130.0 49.5
v 95.0 130.0 80.4991455078125
v 95.0 131.0 49.5008544921875
v 95.0 131.0 80.52101135253906
v 94.47911834716797 132.0 50.0
v 95.0 132.0 49.52104949951172
v 95.0 131.5229034423828 81.0
v 94.5019302368164 132.0 81.0
v 95.0 132.0 81.4552993774414
v 94.5448226928711 133.0 50.0
v 95.0 133.0 49.54570388793945
v 94.45621490478516 133.0 51.0
v 95.0 133.0 81.47806549072266
v 95.0 133.47425842285156 50.0
v 94.5428237915039 134.0 51.0
v 95.0 134.0 50.523765563964844
v 94.45513916015625 134.0 52.0
v 95.0 134.0 81.47806549072266
v 95.0 134.49703979492188 51.0
v 94.51996612548828 135.0 52.0
v 95.0 135.0 51.500999450683594
v 95.0 135.0 81.47806549072266
v 95.0 135.5000457763672 52.0
v 95.0 136.0 52.47819519042969
v 95.0 136.0 81.456298828125
v 95.0 136.5237274169922 53.0
v 95.0 137.0 53.4761962890625
v 94.4749984741211 137.0 81.0
v 95.0 136.49903869628906 81.0
v 95.0 137.0 80.54270935058594
v 95.0 137.5237579345703 54.0
v 95.0 138.0 54.47803497314453
v 95.0 138.0 80.47984313964844
v 95.0 138.48069763183594 55.0
v 94.52517700195312 139.0 56.0
v 95.0 138.56834411621094 56.0
v 95.0 139.0 56.43165969848633
v 94.49899291992188 139.0 80.0
v 95.0 138.52101135253906 80.0
v 95.0 139.0 79.52367401123047
v 95.0 140.0 56.498291015625
v 94.54788208007812 140.0 79.0
v 95.0 139.54966735839844 79.0
v 95.0 140.0 78.56941223144531
v 95.0 141.0 56.52193069458008
v 94.49899291992188 141.0 79.0
v 95.0 141.0 78.54281616210938
v 95.0 141.4990692138672 57.0
v 95.0 142.0 57.499080657958984
v 95.0 142.0 78.4560317993164
v 95.0 142.52183532714844 58.0
v 95.0 143.0 58.47907638549805
v 94.49903869628906 143.0 77.0
v 95.0 142.52276611328125 77.0
v 95.0 143.0 76.52181243896484
v 95.0 142.45518493652344 78.0
v 95.0 143.47984313964844 59.0
v 94.5 144.0 60.0
v 95.0 143.543701171875 60.0
v 95.0 144.0 60.478031158447266
v 95.0 143.52281188964844 76.0
v 95.0 144.0 75.5238037109375
v 95.0 144.47984313964844 61.0
v 94.5 145.0 62.0
v 95.0 144.543701171875 62.0
v 95.0 145.0 62.47895431518555
v 94.47807312011719 145.0 66.0
v 94.5 145.0 67.0
v 94.52192687988281 145.0 68.0
v 95.0 145.0 68.52297973632812
v 95.0 144.5672149658203 69.0
v 94.47386169433594 145.0 70.0
v 95.0 145.0 69.47501373291016
v 95.0 144.52737426757812 76.0
v 95.0 145.0 76.42839813232422
v 95.0 145.4780731201172 63.0
v 95.0 145.4799041748047 64.0
v 95.0 145.498291015625 65.0
v 95.0 145.47898864746094 66.0
v 95.0 145.4780731201172 67.0
v 95.0 145.456298828125 68.0
v 95.0 145.47915649414062 70.0
v 95.0 146.0 70.5008773803711
v 95.0 145.5000457763672 75.0
v 95.0 146.0 74.52193450927734
v 95.0 145.42922973632812 76.0
v 95.0 146.50088500976562 71.0
v 95.0 147.0 71.47891998291016
v 95.0 147.0 74.5
v 95.0 148.0 71.5209732055664
v 95.0 148.0 74.5
v 95.0 149.0 71.49818420410156
v 95.0 149.0 74.49910736083984
v 94.52613830566406 150.0 67.0
v 95.0 150.0 66.56834411621094
v 95.0 149.56834411621094 67.0
v 95.0 149.501708984375 68.0
v 95.0 149.4991455078125 69.0
v 95.0 149.4799041748047 70.0
v 95.0 149.47799682617188 71.0
v 95.0 150.0 74.47810363769531
v 95.0 151.0 66.48069763183594
v 95.0 151.0 74.47803497314453
v 95.0 152.0 65.5447006225586
v 95.0 151.52297973632812 66.0
v 95.0 152.0 74.47807312011719
v 95.0 153.0 65.54473876953125
v 95.0 153.0 74.47806549072266
v 95.0 153.4752655029297 66.0
v 95.0 154.0 66.52180480957031
v 95.0 154.0 74.45530700683594
v 95.0 154.49896240234375 67.0
v 94.4960708618164 155.0 67.0
v 95.0 155.0 67.50103759765625
v 95.0 154.47711181640625 74.0
v 95.0 155.0 73.52101135253906
v 95.0 155.4781951904297 68.0
v 95.0 156.0 68.52376556396484
v 95.0 156.0 73.47898864746094
v 95.0 156.4562530517578 69.0
v 95.0 156.5211181640625 70.0
v 95.0 157.0 70.49907684326172
v 94.49991607666016 157.0 73.0
v 95.0 156.5209197998047 73.0
v 95.0 157.0 72.52184295654297
v 95.0 157.4990692138672 71.0
v 94.47605895996094 158.0 71.0
v 94.4771499633789 158.0 72.0
v 95.0 157.5 72.0
v 94.40135192871094 160.0 71.0
v 95.4533462524414 102.0 51.0
v 95.50296020507812 103.0 50.0
v 96.0 103.0 50.477149963378906
v 96.0 102.50092315673828 51.0
v 96.0 102.51924133300781 52.0
v 95.54696655273438 103.0 53.0
v 96.0 103.0 52.5478401184082
v 95.49903869628906 103.0 54.0
v 96.0 104.0 48.499996185302734
v 96.0 103.52107238769531 49.0
v 96.0 103.45626068115234 50.0
v 96.0 103.43063354492188 53.0
v 96.0 103.456298828125 54.0
v 96.0 103.51930236816406 55.0
v 96.0 104.0 55.52200698852539
v 95.49808502197266 105.0 46.0
v 96.0 105.0 46.501956939697266
v 96.0 104.5427474975586 47.0
v 96.0 104.47891998291016 48.0
v 96.0 104.456298828125 56.0
v 96.0 104.5 57.0
v 96.0 104.54270935058594 58.0
v 95.49907684326172 105.0 58.0
v 96.0 105.0 58.49995803833008
v 95.52389526367188 106.0 45.0
v 96.0 106.0 45.47416305541992
v 96.0 105.49900817871094 46.0
v 96.0 105.45813751220703 59.0
v 96.0 105.54185485839844 60.0
v 95.47601318359375 106.0 60.0
v 96.0 106.0 60.50004577636719
v 95.47623443603516 106.0 64.0
v 96.0 106.0 64.52574920654297
v 96.0 105.54570770263672 65.0
v 96.0 105.54474639892578 66.0
v 95.49799346923828 106.0 67.0
v 96.0 106.0 66.49694061279297
v 96.0 107.0 43.521968841552734
v 96.0 106.52114868164062 44.0
v 96.0 106.43382263183594 45.0
v 96.0 106.45729064941406 61.0
v 96.0 106.51923370361328 62.0
v 95.54769897460938 107.0 63.0
v 96.0 107.0 62.54678726196289
v 95.54485321044922 107.0 64.0
v 96.0 107.0 64.4760971069336
v 96.0 106.47919464111328 67.0
v 96.0 106.54385375976562 68.0
v 95.4979476928711 107.0 69.0
v 96.0 107.0 68.49702453613281
v 95.47705841064453 108.0 43.0
v 96.0 108.0 43.4789924621582
v 96.0 107.43250274658203 63.0
v 96.0 107.47425842285156 64.0
v 96.0 107.4800796508789 69.0
v 96.0 107.54590606689453 70.0
v 96.0 108.0 70.45328521728516
v 95.5 109.0 43.0
v 96.0 109.0 43.47806930541992
v 96.0 109.0 70.47799682617188
v 95.52196502685547 110.0 43.0
v 96.0 110.0 43.456298828125
v 95.49803161621094 110.0 71.0
v 96.0 110.0 70.521728515625
v 96.0 111.0 42.543701171875
v 96.0 110.5 43.0
v 96.0 110.50196838378906 71.0
v 96.0 111.0 71.45710754394531
v 96.0 112.0 42.52193069458008
v 95.49803161621094 112.0 72.0
v 96.0 112.0 71.52176666259766
v 96.0 113.0 42.52193069458008
v 96.0 112.5009994506836 72.0
v 96.0 113.0 72.45809936523438
v 96.0 114.0 42.54374313354492
v 95.5009994506836 114.0 73.0
v 96.0 114.0 72.54190063476562
v 96.0 114.49799346923828 43.0
v 95.4990005493164 115.0 43.0
v 96.0 115.0 43.47823715209961
v 96.0 114.5 73.0
v 95.4534912109375 115.0 74.0
v 96.0 115.0 73.476318359375
v 96.0 116.0 43.54289245605469
v 96.0 116.0 73.48069763183594
v 96.0 116.49803161621094 44.0
v 95.52088928222656 117.0 44.0
v 96.0 117.0 44.49904251098633
v 95.50196075439453 117.0 74.0
v 96.0 117.0 73.54190063476562
v 95.45710754394531 118.0 44.0
v 96.0 117.50196075439453 45.0
v 95.54190063476562 118.0 45.0
v 96.0 118.0 45.498043060302734
v 96.0 117.49803924560547 74.0
v 95.5 118.0 75.0
v 96.0 118.0 74.50004577636719
v 95.45813751220703 119.0 45.0
v 96.0 118.50292205810547 46.0
v 95.54289245605469 119.0 46.0
v 96.0 119.0 46.47715377807617
v 96.0 118.5 75.0
v 95.4990463256836 119.0 76.0
v 96.0 119.0 75.5
v 95.47819519042969 120.0 46.0
v 96.0 120.0 46.52473068237305
v 96.0 119.49996185302734 76.0
v 95.49803161621094 120.0 77.0
v 96.0 120.0 76.5009536743164
v 95.49996185302734 121.0 47.0
v 96.0 120.47614288330078 47.0
v 95.54573822021484 121.0 48.0
v 96.0 120.52490234375 48.0
v 96.0 121.0 48.45429229736328
v 96.0 120.48007202148438 77.0
v 96.0 121.0 77.47895050048828
v 95.45333862304688 122.0 47.0
v 95.50184631347656 122.0 48.0
v 96.0 122.0 48.478065490722656
v 96.0 122.0 77.52192687988281
v 96.0 123.0 48.49996566772461
v 96.0 122.49996185302734 78.0
v 96.0 123.0 78.47891998291016
v 96.0 124.0 48.52101135253906
v 95.47903442382812 124.0 79.0
v 96.0 124.0 78.52101135253906
v 96.0 125.0 48.52193069458008
v 95.52200317382812 125.0 79.0
v 96.0 125.0 78.543701171875
v 96.0 126.0 48.521934509277344
v 96.0 125.5 79.0
v 96.0 126.0 79.456298828125
v 96.0 127.0 48.543704986572266
v 96.0 127.0 79.47898864746094
v 96.0 127.49903106689453 49.0
v 95.4749984741211 128.0 49.0
v 96.0 128.0 49.45729446411133
v 96.0 128.0 79.5
v 96.0 129.0 49.4991455078125
v 95.50004577636719 129.0 80.0
v 96.0 129.0 79.54270935058594
v 96.0 130.0 49.5
v 96.0 129.5 80.0
v 96.0 130.0 80.45729064941406
v 96.0 131.0 49.5
v 96.0 131.0 80.52015686035156
v 96.0 132.0 49.5008544921875
v 96.0 131.54591369628906 81.0
v 96.0 132.0 81.43170928955078
v 96.0 133.0 49.543704986572266
v 95.52104187011719 133.0 81.0
v 96.0 132.4759521484375 81.0
v 96.0 133.0 80.543701171875
v 96.0 133.47802734375 50.0
v 96.0 134.0 50.4798469543457
v 95.5 134.0 81.0
v 96.0 134.0 80.52193450927734
v 95.50300598144531 135.0 51.0
v 96.0 135.0 50.54374313354492
v 95.5 135.0 81.0
v 96.0 135.0 80.52192687988281
v 96.0 135.4761962890625 51.0
v 95.50096130371094 136.0 52.0
v 96.0 136.0 51.522804260253906
v 95.47806549072266 136.0 81.0
v 96.0 136.0 80.52101135253906
v 96.0 136.4780731201172 52.0
v 95.47807312011719 137.0 53.0
v 96.0 137.0 52.50096130371094
v 96.0 137.0 80.5008544921875
v 95.56884765625 138.0 53.0
v 96.0 138.0 52.57046890258789
v 95.47899627685547 138.0 54.0
v 96.0 138.0 80.47802734375
v 96.0 138.42953491210938 53.0
v 96.0 138.4788818359375 54.0
v 96.0 138.54190063476562 55.0
v 95.47290802001953 139.0 56.0
v 96.0 139.0 55.49799728393555
v 96.0 138.49899291992188 80.0
v 96.0 139.0 79.5
v 96.0 139.50204467773438 56.0
v 96.0 140.0 56.45724868774414
v 95.47586059570312 140.0 79.0
v 96.0 140.0 79.45526123046875
v 96.0 141.0 56.52107620239258
v 95.52732849121094 141.0 79.0
v 96.0 141.0 79.4284896850586
v 96.0 141.5 57.0
v 96.0 142.0 57.478919982910156
v 95.52477264404297 142.0 77.0
v 96.0 141.52481079101562 77.0
v 96.0 142.0 76.54466247558594
v 95.47518157958984 142.0 78.0
v 96.0 141.49807739257812 78.0
v 96.0 141.4293212890625 79.0
v 95.50205993652344 143.0 58.0
v 96.0 143.0 57.544700622558594
v 96.0 143.0 76.47807312011719
v 96.0 143.4561004638672 58.0
v 96.0 143.52020263671875 59.0
v 96.0 143.5457000732422 60.0
v 96.0 144.0 60.47513198852539
v 95.54998779296875 144.0 75.0
v 96.0 143.5704803466797 75.0
v 96.0 144.0 74.57054901123047
v 96.0 143.479736328125 76.0
v 96.0 144.50091552734375 61.0
v 96.0 144.54469299316406 62.0
v 96.0 145.0 62.498023986816406
v 95.57418823242188 145.0 64.0
v 96.0 144.59619140625 64.0
v 96.0 145.0 63.5527229309082
v 96.0 145.0 64.42487335205078
v 95.45335388183594 145.0 69.0
v 95.52201080322266 145.0 75.0
v 96.0 145.0 74.54466247558594
v 95.42926025390625 145.0 76.0
v 96.0 145.45814514160156 63.0
v 96.0 145.50184631347656 65.0
v 96.0 145.5219268798828 66.0
v 96.0 145.5219268798828 67.0
v 96.0 145.5210723876953 68.0
v 96.0 145.50184631347656 69.0
v 96.0 145.54388427734375 70.0
v 96.0 146.0 70.47527313232422
v 96.0 146.0 74.50174713134766
v 96.0 146.52279663085938 71.0
v 96.0 147.0 71.4771957397461
v 96.0 147.0 74.5
v 96.0 147.5247802734375 72.0
v 95.52294158935547 148.0 72.0
v 96.0 148.0 72.45526123046875
v 96.0 148.0 74.5
v 95.57298278808594 149.0 70.0
v 96.0 149.0 69.5730209350586
v 96.0 148.594970703125 70.0
v 96.0 149.0 70.42701721191406
v 95.50096893310547 149.0 72.0
v 96.0 149.0 72.49903106689453
v 96.0 149.0 74.47806549072266
v 95.47386169433594 150.0 67.0
v 96.0 150.0 67.50104522705078
v 96.0 149.54270935058594 68.0
v 96.0 149.4807586669922 69.0
v 96.0 149.49996948242188 71.0
v 95.54586791992188 150.0 72.0
v 96.0 150.0 71.52584075927734
v 96.0 149.52398681640625 73.0
v 95.54570770263672 150.0 73.0
v 95.5 150.0 74.0
v 96.0 149.4999542236328 74.0
v 96.0 151.0 66.5211181640625
v 96.0 150.48095703125 67.0
v 96.0 150.4532928466797 72.0
v 96.0 150.47601318359375 73.0
v 96.0 151.0 73.5
v 95.49903869628906 151.0 74.0
v 95.47618103027344 152.0 66.0
v 96.0 152.0 66.50000762939453
v 95.5 152.0 74.0
v 96.0 152.0 73.52192687988281
v 95.47522735595703 153.0 66.0
v 96.0 153.0 66.52275848388672
v 95.5 153.0 74.0
v 96.0 153.0 73.52192687988281
v 95.5 154.0 67.0
v 96.0 153.49908447265625 67.0
v 96.0 154.0 67.47823333740234
v 95.47798919677734 154.0 74.0
v 96.0 154.0 73.52192687988281
v 95.5 155.0 68.0
v 96.0 154.5217742919922 68.0
v 96.0 155.0 68.4990005493164
v 96.0 155.0 73.52100372314453
v 95.49703979492188 156.0 69.0
v 96.0 155.5 69.0
v 96.0 156.0 69.5009994506836
v 96.0 156.0 73.4788818359375
v 96.0 156.4781951904297 70.0
v 96.0 157.0 70.52473449707031
v 96.0 156.49815368652344 73.0
v 96.0 157.0 72.47615051269531
v 96.0 157.45526123046875 71.0
v 96.0 157.45530700683594 72.0
v 97.0 103.0 50.5
v 97.0 102.52192687988281 51.0
v 97.0 102.5008544921875 52.0
v 97.0 102.52101135253906 53.0
v 96.45307159423828 103.0 53.0
v 97.0 102.543701171875 54.0
v 96.5 103.0 54.0
v 97.0 103.0 54.498992919921875
v 97.0 104.0 48.50092697143555
v 97.0 103.52192687988281 49.0
v 97.0 103.47807312011719 50.0
v 97.0 103.45814514160156 55.0
v 97.0 103.54186248779297 56.0
v 96.49899291992188 104.0 56.0
v 97.0 104.0 56.500038146972656
v 96.49991607666016 105.0 47.0
v 97.0 105.0 47.47811508178711
v 97.0 104.49907684326172 48.0
v 97.0 104.45729064941406 57.0
v 97.0 104.5 58.0
v 97.0 104.543701171875 59.0
v 96.50100708007812 105.0 59.0
v 97.0 105.0 59.47803497314453
v 96.50211334228516 106.0 45.0
v 97.0 106.0 44.5477409362793
v 97.0 105.54951477050781 45.0
v 97.0 106.0 45.5
v 96.52794647216797 106.0 46.0
v 97.0 106.0 46.45226287841797
v 97.0 105.47724151611328 47.0
v 97.0 105.47984313964844 60.0
v 97.0 105.54270935058594 61.0
v 96.5 106.0 61.0
v 97.0 106.0 61.49995803833008
v 96.45425415039062 106.0 65.0
v 96.45525360107422 106.0 66.0
v 97.0 107.0 43.545745849609375
v 97.0 106.52578735351562 44.0
v 97.0 106.43250274658203 46.0
v 97.0 106.45813751220703 62.0
v 97.0 106.54380798339844 63.0
v 96.47688293457031 107.0 63.0
v 97.0 107.0 63.457881927490234
v 96.4798812866211 107.0 65.0
v 96.52015686035156 107.0 66.0
v 96.49996185302734 107.0 67.0
v 96.45614624023438 107.0 68.0
v 97.0 108.0 43.521934509277344
v 97.0 108.0 63.56859588623047
v 96.54888153076172 108.0 64.0
v 96.5448226928711 108.0 65.0
v 97.0 108.0 65.49801635742188
v 97.0 107.52192687988281 66.0
v 97.0 107.5228500366211 67.0
v 97.0 108.0 67.49899291992188
v 96.54186248779297 108.0 68.0
v 96.47980499267578 108.0 69.0
v 96.45328521728516 108.0 70.0
v 97.0 109.0 43.50088882446289
v 97.0 108.43057250976562 64.0
v 97.0 108.45513916015625 65.0
v 97.0 108.49903869628906 68.0
v 97.0 109.0 68.50104522705078
v 96.5427474975586 109.0 69.0
v 96.47799682617188 109.0 70.0
v 97.0 110.0 43.4991455078125
v 97.0 109.49795532226562 69.0
v 97.0 110.0 69.50199890136719
v 96.5227279663086 110.0 70.0
v 96.47807312011719 111.0 43.0
v 97.0 111.0 43.4789924621582
v 97.0 110.47811126708984 70.0
v 96.47803497314453 111.0 71.0
v 97.0 111.0 70.50088500976562
v 96.5 112.0 43.0
v 97.0 112.0 43.47807312011719
v 96.54769897460938 112.0 71.0
v 97.0 112.0 70.56832885742188
v 96.5 113.0 43.0
v 97.0 113.0 43.47807312011719
v 97.0 112.4513931274414 71.0
v 96.5 113.0 72.0
v 97.0 113.0 71.523681640625
v 96.47711181640625 114.0 43.0
v 97.0 114.0 43.50004196166992
v 97.0 113.47899627685547 72.0
v 97.0 114.0 72.47984313964844
v 96.52372741699219 115.0 44.0
v 97.0 114.52281188964844 44.0
v 97.0 115.0 44.4761962890625
v 96.47903442382812 115.0 73.0
v 97.0 115.0 72.52101135253906
v 96.47623443603516 116.0 44.0
v 97.0 116.0 44.52280044555664
v 96.52200317382812 116.0 73.0
v 97.0 116.0 72.543701171875
v 96.50003814697266 117.0 45.0
v 97.0 116.49808502197266 45.0
v 97.0 117.0 45.5
v 97.0 116.49899291992188 73.0
v 97.0 117.0 73.45813751220703
v 96.50004577636719 118.0 46.0
v 97.0 117.5 46.0
v 97.0 118.0 46.501914978027344
v 96.50196075439453 118.0 74.0
v 97.0 118.0 73.54190063476562
v 96.5 119.0 47.0
v 97.0 118.47811126708984 47.0
v 96.54570007324219 119.0 48.0
v 97.0 118.5257797241211 48.0
v 97.0 119.0 48.45513916015625
v 97.0 118.4990005493164 74.0
v 96.49996185302734 119.0 75.0
v 97.0 119.0 74.4990463256836
v 96.45526123046875 120.0 47.0
v 96.50096130371094 120.0 48.0
v 97.0 120.0 48.49907684326172
v 97.0 119.5009536743164 75.0
v 96.50196075439453 120.0 76.0
v 97.0 120.0 75.5009994506836
v 97.0 121.0 48.52104187011719
v 97.0 120.45809936523438 76.0
v 97.0 120.54389190673828 77.0
v 97.0 121.0 77.4552993774414
v 97.0 122.0 48.52193069458008
v 97.0 122.0 77.52107238769531
v 97.0 123.0 48.543701171875
v 97.0 122.50093078613281 78.0
v 97.0 123.0 78.47714233398438
v 97.0 123.5 49.0
v 96.52192687988281 124.0 49.0
v 97.0 124.0 49.456298828125
v 97.0 124.0 78.47990417480469
v 96.5 125.0 49.0
v 97.0 125.0 49.47806930541992
v 97.0 125.0 78.5
v 96.5 126.0 49.0
v 97.0 126.0 49.47807312011719
v 96.47807312011719 126.0 79.0
v 97.0 126.0 78.52101135253906
v 96.47802734375 127.0 49.0
v 97.0 127.0 49.47984313964844
v 96.52289581298828 127.0 79.0
v 97.0 127.0 78.54469299316406
v 97.0 128.0 49.51924133300781
v 97.0 127.47710418701172 79.0
v 97.0 128.0 79.47898864746094
v 97.0 129.0 49.5008544921875
v 97.0 129.0 79.5008544921875
v 97.0 130.0 49.5
v 96.50096130371094 130.0 80.0
v 97.0 130.0 79.543701171875
v 97.0 131.0 49.5
v 97.0 130.47802734375 80.0
v 97.0 131.0 80.47984313964844
v 97.0 132.0 49.52101135253906
v 96.45325469970703 132.0 81.0
v 97.0 132.0 80.52008819580078
v 97.0 132.5219268798828 50.0
v 96.5 133.0 50.0
v 97.0 133.0 50.456298828125
v 97.0 133.0 80.5008544921875
v 97.0 134.0 50.5
v 97.0 134.0 80.5
v 97.0 135.0 50.54374694824219
v 97.0 135.0 80.5
v 97.0 135.4761962890625 51.0
v 97.0 136.0 51.522762298583984
v 97.0 136.0 80.49996948242188
v 97.0 136.4781494140625 52.0
v 97.0 137.0 52.500003814697266
v 97.0 137.0 80.498291015625
v 97.0 137.5218048095703 53.0
v 96.47269439697266 138.0 53.0
v 97.0 138.0 53.47820281982422
v 97.0 138.0 80.45429229736328
v 97.0 138.5 54.0
v 96.49995422363281 139.0 55.0
v 97.0 139.0 54.521846771240234
v 96.52201080322266 139.0 79.0
v 97.0 138.52284240722656 79.0
v 97.0 139.0 78.52376556396484
v 97.0 138.45509338378906 80.0
v 97.0 139.47727966308594 55.0
v 96.49895477294922 140.0 56.0
v 97.0 140.0 55.521766662597656
v 96.47610473632812 140.0 79.0
v 97.0 140.0 78.47715759277344
v 97.0 140.5 56.0
v 97.0 141.0 56.47823715209961
v 96.5257339477539 141.0 77.0
v 97.0 140.54481506347656 77.0
v 97.0 141.0 76.54481506347656
v 96.49815368652344 141.0 78.0
v 97.0 140.47718811035156 78.0
v 96.43010711669922 141.0 79.0
v 97.0 141.52377319335938 57.0
v 97.0 142.0 57.456260681152344
v 97.0 142.0 76.4798812866211
v 97.0 143.0 57.5211181640625
v 97.0 143.0 76.45526123046875
v 97.0 143.49815368652344 58.0
v 96.52192687988281 144.0 59.0
v 97.0 144.0 58.522891998291016
v 96.45598602294922 144.0 60.0
v 96.45183563232422 144.0 75.0
v 97.0 144.0 75.49907684326172
v 97.0 143.47610473632812 76.0
v 97.0 144.47532653808594 59.0
v 96.56771850585938 145.0 60.0
v 97.0 145.0 59.54970169067383
v 96.5018539428711 145.0 61.0
v 96.47710418701172 145.0 62.0
v 96.40546417236328 145.0 64.0
v 96.5230712890625 145.0 75.0
v 97.0 145.0 75.43171691894531
v 97.0 145.4306182861328 60.0
v 97.0 145.47711181640625 61.0
v 97.0 145.47898864746094 62.0
v 97.0 145.51930236816406 63.0
v 96.54312896728516 146.0 64.0
v 97.0 146.0 63.52394485473633
v 96.50181579589844 146.0 65.0
v 96.52201080322266 146.0 66.0
v 96.52297973632812 146.0 67.0
v 96.52204895019531 146.0 68.0
v 96.50177001953125 146.0 69.0
v 96.47618865966797 146.0 70.0
v 97.0 145.45326232910156 75.0
v 97.0 146.0 74.52009582519531
v 97.0 146.454345703125 64.0
v 97.0 146.47711181640625 65.0
v 97.0 146.45530700683594 66.0
v 97.0 146.4542999267578 67.0
v 97.0 146.45530700683594 68.0
v 97.0 146.47714233398438 69.0
v 97.0 146.5 70.0
v 96.50100708007812 147.0 71.0
v 97.0 147.0 70.52289581298828
v 97.0 147.0 74.5
v 97.0 147.456298828125 71.0
v 97.0 147.52200317382812 72.0
v 97.0 148.0 72.47803497314453
v 97.0 148.0 74.49910736083984
v 96.42608642578125 149.0 70.0
v 97.0 149.0 72.54486083984375
v 97.0 149.0 74.45429229736328
v 96.49895477294922 150.0 68.0
v 97.0 150.0 68.50302124023438
v 97.0 149.5438995361328 69.0
v 97.0 149.5028076171875 70.0
v 97.0 149.54489135742188 71.0
v 97.0 150.0 71.47605895996094
v 97.0 149.47509765625 73.0
v 97.0 149.45509338378906 74.0
v 97.0 151.0 66.57047271728516
v 97.0 150.56887817382812 67.0
v 97.0 150.48095703125 68.0
v 97.0 150.5009307861328 72.0
v 97.0 150.52590942382812 73.0
v 97.0 151.0 73.45325469970703
v 97.0 151.47268676757812 67.0
v 96.52179718017578 152.0 67.0
v 97.0 152.0 67.47820281982422
v 97.0 152.0 73.47802734375
v 96.47811889648438 153.0 67.0
v 97.0 153.0 67.50092315673828
v 97.0 153.0 73.49739837646484
v 97.0 154.0 67.54485321044922
v 97.0 154.0 73.49812316894531
v 97.0 154.45518493652344 68.0
v 96.50196075439453 155.0 69.0
v 97.0 154.5418701171875 69.0
v 97.0 155.0 69.4990005493164
v 97.0 154.5739288330078 74.0
v 96.5721664428711 155.0 74.0
v 97.0 155.0 74.40497589111328
v 96.49995422363281 156.0 70.0
v 97.0 155.5 70.0
v 97.0 156.0 70.48007202148438
v 97.0 155.44647216796875 74.0
v 97.0 156.0 73.5179672241211
v 96.47614288330078 157.0 71.0
v 97.0 156.49903869628906 71.0
v 96.47710418701172 157.0 72.0
v 97.0 156.52012634277344 72.0
v 97.0 156.4788360595703 73.0
v 98.0 103.0 50.52385711669922
v 98.0 102.54473876953125 51.0
v 98.0 102.52193450927734 52.0
v 98.0 102.52193450927734 53.0
v 98.0 102.52285766601562 54.0
v 98.0 102.56832885742188 55.0
v 97.52509307861328 103.0 55.0
v 98.0 103.0 55.4522590637207
v 98.0 104.0 48.52385330200195
v 98.0 103.54469299316406 49.0
v 98.0 103.5 50.0
v 98.0 103.50183868408203 56.0
v 98.0 103.56828308105469 57.0
v 97.5250015258789 104.0 57.0
v 98.0 104.0 57.45325469970703
v 97.57936096191406 105.0 45.0
v 98.0 105.0 44.597843170166016
v 98.0 104.59864807128906 45.0
v 98.0 105.0 45.40297317504883
v 98.0 105.0 47.50095748901367
v 98.0 104.50096130371094 48.0
v 98.0 104.47991180419922 58.0
v 98.0 104.52101135253906 59.0
v 98.0 105.0 59.52192687988281
v 98.0 106.0 44.56993865966797
v 98.0 106.0 45.47166061401367
v 98.0 106.0 46.5
v 98.0 105.52188110351562 47.0
v 98.0 105.456298828125 60.0
v 98.0 105.5 61.0
v 98.0 105.543701171875 62.0
v 97.50100708007812 106.0 62.0
v 98.0 106.0 62.477149963378906
v 97.4551010131836 107.0 44.0
v 98.0 106.47166442871094 45.0
v 97.54020690917969 107.0 45.0
v 98.0 107.0 45.49903869628906
v 98.0 106.49903869628906 46.0
v 98.0 106.50003814697266 63.0
v 98.0 107.0 63.52084732055664
v 97.49811553955078 108.0 44.0
v 97.54570007324219 108.0 45.0
v 98.0 108.0 45.45513916015625
v 98.0 107.4990005493164 64.0
v 97.47184753417969 108.0 64.0
v 98.0 108.0 64.50199890136719
v 97.45799255371094 108.0 66.0
v 97.456298828125 108.0 67.0
v 98.0 109.0 43.54570770263672
v 98.0 108.52490234375 44.0
v 98.0 108.47513580322266 45.0
v 98.0 108.47723388671875 65.0
v 97.54389953613281 109.0 66.0
v 98.0 109.0 65.52473449707031
v 97.52108001708984 109.0 67.0
v 97.47823333740234 109.0 68.0
v 98.0 110.0 43.52289581298828
v 98.0 109.47606658935547 66.0
v 98.0 109.49911499023438 67.0
v 98.0 109.52272033691406 68.0
v 97.50199890136719 110.0 69.0
v 98.0 110.0 68.50004577636719
v 98.0 111.0 43.52285385131836
v 98.0 110.45809936523438 69.0
v 98.0 110.54289245605469 70.0
v 98.0 111.0 70.47623443603516
v 98.0 112.0 43.52196502685547
v 98.0 111.5238037109375 71.0
v 97.47595977783203 112.0 71.0
v 98.0 112.0 71.45626068115234
v 98.0 113.0 43.521968841552734
v 98.0 113.0 71.52108001708984
v 98.0 114.0 43.54666519165039
v 98.0 113.50003814697266 72.0
v 98.0 114.0 72.47806549072266
v 98.0 114.45417785644531 44.0
v 97.52481079101562 115.0 45.0
v 98.0 114.52473449707031 45.0
v 98.0 115.0 45.455299377441406
v 98.0 115.0 72.5
v 97.47811126708984 116.0 45.0
v 98.0 116.0 45.500038146972656
v 98.0 116.0 72.5008544921875
v 97.5009536743164 117.0 46.0
v 98.0 116.52088928222656 46.0
v 98.0 117.0 46.49995803833008
v 97.50004577636719 117.0 73.0
v 98.0 117.0 72.54270935058594
v 97.47723388671875 118.0 47.0
v 98.0 117.47823333740234 47.0
v 97.5257339477539 118.0 48.0
v 98.0 117.54485321044922 48.0
v 98.0 118.0 48.45518493652344
v 98.0 117.49995422363281 73.0
v 98.0 118.0 73.45813751220703
v 98.0 119.0 48.54182434082031
v 97.48003387451172 119.0 74.0
v 98.0 119.0 73.52019500732422
v 98.0 119.50100708007812 49.0
v 97.5228500366211 120.0 49.0
v 98.0 120.0 49.456298828125
v 97.54586029052734 120.0 74.0
v 98.0 120.0 73.54666900634766
v 97.47915649414062 120.0 75.0
v 97.50003814697266 121.0 49.0
v 98.0 121.0 49.47806930541992
v 98.0 120.45413970947266 74.0
v 98.0 120.49996185302734 75.0
v 98.0 120.54289245605469 76.0
v 97.49602508544922 121.0 77.0
v 98.0 121.0 76.49703979492188
v 97.5 122.0 49.0
v 98.0 122.0 49.47806930541992
v 98.0 121.50103759765625 77.0
v 98.0 122.0 77.47818756103516
v 97.47807312011719 123.0 49.0
v 98.0 123.0 49.47898864746094
v 98.0 122.54769897460938 78.0
v 98.0 123.0 78.43167114257812
v 98.0 124.0 49.4991455078125
v 97.54569244384766 124.0 78.0
v 98.0 123.49889373779297 78.0
v 98.0 124.0 77.56720733642578
v 98.0 125.0 49.5008544921875
v 98.0 124.47605895996094 78.0
v 98.0 125.0 78.45729064941406
v 98.0 126.0 49.52101135253906
v 98.0 126.0 78.4991455078125
v 98.0 127.0 49.543697357177734
v 98.0 127.0 78.52101135253906
v 98.0 127.52298736572266 50.0
v 97.54573822021484 128.0 50.0
v 98.0 128.0 50.43278884887695
v 98.0 127.52289581298828 79.0
v 98.0 128.0 79.45530700683594
v 98.0 129.0 49.543697357177734
v 98.0 128.47702026367188 50.0
v 98.0 129.0 79.47807312011719
v 98.0 130.0 49.52101135253906
v 98.0 130.0 79.50092315673828
v 98.0 131.0 49.501712799072266
v 98.0 130.50096130371094 80.0
v 98.0 131.0 80.47803497314453
v 98.0 132.0 49.54374313354492
v 98.0 132.0 80.5
v 98.0 132.47711181640625 50.0
v 98.0 133.0 50.499996185302734
v 98.0 133.0 80.5
v 98.0 134.0 50.543739318847656
v 98.0 134.0 80.5
v 98.0 134.49703979492188 51.0
v 97.49703216552734 135.0 51.0
v 98.0 135.0 51.5
v 98.0 135.0 80.5
v 97.50003814697266 136.0 52.0
v 98.0 135.501953125 52.0
v 98.0 136.0 52.458099365234375
v 98.0 136.0 80.498291015625
v 98.0 137.0 52.54289627075195
v 97.57046508789062 137.0 79.0
v 98.0 136.57046508789062 79.0
v 98.0 137.0 78.56888580322266
v 98.0 137.0 79.49781799316406
v 98.0 137.0 80.43253326416016
v 98.0 137.4762420654297 53.0
v 98.0 138.0 53.52275848388672
v 97.50092315673828 138.0 79.0
v 98.0 138.0 78.48003387451172
v 98.0 137.45135498046875 80.0
v 97.47330474853516 138.0 80.0
v 98.0 138.47811889648438 54.0
v 98.0 139.0 54.50092315673828
v 97.52376556396484 139.0 78.0
v 98.0 138.50196838378906 78.0
v 98.0 139.0 77.54289245605469
v 98.0 139.50083923339844 55.0
v 98.0 140.0 55.47977828979492
v 97.47628021240234 140.0 78.0
v 98.0 140.0 77.4771957397461
v 97.52503204345703 141.0 56.0
v 98.0 141.0 55.56729507446289
v 98.0 140.47727966308594 77.0
v 98.0 141.0 76.478271484375
v 98.0 141.4515380859375 56.0
v 97.52193450927734 142.0 57.0
v 98.0 142.0 56.5473747253418
v 97.52192687988281 142.0 76.0
v 98.0 141.50192260742188 76.0
v 98.0 142.0 75.54285430908203
v 98.0 142.4534912109375 57.0
v 98.0 143.0 57.523719787597656
v 97.47614288330078 143.0 76.0
v 98.0 143.0 75.5
v 98.0 143.47715759277344 58.0
v 98.0 144.0 58.523765563964844
v 98.0 144.0 75.45714569091797
v 98.0 144.4571075439453 59.0
v 97.47480773925781 145.0 60.0
v 98.0 144.5428466796875 60.0
v 98.0 145.0 60.478118896484375
v 97.4749984741211 145.0 75.0
v 98.0 144.4990692138672 75.0
v 98.0 145.0 74.54270935058594
v 98.0 145.47898864746094 61.0
v 98.0 145.5 62.0
v 98.0 145.52101135253906 63.0
v 98.0 146.0 63.52289962768555
v 97.49903106689453 146.0 66.0
v 98.0 145.543701171875 66.0
v 98.0 146.0 65.49999237060547
v 97.47702026367188 146.0 67.0
v 98.0 145.5219268798828 67.0
v 97.5 146.0 68.0
v 98.0 145.54469299316406 68.0
v 98.0 146.0 68.47710418701172
v 98.0 146.0 74.5008544921875
v 98.0 146.45530700683594 64.0
v 98.0 146.456298828125 65.0
v 98.0 146.47898864746094 69.0
v 98.0 146.52101135253906 70.0
v 98.0 147.0 70.52193450927734
v 98.0 147.0 74.49910736083984
v 98.0 147.456298828125 71.0
v 98.0 147.52020263671875 72.0
v 98.0 148.0 72.52188873291016
v 98.0 148.0 74.45532989501953
v 98.0 148.4762420654297 73.0
v 97.47417449951172 149.0 73.0
v 97.47417449951172 149.0 74.0
v 98.0 148.47518920898438 74.0
v 97.4552993774414 150.0 69.0
v 97.47798919677734 150.0 70.0
v 97.45433807373047 150.0 71.0
v 97.42952728271484 151.0 67.0
v 97.4788818359375 151.0 68.0
v 97.52015686035156 151.0 69.0
v 97.52192687988281 151.0 70.0
v 97.5201187133789 151.0 71.0
v 97.47891998291016 151.0 72.0
v 97.4532470703125 151.0 73.0
v 97.5 152.0 68.0
v 98.0 152.0 68.52381134033203
v 98.0 151.52293395996094 69.0
v 98.0 151.5 70.0
v 98.0 151.52293395996094 71.0
v 98.0 152.0 71.47798919677734
v 97.52192687988281 152.0 72.0
v 97.4971923828125 152.0 73.0
v 97.49996185302734 153.0 68.0
v 98.0 153.0 68.50096893310547
v 97.54270935058594 153.0 72.0
v 98.0 153.0 71.49903106689453
v 98.0 153.0 72.552734375
v 98.0 152.57518005371094 73.0
v 98.0 153.0 73.40459442138672
v 97.4742660522461 154.0 68.0
v 98.0 154.0 68.5257797241211
v 97.54270935058594 154.0 71.0
v 98.0 153.49903869628906 71.0
v 98.0 154.0 70.49899291992188
v 97.501708984375 154.0 72.0
v 98.0 153.42486572265625 73.0
v 97.49812316894531 154.0 73.0
v 98.0 154.45513916015625 69.0
v 97.4791488647461 155.0 70.0
v 98.0 154.47714233398438 70.0
v 97.52200317382812 155.0 71.0
v 97.52288818359375 155.0 72.0
v 97.52029418945312 155.0 73.0
v 97.42607116699219 155.0 74.0
v 98.0 155.5231475830078 71.0
v 98.0 156.0 70.54590606689453
v 98.0 155.49996948242188 72.0
v 98.0 155.5000457763672 73.0
v 98.0 155.54881286621094 74.0
v 97.5281982421875 156.0 74.0
v 98.0 156.0 74.43061065673828
v 98.0 156.45413208007812 71.0
v 98.0 156.4788360595703 72.0
v 98.0 156.49813842773438 73.0
v 98.0 156.45115661621094 74.0
v 98.47526550292969 103.0 51.0
v 98.49996185302734 103.0 52.0
v 98.5 103.0 53.0
v 98.49910736083984 103.0 54.0
v 98.45320892333984 103.0 55.0
v 98.47618865966797 104.0 49.0
v 98.5228500366211 104.0 50.0
v 99.0 104.0 50.4980354309082
v 99.0 103.52176666259766 51.0
v 99.0 103.47892761230469 52.0
v 99.0 103.47807312011719 53.0
v 99.0 103.47807312011719 54.0
v 99.0 103.49908447265625 55.0
v 98.54591369628906 104.0 56.0
v 99.0 104.0 55.54770278930664
v 98.45500946044922 104.0 57.0
v 98.4021224975586 105.0 45.0
v 99.0 105.0 47.54581832885742
v 99.0 104.54582214355469 48.0
v 99.0 104.50003814697266 49.0
v 99.0 104.45710754394531 50.0
v 99.0 104.43167114257812 56.0
v 99.0 104.47806549072266 57.0
v 99.0 104.4991455078125 58.0
v 99.0 104.501708984375 59.0
v 99.0 104.56720733642578 60.0
v 98.52297973632812 105.0 60.0
v 99.0 105.0 60.454307556152344
v 98.42847442626953 106.0 45.0
v 98.49908447265625 106.0 47.0
v 99.0 106.0 47.478233337402344
v 99.0 105.47991180419922 61.0
v 99.0 105.52192687988281 62.0
v 99.0 106.0 62.49992370605469
v 98.49908447265625 107.0 46.0
v 99.0 107.0 46.5
v 99.0 106.4990463256836 47.0
v 99.0 106.47977447509766 63.0
v 99.0 106.56729888916016 64.0
v 98.52503204345703 107.0 64.0
v 99.0 107.0 64.45153045654297
v 99.0 108.0 45.5428581237793
v 99.0 107.50287628173828 46.0
v 99.0 107.54846954345703 65.0
v 98.52403259277344 108.0 65.0
v 99.0 108.0 65.43270111083984
v 98.45425415039062 109.0 44.0
v 98.50092315673828 109.0 45.0
v 99.0 109.0 45.5
v 99.0 109.0 65.50003814697266
v 98.47710418701172 110.0 44.0
v 98.52196502685547 110.0 45.0
v 99.0 110.0 45.498111724853516
v 98.52490997314453 110.0 66.0
v 99.0 110.0 65.54566955566406
v 98.5 110.0 67.0
v 98.47811889648438 110.0 68.0
v 98.47795867919922 111.0 44.0
v 98.5447006225586 111.0 45.0
v 99.0 111.0 45.45610427856445
v 98.59658813476562 111.0 66.0
v 99.0 111.0 65.59662628173828
v 99.0 111.0 66.44600677490234
v 99.0 110.52091979980469 67.0
v 99.0 110.50184631347656 68.0
v 99.0 110.54289245605469 69.0
v 98.49899291992188 111.0 70.0
v 99.0 111.0 69.49899291992188
v 98.49811553955078 112.0 44.0
v 99.0 112.0 44.52184295654297
v 99.0 111.4979476928711 45.0
v 99.0 111.40341186523438 66.0
v 99.0 111.45814514160156 70.0
v 99.0 111.54389953613281 71.0
v 99.0 112.0 71.4552993774414
v 98.49811553955078 113.0 44.0
v 99.0 113.0 44.52184295654297
v 99.0 113.0 71.52015686035156
v 98.45413970947266 114.0 44.0
v 99.0 113.50109100341797 45.0
v 98.52376556396484 114.0 45.0
v 99.0 114.0 45.45629119873047
v 99.0 113.52293395996094 72.0
v 99.0 114.0 72.45530700683594
v 99.0 115.0 45.49996566772461
v 99.0 115.0 72.47898864746094
v 99.0 116.0 45.544700622558594
v 99.0 116.0 72.4991455078125
v 99.0 116.45610809326172 46.0
v 98.50192260742188 117.0 47.0
v 99.0 116.54285430908203 47.0
v 99.0 117.0 47.47719192504883
v 99.0 117.0 72.5008544921875
v 99.0 117.50004577636719 48.0
v 99.0 118.0 48.52080154418945
v 98.50004577636719 118.0 73.0
v 99.0 118.0 72.54270935058594
v 99.0 118.50104522705078 49.0
v 98.50004577636719 119.0 49.0
v 99.0 119.0 49.45729064941406
v 99.0 118.50096130371094 73.0
v 99.0 119.0 73.456298828125
v 99.0 120.0 49.4991455078125
v 99.0 120.0 73.50003814697266
v 99.0 121.0 49.5
v 99.0 120.52084350585938 74.0
v 98.5228042602539 121.0 75.0
v 99.0 121.0 74.50192260742188
v 98.47627258300781 121.0 76.0
v 99.0 122.0 49.5
v 99.0 121.45714569091797 75.0
v 99.0 121.52180480957031 76.0
v 98.4990463256836 122.0 77.0
v 99.0 122.0 76.4990463256836
v 99.0 123.0 49.5
v 99.0 122.50196075439453 77.0
v 98.4513931274414 123.0 78.0
v 99.0 123.0 77.47628021240234
v 99.0 124.0 49.5008544921875
v 99.0 124.0 77.48069763183594
v 99.0 125.0 49.54270935058594
v 98.49996185302734 125.0 78.0
v 99.0 125.0 77.54186248779297
v 99.0 125.5019302368164 50.0
v 98.52289581298828 126.0 50.0
v 99.0 126.0 50.45530319213867
v 99.0 125.50100708007812 78.0
v 99.0 126.0 78.456298828125
v 98.50000762939453 127.0 50.0
v 99.0 127.0 50.456298828125
v 99.0 127.0 78.47984313964844
v 99.0 128.0 50.47622299194336
v 98.4770278930664 128.0 79.0
v 99.0 128.0 78.51930236816406
v 98.50000762939453 129.0 50.0
v 99.0 129.0 50.456295013427734
v 98.49907684326172 129.0 79.0
v 99.0 129.0 78.50092315673828
v 98.52289581298828 130.0 50.0
v 99.0 130.0 50.45530319213867
v 98.52293395996094 130.0 79.0
v 99.0 130.0 78.52381134033203
v 99.0 131.0 49.56720733642578
v 99.0 130.5220184326172 50.0
v 99.0 130.47535705566406 79.0
v 99.0 130.52293395996094 80.0
v 99.0 131.0 80.47624969482422
v 99.0 131.47509765625 50.0
v 98.49803161621094 132.0 50.0
v 99.0 132.0 50.47732162475586
v 99.0 132.0 80.49996185302734
v 98.54788970947266 133.0 51.0
v 99.0 132.54962158203125 51.0
v 99.0 133.0 51.43059158325195
v 99.0 133.0 80.5
v 98.49895477294922 134.0 51.0
v 99.0 134.0 51.477237701416016
v 99.0 134.0 80.5
v 98.50300598144531 135.0 52.0
v 99.0 134.5238494873047 52.0
v 99.0 135.0 52.456214904785156
v 99.0 135.0 80.4991455078125
v 99.0 136.0 52.52015686035156
v 99.0 136.0 80.45629119873047
v 99.0 136.52096557617188 53.0
v 98.49899291992188 137.0 53.0
v 99.0 137.0 53.477237701416016
v 99.0 136.5448455810547 79.0
v 99.0 137.0 78.5257339477539
v 98.45230102539062 137.0 80.0
v 99.0 136.47622680664062 80.0
v 98.50100708007812 138.0 54.0
v 99.0 137.52377319335938 54.0
v 99.0 138.0 54.45710372924805
v 98.50297546386719 138.0 78.0
v 99.0 137.52481079101562 78.0
v 99.0 138.0 77.5447006225586
v 99.0 139.0 54.542850494384766
v 99.0 139.0 77.4798812866211
v 99.0 139.47723388671875 55.0
v 99.0 140.0 55.499080657958984
v 98.49995422363281 140.0 77.0
v 99.0 139.52096557617188 77.0
v 99.0 140.0 76.52275848388672
v 99.0 140.54551696777344 56.0
v 98.4988021850586 141.0 56.0
v 99.0 141.0 56.453582763671875
v 98.50196838378906 141.0 76.0
v 99.0 140.5237579345703 76.0
v 99.0 141.0 75.54289245605469
v 98.4771499633789 142.0 57.0
v 99.0 141.5237579345703 57.0
v 99.0 142.0 57.47623825073242
v 99.0 142.0 75.45809936523438
v 98.5228500366211 143.0 58.0
v 99.0 142.5464630126953 58.0
v 99.0 143.0 58.45353317260742
v 98.52184295654297 143.0 75.0
v 99.0 142.4999542236328 75.0
v 99.0 143.0 74.52275848388672
v 98.49903869628906 144.0 59.0
v 99.0 143.523681640625 59.0
v 99.0 144.0 59.478111267089844
v 98.47715759277344 144.0 75.0
v 99.0 144.0 74.49908447265625
v 99.0 144.5 60.0
v 99.0 145.0 60.52381134033203
v 99.0 145.0 74.47891998291016
v 99.0 145.45530700683594 61.0
v 99.0 145.4780731201172 62.0
v 99.0 145.47984313964844 63.0
v 98.47705841064453 146.0 64.0
v 99.0 145.52015686035156 64.0
v 98.47806549072266 146.0 65.0
v 99.0 145.52101135253906 65.0
v 99.0 145.5008544921875 66.0
v 99.0 145.5008544921875 67.0
v 99.0 145.543701171875 68.0
v 99.0 146.0 68.47807312011719
v 99.0 146.0 74.47806549072266
v 99.0 146.47898864746094 69.0
v 99.0 146.5008544921875 70.0
v 98.5 147.0 71.0
v 99.0 146.543701171875 71.0
v 99.0 147.0 71.47798919677734
v 99.0 147.0 74.45533752441406
v 99.0 147.48069763183594 72.0
v 98.49903869628906 148.0 73.0
v 99.0 147.5418243408203 73.0
v 98.47610473632812 148.0 74.0
v 99.0 147.4761505126953 74.0
v 98.45530700683594 152.0 69.0
v 98.47806549072266 152.0 70.0
v 98.4552993774414 152.0 71.0
v 98.47806549072266 153.0 69.0
v 98.49913787841797 153.0 70.0
v 98.456298828125 153.0 71.0
v 98.40375518798828 153.0 73.0
v 98.45429229736328 154.0 69.0
v 98.45625305175781 154.0 70.0
v 99.0 156.0 70.57270812988281
v 99.0 155.5718536376953 71.0
v 99.0 155.54595947265625 72.0
v 99.0 155.52476501464844 73.0
v 99.0 155.5477752685547 74.0
v 99.0 156.0 74.45219421386719
v 99.0 156.42811584472656 71.0
v 99.0 156.47315979003906 72.0
v 98.54812622070312 157.0 73.0
v 99.0 157.0 72.54991149902344
v 98.55101776123047 157.0 74.0
v 99.0 157.0 74.42842102050781
v 99.0 157.4294891357422 73.0
v 99.0 157.4283905029297 74.0
v 99.50096130371094 104.0 51.0
v 100.0 104.0 51.50004196166992
v 100.0 103.54270935058594 52.0
v 100.0 103.5008544921875 53.0
v 100.0 103.5 54.0
v 100.0 103.5008544921875 55.0
v 100.0 103.54270935058594 56.0
v 99.4749526977539 104.0 56.0
v 100.0 104.0 56.500003814697266
v 99.45418548583984 105.0 48.0
v 99.52084350585938 105.0 49.0
v 100.0 105.0 49.50100326538086
v 100.0 104.54190063476562 50.0
v 100.0 104.45813751220703 51.0
v 100.0 104.45729064941406 57.0
v 100.0 104.4991455078125 58.0
v 100.0 104.52009582519531 59.0
v 99.5 105.0 60.0
v 100.0 105.0 59.545692443847656
v 99.52176666259766 106.0 48.0
v 100.0 106.0 48.499000549316406
v 100.0 105.4990463256836 49.0
v 100.0 105.43279266357422 60.0
v 100.0 105.498291015625 61.0
v 100.0 105.52101135253906 62.0
v 100.0 106.0 62.52096939086914
v 99.5 107.0 47.0
v 100.0 107.0 47.499996185302734
v 100.0 106.49903869628906 48.0
v 100.0 106.476318359375 63.0
v 99.49884796142578 107.0 64.0
v 100.0 107.0 63.54646301269531
v 99.47623443603516 108.0 46.0
v 100.0 108.0 46.522804260253906
v 100.0 107.50191497802734 47.0
v 100.0 107.45353698730469 64.0
v 99.47596740722656 108.0 65.0
v 100.0 108.0 64.523681640625
v 99.5 109.0 46.0
v 100.0 109.0 46.49907684326172
v 100.0 108.47811126708984 65.0
v 100.0 109.0 65.5
v 99.52284240722656 110.0 46.0
v 100.0 110.0 46.45714569091797
v 100.0 109.52376556396484 66.0
v 99.49893951416016 110.0 66.0
v 100.0 110.0 66.45619201660156
v 100.0 111.0 45.5418586730957
v 100.0 110.49903869628906 46.0
v 99.42455291748047 111.0 66.0
v 100.0 111.0 66.50092315673828
v 99.47911834716797 111.0 67.0
v 99.4788818359375 111.0 68.0
v 99.47623443603516 111.0 69.0
v 99.47907257080078 112.0 45.0
v 100.0 112.0 45.4798469543457
v 99.5448989868164 112.0 67.0
v 100.0 112.0 66.54486846923828
v 99.543701171875 112.0 68.0
v 100.0 112.0 68.50004577636719
v 100.0 111.52381134033203 69.0
v 100.0 111.54389953613281 70.0
v 99.49597930908203 112.0 71.0
v 100.0 112.0 70.49597930908203
v 99.47911071777344 113.0 45.0
v 100.0 113.0 45.4789924621582
v 100.0 112.47512817382812 67.0
v 100.0 112.47806549072266 68.0
v 100.0 112.50401306152344 71.0
v 100.0 113.0 71.45610046386719
v 100.0 114.0 45.5
v 99.47615051269531 114.0 72.0
v 100.0 114.0 71.49811553955078
v 100.0 115.0 45.54172134399414
v 99.52088165283203 115.0 72.0
v 100.0 115.0 71.52088165283203
v 100.0 115.52275085449219 46.0
v 99.51982116699219 116.0 46.0
v 100.0 116.0 46.45466232299805
v 100.0 115.50205993652344 72.0
v 100.0 116.0 72.4552993774414
v 100.0 116.523681640625 47.0
v 100.0 117.0 47.478031158447266
v 100.0 117.0 72.47802734375
v 100.0 117.50096130371094 48.0
v 99.5271987915039 118.0 49.0
v 100.0 117.56941986083984 49.0
v 100.0 118.0 49.43061065673828
v 100.0 118.0 72.47984313964844
v 100.0 119.0 49.49824905395508
v 99.47803497314453 119.0 73.0
v 100.0 119.0 72.52015686035156
v 100.0 120.0 49.499996185302734
v 99.52288818359375 120.0 73.0
v 100.0 120.0 72.54374694824219
v 100.0 121.0 49.5
v 100.0 120.49699401855469 73.0
v 99.5009994506836 121.0 74.0
v 100.0 121.0 73.50199890136719
v 100.0 122.0 49.5
v 100.0 121.45809936523438 74.0
v 100.0 121.54190063476562 75.0
v 99.4990005493164 122.0 76.0
v 100.0 122.0 75.49803924560547
v 100.0 123.0 49.5008544921875
v 100.0 122.5009994506836 76.0
v 99.4771957397461 123.0 77.0
v 100.0 123.0 76.47819519042969
v 100.0 124.0 49.54270935058594
v 99.52196502685547 124.0 77.0
v 100.0 124.0 76.54285430908203
v 100.0 124.50000762939453 50.0
v 99.5 125.0 50.0
v 100.0 125.0 50.4572868347168
v 100.0 124.5 77.0
v 100.0 125.0 77.45714569091797
v 100.0 126.0 50.47898483276367
v 99.4771499633789 126.0 78.0
v 100.0 126.0 77.5
v 99.52510070800781 127.0 50.0
v 100.0 127.0 49.56936264038086
v 100.0 126.54692077636719 50.0
v 99.52191925048828 127.0 78.0
v 100.0 127.0 77.5428466796875
v 99.52023315429688 128.0 50.0
v 100.0 128.0 49.544700622558594
v 100.0 127.52302551269531 78.0
v 100.0 128.0 78.43279266357422
v 99.50096893310547 129.0 50.0
v 100.0 129.0 49.54469680786133
v 99.52288818359375 129.0 78.0
v 100.0 128.47702026367188 78.0
v 100.0 129.0 77.543701171875
v 100.0 129.49903869628906 50.0
v 100.0 130.0 50.456298828125
v 99.52381134033203 130.0 78.0
v 100.0 130.0 77.54374694824219
v 99.45518493652344 131.0 50.0
v 100.0 131.0 50.47898864746094
v 100.0 130.49798583984375 78.0
v 99.54637908935547 131.0 79.0
v 100.0 131.0 78.52384185791016
v 100.0 131.0 79.50444030761719
v 100.0 130.5705108642578 80.0
v 100.0 131.0 80.4302749633789
v 100.0 132.0 50.5
v 100.0 131.4553985595703 79.0
v 100.0 132.0 80.47621154785156
v 99.4530258178711 133.0 51.0
v 100.0 133.0 50.52101135253906
v 100.0 133.0 80.47710418701172
v 99.5030288696289 134.0 51.0
v 100.0 134.0 50.54574203491211
v 100.0 134.0 80.47710418701172
v 100.0 134.4542999267578 51.0
v 100.0 134.52197265625 52.0
v 100.0 135.0 52.47799301147461
v 100.0 135.0 80.45525360107422
v 100.0 136.0 52.543701171875
v 99.49790954589844 136.0 80.0
v 100.0 135.4969024658203 80.0
v 100.0 136.0 79.51895904541016
v 100.0 136.47715759277344 53.0
v 100.0 137.0 53.5
v 99.50106048583984 137.0 79.0
v 100.0 137.0 79.45409393310547
v 100.0 137.5218505859375 54.0
v 100.0 138.0 54.477237701416016
v 100.0 137.52000427246094 78.0
v 100.0 138.0 77.52088165283203
v 99.59615325927734 138.0 79.0
v 100.0 138.0 78.55522918701172
v 100.0 138.0 79.40217590332031
v 100.0 138.5238037109375 55.0
v 99.50008392333984 139.0 55.0
v 100.0 139.0 55.45625305175781
v 100.0 139.0 77.4551010131836
v 100.0 138.4014129638672 79.0
v 100.0 140.0 55.5
v 100.0 139.47422790527344 77.0
v 100.0 140.0 76.4761962890625
v 99.47913360595703 141.0 56.0
v 100.0 141.0 55.54470443725586
v 100.0 140.4762725830078 76.0
v 100.0 141.0 75.47819519042969
v 100.0 141.4561004638672 56.0
v 100.0 141.54385375976562 57.0
v 100.0 142.0 57.456146240234375
v 99.49803924560547 142.0 75.0
v 100.0 141.49900817871094 75.0
v 100.0 142.0 74.5
v 99.47904205322266 143.0 58.0
v 100.0 143.0 57.543853759765625
v 99.52381134033203 143.0 74.0
v 100.0 142.50296020507812 74.0
v 100.0 143.0 73.54373931884766
v 100.0 143.45614624023438 58.0
v 100.0 143.54185485839844 59.0
v 100.0 144.0 59.50096130371094
v 99.50092315673828 144.0 74.0
v 100.0 144.0 73.52192687988281
v 100.0 144.4571533203125 60.0
v 99.47618865966797 145.0 61.0
v 100.0 144.5 61.0
v 99.49996185302734 145.0 62.0
v 100.0 144.5210723876953 62.0
v 99.52196502685547 145.0 63.0
v 100.0 144.543701171875 63.0
v 100.0 145.0 63.4990348815918
v 99.5 145.0 74.0
v 100.0 145.0 73.52108001708984
v 100.0 145.45729064941406 64.0
v 100.0 145.4991455078125 65.0
v 100.0 145.5008544921875 66.0
v 100.0 145.54171752929688 67.0
v 99.52192687988281 146.0 68.0
v 100.0 146.0 67.52384948730469
v 99.49907684326172 146.0 74.0
v 100.0 146.0 73.50092315673828
v 100.0 146.43386840820312 68.0
v 100.0 146.498291015625 69.0
v 100.0 146.5 70.0
v 100.0 146.5219268798828 71.0
v 100.0 147.0 71.5
v 99.47614288330078 147.0 74.0
v 100.0 147.0 73.49810791015625
v 100.0 147.49810791015625 72.0
v 99.52828979492188 148.0 73.0
v 100.0 148.0 72.55008697509766
v 100.0 148.0 73.43010711669922
v 100.0 148.42848205566406 73.0
v 99.42729187011719 156.0 71.0
v 99.45320129394531 156.0 72.0
v 99.47520446777344 156.0 73.0
v 99.45223236083984 156.0 74.0
v 99.43035125732422 157.0 73.0
v 99.42921447753906 157.0 74.0
v 100.50096130371094 104.0 52.0
v 101.0 104.0 52.47806930541992
v 101.0 103.52101135253906 53.0
v 101.0 103.5 54.0
v 101.0 103.5 55.0
v 101.0 103.501708984375 56.0
v 101.0 103.56720733642578 57.0
v 100.52394104003906 104.0 57.0
v 101.0 104.0 57.454307556152344
v 100.4990005493164 105.0 50.0
v 101.0 105.0 50.48003387451172
v 101.0 104.52019500732422 51.0
v 101.0 104.456298828125 52.0
v 101.0 104.47990417480469 58.0
v 101.0 104.5008544921875 59.0
v 101.0 104.54270935058594 60.0
v 100.47605895996094 105.0 60.0
v 101.0 105.0 60.500003814697266
v 100.50199890136719 106.0 49.0
v 101.0 106.0 49.497955322265625
v 101.0 105.4990005493164 50.0
v 101.0 105.45729064941406 61.0
v 101.0 105.5 62.0
v 101.0 105.54374694824219 63.0
v 100.50100708007812 106.0 63.0
v 101.0 106.0 63.476192474365234
v 100.5258560180664 107.0 48.0
v 101.0 107.0 48.45248794555664
v 101.0 106.47628021240234 49.0
v 101.0 106.52376556396484 64.0
v 100.47807312011719 107.0 64.0
v 101.0 107.0 64.45710754394531
v 100.4781494140625 108.0 47.0
v 101.0 108.0 47.499080657958984
v 101.0 107.4533920288086 48.0
v 101.0 108.0 64.54290008544922
v 100.52384948730469 109.0 47.0
v 101.0 109.0 47.45530319213867
v 101.0 108.47623443603516 65.0
v 101.0 109.0 65.52275848388672
v 101.0 110.0 46.5201530456543
v 101.0 109.47706604003906 47.0
v 101.0 109.47903442382812 66.0
v 101.0 110.0 66.47984313964844
v 100.50004577636719 111.0 46.0
v 101.0 111.0 46.45729064941406
v 101.0 111.0 66.52101135253906
v 101.0 112.0 45.543697357177734
v 101.0 111.50096130371094 46.0
v 101.0 112.0 66.52289581298828
v 100.45625305175781 112.0 69.0
v 100.45529174804688 112.0 70.0
v 101.0 113.0 45.52193069458008
v 100.52487182617188 113.0 67.0
v 101.0 113.0 66.54570770263672
v 100.4798812866211 113.0 68.0
v 100.4991455078125 113.0 69.0
v 100.4991455078125 113.0 70.0
v 100.4552993774414 113.0 71.0
v 101.0 114.0 45.543697357177734
v 100.56968688964844 114.0 67.0
v 101.0 114.0 66.57054901123047
v 100.50257110595703 114.0 68.0
v 100.50003814697266 114.0 69.0
v 100.5 114.0 70.0
v 100.47802734375 114.0 71.0
v 101.0 114.52192687988281 46.0
v 100.52384185791016 115.0 46.0
v 101.0 115.0 46.43386459350586
v 101.0 114.44918060302734 67.0
v 101.0 115.0 67.52472686767578
v 100.5429458618164 115.0 68.0
v 100.50082397460938 115.0 69.0
v 100.5 115.0 70.0
v 100.47898864746094 115.0 71.0
v 101.0 115.52758026123047 46.0
v 100.52867126464844 116.0 46.0
v 101.0 116.0 45.59387969970703
v 100.5467529296875 116.0 68.0
v 101.0 116.0 67.5467529296875
v 100.52285766601562 116.0 69.0
v 100.52196502685547 116.0 70.0
v 100.52015686035156 116.0 71.0
v 100.45610046386719 116.0 72.0
v 101.0 116.42723083496094 46.0
v 100.49899291992188 117.0 47.0
v 101.0 117.0 46.52180480957031
v 101.0 116.47228240966797 68.0
v 101.0 116.47876739501953 69.0
v 101.0 116.49811553955078 70.0
v 101.0 116.52192687988281 71.0
v 101.0 117.0 71.4771957397461
v 100.49815368652344 117.0 72.0
v 101.0 117.522705078125 47.0
v 100.52096557617188 118.0 48.0
v 101.0 118.0 47.47825622558594
v 100.45115661621094 118.0 49.0
v 100.52192687988281 118.0 72.0
v 101.0 118.0 71.54281616210938
v 100.62470245361328 119.0 47.0
v 101.0 119.0 46.62394332885742
v 101.0 118.56082916259766 47.0
v 101.0 118.47723388671875 48.0
v 101.0 119.0 47.39588165283203
v 101.0 118.52477264404297 49.0
v 101.0 119.0 49.45529556274414
v 101.0 118.49907684326172 72.0
v 101.0 119.0 72.45729064941406
v 101.0 119.3752670288086 47.0
v 101.0 120.0 49.47898864746094
v 101.0 120.0 72.5
v 101.0 121.0 49.4991455078125
v 100.50300598144531 121.0 73.0
v 101.0 121.0 72.54370880126953
v 101.0 122.0 49.5
v 101.0 121.47711181640625 73.0
v 101.0 121.54389190673828 74.0
v 100.49800109863281 122.0 75.0
v 101.0 122.0 74.49602508544922
v 101.0 123.0 49.52009201049805
v 101.0 122.50204467773438 75.0
v 100.49896240234375 123.0 76.0
v 101.0 123.0 75.49795532226562
v 101.0 123.54569244384766 50.0
v 100.52394104003906 124.0 50.0
v 101.0 124.0 50.43279266357422
v 101.0 123.50296020507812 76.0
v 101.0 124.0 76.45713806152344
v 101.0 125.0 50.498287200927734
v 100.47807312011719 125.0 77.0
v 101.0 125.0 76.5201187133789
v 101.0 126.0 50.4991455078125
v 100.5228500366211 126.0 77.0
v 101.0 126.0 76.543701171875
v 100.45307159423828 127.0 50.0
v 101.0 127.0 50.47898864746094
v 101.0 126.49995422363281 77.0
v 101.0 127.0 77.45714569091797
v 100.49903106689453 128.0 50.0
v 101.0 128.0 50.456298828125
v 100.4533920288086 128.0 78.0
v 101.0 128.0 77.49907684326172
v 101.0 129.0 49.54469680786133
v 101.0 128.5009765625 50.0
v 101.0 129.0 77.5
v 100.52404022216797 130.0 50.0
v 101.0 130.0 49.56828689575195
v 101.0 130.0 77.5008544921875
v 101.0 130.45326232910156 50.0
v 101.0 131.0 50.47990417480469
v 100.48007202148438 131.0 78.0
v 101.0 131.0 77.52104949951172
v 100.42948150634766 131.0 80.0
v 101.0 132.0 50.499996185302734
v 100.52204132080078 132.0 78.0
v 101.0 132.0 77.52285766601562
v 100.47990417480469 132.0 79.0
v 100.4761734008789 132.0 80.0
v 101.0 133.0 50.5
v 100.52289581298828 133.0 78.0
v 101.0 133.0 77.52289581298828
v 100.5 133.0 79.0
v 100.47710418701172 133.0 80.0
v 101.0 134.0 50.522857666015625
v 100.52285766601562 134.0 78.0
v 101.0 134.0 77.52204132080078
v 100.5 134.0 79.0
v 100.47710418701172 134.0 80.0
v 101.0 134.4779510498047 51.0
v 101.0 134.5437469482422 52.0
v 101.0 135.0 52.476192474365234
v 100.52196502685547 135.0 78.0
v 101.0 135.0 77.50188446044922
v 100.4991455078125 135.0 79.0
v 100.45525360107422 135.0 80.0
v 101.0 135.5238037109375 53.0
v 100.50004577636719 136.0 53.0
v 101.0 136.0 53.45625305175781
v 100.5209732055664 136.0 78.0
v 101.0 136.0 77.47907257080078
v 100.47806549072266 136.0 79.0
v 101.0 137.0 53.5
v 100.54286193847656 137.0 77.0
v 101.0 136.50100708007812 77.0
v 101.0 137.0 76.52372741699219
v 100.47895050048828 137.0 78.0
v 100.45408630371094 137.0 79.0
v 100.50201416015625 138.0 54.0
v 101.0 138.0 53.54470443725586
v 100.49907684326172 138.0 77.0
v 101.0 138.0 76.4771957397461
v 100.40221405029297 138.0 79.0
v 101.0 138.4561309814453 54.0
v 101.0 138.54486083984375 55.0
v 101.0 139.0 55.45429611206055
v 100.54281616210938 139.0 76.0
v 101.0 138.5 76.0
v 101.0 139.0 75.52284240722656
v 100.45513916015625 139.0 77.0
v 101.0 140.0 55.47984313964844
v 100.47627258300781 140.0 76.0
v 101.0 140.0 75.47723388671875
v 101.0 141.0 55.54294204711914
v 100.4990463256836 141.0 75.0
v 101.0 140.49807739257812 75.0
v 101.0 141.0 74.5
v 101.0 141.47531127929688 56.0
v 100.52095794677734 142.0 57.0
v 101.0 142.0 56.54646682739258
v 100.5009994506836 142.0 74.0
v 101.0 141.50096130371094 74.0
v 101.0 142.0 73.52180480957031
v 101.0 142.4535369873047 57.0
v 101.0 143.0 57.52372360229492
v 101.0 143.0 73.47892761230469
v 101.0 143.47714233398438 58.0
v 100.52513885498047 144.0 59.0
v 101.0 144.0 58.54779052734375
v 101.0 144.0 59.47490310668945
v 101.0 143.523681640625 60.0
v 100.49907684326172 144.0 60.0
v 100.52377319335938 144.0 61.0
v 101.0 143.54385375976562 61.0
v 101.0 144.0 61.47714614868164
v 101.0 144.0 73.47803497314453
v 101.0 144.43162536621094 59.0
v 101.0 144.47898864746094 62.0
v 101.0 144.5008544921875 63.0
v 100.50096130371094 145.0 64.0
v 101.0 144.543701171875 64.0
v 101.0 145.0 64.47807312011719
v 101.0 145.0 73.4552993774414
v 101.0 145.47898864746094 65.0
v 101.0 145.5200958251953 66.0
v 100.55123901367188 146.0 67.0
v 101.0 146.0 66.57182312011719
v 101.0 146.0 67.47246551513672
v 101.0 145.56613159179688 68.0
v 100.49999237060547 146.0 68.0
v 101.0 146.0 68.47807312011719
v 100.52184295654297 146.0 73.0
v 101.0 145.49794006347656 73.0
v 101.0 146.0 72.52084350585938
v 101.0 146.40615844726562 67.0
v 101.0 146.456298828125 69.0
v 101.0 146.4789581298828 70.0
v 101.0 146.51844787597656 71.0
v 101.0 147.0 71.54700469970703
v 100.51895141601562 147.0 73.0
v 101.0 147.0 72.47285461425781
v 101.0 147.45034790039062 72.0
v 101.0 147.55503845214844 73.0
v 101.0 148.0 72.57728576660156
v 101.0 148.0 73.40335845947266
v 101.0 148.4033203125 73.0
v 102.0 104.0 52.50003433227539
v 102.0 103.52192687988281 53.0
v 102.0 103.5 54.0
v 102.0 103.5 55.0
v 102.0 103.52009582519531 56.0
v 101.50106048583984 104.0 57.0
v 102.0 104.0 56.54674530029297
v 102.0 105.0 50.54385757446289
v 102.0 104.5447006225586 51.0
v 102.0 104.47891998291016 52.0
v 102.0 104.43171691894531 57.0
v 102.0 104.47807312011719 58.0
v 102.0 104.4991455078125 59.0
v 102.0 104.5008544921875 60.0
v 102.0 104.543701171875 61.0
v 101.50096130371094 105.0 61.0
v 102.0 105.0 61.47807312011719
v 101.56804656982422 106.0 48.0
v 102.0 106.0 47.56968307495117
v 102.0 105.57047271728516 48.0
v 102.0 106.0 48.47369384765625
v 101.50494384765625 106.0 50.0
v 102.0 106.0 50.45513916015625
v 102.0 105.47898864746094 62.0
v 102.0 105.52192687988281 63.0
v 102.0 106.0 63.49907684326172
v 101.45610046386719 107.0 48.0
v 102.0 107.0 47.521934509277344
v 102.0 106.45714569091797 49.0
v 102.0 106.45429992675781 50.0
v 102.0 106.49911499023438 64.0
v 102.0 107.0 64.52088928222656
v 102.0 108.0 47.499996185302734
v 102.0 107.4990463256836 65.0
v 101.49707794189453 108.0 65.0
v 102.0 108.0 65.50003814697266
v 102.0 109.0 47.45625305175781
v 102.0 108.5009536743164 66.0
v 101.49908447265625 109.0 66.0
v 102.0 109.0 66.47819519042969
v 102.0 110.0 46.5
v 102.0 109.47710418701172 47.0
v 102.0 110.0 66.54285430908203
v 102.0 111.0 46.47714614868164
v 102.0 110.50004577636719 67.0
v 101.52192687988281 111.0 67.0
v 102.0 111.0 67.456298828125
v 101.50096893310547 112.0 46.0
v 102.0 112.0 46.45530319213867
v 101.49903106689453 112.0 67.0
v 102.0 112.0 67.47891998291016
v 101.52297973632812 113.0 46.0
v 102.0 113.0 46.45430374145508
v 101.4760513305664 113.0 67.0
v 102.0 113.0 67.49908447265625
v 101.50000762939453 114.0 46.0
v 102.0 114.0 46.456298828125
v 101.4500503540039 114.0 67.0
v 102.0 114.0 67.52276611328125
v 102.0 115.0 46.4965705871582
v 102.0 114.52397918701172 68.0
v 101.52288818359375 115.0 68.0
v 102.0 115.0 68.43359375
v 101.44966125488281 116.0 46.0
v 102.0 116.0 46.45729064941406
v 102.0 115.47997283935547 68.0
v 102.0 116.0 67.54666900634766
v 102.0 117.0 46.45615768432617
v 101.57612609863281 117.0 68.0
v 102.0 117.0 67.59548950195312
v 102.0 117.0 68.46891021728516
v 102.0 116.54447174072266 69.0
v 101.52191925048828 117.0 70.0
v 102.0 117.0 69.47816467285156
v 101.47624206542969 117.0 71.0
v 101.56878662109375 118.0 46.0
v 102.0 118.0 45.57038116455078
v 102.0 117.52525329589844 46.0
v 101.45648956298828 118.0 47.0
v 102.0 117.40373229980469 68.0
v 102.0 117.47811889648438 70.0
v 102.0 117.5257797241211 71.0
v 102.0 118.0 71.45513916015625
v 102.0 118.4320068359375 46.0
v 101.4168930053711 119.0 47.0
v 102.0 118.52084350585938 47.0
v 102.0 118.54485321044922 48.0
v 101.47522735595703 119.0 49.0
v 102.0 119.0 48.47430419921875
v 101.4990005493164 119.0 72.0
v 102.0 119.0 71.52084350585938
v 101.5228500366211 120.0 49.0
v 102.0 120.0 48.54377746582031
v 102.0 119.50200653076172 72.0
v 102.0 120.0 72.45625305175781
v 102.0 120.47714233398438 49.0
v 102.0 121.0 49.47898864746094
v 102.0 121.0 72.4798812866211
v 102.0 122.0 49.5
v 101.5018081665039 122.0 73.0
v 102.0 122.0 72.52108001708984
v 101.4552993774414 122.0 74.0
v 102.0 123.0 49.5008544921875
v 101.54474639892578 123.0 73.0
v 102.0 123.0 72.54474639892578
v 101.5 123.0 74.0
v 101.4572525024414 123.0 75.0
v 101.47702026367188 124.0 50.0
v 102.0 124.0 49.543701171875
v 102.0 123.49598693847656 73.0
v 102.0 124.0 73.50300598144531
v 101.54374694824219 124.0 74.0
v 101.52108001708984 124.0 75.0
v 101.47623443603516 124.0 76.0
v 102.0 124.47807312011719 50.0
v 102.0 125.0 50.47898864746094
v 102.0 124.47623443603516 74.0
v 102.0 124.5 75.0
v 102.0 124.52578735351562 76.0
v 102.0 125.0 76.45429229736328
v 102.0 126.0 50.499996185302734
v 102.0 126.0 76.47799682617188
v 102.0 127.0 50.4991455078125
v 101.47715759277344 127.0 77.0
v 102.0 127.0 76.49903869628906
v 102.0 128.0 50.47806930541992
v 101.52176666259766 128.0 77.0
v 102.0 128.0 76.52184295654297
v 101.5 129.0 50.0
v 102.0 129.0 50.45530319213867
v 102.0 128.50205993652344 77.0
v 102.0 129.0 77.4552993774414
v 101.47595977783203 130.0 50.0
v 102.0 130.0 50.456298828125
v 102.0 130.0 77.47802734375
v 102.0 131.0 50.497432708740234
v 102.0 131.0 77.47807312011719
v 102.0 132.0 50.47898864746094
v 102.0 132.0 77.47807312011719
v 102.0 133.0 50.4789924621582
v 102.0 133.0 77.47807312011719
v 102.0 134.0 50.521114349365234
v 102.0 134.0 77.456298828125
v 102.0 134.49815368652344 51.0
v 101.49991607666016 135.0 52.0
v 102.0 135.0 51.52284240722656
v 101.52284240722656 135.0 77.0
v 102.0 134.4999542236328 77.0
v 102.0 135.0 76.54285430908203
v 102.0 135.4571533203125 52.0
v 102.0 135.5438995361328 53.0
v 102.0 136.0 53.45529556274414
v 101.47727966308594 136.0 77.0
v 102.0 136.0 76.47819519042969
v 102.0 137.0 53.5
v 101.52180480957031 137.0 76.0
v 102.0 136.5 76.0
v 102.0 137.0 75.50103759765625
v 102.0 138.0 53.54374313354492
v 101.54389953613281 138.0 75.0
v 102.0 137.50396728515625 75.0
v 102.0 138.0 74.5447006225586
v 101.4571533203125 138.0 76.0
v 102.0 138.47706604003906 54.0
v 101.47605895996094 139.0 55.0
v 102.0 139.0 54.50092315673828
v 101.50184631347656 139.0 75.0
v 102.0 139.0 74.5211181640625
v 101.54701232910156 140.0 55.0
v 102.0 140.0 54.569374084472656
v 101.47723388671875 140.0 75.0
v 102.0 140.0 74.47819519042969
v 102.0 140.43145751953125 55.0
v 102.0 140.54200744628906 56.0
v 101.49991607666016 141.0 56.0
v 102.0 141.0 56.476280212402344
v 101.5 141.0 74.0
v 102.0 140.49903869628906 74.0
v 102.0 141.0 73.50004577636719
v 101.47711181640625 142.0 57.0
v 102.0 141.52279663085938 57.0
v 102.0 142.0 57.477237701416016
v 101.52376556396484 142.0 73.0
v 102.0 141.50296020507812 73.0
v 102.0 142.0 72.54373931884766
v 101.49995422363281 143.0 58.0
v 102.0 142.52276611328125 58.0
v 102.0 143.0 58.5
v 101.54966735839844 143.0 60.0
v 102.0 142.5693817138672 60.0
v 102.0 143.0 59.5261116027832
v 102.0 143.0 60.452110290527344
v 101.5 143.0 73.0
v 102.0 143.0 72.52104187011719
v 102.0 144.0 58.57099533081055
v 102.0 144.0 59.429874420166016
v 102.0 143.5 61.0
v 102.0 144.0 61.52381134033203
v 101.49815368652344 144.0 73.0
v 102.0 144.0 72.4771957397461
v 102.0 144.42738342285156 59.0
v 102.0 144.45530700683594 62.0
v 102.0 144.4780731201172 63.0
v 102.0 144.50091552734375 64.0
v 102.0 145.0 64.50096130371094
v 101.56720733642578 145.0 71.0
v 102.0 144.5457763671875 71.0
v 102.0 145.0 70.52397918701172
v 101.52108001708984 145.0 72.0
v 102.0 144.4789581298828 72.0
v 101.45610046386719 145.0 73.0
v 102.0 145.47802734375 65.0
v 102.0 145.5 66.0
v 101.42727661132812 146.0 67.0
v 102.0 145.49908447265625 67.0
v 102.0 145.4797821044922 68.0
v 101.47711181640625 146.0 69.0
v 102.0 145.49903869628906 69.0
v 101.51988220214844 146.0 70.0
v 102.0 145.49899291992188 70.0
v 102.0 146.0 70.55254364013672
v 102.0 145.5277099609375 71.0
v 102.0 146.0 71.42603302001953
v 101.49812316894531 146.0 72.0
v 102.0 146.4065704345703 71.0
v 101.4314956665039 147.0 72.0
v 101.402587890625 148.0 73.0
v 103.0 104.0 52.47907638549805
v 103.0 103.52101135253906 53.0
v 103.0 103.5 54.0
v 103.0 103.5 55.0
v 103.0 103.5008544921875 56.0
v 103.0 103.52193450927734 57.0
v 102.45500946044922 104.0 57.0
v 103.0 103.56828308105469 58.0
v 102.54499053955078 104.0 58.0
v 103.0 104.0 58.45325469970703
v 102.49798583984375 105.0 51.0
v 103.0 105.0 51.47724151611328
v 103.0 104.47724151611328 52.0
v 103.0 104.47990417480469 59.0
v 103.0 104.5 60.0
v 103.0 104.52101135253906 61.0
v 103.0 105.0 61.52192306518555
v 103.0 106.0 47.545677185058594
v 103.0 105.52674102783203 48.0
v 103.0 105.56744384765625 49.0
v 102.52403259277344 106.0 49.0
v 103.0 106.0 49.476051330566406
v 103.0 106.0 50.47706604003906
v 103.0 105.47811889648438 51.0
v 103.0 105.456298828125 62.0
v 103.0 105.52015686035156 63.0
v 103.0 106.0 63.52192306518555
v 103.0 107.0 47.50092697143555
v 103.0 106.45625305175781 50.0
v 103.0 106.4571533203125 64.0
v 103.0 106.54289245605469 65.0
v 102.50196838378906 107.0 65.0
v 103.0 107.0 65.47623443603516
v 103.0 108.0 47.47898864746094
v 103.0 107.5228042602539 66.0
v 102.50191497802734 108.0 66.0
v 103.0 108.0 66.4771957397461
v 102.49899291992188 109.0 47.0
v 103.0 109.0 46.523677825927734
v 103.0 108.52096557617188 47.0
v 103.0 108.52477264404297 67.0
v 102.52473449707031 109.0 67.0
v 103.0 109.0 67.45526123046875
v 102.54682922363281 110.0 46.0
v 103.0 110.0 45.56833267211914
v 103.0 109.5486068725586 46.0
v 102.47807312011719 110.0 67.0
v 103.0 110.0 67.47984313964844
v 102.5 111.0 46.0
v 103.0 111.0 45.52285385131836
v 103.0 111.0 67.52015686035156
v 102.47798919677734 112.0 46.0
v 103.0 112.0 45.52192687988281
v 103.0 112.0 67.543701171875
v 102.47702026367188 113.0 46.0
v 103.0 113.0 45.52193069458008
v 103.0 112.5 68.0
v 102.52288055419922 113.0 68.0
v 103.0 113.0 68.456298828125
v 102.49999237060547 114.0 46.0
v 103.0 114.0 45.543697357177734
v 102.47907257080078 114.0 68.0
v 103.0 114.0 68.47898864746094
v 103.0 114.52192687988281 46.0
v 103.0 115.0 46.43386459350586
v 103.0 115.0 68.51838684082031
v 102.52394104003906 116.0 46.0
v 103.0 116.0 45.567203521728516
v 103.0 115.50105285644531 46.0
v 102.45582580566406 116.0 68.0
v 103.0 115.57310485839844 69.0
v 102.57388305664062 116.0 69.0
v 103.0 116.0 69.40497589111328
v 102.47892761230469 117.0 46.0
v 103.0 117.0 45.522857666015625
v 102.4239501953125 117.0 68.0
v 102.5 117.0 69.0
v 102.4895248413086 116.51912689208984 68.51876831054688
v 103.0 117.0 68.5453872680664
v 103.0 116.4701919555664 69.0
v 103.0 118.0 45.544742584228516
v 103.0 117.47720336914062 69.0
v 102.50003814697266 118.0 70.0
v 103.0 118.0 69.47911071777344
v 102.45429992675781 118.0 71.0
v 103.0 118.47522735595703 46.0
v 102.5029296875 119.0 47.0
v 103.0 119.0 46.52472686767578
v 102.4743423461914 119.0 48.0
v 102.54666137695312 119.0 70.0
v 103.0 119.0 69.54586029052734
v 102.5 119.0 71.0
v 103.0 119.45611572265625 47.0
v 103.0 119.52176666259766 48.0
v 103.0 120.0 48.5
v 103.0 119.45413970947266 70.0
v 103.0 119.52184295654297 71.0
v 102.47623443603516 120.0 72.0
v 103.0 120.0 71.47724151611328
v 103.0 120.48007202148438 49.0
v 103.0 121.0 49.47895050048828
v 102.52288818359375 121.0 72.0
v 103.0 121.0 71.5438461303711
v 103.0 122.0 49.5
v 103.0 121.47714233398438 72.0
v 103.0 122.0 72.47898864746094
v 103.0 123.0 49.5
v 103.0 123.0 72.5008544921875
v 103.0 124.0 49.52101135253906
v 102.50204467773438 124.0 73.0
v 103.0 124.0 72.54275512695312
v 103.0 124.52192687988281 50.0
v 103.0 125.0 50.456298828125
v 103.0 124.49800109863281 73.0
v 102.52180480957031 125.0 74.0
v 103.0 125.0 73.5009994506836
v 102.47891998291016 125.0 75.0
v 102.45425415039062 125.0 76.0
v 103.0 126.0 50.498287200927734
v 103.0 125.4990005493164 74.0
v 103.0 126.0 74.50199890136719
v 102.5427474975586 126.0 75.0
v 102.47799682617188 126.0 76.0
v 103.0 127.0 50.45729064941406
v 103.0 126.49991607666016 75.0
v 103.0 127.0 75.47811889648438
v 102.49903869628906 127.0 76.0
v 102.52104187011719 128.0 50.0
v 103.0 128.0 49.543701171875
v 103.0 127.50096130371094 50.0
v 102.50096130371094 128.0 76.0
v 103.0 128.0 75.50096130371094
v 102.47798919677734 129.0 50.0
v 103.0 129.0 49.52193069458008
v 102.54385375976562 129.0 76.0
v 103.0 129.0 75.54385375976562
v 102.45610046386719 129.0 77.0
v 102.5 130.0 50.0
v 103.0 130.0 49.543697357177734
v 103.0 129.49798583984375 76.0
v 103.0 130.0 76.47815704345703
v 102.49811553955078 130.0 77.0
v 103.0 130.52297973632812 50.0
v 103.0 131.0 50.43279266357422
v 102.49903869628906 131.0 77.0
v 103.0 131.0 76.5
v 102.52192687988281 132.0 50.0
v 103.0 132.0 49.543701171875
v 103.0 131.47702026367188 50.0
v 102.49903869628906 132.0 77.0
v 103.0 132.0 76.5
v 102.52193450927734 133.0 50.0
v 103.0 133.0 49.543704986572266
v 102.49907684326172 133.0 77.0
v 103.0 133.0 76.50092315673828
v 103.0 133.49803161621094 50.0
v 103.0 134.0 50.478233337402344
v 102.47803497314453 134.0 77.0
v 103.0 134.0 76.52015686035156
v 103.0 134.52276611328125 51.0
v 103.0 135.0 51.477237701416016
v 103.0 135.0 76.47984313964844
v 103.0 135.5218048095703 52.0
v 102.49602508544922 136.0 53.0
v 103.0 136.0 52.498958587646484
v 102.50091552734375 136.0 76.0
v 103.0 135.52096557617188 76.0
v 103.0 136.0 75.52275848388672
v 103.0 136.50204467773438 53.0
v 103.0 137.0 53.476280212402344
v 102.50296020507812 137.0 75.0
v 103.0 136.5237579345703 75.0
v 103.0 137.0 74.54289245605469
v 103.0 137.54856872558594 54.0
v 102.52399444580078 138.0 54.0
v 103.0 138.0 54.43254470825195
v 103.0 138.0 74.47984313964844
v 103.0 139.0 54.541015625
v 103.0 139.0 74.45626068115234
v 103.0 139.498046875 55.0
v 102.4719009399414 140.0 55.0
v 103.0 140.0 55.50103759765625
v 102.4990005493164 140.0 74.0
v 103.0 139.49703979492188 74.0
v 103.0 140.0 73.5
v 103.0 140.4781951904297 56.0
v 103.0 141.0 56.52272033691406
v 102.50196075439453 141.0 73.0
v 103.0 140.501953125 73.0
v 103.0 141.0 72.54190063476562
v 103.0 141.4781494140625 57.0
v 103.0 142.0 57.50177001953125
v 103.0 142.0 72.47984313964844
v 103.0 142.4990692138672 58.0
v 102.50096893310547 143.0 59.0
v 103.0 142.52464294433594 59.0
v 103.0 142.54489135742188 60.0
v 103.0 143.0 60.47698211669922
v 103.0 143.0 72.4552993774414
v 102.4282455444336 144.0 59.0
v 103.0 143.4789276123047 61.0
v 102.47622680664062 144.0 62.0
v 103.0 143.50091552734375 62.0
v 102.49992370605469 144.0 63.0
v 103.0 143.52023315429688 63.0
v 102.52293395996094 144.0 64.0
v 103.0 143.52468872070312 64.0
v 103.0 144.0 64.4771499633789
v 102.54389953613281 144.0 70.0
v 103.0 143.54470825195312 70.0
v 103.0 144.0 69.50205993652344
v 102.50184631347656 144.0 71.0
v 103.0 143.5210723876953 71.0
v 102.47628021240234 144.0 72.0
v 103.0 143.4752197265625 72.0
v 103.0 145.0 64.54586791992188
v 102.52176666259766 145.0 67.0
v 103.0 144.52183532714844 67.0
v 103.0 145.0 66.49789428710938
v 102.49911499023438 145.0 68.0
v 103.0 144.5 68.0
v 102.49903869628906 145.0 69.0
v 103.0 144.47816467285156 69.0
v 102.45813751220703 145.0 70.0
v 103.0 145.4532928466797 65.0
v 103.0 145.4552459716797 66.0
v 102.40497589111328 146.0 71.0
v 103.52619934082031 104.0 52.0
v 104.0 104.0 51.569419860839844
v 104.0 103.56938934326172 52.0
v 104.0 103.50174713134766 53.0
v 104.0 103.5 54.0
v 104.0 103.5 55.0
v 104.0 103.5008544921875 56.0
v 104.0 103.54270935058594 57.0
v 103.4749984741211 104.0 58.0
v 104.0 104.0 57.499996185302734
v 103.60641479492188 105.0 48.0
v 104.0 105.0 47.62601852416992
v 104.0 104.62605285644531 48.0
v 104.0 105.0 48.37473678588867
v 104.0 105.0 51.500919342041016
v 104.0 104.45729064941406 58.0
v 104.0 104.5 59.0
v 104.0 104.52101135253906 60.0
v 104.0 104.52285766601562 61.0
v 104.0 104.56828308105469 62.0
v 103.52404022216797 105.0 62.0
v 104.0 105.0 62.45317840576172
v 103.49501037597656 106.0 48.0
v 104.0 105.41455078125 48.0
v 103.45501708984375 106.0 49.0
v 104.0 106.0 50.520042419433594
v 104.0 105.52188110351562 51.0
v 104.0 105.48161315917969 63.0
v 104.0 105.56720733642578 64.0
v 103.52302551269531 106.0 64.0
v 104.0 106.0 64.45335388183594
v 104.0 107.0 47.543704986572266
v 104.0 106.50300598144531 48.0
v 104.0 106.47895812988281 49.0
v 104.0 106.47807312011719 50.0
v 104.0 106.50183868408203 65.0
v 104.0 107.0 65.49992370605469
v 104.0 108.0 47.47892379760742
v 104.0 107.5 66.0
v 104.0 108.0 66.5
v 104.0 109.0 46.521080017089844
v 104.0 108.5 47.0
v 104.0 108.50096893310547 67.0
v 104.0 109.0 67.47807312011719
v 103.47591400146484 110.0 46.0
v 104.0 110.0 46.456302642822266
v 104.0 110.0 67.52101135253906
v 104.0 111.0 45.52101516723633
v 104.0 110.47807312011719 46.0
v 104.0 110.52289581298828 68.0
v 103.52293395996094 111.0 68.0
v 104.0 111.0 68.45530700683594
v 104.0 112.0 45.500003814697266
v 103.47807312011719 112.0 68.0
v 104.0 112.0 68.47898864746094
v 104.0 113.0 45.500003814697266
v 104.0 113.0 68.4991455078125
v 104.0 114.0 45.501712799072266
v 104.0 114.0 68.5
v 103.5 115.0 46.0
v 104.0 115.0 45.56613540649414
v 104.0 115.0 68.5008544921875
v 103.49894714355469 116.0 46.0
v 104.0 115.5 46.0
v 104.0 116.0 46.433868408203125
v 103.42697143554688 116.0 69.0
v 104.0 116.0 68.52008819580078
v 104.0 117.0 45.56721115112305
v 104.0 116.50106048583984 46.0
v 104.0 117.0 68.501708984375
v 104.0 117.47605895996094 46.0
v 103.4980239868164 118.0 46.0
v 104.0 118.0 46.45729446411133
v 103.50096130371094 118.0 69.0
v 104.0 118.0 68.54270935058594
v 104.0 119.0 46.5211181640625
v 104.0 118.49895477294922 69.0
v 104.0 119.0 69.47923278808594
v 104.0 119.4981918334961 47.0
v 103.52388763427734 120.0 48.0
v 104.0 120.0 47.54468536376953
v 104.0 119.59512329101562 49.0
v 104.0 120.0 48.52886199951172
v 103.55260467529297 120.0 49.0
v 104.0 120.0 49.40568923950195
v 104.0 119.49903869628906 70.0
v 103.52284240722656 120.0 71.0
v 104.0 120.0 70.5455093383789
v 104.0 120.45267486572266 48.0
v 104.0 121.0 49.496604919433594
v 104.0 120.45358276367188 71.0
v 104.0 121.0 71.523681640625
v 104.0 122.0 49.49996566772461
v 104.0 121.4790267944336 72.0
v 104.0 122.0 72.47898864746094
v 104.0 123.0 49.5
v 104.0 123.0 72.5
v 104.0 124.0 49.5008544921875
v 104.0 124.0 72.5008544921875
v 103.49903106689453 125.0 50.0
v 104.0 125.0 49.54270935058594
v 103.50296020507812 125.0 73.0
v 104.0 125.0 72.54374694824219
v 104.0 125.52394104003906 50.0
v 104.0 126.0 50.43278884887695
v 104.0 125.47623443603516 73.0
v 103.5009994506836 126.0 74.0
v 104.0 126.0 73.52180480957031
v 103.5 127.0 50.0
v 104.0 127.0 49.54270935058594
v 104.0 126.47605895996094 50.0
v 104.0 126.49995422363281 74.0
v 103.47727966308594 127.0 75.0
v 104.0 127.0 74.47823333740234
v 104.0 128.0 49.5008544921875
v 103.52284240722656 128.0 75.0
v 104.0 128.0 74.54285430908203
v 104.0 129.0 49.500003814697266
v 104.0 128.49903869628906 75.0
v 104.0 129.0 75.45813751220703
v 104.0 130.0 49.5008544921875
v 103.47908020019531 130.0 76.0
v 104.0 130.0 75.52015686035156
v 103.45430755615234 131.0 50.0
v 104.0 131.0 49.52009201049805
v 103.50096130371094 131.0 76.0
v 104.0 131.0 75.52192687988281
v 104.0 132.0 49.5008544921875
v 103.50096893310547 132.0 76.0
v 104.0 132.0 75.52193450927734
v 104.0 133.0 49.500858306884766
v 103.52288818359375 133.0 76.0
v 104.0 133.0 75.543701171875
v 103.50200653076172 134.0 50.0
v 104.0 134.0 49.54374694824219
v 104.0 133.5000457763672 76.0
v 104.0 134.0 76.45625305175781
v 104.0 134.4761962890625 50.0
v 103.5 135.0 51.0
v 104.0 135.0 50.522804260253906
v 104.0 135.0 76.45429992675781
v 104.0 135.47723388671875 51.0
v 103.5 136.0 52.0
v 104.0 136.0 51.52180862426758
v 104.0 135.47421264648438 76.0
v 104.0 136.0 75.47523498535156
v 104.0 136.4999542236328 52.0
v 103.47723388671875 137.0 53.0
v 104.0 137.0 52.478275299072266
v 104.0 136.4752655029297 75.0
v 104.0 137.0 74.47724151611328
v 103.5450210571289 138.0 53.0
v 104.0 138.0 52.54586410522461
v 103.45409393310547 138.0 54.0
v 103.52196502685547 138.0 74.0
v 104.0 137.50100708007812 74.0
v 104.0 138.0 73.543701171875
v 104.0 138.45333862304688 53.0
v 104.0 138.48069763183594 54.0
v 104.0 138.5675048828125 55.0
v 103.52508544921875 139.0 55.0
v 104.0 139.0 55.45048904418945
v 103.47711181640625 139.0 74.0
v 104.0 139.0 73.5
v 103.52494812011719 140.0 56.0
v 104.0 139.5484619140625 56.0
v 104.0 140.0 56.45244216918945
v 103.50292205810547 140.0 73.0
v 104.0 139.52284240722656 73.0
v 104.0 140.0 72.54289245605469
v 103.50105285644531 141.0 57.0
v 104.0 140.52468872070312 57.0
v 104.0 141.0 57.45786666870117
v 104.0 141.0 72.45813751220703
v 104.0 142.0 57.54212951660156
v 103.60360717773438 142.0 59.0
v 104.0 141.6233367919922 59.0
v 104.0 142.0 58.57973861694336
v 104.0 142.0 59.37825012207031
v 103.52192687988281 142.0 72.0
v 104.0 141.50096130371094 72.0
v 104.0 142.0 71.5428466796875
v 103.55029296875 143.0 58.0
v 104.0 143.0 57.57258224487305
v 104.0 142.44491577148438 59.0
v 103.525146484375 143.0 59.0
v 103.5 143.0 60.0
v 103.57271575927734 143.0 62.0
v 104.0 142.5938262939453 62.0
v 104.0 143.0 61.54933547973633
v 104.0 143.0 62.448760986328125
v 103.57482147216797 143.0 64.0
v 104.0 142.5950469970703 64.0
v 104.0 143.0 63.55245590209961
v 104.0 143.0 64.42607879638672
v 103.47522735595703 143.0 72.0
v 104.0 143.0 71.4761962890625
v 104.0 143.42738342285156 58.0
v 104.0 143.43138122558594 59.0
v 104.0 143.454345703125 60.0
v 104.0 143.456298828125 61.0
v 104.0 143.45828247070312 63.0
v 103.50092315673828 144.0 65.0
v 104.0 143.50184631347656 65.0
v 103.52204132080078 144.0 66.0
v 104.0 143.52285766601562 66.0
v 103.50188446044922 144.0 67.0
v 104.0 143.52197265625 67.0
v 103.50096130371094 144.0 68.0
v 104.0 143.5219268798828 68.0
v 103.47911834716797 144.0 69.0
v 104.0 143.52101135253906 69.0
v 104.0 143.5 70.0
v 104.0 143.456298828125 71.0
v 103.45328521728516 145.0 65.0
v 103.45525360107422 145.0 66.0
v 104.45115661621094 104.0 52.0
v 105.0 104.0 52.523807525634766
v 105.0 103.54370880126953 53.0
v 105.0 103.5008544921875 54.0
v 105.0 103.5008544921875 55.0
v 105.0 103.54270935058594 56.0
v 104.5 104.0 57.0
v 105.0 104.0 56.5
v 104.37394714355469 105.0 48.0
v 104.52293395996094 105.0 52.0
v 105.0 105.0 52.456111907958984
v 105.0 104.45729064941406 57.0
v 105.0 104.4991455078125 58.0
v 105.0 104.52101135253906 59.0
v 104.52289581298828 105.0 60.0
v 105.0 105.0 59.522891998291016
v 104.49910736083984 105.0 61.0
v 104.45408630371094 105.0 62.0
v 104.50100708007812 106.0 51.0
v 105.0 106.0 51.47623825073242
v 105.0 105.47527313232422 52.0
v 105.0 105.45530700683594 60.0
v 105.0 105.47806549072266 61.0
v 105.0 105.47984313964844 62.0
v 105.0 105.54186248779297 63.0
v 104.47605895996094 106.0 64.0
v 105.0 106.0 63.50004196166992
v 104.49795532226562 107.0 48.0
v 105.0 107.0 48.50200653076172
v 105.0 106.54366302490234 49.0
v 105.0 106.52015686035156 50.0
v 105.0 106.45710754394531 51.0
v 105.0 106.45729064941406 64.0
v 105.0 106.52108001708984 65.0
v 105.0 107.0 65.49907684326172
v 105.0 108.0 47.49911880493164
v 105.0 107.47915649414062 48.0
v 105.0 107.5 66.0
v 105.0 108.0 66.5
v 105.0 109.0 46.52193069458008
v 105.0 108.50092315673828 47.0
v 105.0 108.50092315673828 67.0
v 105.0 109.0 67.47891998291016
v 105.0 110.0 46.47898864746094
v 105.0 110.0 67.543701171875
v 105.0 111.0 45.54469680786133
v 105.0 110.52289581298828 46.0
v 105.0 110.47807312011719 68.0
v 105.0 111.0 68.47898864746094
v 105.0 112.0 45.52193069458008
v 105.0 112.0 68.5
v 105.0 113.0 45.52193069458008
v 105.0 113.0 68.5
v 105.0 114.0 45.543701171875
v 105.0 114.0 68.4991455078125
v 105.0 114.49903106689453 46.0
v 104.47711181640625 115.0 46.0
v 105.0 115.0 46.45729064941406
v 105.0 115.0 68.47990417480469
v 105.0 116.0 46.498287200927734
v 105.0 116.0 68.4991455078125
v 104.45430755615234 117.0 46.0
v 105.0 117.0 46.47990798950195
v 105.0 117.0 68.5
v 105.0 118.0 46.4991455078125
v 105.0 118.0 68.5008544921875
v 105.0 119.0 46.52193069458008
v 104.50305938720703 119.0 69.0
v 105.0 119.0 68.54474639892578
v 105.0 119.49996185302734 47.0
v 105.0 120.0 47.480594635009766
v 104.42418670654297 120.0 49.0
v 105.0 119.45525360107422 69.0
v 105.0 119.5 70.0
v 105.0 119.54374694824219 71.0
v 104.47816467285156 120.0 71.0
v 105.0 120.0 71.47618865966797
v 104.55062103271484 121.0 48.0
v 105.0 121.0 47.568641662597656
v 105.0 121.0 48.49888229370117
v 105.0 120.54955291748047 49.0
v 105.0 121.0 49.43248748779297
v 105.0 120.52381134033203 72.0
v 104.50100708007812 121.0 72.0
v 105.0 121.0 72.45625305175781
v 105.0 121.43053436279297 48.0
v 105.0 122.0 49.498291015625
v 105.0 122.0 72.4991455078125
v 105.0 123.0 49.5
v 105.0 123.0 72.4991455078125
v 105.0 124.0 49.5
v 105.0 124.0 72.47991180419922
v 105.0 125.0 49.5008544921875
v 105.0 125.0 72.52015686035156
v 104.45430755615234 126.0 50.0
v 105.0 126.0 49.52009201049805
v 105.0 125.52192687988281 73.0
v 105.0 126.0 73.45714569091797
v 105.0 127.0 49.5008544921875
v 104.50096130371094 127.0 74.0
v 105.0 127.0 73.54186248779297
v 105.0 128.0 49.5
v 105.0 127.50096130371094 74.0
v 105.0 128.0 74.45714569091797
v 105.0 129.0 49.5
v 104.49903869628906 129.0 75.0
v 105.0 129.0 74.52176666259766
v 105.0 130.0 49.5
v 105.0 129.50204467773438 75.0
v 105.0 130.0 75.45621490478516
v 105.0 131.0 49.5
v 105.0 131.0 75.47806549072266
v 105.0 132.0 49.5
v 105.0 132.0 75.49739837646484
v 105.0 133.0 49.5008544921875
v 105.0 133.0 75.4788818359375
v 105.0 134.0 49.543704986572266
v 104.47618865966797 134.0 76.0
v 105.0 134.0 75.47618865966797
v 105.0 134.47711181640625 50.0
v 105.0 135.0 50.50092315673828
v 104.54182434082031 135.0 75.0
v 105.0 134.4989471435547 75.0
v 105.0 135.0 74.5
v 104.45513916015625 135.0 76.0
v 105.0 135.50088500976562 51.0
v 105.0 136.0 51.47892379760742
v 104.54281616210938 136.0 74.0
v 105.0 135.50096130371094 74.0
v 105.0 136.0 73.52284240722656
v 104.45618438720703 136.0 75.0
v 104.50196838378906 137.0 52.0
v 105.0 137.0 51.543701171875
v 104.47815704345703 137.0 74.0
v 105.0 137.0 73.49907684326172
v 105.0 137.47711181640625 52.0
v 105.0 138.0 52.50184631347656
v 105.0 138.0 73.47799682617188
v 105.0 138.4788818359375 53.0
v 105.0 138.543701171875 54.0
v 104.4522933959961 139.0 55.0
v 105.0 139.0 54.47623062133789
v 105.0 139.0 73.45425415039062
v 104.54420471191406 140.0 55.0
v 105.0 140.0 54.545860290527344
v 104.45513153076172 140.0 56.0
v 105.0 139.47421264648438 73.0
v 105.0 140.0 72.47623443603516
v 105.0 140.45333862304688 55.0
v 105.0 140.47979736328125 56.0
v 105.0 140.5428924560547 57.0
v 105.0 141.0 57.47627258300781
v 104.4990005493164 141.0 72.0
v 105.0 140.49798583984375 72.0
v 105.0 141.0 71.52084350585938
v 105.0 141.52276611328125 58.0
v 104.49899291992188 142.0 58.0
v 104.41919708251953 142.0 59.0
v 105.0 142.0 58.49991226196289
v 105.0 142.0 71.45710754394531
v 104.42900848388672 143.0 58.0
v 105.0 142.47816467285156 59.0
v 104.45207214355469 143.0 59.0
v 105.0 142.50091552734375 60.0
v 104.4760971069336 143.0 60.0
v 104.49899291992188 143.0 61.0
v 105.0 142.54185485839844 61.0
v 104.47352600097656 143.0 62.0
v 105.0 143.0 61.523983001708984
v 104.44944763183594 143.0 64.0
v 104.49699401855469 143.0 71.0
v 105.0 142.49703979492188 71.0
v 105.0 143.0 70.49795532226562
v 105.0 143.43280029296875 62.0
v 105.0 143.47622680664062 63.0
v 105.0 143.456298828125 64.0
v 105.0 143.4780731201172 65.0
v 105.0 143.4991455078125 66.0
v 105.0 143.4991455078125 67.0
v 105.0 143.4799041748047 68.0
v 105.0 143.498291015625 69.0
v 105.0 143.45724487304688 70.0
v 105.49695587158203 104.0 53.0
v 106.0 104.0 53.5040168762207
v 106.0 103.54470825195312 54.0
v 106.0 103.54374694824219 55.0
v 105.5 104.0 56.0
v 106.0 104.0 55.498992919921875
v 106.0 105.0 52.522762298583984
v 106.0 104.50204467773438 53.0
v 106.0 104.45729064941406 56.0
v 106.0 104.4991455078125 57.0
v 106.0 104.5008544921875 58.0
v 106.0 104.543701171875 59.0
v 106.0 105.0 59.47807312011719
v 106.0 106.0 51.52180480957031
v 106.0 105.52272033691406 52.0
v 106.0 105.47898864746094 60.0
v 106.0 105.5 61.0
v 106.0 105.52009582519531 62.0
v 105.52398681640625 106.0 63.0
v 106.0 106.0 62.545692443847656
v 105.47895812988281 107.0 49.0
v 105.54590606689453 107.0 50.0
v 106.0 107.0 50.45234680175781
v 106.0 106.49908447265625 51.0
v 106.0 106.43279266357422 63.0
v 106.0 106.498291015625 64.0
v 106.0 106.52101135253906 65.0
v 106.0 107.0 65.52092742919922
v 106.0 108.0 47.50184631347656
v 106.0 107.5211181640625 48.0
v 106.0 107.47807312011719 49.0
v 106.0 107.43171691894531 50.0
v 106.0 107.47724151611328 66.0
v 106.0 108.0 66.52275848388672
v 106.0 109.0 46.543701171875
v 106.0 108.52288818359375 47.0
v 106.0 108.47815704345703 67.0
v 106.0 109.0 67.5
v 106.0 110.0 46.500003814697266
v 106.0 109.5228500366211 68.0
v 105.5 110.0 68.0
v 106.0 110.0 68.456298828125
v 105.47710418701172 111.0 46.0
v 106.0 111.0 46.4789924621582
v 106.0 111.0 68.4991455078125
v 105.5 112.0 46.0
v 106.0 112.0 46.47807312011719
v 106.0 112.0 68.5
v 105.5 113.0 46.0
v 106.0 113.0 46.47806930541992
v 106.0 113.0 68.5
v 105.47807312011719 114.0 46.0
v 106.0 114.0 46.47898864746094
v 106.0 114.0 68.47898864746094
v 106.0 115.0 46.4991455078125
v 105.54674530029297 115.0 68.0
v 106.0 114.54586791992188 68.0
v 106.0 115.0 67.56828308105469
v 106.0 116.0 46.5
v 106.0 115.4749984741211 68.0
v 106.0 116.0 68.45729064941406
v 106.0 117.0 46.5
v 106.0 117.0 68.4991455078125
v 106.0 118.0 46.5
v 106.0 118.0 68.5
v 106.0 119.0 46.52193069458008
v 106.0 119.0 68.52193450927734
v 106.0 119.49996185302734 47.0
v 106.0 120.0 47.47899627685547
v 106.0 119.49810791015625 69.0
v 106.0 119.52192687988281 70.0
v 106.0 119.54473876953125 71.0
v 106.0 120.0 71.47522735595703
v 106.0 121.0 47.54667663574219
v 105.47386932373047 121.0 49.0
v 106.0 120.52477264404297 72.0
v 106.0 121.0 72.45526123046875
v 106.0 121.45325469970703 48.0
v 106.0 121.48011016845703 49.0
v 106.0 122.0 49.47898864746094
v 106.0 122.0 72.47802734375
v 106.0 123.0 49.5
v 106.0 123.0 72.4552993774414
v 106.0 124.0 49.5
v 105.54564666748047 124.0 72.0
v 106.0 123.52192687988281 72.0
v 106.0 124.0 71.54750061035156
v 106.0 125.0 49.5
v 106.0 124.4552230834961 72.0
v 106.0 125.0 72.47980499267578
v 106.0 126.0 49.5
v 105.49907684326172 126.0 73.0
v 106.0 126.0 72.54270935058594
v 106.0 127.0 49.5
v 106.0 126.49996185302734 73.0
v 106.0 127.0 73.45813751220703
v 106.0 128.0 49.5
v 105.47803497314453 128.0 74.0
v 106.0 128.0 73.51930236816406
v 106.0 129.0 49.5
v 105.52275848388672 129.0 74.0
v 106.0 129.0 73.5228042602539
v 106.0 130.0 49.5
v 106.0 129.52398681640625 74.0
v 105.47528076171875 130.0 75.0
v 106.0 130.0 74.45244598388672
v 106.0 131.0 49.5
v 105.54469299316406 131.0 74.0
v 106.0 130.47793579101562 74.0
v 106.0 131.0 73.52384948730469
v 105.49811553955078 131.0 75.0
v 106.0 132.0 49.5
v 105.543701171875 132.0 74.0
v 106.0 132.0 73.52201080322266
v 106.0 132.0 74.5517807006836
v 106.0 131.57431030273438 75.0
v 106.0 132.0 75.40459442138672
v 106.0 133.0 49.52101135253906
v 105.5228500366211 133.0 74.0
v 106.0 133.0 73.5018539428711
v 106.0 132.42481994628906 75.0
v 105.49723052978516 133.0 75.0
v 106.0 133.5219268798828 50.0
v 105.5 134.0 50.0
v 106.0 134.0 50.456298828125
v 105.52015686035156 134.0 74.0
v 106.0 134.0 73.47908020019531
v 105.45626068115234 134.0 75.0
v 106.0 135.0 50.52107620239258
v 105.54389953613281 135.0 73.0
v 106.0 134.50205993652344 73.0
v 106.0 135.0 72.5447006225586
v 105.45813751220703 135.0 74.0
v 106.0 135.5000457763672 51.0
v 106.0 136.0 51.47807312011719
v 105.50184631347656 136.0 73.0
v 106.0 136.0 72.5211181640625
v 106.0 137.0 51.52193069458008
v 105.49907684326172 137.0 73.0
v 106.0 137.0 72.47915649414062
v 106.0 137.49903869628906 52.0
v 106.0 138.0 52.500038146972656
v 105.54474639892578 138.0 72.0
v 106.0 137.50306701660156 72.0
v 106.0 138.0 71.54473876953125
v 105.47799682617188 138.0 73.0
v 106.0 138.49911499023438 53.0
v 105.4979476928711 139.0 54.0
v 106.0 139.0 53.52084732055664
v 105.52104187011719 139.0 72.0
v 106.0 139.0 71.50184631347656
v 105.45429229736328 139.0 73.0
v 106.0 139.5000457763672 54.0
v 106.0 140.0 54.479190826416016
v 105.54481506347656 140.0 71.0
v 106.0 139.5248260498047 71.0
v 106.0 140.0 70.54485321044922
v 105.4571762084961 140.0 72.0
v 106.0 140.49903869628906 55.0
v 106.0 140.52101135253906 56.0
v 105.52297973632812 141.0 57.0
v 106.0 141.0 56.54481506347656
v 105.50092315673828 141.0 71.0
v 106.0 141.0 70.50092315673828
v 106.0 141.43280029296875 57.0
v 106.0 141.5202178955078 58.0
v 106.0 142.0 58.52208709716797
v 105.54682159423828 142.0 60.0
v 106.0 141.5682830810547 60.0
v 106.0 142.0 59.5230712890625
v 106.0 142.0 60.47496032714844
v 105.47623443603516 142.0 71.0
v 106.0 142.0 70.47623443603516
v 106.0 142.45530700683594 59.0
v 106.0 142.45814514160156 61.0
v 105.4551010131836 143.0 62.0
v 106.0 142.51930236816406 62.0
v 105.49732971191406 143.0 63.0
v 106.0 142.50184631347656 63.0
v 105.4788818359375 143.0 64.0
v 106.0 142.5202178955078 64.0
v 105.52008056640625 143.0 65.0
v 106.0 142.523681640625 65.0
v 106.0 143.0 65.50100708007812
v 105.54460144042969 143.0 68.0
v 106.0 142.54641723632812 68.0
v 106.0 143.0 67.52183532714844
v 106.0 143.0 68.50225830078125
v 105.49795532226562 143.0 70.0
v 106.0 142.49703979492188 70.0
v 106.0 143.0 69.47291564941406
v 106.0 143.4562530517578 66.0
v 106.0 143.4562530517578 67.0
v 106.0 143.43165588378906 69.0
v 106.45610046386719 104.0 54.0
v 106.47618865966797 104.0 55.0
v 106.47723388671875 105.0 53.0
v 106.5428466796875 105.0 54.0
v 107.0 105.0 54.500083923339844
v 107.0 104.52381134033203 55.0
v 107.0 104.52204132080078 56.0
v 107.0 104.52289581298828 57.0
v 107.0 104.54474639892578 58.0
v 106.49799346923828 105.0 59.0
v 107.0 105.0 58.49694061279297
v 106.50004577636719 106.0 52.0
v 107.0 106.0 52.49995803833008
v 107.0 105.52272033691406 53.0
v 107.0 105.47715759277344 54.0
v 107.0 105.47915649414062 59.0
v 107.0 105.52108001708984 60.0
v 107.0 105.52192687988281 61.0
v 107.0 105.52285766601562 62.0
v 107.0 105.56828308105469 63.0
v 106.50106048583984 106.0 63.0
v 107.0 106.0 63.45325469970703
v 106.50004577636719 107.0 50.0
v 107.0 107.0 49.547698974609375
v 107.0 106.56832885742188 50.0
v 107.0 106.52108001708984 51.0
v 107.0 106.45809936523438 52.0
v 107.0 106.47991180419922 64.0
v 107.0 106.501708984375 65.0
v 107.0 106.56729888916016 66.0
v 106.52407836914062 107.0 66.0
v 107.0 107.0 66.45153045654297
v 107.0 108.0 47.54486083984375
v 107.0 107.54570007324219 48.0
v 107.0 107.50091552734375 49.0
v 107.0 107.54846954345703 67.0
v 106.52407836914062 108.0 67.0
v 107.0 108.0 67.43270111083984
v 106.49899291992188 109.0 47.0
v 107.0 109.0 47.45817565917969
v 107.0 109.0 67.52021789550781
v 107.0 110.0 46.543701171875
v 107.0 109.50100708007812 47.0
v 107.0 109.50008392333984 68.0
v 107.0 110.0 68.47806549072266
v 107.0 111.0 46.52193069458008
v 107.0 111.0 68.5
v 107.0 112.0 46.5210075378418
v 107.0 112.0 68.5
v 107.0 113.0 46.5008544921875
v 107.0 113.0 68.49910736083984
v 107.0 114.0 46.5
v 107.0 114.0 68.45533752441406
v 107.0 115.0 46.5
v 107.0 114.47795104980469 68.0
v 107.0 115.0 67.52108001708984
v 107.0 116.0 46.5
v 106.50096893310547 116.0 68.0
v 107.0 116.0 67.54370880126953
v 107.0 117.0 46.5
v 107.0 116.47806549072266 68.0
v 107.0 117.0 68.47898864746094
v 107.0 118.0 46.500892639160156
v 107.0 118.0 68.5008544921875
v 107.0 119.0 46.54470443725586
v 107.0 119.0 68.52201080322266
v 107.0 119.47522735595703 47.0
v 107.0 120.0 47.52473068237305
v 106.55009460449219 120.0 69.0
v 107.0 120.0 68.57152557373047
v 106.52201080322266 120.0 70.0
v 106.47614288330078 120.0 71.0
v 107.0 120.47523498535156 48.0
v 106.47320556640625 121.0 48.0
v 106.50196075439453 121.0 49.0
v 107.0 120.5228042602539 49.0
v 107.0 121.0 49.477195739746094
v 107.0 120.4284439086914 69.0
v 107.0 120.45614624023438 70.0
v 107.0 120.52281188964844 71.0
v 106.47522735595703 121.0 72.0
v 107.0 121.0 71.47627258300781
v 107.0 122.0 49.520118713378906
v 106.49810791015625 122.0 72.0
v 107.0 122.0 71.47815704345703
v 107.0 123.0 49.5008544921875
v 106.54389953613281 123.0 71.0
v 107.0 122.50205993652344 71.0
v 107.0 123.0 70.54470825195312
v 106.45610809326172 123.0 72.0
v 107.0 124.0 49.5
v 106.52669525146484 124.0 71.0
v 107.0 124.0 70.54574584960938
v 107.0 125.0 49.5
v 107.0 124.45513153076172 71.0
v 107.0 124.54401397705078 72.0
v 107.0 125.0 72.45429992675781
v 107.0 126.0 49.5
v 107.0 126.0 72.47891998291016
v 107.0 127.0 49.5
v 106.49899291992188 127.0 73.0
v 107.0 127.0 72.52084350585938
v 107.0 128.0 49.5
v 107.0 127.52613830566406 73.0
v 107.0 128.0 73.4316635131836
v 107.0 129.0 49.5
v 106.52275848388672 129.0 73.0
v 107.0 128.47486877441406 73.0
v 107.0 129.0 72.52188110351562
v 107.0 130.0 49.5
v 106.52022552490234 130.0 73.0
v 107.0 130.0 72.50088500976562
v 106.43274688720703 130.0 74.0
v 107.0 131.0 49.5
v 106.50092315673828 131.0 73.0
v 107.0 131.0 72.50003814697266
v 107.0 132.0 49.5008544921875
v 106.5 132.0 73.0
v 107.0 132.0 72.5
v 106.40375518798828 132.0 75.0
v 107.0 133.0 49.543701171875
v 106.5 133.0 73.0
v 107.0 133.0 72.5
v 107.0 133.4780731201172 50.0
v 107.0 134.0 50.47898864746094
v 106.47815704345703 134.0 73.0
v 107.0 134.0 72.49907684326172
v 107.0 135.0 50.52192687988281
v 107.0 135.0 72.4788818359375
v 107.0 135.5 51.0
v 107.0 136.0 51.47807312011719
v 107.0 136.0 72.4552993774414
v 107.0 137.0 51.52193069458008
v 106.5 137.0 72.0
v 107.0 136.49697875976562 72.0
v 107.0 137.0 71.52084350585938
v 107.0 137.49903869628906 52.0
v 107.0 138.0 52.5
v 107.0 138.0 71.47891998291016
v 107.0 138.50091552734375 53.0
v 107.0 139.0 53.47892379760742
v 107.0 139.0 71.45526123046875
v 106.50104522705078 140.0 54.0
v 107.0 140.0 53.54275131225586
v 107.0 139.4752655029297 71.0
v 107.0 140.0 70.47723388671875
v 107.0 140.49795532226562 54.0
v 106.54664611816406 141.0 55.0
v 107.0 141.0 54.52598571777344
v 107.0 141.0 55.47793960571289
v 107.0 140.54469299316406 56.0
v 106.50106048583984 141.0 57.0
v 107.0 140.5682830810547 57.0
v 107.0 141.0 57.45230484008789
v 106.52084350585938 141.0 70.0
v 107.0 140.49896240234375 70.0
v 107.0 141.0 69.49799346923828
v 107.0 141.4327392578125 55.0
v 107.0 141.50184631347656 58.0
v 107.0 142.0 58.52386474609375
v 107.0 141.52285766601562 60.0
v 107.0 142.0 59.477909088134766
v 106.50004577636719 142.0 61.0
v 107.0 141.54270935058594 61.0
v 107.0 142.0 61.52398681640625
v 106.54559326171875 142.0 63.0
v 107.0 141.54733276367188 63.0
v 107.0 142.0 62.49889373779297
v 107.0 142.0 63.50114822387695
v 106.54646301269531 142.0 65.0
v 107.0 141.5464630126953 65.0
v 107.0 142.0 64.49885559082031
v 107.0 142.0 65.47811889648438
v 106.523681640625 142.0 68.0
v 107.0 141.52101135253906 68.0
v 107.0 142.0 67.49899291992188
v 106.51930236816406 142.0 69.0
v 107.0 141.47799682617188 69.0
v 106.45710754394531 142.0 70.0
v 107.0 142.4542999267578 59.0
v 107.0 142.43275451660156 62.0
v 107.0 142.43270874023438 64.0
v 106.47618865966797 143.0 66.0
v 107.0 142.4761962890625 66.0
v 106.47618865966797 143.0 67.0
v 107.0 142.4761962890625 67.0
v 106.4316635131836 143.0 69.0
v 107.45626068115234 105.0 55.0
v 107.47714233398438 105.0 56.0
v 107.47710418701172 105.0 57.0
v 107.45525360107422 105.0 58.0
v 107.47815704345703 106.0 53.0
v 107.50184631347656 106.0 54.0
v 107.52204132080078 106.0 55.0
v 107.52289581298828 106.0 56.0
v 107.52289581298828 106.0 57.0
v 107.52204132080078 106.0 58.0
v 107.50184631347656 106.0 59.0
v 107.5 106.0 60.0
v 107.49907684326172 106.0 61.0
v 107.4981460571289 106.0 62.0
v 107.45317840576172 106.0 63.0
v 107.45226287841797 107.0 50.0
v 107.52008056640625 107.0 51.0
v 108.0 107.0 51.501007080078125
v 108.0 106.54289245605469 52.0
v 108.0 106.5 53.0
v 108.0 106.4788818359375 54.0
v 108.0 106.47714233398438 55.0
v 108.0 106.47710418701172 56.0
v 108.0 106.47710418701172 57.0
v 108.0 106.47714233398438 58.0
v 108.0 106.47803497314453 59.0
v 108.0 106.47891998291016 60.0
v 108.0 106.49907684326172 61.0
v 108.0 106.5 62.0
v 108.0 106.50092315673828 63.0
v 108.0 106.52108001708984 64.0
v 108.0 106.54374694824219 65.0
v 107.47401428222656 107.0 66.0
v 108.0 107.0 65.49703216552734
v 107.4742202758789 108.0 48.0
v 107.52180480957031 108.0 49.0
v 108.0 108.0 49.501007080078125
v 108.0 107.52376556396484 50.0
v 108.0 107.47727966308594 51.0
v 108.0 107.50004577636719 66.0
v 107.47401428222656 108.0 67.0
v 108.0 108.0 66.49995422363281
v 108.0 109.0 47.54486083984375
v 108.0 108.5257797241211 48.0
v 108.0 108.47903442382812 49.0
v 108.0 108.5009994506836 67.0
v 108.0 109.0 67.47819519042969
v 107.4771499633789 110.0 47.0
v 108.0 110.0 47.50092315673828
v 108.0 109.52473449707031 68.0
v 108.0 110.0 68.45526123046875
v 107.49996185302734 111.0 47.0
v 108.0 111.0 47.47895812988281
v 108.0 111.0 68.47898864746094
v 107.52192687988281 112.0 47.0
v 108.0 112.0 47.456298828125
v 108.0 112.0 68.4991455078125
v 108.0 113.0 46.543701171875
v 108.0 112.5 47.0
v 108.0 113.0 68.47806549072266
v 108.0 114.0 46.52193069458008
v 107.57069396972656 114.0 67.0
v 108.0 113.57073211669922 67.0
v 108.0 114.0 66.5715560913086
v 107.47710418701172 114.0 68.0
v 108.0 113.49907684326172 68.0
v 108.0 115.0 46.52193069458008
v 108.0 114.45077514648438 67.0
v 108.0 115.0 67.48069763183594
v 108.0 116.0 46.52193069458008
v 108.0 116.0 67.543701171875
v 108.0 117.0 46.52193069458008
v 108.0 116.47803497314453 68.0
v 108.0 117.0 68.4798812866211
v 108.0 118.0 46.54470443725586
v 108.0 118.0 68.54370880126953
v 108.0 118.47526550292969 47.0
v 107.47526550292969 119.0 47.0
v 107.5447769165039 119.0 48.0
v 108.0 118.54481506347656 48.0
v 108.0 119.0 48.475181579589844
v 108.0 118.4979476928711 69.0
v 107.51895904541016 119.0 69.0
v 108.0 119.0 69.5
v 107.45618438720703 120.0 48.0
v 108.0 119.50096130371094 49.0
v 107.50092315673828 120.0 49.0
v 107.54590606689453 120.0 50.0
v 108.0 119.54670715332031 50.0
v 108.0 120.0 50.45328903198242
v 107.43006134033203 120.0 69.0
v 108.0 119.50200653076172 70.0
v 107.49903106689453 120.0 70.0
v 108.0 120.0 70.45714569091797
v 107.50273895263672 121.0 50.0
v 108.0 121.0 50.47710418701172
v 108.0 121.0 70.52012634277344
v 107.47807312011719 121.0 71.0
v 107.54590606689453 122.0 50.0
v 108.0 122.0 50.43171691894531
v 107.47911071777344 122.0 71.0
v 108.0 122.0 70.52101135253906
v 108.0 123.0 49.52009582519531
v 108.0 122.45325469970703 50.0
v 108.0 123.0 70.5008544921875
v 108.0 124.0 49.5
v 108.0 124.0 70.52104949951172
v 108.0 125.0 49.5
v 108.0 124.52088165283203 71.0
v 107.47425842285156 125.0 72.0
v 108.0 125.0 71.47724151611328
v 108.0 126.0 49.5
v 107.5 126.0 72.0
v 108.0 126.0 71.52107238769531
v 108.0 127.0 49.5
v 107.50184631347656 127.0 72.0
v 108.0 127.0 71.52196502685547
v 108.0 128.0 49.5
v 107.52118682861328 128.0 72.0
v 108.0 128.0 71.52281188964844
v 107.4316635131836 128.0 73.0
v 108.0 129.0 49.5
v 107.50188446044922 129.0 72.0
v 108.0 129.0 71.52196502685547
v 108.0 130.0 49.5
v 107.50092315673828 130.0 72.0
v 108.0 130.0 71.52108001708984
v 108.0 131.0 49.5
v 107.50003814697266 131.0 72.0
v 108.0 131.0 71.50092315673828
v 108.0 132.0 49.52101135253906
v 107.50003814697266 132.0 72.0
v 108.0 132.0 71.50092315673828
v 108.0 132.5219268798828 50.0
v 107.5 133.0 50.0
v 108.0 133.0 50.456298828125
v 107.50088500976562 133.0 72.0
v 108.0 133.0 71.52022552490234
v 108.0 134.0 50.4991455078125
v 107.5 134.0 72.0
v 108.0 134.0 71.50092315673828
v 108.0 135.0 50.52193069458008
v 107.49815368652344 135.0 72.0
v 108.0 135.0 71.47815704345703
v 108.0 135.4999542236328 51.0
v 108.0 136.0 51.47892379760742
v 107.54389953613281 136.0 71.0
v 108.0 135.50205993652344 71.0
v 108.0 136.0 70.5447006225586
v 107.45610046386719 136.0 72.0
v 108.0 137.0 51.54374313354492
v 107.50184631347656 137.0 71.0
v 108.0 137.0 70.52196502685547
v 108.0 137.4761962890625 52.0
v 108.0 138.0 52.522762298583984
v 107.5 138.0 71.0
v 108.0 138.0 70.52104187011719
v 108.0 138.4790802001953 53.0
v 108.0 139.0 53.47898864746094
v 107.47526550292969 139.0 71.0
v 108.0 139.0 70.47627258300781
v 108.0 140.0 53.5008544921875
v 107.5447006225586 140.0 68.0
v 108.0 139.5438995361328 68.0
v 108.0 140.0 67.50205993652344
v 107.5211181640625 140.0 69.0
v 108.0 139.50184631347656 69.0
v 107.47723388671875 140.0 70.0
v 108.0 139.4762725830078 70.0
v 107.50402069091797 141.0 54.0
v 108.0 141.0 53.54474639892578
v 107.47710418701172 141.0 56.0
v 107.45408630371094 141.0 57.0
v 107.54741668701172 141.0 63.0
v 108.0 140.54742431640625 63.0
v 108.0 141.0 62.5229377746582
v 108.0 141.0 63.5
v 107.52371978759766 141.0 65.0
v 108.0 140.52284240722656 65.0
v 108.0 141.0 64.47706604003906
v 107.52108001708984 141.0 66.0
v 108.0 140.5009307861328 66.0
v 107.52015686035156 141.0 67.0
v 108.0 140.4790802001953 67.0
v 107.47984313964844 141.0 68.0
v 107.456298828125 141.0 69.0
v 108.0 141.4552459716797 54.0
v 108.0 141.498291015625 55.0
v 108.0 141.47898864746094 56.0
v 108.0 141.47984313964844 57.0
v 108.0 141.5428466796875 58.0
v 108.0 142.0 58.50004577636719
v 108.0 141.5428466796875 60.0
v 108.0 142.0 59.49995422363281
v 108.0 141.48069763183594 61.0
v 107.45244598388672 142.0 62.0
v 108.0 141.47628784179688 62.0
v 107.4515380859375 142.0 64.0
v 108.0 141.45257568359375 64.0
v 107.45626068115234 142.0 66.0
v 107.45625305175781 142.0 67.0
v 108.0 142.456298828125 59.0
v 108.47623443603516 107.0 52.0
v 108.52184295654297 107.0 53.0
v 109.0 107.0 53.50104904174805
v 109.0 106.54373931884766 54.0
v 109.0 106.52192687988281 55.0
v 109.0 106.52192687988281 56.0
v 109.0 106.52192687988281 57.0
v 109.0 106.52192687988281 58.0
v 109.0 106.52192687988281 59.0
v 109.0 106.543701171875 60.0
v 108.52288818359375 107.0 61.0
v 109.0 107.0 60.5
v 108.50096893310547 107.0 62.0
v 108.50088500976562 107.0 63.0
v 108.49911499023438 107.0 64.0
v 108.47618865966797 107.0 65.0
v 108.45714569091797 108.0 50.0
v 108.52276611328125 108.0 51.0
v 109.0 108.0 51.49995803833008
v 109.0 107.52275848388672 52.0
v 109.0 107.47724151611328 53.0
v 109.0 107.456298828125 61.0
v 109.0 107.47807312011719 62.0
v 109.0 107.47891998291016 63.0
v 109.0 107.49908447265625 64.0
v 109.0 107.5228042602539 65.0
v 108.5 108.0 66.0
v 109.0 108.0 65.49808502197266
v 108.45429992675781 109.0 48.0
v 108.4798812866211 109.0 49.0
v 108.54381561279297 109.0 50.0
v 109.0 109.0 50.47527313232422
v 109.0 108.4771957397461 51.0
v 109.0 108.5 66.0
v 108.4990463256836 109.0 67.0
v 109.0 109.0 66.5
v 108.49907684326172 110.0 48.0
v 108.54566192626953 110.0 49.0
v 109.0 110.0 49.474220275878906
v 109.0 109.47523498535156 50.0
v 109.0 109.50191497802734 67.0
v 108.47522735595703 110.0 68.0
v 109.0 110.0 67.4771957397461
v 109.0 111.0 47.543704986572266
v 109.0 110.52288818359375 48.0
v 109.0 110.45510864257812 49.0
v 108.52088165283203 111.0 68.0
v 109.0 111.0 67.52184295654297
v 109.0 112.0 47.5
v 109.0 111.50210571289062 68.0
v 109.0 112.0 68.45525360107422
v 108.47807312011719 113.0 47.0
v 109.0 113.0 47.4789924621582
v 109.0 113.0 68.4532470703125
v 108.5 114.0 47.0
v 109.0 114.0 47.47807312011719
v 109.0 113.52104949951172 67.0
v 109.0 114.0 66.52376556396484
v 109.0 113.45408630371094 68.0
v 108.5 115.0 47.0
v 109.0 115.0 47.47806930541992
v 109.0 114.49906921386719 67.0
v 109.0 115.0 67.47628784179688
v 108.5 116.0 47.0
v 109.0 116.0 47.47806930541992
v 109.0 115.54755401611328 68.0
v 108.52302551269531 116.0 68.0
v 109.0 116.0 68.43274688720703
v 108.5 117.0 47.0
v 109.0 117.0 47.47807312011719
v 109.0 117.0 68.52018737792969
v 108.47610473632812 118.0 47.0
v 109.0 118.0 47.50096130371094
v 109.0 117.49915313720703 69.0
v 108.47798919677734 118.0 69.0
v 109.0 117.57047271728516 70.0
v 108.56887817382812 118.0 70.0
v 109.0 118.0 70.42952728271484
v 109.0 118.49907684326172 48.0
v 109.0 119.0 48.52381134033203
v 108.48095703125 119.0 70.0
v 109.0 119.0 70.4788818359375
v 109.0 119.4553451538086 49.0
v 109.0 119.50184631347656 50.0
v 109.0 120.0 50.497230529785156
v 109.0 120.0 70.52015686035156
v 109.0 121.0 50.45912551879883
v 109.0 121.0 70.52101135253906
v 108.49893951416016 122.0 50.0
v 109.0 122.0 49.56720733642578
v 109.0 121.52494049072266 50.0
v 109.0 122.0 70.5008544921875
v 109.0 123.0 49.52193069458008
v 109.0 123.0 70.4991455078125
v 109.0 124.0 49.5008544921875
v 109.0 124.0 70.47984313964844
v 109.0 125.0 49.5
v 108.49903869628906 125.0 71.0
v 109.0 125.0 70.52176666259766
v 109.0 126.0 49.5
v 109.0 125.50200653076172 71.0
v 109.0 126.0 71.45626068115234
v 109.0 127.0 49.5
v 109.0 127.0 71.47807312011719
v 109.0 128.0 49.5
v 109.0 128.0 71.47898864746094
v 109.0 129.0 49.5
v 109.0 129.0 71.4991455078125
v 109.0 130.0 49.5
v 109.0 130.0 71.47895050048828
v 109.0 131.0 49.5008544921875
v 108.5228500366211 131.0 71.0
v 109.0 130.5218505859375 71.0
v 109.0 131.0 70.52376556396484
v 109.0 132.0 49.543701171875
v 108.52184295654297 132.0 71.0
v 109.0 132.0 70.52184295654297
v 109.0 132.4780731201172 50.0
v 109.0 133.0 50.47898864746094
v 109.0 132.52513122558594 71.0
v 109.0 133.0 71.43170928955078
v 109.0 134.0 50.5008544921875
v 108.52284240722656 134.0 71.0
v 109.0 133.4758758544922 71.0
v 109.0 134.0 70.5428466796875
v 109.0 135.0 50.54374313354492
v 108.47908020019531 135.0 71.0
v 109.0 135.0 70.52015686035156
v 109.0 135.47622680664062 51.0
v 109.0 136.0 51.52276611328125
v 109.0 136.0 70.47984313964844
v 109.0 136.4980010986328 52.0
v 108.49699401855469 137.0 52.0
v 109.0 137.0 52.500999450683594
v 109.0 137.0 70.47803497314453
v 108.50008392333984 138.0 53.0
v 109.0 137.50103759765625 53.0
v 109.0 138.0 53.45724868774414
v 109.0 138.0 70.45433807373047
v 109.0 139.0 53.4991455078125
v 108.52184295654297 139.0 69.0
v 109.0 138.52175903320312 69.0
v 109.0 139.0 68.49798583984375
v 108.4761962890625 139.0 70.0
v 109.0 138.47422790527344 70.0
v 109.0 140.0 53.500858306884766
v 108.54846954345703 140.0 63.0
v 109.0 139.56729125976562 63.0
v 109.0 140.0 62.52503204345703
v 109.0 140.0 63.49885177612305
v 108.5238037109375 140.0 65.0
v 109.0 139.5437469482422 65.0
v 109.0 140.0 64.47811889648438
v 108.50092315673828 140.0 66.0
v 109.0 139.5210723876953 66.0
v 108.47819519042969 140.0 67.0
v 109.0 139.4999542236328 67.0
v 109.0 139.45614624023438 68.0
v 109.0 141.0 53.54474639892578
v 108.52394104003906 141.0 61.0
v 109.0 140.5448455810547 61.0
v 109.0 141.0 60.54481506347656
v 108.4771957397461 141.0 62.0
v 109.0 140.47824096679688 62.0
v 108.45258331298828 141.0 64.0
v 109.0 140.45266723632812 64.0
v 109.0 141.4552459716797 54.0
v 109.0 141.4991455078125 55.0
v 109.0 141.5 56.0
v 109.0 141.52101135253906 57.0
v 108.50004577636719 142.0 58.0
v 109.0 142.0 57.52193069458008
v 108.50105285644531 142.0 60.0
v 109.0 142.0 60.456138610839844
v 109.0 142.456298828125 58.0
v 109.0 142.498291015625 59.0
v 109.0 142.45529174804688 60.0
v 109.47623443603516 107.0 54.0
v 109.49992370605469 107.0 55.0
v 109.49907684326172 107.0 56.0
v 109.49903869628906 107.0 57.0
v 109.49907684326172 107.0 58.0
v 109.49996185302734 107.0 59.0
v 109.47803497314453 107.0 60.0
v 109.47815704345703 108.0 52.0
v 109.52376556396484 108.0 53.0
v 110.0 108.0 53.4980354309082
v 110.0 107.52176666259766 54.0
v 110.0 107.47978210449219 55.0
v 110.0 107.49907684326172 56.0
v 110.0 107.5 57.0
v 110.0 107.49907684326172 58.0
v 110.0 107.47891998291016 59.0
v 110.0 107.47984313964844 60.0
v 110.0 107.52015686035156 61.0
v 110.0 107.52192687988281 62.0
v 110.0 107.54373931884766 63.0
v 109.52188110351562 108.0 64.0
v 110.0 108.0 63.49895095825195
v 109.4771957397461 108.0 65.0
v 110.0 109.0 50.523807525634766
v 110.0 108.5438461303711 51.0
v 110.0 108.5 52.0
v 110.0 108.45710754394531 53.0
v 110.0 108.47724151611328 64.0
v 110.0 108.5228042602539 65.0
v 109.5 109.0 66.0
v 110.0 109.0 65.49808502197266
v 110.0 110.0 49.500919342041016
v 110.0 109.50096130371094 50.0
v 110.0 109.50191497802734 66.0
v 109.4771957397461 110.0 67.0
v 110.0 110.0 66.4771957397461
v 109.49699401855469 111.0 48.0
v 110.0 111.0 48.500999450683594
v 110.0 110.52088928222656 49.0
v 109.50091552734375 111.0 67.0
v 110.0 111.0 66.50003814697266
v 110.0 112.0 47.54374313354492
v 110.0 111.50300598144531 48.0
v 109.52015686035156 112.0 67.0
v 110.0 112.0 66.47903442382812
v 109.45525360107422 112.0 68.0
v 110.0 113.0 47.52193069458008
v 109.54290771484375 113.0 66.0
v 110.0 112.50105285644531 66.0
v 110.0 113.0 65.5246810913086
v 109.47891998291016 113.0 67.0
v 109.4532470703125 113.0 68.0
v 110.0 114.0 47.5210075378418
v 109.52481842041016 114.0 66.0
v 110.0 114.0 65.54398345947266
v 110.0 115.0 47.5008544921875
v 110.0 114.47430419921875 66.0
v 109.52289581298828 115.0 67.0
v 110.0 115.0 66.5465087890625
v 110.0 116.0 47.5
v 110.0 115.45262145996094 67.0
v 109.4989013671875 116.0 68.0
v 110.0 116.0 67.54732513427734
v 110.0 117.0 47.5
v 110.0 116.45440673828125 68.0
v 110.0 117.0 68.50187683105469
v 110.0 118.0 47.522857666015625
v 110.0 117.4990005493164 69.0
v 109.47269439697266 118.0 70.0
v 110.0 118.0 69.52183532714844
v 110.0 118.47795104980469 48.0
v 109.47710418701172 119.0 49.0
v 110.0 118.52101135253906 49.0
v 109.52288818359375 119.0 50.0
v 110.0 118.54374694824219 50.0
v 110.0 119.0 50.49699020385742
v 110.0 118.47820281982422 70.0
v 110.0 119.0 70.5
v 109.54774475097656 120.0 51.0
v 110.0 119.52704620361328 51.0
v 110.0 120.0 51.431705474853516
v 110.0 119.52381896972656 71.0
v 109.52293395996094 120.0 71.0
v 110.0 120.0 71.4552993774414
v 109.55371856689453 121.0 50.0
v 110.0 121.0 49.596214294433594
v 110.0 120.593017578125 50.0
v 110.0 120.45492553710938 51.0
v 109.52192687988281 121.0 71.0
v 110.0 121.0 71.456298828125
v 109.47505950927734 122.0 50.0
v 110.0 121.44627380371094 50.0
v 110.0 122.0 50.47823715209961
v 110.0 121.5 71.0
v 110.0 122.0 70.543701171875
v 109.52100372314453 123.0 50.0
v 110.0 123.0 50.45714569091797
v 110.0 123.0 70.50092315673828
v 110.0 124.0 49.54270935058594
v 110.0 123.49907684326172 50.0
v 109.5470199584961 124.0 70.0
v 110.0 123.54875946044922 70.0
v 110.0 124.0 69.56941223144531
v 110.0 125.0 49.5008544921875
v 109.5477066040039 125.0 70.0
v 110.0 125.0 69.56832885742188
v 110.0 126.0 49.5
v 110.0 125.47395324707031 70.0
v 109.47623443603516 126.0 71.0
v 110.0 126.0 70.47823333740234
v 110.0 127.0 49.5
v 109.49903869628906 127.0 71.0
v 110.0 127.0 70.5
v 110.0 128.0 49.5
v 109.52088165283203 128.0 71.0
v 110.0 128.0 70.52184295654297
v 110.0 129.0 49.5
v 110.0 128.50210571289062 71.0
v 110.0 129.0 71.45525360107422
v 110.0 130.0 49.5008544921875
v 110.0 130.0 71.45328521728516
v 110.0 131.0 49.54270935058594
v 109.5238037109375 131.0 70.0
v 110.0 130.52281188964844 70.0
v 110.0 131.0 69.52376556396484
v 110.0 130.45413208007812 71.0
v 110.0 131.5 50.0
v 109.49903869628906 132.0 50.0
v 110.0 132.0 50.45729064941406
v 109.50092315673828 132.0 70.0
v 110.0 132.0 69.50004577636719
v 110.0 133.0 50.5
v 109.54199981689453 133.0 70.0
v 110.0 133.0 69.5228042602539
v 109.43250274658203 133.0 71.0
v 110.0 134.0 50.54275131225586
v 110.0 133.5010986328125 70.0
v 110.0 134.0 70.45610046386719
v 110.0 134.4980010986328 51.0
v 109.49703979492188 135.0 51.0
v 110.0 135.0 51.500999450683594
v 110.0 135.0 70.45525360107422
v 109.4772720336914 136.0 52.0
v 110.0 135.4782257080078 52.0
v 109.54586029052734 136.0 53.0
v 110.0 135.54586791992188 53.0
v 110.0 136.0 53.453330993652344
v 109.52091979980469 136.0 70.0
v 110.0 135.49789428710938 70.0
v 110.0 136.0 69.52088165283203
v 109.48007202148438 137.0 53.0
v 110.0 137.0 53.47895050048828
v 109.57041931152344 137.0 68.0
v 110.0 136.5688018798828 68.0
v 110.0 137.0 67.56879425048828
v 110.0 137.0 68.49777221679688
v 109.49811553955078 137.0 70.0
v 110.0 137.0 69.4532241821289
v 110.0 138.0 53.50003433227539
v 109.5211181640625 138.0 68.0
v 110.0 138.0 67.4799575805664
v 110.0 137.452392578125 69.0
v 109.49908447265625 138.0 69.0
v 109.4551010131836 138.0 70.0
v 110.0 139.0 53.521934509277344
v 109.52080535888672 139.0 67.0
v 110.0 138.49899291992188 67.0
v 110.0 139.0 66.49698638916016
v 109.45614624023438 139.0 68.0
v 110.0 140.0 53.54474639892578
v 109.5 140.0 62.0
v 110.0 139.52175903320312 62.0
v 110.0 140.0 61.49895477294922
v 110.0 139.4797821044922 63.0
v 109.45440673828125 140.0 64.0
v 110.0 139.49815368652344 64.0
v 110.0 139.4788818359375 65.0
v 110.0 139.45529174804688 66.0
v 110.0 140.49594116210938 54.0
v 109.49594116210938 141.0 54.0
v 110.0 141.0 54.503047943115234
v 110.0 140.4780731201172 61.0
v 110.0 141.0 60.49911880493164
v 110.0 141.456298828125 55.0
v 110.0 141.49911499023438 56.0
v 110.0 141.52197265625 57.0
v 110.0 142.0 57.49907684326172
v 110.0 142.0 60.454254150390625
v 110.0 142.49815368652344 58.0
v 110.0 142.4999542236328 59.0
v 110.0 142.45428466796875 60.0
v 110.49995422363281 108.0 54.0
v 111.0 108.0 54.5261344909668
v 111.0 107.5683364868164 55.0
v 110.52184295654297 108.0 56.0
v 111.0 108.0 55.474822998046875
v 110.50004577636719 108.0 57.0
v 110.52284240722656 108.0 58.0
v 111.0 108.0 58.50004577636719
v 111.0 107.543701171875 59.0
v 111.0 107.543701171875 60.0
v 110.52192687988281 108.0 61.0
v 111.0 108.0 60.49995422363281
v 110.49907684326172 108.0 62.0
v 110.4761962890625 108.0 63.0
v 110.47622680664062 109.0 51.0
v 110.5228042602539 109.0 52.0
v 111.0 109.0 52.5
v 111.0 108.54285430908203 53.0
v 111.0 108.47915649414062 54.0
v 111.0 108.47815704345703 56.0
v 111.0 108.49907684326172 57.0
v 111.0 108.45714569091797 58.0
v 111.0 108.45714569091797 61.0
v 111.0 108.49907684326172 62.0
v 111.0 108.5228042602539 63.0
v 110.5228042602539 109.0 64.0
v 111.0 109.0 63.5
v 110.4771957397461 109.0 65.0
v 111.0 110.0 49.54481887817383
v 111.0 109.54485321044922 50.0
v 111.0 109.5 51.0
v 111.0 109.45714569091797 52.0
v 111.0 109.47723388671875 64.0
v 111.0 109.52472686767578 65.0
v 110.4771957397461 110.0 66.0
v 111.0 110.0 65.47527313232422
v 110.5009994506836 111.0 49.0
v 111.0 111.0 49.458133697509766
v 110.5 111.0 66.0
v 111.0 111.0 65.49995422363281
v 110.47623443603516 112.0 48.0
v 111.0 112.0 48.521766662597656
v 111.0 111.4990005493164 49.0
v 110.47724151611328 112.0 66.0
v 111.0 112.0 65.47724151611328
v 110.49996185302734 113.0 48.0
v 111.0 113.0 48.47892379760742
v 110.54866027832031 113.0 65.0
v 111.0 112.52513885498047 65.0
v 111.0 113.0 64.5683822631836
v 110.52192687988281 114.0 48.0
v 111.0 114.0 48.456298828125
v 111.0 113.45220947265625 65.0
v 111.0 114.0 65.52473449707031
v 111.0 115.0 47.543701171875
v 111.0 114.5 48.0
v 111.0 114.45610809326172 66.0
v 111.0 114.52180480957031 67.0
v 110.47610473632812 115.0 67.0
v 111.0 115.0 67.4990005493164
v 111.0 116.0 47.52193069458008
v 111.0 115.501953125 68.0
v 110.47711181640625 116.0 68.0
v 111.0 116.0 68.45809936523438
v 111.0 117.0 47.521968841552734
v 111.0 117.0 68.54285430908203
v 111.0 118.0 47.54671096801758
v 111.0 117.47715759277344 69.0
v 111.0 118.0 69.50092315673828
v 111.0 118.45328521728516 48.0
v 111.0 118.47803497314453 49.0
v 111.0 118.47984313964844 50.0
v 110.50397491455078 119.0 51.0
v 111.0 118.54389953613281 51.0
v 111.0 119.0 51.45529556274414
v 111.0 118.49996185302734 70.0
v 111.0 119.0 70.5
v 111.0 120.0 51.49821472167969
v 111.0 119.50096893310547 71.0
v 111.0 120.0 71.47806549072266
v 110.42308044433594 121.0 50.0
v 110.50089263916016 121.0 51.0
v 111.0 121.0 51.47806930541992
v 111.0 121.0 71.4991455078125
v 110.5228500366211 122.0 51.0
v 111.0 122.0 51.47623825073242
v 110.47807312011719 122.0 71.0
v 111.0 122.0 71.47898864746094
v 111.0 123.0 50.54289245605469
v 111.0 122.5008773803711 51.0
v 110.52381896972656 123.0 71.0
v 111.0 123.0 71.45526123046875
v 110.49895477294922 124.0 50.0
v 111.0 124.0 50.479156494140625
v 110.45298767089844 124.0 70.0
v 111.0 124.0 70.49907684326172
v 111.0 123.47610473632812 71.0
v 111.0 125.0 49.54470443725586
v 111.0 124.50301361083984 50.0
v 110.49893951416016 125.0 70.0
v 111.0 125.0 70.43274688720703
v 111.0 126.0 49.521968841552734
v 111.0 126.0 69.52176666259766
v 110.5 126.0 70.0
v 111.0 125.47501373291016 70.0
v 111.0 127.0 49.52193069458008
v 110.5 127.0 70.0
v 111.0 127.0 69.5
v 111.0 128.0 49.52193069458008
v 110.50092315673828 128.0 70.0
v 111.0 128.0 69.50003814697266
v 111.0 129.0 49.52193069458008
v 110.52107238769531 129.0 70.0
v 111.0 129.0 69.50092315673828
v 110.45525360107422 129.0 71.0
v 111.0 130.0 49.543701171875
v 110.49996185302734 130.0 70.0
v 111.0 130.0 69.47811126708984
v 110.45328521728516 130.0 71.0
v 111.0 130.49899291992188 50.0
v 110.49995422363281 131.0 50.0
v 111.0 131.0 50.4581413269043
v 110.5228042602539 131.0 69.0
v 111.0 130.5 69.0
v 111.0 131.0 68.5228042602539
v 111.0 132.0 50.52015686035156
v 110.5 132.0 69.0
v 111.0 132.0 68.5
v 111.0 133.0 50.54374313354492
v 110.50092315673828 133.0 69.0
v 111.0 133.0 68.50003814697266
v 111.0 133.49703979492188 51.0
v 110.49800109863281 134.0 51.0
v 111.0 134.0 51.5
v 110.52015686035156 134.0 69.0
v 111.0 134.0 68.47908020019531
v 110.4552993774414 134.0 70.0
v 110.49995422363281 135.0 52.0
v 111.0 134.50096130371094 52.0
v 111.0 135.0 52.4791145324707
v 110.56829071044922 135.0 68.0
v 111.0 134.52513122558594 68.0
v 111.0 135.0 67.56749725341797
v 110.5008544921875 135.0 69.0
v 110.45525360107422 135.0 70.0
v 111.0 135.50180053710938 53.0
v 111.0 136.0 53.4788818359375
v 111.0 135.49990844726562 68.0
v 111.0 136.0 68.45235443115234
v 110.49816131591797 136.0 69.0
v 111.0 137.0 53.5210075378418
v 111.0 136.45326232910156 68.0
v 111.0 137.0 67.47618865966797
v 110.43255615234375 137.0 69.0
v 111.0 138.0 53.54470443725586
v 110.5428466796875 138.0 66.0
v 111.0 137.52281188964844 66.0
v 111.0 138.0 65.49995422363281
v 110.47724151611328 138.0 67.0
v 111.0 137.4752655029297 67.0
v 111.0 138.4761505126953 54.0
v 110.49815368652344 139.0 54.0
v 110.54666900634766 139.0 55.0
v 111.0 138.5458221435547 55.0
v 111.0 139.0 55.45417404174805
v 110.56946563720703 139.0 60.0
v 111.0 138.56942749023438 60.0
v 111.0 139.0 59.5497932434082
v 111.0 139.0 60.49663162231445
v 110.52372741699219 139.0 62.0
v 111.0 138.5428924560547 62.0
v 111.0 139.0 61.478118896484375
v 110.49915313720703 139.0 63.0
v 111.0 138.50088500976562 63.0
v 110.49992370605469 139.0 64.0
v 111.0 138.4990692138672 64.0
v 110.49815368652344 139.0 65.0
v 111.0 138.47711181640625 65.0
v 110.45610046386719 139.0 66.0
v 110.45526123046875 140.0 54.0
v 110.5211181640625 140.0 55.0
v 111.0 140.0 55.49907684326172
v 110.52289581298828 140.0 60.0
v 111.0 140.0 59.52289581298828
v 111.0 139.45362854003906 61.0
v 110.476318359375 140.0 61.0
v 110.47618865966797 141.0 55.0
v 111.0 141.0 55.52578353881836
v 110.50096130371094 141.0 60.0
v 111.0 141.0 59.52196502685547
v 111.0 141.4542999267578 56.0
v 111.0 141.50091552734375 57.0
v 111.0 142.0 57.47980880737305
v 110.47509002685547 142.0 60.0
v 111.0 142.0 59.4990348815918
v 110.5499038696289 143.0 58.0
v 111.0 143.0 57.569644927978516
v 111.0 143.0 58.45100402832031
v 111.0 142.4990692138672 59.0
v 111.0 143.4294891357422 58.0
v 111.4316635131836 108.0 55.0
v 111.47711181640625 108.0 59.0
v 111.47711181640625 108.0 60.0
v 111.47715759277344 109.0 53.0
v 111.5008773803711 109.0 54.0
v 111.520263671875 109.0 55.0
v 111.50184631347656 109.0 56.0
v 111.52288818359375 109.0 57.0
v 112.0 109.0 57.49995803833008
v 112.0 108.54285430908203 58.0
v 112.0 108.50092315673828 59.0
v 112.0 108.50092315673828 60.0
v 112.0 108.54289245605469 61.0
v 111.52188110351562 109.0 62.0
v 112.0 109.0 61.498992919921875
v 111.4771957397461 109.0 63.0
v 111.47518157958984 110.0 50.0
v 111.5228500366211 110.0 51.0
v 112.0 110.0 51.49995803833008
v 112.0 109.54285430908203 52.0
v 112.0 109.50092315673828 53.0
v 112.0 109.49996185302734 54.0
v 112.0 109.4981918334961 55.0
v 112.0 109.4788818359375 56.0
v 112.0 109.456298828125 57.0
v 112.0 109.47727966308594 62.0
v 112.0 109.52376556396484 63.0
v 111.52176666259766 110.0 64.0
v 112.0 110.0 63.4980354309082
v 111.45610809326172 110.0 65.0
v 112.0 111.0 49.521080017089844
v 112.0 110.50184631347656 50.0
v 112.0 110.456298828125 51.0
v 112.0 110.50192260742188 64.0
v 112.0 111.0 64.47715759277344
v 111.49907684326172 111.0 65.0
v 111.5009994506836 112.0 49.0
v 112.0 112.0 49.45729064941406
v 111.47904205322266 112.0 65.0
v 112.0 112.0 64.50088500976562
v 112.0 113.0 48.54270935058594
v 112.0 112.5 49.0
v 112.0 113.0 64.54485321044922
v 112.0 114.0 48.5
v 112.0 113.4551773071289 65.0
v 112.0 113.5201187133789 66.0
v 111.47706604003906 114.0 66.0
v 112.0 113.54473876953125 67.0
v 111.52473449707031 114.0 67.0
v 112.0 114.0 67.47522735595703
v 111.47807312011719 115.0 48.0
v 112.0 115.0 48.4789924621582
v 112.0 114.52376556396484 68.0
v 111.50292205810547 115.0 68.0
v 112.0 115.0 68.45710754394531
v 111.49996185302734 116.0 48.0
v 112.0 116.0 48.47892379760742
v 112.0 116.0 68.54185485839844
v 111.49815368652344 117.0 48.0
v 112.0 117.0 48.521846771240234
v 112.0 116.50004577636719 69.0
v 111.49907684326172 117.0 69.0
v 112.0 117.0 69.45729064941406
v 111.45409393310547 118.0 48.0
v 112.0 117.47815704345703 49.0
v 111.49815368652344 118.0 49.0
v 111.52192687988281 118.0 50.0
v 112.0 117.54285430908203 50.0
v 112.0 118.0 50.4980354309082
v 112.0 118.0 69.52015686035156
v 112.0 118.48011779785156 51.0
v 112.0 119.0 51.47895050048828
v 112.0 118.52096557617188 70.0
v 112.0 119.0 70.47724151611328
v 112.0 120.0 51.500038146972656
v 112.0 119.52477264404297 71.0
v 112.0 120.0 71.45526123046875
v 111.60855102539062 121.0 50.0
v 112.0 121.0 49.62736892700195
v 112.0 120.62736511230469 50.0
v 112.0 121.0 50.39235305786133
v 112.0 121.0 51.52363586425781
v 112.0 121.0 71.47806549072266
v 112.0 121.37266540527344 50.0
v 112.0 121.52399444580078 52.0
v 111.54756164550781 122.0 52.0
v 112.0 122.0 52.43274688720703
v 112.0 122.0 71.47806549072266
v 111.47627258300781 123.0 51.0
v 112.0 123.0 51.52176284790039
v 112.0 122.47501373291016 52.0
v 112.0 123.0 71.4552993774414
v 111.5018081665039 124.0 51.0
v 112.0 124.0 51.4788818359375
v 112.0 123.47618103027344 71.0
v 112.0 124.0 70.49999237060547
v 111.45610046386719 125.0 50.0
v 111.54389953613281 125.0 51.0
v 112.0 125.0 51.45529556274414
v 111.47596740722656 125.0 70.0
v 112.0 124.52184295654297 70.0
v 112.0 125.0 69.52275848388672
v 111.49811553955078 126.0 50.0
v 112.0 126.0 50.52184295654297
v 112.0 125.49794006347656 51.0
v 111.52473449707031 126.0 69.0
v 112.0 125.52477264404297 69.0
v 112.0 126.0 68.54473876953125
v 111.49907684326172 127.0 50.0
v 112.0 127.0 50.499080657958984
v 111.50096893310547 127.0 69.0
v 112.0 127.0 68.52192687988281
v 111.49996185302734 128.0 50.0
v 112.0 128.0 50.47892379760742
v 111.50096130371094 128.0 69.0
v 112.0 128.0 68.52192687988281
v 111.49996185302734 129.0 50.0
v 112.0 129.0 50.47892379760742
v 111.50092315673828 129.0 69.0
v 112.0 129.0 68.52107238769531
v 111.4771499633789 130.0 50.0
v 112.0 130.0 50.50004196166992
v 111.47723388671875 130.0 69.0
v 112.0 130.0 68.47823333740234
v 112.0 131.0 50.543853759765625
v 111.52381134033203 131.0 68.0
v 112.0 130.50201416015625 68.0
v 112.0 131.0 67.54373931884766
v 112.0 131.49798583984375 51.0
v 111.52091979980469 132.0 51.0
v 112.0 132.0 51.47819900512695
v 111.50092315673828 132.0 68.0
v 112.0 132.0 67.52108001708984
v 111.4761962890625 133.0 51.0
v 112.0 133.0 51.523719787597656
v 111.50003814697266 133.0 68.0
v 112.0 133.0 67.50092315673828
v 111.50191497802734 134.0 52.0
v 112.0 133.49903869628906 52.0
v 112.0 134.0 52.45895004272461
v 111.47815704345703 134.0 68.0
v 112.0 134.0 67.49903869628906
v 112.0 135.0 52.542850494384766
v 112.0 135.0 67.45699310302734
v 112.0 135.47718811035156 53.0
v 112.0 136.0 53.5
v 111.54096984863281 136.0 67.0
v 112.0 135.49803161621094 67.0
v 112.0 136.0 66.49995422363281
v 111.4325942993164 136.0 68.0
v 112.0 136.52381896972656 54.0
v 111.52289581298828 137.0 54.0
v 112.0 137.0 54.45530700683594
v 111.54570770263672 137.0 64.0
v 112.0 136.54574584960938 64.0
v 112.0 137.0 63.525821685791016
v 111.52200317382812 137.0 65.0
v 112.0 136.52197265625 65.0
v 111.50003814697266 137.0 66.0
v 112.0 136.4781951904297 66.0
v 111.45614624023438 137.0 67.0
v 111.47610473632812 138.0 54.0
v 112.0 138.0 54.50096130371094
v 111.5228042602539 138.0 63.0
v 112.0 137.5237579345703 63.0
v 112.0 138.0 62.52192306518555
v 111.47895812988281 138.0 64.0
v 111.456298828125 138.0 65.0
v 112.0 138.49911499023438 55.0
v 112.0 139.0 55.52276611328125
v 111.54864501953125 139.0 59.0
v 112.0 138.56747436523438 59.0
v 112.0 139.0 58.546871185302734
v 112.0 138.5025634765625 60.0
v 111.45539855957031 139.0 61.0
v 112.0 138.5200958251953 61.0
v 112.0 138.47984313964844 62.0
v 112.0 139.47715759277344 56.0
v 111.49907684326172 140.0 56.0
v 111.54473876953125 140.0 57.0
v 112.0 139.52389526367188 57.0
v 112.0 140.0 57.47706604003906
v 112.0 139.4769287109375 59.0
v 112.0 140.0 59.4553337097168
v 111.45426177978516 141.0 56.0
v 111.50092315673828 141.0 57.0
v 112.0 141.0 57.47980880737305
v 112.0 141.0 59.47802734375
v 112.0 142.0 57.5017204284668
v 112.0 142.0 59.45526123046875
v 112.0 143.0 57.56969451904297
v 112.0 142.4752197265625 59.0
v 112.0 143.0 58.45004653930664
v 112.0 143.429443359375 58.0
v 112.47715759277344 109.0 58.0
v 112.49996185302734 109.0 59.0
v 112.49996185302734 109.0 60.0
v 112.47623443603516 109.0 61.0
v 112.47715759277344 110.0 52.0
v 112.49996185302734 110.0 53.0
v 112.5 110.0 54.0
v 112.5228042602539 110.0 55.0
v 113.0 110.0 55.4799690246582
v 113.0 109.52285766601562 56.0
v 113.0 109.52019500732422 57.0
v 113.0 109.50092315673828 58.0
v 113.0 109.5 59.0
v 113.0 109.50003814697266 60.0
v 113.0 109.52376556396484 61.0
v 112.52176666259766 110.0 62.0
v 113.0 110.0 61.4980354309082
v 112.45710754394531 110.0 63.0
v 113.0 111.0 49.54570770263672
v 113.0 110.54574584960938 50.0
v 113.0 110.52108001708984 51.0
v 113.0 110.50092315673828 52.0
v 113.0 110.5 53.0
v 113.0 110.5 54.0
v 113.0 110.47715759277344 55.0
v 113.0 110.5 62.0
v 113.0 111.0 62.50100326538086
v 112.54190063476562 111.0 63.0
v 112.45714569091797 111.0 64.0
v 113.0 112.0 49.500038146972656
v 113.0 111.49800109863281 63.0
v 113.0 112.0 63.50296401977539
v 112.5228500366211 112.0 64.0
v 112.5 113.0 49.0
v 113.0 113.0 49.45729064941406
v 113.0 112.45713806152344 64.0
v 113.0 112.54281616210938 65.0
v 112.49801635742188 113.0 65.0
v 113.0 113.0 65.47811126708984
v 113.0 114.0 48.543701171875
v 113.0 113.50096130371094 49.0
v 113.0 113.47899627685547 66.0
v 113.0 113.52193450927734 67.0
v 113.0 114.0 67.49903106689453
v 113.0 115.0 48.52193069458008
v 113.0 114.50008392333984 68.0
v 113.0 115.0 68.49815368652344
v 113.0 116.0 48.54374313354492
v 113.0 115.54664611816406 69.0
v 112.52398681640625 116.0 69.0
v 113.0 116.0 69.43279266357422
v 113.0 116.49699401855469 49.0
v 112.49803924560547 117.0 49.0
v 113.0 117.0 49.50199890136719
v 113.0 117.0 69.49828338623047
v 113.0 117.45809936523438 50.0
v 112.50297546386719 118.0 51.0
v 113.0 117.54385375976562 51.0
v 113.0 118.0 51.45698928833008
v 113.0 118.0 69.5008544921875
v 113.0 119.0 51.521080017089844
v 112.50008392333984 119.0 70.0
v 113.0 119.0 69.54275512695312
v 113.0 120.0 51.54375076293945
v 113.0 119.49895477294922 70.0
v 112.47526550292969 120.0 71.0
v 113.0 120.0 70.47823333740234
v 112.37263488769531 121.0 50.0
v 113.0 120.4979476928711 52.0
v 112.4990005493164 121.0 52.0
v 113.0 121.0 52.478233337402344
v 112.49992370605469 121.0 71.0
v 113.0 121.0 70.52021789550781
v 113.0 122.0 52.52021789550781
v 112.49906921386719 122.0 71.0
v 113.0 122.0 70.50092315673828
v 112.50096130371094 123.0 52.0
v 113.0 123.0 52.477237701416016
v 112.47614288330078 123.0 71.0
v 113.0 123.0 70.49907684326172
v 113.0 124.0 51.52104949951172
v 113.0 123.47911071777344 52.0
v 113.0 124.0 70.45610809326172
v 113.0 125.0 51.499149322509766
v 113.0 124.47527313232422 70.0
v 113.0 125.0 69.4771957397461
v 112.47911834716797 126.0 51.0
v 113.0 126.0 51.47898864746094
v 113.0 125.47811126708984 69.0
v 113.0 126.0 68.5
v 112.52288818359375 127.0 51.0
v 113.0 127.0 51.456298828125
v 113.0 127.0 68.47807312011719
v 113.0 128.0 50.543701171875
v 113.0 127.5 51.0
v 113.0 128.0 68.47807312011719
v 113.0 129.0 50.54374313354492
v 113.0 129.0 68.45626068115234
v 113.0 129.49798583984375 51.0
v 112.52084350585938 130.0 51.0
v 113.0 130.0 51.5
v 112.5 130.0 68.0
v 113.0 129.49798583984375 68.0
v 113.0 130.0 67.52176666259766
v 112.45614624023438 131.0 51.0
v 113.0 130.50192260742188 52.0
v 112.54285430908203 131.0 52.0
v 113.0 131.0 52.47811508178711
v 113.0 131.0 67.4788818359375
v 112.5 132.0 52.0
v 113.0 132.0 52.52284622192383
v 113.0 132.0 67.4552993774414
v 112.45795440673828 133.0 52.0
v 113.0 132.52293395996094 53.0
v 112.56636810302734 133.0 53.0
v 113.0 133.0 53.454315185546875
v 112.52184295654297 133.0 67.0
v 113.0 132.49794006347656 67.0
v 113.0 133.0 66.52091979980469
v 113.0 133.50115966796875 53.0
v 113.0 134.0 52.56749725341797
v 112.49903869628906 134.0 67.0
v 113.0 134.0 66.47711181640625
v 113.0 134.47390747070312 53.0
v 112.49803161621094 135.0 53.0
v 113.0 135.0 53.48011779785156
v 112.5428466796875 135.0 66.0
v 113.0 134.4999542236328 66.0
v 113.0 135.0 65.52188873291016
v 112.45618438720703 135.0 67.0
v 113.0 136.0 53.54489517211914
v 112.47724151611328 136.0 66.0
v 113.0 136.0 65.4742202758789
v 113.0 136.4751434326172 54.0
v 113.0 137.0 54.50188446044922
v 113.0 136.49815368652344 64.0
v 113.0 137.0 63.47615051269531
v 113.0 136.4542999267578 65.0
v 113.0 138.0 54.54670715332031
v 113.0 137.47523498535156 63.0
v 113.0 138.0 62.474178314208984
v 113.0 138.45408630371094 55.0
v 112.47715759277344 139.0 56.0
v 113.0 138.49815368652344 56.0
v 112.50091552734375 139.0 57.0
v 113.0 138.5 57.0
v 112.50092315673828 139.0 58.0
v 113.0 138.5 58.0
v 113.0 138.479736328125 59.0
v 113.0 138.4771728515625 60.0
v 113.0 138.47711181640625 61.0
v 113.0 138.45425415039062 62.0
v 112.49816131591797 140.0 58.0
v 112.45610046386719 140.0 59.0
v 113.0 141.0 57.569644927978516
v 113.0 140.54989624023438 58.0
v 113.0 141.0 58.45096206665039
v 112.49810791015625 141.0 59.0
v 113.0 142.0 57.56969451904297
v 112.4752197265625 142.0 59.0
v 113.0 142.0 58.45004653930664
v 113.0 142.44827270507812 58.0
v 112.44828033447266 143.0 58.0
v 114.0 110.0 55.59462356567383
v 114.0 109.5954360961914 56.0
v 113.5199203491211 110.0 57.0
v 114.0 110.0 56.44623565673828
v 113.49996185302734 110.0 58.0
v 113.5 110.0 59.0
v 113.49907684326172 110.0 60.0
v 113.45710754394531 110.0 61.0
v 113.47417449951172 111.0 50.0
v 113.49911499023438 111.0 51.0
v 113.50088500976562 111.0 52.0
v 113.50092315673828 111.0 53.0
v 113.50003814697266 111.0 54.0
v 113.50184631347656 111.0 55.0
v 114.0 110.47101593017578 56.0
v 113.56636810302734 111.0 56.0
v 114.0 111.0 56.47610855102539
v 114.0 110.50104522705078 57.0
v 114.0 110.50096130371094 58.0
v 114.0 110.50096893310547 59.0
v 114.0 110.52288818359375 60.0
v 114.0 111.0 60.49995422363281
v 113.54285430908203 111.0 61.0
v 113.478271484375 111.0 62.0
v 114.0 112.0 49.54570770263672
v 114.0 111.52582550048828 50.0
v 114.0 111.50003814697266 51.0
v 114.0 111.47981262207031 52.0
v 114.0 111.47981262207031 53.0
v 114.0 111.50003814697266 54.0
v 114.0 111.50003814697266 55.0
v 114.0 111.45523071289062 56.0
v 114.0 111.47803497314453 61.0
v 114.0 111.52172088623047 62.0
v 113.52493286132812 112.0 63.0
v 114.0 112.0 62.5239372253418
v 114.0 113.0 49.52204513549805
v 113.62474060058594 113.0 60.0
v 114.0 112.60328674316406 60.0
v 114.0 113.0 59.605003356933594
v 114.0 113.0 60.37608337402344
v 114.0 112.4338150024414 63.0
v 114.0 112.498291015625 64.0
v 114.0 112.52193450927734 65.0
v 114.0 113.0 65.49996185302734
v 113.47711181640625 114.0 49.0
v 114.0 114.0 49.50184631347656
v 114.0 113.37528991699219 60.0
v 114.0 113.47891998291016 66.0
v 114.0 113.54373931884766 67.0
v 114.0 114.0 67.47618865966797
v 113.49903106689453 115.0 49.0
v 114.0 115.0 49.50004196166992
v 114.0 114.52376556396484 68.0
v 114.0 115.0 68.45710754394531
v 113.47618865966797 116.0 49.0
v 114.0 116.0 49.522804260253906
v 113.47601318359375 116.0 69.0
v 114.0 116.0 68.54185485839844
v 113.49803924560547 117.0 50.0
v 114.0 116.49803924560547 50.0
v 114.0 117.0 50.500999450683594
v 114.0 116.50100708007812 69.0
v 114.0 117.0 69.456298828125
v 114.0 117.47823333740234 51.0
v 114.0 118.0 51.546566009521484
v 113.57051849365234 118.0 53.0
v 114.0 117.57051849365234 53.0
v 114.0 118.0 52.50333786010742
v 114.0 118.0 53.430274963378906
v 114.0 118.0 69.47898864746094
v 114.0 118.45426940917969 52.0
v 113.4981918334961 119.0 52.0
v 113.54671478271484 119.0 53.0
v 114.0 119.0 53.453285217285156
v 114.0 119.0 69.5
v 113.47615051269531 120.0 52.0
v 114.0 120.0 52.522762298583984
v 114.0 119.4959945678711 53.0
v 113.50096130371094 120.0 70.0
v 114.0 120.0 69.54185485839844
v 113.52473449707031 121.0 53.0
v 114.0 120.50201416015625 53.0
v 114.0 121.0 53.455265045166016
v 114.0 120.52509307861328 70.0
v 114.0 121.0 70.43170928955078
v 113.50008392333984 122.0 53.0
v 114.0 122.0 53.47806930541992
v 113.52184295654297 122.0 70.0
v 114.0 121.47486877441406 70.0
v 114.0 122.0 69.52184295654297
v 113.52574157714844 123.0 53.0
v 114.0 123.0 53.45429992675781
v 113.49996185302734 123.0 70.0
v 114.0 123.0 69.49996185302734
v 114.0 124.0 51.54570007324219
v 114.0 123.5448226928711 52.0
v 114.0 123.4551773071289 53.0
v 113.47527313232422 124.0 70.0
v 114.0 124.0 69.47623443603516
v 114.0 125.0 51.52193069458008
v 113.49803924560547 125.0 69.0
v 114.0 124.49707794189453 69.0
v 114.0 125.0 68.4990463256836
v 114.0 126.0 51.52192687988281
v 113.5228500366211 126.0 68.0
v 114.0 125.50196838378906 68.0
v 114.0 126.0 67.54289245605469
v 114.0 127.0 51.52107620239258
v 113.49907684326172 127.0 68.0
v 114.0 127.0 67.50092315673828
v 113.47711181640625 128.0 51.0
v 114.0 128.0 51.50096130371094
v 113.49903106689453 128.0 68.0
v 114.0 128.0 67.5
v 113.47618865966797 129.0 51.0
v 114.0 129.0 51.52473068237305
v 113.47618865966797 129.0 68.0
v 114.0 129.0 67.4771957397461
v 113.47823333740234 130.0 52.0
v 114.0 129.47531127929688 52.0
v 113.5211181640625 130.0 53.0
v 114.0 129.50180053710938 53.0
v 113.5447006225586 130.0 54.0
v 114.0 129.5438995361328 54.0
v 114.0 130.0 54.49698257446289
v 113.52276611328125 130.0 67.0
v 114.0 129.5 67.0
v 114.0 130.0 66.52188873291016
v 113.47898864746094 131.0 53.0
v 113.501708984375 131.0 54.0
v 114.0 130.5249786376953 55.0
v 113.56720733642578 131.0 55.0
v 114.0 131.0 55.453433990478516
v 113.49815368652344 131.0 67.0
v 114.0 131.0 66.47711181640625
v 113.456298828125 132.0 53.0
v 113.51924133300781 132.0 54.0
v 114.0 132.0 54.54573059082031
v 114.0 131.5 55.0
v 113.54186248779297 132.0 66.0
v 114.0 131.49899291992188 66.0
v 114.0 132.0 65.49995422363281
v 113.45610046386719 132.0 67.0
v 113.48075866699219 133.0 54.0
v 114.0 132.47702026367188 55.0
v 113.543701171875 133.0 55.0
v 114.0 133.0 55.47807312011719
v 113.54270935058594 133.0 65.0
v 114.0 132.5 65.0
v 114.0 133.0 64.5
v 113.47984313964844 133.0 66.0
v 113.43170928955078 134.0 53.0
v 113.498291015625 134.0 54.0
v 113.52193450927734 134.0 55.0
v 114.0 134.0 55.5
v 113.543701171875 134.0 64.0
v 114.0 133.50096130371094 64.0
v 114.0 134.0 63.52192687988281
v 113.5 134.0 65.0
v 113.456298828125 134.0 66.0
v 113.47895050048828 135.0 54.0
v 113.52101135253906 135.0 55.0
v 114.0 135.0 55.52193069458008
v 113.52101135253906 135.0 64.0
v 114.0 135.0 63.47807312011719
v 113.47898864746094 135.0 65.0
v 113.45433044433594 136.0 54.0
v 113.49996185302734 136.0 55.0
v 114.0 135.5 56.0
v 113.543701171875 136.0 56.0
v 114.0 136.0 56.47807312011719
v 113.54182434082031 136.0 63.0
v 114.0 135.49899291992188 63.0
v 114.0 136.0 62.498992919921875
v 113.47891998291016 136.0 64.0
v 113.45425415039062 136.0 65.0
v 113.47806549072266 137.0 55.0
v 113.52101135253906 137.0 56.0
v 114.0 137.0 56.522891998291016
v 113.543701171875 137.0 60.0
v 114.0 136.5219268798828 60.0
v 114.0 137.0 59.5
v 113.52192687988281 137.0 61.0
v 114.0 136.5 61.0
v 113.5201187133789 137.0 62.0
v 114.0 136.47802734375 62.0
v 113.45618438720703 137.0 63.0
v 113.45328521728516 138.0 55.0
v 113.4788818359375 138.0 56.0
v 114.0 137.4761505126953 57.0
v 113.49907684326172 138.0 57.0
v 113.49996185302734 138.0 58.0
v 114.0 137.49903869628906 58.0
v 113.49815368652344 138.0 59.0
v 114.0 137.47711181640625 59.0
v 113.47795867919922 138.0 60.0
v 113.47710418701172 138.0 61.0
v 113.45429229736328 138.0 62.0
v 113.42948913574219 141.0 58.0
v 113.429443359375 142.0 58.0
v 114.4037857055664 110.0 56.0
v 114.45729064941406 111.0 57.0
v 114.47806549072266 111.0 58.0
v 114.47806549072266 111.0 59.0
v 114.456298828125 111.0 60.0
v 114.45425415039062 112.0 50.0
v 114.49816131591797 112.0 51.0
v 115.0 112.0 51.549903869628906
v 115.0 111.56964111328125 52.0
v 115.0 111.56964111328125 53.0
v 114.49816131591797 112.0 54.0
v 115.0 112.0 53.45009994506836
v 114.47807312011719 112.0 55.0
v 114.4790267944336 112.0 56.0
v 114.5 112.0 57.0
v 114.5008544921875 112.0 58.0
v 114.50006866455078 112.0 59.0
v 114.50092315673828 112.0 60.0
v 114.5018539428711 112.0 61.0
v 114.52494049072266 112.0 62.0
v 115.0 111.5661392211914 63.0
v 115.0 112.0 62.49894714355469
v 114.49995422363281 112.0 63.0
v 115.0 112.0 63.477108001708984
v 114.47714233398438 113.0 50.0
v 114.501708984375 113.0 51.0
v 115.0 112.47373962402344 52.0
v 114.543701171875 113.0 52.0
v 114.54469299316406 113.0 53.0
v 115.0 112.47470092773438 53.0
v 114.5228500366211 113.0 54.0
v 114.52101135253906 113.0 55.0
v 114.50253295898438 113.0 56.0
v 114.54290008544922 113.0 57.0
v 114.54486083984375 113.0 58.0
v 114.52665710449219 113.0 59.0
v 114.4168472290039 113.0 60.0
v 115.0 113.0 59.495967864990234
v 115.0 112.51992797851562 60.0
v 115.0 112.47795867919922 61.0
v 115.0 112.43279266357422 62.0
v 115.0 112.4572982788086 64.0
v 115.0 112.52108001708984 65.0
v 115.0 113.0 65.49911499023438
v 114.4788818359375 114.0 50.0
v 114.54270935058594 114.0 51.0
v 115.0 114.0 51.50096130371094
v 115.0 113.5 52.0
v 115.0 113.47798919677734 53.0
v 115.0 113.49911499023438 54.0
v 115.0 113.52192687988281 55.0
v 115.0 114.0 55.523075103759766
v 114.56729888916016 114.0 56.0
v 115.0 114.0 56.473968505859375
v 115.0 113.49699401855469 57.0
v 115.0 113.4551010131836 58.0
v 115.0 113.45425415039062 59.0
v 115.0 113.49908447265625 66.0
v 114.49895477294922 114.0 67.0
v 115.0 114.0 66.52188110351562
v 114.49907684326172 115.0 50.0
v 115.0 115.0 50.52288818359375
v 115.0 114.50096893310547 51.0
v 115.0 114.452392578125 56.0
v 115.0 114.47727966308594 67.0
v 114.49803161621094 115.0 68.0
v 115.0 115.0 67.52176666259766
v 114.4771957397461 116.0 50.0
v 115.0 116.0 50.52381134033203
v 115.0 115.50096130371094 68.0
v 115.0 116.0 68.45813751220703
v 114.4990005493164 117.0 51.0
v 115.0 116.49703216552734 51.0
v 115.0 117.0 51.50300598144531
v 114.47803497314453 117.0 69.0
v 115.0 117.0 68.52015686035156
v 114.45252990722656 118.0 52.0
v 115.0 117.4753189086914 52.0
v 115.0 117.50274658203125 53.0
v 115.0 118.0 53.476253509521484
v 114.52192687988281 118.0 69.0
v 115.0 118.0 68.543701171875
v 115.0 119.0 53.45724868774414
v 115.0 118.5 69.0
v 115.0 119.0 69.456298828125
v 115.0 120.0 52.568328857421875
v 115.0 119.5250015258789 53.0
v 115.0 120.0 69.45709991455078
v 115.0 120.45317077636719 53.0
v 115.0 121.0 53.5
v 114.54204559326172 121.0 69.0
v 115.0 120.49995422363281 69.0
v 115.0 121.0 68.523681640625
v 114.43250274658203 121.0 70.0
v 115.0 122.0 53.52100372314453
v 114.50092315673828 122.0 69.0
v 115.0 122.0 68.49911499023438
v 115.0 123.0 53.479801177978516
v 114.49907684326172 123.0 69.0
v 115.0 123.0 68.47711181640625
v 114.4742202758789 124.0 52.0
v 115.0 124.0 52.52376174926758
v 115.0 123.52188873291016 53.0
v 114.54285430908203 124.0 68.0
v 115.0 123.49995422363281 68.0
v 115.0 124.0 67.52192687988281
v 114.45710754394531 124.0 69.0
v 114.49907684326172 125.0 52.0
v 115.0 125.0 52.499080657958984
v 114.47911071777344 125.0 68.0
v 115.0 125.0 67.49815368652344
v 114.49992370605469 126.0 52.0
v 115.0 126.0 52.47977828979492
v 114.59745025634766 126.0 63.0
v 115.0 125.59661102294922 63.0
v 115.0 126.0 62.57725143432617
v 115.0 126.0 63.40339279174805
v 115.0 126.0 67.45610046386719
v 114.49911499023438 127.0 52.0
v 115.0 127.0 52.49911880493164
v 115.0 126.42364501953125 63.0
v 114.52184295654297 127.0 67.0
v 115.0 126.49794006347656 67.0
v 115.0 127.0 66.52180480957031
v 114.49903869628906 128.0 52.0
v 115.0 128.0 52.52284622192383
v 114.5 128.0 67.0
v 115.0 128.0 66.49907684326172
v 114.45610809326172 129.0 52.0
v 115.0 128.49803161621094 53.0
v 114.52084350585938 129.0 53.0
v 115.0 129.0 53.50297546386719
v 114.4771957397461 129.0 67.0
v 115.0 129.0 66.47522735595703
v 115.0 129.45614624023438 54.0
v 114.47915649414062 130.0 55.0
v 115.0 129.49908447265625 55.0
v 114.52200317382812 130.0 56.0
v 115.0 129.50181579589844 56.0
v 114.543701171875 130.0 57.0
v 115.0 129.52200317382812 57.0
v 114.52288818359375 130.0 58.0
v 115.0 129.50277709960938 58.0
v 114.52281951904297 130.0 59.0
v 115.0 129.5211944580078 59.0
v 114.52196502685547 130.0 60.0
v 115.0 129.50184631347656 60.0
v 114.52192687988281 130.0 61.0
v 115.0 129.5000457763672 61.0
v 114.52192687988281 130.0 62.0
v 115.0 129.5 62.0
v 114.52192687988281 130.0 63.0
v 115.0 129.5 63.0
v 114.52192687988281 130.0 64.0
v 115.0 129.5 64.0
v 114.52192687988281 130.0 65.0
v 115.0 129.5 65.0
v 114.5 130.0 66.0
v 115.0 129.4761505126953 66.0
v 114.5 131.0 56.0
v 115.0 131.0 56.57383728027344
v 115.0 130.55050659179688 57.0
v 115.0 131.0 57.427024841308594
v 114.52009582519531 131.0 58.0
v 114.5 131.0 59.0
v 114.5 131.0 60.0
v 114.5 131.0 61.0
v 114.5 131.0 62.0
v 114.5 131.0 63.0
v 114.5 131.0 64.0
v 114.4991455078125 131.0 65.0
v 114.456298828125 131.0 66.0
v 114.43279266357422 132.0 55.0
v 114.4991455078125 132.0 56.0
v 115.0 131.42701721191406 57.0
v 114.52008819580078 132.0 57.0
v 114.5008544921875 132.0 58.0
v 114.5 132.0 59.0
v 114.5 132.0 60.0
v 114.5 132.0 61.0
v 114.5 132.0 62.0
v 114.5 132.0 63.0
v 114.4991455078125 132.0 64.0
v 114.45729064941406 132.0 65.0
v 114.47898864746094 133.0 56.0
v 114.5 133.0 57.0
v 114.5 133.0 58.0
v 114.5 133.0 59.0
v 114.5 133.0 60.0
v 114.5 133.0 61.0
v 114.5 133.0 62.0
v 114.4991455078125 133.0 63.0
v 114.45729064941406 133.0 64.0
v 114.47806549072266 134.0 56.0
v 114.5 134.0 57.0
v 114.5 134.0 58.0
v 114.5 134.0 59.0
v 114.5 134.0 60.0
v 114.5 134.0 61.0
v 114.5 134.0 62.0
v 114.47898864746094 134.0 63.0
v 114.456298828125 135.0 56.0
v 114.4991455078125 135.0 57.0
v 114.5 135.0 58.0
v 114.5 135.0 59.0
v 114.5 135.0 60.0
v 114.5 135.0 61.0
v 114.4991455078125 135.0 62.0
v 114.456298828125 135.0 63.0
v 114.47898864746094 136.0 57.0
v 114.5 136.0 58.0
v 114.4991455078125 136.0 59.0
v 114.47898864746094 136.0 60.0
v 114.47806549072266 136.0 61.0
v 114.456298828125 136.0 62.0
v 114.45530700683594 137.0 57.0
v 114.47806549072266 137.0 58.0
v 114.456298828125 137.0 59.0
v 115.42949676513672 112.0 52.0
v 115.42949676513672 112.0 53.0
v 115.50106048583984 112.0 62.0
v 116.0 112.0 61.54677963256836
v 116.0 111.56828308105469 62.0
v 116.0 111.5237808227539 63.0
v 116.0 111.56832885742188 64.0
v 115.5250473022461 112.0 64.0
v 116.0 112.0 64.4513931274414
v 115.55291748046875 113.0 57.0
v 116.0 113.0 56.59732437133789
v 116.0 112.59661865234375 57.0
v 116.0 112.5704574584961 58.0
v 115.52423858642578 113.0 58.0
v 116.0 113.0 58.47282791137695
v 116.0 113.0 59.50096130371094
v 116.0 112.543701171875 60.0
v 116.0 112.48075866699219 61.0
v 116.0 112.5246810913086 65.0
v 116.0 113.0 65.47615051269531
v 115.456298828125 114.0 52.0
v 115.47807312011719 114.0 53.0
v 115.47806549072266 114.0 54.0
v 115.456298828125 114.0 55.0
v 115.52483367919922 114.0 57.0
v 116.0 113.46878051757812 57.0
v 116.0 114.0 57.436378479003906
v 116.0 113.45729064941406 59.0
v 116.0 113.52476501464844 66.0
v 116.0 114.0 66.47523498535156
v 115.456298828125 115.0 51.0
v 115.4991455078125 115.0 52.0
v 115.5 115.0 53.0
v 115.5008544921875 115.0 54.0
v 115.52015686035156 115.0 55.0
v 115.52371978759766 115.0 56.0
v 116.0 115.0 56.49799728393555
v 116.0 114.47520446777344 57.0
v 116.0 114.5257339477539 67.0
v 116.0 115.0 67.45514678955078
v 115.45625305175781 116.0 51.0
v 115.4991455078125 116.0 52.0
v 115.5008544921875 116.0 53.0
v 115.54270935058594 116.0 54.0
v 116.0 116.0 54.500919342041016
v 116.0 115.52192687988281 55.0
v 116.0 115.4771957397461 56.0
v 115.49903869628906 116.0 68.0
v 116.0 116.0 67.521728515625
v 115.45621490478516 117.0 52.0
v 115.49911499023438 117.0 53.0
v 116.0 117.0 53.52284622192383
v 116.0 116.50096130371094 54.0
v 116.0 116.50200653076172 68.0
v 116.0 117.0 68.45626068115234
v 116.0 118.0 53.50092315673828
v 116.0 118.0 68.47891998291016
v 115.55152130126953 119.0 53.0
v 116.0 119.0 52.59507369995117
v 116.0 118.5731201171875 53.0
v 115.47711181640625 119.0 69.0
v 116.0 119.0 68.49907684326172
v 115.47200775146484 120.0 53.0
v 116.0 119.44551849365234 53.0
v 116.0 120.0 53.502037048339844
v 115.47623443603516 120.0 69.0
v 116.0 120.0 68.4771957397461
v 115.52193450927734 121.0 54.0
v 116.0 120.50096130371094 54.0
v 116.0 121.0 54.47627639770508
v 115.52180480957031 121.0 68.0
v 116.0 120.49903869628906 68.0
v 116.0 121.0 67.5009994506836
v 115.52188873291016 122.0 54.0
v 116.0 122.0 54.45714569091797
v 115.54373931884766 122.0 67.0
v 116.0 121.50296020507812 67.0
v 116.0 122.0 66.52376556396484
v 115.47891998291016 122.0 68.0
v 116.0 123.0 53.54289627075195
v 116.0 122.50003814697266 54.0
v 115.52015686035156 123.0 67.0
v 116.0 123.0 66.47711181640625
v 115.456298828125 123.0 68.0
v 115.47715759277344 124.0 53.0
v 116.0 124.0 53.50184631347656
v 115.57047271728516 124.0 64.0
v 116.0 123.54994201660156 64.0
v 116.0 124.0 63.570438385009766
v 115.52289581298828 124.0 65.0
v 116.0 123.5018539428711 65.0
v 115.52101135253906 124.0 66.0
v 116.0 123.4771499633789 66.0
v 115.47984313964844 124.0 67.0
v 115.52183532714844 125.0 53.0
v 116.0 125.0 53.47911834716797
v 116.0 124.45096588134766 64.0
v 116.0 125.0 64.52389526367188
v 115.54467010498047 125.0 65.0
v 115.50089263916016 125.0 66.0
v 115.47802734375 125.0 67.0
v 116.0 126.0 52.56834030151367
v 116.0 125.52517700195312 53.0
v 115.52472686767578 126.0 62.0
v 116.0 125.52472686767578 62.0
v 116.0 126.0 61.502052307128906
v 116.0 125.5450210571289 63.0
v 116.0 126.0 63.455020904541016
v 116.0 125.4770278930664 65.0
v 116.0 126.0 65.5008773803711
v 115.52104187011719 126.0 66.0
v 115.4552993774414 126.0 67.0
v 116.0 126.47386169433594 53.0
v 115.52084350585938 127.0 53.0
v 116.0 127.0 53.50104522705078
v 115.543701171875 127.0 61.0
v 116.0 126.50196838378906 61.0
v 116.0 127.0 60.52196502685547
v 115.50003814697266 127.0 62.0
v 115.50184631347656 127.0 63.0
v 116.0 127.0 63.5218505859375
v 115.50003814697266 127.0 66.0
v 116.0 127.0 65.47722625732422
v 115.45714569091797 128.0 53.0
v 116.0 127.49995422363281 54.0
v 115.54185485839844 128.0 54.0
v 116.0 128.0 54.501007080078125
v 115.52101135253906 128.0 61.0
v 116.0 128.0 60.47807312011719
v 115.5 128.0 62.0
v 115.50084686279297 128.0 63.0
v 116.0 127.47811126708984 64.0
v 115.52101135253906 128.0 64.0
v 115.52100372314453 128.0 65.0
v 116.0 127.47811126708984 65.0
v 115.47891998291016 128.0 66.0
v 115.45614624023438 129.0 54.0
v 116.0 128.47711181640625 55.0
v 115.49903869628906 129.0 55.0
v 115.5 129.0 56.0
v 116.0 128.49903869628906 56.0
v 115.5 129.0 57.0
v 116.0 128.49903869628906 57.0
v 115.52184295654297 129.0 58.0
v 116.0 128.52088928222656 58.0
v 116.0 129.0 58.525177001953125
v 115.52084350585938 129.0 60.0
v 116.0 128.49798583984375 60.0
v 116.0 129.0 59.4738655090332
v 115.47891998291016 129.0 61.0
v 115.47807312011719 129.0 62.0
v 115.47807312011719 129.0 63.0
v 115.47807312011719 129.0 64.0
v 115.47807312011719 129.0 65.0
v 115.45526123046875 129.0 66.0
v 116.0 129.43165588378906 59.0
v 115.40499114990234 131.0 57.0
v 116.45317840576172 112.0 62.0
v 116.49725341796875 112.0 63.0
v 116.45225524902344 112.0 64.0
v 116.40419006347656 113.0 57.0
v 116.45010375976562 113.0 58.0
v 116.49799346923828 113.0 60.0
v 117.0 113.0 60.50301742553711
v 117.0 112.54389953613281 61.0
v 117.0 112.50189208984375 62.0
v 117.0 112.50096893310547 63.0
v 117.0 112.52477264404297 64.0
v 116.47623443603516 113.0 65.0
v 117.0 113.0 64.47526550292969
v 117.0 113.5257797241211 58.0
v 117.0 114.0 57.54405212402344
v 117.0 113.52114868164062 59.0
v 117.0 113.47919464111328 60.0
v 116.54281616210938 114.0 65.0
v 117.0 114.0 64.52192687988281
v 116.45618438720703 114.0 66.0
v 116.5009994506836 115.0 57.0
v 117.0 115.0 57.47911071777344
v 117.0 114.49903869628906 65.0
v 117.0 115.0 65.5
v 116.54182434082031 115.0 66.0
v 116.45518493652344 115.0 67.0
v 116.45714569091797 116.0 55.0
v 116.52180480957031 116.0 56.0
v 117.0 116.0 56.49904251098633
v 117.0 115.4990463256836 57.0
v 117.0 115.49903869628906 66.0
v 117.0 116.0 66.50003814697266
v 116.52176666259766 116.0 67.0
v 116.45710754394531 117.0 54.0
v 116.54190063476562 117.0 55.0
v 117.0 117.0 55.498043060302734
v 117.0 116.4990005493164 56.0
v 117.0 116.50096130371094 67.0
v 116.47618865966797 117.0 68.0
v 117.0 117.0 67.4771957397461
v 116.49907684326172 118.0 54.0
v 117.0 118.0 54.521846771240234
v 117.0 117.49995422363281 55.0
v 116.49907684326172 118.0 68.0
v 117.0 118.0 67.5
v 116.4057388305664 119.0 53.0
v 116.51936340332031 119.0 54.0
v 117.0 119.0 54.49911880493164
v 116.49996185302734 119.0 68.0
v 117.0 119.0 67.5
v 116.4781494140625 120.0 54.0
v 117.0 120.0 54.522762298583984
v 116.4771957397461 120.0 68.0
v 117.0 120.0 67.4771957397461
v 116.54646301269531 121.0 55.0
v 117.0 120.52288818359375 55.0
v 117.0 121.0 55.45444107055664
v 116.50003814697266 121.0 67.0
v 117.0 120.49808502197266 67.0
v 117.0 121.0 66.4990463256836
v 117.0 122.0 54.54389572143555
v 117.0 121.47908020019531 55.0
v 116.52176666259766 122.0 66.0
v 117.0 121.49995422363281 66.0
v 117.0 122.0 65.49807739257812
v 116.47623443603516 123.0 54.0
v 117.0 123.0 54.52381134033203
v 116.52477264404297 123.0 64.0
v 117.0 122.52377319335938 64.0
v 117.0 123.0 63.52377700805664
v 116.49911499023438 123.0 65.0
v 117.0 122.4771957397461 65.0
v 116.4561538696289 123.0 66.0
v 116.4788818359375 124.0 54.0
v 117.0 123.49995422363281 55.0
v 116.543701171875 124.0 55.0
v 117.0 124.0 55.47807312011719
v 117.0 124.0 63.54220199584961
v 116.47898864746094 125.0 54.0
v 116.52101135253906 125.0 55.0
v 117.0 125.0 55.522891998291016
v 116.5485610961914 125.0 62.0
v 117.0 124.54766082763672 62.0
v 117.0 125.0 61.52500534057617
v 117.0 125.0 62.43505096435547
v 117.0 124.4771499633789 64.0
v 117.0 125.0 64.49899291992188
v 116.43165588378906 126.0 53.0
v 116.498291015625 126.0 54.0
v 116.5008544921875 126.0 55.0
v 117.0 125.47710418701172 56.0
v 116.52101135253906 126.0 56.0
v 116.52193450927734 126.0 57.0
v 117.0 125.5 57.0
v 116.54373931884766 126.0 58.0
v 117.0 125.52288818359375 58.0
v 117.0 126.0 58.5218391418457
v 116.54385375976562 126.0 60.0
v 117.0 125.54381561279297 60.0
v 117.0 126.0 59.47908401489258
v 116.47827911376953 126.0 61.0
v 117.0 125.47727966308594 61.0
v 117.0 126.0 62.56686782836914
v 116.52214813232422 126.0 63.0
v 117.0 125.54898834228516 65.0
v 117.0 126.0 65.42957305908203
v 116.45729064941406 127.0 54.0
v 116.4991455078125 127.0 55.0
v 116.5 127.0 56.0
v 116.5 127.0 57.0
v 116.5008544921875 127.0 58.0
v 117.0 126.45539855957031 59.0
v 116.52008819580078 127.0 59.0
v 116.47984313964844 127.0 60.0
v 117.0 126.43146514892578 63.0
v 117.0 126.49718475341797 64.0
v 116.47711181640625 127.0 64.0
v 116.47623443603516 127.0 65.0
v 117.0 126.45010375976562 65.0
v 116.456298828125 128.0 55.0
v 116.47806549072266 128.0 56.0
v 116.47807312011719 128.0 57.0
v 116.47898864746094 128.0 58.0
v 116.498291015625 128.0 59.0
v 116.456298828125 128.0 60.0
v 116.43165588378906 129.0 59.0
v 117.4552993774414 113.0 61.0
v 117.47803497314453 113.0 62.0
v 117.47807312011719 113.0 63.0
v 117.45526123046875 113.0 64.0
v 117.45429992675781 114.0 58.0
v 117.47803497314453 114.0 59.0
v 117.49996185302734 114.0 60.0
v 117.52108001708984 114.0 61.0
v 117.52192687988281 114.0 62.0
v 117.52100372314453 114.0 63.0
v 117.47984313964844 114.0 64.0
v 117.49996185302734 115.0 58.0
v 117.543701171875 115.0 59.0
v 118.0 115.0 59.5
v 118.0 114.5228500366211 60.0
v 118.0 114.50003814697266 61.0
v 118.0 114.5 62.0
v 118.0 114.52192687988281 63.0
v 118.0 115.0 63.498992919921875
v 117.54186248779297 115.0 64.0
v 117.45813751220703 115.0 65.0
v 117.49995422363281 116.0 57.0
v 118.0 116.0 57.50296401977539
v 118.0 115.52288818359375 58.0
v 118.0 115.47807312011719 59.0
v 118.0 115.5 64.0
v 118.0 116.0 64.50096130371094
v 117.54285430908203 116.0 65.0
v 117.47823333740234 116.0 66.0
v 117.5 117.0 56.0
v 118.0 117.0 56.50199890136719
v 118.0 116.50199890136719 57.0
v 118.0 116.47811126708984 65.0
v 118.0 116.52473449707031 66.0
v 117.4771957397461 117.0 67.0
v 118.0 117.0 66.47522735595703
v 117.47724151611328 118.0 55.0
v 118.0 118.0 55.523807525634766
v 118.0 117.50296020507812 56.0
v 117.5 118.0 67.0
v 118.0 118.0 66.49903106689453
v 117.5 119.0 55.0
v 118.0 119.0 55.50096893310547
v 117.5 119.0 67.0
v 118.0 119.0 66.49907684326172
v 117.4771957397461 120.0 55.0
v 118.0 120.0 55.52477264404297
v 117.4771957397461 120.0 67.0
v 118.0 120.0 66.47618865966797
v 117.50092315673828 121.0 56.0
v 118.0 120.47618103027344 56.0
v 117.54469299316406 121.0 57.0
v 118.0 120.52289581298828 57.0
v 118.0 121.0 57.477108001708984
v 117.5683364868164 121.0 60.0
v 118.0 120.54774475097656 60.0
v 118.0 121.0 59.54679489135742
v 117.54570007324219 121.0 61.0
v 118.0 120.54486083984375 61.0
v 118.0 121.0 61.51985549926758
v 117.5683364868164 121.0 63.0
v 118.0 120.5683364868164 63.0
v 118.0 121.0 62.50230026245117
v 118.0 121.0 63.49769973754883
v 117.54385375976562 121.0 65.0
v 118.0 120.54300689697266 65.0
v 118.0 121.0 64.47913360595703
v 117.47823333740234 121.0 66.0
v 118.0 120.47627258300781 66.0
v 117.4552993774414 122.0 55.0
v 117.4991455078125 122.0 56.0
v 117.52193450927734 122.0 57.0
v 118.0 122.0 57.5
v 118.0 121.47591400146484 60.0
v 118.0 122.0 60.47895812988281
v 117.52193450927734 122.0 61.0
v 118.0 121.45545196533203 62.0
v 117.52009582519531 122.0 62.0
v 117.50086212158203 122.0 63.0
v 118.0 121.45453643798828 64.0
v 117.49908447265625 122.0 64.0
v 117.45714569091797 122.0 65.0
v 117.45625305175781 123.0 55.0
v 117.4991455078125 123.0 56.0
v 117.52101135253906 123.0 57.0
v 118.0 123.0 57.52193069458008
v 117.52285766601562 123.0 61.0
v 118.0 123.0 60.5009651184082
v 117.501708984375 123.0 62.0
v 117.5 123.0 63.0
v 117.47898864746094 124.0 56.0
v 117.5008544921875 124.0 57.0
v 118.0 123.5 58.0
v 117.543701171875 124.0 58.0
v 118.0 124.0 58.47807312011719
v 117.54401397705078 124.0 61.0
v 118.0 124.0 60.52389907836914
v 117.52376556396484 124.0 62.0
v 118.0 124.0 62.500972747802734
v 118.0 123.52381896972656 63.0
v 118.0 123.56881713867188 64.0
v 117.52529907226562 124.0 64.0
v 118.0 124.0 64.42952728271484
v 117.45530700683594 125.0 56.0
v 117.47807312011719 125.0 57.0
v 117.5 125.0 58.0
v 118.0 125.0 58.52389907836914
v 117.49996185302734 125.0 61.0
v 118.0 125.0 60.498023986816406
v 118.0 125.0 62.522056579589844
v 118.0 125.0 64.45413208007812
v 117.45358276367188 126.0 59.0
v 118.0 125.47431182861328 59.0
v 118.0 125.4561767578125 60.0
v 118.0 125.4752197265625 63.0
v 117.45124816894531 126.0 63.0
v 117.49718475341797 126.0 64.0
v 118.0 125.47412109375 64.0
v 117.43036651611328 126.0 65.0
v 118.456298828125 115.0 60.0
v 118.47806549072266 115.0 61.0
v 118.47807312011719 115.0 62.0
v 118.456298828125 115.0 63.0
v 118.45625305175781 116.0 58.0
v 118.47898864746094 116.0 59.0
v 118.4991455078125 116.0 60.0
v 118.5008544921875 116.0 61.0
v 118.52101135253906 116.0 62.0
v 118.52015686035156 116.0 63.0
v 118.45813751220703 116.0 64.0
v 118.45724487304688 117.0 57.0
v 118.4991455078125 117.0 58.0
v 118.5 117.0 59.0
v 118.5 117.0 60.0
v 118.52101135253906 117.0 61.0
v 119.0 117.0 61.52289581298828
v 119.0 116.52289581298828 62.0
v 119.0 116.52293395996094 63.0
v 119.0 117.0 63.47706604003906
v 118.52015686035156 117.0 64.0
v 118.47898864746094 117.0 65.0
v 118.45526123046875 117.0 66.0
v 118.45625305175781 118.0 56.0
v 118.4991455078125 118.0 57.0
v 118.5008544921875 118.0 58.0
v 118.52101135253906 118.0 59.0
v 118.52192687988281 118.0 60.0
v 118.54469299316406 118.0 61.0
v 119.0 118.0 61.477108001708984
v 118.543701171875 118.0 64.0
v 119.0 118.0 63.52192687988281
v 118.5008544921875 118.0 65.0
v 118.47806549072266 118.0 66.0
v 118.47806549072266 119.0 56.0
v 118.5 119.0 57.0
v 118.52009582519531 119.0 58.0
v 119.0 119.0 58.54780197143555
v 119.0 118.54692840576172 59.0
v 119.0 118.52201080322266 60.0
v 119.0 118.47798919677734 61.0
v 119.0 118.49903869628906 64.0
v 119.0 119.0 64.49999237060547
v 118.5427017211914 119.0 65.0
v 118.47891998291016 119.0 66.0
v 118.45526123046875 120.0 56.0
v 118.47898864746094 120.0 57.0
v 118.5 120.0 58.0
v 119.0 119.45303344726562 59.0
v 118.52015686035156 120.0 59.0
v 118.52275848388672 120.0 60.0
v 119.0 119.4980239868164 60.0
v 119.0 120.0 60.502017974853516
v 119.0 119.52610778808594 65.0
v 119.0 120.0 65.4502944946289
v 118.47528076171875 120.0 66.0
v 118.47898864746094 121.0 58.0
v 118.47990417480469 121.0 59.0
v 119.0 120.45613861083984 61.0
v 118.45449829101562 121.0 62.0
v 119.0 120.4971923828125 62.0
v 119.0 120.47881317138672 63.0
v 118.45449829101562 121.0 64.0
v 119.0 120.49630737304688 64.0
v 119.0 120.4322509765625 65.0
v 118.47806549072266 122.0 58.0
v 118.4991455078125 122.0 59.0
v 118.456298828125 122.0 60.0
v 118.456298828125 123.0 58.0
v 118.4991455078125 123.0 59.0
v 118.47891998291016 123.0 60.0
v 118.47898864746094 124.0 59.0
v 118.49907684326172 124.0 60.0
v 118.52540588378906 124.0 61.0
v 119.0 124.0 60.55009841918945
v 119.0 123.57069396972656 61.0
v 119.0 123.57157135009766 62.0
v 118.52734375 124.0 62.0
v 118.47518157958984 124.0 63.0
v 119.0 124.0 62.44894790649414
v 118.4303207397461 124.0 64.0
v 118.45521545410156 125.0 59.0
v 118.47522735595703 125.0 60.0
v 119.0 125.0 60.55105209350586
v 118.52838897705078 125.0 61.0
v 118.5483169555664 125.0 62.0
v 118.47518157958984 125.0 63.0
v 119.0 125.0 62.448944091796875
v 118.45333099365234 125.0 64.0
v 119.0 125.42842864990234 61.0
v 119.0 125.42842864990234 62.0
v 119.4552993774414 117.0 62.0
v 119.4552993774414 117.0 63.0
v 119.47898864746094 118.0 62.0
v 119.47898864746094 118.0 63.0
v 119.43063354492188 119.0 59.0
v 119.4552993774414 119.0 60.0
v 119.47806549072266 119.0 61.0
v 119.4991455078125 119.0 62.0
v 119.4991455078125 119.0 63.0
v 119.45729064941406 119.0 64.0
v 119.45529174804688 120.0 61.0
v 119.47798919677734 120.0 62.0
v 119.47718048095703 120.0 63.0
v 119.47706604003906 120.0 64.0
v 119.43062591552734 120.0 65.0
v 119.42926788330078 124.0 61.0
v 119.42921447753906 124.0 62.0
v 119.42921447753906 125.0 61.0
v 119.42921447753906 125.0 62.0
f 3 2 1
f 1 4 3
f 2 5 1
f 1 5 4
f 8 7 6
f 10 9 6
f 6 9 8
f 12 11 10
f 10 11 9
f 14 13 12
f 12 13 11
f 16 15 14
f 14 15 13
f 18 17 16
f 16 17 15
f 20 19 18
f 18 19 17
f 20 21 19
f 6 7 22
f 22 7 23
f 6 24 10
f 6 22 24
f 10 25 12
f 10 24 25
f 12 26 14
f 12 25 26
f 26 2 3
f 16 26 3
f 14 26 16
f 16 3 4
f 27 16 4
f 18 16 27
f 18 28 20
f 18 27 28
f 21 20 29
f 20 30 29
f 20 28 30
f 30 31 29
f 23 32 22
f 34 33 32
f 33 22 32
f 33 24 22
f 24 35 25
f 24 33 35
f 25 36 26
f 25 35 36
f 37 5 2
f 26 37 2
f 36 37 26
f 27 4 5
f 37 27 5
f 38 27 37
f 27 39 28
f 27 38 39
f 28 40 30
f 28 39 40
f 31 30 41
f 41 30 40
f 33 34 42
f 42 34 43
f 33 44 35
f 33 42 44
f 35 45 36
f 35 44 45
f 36 46 37
f 36 45 46
f 37 47 38
f 37 46 47
f 38 48 39
f 38 47 48
f 39 49 40
f 39 48 49
f 41 40 50
f 40 51 50
f 40 49 51
f 51 52 50
f 43 53 42
f 42 53 44
f 44 53 54
f 56 55 54
f 55 44 54
f 55 45 44
f 45 57 46
f 45 55 57
f 46 58 47
f 46 57 58
f 47 59 48
f 47 58 59
f 48 60 49
f 48 59 60
f 62 51 61
f 51 60 61
f 51 49 60
f 51 62 52
f 56 63 55
f 55 63 57
f 57 63 64
f 66 65 64
f 65 57 64
f 65 58 57
f 58 67 59
f 58 65 67
f 59 68 60
f 59 67 68
f 61 60 69
f 69 60 68
f 66 70 65
f 72 71 70
f 71 65 70
f 71 67 65
f 67 73 68
f 67 71 73
f 69 68 74
f 74 68 73
f 72 75 71
f 71 75 73
f 73 75 76
f 73 76 74
f 79 78 77
f 81 80 77
f 77 80 79
f 83 82 81
f 81 82 80
f 83 84 82
f 77 78 85
f 85 78 86
f 77 87 81
f 77 85 87
f 81 88 83
f 81 87 88
f 84 83 89
f 89 83 88
f 85 86 90
f 90 86 91
f 85 92 87
f 85 90 92
f 87 93 88
f 87 92 93
f 89 88 94
f 88 95 94
f 88 93 95
f 97 96 95
f 95 96 94
f 99 98 97
f 97 98 96
f 99 100 98
f 90 91 101
f 101 91 102
f 90 103 92
f 90 101 103
f 92 104 93
f 92 103 104
f 93 105 95
f 93 104 105
f 95 106 97
f 95 105 106
f 97 107 99
f 97 106 107
f 100 99 108
f 108 99 107
f 111 110 109
f 7 8 109
f 8 111 109
f 8 112 111
f 9 101 102
f 112 9 102
f 8 9 112
f 101 9 11
f 101 11 103
f 103 11 13
f 103 13 104
f 104 13 15
f 104 15 105
f 105 15 17
f 105 17 106
f 106 17 19
f 106 19 107
f 114 113 21
f 21 113 19
f 113 108 19
f 108 107 19
f 116 115 114
f 114 115 113
f 116 117 115
f 109 110 118
f 118 110 119
f 118 23 7
f 118 7 109
f 29 114 21
f 114 29 31
f 120 114 31
f 116 114 120
f 117 116 121
f 116 122 121
f 116 120 122
f 122 123 121
f 118 119 124
f 124 119 125
f 126 32 23
f 118 126 23
f 124 126 118
f 126 34 32
f 41 127 120
f 41 120 31
f 120 128 122
f 120 127 128
f 123 122 129
f 122 130 129
f 122 128 130
f 130 131 129
f 125 132 124
f 134 133 132
f 133 124 132
f 133 126 124
f 133 43 34
f 133 34 126
f 50 127 41
f 127 50 52
f 135 127 52
f 128 127 135
f 128 136 130
f 128 135 136
f 131 130 137
f 137 130 136
f 133 134 138
f 138 134 139
f 140 53 43
f 133 140 43
f 138 140 133
f 141 54 53
f 141 53 140
f 141 56 54
f 61 142 62
f 135 52 62
f 142 135 62
f 143 135 142
f 135 144 136
f 135 143 144
f 137 136 145
f 145 136 144
f 148 147 146
f 149 138 139
f 146 150 148
f 152 151 149
f 151 138 149
f 151 140 138
f 140 153 141
f 140 151 153
f 154 63 56
f 141 154 56
f 153 154 141
f 155 64 63
f 155 63 154
f 155 66 64
f 69 156 142
f 69 142 61
f 142 157 143
f 142 156 157
f 143 158 144
f 143 157 158
f 145 144 159
f 159 144 158
f 147 160 146
f 146 160 150
f 152 161 151
f 163 162 161
f 162 151 161
f 162 153 151
f 153 164 154
f 153 162 164
f 154 165 155
f 154 164 165
f 166 70 66
f 155 166 66
f 165 166 155
f 166 72 70
f 74 167 156
f 74 156 69
f 156 168 157
f 156 167 168
f 170 158 169
f 158 168 169
f 158 157 168
f 158 170 159
f 163 171 162
f 162 171 164
f 164 171 172
f 174 173 172
f 173 164 172
f 173 165 164
f 165 175 166
f 165 173 175
f 176 75 72
f 166 176 72
f 175 176 166
f 177 76 75
f 177 75 176
f 167 74 76
f 177 167 76
f 178 167 177
f 180 168 179
f 168 178 179
f 168 167 178
f 168 180 169
f 183 182 181
f 185 184 181
f 181 184 183
f 184 185 174
f 185 173 174
f 185 186 173
f 173 187 175
f 173 186 187
f 175 188 176
f 175 187 188
f 176 189 177
f 176 188 189
f 177 190 178
f 177 189 190
f 179 178 191
f 178 192 191
f 178 190 192
f 194 193 192
f 192 193 191
f 194 195 193
f 182 196 181
f 198 197 196
f 197 181 196
f 197 185 181
f 185 199 186
f 185 197 199
f 186 200 187
f 186 199 200
f 187 201 188
f 187 200 201
f 188 202 189
f 188 201 202
f 189 203 190
f 189 202 203
f 190 204 192
f 190 203 204
f 192 205 194
f 192 204 205
f 195 194 206
f 206 194 205
f 198 207 197
f 209 208 207
f 208 197 207
f 208 199 197
f 199 210 200
f 199 208 210
f 200 211 201
f 200 210 211
f 201 212 202
f 201 211 212
f 202 213 203
f 202 212 213
f 203 214 204
f 203 213 214
f 216 205 215
f 205 214 215
f 205 204 214
f 205 216 206
f 209 217 208
f 208 217 210
f 210 217 218
f 210 218 211
f 211 218 219
f 221 220 219
f 220 211 219
f 220 212 211
f 223 213 222
f 213 220 222
f 213 212 220
f 213 223 214
f 214 223 224
f 214 224 215
f 221 225 220
f 220 225 222
f 228 227 226
f 230 229 226
f 226 229 228
f 232 231 230
f 230 231 229
f 232 233 231
f 236 235 234
f 236 234 227
f 234 226 227
f 234 237 226
f 226 238 230
f 226 237 238
f 230 239 232
f 230 238 239
f 233 232 240
f 232 241 240
f 232 239 241
f 241 242 240
f 245 244 243
f 245 243 235
f 243 234 235
f 243 246 234
f 246 78 79
f 237 246 79
f 234 246 237
f 237 79 80
f 237 80 238
f 238 80 82
f 238 82 239
f 239 82 84
f 247 239 84
f 241 239 247
f 242 241 248
f 241 249 248
f 241 247 249
f 249 250 248
f 253 252 251
f 251 254 253
f 243 244 255
f 255 244 256
f 243 257 246
f 243 255 257
f 257 86 78
f 257 78 246
f 89 258 247
f 89 247 84
f 247 259 249
f 247 258 259
f 250 249 260
f 249 261 260
f 249 259 261
f 260 261 252
f 261 251 252
f 261 262 251
f 254 251 263
f 263 251 262
f 255 256 264
f 264 256 265
f 255 266 257
f 255 264 266
f 266 91 86
f 266 86 257
f 94 258 89
f 258 94 96
f 258 96 259
f 259 96 98
f 259 98 261
f 261 98 100
f 267 261 100
f 262 261 267
f 263 262 268
f 268 262 267
f 264 265 269
f 269 265 270
f 264 271 266
f 264 269 271
f 271 102 91
f 271 91 266
f 108 272 267
f 108 267 100
f 268 267 273
f 267 274 273
f 267 272 274
f 274 275 273
f 278 277 276
f 280 279 276
f 276 279 278
f 279 280 270
f 270 280 269
f 280 110 269
f 110 111 269
f 269 111 112
f 269 112 271
f 271 112 102
f 113 272 108
f 272 113 115
f 272 115 274
f 282 281 117
f 117 281 115
f 281 275 115
f 275 274 115
f 284 283 282
f 282 283 281
f 284 285 283
f 276 277 286
f 286 277 287
f 276 288 280
f 276 286 288
f 288 119 110
f 288 110 280
f 121 282 117
f 282 121 123
f 289 282 123
f 284 282 289
f 285 284 290
f 284 291 290
f 284 289 291
f 291 292 290
f 286 287 293
f 293 287 294
f 286 295 288
f 286 293 295
f 295 125 119
f 295 119 288
f 129 289 123
f 289 129 131
f 296 289 131
f 291 289 296
f 292 291 297
f 297 291 296
f 293 294 298
f 298 294 299
f 293 300 295
f 293 298 300
f 301 132 125
f 295 301 125
f 300 301 295
f 301 134 132
f 137 302 296
f 137 296 131
f 297 296 303
f 303 296 302
f 299 304 298
f 306 305 304
f 305 298 304
f 305 300 298
f 300 307 301
f 300 305 307
f 307 139 134
f 307 134 301
f 145 308 302
f 145 302 137
f 303 302 309
f 309 302 308
f 305 306 310
f 310 306 311
f 310 147 148
f 307 310 148
f 305 310 307
f 312 148 150
f 312 307 148
f 312 149 139
f 307 312 139
f 312 152 149
f 159 313 308
f 159 308 145
f 309 308 314
f 314 308 313
f 317 316 315
f 317 315 311
f 315 310 311
f 315 318 310
f 319 160 147
f 310 319 147
f 318 319 310
f 312 150 160
f 319 312 160
f 320 312 319
f 321 161 152
f 312 321 152
f 320 321 312
f 321 163 161
f 169 322 170
f 313 159 170
f 322 313 170
f 323 313 322
f 314 313 324
f 324 313 323
f 316 325 315
f 315 325 318
f 318 325 326
f 318 326 319
f 319 326 327
f 319 327 320
f 320 327 328
f 330 329 328
f 329 320 328
f 329 321 320
f 331 171 163
f 321 331 163
f 329 331 321
f 332 172 171
f 332 171 331
f 332 174 172
f 179 333 180
f 322 169 180
f 333 322 180
f 334 322 333
f 322 335 323
f 322 334 335
f 324 323 336
f 336 323 335
f 339 338 337
f 341 340 337
f 337 340 339
f 343 342 341
f 341 342 340
f 342 343 330
f 343 329 330
f 343 344 329
f 344 182 183
f 331 344 183
f 329 344 331
f 331 183 184
f 331 184 332
f 332 184 174
f 191 333 179
f 333 191 193
f 333 193 334
f 334 193 195
f 345 334 195
f 335 334 345
f 336 335 346
f 335 347 346
f 335 345 347
f 347 348 346
f 338 349 337
f 337 349 341
f 341 349 350
f 352 351 350
f 351 341 350
f 351 343 341
f 343 353 344
f 343 351 353
f 354 196 182
f 344 354 182
f 353 354 344
f 354 198 196
f 206 355 345
f 206 345 195
f 357 347 356
f 347 355 356
f 347 345 355
f 347 357 348
f 352 358 351
f 360 359 358
f 359 351 358
f 359 353 351
f 353 361 354
f 353 359 361
f 362 207 198
f 354 362 198
f 361 362 354
f 362 209 207
f 215 363 216
f 355 206 216
f 363 355 216
f 364 355 363
f 356 355 365
f 365 355 364
f 360 366 359
f 368 367 366
f 367 359 366
f 367 361 359
f 361 369 362
f 361 367 369
f 370 217 209
f 362 370 209
f 369 370 362
f 371 218 217
f 371 217 370
f 372 219 218
f 372 218 371
f 372 221 219
f 222 373 223
f 374 224 223
f 374 223 373
f 363 215 224
f 374 363 224
f 375 363 374
f 377 364 376
f 364 375 376
f 364 363 375
f 364 377 365
f 368 378 367
f 380 379 378
f 379 367 378
f 379 369 367
f 369 381 370
f 369 379 381
f 370 382 371
f 370 381 382
f 371 383 372
f 371 382 383
f 384 225 221
f 372 384 221
f 383 384 372
f 373 222 225
f 384 373 225
f 385 373 384
f 373 386 374
f 373 385 386
f 388 375 387
f 375 386 387
f 375 374 386
f 375 388 376
f 380 389 379
f 379 389 381
f 381 389 390
f 392 391 390
f 391 381 390
f 391 382 381
f 382 393 383
f 382 391 393
f 383 394 384
f 383 393 394
f 384 395 385
f 384 394 395
f 397 386 396
f 386 395 396
f 386 385 395
f 386 397 387
f 392 398 391
f 400 399 398
f 399 391 398
f 399 393 391
f 393 401 394
f 393 399 401
f 403 395 402
f 395 401 402
f 395 394 401
f 395 403 396
f 399 400 404
f 404 400 405
f 407 401 406
f 401 404 406
f 401 399 404
f 401 407 402
f 405 408 404
f 404 408 406
f 411 410 409
f 409 412 411
f 415 414 413
f 416 409 410
f 413 417 415
f 409 416 412
f 420 419 418
f 422 421 418
f 418 421 420
f 421 422 414
f 422 413 414
f 422 423 413
f 417 413 424
f 424 413 423
f 427 426 425
f 429 428 425
f 425 428 427
f 429 430 428
f 418 419 431
f 431 419 432
f 418 433 422
f 418 431 433
f 422 434 423
f 422 433 434
f 424 423 435
f 423 436 435
f 423 434 436
f 435 436 426
f 426 436 425
f 436 227 425
f 227 228 425
f 425 228 229
f 425 229 429
f 437 430 429
f 229 437 429
f 231 437 229
f 439 438 233
f 438 231 233
f 438 437 231
f 441 440 439
f 439 440 438
f 443 442 441
f 441 442 440
f 443 444 442
f 431 432 445
f 445 432 446
f 431 447 433
f 431 445 447
f 433 448 434
f 433 447 448
f 448 235 236
f 436 448 236
f 434 448 436
f 436 236 227
f 240 439 233
f 439 240 242
f 449 439 242
f 441 439 449
f 441 450 443
f 441 449 450
f 444 443 451
f 443 452 451
f 443 450 452
f 452 453 451
f 446 454 445
f 456 455 454
f 455 445 454
f 455 447 445
f 455 244 245
f 448 455 245
f 447 455 448
f 448 245 235
f 248 449 242
f 449 248 250
f 457 449 250
f 450 449 457
f 457 252 253
f 452 457 253
f 450 457 452
f 459 458 254
f 254 458 253
f 458 453 253
f 453 452 253
f 459 460 458
f 463 462 461
f 463 461 456
f 461 455 456
f 461 464 455
f 464 256 244
f 464 244 455
f 260 457 250
f 457 260 252
f 263 465 459
f 263 459 254
f 460 459 466
f 459 467 466
f 459 465 467
f 467 468 466
f 461 462 469
f 469 462 470
f 461 471 464
f 461 469 471
f 471 265 256
f 471 256 464
f 268 472 465
f 268 465 263
f 465 473 467
f 465 472 473
f 468 467 474
f 474 467 473
f 477 476 475
f 479 478 475
f 475 478 477
f 478 479 470
f 479 469 470
f 479 480 469
f 469 481 471
f 469 480 481
f 481 270 265
f 481 265 471
f 273 472 268
f 472 273 275
f 482 472 275
f 473 472 482
f 474 473 483
f 473 484 483
f 473 482 484
f 486 485 484
f 484 485 483
f 486 487 485
f 476 488 475
f 490 489 488
f 489 475 488
f 489 479 475
f 489 277 278
f 480 489 278
f 479 489 480
f 480 278 279
f 480 279 481
f 481 279 270
f 281 482 275
f 482 281 283
f 482 283 484
f 484 283 285
f 491 484 285
f 486 484 491
f 487 486 492
f 486 493 492
f 486 491 493
f 493 494 492
f 489 490 495
f 495 490 496
f 495 287 277
f 495 277 489
f 290 491 285
f 491 290 292
f 497 491 292
f 493 491 497
f 494 493 498
f 498 493 497
f 495 496 499
f 499 496 500
f 499 294 287
f 499 287 495
f 297 501 497
f 297 497 292
f 498 497 502
f 502 497 501
f 499 500 503
f 503 500 504
f 503 299 294
f 503 294 499
f 303 505 501
f 303 501 297
f 502 501 506
f 506 501 505
f 503 504 507
f 507 504 508
f 509 304 299
f 503 509 299
f 507 509 503
f 509 306 304
f 309 510 505
f 309 505 303
f 506 505 511
f 505 512 511
f 505 510 512
f 512 513 511
f 507 508 514
f 514 508 515
f 507 516 509
f 507 514 516
f 516 311 306
f 516 306 509
f 314 517 510
f 314 510 309
f 519 512 518
f 512 517 518
f 512 510 517
f 512 519 513
f 515 520 514
f 521 316 317
f 514 521 317
f 516 514 317
f 520 521 514
f 516 317 311
f 324 522 517
f 324 517 314
f 518 517 523
f 523 517 522
f 325 316 524
f 316 525 524
f 316 521 525
f 526 326 325
f 526 325 524
f 527 327 326
f 527 326 526
f 528 328 327
f 528 327 527
f 528 330 328
f 336 529 522
f 336 522 324
f 523 522 530
f 530 522 529
f 524 525 531
f 531 525 532
f 531 338 339
f 526 531 339
f 524 531 526
f 526 339 340
f 526 340 527
f 527 340 342
f 527 342 528
f 528 342 330
f 346 529 336
f 534 533 348
f 348 533 346
f 533 530 346
f 530 529 346
f 534 535 533
f 532 536 531
f 536 538 537
f 536 537 349
f 531 536 349
f 338 531 349
f 539 350 349
f 539 349 537
f 539 352 350
f 356 540 357
f 540 541 357
f 357 541 348
f 541 542 348
f 542 534 348
f 534 542 535
f 537 538 543
f 543 538 544
f 537 545 539
f 537 543 545
f 546 358 352
f 539 546 352
f 545 546 539
f 546 360 358
f 365 547 540
f 365 540 356
f 541 540 548
f 548 540 547
f 544 549 543
f 543 549 545
f 545 549 550
f 552 551 550
f 551 545 550
f 551 546 545
f 553 366 360
f 546 553 360
f 551 553 546
f 553 368 366
f 376 554 377
f 547 365 377
f 554 547 377
f 555 547 554
f 548 547 556
f 556 547 555
f 552 557 551
f 559 558 557
f 558 551 557
f 558 553 551
f 560 378 368
f 553 560 368
f 558 560 553
f 560 380 378
f 387 561 388
f 554 376 388
f 561 554 388
f 562 554 561
f 564 555 563
f 555 562 563
f 555 554 562
f 555 564 556
f 558 559 565
f 565 559 566
f 558 567 560
f 558 565 567
f 568 389 380
f 560 568 380
f 567 568 560
f 569 390 389
f 569 389 568
f 569 392 390
f 396 570 397
f 561 387 397
f 570 561 397
f 571 561 570
f 573 562 572
f 562 571 572
f 562 561 571
f 562 573 563
f 566 574 565
f 565 574 567
f 567 574 575
f 577 576 575
f 576 567 575
f 576 568 567
f 568 578 569
f 568 576 578
f 579 398 392
f 569 579 392
f 578 579 569
f 579 400 398
f 402 580 403
f 570 396 403
f 580 570 403
f 581 570 580
f 583 571 582
f 571 581 582
f 571 570 581
f 571 583 572
f 577 584 576
f 586 585 584
f 585 576 584
f 585 578 576
f 578 587 579
f 578 585 587
f 587 405 400
f 587 400 579
f 406 588 407
f 580 402 407
f 588 580 407
f 589 580 588
f 591 581 590
f 581 589 590
f 581 580 589
f 581 591 582
f 586 592 585
f 594 593 592
f 593 585 592
f 593 587 585
f 595 408 405
f 587 595 405
f 593 595 587
f 588 406 408
f 595 588 408
f 596 588 595
f 598 589 597
f 589 596 597
f 589 588 596
f 589 598 590
f 594 599 593
f 593 599 595
f 595 599 600
f 595 600 596
f 596 600 601
f 596 601 597
f 604 603 602
f 606 605 602
f 602 605 604
f 608 607 606
f 606 607 605
f 610 609 608
f 608 609 607
f 612 611 610
f 610 611 609
f 410 411 612
f 411 611 612
f 411 613 611
f 615 614 412
f 614 411 412
f 614 613 411
f 615 616 614
f 602 603 617
f 617 603 618
f 602 619 606
f 602 617 619
f 606 620 608
f 606 619 620
f 608 621 610
f 608 620 621
f 621 414 415
f 612 621 415
f 610 621 612
f 622 415 417
f 622 612 415
f 622 416 410
f 612 622 410
f 615 412 416
f 622 615 416
f 623 615 622
f 616 615 624
f 615 625 624
f 615 623 625
f 627 626 625
f 625 626 624
f 627 628 626
f 631 630 629
f 629 632 631
f 617 618 633
f 633 618 634
f 617 635 619
f 617 633 635
f 635 419 420
f 620 635 420
f 619 635 620
f 620 420 421
f 620 421 621
f 621 421 414
f 424 636 622
f 424 622 417
f 636 426 427
f 623 636 427
f 622 636 623
f 623 427 428
f 623 428 625
f 625 428 430
f 637 625 430
f 627 625 637
f 628 627 638
f 627 639 638
f 627 637 639
f 638 639 630
f 639 629 630
f 639 640 629
f 632 629 641
f 629 642 641
f 629 640 642
f 644 643 642
f 642 643 641
f 644 645 643
f 648 647 646
f 648 646 634
f 646 633 634
f 646 649 633
f 633 650 635
f 633 649 650
f 650 432 419
f 650 419 635
f 435 636 424
f 636 435 426
f 437 637 430
f 637 437 438
f 637 438 639
f 639 438 440
f 639 440 640
f 640 440 442
f 640 442 642
f 642 442 444
f 651 642 444
f 644 642 651
f 645 644 652
f 644 653 652
f 644 651 653
f 653 654 652
f 646 647 655
f 655 647 656
f 646 657 649
f 646 655 657
f 649 658 650
f 649 657 658
f 658 446 432
f 658 432 650
f 451 651 444
f 651 451 453
f 659 651 453
f 653 651 659
f 654 653 660
f 653 661 660
f 653 659 661
f 661 662 660
f 656 663 655
f 665 664 663
f 664 655 663
f 664 657 655
f 657 666 658
f 657 664 666
f 667 454 446
f 658 667 446
f 666 667 658
f 667 456 454
f 458 659 453
f 659 458 460
f 668 659 460
f 661 659 668
f 662 661 669
f 669 661 668
f 664 665 670
f 670 665 671
f 664 672 666
f 664 670 672
f 672 462 463
f 667 672 463
f 666 672 667
f 667 463 456
f 466 668 460
f 674 673 468
f 468 673 466
f 673 669 466
f 669 668 466
f 674 675 673
f 670 671 676
f 676 671 677
f 670 678 672
f 670 676 678
f 678 470 462
f 678 462 672
f 474 679 674
f 474 674 468
f 675 674 680
f 674 681 680
f 674 679 681
f 681 682 680
f 685 684 683
f 685 683 677
f 677 683 676
f 683 476 676
f 476 477 676
f 676 477 478
f 676 478 678
f 678 478 470
f 483 679 474
f 679 483 485
f 679 485 681
f 687 686 487
f 487 686 485
f 686 682 485
f 682 681 485
f 687 688 686
f 683 684 689
f 689 684 690
f 691 488 476
f 683 691 476
f 689 691 683
f 691 490 488
f 492 687 487
f 492 494 687
f 494 688 687
f 494 692 688
f 690 693 689
f 695 694 693
f 694 689 693
f 694 691 689
f 694 496 490
f 694 490 691
f 498 697 696
f 692 498 696
f 494 498 692
f 697 698 696
f 701 700 699
f 701 699 695
f 699 694 695
f 699 702 694
f 702 500 496
f 702 496 694
f 502 703 697
f 502 697 498
f 698 697 704
f 704 697 703
f 707 706 705
f 705 708 707
f 700 709 699
f 711 710 709
f 710 699 709
f 710 702 699
f 710 504 500
f 710 500 702
f 506 712 703
f 506 703 502
f 704 703 713
f 703 714 713
f 703 712 714
f 714 715 713
f 705 706 716
f 716 706 717
f 708 705 718
f 705 719 718
f 705 716 719
f 719 720 718
f 710 711 721
f 721 711 722
f 721 508 504
f 721 504 710
f 511 712 506
f 712 511 513
f 723 712 513
f 714 712 723
f 715 714 724
f 724 714 723
f 717 725 716
f 716 725 719
f 719 725 726
f 719 726 720
f 721 722 727
f 727 722 728
f 727 515 508
f 727 508 721
f 518 729 519
f 729 730 519
f 519 730 513
f 730 731 513
f 731 723 513
f 723 731 724
f 727 728 732
f 732 728 733
f 734 520 515
f 727 734 515
f 732 734 727
f 734 521 520
f 523 735 729
f 523 729 518
f 730 729 736
f 729 737 736
f 729 735 737
f 737 738 736
f 733 739 732
f 741 740 739
f 740 732 739
f 740 734 732
f 740 525 521
f 740 521 734
f 530 742 735
f 530 735 523
f 744 737 743
f 737 742 743
f 737 735 742
f 737 744 738
f 740 741 745
f 745 741 746
f 745 532 525
f 745 525 740
f 533 742 530
f 748 747 535
f 535 747 533
f 747 743 533
f 743 742 533
f 748 749 747
f 745 746 750
f 750 746 751
f 752 536 532
f 745 752 532
f 750 752 745
f 752 538 536
f 541 753 542
f 753 754 542
f 542 754 535
f 754 755 535
f 755 748 535
f 748 755 749
f 751 756 750
f 758 757 756
f 757 750 756
f 757 752 750
f 757 544 538
f 757 538 752
f 548 759 753
f 548 753 541
f 754 753 760
f 760 753 759
f 757 758 761
f 761 758 762
f 763 549 544
f 757 763 544
f 761 763 757
f 764 550 549
f 764 549 763
f 764 552 550
f 766 765 759
f 548 766 759
f 556 766 548
f 759 765 760
f 762 767 761
f 769 768 767
f 768 761 767
f 768 763 761
f 763 770 764
f 763 768 770
f 771 557 552
f 764 771 552
f 770 771 764
f 771 559 557
f 563 772 564
f 772 773 564
f 773 556 564
f 773 766 556
f 769 774 768
f 776 775 774
f 775 768 774
f 775 770 768
f 770 777 771
f 770 775 777
f 777 566 559
f 777 559 771
f 572 778 573
f 778 779 573
f 573 779 563
f 779 780 563
f 780 772 563
f 772 780 773
f 776 781 775
f 783 782 781
f 782 775 781
f 782 777 775
f 784 574 566
f 777 784 566
f 782 784 777
f 785 575 574
f 785 574 784
f 785 577 575
f 582 786 583
f 786 787 583
f 583 787 572
f 787 788 572
f 788 778 572
f 778 788 779
f 783 789 782
f 791 790 789
f 790 782 789
f 790 784 782
f 793 785 792
f 785 790 792
f 785 784 790
f 793 795 794
f 793 794 584
f 785 793 584
f 577 785 584
f 794 586 584
f 590 796 591
f 796 797 591
f 591 797 582
f 797 798 582
f 798 786 582
f 786 798 787
f 791 799 790
f 790 799 792
f 795 800 794
f 800 802 801
f 800 801 592
f 794 800 592
f 586 794 592
f 801 594 592
f 597 803 598
f 796 590 598
f 803 796 598
f 804 796 803
f 797 796 805
f 805 796 804
f 801 802 806
f 806 802 807
f 808 599 594
f 801 808 594
f 806 808 801
f 809 600 599
f 809 599 808
f 810 601 600
f 810 600 809
f 803 597 601
f 810 803 601
f 811 803 810
f 803 812 804
f 803 811 812
f 805 804 813
f 813 804 812
f 807 814 806
f 816 815 814
f 815 806 814
f 815 808 806
f 808 817 809
f 808 815 817
f 809 818 810
f 809 817 818
f 820 811 819
f 811 818 819
f 811 810 818
f 811 820 812
f 812 820 821
f 812 821 813
f 816 822 815
f 815 822 817
f 817 822 823
f 817 823 818
f 818 823 824
f 818 824 819
f 827 826 825
f 829 828 825
f 825 828 827
f 829 830 828
f 833 832 831
f 835 834 831
f 831 834 833
f 837 836 835
f 835 836 834
f 839 838 837
f 837 838 836
f 841 840 839
f 839 840 838
f 843 842 841
f 841 842 840
f 842 843 826
f 843 825 826
f 843 844 825
f 825 845 829
f 825 844 845
f 830 829 846
f 829 847 846
f 829 845 847
f 849 848 847
f 847 848 846
f 851 850 849
f 849 850 848
f 851 852 850
f 831 832 853
f 853 832 854
f 831 855 835
f 831 853 855
f 855 603 604
f 837 855 604
f 835 855 837
f 837 604 605
f 837 605 839
f 839 605 607
f 839 607 841
f 841 607 609
f 841 609 843
f 843 609 611
f 843 611 844
f 844 611 613
f 844 613 845
f 845 613 614
f 845 614 847
f 847 614 616
f 856 847 616
f 849 847 856
f 849 857 851
f 849 856 857
f 852 851 858
f 851 859 858
f 851 857 859
f 861 860 859
f 859 860 858
f 863 862 861
f 861 862 860
f 865 864 863
f 863 864 862
f 865 866 864
f 869 868 867
f 869 867 854
f 867 853 854
f 867 870 853
f 853 871 855
f 853 870 871
f 871 618 603
f 871 603 855
f 624 856 616
f 856 624 626
f 856 626 857
f 857 626 628
f 872 857 628
f 859 857 872
f 872 630 631
f 861 872 631
f 859 872 861
f 861 631 632
f 873 861 632
f 863 861 873
f 863 874 865
f 863 873 874
f 866 865 875
f 865 876 875
f 865 874 876
f 876 877 875
f 867 868 878
f 878 868 879
f 867 880 870
f 867 878 880
f 870 881 871
f 870 880 881
f 881 634 618
f 881 618 871
f 638 872 628
f 872 638 630
f 641 873 632
f 873 641 643
f 873 643 874
f 874 643 645
f 882 874 645
f 876 874 882
f 877 876 883
f 876 884 883
f 876 882 884
f 884 885 883
f 878 879 886
f 886 879 887
f 878 888 880
f 878 886 888
f 888 647 648
f 881 888 648
f 880 888 881
f 881 648 634
f 652 882 645
f 882 652 654
f 889 882 654
f 884 882 889
f 885 884 890
f 890 884 889
f 886 887 891
f 891 887 892
f 886 893 888
f 886 891 893
f 893 656 647
f 893 647 888
f 660 889 654
f 895 894 662
f 662 894 660
f 894 890 660
f 890 889 660
f 897 896 895
f 895 896 894
f 897 898 896
f 891 892 899
f 899 892 900
f 891 901 893
f 891 899 901
f 902 663 656
f 893 902 656
f 901 902 893
f 902 665 663
f 669 903 895
f 669 895 662
f 895 904 897
f 895 903 904
f 898 897 905
f 905 897 904
f 899 900 906
f 906 900 907
f 899 908 901
f 899 906 908
f 901 909 902
f 901 908 909
f 909 671 665
f 909 665 902
f 673 903 669
f 903 673 675
f 910 903 675
f 904 903 910
f 905 904 911
f 911 904 910
f 907 912 906
f 914 913 912
f 913 906 912
f 913 908 906
f 908 915 909
f 908 913 915
f 915 677 671
f 915 671 909
f 680 910 675
f 917 916 682
f 682 916 680
f 916 911 680
f 911 910 680
f 917 918 916
f 921 920 919
f 923 922 919
f 919 922 921
f 922 923 914
f 923 913 914
f 923 924 913
f 924 684 685
f 915 924 685
f 913 924 915
f 915 685 677
f 686 917 682
f 926 925 688
f 688 925 686
f 925 918 686
f 918 917 686
f 926 927 925
f 920 928 919
f 930 929 928
f 929 919 928
f 929 923 919
f 923 931 924
f 923 929 931
f 931 690 684
f 931 684 924
f 692 932 926
f 692 926 688
f 927 926 933
f 926 934 933
f 926 932 934
f 934 935 933
f 938 937 936
f 936 939 938
f 930 940 929
f 942 941 940
f 941 929 940
f 941 931 929
f 943 693 690
f 931 943 690
f 941 943 931
f 943 695 693
f 696 932 692
f 932 696 698
f 944 932 698
f 934 932 944
f 935 934 945
f 945 934 944
f 936 937 946
f 946 937 947
f 939 936 948
f 936 949 948
f 936 946 949
f 949 950 948
f 942 951 941
f 952 700 701
f 941 952 701
f 943 941 701
f 951 952 941
f 943 701 695
f 704 953 944
f 704 944 698
f 945 944 954
f 954 944 953
f 947 955 946
f 956 706 707
f 946 956 707
f 949 946 707
f 955 956 946
f 958 957 708
f 708 957 707
f 957 950 707
f 950 949 707
f 958 959 957
f 709 700 960
f 700 961 960
f 700 952 961
f 960 711 709
f 713 953 704
f 963 962 715
f 715 962 713
f 962 954 713
f 954 953 713
f 963 964 962
f 956 717 706
f 965 717 956
f 718 958 708
f 718 720 958
f 720 959 958
f 720 966 959
f 960 961 967
f 967 961 968
f 967 722 711
f 967 711 960
f 724 969 963
f 724 963 715
f 964 963 970
f 970 963 969
f 725 717 971
f 717 972 971
f 717 965 972
f 973 726 725
f 973 725 971
f 973 974 726
f 974 720 726
f 974 966 720
f 967 968 975
f 975 968 976
f 975 728 722
f 975 722 967
f 730 977 731
f 969 724 731
f 977 969 731
f 978 969 977
f 970 969 979
f 979 969 978
f 972 980 971
f 971 980 973
f 973 980 981
f 984 983 982
f 973 981 974
f 983 985 982
f 976 986 975
f 728 975 986
f 987 728 986
f 733 728 987
f 736 977 730
f 978 977 988
f 977 738 988
f 738 989 988
f 738 977 736
f 978 988 979
f 984 990 983
f 983 990 985
f 739 733 991
f 733 992 991
f 733 987 992
f 991 741 739
f 743 993 744
f 993 994 744
f 994 738 744
f 994 989 738
f 991 992 995
f 995 992 996
f 995 746 741
f 995 741 991
f 747 993 743
f 747 749 993
f 749 994 993
f 749 997 994
f 995 996 998
f 998 996 999
f 998 751 746
f 998 746 995
f 754 1000 755
f 1000 1001 755
f 1001 749 755
f 1001 997 749
f 999 1002 998
f 1002 1004 1003
f 1002 1003 756
f 998 1002 756
f 751 998 756
f 1003 758 756
f 760 1005 1000
f 760 1000 754
f 1001 1000 1006
f 1006 1000 1005
f 1003 1004 1007
f 1007 1004 1008
f 1007 762 758
f 1007 758 1003
f 766 1009 765
f 1009 1010 765
f 765 1010 760
f 1010 1011 760
f 1011 1005 760
f 1005 1011 1006
f 1008 1012 1007
f 1012 1014 1013
f 1012 1013 767
f 1007 1012 767
f 762 1007 767
f 1013 769 767
f 773 1015 1009
f 773 1009 766
f 1010 1009 1016
f 1016 1009 1015
f 1014 1017 1013
f 1017 1019 1018
f 1017 1018 774
f 1013 1017 774
f 769 1013 774
f 1018 776 774
f 779 1020 780
f 1020 1021 780
f 780 1021 773
f 1021 1022 773
f 1022 1015 773
f 1015 1022 1016
f 1019 1023 1018
f 1023 1025 1024
f 1023 1024 781
f 1018 1023 781
f 776 1018 781
f 1024 783 781
f 787 1026 788
f 1026 1027 788
f 788 1027 779
f 1027 1028 779
f 1028 1020 779
f 1020 1028 1021
f 1025 1029 1024
f 1029 1031 1030
f 1029 1030 789
f 1024 1029 789
f 783 1024 789
f 1030 791 789
f 792 1032 793
f 1032 795 793
f 797 1033 798
f 1033 1034 798
f 798 1034 787
f 1034 1035 787
f 1035 1026 787
f 1026 1035 1027
f 1030 1031 1036
f 1036 1031 1037
f 1038 799 791
f 1030 1038 791
f 1036 1038 1030
f 1032 792 799
f 1038 1032 799
f 1039 1032 1038
f 1040 800 795
f 1032 1040 795
f 1039 1040 1032
f 1040 802 800
f 805 1041 1033
f 805 1033 797
f 1034 1033 1042
f 1033 1043 1042
f 1033 1041 1043
f 1043 1044 1042
f 1037 1045 1036
f 1036 1045 1038
f 1038 1045 1046
f 1048 1047 1046
f 1047 1038 1046
f 1047 1039 1038
f 1039 1049 1040
f 1039 1047 1049
f 1049 807 802
f 1049 802 1040
f 813 1050 1041
f 813 1041 805
f 1052 1043 1051
f 1043 1050 1051
f 1043 1041 1050
f 1043 1052 1044
f 1048 1053 1047
f 1047 1053 1049
f 1049 1053 1054
f 1054 1056 1055
f 1054 1055 814
f 1049 1054 814
f 807 1049 814
f 1055 816 814
f 819 1057 820
f 1058 821 820
f 1058 820 1057
f 1058 1059 821
f 821 1059 813
f 1059 1060 813
f 1060 1050 813
f 1050 1060 1051
f 1056 1061 1055
f 1055 1061 816
f 1061 822 816
f 1061 1062 822
f 1062 1064 1063
f 823 1062 1063
f 822 1062 823
f 823 1063 1065
f 1066 823 1065
f 824 823 1066
f 819 824 1057
f 824 1067 1057
f 824 1066 1067
f 1057 1067 1058
f 1058 1067 1068
f 1058 1068 1059
f 1064 1069 1063
f 1063 1069 1065
f 1072 1071 1070
f 1074 1073 1070
f 1070 1073 1072
f 1076 1075 1074
f 1074 1075 1073
f 1078 1077 1076
f 1076 1077 1075
f 1080 1079 1078
f 1078 1079 1077
f 1082 1081 1080
f 1080 1081 1079
f 1084 1083 1082
f 1082 1083 1081
f 1084 1085 1083
f 1088 1087 1086
f 1090 1089 1086
f 1086 1089 1088
f 1092 1091 1090
f 1090 1091 1089
f 1091 1092 1071
f 1092 1070 1071
f 1092 1093 1070
f 1070 1094 1074
f 1070 1093 1094
f 1074 1095 1076
f 1074 1094 1095
f 1095 826 827
f 1078 1095 827
f 1076 1095 1078
f 1078 827 828
f 1078 828 1080
f 1080 828 830
f 1096 1080 830
f 1082 1080 1096
f 1082 1097 1084
f 1082 1096 1097
f 1085 1084 1098
f 1084 1099 1098
f 1084 1097 1099
f 1099 1100 1098
f 1103 1102 1101
f 1105 1104 1101
f 1101 1104 1103
f 1104 1105 1087
f 1087 1105 1086
f 1105 832 1086
f 832 833 1086
f 1086 833 834
f 1086 834 1090
f 1090 834 836
f 1090 836 1092
f 1092 836 838
f 1092 838 1093
f 1093 838 840
f 1093 840 1094
f 1094 840 842
f 1094 842 1095
f 1095 842 826
f 846 1096 830
f 1096 846 848
f 1096 848 1097
f 1097 848 850
f 1097 850 1099
f 1107 1106 852
f 852 1106 850
f 1106 1100 850
f 1100 1099 850
f 1109 1108 1107
f 1107 1108 1106
f 1111 1110 1109
f 1109 1110 1108
f 1113 1112 1111
f 1111 1112 1110
f 1113 1114 1112
f 1117 1116 1115
f 1117 1115 1102
f 1115 1101 1102
f 1115 1118 1101
f 1101 1119 1105
f 1101 1118 1119
f 1119 854 832
f 1119 832 1105
f 858 1107 852
f 1107 858 860
f 1107 860 1109
f 1109 860 862
f 1109 862 1111
f 1111 862 864
f 1111 864 1113
f 1121 1120 866
f 866 1120 864
f 1120 1114 864
f 1114 1113 864
f 1121 1122 1120
f 1115 1116 1123
f 1123 1116 1124
f 1115 1125 1118
f 1115 1123 1125
f 1125 868 869
f 1119 1125 869
f 1118 1125 1119
f 1119 869 854
f 875 1121 866
f 1127 1126 877
f 877 1126 875
f 1126 1122 875
f 1122 1121 875
f 1127 1128 1126
f 1123 1124 1129
f 1129 1124 1130
f 1123 1131 1125
f 1123 1129 1131
f 1131 879 868
f 1131 868 1125
f 883 1127 877
f 1133 1132 885
f 885 1132 883
f 1132 1128 883
f 1128 1127 883
f 1133 1134 1132
f 1129 1130 1135
f 1135 1130 1136
f 1129 1137 1131
f 1129 1135 1137
f 1137 887 879
f 1137 879 1131
f 890 1138 1133
f 890 1133 885
f 1134 1133 1139
f 1133 1140 1139
f 1133 1138 1140
f 1140 1141 1139
f 1135 1136 1142
f 1142 1136 1143
f 1135 1144 1137
f 1135 1142 1144
f 1144 892 887
f 1144 887 1137
f 894 1138 890
f 1138 894 896
f 1138 896 1140
f 1146 1145 898
f 898 1145 896
f 1145 1141 896
f 1141 1140 896
f 1146 1147 1145
f 1142 1143 1148
f 1148 1143 1149
f 1142 1150 1144
f 1142 1148 1150
f 1150 900 892
f 1150 892 1144
f 905 1151 1146
f 905 1146 898
f 1147 1146 1152
f 1152 1146 1151
f 1148 1149 1153
f 1153 1149 1154
f 1148 1155 1150
f 1148 1153 1155
f 1155 907 900
f 1155 900 1150
f 911 1156 1151
f 911 1151 905
f 1152 1151 1157
f 1151 1158 1157
f 1151 1156 1158
f 1158 1159 1157
f 1154 1160 1153
f 1162 1161 1160
f 1161 1153 1160
f 1161 1155 1153
f 1163 912 907
f 1155 1163 907
f 1161 1163 1155
f 1163 914 912
f 916 1156 911
f 1156 916 918
f 1164 1156 918
f 1158 1156 1164
f 1159 1158 1165
f 1165 1158 1164
f 1168 1167 1166
f 1168 1166 1162
f 1162 1166 1161
f 1166 920 1161
f 920 921 1161
f 1161 921 922
f 1161 922 1163
f 1163 922 914
f 925 1164 918
f 1170 1169 927
f 927 1169 925
f 1169 1165 925
f 1165 1164 925
f 1170 1171 1169
f 1167 1172 1166
f 1172 1174 1173
f 1172 1173 928
f 1166 1172 928
f 920 1166 928
f 1173 930 928
f 933 1170 927
f 1176 1175 935
f 935 1175 933
f 1175 1171 933
f 1171 1170 933
f 1176 1177 1175
f 1178 937 938
f 939 1178 938
f 1174 1179 1173
f 1179 1181 1180
f 1179 1180 940
f 1173 1179 940
f 930 1173 940
f 1180 942 940
f 945 1182 1176
f 945 1176 935
f 1177 1176 1183
f 1183 1176 1182
f 1184 947 1178
f 1178 947 937
f 948 1185 939
f 1185 1178 939
f 1185 1184 1178
f 950 1185 948
f 1180 1181 1186
f 1186 1181 1187
f 1188 951 942
f 1180 1188 942
f 1186 1188 1180
f 1188 952 951
f 954 1189 1182
f 954 1182 945
f 1183 1182 1190
f 1190 1182 1189
f 1184 955 947
f 1184 1185 1191
f 956 1184 1191
f 1192 956 1191
f 1184 956 955
f 1191 1185 950
f 957 1191 950
f 1193 1191 957
f 957 959 1193
f 1193 959 1194
f 1186 1187 1195
f 1195 1187 1196
f 1186 1197 1188
f 1186 1195 1197
f 1197 961 952
f 1197 952 1188
f 962 1189 954
f 962 964 1189
f 964 1190 1189
f 964 1198 1190
f 1192 965 956
f 1199 965 1192
f 966 1201 1200
f 1194 966 1200
f 959 966 1194
f 1201 1202 1200
f 1196 1203 1195
f 1205 1204 1203
f 1204 1195 1203
f 1204 1197 1195
f 1204 968 961
f 1204 961 1197
f 970 1198 964
f 970 1206 1198
f 1199 972 965
f 1207 972 1199
f 974 1208 1201
f 974 1201 966
f 1202 1201 1209
f 1209 1201 1208
f 1212 1211 1210
f 1212 1210 1205
f 1210 1204 1205
f 1210 1213 1204
f 1213 976 968
f 1213 968 1204
f 979 1206 970
f 979 1214 1206
f 1207 1215 972
f 972 1215 980
f 980 1216 981
f 1215 1216 980
f 1216 974 981
f 974 1216 1208
f 1217 1208 1216
f 1208 1217 982
f 984 982 1217
f 982 985 1208
f 985 1209 1208
f 985 1218 1209
f 1211 1219 1210
f 1210 1219 1213
f 1213 1219 1220
f 1220 1222 1221
f 1220 1221 986
f 1213 1220 986
f 976 1213 986
f 1221 987 986
f 989 1223 988
f 1223 1224 988
f 1224 979 988
f 1224 1214 979
f 1217 1225 984
f 984 1225 990
f 985 990 1218
f 1218 990 1225
f 1221 1222 1226
f 1226 1222 1227
f 1226 992 987
f 1226 987 1221
f 994 1228 1223
f 994 1223 989
f 1224 1223 1229
f 1229 1223 1228
f 1226 1227 1230
f 1230 1227 1231
f 1230 996 992
f 1230 992 1226
f 997 1232 1228
f 997 1228 994
f 1229 1228 1233
f 1233 1228 1232
f 1230 1231 1234
f 1234 1231 1235
f 1234 999 996
f 1234 996 1230
f 1237 1236 1232
f 997 1237 1232
f 1001 1237 997
f 1232 1236 1233
f 1235 1238 1234
f 1238 1240 1239
f 1238 1239 1002
f 1234 1238 1002
f 999 1234 1002
f 1239 1004 1002
f 1006 1237 1001
f 1006 1241 1237
f 1239 1240 1242
f 1242 1240 1243
f 1242 1008 1004
f 1242 1004 1239
f 1010 1244 1011
f 1244 1245 1011
f 1245 1006 1011
f 1245 1241 1006
f 1243 1246 1242
f 1246 1248 1247
f 1246 1247 1012
f 1242 1246 1012
f 1008 1242 1012
f 1247 1014 1012
f 1250 1249 1244
f 1010 1250 1244
f 1016 1250 1010
f 1244 1249 1245
f 1248 1251 1247
f 1251 1253 1252
f 1251 1252 1017
f 1247 1251 1017
f 1014 1247 1017
f 1252 1019 1017
f 1021 1254 1022
f 1254 1255 1022
f 1255 1016 1022
f 1255 1250 1016
f 1253 1256 1252
f 1256 1258 1257
f 1256 1257 1023
f 1252 1256 1023
f 1019 1252 1023
f 1257 1025 1023
f 1027 1259 1028
f 1259 1260 1028
f 1028 1260 1021
f 1260 1261 1021
f 1261 1254 1021
f 1254 1261 1255
f 1258 1262 1257
f 1262 1264 1263
f 1262 1263 1029
f 1257 1262 1029
f 1025 1257 1029
f 1263 1031 1029
f 1034 1265 1035
f 1265 1266 1035
f 1035 1266 1027
f 1266 1267 1027
f 1267 1259 1027
f 1259 1267 1260
f 1263 1264 1268
f 1268 1264 1269
f 1268 1037 1031
f 1268 1031 1263
f 1042 1265 1034
f 1271 1270 1044
f 1044 1270 1042
f 1270 1266 1042
f 1266 1265 1042
f 1271 1272 1270
f 1269 1273 1268
f 1268 1273 1037
f 1273 1045 1037
f 1273 1274 1045
f 1274 1276 1275
f 1046 1274 1275
f 1045 1274 1046
f 1275 1048 1046
f 1051 1277 1052
f 1277 1278 1052
f 1052 1278 1044
f 1278 1279 1044
f 1279 1271 1044
f 1271 1279 1272
f 1276 1280 1275
f 1280 1282 1281
f 1280 1281 1053
f 1275 1280 1053
f 1048 1275 1053
f 1283 1054 1053
f 1283 1053 1281
f 1283 1056 1054
f 1285 1284 1060
f 1285 1060 1059
f 1051 1060 1277
f 1060 1286 1277
f 1060 1284 1286
f 1277 1286 1278
f 1282 1287 1281
f 1281 1287 1283
f 1283 1287 1288
f 1288 1290 1289
f 1288 1289 1061
f 1283 1288 1061
f 1056 1283 1061
f 1291 1062 1061
f 1291 1061 1289
f 1291 1064 1062
f 1065 1292 1066
f 1293 1067 1066
f 1293 1066 1292
f 1067 1293 1294
f 1295 1067 1294
f 1068 1067 1295
f 1059 1068 1285
f 1285 1068 1295
f 1290 1296 1289
f 1289 1296 1291
f 1291 1296 1297
f 1291 1297 1064
f 1297 1069 1064
f 1297 1298 1069
f 1065 1069 1292
f 1069 1299 1292
f 1069 1298 1299
f 1292 1299 1293
f 1293 1299 1300
f 1293 1300 1294
f 1303 1302 1301
f 1305 1304 1301
f 1301 1304 1303
f 1307 1306 1305
f 1305 1306 1304
f 1307 1308 1306
f 1311 1310 1309
f 1313 1312 1309
f 1309 1312 1311
f 1315 1314 1313
f 1313 1314 1312
f 1071 1072 1315
f 1072 1314 1315
f 1072 1316 1314
f 1073 1301 1302
f 1316 1073 1302
f 1072 1073 1316
f 1301 1073 1075
f 1301 1075 1305
f 1305 1075 1077
f 1305 1077 1307
f 1317 1308 1307
f 1077 1317 1307
f 1079 1317 1077
f 1318 1079 1081
f 1318 1317 1079
f 1319 1081 1083
f 1319 1318 1081
f 1083 1085 1319
f 1319 1085 1320
f 1323 1322 1321
f 1323 1321 1310
f 1310 1321 1309
f 1321 1087 1309
f 1087 1088 1309
f 1309 1088 1089
f 1309 1089 1313
f 1313 1089 1091
f 1313 1091 1315
f 1315 1091 1071
f 1324 1320 1085
f 1324 1085 1098
f 1098 1100 1324
f 1324 1100 1325
f 1328 1327 1326
f 1102 1103 1326
f 1103 1328 1326
f 1103 1329 1328
f 1104 1321 1322
f 1329 1104 1322
f 1103 1104 1329
f 1321 1104 1087
f 1330 1325 1100
f 1330 1100 1106
f 1331 1106 1108
f 1331 1330 1106
f 1332 1108 1110
f 1332 1331 1108
f 1333 1110 1112
f 1333 1332 1110
f 1112 1114 1333
f 1333 1114 1334
f 1326 1327 1117
f 1327 1116 1117
f 1327 1335 1116
f 1326 1117 1102
f 1336 1334 1114
f 1336 1114 1120
f 1120 1122 1336
f 1336 1122 1337
f 1340 1339 1338
f 1342 1341 1338
f 1338 1341 1340
f 1335 1341 1342
f 1124 1335 1342
f 1116 1335 1124
f 1343 1337 1122
f 1343 1122 1126
f 1345 1344 1128
f 1344 1126 1128
f 1344 1343 1126
f 1347 1346 1345
f 1345 1346 1344
f 1347 1348 1346
f 1339 1349 1338
f 1351 1350 1349
f 1350 1338 1349
f 1350 1342 1338
f 1350 1130 1124
f 1350 1124 1342
f 1132 1345 1128
f 1345 1132 1134
f 1352 1345 1134
f 1347 1345 1352
f 1348 1347 1353
f 1347 1354 1353
f 1347 1352 1354
f 1354 1355 1353
f 1350 1351 1356
f 1356 1351 1357
f 1356 1136 1130
f 1356 1130 1350
f 1139 1352 1134
f 1352 1139 1141
f 1358 1352 1141
f 1354 1352 1358
f 1355 1354 1359
f 1359 1354 1358
f 1356 1357 1360
f 1360 1357 1361
f 1360 1143 1136
f 1360 1136 1356
f 1145 1358 1141
f 1363 1362 1147
f 1147 1362 1145
f 1362 1359 1145
f 1359 1358 1145
f 1363 1364 1362
f 1360 1361 1365
f 1365 1361 1366
f 1365 1149 1143
f 1365 1143 1360
f 1152 1367 1363
f 1152 1363 1147
f 1364 1363 1368
f 1363 1369 1368
f 1363 1367 1369
f 1369 1370 1368
f 1365 1366 1371
f 1371 1366 1372
f 1371 1154 1149
f 1371 1149 1365
f 1157 1367 1152
f 1367 1157 1159
f 1373 1367 1159
f 1369 1367 1373
f 1370 1369 1374
f 1374 1369 1373
f 1372 1375 1371
f 1375 1377 1376
f 1375 1376 1160
f 1371 1375 1160
f 1154 1371 1160
f 1376 1162 1160
f 1165 1378 1373
f 1165 1373 1159
f 1374 1373 1379
f 1379 1373 1378
f 1382 1381 1380
f 1382 1380 1377
f 1377 1380 1376
f 1380 1167 1376
f 1167 1168 1376
f 1376 1168 1162
f 1169 1378 1165
f 1384 1383 1171
f 1171 1383 1169
f 1383 1379 1169
f 1379 1378 1169
f 1384 1385 1383
f 1381 1386 1380
f 1386 1388 1387
f 1386 1387 1172
f 1380 1386 1172
f 1167 1380 1172
f 1387 1174 1172
f 1175 1384 1171
f 1390 1389 1177
f 1177 1389 1175
f 1389 1385 1175
f 1385 1384 1175
f 1390 1391 1389
f 1387 1388 1392
f 1392 1388 1393
f 1394 1179 1174
f 1387 1394 1174
f 1392 1394 1387
f 1394 1181 1179
f 1183 1395 1390
f 1183 1390 1177
f 1391 1390 1396
f 1396 1390 1395
f 1393 1397 1392
f 1399 1398 1397
f 1398 1392 1397
f 1398 1394 1392
f 1398 1187 1181
f 1398 1181 1394
f 1190 1400 1395
f 1190 1395 1183
f 1396 1395 1401
f 1401 1395 1400
f 1403 1402 1191
f 1191 1402 1192
f 1405 1403 1404
f 1403 1193 1404
f 1403 1191 1193
f 1194 1404 1193
f 1399 1406 1398
f 1187 1398 1406
f 1407 1187 1406
f 1196 1187 1407
f 1198 1408 1400
f 1198 1400 1190
f 1401 1400 1409
f 1409 1400 1408
f 1402 1199 1192
f 1410 1199 1402
f 1411 1405 1404
f 1413 1411 1412
f 1412 1411 1200
f 1411 1404 1200
f 1404 1194 1200
f 1202 1412 1200
f 1203 1196 1414
f 1196 1415 1414
f 1196 1407 1415
f 1414 1205 1203
f 1206 1416 1408
f 1206 1408 1198
f 1409 1408 1417
f 1417 1408 1416
f 1410 1207 1199
f 1418 1207 1410
f 1421 1420 1419
f 1419 1420 1413
f 1412 1419 1413
f 1422 1419 1412
f 1209 1422 1202
f 1202 1422 1412
f 1414 1415 1212
f 1415 1211 1212
f 1415 1423 1211
f 1414 1212 1205
f 1214 1424 1416
f 1214 1416 1206
f 1417 1416 1425
f 1425 1416 1424
f 1418 1426 1207
f 1207 1426 1215
f 1419 1216 1421
f 1216 1426 1421
f 1216 1215 1426
f 1216 1419 1217
f 1419 1427 1217
f 1419 1422 1427
f 1218 1427 1209
f 1209 1427 1422
f 1219 1211 1428
f 1211 1429 1428
f 1211 1423 1429
f 1430 1220 1219
f 1430 1219 1428
f 1430 1222 1220
f 1224 1431 1424
f 1224 1424 1214
f 1425 1424 1432
f 1432 1424 1431
f 1427 1225 1217
f 1225 1427 1218
f 1428 1429 1433
f 1433 1429 1434
f 1428 1435 1430
f 1428 1433 1435
f 1435 1227 1222
f 1435 1222 1430
f 1229 1436 1431
f 1229 1431 1224
f 1432 1431 1437
f 1437 1431 1436
f 1433 1434 1438
f 1438 1434 1439
f 1433 1440 1435
f 1433 1438 1440
f 1440 1231 1227
f 1440 1227 1435
f 1233 1441 1436
f 1233 1436 1229
f 1437 1436 1442
f 1442 1436 1441
f 1439 1443 1438
f 1445 1444 1443
f 1444 1438 1443
f 1444 1440 1438
f 1444 1235 1231
f 1444 1231 1440
f 1237 1446 1236
f 1441 1233 1236
f 1446 1441 1236
f 1447 1441 1446
f 1442 1441 1448
f 1448 1441 1447
f 1445 1449 1444
f 1449 1451 1450
f 1449 1450 1238
f 1444 1449 1238
f 1235 1444 1238
f 1450 1240 1238
f 1241 1452 1446
f 1241 1446 1237
f 1454 1447 1453
f 1447 1452 1453
f 1447 1446 1452
f 1447 1454 1448
f 1450 1451 1455
f 1455 1451 1456
f 1455 1243 1240
f 1455 1240 1450
f 1245 1457 1452
f 1245 1452 1241
f 1453 1452 1458
f 1458 1452 1457
f 1456 1459 1455
f 1459 1461 1460
f 1459 1460 1246
f 1455 1459 1246
f 1243 1455 1246
f 1460 1248 1246
f 1250 1462 1249
f 1462 1463 1249
f 1249 1463 1245
f 1463 1464 1245
f 1464 1457 1245
f 1457 1464 1458
f 1461 1465 1460
f 1465 1467 1466
f 1465 1466 1251
f 1460 1465 1251
f 1248 1460 1251
f 1466 1253 1251
f 1469 1468 1462
f 1250 1469 1462
f 1255 1469 1250
f 1462 1468 1463
f 1467 1470 1466
f 1470 1472 1471
f 1470 1471 1256
f 1466 1470 1256
f 1253 1466 1256
f 1471 1258 1256
f 1260 1473 1261
f 1473 1474 1261
f 1474 1255 1261
f 1474 1469 1255
f 1472 1475 1471
f 1475 1477 1476
f 1475 1476 1262
f 1471 1475 1262
f 1258 1471 1262
f 1476 1264 1262
f 1266 1478 1267
f 1478 1479 1267
f 1267 1479 1260
f 1479 1480 1260
f 1480 1473 1260
f 1473 1480 1474
f 1477 1481 1476
f 1264 1476 1481
f 1482 1264 1481
f 1269 1264 1482
f 1270 1478 1266
f 1484 1483 1272
f 1272 1483 1270
f 1483 1479 1270
f 1479 1478 1270
f 1484 1485 1483
f 1273 1269 1486
f 1269 1487 1486
f 1269 1482 1487
f 1488 1274 1273
f 1488 1273 1486
f 1488 1276 1274
f 1278 1489 1279
f 1489 1490 1279
f 1279 1490 1272
f 1490 1491 1272
f 1491 1484 1272
f 1484 1491 1485
f 1487 1492 1486
f 1494 1493 1492
f 1493 1486 1492
f 1493 1488 1486
f 1495 1280 1276
f 1488 1495 1276
f 1493 1495 1488
f 1495 1282 1280
f 1285 1496 1284
f 1497 1286 1284
f 1497 1284 1496
f 1497 1498 1286
f 1286 1498 1278
f 1498 1499 1278
f 1499 1489 1278
f 1489 1499 1490
f 1494 1500 1493
f 1493 1500 1495
f 1495 1500 1501
f 1501 1503 1502
f 1501 1502 1287
f 1495 1501 1287
f 1282 1495 1287
f 1504 1288 1287
f 1504 1287 1502
f 1504 1290 1288
f 1294 1505 1295
f 1505 1506 1295
f 1295 1506 1285
f 1506 1507 1285
f 1507 1496 1285
f 1496 1507 1497
f 1497 1507 1508
f 1497 1508 1498
f 1503 1509 1502
f 1502 1509 1504
f 1504 1509 1510
f 1504 1510 1290
f 1510 1296 1290
f 1510 1511 1296
f 1511 1513 1512
f 1297 1511 1512
f 1296 1511 1297
f 1514 1298 1297
f 1514 1297 1512
f 1515 1299 1298
f 1515 1298 1514
f 1299 1515 1516
f 1517 1299 1516
f 1300 1299 1517
f 1294 1300 1505
f 1300 1518 1505
f 1300 1517 1518
f 1505 1518 1506
f 1513 1519 1512
f 1512 1519 1514
f 1514 1519 1520
f 1514 1520 1515
f 1515 1520 1521
f 1515 1521 1516
f 1524 1523 1522
f 1522 1525 1524
f 1528 1527 1526
f 1528 1526 1523
f 1526 1522 1523
f 1526 1529 1522
f 1525 1522 1530
f 1522 1531 1530
f 1522 1529 1531
f 1533 1532 1531
f 1531 1532 1530
f 1535 1534 1533
f 1533 1534 1532
f 1537 1536 1535
f 1535 1536 1534
f 1539 1538 1537
f 1537 1538 1536
f 1541 1540 1539
f 1539 1540 1538
f 1541 1542 1540
f 1545 1544 1543
f 1545 1543 1527
f 1543 1526 1527
f 1543 1546 1526
f 1526 1547 1529
f 1526 1546 1547
f 1529 1548 1531
f 1529 1547 1548
f 1531 1549 1533
f 1531 1548 1549
f 1549 1302 1303
f 1535 1549 1303
f 1533 1549 1535
f 1535 1303 1304
f 1535 1304 1537
f 1537 1304 1306
f 1537 1306 1539
f 1539 1306 1308
f 1550 1539 1308
f 1541 1539 1550
f 1542 1541 1551
f 1541 1552 1551
f 1541 1550 1552
f 1554 1553 1552
f 1552 1553 1551
f 1554 1555 1553
f 1558 1557 1556
f 1558 1556 1544
f 1556 1543 1544
f 1556 1559 1543
f 1559 1310 1311
f 1546 1559 1311
f 1543 1559 1546
f 1546 1311 1312
f 1546 1312 1547
f 1547 1312 1314
f 1547 1314 1548
f 1548 1314 1316
f 1548 1316 1549
f 1549 1316 1302
f 1317 1550 1308
f 1550 1317 1318
f 1550 1318 1552
f 1552 1318 1319
f 1552 1319 1554
f 1561 1560 1320
f 1320 1560 1319
f 1560 1555 1319
f 1555 1554 1319
f 1561 1562 1560
f 1556 1557 1563
f 1563 1557 1564
f 1563 1322 1323
f 1559 1563 1323
f 1556 1563 1559
f 1559 1323 1310
f 1324 1561 1320
f 1566 1565 1325
f 1325 1565 1324
f 1565 1562 1324
f 1562 1561 1324
f 1568 1567 1566
f 1566 1567 1565
f 1568 1569 1567
f 1572 1571 1570
f 1574 1573 1570
f 1570 1573 1572
f 1327 1328 1574
f 1328 1573 1574
f 1328 1575 1573
f 1329 1563 1564
f 1575 1329 1564
f 1328 1329 1575
f 1563 1329 1322
f 1330 1566 1325
f 1566 1330 1331
f 1566 1331 1568
f 1576 1569 1568
f 1331 1576 1568
f 1332 1576 1331
f 1577 1332 1333
f 1577 1576 1332
f 1579 1578 1334
f 1578 1333 1334
f 1578 1577 1333
f 1579 1580 1578
f 1570 1571 1581
f 1581 1571 1582
f 1570 1583 1574
f 1570 1581 1583
f 1583 1335 1327
f 1583 1327 1574
f 1336 1579 1334
f 1585 1584 1337
f 1337 1584 1336
f 1584 1580 1336
f 1580 1579 1336
f 1585 1586 1584
f 1581 1582 1340
f 1582 1339 1340
f 1582 1587 1339
f 1581 1340 1341
f 1581 1341 1583
f 1583 1341 1335
f 1343 1585 1337
f 1588 1586 1585
f 1343 1588 1585
f 1344 1588 1343
f 1590 1588 1589
f 1588 1346 1589
f 1588 1344 1346
f 1348 1589 1346
f 1593 1592 1591
f 1591 1594 1349
f 1587 1591 1349
f 1339 1587 1349
f 1591 1587 1593
f 1594 1351 1349
f 1595 1590 1589
f 1595 1589 1348
f 1353 1595 1348
f 1596 1595 1353
f 1353 1355 1596
f 1596 1355 1597
f 1592 1598 1591
f 1600 1599 1598
f 1599 1591 1598
f 1599 1594 1591
f 1599 1357 1351
f 1599 1351 1594
f 1359 1597 1355
f 1359 1601 1597
f 1599 1600 1602
f 1602 1600 1603
f 1602 1361 1357
f 1602 1357 1599
f 1604 1601 1359
f 1604 1359 1362
f 1606 1605 1364
f 1605 1362 1364
f 1605 1604 1362
f 1606 1607 1605
f 1602 1603 1608
f 1608 1603 1609
f 1608 1366 1361
f 1608 1361 1602
f 1368 1606 1364
f 1368 1370 1606
f 1370 1607 1606
f 1370 1610 1607
f 1608 1609 1611
f 1611 1609 1612
f 1611 1372 1366
f 1611 1366 1608
f 1374 1614 1613
f 1610 1374 1613
f 1370 1374 1610
f 1614 1615 1613
f 1611 1612 1616
f 1616 1612 1617
f 1618 1375 1372
f 1611 1618 1372
f 1616 1618 1611
f 1618 1377 1375
f 1379 1619 1614
f 1379 1614 1374
f 1615 1614 1620
f 1620 1614 1619
f 1616 1617 1621
f 1621 1617 1622
f 1621 1381 1382
f 1618 1621 1382
f 1616 1621 1618
f 1618 1382 1377
f 1383 1619 1379
f 1624 1623 1385
f 1385 1623 1383
f 1623 1620 1383
f 1620 1619 1383
f 1624 1625 1623
f 1622 1626 1621
f 1626 1628 1627
f 1626 1627 1386
f 1621 1626 1386
f 1381 1621 1386
f 1627 1388 1386
f 1389 1624 1385
f 1389 1391 1624
f 1391 1625 1624
f 1391 1629 1625
f 1627 1628 1630
f 1630 1628 1631
f 1630 1393 1388
f 1630 1388 1627
f 1396 1629 1391
f 1396 1632 1629
f 1631 1633 1630
f 1633 1635 1634
f 1633 1634 1397
f 1630 1633 1397
f 1393 1630 1397
f 1634 1399 1397
f 1401 1637 1636
f 1632 1401 1636
f 1396 1401 1632
f 1637 1638 1636
f 1640 1639 1403
f 1403 1639 1402
f 1403 1405 1640
f 1640 1405 1641
f 1635 1642 1634
f 1642 1644 1643
f 1642 1643 1406
f 1634 1642 1406
f 1399 1634 1406
f 1643 1407 1406
f 1646 1645 1637
f 1401 1646 1637
f 1409 1646 1401
f 1637 1645 1638
f 1639 1410 1402
f 1647 1410 1639
f 1648 1641 1405
f 1648 1405 1411
f 1411 1413 1648
f 1648 1413 1649
f 1643 1644 1650
f 1650 1644 1651
f 1650 1415 1407
f 1650 1407 1643
f 1417 1653 1652
f 1646 1417 1652
f 1409 1417 1646
f 1653 1654 1652
f 1647 1418 1410
f 1655 1418 1647
f 1657 1656 1420
f 1657 1420 1421
f 1413 1420 1649
f 1649 1420 1656
f 1650 1651 1658
f 1658 1651 1659
f 1658 1423 1415
f 1658 1415 1650
f 1661 1660 1653
f 1417 1661 1653
f 1425 1661 1417
f 1653 1660 1654
f 1655 1662 1418
f 1418 1662 1426
f 1421 1426 1657
f 1657 1426 1662
f 1659 1663 1658
f 1423 1658 1663
f 1664 1423 1663
f 1429 1423 1664
f 1432 1661 1425
f 1432 1665 1661
f 1664 1434 1429
f 1666 1434 1664
f 1437 1668 1667
f 1665 1437 1667
f 1432 1437 1665
f 1668 1669 1667
f 1666 1439 1434
f 1670 1439 1666
f 1672 1671 1668
f 1437 1672 1668
f 1442 1672 1437
f 1668 1671 1669
f 1670 1673 1439
f 1439 1673 1443
f 1445 1443 1673
f 1445 1673 1674
f 1448 1672 1442
f 1448 1675 1672
f 1449 1445 1676
f 1445 1677 1676
f 1445 1674 1677
f 1676 1451 1449
f 1453 1678 1454
f 1678 1679 1454
f 1679 1448 1454
f 1679 1675 1448
f 1677 1680 1676
f 1451 1676 1680
f 1681 1451 1680
f 1456 1451 1681
f 1458 1682 1678
f 1458 1678 1453
f 1679 1678 1683
f 1683 1678 1682
f 1459 1456 1684
f 1456 1685 1684
f 1456 1681 1685
f 1684 1461 1459
f 1463 1686 1464
f 1686 1687 1464
f 1464 1687 1458
f 1687 1688 1458
f 1688 1682 1458
f 1682 1688 1683
f 1685 1689 1684
f 1689 1691 1690
f 1689 1690 1465
f 1684 1689 1465
f 1461 1684 1465
f 1690 1467 1465
f 1469 1692 1468
f 1686 1463 1468
f 1692 1686 1468
f 1693 1686 1692
f 1687 1686 1694
f 1694 1686 1693
f 1691 1695 1690
f 1695 1697 1696
f 1695 1696 1470
f 1690 1695 1470
f 1467 1690 1470
f 1696 1472 1470
f 1474 1698 1692
f 1474 1692 1469
f 1700 1693 1699
f 1693 1698 1699
f 1693 1692 1698
f 1693 1700 1694
f 1697 1701 1696
f 1701 1703 1702
f 1701 1702 1475
f 1696 1701 1475
f 1472 1696 1475
f 1702 1477 1475
f 1479 1704 1480
f 1704 1705 1480
f 1480 1705 1474
f 1705 1706 1474
f 1706 1698 1474
f 1698 1706 1699
f 1703 1707 1702
f 1707 1709 1708
f 1707 1708 1481
f 1702 1707 1481
f 1477 1702 1481
f 1708 1482 1481
f 1483 1704 1479
f 1711 1710 1485
f 1485 1710 1483
f 1710 1705 1483
f 1705 1704 1483
f 1711 1712 1710
f 1709 1713 1708
f 1482 1708 1713
f 1714 1482 1713
f 1487 1482 1714
f 1490 1715 1491
f 1715 1716 1491
f 1491 1716 1485
f 1716 1717 1485
f 1717 1711 1485
f 1711 1717 1712
f 1714 1718 1487
f 1487 1718 1492
f 1494 1492 1718
f 1494 1718 1719
f 1498 1720 1499
f 1720 1721 1499
f 1499 1721 1490
f 1721 1722 1490
f 1722 1715 1490
f 1715 1722 1716
f 1719 1723 1494
f 1494 1723 1500
f 1723 1725 1724
f 1501 1723 1724
f 1500 1723 1501
f 1724 1503 1501
f 1506 1726 1507
f 1727 1508 1507
f 1727 1507 1726
f 1727 1728 1508
f 1508 1728 1498
f 1728 1729 1498
f 1729 1720 1498
f 1720 1729 1721
f 1725 1730 1724
f 1724 1730 1503
f 1730 1509 1503
f 1730 1731 1509
f 1731 1733 1732
f 1510 1731 1732
f 1509 1731 1510
f 1734 1511 1510
f 1734 1510 1732
f 1734 1513 1511
f 1516 1735 1517
f 1736 1518 1517
f 1736 1517 1735
f 1736 1737 1518
f 1518 1737 1506
f 1737 1738 1506
f 1738 1726 1506
f 1726 1738 1727
f 1727 1738 1739
f 1727 1739 1728
f 1733 1740 1732
f 1732 1740 1734
f 1734 1740 1741
f 1734 1741 1513
f 1741 1519 1513
f 1741 1742 1519
f 1519 1743 1520
f 1742 1743 1519
f 1520 1744 1521
f 1743 1744 1520
f 1516 1521 1735
f 1521 1745 1735
f 1521 1744 1745
f 1735 1745 1736
f 1736 1745 1746
f 1736 1746 1737
f 1749 1748 1747
f 1751 1750 1747
f 1747 1750 1749
f 1753 1752 1751
f 1751 1752 1750
f 1755 1754 1753
f 1753 1754 1752
f 1757 1756 1755
f 1755 1756 1754
f 1759 1758 1757
f 1757 1758 1756
f 1761 1760 1759
f 1759 1760 1758
f 1763 1762 1761
f 1761 1762 1760
f 1763 1764 1762
f 1767 1766 1765
f 1767 1765 1748
f 1765 1747 1748
f 1765 1768 1747
f 1768 1523 1524
f 1751 1768 1524
f 1747 1768 1751
f 1751 1524 1525
f 1769 1751 1525
f 1753 1751 1769
f 1753 1770 1755
f 1753 1769 1770
f 1755 1771 1757
f 1755 1770 1771
f 1757 1772 1759
f 1757 1771 1772
f 1759 1773 1761
f 1759 1772 1773
f 1761 1774 1763
f 1761 1773 1774
f 1764 1763 1775
f 1763 1776 1775
f 1763 1774 1776
f 1776 1777 1775
f 1780 1779 1778
f 1782 1781 1778
f 1778 1781 1780
f 1781 1782 1766
f 1782 1765 1766
f 1782 1783 1765
f 1783 1527 1528
f 1768 1783 1528
f 1765 1783 1768
f 1768 1528 1523
f 1530 1769 1525
f 1769 1530 1532
f 1769 1532 1770
f 1770 1532 1534
f 1770 1534 1771
f 1771 1534 1536
f 1771 1536 1772
f 1772 1536 1538
f 1772 1538 1773
f 1773 1538 1540
f 1773 1540 1774
f 1774 1540 1542
f 1784 1774 1542
f 1776 1774 1784
f 1777 1776 1785
f 1776 1786 1785
f 1776 1784 1786
f 1786 1787 1785
f 1778 1779 1788
f 1788 1779 1789
f 1778 1790 1782
f 1778 1788 1790
f 1790 1544 1545
f 1783 1790 1545
f 1782 1790 1783
f 1783 1545 1527
f 1551 1784 1542
f 1784 1551 1553
f 1784 1553 1786
f 1792 1791 1555
f 1555 1791 1553
f 1791 1787 1553
f 1787 1786 1553
f 1794 1793 1792
f 1792 1793 1791
f 1794 1795 1793
f 1788 1789 1796
f 1796 1789 1797
f 1796 1557 1558
f 1790 1796 1558
f 1788 1796 1790
f 1790 1558 1544
f 1560 1792 1555
f 1792 1560 1562
f 1798 1792 1562
f 1794 1792 1798
f 1795 1794 1799
f 1794 1800 1799
f 1794 1798 1800
f 1800 1801 1799
f 1796 1797 1802
f 1802 1797 1803
f 1802 1564 1557
f 1802 1557 1796
f 1565 1798 1562
f 1798 1565 1567
f 1798 1567 1800
f 1805 1804 1569
f 1569 1804 1567
f 1804 1801 1567
f 1801 1800 1567
f 1805 1806 1804
f 1809 1808 1807
f 1571 1572 1807
f 1572 1809 1807
f 1572 1810 1809
f 1811 1572 1573
f 1811 1810 1572
f 1575 1802 1803
f 1811 1575 1803
f 1573 1575 1811
f 1802 1575 1564
f 1576 1805 1569
f 1812 1806 1805
f 1576 1812 1805
f 1577 1812 1576
f 1813 1577 1578
f 1813 1812 1577
f 1815 1814 1580
f 1814 1578 1580
f 1814 1813 1578
f 1815 1816 1814
f 1807 1808 1817
f 1817 1808 1818
f 1817 1582 1571
f 1817 1571 1807
f 1584 1815 1580
f 1820 1819 1586
f 1586 1819 1584
f 1819 1816 1584
f 1816 1815 1584
f 1820 1821 1819
f 1817 1818 1822
f 1822 1818 1823
f 1822 1587 1582
f 1822 1582 1817
f 1588 1820 1586
f 1825 1824 1590
f 1590 1824 1588
f 1824 1821 1588
f 1821 1820 1588
f 1825 1826 1824
f 1822 1823 1593
f 1823 1592 1593
f 1823 1827 1592
f 1822 1593 1587
f 1595 1825 1590
f 1828 1826 1825
f 1595 1828 1825
f 1596 1828 1595
f 1596 1597 1828
f 1828 1597 1829
f 1598 1592 1830
f 1592 1831 1830
f 1592 1827 1831
f 1830 1600 1598
f 1601 1833 1832
f 1829 1601 1832
f 1597 1601 1829
f 1833 1834 1832
f 1830 1831 1835
f 1835 1831 1836
f 1835 1603 1600
f 1835 1600 1830
f 1604 1833 1601
f 1837 1834 1833
f 1604 1837 1833
f 1605 1837 1604
f 1605 1607 1837
f 1837 1607 1838
f 1835 1836 1839
f 1839 1836 1840
f 1839 1609 1603
f 1839 1603 1835
f 1610 1842 1841
f 1838 1610 1841
f 1607 1610 1838
f 1842 1843 1841
f 1839 1840 1844
f 1844 1840 1845
f 1844 1612 1609
f 1844 1609 1839
f 1613 1842 1610
f 1613 1615 1842
f 1615 1843 1842
f 1615 1846 1843
f 1849 1848 1847
f 1849 1847 1845
f 1847 1844 1845
f 1847 1850 1844
f 1850 1617 1612
f 1850 1612 1844
f 1620 1852 1851
f 1846 1620 1851
f 1615 1620 1846
f 1852 1853 1851
f 1848 1854 1847
f 1856 1855 1854
f 1855 1847 1854
f 1855 1850 1847
f 1855 1622 1617
f 1855 1617 1850
f 1623 1852 1620
f 1623 1625 1852
f 1625 1853 1852
f 1625 1857 1853
f 1855 1856 1858
f 1858 1856 1859
f 1860 1626 1622
f 1855 1860 1622
f 1858 1860 1855
f 1860 1628 1626
f 1629 1857 1625
f 1629 1861 1857
f 1859 1862 1858
f 1864 1863 1862
f 1863 1858 1862
f 1863 1860 1858
f 1863 1631 1628
f 1863 1628 1860
f 1632 1866 1865
f 1861 1632 1865
f 1629 1632 1861
f 1866 1867 1865
f 1864 1868 1863
f 1868 1870 1869
f 1868 1869 1633
f 1863 1868 1633
f 1631 1863 1633
f 1869 1635 1633
f 1636 1866 1632
f 1636 1638 1866
f 1638 1867 1866
f 1638 1871 1867
f 1874 1873 1872
f 1639 1640 1872
f 1640 1874 1872
f 1640 1875 1874
f 1876 1869 1641
f 1869 1875 1641
f 1875 1640 1641
f 1869 1870 1875
f 1877 1642 1635
f 1869 1877 1635
f 1876 1877 1869
f 1877 1644 1642
f 1646 1878 1645
f 1878 1879 1645
f 1879 1638 1645
f 1879 1871 1638
f 1872 1873 1880
f 1880 1873 1881
f 1880 1647 1639
f 1880 1639 1872
f 1648 1876 1641
f 1876 1648 1649
f 1882 1876 1649
f 1877 1876 1882
f 1882 1651 1644
f 1882 1644 1877
f 1652 1878 1646
f 1652 1654 1878
f 1654 1879 1878
f 1654 1883 1879
f 1881 1884 1880
f 1647 1880 1884
f 1885 1647 1884
f 1655 1647 1885
f 1657 1886 1656
f 1882 1649 1656
f 1886 1882 1656
f 1887 1882 1886
f 1887 1659 1651
f 1887 1651 1882
f 1661 1888 1660
f 1888 1889 1660
f 1889 1654 1660
f 1889 1883 1654
f 1885 1890 1655
f 1655 1890 1662
f 1657 1662 1886
f 1662 1891 1886
f 1662 1890 1891
f 1886 1891 1887
f 1887 1891 1892
f 1892 1894 1893
f 1892 1893 1663
f 1887 1892 1663
f 1659 1887 1663
f 1893 1664 1663
f 1665 1895 1888
f 1665 1888 1661
f 1889 1888 1896
f 1896 1888 1895
f 1899 1898 1897
f 1897 1900 1899
f 1893 1894 1901
f 1901 1894 1902
f 1901 1666 1664
f 1901 1664 1893
f 1667 1895 1665
f 1904 1903 1669
f 1669 1903 1667
f 1903 1896 1667
f 1896 1895 1667
f 1904 1905 1903
f 1898 1906 1897
f 1897 1906 1900
f 1902 1907 1901
f 1666 1901 1907
f 1908 1666 1907
f 1670 1666 1908
f 1672 1909 1671
f 1904 1669 1671
f 1909 1904 1671
f 1910 1904 1909
f 1905 1904 1911
f 1911 1904 1910
f 1673 1670 1912
f 1670 1913 1912
f 1670 1908 1913
f 1912 1674 1673
f 1675 1914 1909
f 1675 1909 1672
f 1909 1915 1910
f 1909 1914 1915
f 1911 1910 1916
f 1916 1910 1915
f 1913 1917 1912
f 1674 1912 1917
f 1918 1674 1917
f 1677 1674 1918
f 1679 1919 1914
f 1679 1914 1675
f 1914 1920 1915
f 1914 1919 1920
f 1916 1915 1921
f 1921 1915 1920
f 1680 1677 1922
f 1677 1923 1922
f 1677 1918 1923
f 1922 1681 1680
f 1683 1924 1919
f 1683 1919 1679
f 1926 1920 1925
f 1920 1924 1925
f 1920 1919 1924
f 1920 1926 1921
f 1923 1927 1922
f 1681 1922 1927
f 1928 1681 1927
f 1685 1681 1928
f 1687 1929 1688
f 1929 1930 1688
f 1688 1930 1683
f 1930 1931 1683
f 1931 1924 1683
f 1924 1931 1925
f 1689 1685 1932
f 1685 1933 1932
f 1685 1928 1933
f 1932 1691 1689
f 1694 1934 1929
f 1694 1929 1687
f 1930 1929 1935
f 1935 1929 1934
f 1933 1936 1932
f 1936 1938 1937
f 1936 1937 1695
f 1932 1936 1695
f 1691 1932 1695
f 1937 1697 1695
f 1699 1939 1700
f 1939 1940 1700
f 1700 1940 1694
f 1940 1941 1694
f 1941 1934 1694
f 1934 1941 1935
f 1938 1942 1937
f 1942 1944 1943
f 1942 1943 1701
f 1937 1942 1701
f 1697 1937 1701
f 1943 1703 1701
f 1705 1945 1706
f 1939 1699 1706
f 1945 1939 1706
f 1946 1939 1945
f 1940 1939 1947
f 1947 1939 1946
f 1944 1948 1943
f 1948 1950 1949
f 1948 1949 1707
f 1943 1948 1707
f 1703 1943 1707
f 1949 1709 1707
f 1710 1945 1705
f 1945 1710 1712
f 1951 1945 1712
f 1946 1945 1951
f 1947 1946 1952
f 1946 1953 1952
f 1946 1951 1953
f 1953 1954 1952
f 1950 1955 1949
f 1949 1955 1709
f 1955 1713 1709
f 1955 1956 1713
f 1714 1713 1956
f 1714 1956 1957
f 1716 1958 1717
f 1951 1712 1717
f 1958 1951 1717
f 1959 1951 1958
f 1961 1953 1960
f 1953 1959 1960
f 1953 1951 1959
f 1953 1961 1954
f 1957 1962 1714
f 1714 1962 1718
f 1719 1718 1962
f 1719 1962 1963
f 1721 1964 1722
f 1964 1965 1722
f 1722 1965 1716
f 1965 1966 1716
f 1966 1958 1716
f 1958 1966 1959
f 1959 1966 1967
f 1959 1967 1960
f 1963 1968 1719
f 1719 1968 1723
f 1725 1723 1968
f 1725 1968 1969
f 1971 1970 1729
f 1971 1729 1728
f 1721 1729 1964
f 1729 1972 1964
f 1729 1970 1972
f 1964 1972 1965
f 1969 1973 1725
f 1725 1973 1730
f 1973 1975 1974
f 1731 1973 1974
f 1730 1973 1731
f 1974 1733 1731
f 1737 1976 1738
f 1977 1739 1738
f 1977 1738 1976
f 1977 1978 1739
f 1978 1728 1739
f 1978 1971 1728
f 1975 1979 1974
f 1974 1979 1733
f 1979 1740 1733
f 1979 1980 1740
f 1740 1981 1741
f 1980 1981 1740
f 1741 1982 1742
f 1981 1982 1741
f 1742 1983 1743
f 1982 1983 1742
f 1983 1985 1984
f 1744 1983 1984
f 1743 1983 1744
f 1744 1984 1986
f 1987 1744 1986
f 1745 1744 1987
f 1745 1988 1746
f 1987 1988 1745
f 1737 1746 1976
f 1746 1989 1976
f 1746 1988 1989
f 1976 1989 1977
f 1977 1989 1990
f 1977 1990 1978
f 1985 1991 1984
f 1984 1991 1986
f 1994 1993 1992
f 1996 1995 1992
f 1992 1995 1994
f 1998 1997 1996
f 1996 1997 1995
f 2000 1999 1998
f 1998 1999 1997
f 2000 2001 1999
f 2004 2003 2002
f 2006 2005 2002
f 2002 2005 2004
f 2008 2007 2006
f 2006 2007 2005
f 2010 2009 2008
f 2008 2009 2007
f 2009 2010 1993
f 2010 1992 1993
f 2010 2011 1992
f 1992 2012 1996
f 1992 2011 2012
f 1996 2013 1998
f 1996 2012 2013
f 1998 2014 2000
f 1998 2013 2014
f 2001 2000 2015
f 2000 2016 2015
f 2000 2014 2016
f 2018 2017 2016
f 2016 2017 2015
f 2018 2019 2017
f 2022 2021 2020
f 2022 2020 2003
f 2020 2002 2003
f 2020 2023 2002
f 2023 1748 1749
f 2006 2023 1749
f 2002 2023 2006
f 2006 1749 1750
f 2006 1750 2008
f 2008 1750 1752
f 2008 1752 2010
f 2010 1752 1754
f 2010 1754 2011
f 2011 1754 1756
f 2011 1756 2012
f 2012 1756 1758
f 2012 1758 2013
f 2013 1758 1760
f 2013 1760 2014
f 2014 1760 1762
f 2014 1762 2016
f 2016 1762 1764
f 2024 2016 1764
f 2018 2016 2024
f 2019 2018 2025
f 2018 2026 2025
f 2018 2024 2026
f 2026 2027 2025
f 2030 2029 2028
f 2030 2028 2021
f 2028 2020 2021
f 2028 2031 2020
f 2031 1766 1767
f 2023 2031 1767
f 2020 2031 2023
f 2023 1767 1748
f 1775 2024 1764
f 2024 1775 1777
f 2032 2024 1777
f 2026 2024 2032
f 2027 2026 2033
f 2033 2026 2032
f 2036 2035 2034
f 2036 2034 2029
f 2029 2034 2028
f 2034 1779 2028
f 1779 1780 2028
f 2028 1780 1781
f 2028 1781 2031
f 2031 1781 1766
f 1785 2032 1777
f 2038 2037 1787
f 1787 2037 1785
f 2037 2033 1785
f 2033 2032 1785
f 2040 2039 2038
f 2038 2039 2037
f 2040 2041 2039
f 2034 2035 2042
f 2042 2035 2043
f 2042 1789 1779
f 2042 1779 2034
f 1791 2038 1787
f 2038 1791 1793
f 2038 1793 2040
f 2045 2044 1795
f 1795 2044 1793
f 2044 2041 1793
f 2041 2040 1793
f 2045 2046 2044
f 2049 2048 2047
f 2049 2047 2043
f 2047 2042 2043
f 2047 2050 2042
f 2050 1797 1789
f 2050 1789 2042
f 1799 2045 1795
f 2052 2051 1801
f 1801 2051 1799
f 2051 2046 1799
f 2046 2045 1799
f 2052 2053 2051
f 2056 2055 2054
f 2056 2054 2048
f 2054 2047 2048
f 2054 2057 2047
f 2047 2058 2050
f 2047 2057 2058
f 2058 1803 1797
f 2058 1797 2050
f 1804 2052 1801
f 2060 2059 1806
f 1806 2059 1804
f 2059 2053 1804
f 2053 2052 1804
f 2060 2061 2059
f 2064 2063 2062
f 2064 2062 2055
f 2055 2062 2054
f 2062 1808 2054
f 1808 1809 2054
f 2054 1809 1810
f 2054 1810 2057
f 2057 1810 1811
f 2057 1811 2058
f 2058 1811 1803
f 1812 2060 1806
f 2065 2061 2060
f 1812 2065 2060
f 1813 2065 1812
f 2066 1813 1814
f 2066 2065 1813
f 2068 2067 1816
f 2067 1814 1816
f 2067 2066 1814
f 2068 2069 2067
f 2062 2063 2070
f 2070 2063 2071
f 2070 1818 1808
f 2070 1808 2062
f 1819 2068 1816
f 2073 2072 1821
f 1821 2072 1819
f 2072 2069 1819
f 2069 2068 1819
f 2073 2074 2072
f 2070 2071 2075
f 2075 2071 2076
f 2075 1823 1818
f 2075 1818 2070
f 1824 2073 1821
f 2078 2077 1826
f 1826 2077 1824
f 2077 2074 1824
f 2074 2073 1824
f 2078 2079 2077
f 2075 2076 2080
f 2080 2076 2081
f 2080 1827 1823
f 2080 1823 2075
f 1828 2078 1826
f 2083 2082 1829
f 1829 2082 1828
f 2082 2079 1828
f 2079 2078 1828
f 2083 2084 2082
f 2080 2081 2085
f 2085 2081 2086
f 2085 1831 1827
f 2085 1827 2080
f 1832 2083 1829
f 2088 2087 1834
f 1834 2087 1832
f 2087 2084 1832
f 2084 2083 1832
f 2088 2089 2087
f 2085 2086 2090
f 2090 2086 2091
f 2090 1836 1831
f 2090 1831 2085
f 1837 2088 1834
f 2093 2092 1838
f 1838 2092 1837
f 2092 2089 1837
f 2089 2088 1837
f 2093 2094 2092
f 2090 2091 2095
f 2095 2091 2096
f 2095 1840 1836
f 2095 1836 2090
f 1841 2093 1838
f 1841 1843 2093
f 1843 2094 2093
f 1843 2097 2094
f 2095 2096 2098
f 2098 2096 2099
f 2098 1845 1840
f 2098 1840 2095
f 1846 2101 2100
f 2097 1846 2100
f 1843 1846 2097
f 2101 2102 2100
f 2098 2099 1849
f 2099 1848 1849
f 2099 2103 1848
f 2098 1849 1845
f 1851 2101 1846
f 2105 2104 1853
f 1853 2104 1851
f 2104 2102 1851
f 2102 2101 1851
f 2105 2106 2104
f 2103 2107 1848
f 1848 2107 1854
f 1856 1854 2107
f 1856 2107 2108
f 1857 2109 2105
f 1857 2105 1853
f 2106 2105 2110
f 2110 2105 2109
f 2108 1859 1856
f 2111 1859 2108
f 1861 2112 2109
f 1861 2109 1857
f 2110 2109 2113
f 2113 2109 2112
f 2116 2115 2114
f 2114 2117 1862
f 2111 2114 1862
f 1859 2111 1862
f 2114 2111 2116
f 2117 1864 1862
f 1865 2112 1861
f 1865 1867 2112
f 1867 2113 2112
f 1867 2118 2113
f 2114 2115 2119
f 2119 2115 2120
f 2114 2121 2117
f 2114 2119 2121
f 2122 1868 1864
f 2117 2122 1864
f 2121 2122 2117
f 2122 1870 1868
f 1871 2124 2123
f 2118 1871 2123
f 1867 1871 2118
f 2124 2125 2123
f 2119 2120 2126
f 2126 2120 2127
f 2126 1873 1874
f 2121 2126 1874
f 2119 2126 2121
f 2121 1874 1875
f 2121 1875 2122
f 2122 1875 1870
f 1879 2128 2124
f 1879 2124 1871
f 2125 2124 2129
f 2129 2124 2128
f 2127 2130 2126
f 1873 2126 2130
f 2131 1873 2130
f 1881 1873 2131
f 1883 2132 2128
f 1883 2128 1879
f 2129 2128 2133
f 2133 2128 2132
f 1884 1881 2134
f 1881 2135 2134
f 1881 2131 2135
f 2134 1885 1884
f 1889 2136 2132
f 1889 2132 1883
f 2133 2132 2137
f 2137 2132 2136
f 2135 2138 2134
f 2138 2140 2139
f 2138 2139 1890
f 2134 2138 1890
f 1885 2134 1890
f 2141 1891 1890
f 2141 1890 2139
f 2142 1892 1891
f 2142 1891 2141
f 2142 1894 1892
f 1896 2143 2136
f 1896 2136 1889
f 2137 2136 2144
f 2144 2136 2143
f 2145 1898 1899
f 2140 2146 2139
f 2145 1899 1900
f 2141 2146 2147
f 2146 2141 2139
f 2149 2148 2147
f 2148 2141 2147
f 2148 2142 2141
f 2148 1902 1894
f 2148 1894 2142
f 1903 2143 1896
f 2151 2150 1905
f 1905 2150 1903
f 2150 2144 1903
f 2144 2143 1903
f 2151 2152 2150
f 2145 1906 1898
f 1906 2145 1900
f 2149 2153 2148
f 2153 2155 2154
f 2153 2154 1907
f 2148 2153 1907
f 1902 2148 1907
f 2154 1908 1907
f 2157 2156 2151
f 1905 2157 2151
f 1911 2157 1905
f 2151 2156 2152
f 2155 2158 2154
f 1908 2154 2158
f 2159 1908 2158
f 1913 1908 2159
f 1916 2157 1911
f 1916 2160 2157
f 2159 2161 1913
f 1913 2161 1917
f 1918 1917 2161
f 1918 2161 2162
f 1921 2164 2163
f 2160 1921 2163
f 1916 1921 2160
f 2164 2165 2163
f 2162 1923 1918
f 2166 1923 2162
f 1925 2167 1926
f 2167 2168 1926
f 1926 2168 1921
f 2168 2169 1921
f 2169 2164 1921
f 2164 2169 2165
f 1927 1923 2170
f 1923 2171 2170
f 1923 2166 2171
f 2170 1928 1927
f 1930 2172 1931
f 2167 1925 1931
f 2172 2167 1931
f 2173 2167 2172
f 2168 2167 2174
f 2174 2167 2173
f 2171 2175 2170
f 1928 2170 2175
f 2176 1928 2175
f 1933 1928 2176
f 1935 2177 2172
f 1935 2172 1930
f 2179 2173 2178
f 2173 2177 2178
f 2173 2172 2177
f 2173 2179 2174
f 2176 2180 1933
f 1933 2180 1936
f 1938 1936 2180
f 1938 2180 2181
f 1940 2182 1941
f 2177 1935 1941
f 2182 2177 1941
f 2183 2177 2182
f 2178 2177 2184
f 2184 2177 2183
f 2181 2185 1938
f 1938 2185 1942
f 1944 1942 2185
f 1944 2185 2186
f 1947 2187 2182
f 1947 2182 1940
f 2189 2183 2188
f 2183 2187 2188
f 2183 2182 2187
f 2183 2189 2184
f 2186 2190 1944
f 1944 2190 1948
f 1950 1948 2190
f 1950 2190 2191
f 1952 2187 1947
f 2193 2192 1954
f 1954 2192 1952
f 2192 2188 1952
f 2188 2187 1952
f 2195 2194 2193
f 2193 2194 2192
f 2195 2196 2194
f 2191 2197 1950
f 1950 2197 1955
f 1955 2198 1956
f 2197 2198 1955
f 1957 1956 2198
f 1957 2198 2199
f 1960 2200 1961
f 2200 2201 1961
f 1961 2201 1954
f 2201 2202 1954
f 2202 2193 1954
f 2193 2202 2195
f 2195 2202 2203
f 2195 2203 2196
f 2199 2204 1957
f 1957 2204 1962
f 1963 1962 2204
f 1963 2204 2205
f 1965 2206 1966
f 2207 1967 1966
f 2207 1966 2206
f 2207 2208 1967
f 1967 2208 1960
f 2208 2209 1960
f 2209 2200 1960
f 2200 2209 2201
f 2205 2210 1963
f 1963 2210 1968
f 1969 1968 2210
f 1969 2210 2211
f 2213 2212 1970
f 2213 1970 1971
f 1970 2214 1972
f 2212 2214 1970
f 1965 1972 2206
f 1972 2215 2206
f 1972 2214 2215
f 2206 2215 2207
f 2207 2215 2216
f 2207 2216 2208
f 2211 2217 1969
f 1969 2217 1973
f 1975 1973 2217
f 1975 2217 2218
f 1978 2213 1971
f 1978 2219 2213
f 2218 2220 1975
f 1975 2220 1979
f 1979 2221 1980
f 2220 2221 1979
f 1980 2222 1981
f 2221 2222 1980
f 1981 2223 1982
f 2222 2223 1981
f 2223 2225 2224
f 1983 2223 2224
f 1982 2223 1983
f 2224 1985 1983
f 1986 2226 1987
f 1987 2226 2227
f 2228 1987 2227
f 1988 1987 2228
f 2228 2230 2229
f 1989 2228 2229
f 1988 2228 1989
f 2231 1990 1989
f 2231 1989 2229
f 2231 2232 1990
f 2232 1978 1990
f 2232 2219 1978
f 2225 2233 2224
f 2224 2233 1985
f 2233 1991 1985
f 2233 2234 1991
f 1986 1991 2226
f 1991 2235 2226
f 1991 2234 2235
f 2226 2235 2227
f 2230 2236 2229
f 2229 2236 2231
f 2231 2236 2237
f 2231 2237 2232
f 2240 2239 2238
f 2242 2241 2238
f 2238 2241 2240
f 2244 2243 2242
f 2242 2243 2241
f 2246 2245 2244
f 2244 2245 2243
f 1993 1994 2246
f 1994 2245 2246
f 1994 2247 2245
f 2248 1994 1995
f 2248 2247 1994
f 2249 1995 1997
f 2249 2248 1995
f 2250 1997 1999
f 2250 2249 1997
f 2252 2251 2001
f 2251 1999 2001
f 2251 2250 1999
f 2252 2253 2251
f 2256 2255 2254
f 2256 2254 2239
f 2239 2254 2238
f 2254 2003 2238
f 2003 2004 2238
f 2238 2004 2005
f 2238 2005 2242
f 2242 2005 2007
f 2242 2007 2244
f 2244 2007 2009
f 2244 2009 2246
f 2246 2009 1993
f 2015 2252 2001
f 2257 2253 2252
f 2015 2257 2252
f 2017 2257 2015
f 2259 2258 2019
f 2258 2017 2019
f 2258 2257 2017
f 2259 2260 2258
f 2263 2262 2261
f 2263 2261 2255
f 2255 2261 2254
f 2261 2021 2254
f 2021 2022 2254
f 2254 2022 2003
f 2025 2259 2019
f 2265 2264 2027
f 2027 2264 2025
f 2264 2260 2025
f 2260 2259 2025
f 2265 2266 2264
f 2269 2268 2267
f 2269 2267 2262
f 2262 2267 2261
f 2267 2029 2261
f 2029 2030 2261
f 2261 2030 2021
f 2033 2270 2265
f 2033 2265 2027
f 2266 2265 2271
f 2265 2272 2271
f 2265 2270 2272
f 2272 2273 2271
f 2276 2275 2274
f 2276 2274 2268
f 2268 2274 2267
f 2274 2035 2267
f 2035 2036 2267
f 2267 2036 2029
f 2037 2270 2033
f 2270 2037 2039
f 2270 2039 2272
f 2278 2277 2041
f 2041 2277 2039
f 2277 2273 2039
f 2273 2272 2039
f 2278 2279 2277
f 2282 2281 2280
f 2282 2280 2275
f 2280 2274 2275
f 2280 2283 2274
f 2283 2043 2035
f 2283 2035 2274
f 2044 2278 2041
f 2285 2284 2046
f 2046 2284 2044
f 2284 2279 2044
f 2279 2278 2044
f 2285 2286 2284
f 2289 2288 2287
f 2289 2287 2281
f 2287 2280 2281
f 2287 2290 2280
f 2290 2048 2049
f 2283 2290 2049
f 2280 2290 2283
f 2283 2049 2043
f 2051 2285 2046
f 2292 2291 2053
f 2053 2291 2051
f 2291 2286 2051
f 2286 2285 2051
f 2292 2293 2291
f 2287 2288 2294
f 2294 2288 2295
f 2294 2055 2056
f 2290 2294 2056
f 2287 2294 2290
f 2290 2056 2048
f 2059 2292 2053
f 2297 2296 2061
f 2061 2296 2059
f 2296 2293 2059
f 2293 2292 2059
f 2299 2298 2297
f 2297 2298 2296
f 2299 2300 2298
f 2303 2302 2301
f 2303 2301 2295
f 2295 2301 2294
f 2301 2063 2294
f 2063 2064 2294
f 2294 2064 2055
f 2065 2297 2061
f 2297 2065 2066
f 2297 2066 2299
f 2304 2300 2299
f 2066 2304 2299
f 2067 2304 2066
f 2306 2305 2069
f 2305 2067 2069
f 2305 2304 2067
f 2306 2307 2305
f 2301 2302 2308
f 2308 2302 2309
f 2308 2071 2063
f 2308 2063 2301
f 2072 2306 2069
f 2311 2310 2074
f 2074 2310 2072
f 2310 2307 2072
f 2307 2306 2072
f 2311 2312 2310
f 2308 2309 2313
f 2313 2309 2314
f 2313 2076 2071
f 2313 2071 2308
f 2077 2311 2074
f 2316 2315 2079
f 2079 2315 2077
f 2315 2312 2077
f 2312 2311 2077
f 2316 2317 2315
f 2313 2314 2318
f 2318 2314 2319
f 2318 2081 2076
f 2318 2076 2313
f 2082 2316 2079
f 2321 2320 2084
f 2084 2320 2082
f 2320 2317 2082
f 2317 2316 2082
f 2321 2322 2320
f 2318 2319 2323
f 2323 2319 2324
f 2323 2086 2081
f 2323 2081 2318
f 2087 2321 2084
f 2326 2325 2089
f 2089 2325 2087
f 2325 2322 2087
f 2322 2321 2087
f 2326 2327 2325
f 2324 2328 2323
f 2086 2323 2328
f 2329 2086 2328
f 2091 2086 2329
f 2092 2326 2089
f 2092 2094 2326
f 2094 2327 2326
f 2094 2330 2327
f 2329 2096 2091
f 2331 2096 2329
f 2097 2333 2332
f 2330 2097 2332
f 2094 2097 2330
f 2333 2334 2332
f 2331 2099 2096
f 2335 2099 2331
f 2100 2333 2097
f 2100 2102 2333
f 2102 2334 2333
f 2102 2336 2334
f 2339 2338 2337
f 2335 2339 2337
f 2103 2335 2337
f 2099 2335 2103
f 2340 2336 2102
f 2340 2102 2104
f 2342 2341 2106
f 2341 2104 2106
f 2341 2340 2104
f 2342 2343 2341
f 2337 2338 2344
f 2344 2338 2345
f 2346 2107 2103
f 2337 2346 2103
f 2344 2346 2337
f 2346 2108 2107
f 2110 2347 2342
f 2110 2342 2106
f 2343 2342 2348
f 2348 2342 2347
f 2344 2345 2349
f 2349 2345 2350
f 2344 2351 2346
f 2344 2349 2351
f 2351 2111 2108
f 2351 2108 2346
f 2113 2352 2347
f 2113 2347 2110
f 2348 2347 2353
f 2353 2347 2352
f 2349 2350 2354
f 2354 2350 2355
f 2354 2115 2116
f 2351 2354 2116
f 2349 2354 2351
f 2351 2116 2111
f 2118 2356 2352
f 2118 2352 2113
f 2353 2352 2357
f 2352 2358 2357
f 2352 2356 2358
f 2358 2359 2357
f 2355 2360 2354
f 2115 2354 2360
f 2361 2115 2360
f 2120 2115 2361
f 2123 2356 2118
f 2356 2123 2125
f 2362 2356 2125
f 2358 2356 2362
f 2359 2358 2363
f 2363 2358 2362
f 2361 2127 2120
f 2364 2127 2361
f 2129 2365 2362
f 2129 2362 2125
f 2363 2362 2366
f 2366 2362 2365
f 2364 2367 2127
f 2127 2367 2130
f 2131 2130 2367
f 2131 2367 2368
f 2133 2369 2365
f 2133 2365 2129
f 2366 2365 2370
f 2370 2365 2369
f 2368 2135 2131
f 2371 2135 2368
f 2137 2372 2369
f 2137 2369 2133
f 2370 2369 2373
f 2373 2369 2372
f 2371 2374 2135
f 2135 2374 2138
f 2140 2138 2374
f 2140 2374 2375
f 2144 2376 2372
f 2144 2372 2137
f 2373 2372 2377
f 2377 2372 2376
f 2375 2378 2140
f 2140 2378 2146
f 2378 2380 2379
f 2147 2378 2379
f 2146 2378 2147
f 2379 2149 2147
f 2150 2376 2144
f 2382 2381 2152
f 2152 2381 2150
f 2381 2377 2150
f 2377 2376 2150
f 2382 2383 2381
f 2386 2385 2384
f 2386 2384 2380
f 2384 2379 2380
f 2384 2387 2379
f 2388 2153 2149
f 2379 2388 2149
f 2387 2388 2379
f 2388 2155 2153
f 2157 2389 2156
f 2382 2152 2156
f 2389 2382 2156
f 2390 2382 2389
f 2383 2382 2391
f 2391 2382 2390
f 2385 2392 2384
f 2384 2392 2387
f 2387 2392 2393
f 2387 2393 2388
f 2388 2393 2394
f 2388 2394 2155
f 2394 2158 2155
f 2394 2395 2158
f 2159 2158 2395
f 2159 2395 2396
f 2160 2397 2389
f 2160 2389 2157
f 2399 2390 2398
f 2390 2397 2398
f 2390 2389 2397
f 2390 2399 2391
f 2161 2159 2400
f 2159 2401 2400
f 2159 2396 2401
f 2400 2162 2161
f 2163 2397 2160
f 2163 2165 2397
f 2165 2398 2397
f 2165 2402 2398
f 2401 2403 2400
f 2162 2400 2403
f 2404 2162 2403
f 2166 2162 2404
f 2168 2405 2169
f 2405 2406 2169
f 2406 2165 2169
f 2406 2402 2165
f 2404 2171 2166
f 2407 2171 2404
f 2174 2408 2405
f 2174 2405 2168
f 2406 2405 2409
f 2409 2405 2408
f 2407 2410 2171
f 2171 2410 2175
f 2176 2175 2410
f 2176 2410 2411
f 2178 2412 2179
f 2408 2174 2179
f 2412 2408 2179
f 2413 2408 2412
f 2409 2408 2414
f 2414 2408 2413
f 2411 2415 2176
f 2176 2415 2180
f 2181 2180 2415
f 2181 2415 2416
f 2184 2417 2412
f 2184 2412 2178
f 2419 2413 2418
f 2413 2417 2418
f 2413 2412 2417
f 2413 2419 2414
f 2185 2181 2420
f 2181 2421 2420
f 2181 2416 2421
f 2420 2186 2185
f 2188 2422 2189
f 2417 2184 2189
f 2422 2417 2189
f 2423 2417 2422
f 2418 2417 2424
f 2424 2417 2423
f 2421 2425 2420
f 2425 2427 2426
f 2425 2426 2190
f 2420 2425 2190
f 2186 2420 2190
f 2426 2191 2190
f 2192 2422 2188
f 2422 2192 2194
f 2422 2194 2423
f 2194 2196 2423
f 2196 2424 2423
f 2196 2428 2424
f 2427 2429 2426
f 2429 2431 2430
f 2429 2430 2197
f 2426 2429 2197
f 2191 2426 2197
f 2432 2198 2197
f 2432 2197 2430
f 2432 2199 2198
f 2201 2433 2202
f 2434 2203 2202
f 2434 2202 2433
f 2434 2435 2203
f 2435 2196 2203
f 2435 2428 2196
f 2431 2436 2430
f 2430 2436 2432
f 2432 2436 2437
f 2437 2439 2438
f 2437 2438 2204
f 2432 2437 2204
f 2199 2432 2204
f 2438 2205 2204
f 2442 2441 2440
f 2443 2440 2441
f 2208 2444 2209
f 2433 2201 2209
f 2444 2433 2209
f 2445 2433 2444
f 2447 2434 2446
f 2434 2445 2446
f 2434 2433 2445
f 2434 2447 2435
f 2439 2448 2438
f 2438 2448 2205
f 2448 2210 2205
f 2448 2449 2210
f 2440 2450 2211
f 2449 2440 2211
f 2210 2449 2211
f 2442 2440 2449
f 2440 2443 2451
f 2440 2451 2450
f 2213 2452 2212
f 2453 2214 2212
f 2453 2212 2452
f 2454 2215 2214
f 2454 2214 2453
f 2455 2216 2215
f 2455 2215 2454
f 2455 2456 2216
f 2216 2456 2208
f 2456 2457 2208
f 2457 2444 2208
f 2444 2457 2445
f 2445 2457 2458
f 2445 2458 2446
f 2450 2217 2211
f 2218 2217 2450
f 2451 2218 2450
f 2459 2218 2451
f 2462 2461 2460
f 2464 2463 2460
f 2464 2460 2461
f 2465 2463 2464
f 2467 2466 2452
f 2213 2467 2452
f 2219 2467 2213
f 2452 2466 2453
f 2453 2466 2468
f 2453 2468 2454
f 2454 2468 2469
f 2454 2469 2455
f 2455 2469 2470
f 2455 2470 2456
f 2459 2471 2218
f 2218 2471 2220
f 2220 2472 2221
f 2471 2472 2220
f 2460 2222 2462
f 2222 2472 2462
f 2222 2221 2472
f 2222 2460 2223
f 2223 2460 2463
f 2474 2473 2225
f 2474 2225 2223
f 2465 2474 2223
f 2463 2465 2223
f 2476 2475 2473
f 2476 2473 2474
f 2477 2475 2476
f 2227 2478 2228
f 2478 2230 2228
f 2481 2480 2479
f 2480 2467 2479
f 2467 2232 2479
f 2467 2219 2232
f 2473 2233 2225
f 2233 2473 2234
f 2234 2473 2475
f 2477 2482 2475
f 2482 2234 2475
f 2482 2235 2234
f 2227 2235 2478
f 2235 2483 2478
f 2235 2482 2483
f 2478 2483 2230
f 2483 2236 2230
f 2483 2484 2236
f 2479 2237 2481
f 2237 2484 2481
f 2237 2236 2484
f 2237 2479 2232
f 2487 2486 2485
f 2489 2488 2485
f 2485 2488 2487
f 2491 2490 2489
f 2489 2490 2488
f 2493 2492 2491
f 2491 2492 2490
f 2495 2494 2493
f 2493 2494 2492
f 2497 2496 2495
f 2495 2496 2494
f 2497 2498 2496
f 2501 2500 2499
f 2239 2240 2499
f 2240 2501 2499
f 2240 2502 2501
f 2241 2485 2486
f 2502 2241 2486
f 2240 2241 2502
f 2485 2241 2243
f 2485 2243 2489
f 2489 2243 2245
f 2489 2245 2491
f 2491 2245 2247
f 2491 2247 2493
f 2493 2247 2248
f 2493 2248 2495
f 2495 2248 2249
f 2495 2249 2497
f 2503 2498 2497
f 2249 2503 2497
f 2250 2503 2249
f 2504 2250 2251
f 2504 2503 2250
f 2506 2505 2253
f 2505 2251 2253
f 2505 2504 2251
f 2506 2507 2505
f 2510 2509 2508
f 2510 2508 2500
f 2500 2508 2499
f 2508 2255 2499
f 2255 2256 2499
f 2499 2256 2239
f 2257 2506 2253
f 2511 2507 2506
f 2257 2511 2506
f 2258 2511 2257
f 2513 2512 2260
f 2512 2258 2260
f 2512 2511 2258
f 2513 2514 2512
f 2517 2516 2515
f 2517 2515 2509
f 2509 2515 2508
f 2515 2262 2508
f 2262 2263 2508
f 2508 2263 2255
f 2264 2513 2260
f 2519 2518 2266
f 2266 2518 2264
f 2518 2514 2264
f 2514 2513 2264
f 2519 2520 2518
f 2515 2516 2269
f 2516 2268 2269
f 2516 2521 2268
f 2515 2269 2262
f 2271 2519 2266
f 2523 2522 2273
f 2273 2522 2271
f 2522 2520 2271
f 2520 2519 2271
f 2523 2524 2522
f 2527 2526 2525
f 2529 2528 2525
f 2525 2528 2527
f 2275 2276 2529
f 2276 2528 2529
f 2276 2530 2528
f 2276 2268 2521
f 2276 2521 2530
f 2277 2523 2273
f 2532 2531 2279
f 2279 2531 2277
f 2531 2524 2277
f 2524 2523 2277
f 2532 2533 2531
f 2525 2526 2534
f 2534 2526 2535
f 2534 2281 2282
f 2529 2534 2282
f 2525 2534 2529
f 2529 2282 2275
f 2284 2532 2279
f 2537 2536 2286
f 2286 2536 2284
f 2536 2533 2284
f 2533 2532 2284
f 2537 2538 2536
f 2534 2535 2289
f 2535 2288 2289
f 2535 2539 2288
f 2534 2289 2281
f 2291 2537 2286
f 2541 2540 2293
f 2293 2540 2291
f 2540 2538 2291
f 2538 2537 2291
f 2541 2542 2540
f 2545 2544 2543
f 2543 2546 2545
f 2549 2548 2547
f 2539 2549 2547
f 2295 2539 2547
f 2288 2539 2295
f 2296 2541 2293
f 2550 2542 2541
f 2296 2550 2541
f 2298 2550 2296
f 2551 2543 2300
f 2543 2550 2300
f 2550 2298 2300
f 2543 2544 2550
f 2546 2543 2552
f 2543 2553 2552
f 2543 2551 2553
f 2553 2554 2552
f 2557 2556 2555
f 2555 2558 2557
f 2547 2548 2303
f 2548 2302 2303
f 2548 2559 2302
f 2547 2303 2295
f 2304 2551 2300
f 2551 2304 2305
f 2551 2305 2553
f 2561 2560 2307
f 2307 2560 2305
f 2560 2554 2305
f 2554 2553 2305
f 2561 2562 2560
f 2556 2563 2555
f 2566 2565 2564
f 2555 2563 2558
f 2559 2564 2565
f 2309 2559 2565
f 2302 2559 2309
f 2310 2561 2307
f 2568 2567 2312
f 2312 2567 2310
f 2567 2562 2310
f 2562 2561 2310
f 2568 2569 2567
f 2565 2566 2570
f 2570 2566 2571
f 2570 2314 2309
f 2570 2309 2565
f 2315 2568 2312
f 2315 2317 2568
f 2317 2569 2568
f 2317 2572 2569
f 2570 2571 2573
f 2573 2571 2574
f 2573 2319 2314
f 2573 2314 2570
f 2575 2572 2317
f 2575 2317 2320
f 2320 2322 2575
f 2575 2322 2576
f 2573 2574 2577
f 2577 2574 2578
f 2577 2324 2319
f 2577 2319 2573
f 2579 2576 2322
f 2579 2322 2325
f 2325 2327 2579
f 2579 2327 2580
f 2578 2581 2577
f 2581 2583 2582
f 2581 2582 2328
f 2577 2581 2328
f 2324 2577 2328
f 2582 2329 2328
f 2330 2585 2584
f 2580 2330 2584
f 2327 2330 2580
f 2585 2586 2584
f 2582 2583 2587
f 2587 2583 2588
f 2587 2331 2329
f 2587 2329 2582
f 2332 2585 2330
f 2590 2589 2334
f 2334 2589 2332
f 2589 2586 2332
f 2586 2585 2332
f 2590 2591 2589
f 2587 2588 2592
f 2592 2588 2593
f 2592 2335 2331
f 2592 2331 2587
f 2336 2594 2590
f 2336 2590 2334
f 2591 2590 2595
f 2595 2590 2594
f 2598 2597 2596
f 2598 2596 2593
f 2593 2596 2592
f 2596 2338 2592
f 2338 2339 2592
f 2592 2339 2335
f 2340 2594 2336
f 2599 2595 2594
f 2340 2599 2594
f 2341 2599 2340
f 2601 2600 2343
f 2600 2341 2343
f 2600 2599 2341
f 2601 2602 2600
f 2596 2597 2603
f 2603 2597 2604
f 2603 2345 2338
f 2603 2338 2596
f 2348 2605 2601
f 2348 2601 2343
f 2602 2601 2606
f 2606 2601 2605
f 2604 2607 2603
f 2345 2603 2607
f 2608 2345 2607
f 2350 2345 2608
f 2353 2609 2605
f 2353 2605 2348
f 2606 2605 2610
f 2610 2605 2609
f 2608 2355 2350
f 2611 2355 2608
f 2357 2609 2353
f 2613 2612 2359
f 2359 2612 2357
f 2612 2610 2357
f 2610 2609 2357
f 2613 2614 2612
f 2611 2615 2355
f 2355 2615 2360
f 2361 2360 2615
f 2361 2615 2616
f 2363 2617 2613
f 2363 2613 2359
f 2614 2613 2618
f 2618 2613 2617
f 2616 2364 2361
f 2619 2364 2616
f 2366 2620 2617
f 2366 2617 2363
f 2618 2617 2621
f 2621 2617 2620
f 2367 2364 2622
f 2364 2623 2622
f 2364 2619 2623
f 2622 2368 2367
f 2370 2624 2620
f 2370 2620 2366
f 2621 2620 2625
f 2625 2620 2624
f 2623 2626 2622
f 2371 2368 2622
f 2627 2371 2622
f 2626 2627 2622
f 2371 2627 2628
f 2629 2628 2627
f 2373 2630 2624
f 2373 2624 2370
f 2625 2624 2631
f 2631 2624 2630
f 2628 2374 2371
f 2375 2374 2628
f 2629 2375 2628
f 2632 2375 2629
f 2377 2633 2630
f 2377 2630 2373
f 2631 2630 2634
f 2634 2630 2633
f 2378 2375 2635
f 2375 2636 2635
f 2375 2632 2636
f 2635 2380 2378
f 2381 2633 2377
f 2381 2383 2633
f 2383 2634 2633
f 2383 2637 2634
f 2635 2636 2386
f 2636 2385 2386
f 2636 2638 2385
f 2635 2386 2380
f 2391 2637 2383
f 2391 2639 2637
f 2392 2385 2640
f 2385 2641 2640
f 2385 2638 2641
f 2392 2640 2642
f 2643 2392 2642
f 2393 2392 2643
f 2393 2644 2394
f 2643 2644 2393
f 2644 2646 2645
f 2395 2644 2645
f 2394 2644 2395
f 2645 2396 2395
f 2398 2647 2399
f 2647 2648 2399
f 2648 2391 2399
f 2648 2639 2391
f 2641 2649 2640
f 2640 2649 2642
f 2646 2650 2645
f 2396 2645 2650
f 2651 2396 2650
f 2401 2396 2651
f 2402 2652 2647
f 2402 2647 2398
f 2648 2647 2653
f 2653 2647 2652
f 2403 2401 2654
f 2401 2655 2654
f 2401 2651 2655
f 2654 2404 2403
f 2406 2656 2652
f 2406 2652 2402
f 2653 2652 2657
f 2657 2652 2656
f 2655 2658 2654
f 2404 2654 2658
f 2659 2404 2658
f 2407 2404 2659
f 2409 2660 2656
f 2409 2656 2406
f 2657 2656 2661
f 2661 2656 2660
f 2659 2662 2407
f 2407 2662 2410
f 2411 2410 2662
f 2411 2662 2663
f 2665 2664 2660
f 2409 2665 2660
f 2414 2665 2409
f 2660 2664 2661
f 2663 2666 2411
f 2411 2666 2415
f 2416 2415 2666
f 2416 2666 2667
f 2418 2668 2419
f 2668 2669 2419
f 2669 2414 2419
f 2669 2665 2414
f 2667 2421 2416
f 2670 2421 2667
f 2424 2671 2668
f 2424 2668 2418
f 2669 2668 2672
f 2668 2673 2672
f 2668 2671 2673
f 2673 2674 2672
f 2670 2675 2421
f 2421 2675 2425
f 2427 2425 2675
f 2427 2675 2676
f 2428 2677 2671
f 2428 2671 2424
f 2679 2673 2678
f 2673 2677 2678
f 2673 2671 2677
f 2673 2679 2674
f 2676 2680 2427
f 2427 2680 2429
f 2431 2429 2680
f 2431 2680 2681
f 2684 2683 2682
f 2686 2685 2682
f 2686 2682 2683
f 2687 2685 2686
f 2435 2688 2677
f 2435 2677 2428
f 2678 2677 2689
f 2689 2677 2688
f 2681 2690 2431
f 2431 2690 2436
f 2682 2437 2684
f 2437 2690 2684
f 2437 2436 2690
f 2437 2682 2439
f 2682 2691 2439
f 2682 2685 2691
f 2685 2687 2692
f 2685 2692 2691
f 2694 2693 2441
f 2694 2441 2442
f 2443 2441 2693
f 2443 2693 2695
f 2698 2697 2696
f 2699 2696 2697
f 2446 2700 2447
f 2700 2701 2447
f 2447 2701 2435
f 2701 2702 2435
f 2702 2688 2435
f 2688 2702 2689
f 2691 2448 2439
f 2692 2703 2691
f 2703 2448 2691
f 2703 2449 2448
f 2442 2449 2694
f 2694 2449 2703
f 2695 2451 2443
f 2704 2451 2695
f 2707 2706 2705
f 2705 2706 2698
f 2696 2705 2698
f 2708 2705 2696
f 2696 2699 2709
f 2696 2709 2708
f 2456 2710 2457
f 2711 2458 2457
f 2711 2457 2710
f 2711 2712 2458
f 2458 2712 2446
f 2712 2713 2446
f 2713 2700 2446
f 2700 2713 2701
f 2704 2459 2451
f 2714 2459 2704
f 2707 2705 2715
f 2707 2715 2716
f 2462 2715 2461
f 2715 2708 2461
f 2715 2705 2708
f 2464 2461 2708
f 2717 2464 2708
f 2709 2717 2708
f 2718 2464 2717
f 2718 2465 2464
f 2467 2719 2466
f 2720 2468 2466
f 2720 2466 2719
f 2721 2469 2468
f 2721 2468 2720
f 2722 2470 2469
f 2722 2469 2721
f 2710 2456 2470
f 2722 2710 2470
f 2723 2710 2722
f 2710 2724 2711
f 2710 2723 2724
f 2712 2711 2725
f 2725 2711 2724
f 2714 2726 2459
f 2459 2726 2471
f 2715 2472 2716
f 2472 2726 2716
f 2472 2471 2726
f 2472 2715 2462
f 2717 2727 2718
f 2727 2729 2728
f 2727 2728 2474
f 2718 2727 2474
f 2465 2718 2474
f 2730 2476 2474
f 2730 2474 2728
f 2730 2477 2476
f 2481 2731 2480
f 2731 2732 2480
f 2480 2732 2467
f 2732 2733 2467
f 2733 2719 2467
f 2735 2734 2733
f 2734 2719 2733
f 2734 2720 2719
f 2720 2736 2721
f 2720 2734 2736
f 2721 2737 2722
f 2721 2736 2737
f 2739 2723 2738
f 2723 2737 2738
f 2723 2722 2737
f 2723 2739 2724
f 2724 2739 2740
f 2724 2740 2725
f 2729 2741 2728
f 2728 2741 2730
f 2730 2741 2742
f 2742 2744 2743
f 2742 2743 2482
f 2730 2742 2482
f 2477 2730 2482
f 2745 2483 2482
f 2745 2482 2743
f 2746 2484 2483
f 2746 2483 2745
f 2746 2747 2484
f 2484 2747 2481
f 2747 2748 2481
f 2748 2731 2481
f 2731 2748 2732
f 2735 2749 2734
f 2734 2749 2736
f 2736 2749 2750
f 2736 2750 2737
f 2737 2750 2751
f 2737 2751 2738
f 2744 2752 2743
f 2743 2752 2745
f 2745 2752 2753
f 2745 2753 2746
f 2746 2753 2754
f 2746 2754 2747
f 2757 2756 2755
f 2486 2487 2755
f 2487 2757 2755
f 2487 2758 2757
f 2759 2487 2488
f 2759 2758 2487
f 2760 2488 2490
f 2760 2759 2488
f 2761 2490 2492
f 2761 2760 2490
f 2762 2492 2494
f 2762 2761 2492
f 2763 2494 2496
f 2763 2762 2494
f 2765 2764 2498
f 2764 2496 2498
f 2764 2763 2496
f 2767 2766 2765
f 2765 2766 2764
f 2767 2768 2766
f 2771 2770 2769
f 2500 2501 2769
f 2501 2771 2769
f 2501 2772 2771
f 2502 2755 2756
f 2772 2502 2756
f 2501 2502 2772
f 2755 2502 2486
f 2503 2765 2498
f 2765 2503 2504
f 2765 2504 2767
f 2773 2768 2767
f 2504 2773 2767
f 2505 2773 2504
f 2775 2774 2507
f 2774 2505 2507
f 2774 2773 2505
f 2775 2776 2774
f 2779 2778 2777
f 2779 2777 2770
f 2770 2777 2769
f 2777 2509 2769
f 2509 2510 2769
f 2769 2510 2500
f 2511 2775 2507
f 2780 2776 2775
f 2511 2780 2775
f 2512 2780 2511
f 2512 2514 2780
f 2780 2514 2781
f 2784 2783 2782
f 2784 2782 2778
f 2778 2782 2777
f 2782 2516 2777
f 2516 2517 2777
f 2777 2517 2509
f 2785 2781 2514
f 2785 2514 2518
f 2518 2520 2785
f 2785 2520 2786
f 2789 2788 2787
f 2791 2790 2787
f 2787 2790 2789
f 2790 2791 2783
f 2791 2782 2783
f 2791 2792 2782
f 2792 2521 2516
f 2792 2516 2782
f 2793 2786 2520
f 2793 2520 2522
f 2522 2524 2793
f 2793 2524 2794
f 2797 2796 2795
f 2797 2795 2788
f 2788 2795 2787
f 2795 2526 2787
f 2526 2527 2787
f 2787 2527 2528
f 2787 2528 2791
f 2791 2528 2530
f 2791 2530 2792
f 2792 2530 2521
f 2798 2794 2524
f 2798 2524 2531
f 2800 2799 2533
f 2799 2531 2533
f 2799 2798 2531
f 2800 2801 2799
f 2796 2802 2795
f 2526 2795 2802
f 2803 2526 2802
f 2535 2526 2803
f 2536 2800 2533
f 2536 2538 2800
f 2538 2801 2800
f 2538 2804 2801
f 2807 2806 2805
f 2803 2807 2805
f 2539 2803 2805
f 2535 2803 2539
f 2808 2804 2538
f 2808 2538 2540
f 2540 2542 2808
f 2808 2542 2809
f 2811 2810 2545
f 2545 2810 2544
f 2545 2546 2811
f 2811 2546 2812
f 2815 2814 2813
f 2815 2813 2806
f 2806 2813 2805
f 2813 2548 2805
f 2548 2549 2805
f 2805 2549 2539
f 2816 2809 2542
f 2816 2542 2550
f 2550 2544 2810
f 2550 2810 2816
f 2546 2552 2817
f 2818 2546 2817
f 2812 2546 2818
f 2554 2817 2552
f 2820 2819 2557
f 2557 2819 2556
f 2821 2813 2558
f 2813 2820 2558
f 2820 2557 2558
f 2813 2814 2820
f 2821 2559 2548
f 2821 2548 2813
f 2822 2818 2817
f 2824 2822 2823
f 2823 2822 2560
f 2822 2817 2560
f 2817 2554 2560
f 2562 2823 2560
f 2563 2556 2825
f 2556 2826 2825
f 2556 2819 2826
f 2825 2558 2563
f 2825 2821 2558
f 2825 2566 2564
f 2821 2825 2564
f 2821 2564 2559
f 2827 2824 2823
f 2829 2827 2828
f 2828 2827 2567
f 2827 2823 2567
f 2823 2562 2567
f 2569 2828 2567
f 2826 2830 2825
f 2566 2825 2830
f 2831 2566 2830
f 2571 2566 2831
f 2832 2829 2828
f 2828 2569 2832
f 2569 2833 2832
f 2569 2572 2833
f 2831 2574 2571
f 2834 2574 2831
f 2835 2833 2572
f 2835 2572 2575
f 2575 2576 2835
f 2835 2576 2836
f 2834 2578 2574
f 2837 2578 2834
f 2838 2836 2576
f 2838 2576 2579
f 2579 2580 2838
f 2838 2580 2839
f 2837 2840 2578
f 2578 2840 2581
f 2583 2581 2840
f 2583 2840 2841
f 2842 2839 2580
f 2842 2580 2584
f 2844 2843 2586
f 2843 2584 2586
f 2843 2842 2584
f 2844 2845 2843
f 2848 2847 2846
f 2841 2848 2846
f 2588 2841 2846
f 2583 2841 2588
f 2589 2844 2586
f 2850 2849 2591
f 2591 2849 2589
f 2849 2845 2589
f 2845 2844 2589
f 2850 2851 2849
f 2846 2847 2852
f 2852 2847 2853
f 2852 2593 2588
f 2852 2588 2846
f 2595 2854 2850
f 2595 2850 2591
f 2851 2850 2855
f 2855 2850 2854
f 2852 2853 2598
f 2853 2597 2598
f 2853 2856 2597
f 2852 2598 2593
f 2599 2854 2595
f 2857 2855 2854
f 2599 2857 2854
f 2600 2857 2599
f 2600 2602 2857
f 2857 2602 2858
f 2856 2604 2597
f 2859 2604 2856
f 2606 2861 2860
f 2858 2606 2860
f 2602 2606 2858
f 2861 2862 2860
f 2859 2863 2604
f 2604 2863 2607
f 2608 2607 2863
f 2608 2863 2864
f 2610 2865 2861
f 2610 2861 2606
f 2862 2861 2866
f 2866 2861 2865
f 2864 2611 2608
f 2867 2611 2864
f 2612 2865 2610
f 2612 2614 2865
f 2614 2866 2865
f 2614 2868 2866
f 2615 2611 2869
f 2611 2870 2869
f 2611 2867 2870
f 2869 2616 2615
f 2618 2872 2871
f 2868 2618 2871
f 2614 2618 2868
f 2872 2873 2871
f 2870 2874 2869
f 2616 2869 2874
f 2875 2616 2874
f 2619 2616 2875
f 2621 2876 2872
f 2621 2872 2618
f 2873 2872 2877
f 2877 2872 2876
f 2879 2623 2878
f 2623 2875 2878
f 2623 2619 2875
f 2880 2879 2878
f 2625 2881 2876
f 2625 2876 2621
f 2877 2876 2882
f 2882 2876 2881
f 2879 2626 2623
f 2880 2883 2879
f 2883 2626 2879
f 2883 2627 2626
f 2629 2627 2883
f 2629 2883 2884
f 2631 2885 2881
f 2631 2881 2625
f 2882 2881 2886
f 2886 2881 2885
f 2884 2632 2629
f 2887 2632 2884
f 2889 2888 2885
f 2631 2889 2885
f 2634 2889 2631
f 2885 2888 2886
f 2891 2636 2890
f 2636 2887 2890
f 2636 2632 2887
f 2892 2891 2890
f 2637 2894 2893
f 2889 2637 2893
f 2634 2637 2889
f 2894 2895 2893
f 2896 2638 2891
f 2891 2638 2636
f 2891 2892 2897
f 2898 2891 2897
f 2896 2891 2898
f 2899 2898 2897
f 2639 2900 2894
f 2639 2894 2637
f 2895 2894 2901
f 2901 2894 2900
f 2903 2902 2896
f 2902 2638 2896
f 2902 2641 2638
f 2642 2904 2643
f 2904 2896 2643
f 2896 2898 2643
f 2904 2903 2896
f 2899 2905 2898
f 2905 2643 2898
f 2905 2644 2643
f 2646 2644 2905
f 2646 2905 2906
f 2648 2907 2900
f 2648 2900 2639
f 2901 2900 2908
f 2908 2900 2907
f 2902 2909 2641
f 2641 2909 2649
f 2642 2649 2904
f 2904 2649 2909
f 2650 2646 2910
f 2646 2911 2910
f 2646 2906 2911
f 2910 2651 2650
f 2653 2912 2907
f 2653 2907 2648
f 2908 2907 2913
f 2913 2907 2912
f 2911 2914 2910
f 2651 2910 2914
f 2915 2651 2914
f 2655 2651 2915
f 2657 2916 2912
f 2657 2912 2653
f 2913 2912 2917
f 2917 2912 2916
f 2915 2918 2655
f 2655 2918 2658
f 2659 2658 2918
f 2659 2918 2919
f 2661 2920 2916
f 2661 2916 2657
f 2917 2916 2921
f 2921 2916 2920
f 2919 2922 2659
f 2659 2922 2662
f 2663 2662 2922
f 2663 2922 2923
f 2665 2924 2664
f 2920 2661 2664
f 2924 2920 2664
f 2925 2920 2924
f 2921 2920 2926
f 2926 2920 2925
f 2666 2663 2927
f 2663 2928 2927
f 2663 2923 2928
f 2927 2667 2666
f 2669 2929 2924
f 2669 2924 2665
f 2924 2930 2925
f 2924 2929 2930
f 2926 2925 2931
f 2931 2925 2930
f 2928 2932 2927
f 2667 2927 2932
f 2933 2667 2932
f 2670 2667 2933
f 2672 2929 2669
f 2929 2672 2674
f 2934 2929 2674
f 2930 2929 2934
f 2931 2930 2935
f 2930 2936 2935
f 2930 2934 2936
f 2936 2937 2935
f 2933 2938 2670
f 2670 2938 2675
f 2676 2675 2938
f 2676 2938 2939
f 2678 2940 2679
f 2934 2674 2679
f 2940 2934 2679
f 2941 2934 2940
f 2943 2936 2942
f 2936 2941 2942
f 2936 2934 2941
f 2936 2943 2937
f 2939 2944 2676
f 2676 2944 2680
f 2681 2680 2944
f 2681 2944 2945
f 2684 2946 2683
f 2947 2686 2683
f 2947 2683 2946
f 2947 2687 2686
f 2689 2948 2940
f 2689 2940 2678
f 2950 2941 2949
f 2941 2948 2949
f 2941 2940 2948
f 2941 2950 2942
f 2945 2951 2681
f 2681 2951 2690
f 2684 2690 2946
f 2690 2952 2946
f 2690 2951 2952
f 2946 2952 2947
f 2947 2952 2953
f 2692 2687 2947
f 2954 2692 2947
f 2953 2954 2947
f 2692 2954 2955
f 2693 2694 2955
f 2954 2693 2955
f 2956 2693 2954
f 2695 2693 2956
f 2695 2956 2957
f 2959 2958 2697
f 2959 2697 2698
f 2961 2960 2699
f 2697 2961 2699
f 2958 2961 2697
f 2962 2960 2961
f 2701 2963 2702
f 2963 2964 2702
f 2702 2964 2689
f 2964 2965 2689
f 2965 2948 2689
f 2948 2965 2949
f 2955 2703 2692
f 2703 2955 2694
f 2957 2704 2695
f 2966 2704 2957
f 2968 2967 2706
f 2968 2706 2707
f 2698 2706 2959
f 2959 2706 2967
f 2969 2709 2960
f 2960 2709 2699
f 2960 2962 2970
f 2960 2970 2969
f 2712 2971 2713
f 2971 2972 2713
f 2713 2972 2701
f 2972 2973 2701
f 2973 2963 2701
f 2963 2973 2964
f 2975 2714 2974
f 2714 2966 2974
f 2714 2704 2966
f 2974 2968 2975
f 2968 2716 2975
f 2968 2707 2716
f 2976 2717 2969
f 2969 2717 2709
f 2969 2970 2977
f 2969 2977 2976
f 2725 2978 2971
f 2725 2971 2712
f 2972 2971 2979
f 2979 2971 2978
f 2975 2726 2714
f 2726 2975 2716
f 2976 2727 2717
f 2729 2727 2976
f 2977 2729 2976
f 2980 2729 2977
f 2732 2981 2733
f 2981 2735 2733
f 2738 2982 2739
f 2983 2740 2739
f 2983 2739 2982
f 2983 2984 2740
f 2740 2984 2725
f 2984 2985 2725
f 2985 2978 2725
f 2978 2985 2979
f 2980 2986 2729
f 2729 2986 2741
f 2986 2988 2987
f 2742 2986 2987
f 2741 2986 2742
f 2987 2744 2742
f 2747 2989 2748
f 2989 2990 2748
f 2748 2990 2732
f 2990 2991 2732
f 2991 2981 2732
f 2981 2991 2735
f 2991 2749 2735
f 2991 2992 2749
f 2992 2994 2993
f 2750 2992 2993
f 2749 2992 2750
f 2995 2751 2750
f 2995 2750 2993
f 2995 2996 2751
f 2751 2996 2738
f 2996 2997 2738
f 2997 2982 2738
f 2982 2997 2983
f 2983 2997 2998
f 2983 2998 2984
f 2988 2999 2987
f 2987 2999 2744
f 2999 2752 2744
f 2999 3000 2752
f 2752 3001 2753
f 3000 3001 2752
f 2753 3002 2754
f 3001 3002 2753
f 2747 2754 2989
f 2754 3003 2989
f 2754 3002 3003
f 2989 3003 2990
f 2994 3004 2993
f 2993 3004 2995
f 2995 3004 3005
f 2995 3005 2996
f 3008 3007 3006
f 3006 3009 3008
f 3007 3010 3006
f 3006 3010 3009
f 3013 3012 3011
f 3015 3014 3011
f 3011 3014 3013
f 2756 2757 3015
f 2757 3014 3015
f 2757 3016 3014
f 3017 2757 2758
f 3017 3016 2757
f 3018 2758 2759
f 3018 3017 2758
f 3019 2759 2760
f 3019 3018 2759
f 3020 2760 2761
f 3020 3019 2760
f 3021 2761 2762
f 3021 3020 2761
f 3022 2762 2763
f 3022 3021 2762
f 3023 2763 2764
f 3023 3022 2763
f 3024 2764 2766
f 3024 3023 2764
f 3026 3025 2768
f 3025 2766 2768
f 3025 3024 2766
f 3026 3027 3025
f 3030 3029 3028
f 3030 3028 3012
f 3012 3028 3011
f 3028 2770 3011
f 2770 2771 3011
f 3011 2771 2772
f 3011 2772 3015
f 3015 2772 2756
f 2773 3026 2768
f 3031 3027 3026
f 2773 3031 3026
f 2774 3031 2773
f 2774 2776 3031
f 3031 2776 3032
f 3035 3034 3033
f 3035 3033 3029
f 3029 3033 3028
f 3033 2778 3028
f 2778 2779 3028
f 3028 2779 2770
f 3036 3032 2776
f 3036 2776 2780
f 2780 2781 3036
f 3036 2781 3037
f 3033 3034 2784
f 3034 2783 2784
f 3034 3038 2783
f 3033 2784 2778
f 3039 3037 2781
f 3039 2781 2785
f 2785 2786 3039
f 3039 2786 3040
f 3043 3042 3041
f 2788 2789 3041
f 2789 3043 3041
f 2789 3044 3043
f 3045 2789 2790
f 3045 3044 2789
f 2790 2783 3038
f 2790 3038 3045
f 3046 3040 2786
f 3046 2786 2793
f 3048 3047 2794
f 3047 2793 2794
f 3047 3046 2793
f 3048 3049 3047
f 3041 3042 2797
f 3042 2796 2797
f 3042 3050 2796
f 3041 2797 2788
f 2798 3048 2794
f 3051 3049 3048
f 2798 3051 3048
f 2799 3051 2798
f 2799 2801 3051
f 3051 2801 3052
f 2802 2796 3053
f 2796 3054 3053
f 2796 3050 3054
f 3053 2803 2802
f 2804 3056 3055
f 3052 2804 3055
f 2801 2804 3052
f 3056 3057 3055
f 3053 3054 2807
f 3054 2806 2807
f 3054 3058 2806
f 3053 2807 2803
f 2808 3056 2804
f 3060 3059 2809
f 2809 3059 2808
f 3059 3057 2808
f 3057 3056 2808
f 2810 2811 3061
f 3059 3060 3062
f 2812 3061 2811
f 3065 3064 3063
f 2814 2815 3063
f 2815 3065 3063
f 2815 3066 3065
f 2815 2806 3058
f 2815 3058 3066
f 2816 3060 2809
f 2816 3062 3060
f 2816 3067 3062
f 2816 2810 3061
f 3067 2816 3061
f 3061 2812 3067
f 2812 3068 3067
f 2812 2818 3068
f 3063 3064 2820
f 3064 2819 2820
f 3064 3069 2819
f 3063 2820 2814
f 3070 3068 2818
f 3070 2818 2822
f 2822 2824 3070
f 3070 2824 3071
f 3069 2826 2819
f 3072 2826 3069
f 3073 3071 2824
f 3073 2824 2827
f 2827 2829 3073
f 3073 2829 3074
f 2830 2826 3075
f 2826 3076 3075
f 2826 3072 3076
f 3075 2831 2830
f 3077 3074 2829
f 3077 2829 2832
f 3079 3078 2833
f 3078 2832 2833
f 3078 3077 2832
f 3079 3080 3078
f 3076 3081 3075
f 2831 3075 3081
f 3082 2831 3081
f 2834 2831 3082
f 2835 3079 2833
f 3084 3083 2836
f 2836 3083 2835
f 3083 3080 2835
f 3080 3079 2835
f 3084 3085 3083
f 3088 3087 3086
f 3082 3088 3086
f 2837 3082 3086
f 2834 3082 2837
f 2838 3084 2836
f 3090 3089 2839
f 2839 3089 2838
f 3089 3085 2838
f 3085 3084 2838
f 3092 3091 3090
f 3090 3091 3089
f 3092 3093 3091
f 3087 3094 3086
f 3094 3096 3095
f 3094 3095 2840
f 3086 3094 2840
f 2837 3086 2840
f 3095 2841 2840
f 2842 3090 2839
f 3090 2842 2843
f 3090 2843 3092
f 3098 3097 2845
f 2845 3097 2843
f 3097 3093 2843
f 3093 3092 2843
f 3098 3099 3097
f 3102 3101 3100
f 3102 3100 3096
f 3096 3100 3095
f 3100 2847 3095
f 2847 2848 3095
f 3095 2848 2841
f 2849 3098 2845
f 3104 3103 2851
f 2851 3103 2849
f 3103 3099 2849
f 3099 3098 2849
f 3104 3105 3103
f 3100 3101 3106
f 3106 3101 3107
f 3106 2853 2847
f 3106 2847 3100
f 2855 3108 3104
f 2855 3104 2851
f 3105 3104 3109
f 3109 3104 3108
f 3107 3110 3106
f 2853 3106 3110
f 3111 2853 3110
f 2856 2853 3111
f 2857 3108 2855
f 3113 3112 2858
f 2858 3112 2857
f 3112 3109 2857
f 3109 3108 2857
f 3113 3114 3112
f 3111 2859 2856
f 3115 2859 3111
f 2860 3113 2858
f 2860 2862 3113
f 2862 3114 3113
f 2862 3116 3114
f 3119 3118 3117
f 3117 3120 2863
f 3115 3117 2863
f 2859 3115 2863
f 3117 3115 3119
f 3120 2864 2863
f 2866 3122 3121
f 3116 2866 3121
f 2862 2866 3116
f 3122 3123 3121
f 3117 3118 3124
f 3124 3118 3125
f 3127 3120 3126
f 3120 3124 3126
f 3120 3117 3124
f 2864 3120 3127
f 3128 2864 3127
f 2867 2864 3128
f 2868 3129 3122
f 2868 3122 2866
f 3123 3122 3130
f 3130 3122 3129
f 3125 3131 3124
f 3124 3131 3126
f 3133 2870 3132
f 2870 3128 3132
f 2870 2867 3128
f 3134 3133 3132
f 2871 3129 2868
f 2871 2873 3129
f 2873 3130 3129
f 2873 3135 3130
f 3133 2874 2870
f 2875 2874 3133
f 3134 2875 3133
f 3136 2875 3134
f 2877 3135 2873
f 2877 3137 3135
f 3136 3138 2875
f 2875 3138 2878
f 2880 2878 3138
f 2880 3138 3139
f 2882 3137 2877
f 2882 3140 3137
f 2883 2880 3141
f 2880 3142 3141
f 2880 3139 3142
f 3141 2884 2883
f 2886 3140 2882
f 2886 3143 3140
f 3142 3144 3141
f 2884 3141 3144
f 3145 2884 3144
f 2887 2884 3145
f 2889 3146 2888
f 3143 2886 3147
f 2886 3146 3147
f 3146 3148 3147
f 2886 2888 3146
f 3148 3149 3147
f 3145 3150 2887
f 2887 3150 2890
f 2892 2890 3150
f 2892 3150 3151
f 2893 3146 2889
f 3146 2893 2895
f 3152 3146 2895
f 3148 3146 3152
f 3149 3148 3153
f 3153 3148 3152
f 3151 3154 2892
f 2892 3154 2897
f 2899 2897 3154
f 2899 3154 3155
f 2901 3156 3152
f 2901 3152 2895
f 3153 3152 3157
f 3157 3152 3156
f 3158 2902 2903
f 2904 3158 2903
f 3155 3159 2899
f 2899 3159 2905
f 2906 2905 3159
f 2906 3159 3160
f 2908 3161 3156
f 2908 3156 2901
f 3157 3156 3162
f 3162 3156 3161
f 3158 2909 2902
f 2909 3158 2904
f 3164 2911 3163
f 2911 3160 3163
f 2911 2906 3160
f 3165 3164 3163
f 2913 3166 3161
f 2913 3161 2908
f 3162 3161 3167
f 3167 3161 3166
f 3164 2914 2911
f 3169 3168 2915
f 3169 2915 2914
f 3165 3169 2914
f 3164 3165 2914
f 3170 3168 3169
f 3172 3171 3166
f 2913 3172 3166
f 2917 3172 2913
f 3166 3171 3167
f 3168 2918 2915
f 2919 2918 3168
f 3170 2919 3168
f 3173 2919 3170
f 2921 3172 2917
f 2921 3174 3172
f 3173 3175 2919
f 2919 3175 2922
f 2923 2922 3175
f 2923 3175 3176
f 2926 3178 3177
f 3174 2926 3177
f 2921 2926 3174
f 3178 3179 3177
f 3181 2928 3180
f 2928 3176 3180
f 2928 2923 3176
f 3182 3181 3180
f 2931 3183 3178
f 2931 3178 2926
f 3179 3178 3184
f 3184 3178 3183
f 3181 2932 2928
f 2933 2932 3181
f 3182 2933 3181
f 3185 2933 3182
f 2935 3183 2931
f 2935 2937 3183
f 2937 3184 3183
f 2937 3186 3184
f 2938 2933 3187
f 2933 3188 3187
f 2933 3185 3188
f 3187 2939 2938
f 3191 3190 3189
f 3193 3192 3189
f 3193 3189 3190
f 3194 3192 3193
f 2942 3195 2943
f 3195 3196 2943
f 3196 2937 2943
f 3196 3186 2937
f 3188 3197 3187
f 3187 3197 2939
f 3197 2944 2939
f 3197 3198 2944
f 3189 3199 2945
f 3198 3189 2945
f 2944 3198 2945
f 3191 3189 3198
f 3200 3189 3192
f 3199 3189 3200
f 3192 3194 3201
f 3202 3192 3201
f 3200 3192 3202
f 3204 3203 3202
f 3204 3202 3201
f 3206 3205 3203
f 3206 3203 3204
f 3207 3205 3206
f 3209 3208 2950
f 3209 2950 2949
f 2942 2950 3195
f 2950 3210 3195
f 2950 3208 3210
f 3195 3210 3196
f 3199 2951 2945
f 2951 3199 2952
f 2952 3199 3200
f 2952 3200 2953
f 2953 3200 3202
f 2953 3202 2954
f 2954 3202 3203
f 2954 3203 2956
f 2956 3203 3205
f 2957 2956 3205
f 3207 2957 3205
f 3211 2957 3207
f 2959 3212 2958
f 3213 2961 2958
f 3213 2958 3212
f 3213 2962 2961
f 3215 3214 2965
f 3215 2965 2964
f 2949 2965 3209
f 3209 2965 3214
f 3217 2966 3216
f 2966 3211 3216
f 2966 2957 3211
f 2967 2968 3217
f 3216 2967 3217
f 3218 2967 3216
f 2959 2967 3212
f 2967 3219 3212
f 2967 3218 3219
f 3212 3219 3213
f 3213 3219 3220
f 2962 3213 3220
f 3221 2962 3220
f 2970 2962 3221
f 2972 3222 2973
f 3222 3223 2973
f 3223 2964 2973
f 3223 3215 2964
f 3217 2974 2966
f 2974 3217 2968
f 3221 2977 2970
f 3224 2977 3221
f 2979 3225 3222
f 2979 3222 2972
f 3223 3222 3226
f 3226 3222 3225
f 3228 2980 3227
f 2980 3224 3227
f 2980 2977 3224
f 3229 3228 3227
f 2984 3230 2985
f 3230 3231 2985
f 2985 3231 2979
f 3231 3232 2979
f 3232 3225 2979
f 3225 3232 3226
f 3228 2986 2980
f 3234 3233 2988
f 3234 2988 2986
f 3229 3234 2986
f 3228 3229 2986
f 3235 3233 3234
f 3238 3237 3236
f 2991 2990 3236
f 3237 2991 3236
f 3239 2991 3237
f 3239 3241 3240
f 2992 3239 3240
f 2991 3239 2992
f 3240 2994 2992
f 2996 3242 2997
f 2997 3242 3243
f 3244 2997 3243
f 2998 2997 3244
f 2984 2998 3230
f 2998 3245 3230
f 2998 3244 3245
f 3230 3245 3231
f 3233 2999 2988
f 3235 3246 3233
f 3246 2999 3233
f 3246 3000 2999
f 3000 3247 3001
f 3246 3247 3000
f 3001 3248 3002
f 3247 3248 3001
f 3236 3003 3238
f 3003 3248 3238
f 3003 3002 3248
f 3003 3236 2990
f 3241 3249 3240
f 3249 3251 3250
f 3249 3250 3004
f 3240 3249 3004
f 2994 3240 3004
f 3252 3005 3004
f 3252 3004 3250
f 3252 3253 3005
f 3005 3253 2996
f 3253 3254 2996
f 3254 3242 2996
f 3242 3254 3243
f 3250 3251 3008
f 3251 3007 3008
f 3251 3255 3007
f 3250 3008 3009
f 3256 3250 3009
f 3252 3250 3256
f 3253 3252 3257
f 3257 3252 3256
f 3255 3258 3007
f 3007 3258 3010
f 3009 3010 3256
f 3010 3259 3256
f 3010 3258 3259
f 3256 3259 3257
f 3262 3261 3260
f 3264 3263 3260
f 3260 3263 3262
f 3266 3265 3264
f 3264 3265 3263
f 3268 3267 3266
f 3266 3267 3265
f 3270 3269 3268
f 3268 3269 3267
f 3272 3271 3270
f 3270 3271 3269
f 3272 3273 3271
f 3274 3012 3013
f 3261 3275 3260
f 3275 3013 3260
f 3013 3014 3260
f 3013 3275 3274
f 3260 3014 3016
f 3260 3016 3264
f 3264 3016 3017
f 3264 3017 3266
f 3266 3017 3018
f 3266 3018 3268
f 3268 3018 3019
f 3268 3019 3270
f 3270 3019 3020
f 3270 3020 3272
f 3276 3273 3272
f 3020 3276 3272
f 3021 3276 3020
f 3277 3021 3022
f 3277 3276 3021
f 3278 3022 3023
f 3278 3277 3022
f 3280 3278 3279
f 3278 3024 3279
f 3278 3023 3024
f 3025 3281 3024
f 3024 3281 3279
f 3027 3281 3025
f 3282 3029 3030
f 3283 3282 3030
f 3283 3030 3012
f 3284 3283 3012
f 3274 3284 3012
f 3284 3274 3275
f 3285 3280 3279
f 3285 3279 3281
f 3285 3281 3286
f 3288 3286 3287
f 3287 3286 3031
f 3286 3281 3031
f 3281 3027 3031
f 3032 3287 3031
f 3290 3289 3035
f 3035 3289 3034
f 3035 3029 3282
f 3291 3035 3282
f 3290 3035 3291
f 3291 3282 3283
f 3292 3288 3287
f 3292 3287 3032
f 3036 3292 3032
f 3293 3292 3036
f 3036 3037 3293
f 3293 3037 3294
f 3297 3296 3295
f 3289 3297 3295
f 3038 3289 3295
f 3034 3289 3038
f 3298 3294 3037
f 3298 3037 3039
f 3039 3040 3298
f 3298 3040 3299
f 3300 3042 3043
f 3044 3301 3043
f 3043 3301 3300
f 3296 3302 3295
f 3302 3044 3295
f 3044 3045 3295
f 3044 3302 3301
f 3295 3045 3038
f 3303 3299 3040
f 3303 3040 3046
f 3305 3303 3304
f 3303 3047 3304
f 3303 3046 3047
f 3049 3304 3047
f 3307 3306 3300
f 3306 3042 3300
f 3306 3050 3042
f 3307 3300 3301
f 3307 3301 3308
f 3308 3301 3302
f 3309 3305 3304
f 3311 3309 3310
f 3310 3309 3051
f 3309 3304 3051
f 3304 3049 3051
f 3052 3310 3051
f 3306 3054 3050
f 3312 3054 3306
f 3313 3311 3310
f 3315 3313 3314
f 3314 3313 3055
f 3313 3310 3055
f 3310 3052 3055
f 3057 3314 3055
f 3318 3317 3316
f 3312 3318 3316
f 3058 3312 3316
f 3054 3312 3058
f 3319 3315 3314
f 3319 3314 3057
f 3059 3319 3057
f 3320 3319 3059
f 3059 3062 3320
f 3320 3062 3321
f 3323 3322 3065
f 3065 3322 3064
f 3066 3316 3317
f 3323 3066 3317
f 3065 3066 3323
f 3316 3066 3058
f 3324 3321 3062
f 3324 3062 3067
f 3067 3068 3324
f 3324 3068 3325
f 3322 3069 3064
f 3326 3069 3322
f 3327 3325 3068
f 3327 3068 3070
f 3329 3328 3071
f 3328 3070 3071
f 3328 3327 3070
f 3329 3330 3328
f 3326 3072 3069
f 3331 3072 3326
f 3073 3329 3071
f 3333 3332 3074
f 3074 3332 3073
f 3332 3330 3073
f 3330 3329 3073
f 3333 3334 3332
f 3331 3076 3072
f 3335 3076 3331
f 3077 3333 3074
f 3336 3334 3333
f 3077 3336 3333
f 3078 3336 3077
f 3338 3337 3080
f 3337 3078 3080
f 3337 3336 3078
f 3338 3339 3337
f 3081 3076 3340
f 3076 3341 3340
f 3076 3335 3341
f 3340 3082 3081
f 3083 3338 3080
f 3083 3085 3338
f 3085 3339 3338
f 3085 3342 3339
f 3340 3341 3088
f 3341 3087 3088
f 3341 3343 3087
f 3340 3088 3082
f 3344 3342 3085
f 3344 3085 3089
f 3345 3089 3091
f 3345 3344 3089
f 3347 3346 3093
f 3346 3091 3093
f 3346 3345 3091
f 3347 3348 3346
f 3094 3087 3349
f 3087 3350 3349
f 3087 3343 3350
f 3349 3096 3094
f 3097 3347 3093
f 3352 3351 3099
f 3099 3351 3097
f 3351 3348 3097
f 3348 3347 3097
f 3352 3353 3351
f 3349 3350 3102
f 3350 3101 3102
f 3350 3354 3101
f 3349 3102 3096
f 3103 3352 3099
f 3103 3105 3352
f 3105 3353 3352
f 3105 3355 3353
f 3354 3107 3101
f 3356 3107 3354
f 3109 3358 3357
f 3355 3109 3357
f 3105 3109 3355
f 3358 3359 3357
f 3356 3360 3107
f 3107 3360 3110
f 3111 3110 3360
f 3111 3360 3361
f 3112 3358 3109
f 3363 3362 3114
f 3114 3362 3112
f 3362 3359 3112
f 3359 3358 3112
f 3363 3364 3362
f 3361 3115 3111
f 3365 3115 3361
f 3116 3366 3363
f 3116 3363 3114
f 3364 3363 3367
f 3367 3363 3366
f 3368 3118 3119
f 3369 3368 3119
f 3115 3369 3119
f 3365 3369 3115
f 3121 3366 3116
f 3121 3123 3366
f 3123 3367 3366
f 3123 3370 3367
f 3371 3125 3368
f 3368 3125 3118
f 3372 3127 3126
f 3368 3372 3126
f 3371 3368 3126
f 3372 3368 3369
f 3128 3127 3372
f 3128 3372 3373
f 3130 3370 3123
f 3130 3374 3370
f 3371 3131 3125
f 3131 3371 3126
f 3373 3375 3128
f 3128 3375 3132
f 3134 3132 3375
f 3134 3375 3376
f 3135 3378 3377
f 3374 3135 3377
f 3130 3135 3374
f 3378 3379 3377
f 3376 3136 3134
f 3380 3136 3376
f 3137 3381 3378
f 3137 3378 3135
f 3379 3378 3382
f 3382 3378 3381
f 3380 3383 3136
f 3136 3383 3138
f 3139 3138 3383
f 3139 3383 3384
f 3140 3385 3381
f 3140 3381 3137
f 3382 3381 3386
f 3386 3381 3385
f 3384 3142 3139
f 3387 3142 3384
f 3143 3388 3385
f 3143 3385 3140
f 3386 3385 3389
f 3389 3385 3388
f 3387 3390 3142
f 3142 3390 3144
f 3145 3144 3390
f 3145 3390 3391
f 3147 3388 3143
f 3393 3392 3149
f 3149 3392 3147
f 3392 3389 3147
f 3389 3388 3147
f 3393 3394 3392
f 3391 3395 3145
f 3145 3395 3150
f 3397 3396 3151
f 3150 3397 3151
f 3395 3397 3150
f 3398 3396 3397
f 3153 3399 3393
f 3153 3393 3149
f 3394 3393 3400
f 3400 3393 3399
f 3396 3154 3151
f 3155 3154 3396
f 3398 3155 3396
f 3401 3155 3398
f 3157 3402 3399
f 3157 3399 3153
f 3400 3399 3403
f 3403 3399 3402
f 3401 3404 3155
f 3155 3404 3159
f 3160 3159 3404
f 3160 3404 3405
f 3407 3406 3402
f 3157 3407 3402
f 3162 3407 3157
f 3402 3406 3403
f 3405 3408 3160
f 3160 3408 3163
f 3165 3163 3408
f 3165 3408 3409
f 3167 3407 3162
f 3167 3410 3407
f 3409 3411 3165
f 3165 3411 3169
f 3170 3169 3411
f 3170 3411 3412
f 3414 3413 3171
f 3414 3171 3172
f 3167 3171 3410
f 3410 3171 3413
f 3416 3173 3415
f 3173 3412 3415
f 3173 3170 3412
f 3417 3416 3415
f 3174 3414 3172
f 3174 3418 3414
f 3416 3175 3173
f 3176 3175 3416
f 3417 3176 3416
f 3419 3176 3417
f 3174 3177 3420
f 3421 3174 3420
f 3418 3174 3421
f 3179 3420 3177
f 3419 3422 3176
f 3176 3422 3180
f 3182 3180 3422
f 3182 3422 3423
f 3421 3420 3424
f 3421 3424 3425
f 3184 3424 3179
f 3179 3424 3420
f 3427 3185 3426
f 3185 3423 3426
f 3185 3182 3423
f 3428 3427 3426
f 3425 3424 3429
f 3425 3429 3430
f 3186 3429 3184
f 3184 3429 3424
f 3431 3188 3427
f 3427 3188 3185
f 3427 3428 3432
f 3433 3427 3432
f 3431 3427 3433
f 3190 3191 3433
f 3432 3190 3433
f 3434 3190 3432
f 3434 3436 3435
f 3193 3434 3435
f 3190 3434 3193
f 3435 3194 3193
f 3430 3429 3437
f 3430 3437 3438
f 3196 3437 3186
f 3186 3437 3429
f 3431 3197 3188
f 3197 3431 3198
f 3198 3431 3433
f 3198 3433 3191
f 3436 3439 3435
f 3435 3439 3194
f 3439 3201 3194
f 3439 3440 3201
f 3440 3442 3441
f 3204 3440 3441
f 3201 3440 3204
f 3443 3206 3204
f 3443 3204 3441
f 3443 3207 3206
f 3445 3444 3208
f 3445 3208 3209
f 3437 3210 3438
f 3210 3444 3438
f 3210 3208 3444
f 3210 3437 3196
f 3442 3446 3441
f 3441 3446 3443
f 3443 3446 3447
f 3207 3443 3447
f 3448 3207 3447
f 3211 3207 3448
f 3215 3449 3214
f 3449 3450 3214
f 3450 3209 3214
f 3450 3445 3209
f 3448 3451 3211
f 3211 3451 3216
f 3216 3452 3218
f 3451 3452 3216
f 3218 3453 3219
f 3452 3453 3218
f 3219 3454 3220
f 3453 3454 3219
f 3456 3455 3221
f 3220 3456 3221
f 3454 3456 3220
f 3457 3455 3456
f 3223 3458 3449
f 3223 3449 3215
f 3450 3449 3459
f 3459 3449 3458
f 3460 3224 3455
f 3455 3224 3221
f 3455 3457 3461
f 3455 3461 3460
f 3463 3462 3458
f 3223 3463 3458
f 3226 3463 3223
f 3458 3462 3459
f 3460 3227 3224
f 3229 3227 3460
f 3461 3229 3460
f 3464 3229 3461
f 3231 3465 3232
f 3465 3466 3232
f 3466 3226 3232
f 3466 3463 3226
f 3464 3467 3229
f 3229 3467 3234
f 3235 3234 3467
f 3235 3467 3468
f 3471 3470 3469
f 3473 3472 3469
f 3473 3469 3470
f 3237 3238 3472
f 3473 3237 3472
f 3474 3237 3473
f 3237 3475 3239
f 3474 3475 3237
f 3241 3239 3475
f 3241 3475 3476
f 3243 3477 3244
f 3244 3477 3478
f 3479 3244 3478
f 3245 3244 3479
f 3231 3245 3465
f 3245 3480 3465
f 3245 3479 3480
f 3465 3480 3466
f 3468 3481 3235
f 3235 3481 3246
f 3469 3247 3471
f 3247 3481 3471
f 3247 3246 3481
f 3247 3469 3248
f 3248 3469 3472
f 3248 3472 3238
f 3476 3482 3241
f 3241 3482 3249
f 3251 3249 3482
f 3251 3482 3483
f 3253 3484 3254
f 3484 3485 3254
f 3254 3485 3243
f 3485 3486 3243
f 3486 3477 3243
f 3477 3486 3478
f 3483 3255 3251
f 3487 3255 3483
f 3257 3488 3484
f 3257 3484 3253
f 3485 3484 3489
f 3489 3484 3488
f 3258 3255 3490
f 3255 3491 3490
f 3255 3487 3491
f 3492 3259 3258
f 3492 3258 3490
f 3492 3493 3259
f 3259 3493 3257
f 3493 3494 3257
f 3494 3488 3257
f 3488 3494 3489
f 3491 3495 3490
f 3490 3495 3492
f 3492 3495 3496
f 3492 3496 3493
f 3498 3497 3262
f 3262 3497 3261
f 3499 3262 3263
f 3499 3498 3262
f 3500 3263 3265
f 3500 3499 3263
f 3501 3265 3267
f 3501 3500 3265
f 3502 3267 3269
f 3502 3501 3267
f 3503 3269 3271
f 3503 3502 3269
f 3505 3504 3273
f 3504 3271 3273
f 3504 3503 3271
f 3505 3506 3504
f 3497 3275 3261
f 3507 3275 3497
f 3276 3505 3273
f 3508 3506 3505
f 3276 3508 3505
f 3277 3508 3276
f 3509 3277 3278
f 3509 3508 3277
f 3511 3510 3280
f 3510 3278 3280
f 3510 3509 3278
f 3513 3512 3511
f 3511 3512 3510
f 3513 3514 3512
f 3517 3516 3515
f 3283 3284 3515
f 3284 3517 3515
f 3284 3518 3517
f 3284 3275 3507
f 3284 3507 3518
f 3285 3511 3280
f 3511 3285 3286
f 3511 3286 3513
f 3520 3519 3288
f 3288 3519 3286
f 3519 3514 3286
f 3514 3513 3286
f 3520 3521 3519
f 3523 3522 3290
f 3290 3522 3289
f 3291 3515 3516
f 3523 3291 3516
f 3290 3291 3523
f 3515 3291 3283
f 3292 3520 3288
f 3524 3521 3520
f 3292 3524 3520
f 3293 3524 3292
f 3526 3525 3294
f 3525 3293 3294
f 3525 3524 3293
f 3526 3527 3525
f 3529 3528 3297
f 3297 3528 3296
f 3297 3289 3522
f 3297 3522 3529
f 3298 3526 3294
f 3531 3530 3299
f 3299 3530 3298
f 3530 3527 3298
f 3527 3526 3298
f 3531 3532 3530
f 3535 3534 3533
f 3528 3535 3533
f 3302 3528 3533
f 3296 3528 3302
f 3303 3531 3299
f 3537 3536 3305
f 3305 3536 3303
f 3536 3532 3303
f 3532 3531 3303
f 3537 3538 3536
f 3540 3539 3307
f 3307 3539 3306
f 3308 3533 3534
f 3540 3308 3534
f 3307 3308 3540
f 3533 3308 3302
f 3309 3537 3305
f 3542 3541 3311
f 3311 3541 3309
f 3541 3538 3309
f 3538 3537 3309
f 3542 3543 3541
f 3539 3312 3306
f 3544 3312 3539
f 3313 3542 3311
f 3546 3545 3315
f 3315 3545 3313
f 3545 3543 3313
f 3543 3542 3313
f 3546 3547 3545
f 3549 3548 3318
f 3318 3548 3317
f 3318 3312 3544
f 3318 3544 3549
f 3319 3546 3315
f 3319 3320 3546
f 3320 3550 3546
f 3550 3547 3546
f 3320 3551 3550
f 3321 3551 3320
f 3552 3322 3323
f 3553 3552 3323
f 3317 3553 3323
f 3548 3553 3317
f 3554 3550 3551
f 3556 3554 3555
f 3555 3554 3324
f 3554 3551 3324
f 3551 3321 3324
f 3325 3555 3324
f 3558 3557 3552
f 3557 3322 3552
f 3557 3326 3322
f 3558 3552 3553
f 3559 3556 3555
f 3559 3555 3325
f 3327 3559 3325
f 3560 3559 3327
f 3562 3560 3561
f 3560 3328 3561
f 3560 3327 3328
f 3330 3561 3328
f 3557 3331 3326
f 3563 3331 3557
f 3564 3562 3561
f 3564 3561 3330
f 3332 3564 3330
f 3565 3564 3332
f 3332 3334 3565
f 3565 3334 3566
f 3563 3335 3331
f 3567 3335 3563
f 3568 3566 3334
f 3568 3334 3336
f 3570 3568 3569
f 3568 3337 3569
f 3568 3336 3337
f 3339 3569 3337
f 3567 3341 3335
f 3571 3341 3567
f 3572 3570 3569
f 3569 3339 3572
f 3339 3573 3572
f 3339 3342 3573
f 3571 3343 3341
f 3574 3343 3571
f 3575 3573 3342
f 3575 3342 3344
f 3577 3575 3576
f 3575 3345 3576
f 3575 3344 3345
f 3346 3578 3345
f 3345 3578 3576
f 3348 3578 3346
f 3580 3350 3579
f 3350 3574 3579
f 3350 3343 3574
f 3581 3580 3579
f 3582 3577 3576
f 3582 3576 3578
f 3582 3578 3583
f 3583 3578 3348
f 3351 3583 3348
f 3584 3583 3351
f 3351 3353 3584
f 3584 3353 3585
f 3587 3586 3580
f 3586 3350 3580
f 3586 3354 3350
f 3587 3580 3581
f 3355 3589 3588
f 3585 3355 3588
f 3353 3355 3585
f 3589 3590 3588
f 3592 3356 3591
f 3356 3586 3591
f 3356 3354 3586
f 3593 3592 3591
f 3357 3589 3355
f 3595 3594 3359
f 3359 3594 3357
f 3594 3590 3357
f 3590 3589 3357
f 3595 3596 3594
f 3360 3356 3592
f 3599 3598 3597
f 3361 3597 3598
f 3361 3593 3597
f 3361 3360 3592
f 3593 3361 3592
f 3362 3595 3359
f 3362 3364 3595
f 3364 3596 3595
f 3364 3600 3596
f 3599 3601 3598
f 3361 3598 3601
f 3602 3361 3601
f 3365 3361 3602
f 3367 3600 3364
f 3367 3603 3600
f 3602 3369 3365
f 3604 3369 3602
f 3370 3606 3605
f 3603 3370 3605
f 3367 3370 3603
f 3606 3607 3605
f 3372 3369 3608
f 3369 3609 3608
f 3369 3604 3609
f 3608 3373 3372
f 3374 3610 3606
f 3374 3606 3370
f 3607 3606 3611
f 3611 3606 3610
f 3609 3612 3608
f 3612 3614 3613
f 3612 3613 3375
f 3608 3612 3375
f 3373 3608 3375
f 3613 3376 3375
f 3377 3610 3374
f 3377 3379 3610
f 3379 3611 3610
f 3379 3615 3611
f 3614 3616 3613
f 3376 3613 3616
f 3617 3376 3616
f 3380 3376 3617
f 3382 3615 3379
f 3382 3618 3615
f 3617 3619 3380
f 3380 3619 3383
f 3384 3383 3619
f 3384 3619 3620
f 3386 3618 3382
f 3386 3621 3618
f 3620 3387 3384
f 3622 3387 3620
f 3389 3624 3623
f 3621 3389 3623
f 3386 3389 3621
f 3624 3625 3623
f 3622 3626 3387
f 3387 3626 3390
f 3391 3390 3626
f 3391 3626 3627
f 3392 3624 3389
f 3392 3394 3624
f 3394 3625 3624
f 3394 3628 3625
f 3627 3629 3391
f 3391 3629 3395
f 3395 3630 3397
f 3629 3630 3395
f 3398 3397 3630
f 3398 3630 3631
f 3400 3628 3394
f 3400 3632 3628
f 3631 3401 3398
f 3633 3401 3631
f 3403 3632 3400
f 3403 3634 3632
f 3633 3635 3401
f 3401 3635 3404
f 3405 3404 3635
f 3405 3635 3636
f 3407 3637 3406
f 3637 3638 3406
f 3638 3403 3406
f 3638 3634 3403
f 3636 3639 3405
f 3405 3639 3408
f 3409 3408 3639
f 3409 3639 3640
f 3642 3641 3637
f 3407 3642 3637
f 3410 3642 3407
f 3637 3641 3638
f 3640 3643 3409
f 3409 3643 3411
f 3412 3411 3643
f 3412 3643 3644
f 3414 3645 3413
f 3645 3646 3413
f 3646 3410 3413
f 3646 3642 3410
f 3644 3647 3412
f 3412 3647 3415
f 3417 3415 3647
f 3417 3647 3648
f 3418 3649 3645
f 3418 3645 3414
f 3646 3645 3650
f 3650 3645 3649
f 3652 3419 3651
f 3419 3648 3651
f 3419 3417 3648
f 3653 3652 3651
f 3655 3654 3649
f 3418 3655 3649
f 3421 3655 3418
f 3649 3654 3650
f 3652 3422 3419
f 3423 3422 3652
f 3653 3423 3652
f 3656 3423 3653
f 3425 3655 3421
f 3425 3657 3655
f 3656 3658 3423
f 3423 3658 3426
f 3428 3426 3658
f 3428 3658 3659
f 3430 3657 3425
f 3430 3660 3657
f 3432 3428 3661
f 3428 3662 3661
f 3428 3659 3662
f 3663 3434 3432
f 3663 3432 3661
f 3663 3436 3434
f 3438 3660 3430
f 3438 3664 3660
f 3662 3665 3661
f 3661 3665 3663
f 3663 3665 3666
f 3663 3666 3436
f 3666 3439 3436
f 3666 3667 3439
f 3667 3669 3668
f 3440 3667 3668
f 3439 3667 3440
f 3668 3442 3440
f 3445 3670 3444
f 3670 3671 3444
f 3671 3438 3444
f 3671 3664 3438
f 3669 3672 3668
f 3668 3672 3442
f 3672 3446 3442
f 3672 3673 3446
f 3673 3675 3674
f 3447 3673 3674
f 3446 3673 3447
f 3674 3448 3447
f 3450 3676 3670
f 3450 3670 3445
f 3671 3670 3677
f 3677 3670 3676
f 3675 3678 3674
f 3678 3680 3679
f 3678 3679 3451
f 3674 3678 3451
f 3448 3674 3451
f 3451 3679 3681
f 3682 3451 3681
f 3452 3451 3682
f 3682 3684 3683
f 3453 3682 3683
f 3452 3682 3453
f 3453 3683 3685
f 3686 3453 3685
f 3454 3453 3686
f 3454 3687 3456
f 3686 3687 3454
f 3689 3688 3457
f 3456 3689 3457
f 3687 3689 3456
f 3690 3688 3689
f 3692 3691 3676
f 3450 3692 3676
f 3459 3692 3450
f 3676 3691 3677
f 3680 3693 3679
f 3679 3693 3681
f 3684 3694 3683
f 3683 3694 3685
f 3695 3461 3688
f 3688 3461 3457
f 3688 3690 3696
f 3688 3696 3695
f 3463 3697 3462
f 3697 3698 3462
f 3698 3459 3462
f 3698 3692 3459
f 3699 3464 3695
f 3695 3464 3461
f 3695 3696 3700
f 3695 3700 3699
f 3703 3702 3701
f 3704 3701 3702
f 3706 3705 3697
f 3463 3706 3697
f 3466 3706 3463
f 3697 3705 3698
f 3699 3467 3464
f 3708 3707 3468
f 3708 3468 3467
f 3700 3708 3467
f 3699 3700 3467
f 3707 3708 3703
f 3707 3703 3701
f 3471 3707 3701
f 3470 3471 3701
f 3704 3709 3701
f 3709 3470 3701
f 3709 3473 3470
f 3709 3711 3710
f 3474 3709 3710
f 3473 3709 3474
f 3712 3475 3474
f 3712 3474 3710
f 3712 3476 3475
f 3478 3713 3479
f 3479 3713 3714
f 3715 3479 3714
f 3480 3479 3715
f 3466 3480 3706
f 3706 3480 3715
f 3707 3481 3468
f 3481 3707 3471
f 3711 3716 3710
f 3710 3716 3712
f 3712 3716 3717
f 3712 3717 3476
f 3717 3482 3476
f 3717 3718 3482
f 3483 3482 3718
f 3483 3718 3719
f 3485 3720 3486
f 3720 3721 3486
f 3486 3721 3478
f 3721 3722 3478
f 3722 3713 3478
f 3713 3722 3714
f 3719 3487 3483
f 3723 3487 3719
f 3489 3724 3720
f 3489 3720 3485
f 3721 3720 3725
f 3725 3720 3724
f 3723 3491 3487
f 3726 3491 3723
f 3493 3727 3494
f 3727 3728 3494
f 3494 3728 3489
f 3728 3729 3489
f 3729 3724 3489
f 3724 3729 3725
f 3732 3731 3730
f 3730 3733 3495
f 3726 3730 3495
f 3491 3726 3495
f 3730 3726 3732
f 3495 3733 3734
f 3735 3495 3734
f 3496 3495 3735
f 3493 3496 3727
f 3496 3736 3727
f 3496 3735 3736
f 3727 3736 3728
f 3730 3731 3737
f 3737 3731 3738
f 3740 3733 3739
f 3733 3737 3739
f 3733 3730 3737
f 3733 3740 3734
f 3738 3741 3737
f 3737 3741 3739
f 3744 3743 3742
f 3746 3745 3742
f 3742 3745 3744
f 3746 3747 3745
f 3748 3497 3498
f 3743 3749 3742
f 3749 3498 3742
f 3498 3499 3742
f 3498 3749 3748
f 3742 3499 3500
f 3742 3500 3746
f 3750 3747 3746
f 3500 3750 3746
f 3501 3750 3500
f 3751 3501 3502
f 3751 3750 3501
f 3752 3502 3503
f 3752 3751 3502
f 3753 3503 3504
f 3753 3752 3503
f 3755 3754 3506
f 3754 3504 3506
f 3754 3753 3504
f 3755 3756 3754
f 3759 3758 3757
f 3760 3759 3748
f 3759 3507 3748
f 3507 3497 3748
f 3759 3757 3507
f 3760 3748 3749
f 3508 3755 3506
f 3761 3756 3755
f 3508 3761 3755
f 3509 3761 3508
f 3762 3509 3510
f 3762 3761 3509
f 3763 3510 3512
f 3763 3762 3510
f 3512 3514 3763
f 3763 3514 3764
f 3766 3765 3517
f 3517 3765 3516
f 3518 3757 3758
f 3766 3518 3758
f 3517 3518 3766
f 3757 3518 3507
f 3767 3764 3514
f 3767 3514 3519
f 3769 3768 3521
f 3768 3519 3521
f 3768 3767 3519
f 3769 3770 3768
f 3772 3771 3523
f 3523 3771 3522
f 3523 3516 3765
f 3523 3765 3772
f 3524 3769 3521
f 3773 3770 3769
f 3524 3773 3769
f 3525 3773 3524
f 3525 3527 3773
f 3773 3527 3774
f 3776 3775 3529
f 3529 3775 3528
f 3529 3522 3771
f 3529 3771 3776
f 3777 3774 3527
f 3777 3527 3530
f 3779 3778 3532
f 3778 3530 3532
f 3778 3777 3530
f 3779 3780 3778
f 3782 3781 3535
f 3535 3781 3534
f 3535 3528 3775
f 3535 3775 3782
f 3536 3779 3532
f 3784 3783 3538
f 3538 3783 3536
f 3783 3780 3536
f 3780 3779 3536
f 3784 3785 3783
f 3787 3786 3540
f 3540 3786 3539
f 3540 3534 3781
f 3540 3781 3787
f 3541 3784 3538
f 3789 3788 3543
f 3543 3788 3541
f 3788 3785 3541
f 3785 3784 3541
f 3789 3790 3788
f 3786 3544 3539
f 3791 3544 3786
f 3545 3789 3543
f 3545 3547 3789
f 3547 3790 3789
f 3547 3792 3790
f 3794 3793 3549
f 3549 3793 3548
f 3549 3544 3791
f 3549 3791 3794
f 3550 3796 3795
f 3792 3550 3795
f 3547 3550 3792
f 3796 3797 3795
f 3793 3553 3548
f 3798 3553 3793
f 3554 3796 3550
f 3800 3799 3556
f 3556 3799 3554
f 3799 3797 3554
f 3797 3796 3554
f 3800 3801 3799
f 3802 3557 3558
f 3803 3802 3558
f 3553 3803 3558
f 3798 3803 3553
f 3559 3800 3556
f 3804 3801 3800
f 3559 3804 3800
f 3560 3804 3559
f 3560 3562 3804
f 3804 3562 3805
f 3807 3806 3802
f 3806 3557 3802
f 3806 3563 3557
f 3807 3802 3803
f 3808 3805 3562
f 3808 3562 3564
f 3809 3564 3565
f 3809 3808 3564
f 3565 3566 3809
f 3809 3566 3810
f 3806 3567 3563
f 3811 3567 3806
f 3812 3810 3566
f 3812 3566 3568
f 3568 3570 3812
f 3812 3570 3813
f 3815 3571 3814
f 3571 3811 3814
f 3571 3567 3811
f 3816 3815 3814
f 3817 3813 3570
f 3817 3570 3572
f 3819 3818 3573
f 3818 3572 3573
f 3818 3817 3572
f 3819 3820 3818
f 3821 3574 3815
f 3815 3574 3571
f 3815 3816 3822
f 3815 3822 3821
f 3575 3819 3573
f 3824 3823 3577
f 3577 3823 3575
f 3823 3820 3575
f 3820 3819 3575
f 3824 3825 3823
f 3821 3579 3574
f 3581 3579 3821
f 3822 3581 3821
f 3826 3581 3822
f 3582 3824 3577
f 3827 3825 3824
f 3582 3827 3824
f 3583 3827 3582
f 3828 3583 3584
f 3828 3827 3583
f 3584 3585 3828
f 3828 3585 3829
f 3830 3586 3587
f 3831 3830 3587
f 3581 3831 3587
f 3826 3831 3581
f 3832 3829 3585
f 3832 3585 3588
f 3588 3590 3832
f 3832 3590 3833
f 3830 3591 3586
f 3593 3591 3830
f 3831 3593 3830
f 3834 3593 3831
f 3835 3833 3590
f 3835 3590 3594
f 3594 3596 3835
f 3835 3596 3836
f 3837 3599 3597
f 3838 3837 3597
f 3593 3838 3597
f 3834 3838 3593
f 3600 3836 3596
f 3600 3839 3836
f 3601 3599 3837
f 3842 3841 3840
f 3602 3840 3841
f 3602 3838 3840
f 3602 3601 3837
f 3838 3602 3837
f 3603 3844 3843
f 3839 3603 3843
f 3600 3603 3839
f 3844 3845 3843
f 3841 3842 3846
f 3846 3842 3847
f 3846 3604 3602
f 3846 3602 3841
f 3605 3844 3603
f 3605 3607 3844
f 3607 3845 3844
f 3607 3848 3845
f 3847 3849 3846
f 3604 3846 3849
f 3850 3604 3849
f 3609 3604 3850
f 3611 3848 3607
f 3611 3851 3848
f 3850 3852 3609
f 3609 3852 3612
f 3614 3612 3852
f 3614 3852 3853
f 3615 3855 3854
f 3851 3615 3854
f 3611 3615 3851
f 3855 3856 3854
f 3853 3857 3614
f 3614 3857 3616
f 3617 3616 3857
f 3617 3857 3858
f 3860 3859 3855
f 3615 3860 3855
f 3618 3860 3615
f 3855 3859 3856
f 3858 3861 3617
f 3617 3861 3619
f 3620 3619 3861
f 3620 3861 3862
f 3621 3864 3863
f 3860 3621 3863
f 3618 3621 3860
f 3864 3865 3863
f 3867 3622 3866
f 3622 3862 3866
f 3622 3620 3862
f 3868 3867 3866
f 3623 3864 3621
f 3623 3625 3864
f 3625 3865 3864
f 3625 3869 3865
f 3867 3626 3622
f 3627 3626 3867
f 3868 3627 3867
f 3870 3627 3868
f 3628 3869 3625
f 3628 3871 3869
f 3870 3872 3627
f 3627 3872 3629
f 3629 3873 3630
f 3872 3873 3629
f 3631 3630 3873
f 3631 3873 3874
f 3632 3871 3628
f 3632 3875 3871
f 3877 3633 3876
f 3633 3874 3876
f 3633 3631 3874
f 3879 3878 3877
f 3879 3877 3876
f 3880 3878 3879
f 3634 3875 3632
f 3634 3881 3875
f 3877 3635 3633
f 3635 3877 3636
f 3877 3882 3636
f 3877 3878 3882
f 3878 3880 3883
f 3878 3883 3882
f 3638 3881 3634
f 3638 3884 3881
f 3882 3639 3636
f 3640 3639 3882
f 3883 3640 3882
f 3885 3640 3883
f 3642 3886 3641
f 3886 3887 3641
f 3887 3638 3641
f 3887 3884 3638
f 3885 3888 3640
f 3640 3888 3643
f 3644 3643 3888
f 3644 3888 3889
f 3646 3890 3886
f 3646 3886 3642
f 3887 3886 3891
f 3891 3886 3890
f 3889 3892 3644
f 3644 3892 3647
f 3648 3647 3892
f 3648 3892 3893
f 3895 3894 3890
f 3646 3895 3890
f 3650 3895 3646
f 3890 3894 3891
f 3893 3896 3648
f 3648 3896 3651
f 3653 3651 3896
f 3653 3896 3897
f 3655 3898 3654
f 3898 3899 3654
f 3899 3650 3654
f 3899 3895 3650
f 3901 3656 3900
f 3656 3897 3900
f 3656 3653 3897
f 3902 3901 3900
f 3657 3903 3898
f 3657 3898 3655
f 3899 3898 3904
f 3904 3898 3903
f 3901 3658 3656
f 3659 3658 3901
f 3902 3659 3901
f 3905 3659 3902
f 3660 3906 3903
f 3660 3903 3657
f 3904 3903 3907
f 3907 3903 3906
f 3905 3662 3659
f 3908 3662 3905
f 3664 3909 3906
f 3664 3906 3660
f 3907 3906 3910
f 3910 3906 3909
f 3908 3911 3662
f 3662 3911 3665
f 3911 3913 3912
f 3666 3911 3912
f 3665 3911 3666
f 3666 3912 3914
f 3915 3666 3914
f 3667 3666 3915
f 3669 3667 3915
f 3669 3915 3916
f 3918 3917 3909
f 3664 3918 3909
f 3671 3918 3664
f 3909 3917 3910
f 3913 3919 3912
f 3912 3919 3914
f 3916 3920 3669
f 3669 3920 3672
f 3920 3922 3921
f 3673 3920 3921
f 3672 3920 3673
f 3924 3921 3923
f 3924 3673 3921
f 3924 3925 3675
f 3673 3924 3675
f 3926 3925 3924
f 3677 3918 3671
f 3677 3927 3918
f 3922 3928 3921
f 3925 3678 3675
f 3928 3923 3921
f 3680 3678 3925
f 3926 3680 3925
f 3929 3680 3926
f 3931 3930 3682
f 3931 3682 3681
f 3684 3682 3930
f 3684 3930 3932
f 3685 3933 3686
f 3686 3933 3934
f 3935 3686 3934
f 3687 3686 3935
f 3687 3936 3689
f 3935 3936 3687
f 3690 3689 3936
f 3690 3936 3937
f 3692 3938 3691
f 3938 3939 3691
f 3939 3677 3691
f 3939 3927 3677
f 3929 3940 3680
f 3680 3940 3693
f 3681 3693 3931
f 3931 3693 3940
f 3932 3941 3684
f 3684 3941 3694
f 3685 3694 3933
f 3694 3942 3933
f 3694 3941 3942
f 3933 3942 3934
f 3944 3696 3943
f 3696 3937 3943
f 3696 3690 3937
f 3945 3944 3943
f 3947 3946 3938
f 3692 3947 3938
f 3698 3947 3692
f 3938 3946 3939
f 3948 3700 3944
f 3944 3700 3696
f 3702 3703 3949
f 3945 3950 3944
f 3948 3944 3950
f 3949 3704 3702
f 3706 3951 3705
f 3951 3952 3705
f 3952 3698 3705
f 3952 3947 3698
f 3948 3708 3700
f 3948 3950 3708
f 3950 3953 3708
f 3949 3703 3708
f 3949 3708 3953
f 3953 3955 3954
f 3953 3954 3709
f 3949 3953 3709
f 3704 3949 3709
f 3954 3711 3709
f 3714 3956 3715
f 3956 3957 3715
f 3715 3957 3706
f 3957 3958 3706
f 3958 3951 3706
f 3951 3958 3952
f 3955 3959 3954
f 3959 3961 3960
f 3959 3960 3716
f 3954 3959 3716
f 3711 3954 3716
f 3962 3717 3716
f 3962 3716 3960
f 3963 3718 3717
f 3963 3717 3962
f 3963 3719 3718
f 3721 3964 3722
f 3964 3965 3722
f 3722 3965 3714
f 3965 3966 3714
f 3966 3956 3714
f 3956 3966 3957
f 3961 3967 3960
f 3960 3967 3962
f 3962 3967 3968
f 3962 3968 3963
f 3963 3968 3969
f 3719 3963 3969
f 3970 3719 3969
f 3723 3719 3970
f 3972 3971 3964
f 3721 3972 3964
f 3725 3972 3721
f 3964 3971 3965
f 3970 3726 3723
f 3973 3726 3970
f 3728 3974 3729
f 3974 3975 3729
f 3975 3725 3729
f 3975 3972 3725
f 3977 3976 3732
f 3732 3976 3731
f 3732 3726 3973
f 3732 3973 3977
f 3734 3978 3735
f 3735 3978 3979
f 3980 3735 3979
f 3736 3735 3980
f 3728 3736 3974
f 3736 3981 3974
f 3736 3980 3981
f 3974 3981 3975
f 3984 3983 3982
f 3976 3984 3982
f 3738 3976 3982
f 3731 3976 3738
f 3739 3985 3740
f 3985 3986 3740
f 3740 3986 3734
f 3986 3987 3734
f 3987 3978 3734
f 3978 3987 3979
f 3982 3983 3988
f 3988 3983 3989
f 3982 3988 3738
f 3988 3990 3738
f 3990 3741 3738
f 3988 3991 3990
f 3739 3741 3985
f 3741 3992 3985
f 3741 3990 3992
f 3985 3992 3986
f 3989 3993 3988
f 3988 3993 3991
f 3995 3994 3744
f 3744 3994 3743
f 3996 3744 3745
f 3996 3995 3744
f 3745 3747 3996
f 3996 3747 3997
f 3994 3749 3743
f 3998 3749 3994
f 3999 3997 3747
f 3999 3747 3750
f 4000 3750 3751
f 4000 3999 3750
f 4001 3751 3752
f 4001 4000 3751
f 4003 4001 4002
f 4001 3753 4002
f 4001 3752 3753
f 3754 4004 3753
f 3753 4004 4002
f 3756 4004 3754
f 4007 4006 4005
f 3758 3759 4005
f 3759 4007 4005
f 3759 4008 4007
f 4009 3759 3760
f 4009 4008 3759
f 3760 3749 3998
f 3760 3998 4009
f 4010 4003 4002
f 4010 4002 4004
f 4010 4004 4011
f 4011 4004 3756
f 3761 4011 3756
f 4012 4011 3761
f 4013 3761 3762
f 4013 4012 3761
f 4014 3762 3763
f 4014 4013 3762
f 3763 3764 4014
f 4014 3764 4015
f 4005 4006 3766
f 4006 3765 3766
f 4006 4016 3765
f 4005 3766 3758
f 4017 4015 3764
f 4017 3764 3767
f 4018 3767 3768
f 4018 4017 3767
f 3768 3770 4018
f 4018 3770 4019
f 4021 4020 3772
f 3772 4020 3771
f 3772 3765 4016
f 3772 4016 4021
f 4022 4019 3770
f 4022 3770 3773
f 3773 3774 4022
f 4022 3774 4023
f 4025 4024 3776
f 3776 4024 3775
f 3776 3771 4020
f 3776 4020 4025
f 4026 4023 3774
f 4026 3774 3777
f 4028 4026 4027
f 4026 3778 4027
f 4026 3777 3778
f 3780 4027 3778
f 4030 4029 3782
f 3782 4029 3781
f 3782 3775 4024
f 3782 4024 4030
f 4031 4028 4027
f 4031 4027 3780
f 3783 4031 3780
f 4032 4031 3783
f 3783 3785 4032
f 4032 3785 4033
f 4035 4034 3787
f 3787 4034 3786
f 3787 3781 4029
f 3787 4029 4035
f 4036 4033 3785
f 4036 3785 3788
f 3788 3790 4036
f 4036 3790 4037
f 4034 3791 3786
f 4038 3791 4034
f 3792 4037 3790
f 3792 4039 4037
f 4041 4040 3794
f 3794 4040 3793
f 3794 3791 4038
f 3794 4038 4041
f 4042 4039 3792
f 4042 3792 3795
f 3795 3797 4042
f 4042 3797 4043
f 4040 3798 3793
f 4044 3798 4040
f 4045 4043 3797
f 4045 3797 3799
f 3799 3801 4045
f 4045 3801 4046
f 4044 3803 3798
f 4047 3803 4044
f 4048 4046 3801
f 4048 3801 3804
f 4050 4049 3805
f 4049 3804 3805
f 4049 4048 3804
f 4050 4051 4049
f 4052 3806 3807
f 3803 4047 4053
f 4052 3803 4053
f 4054 4052 4053
f 3807 3803 4052
f 4055 4054 4053
f 3808 4050 3805
f 4056 4051 4050
f 3808 4056 4050
f 3809 4056 3808
f 4058 4057 3810
f 4057 3809 3810
f 4057 4056 3809
f 4058 4059 4057
f 4061 4060 4052
f 4060 3806 4052
f 4060 3811 3806
f 4061 4052 4054
f 4061 4054 4062
f 4062 4054 4055
f 3812 4058 3810
f 4064 4063 3813
f 3813 4063 3812
f 4063 4059 3812
f 4059 4058 3812
f 4064 4065 4063
f 4060 4066 3811
f 3811 4066 3814
f 3816 3814 4066
f 3816 4066 4067
f 3817 4064 3813
f 4068 4065 4064
f 3817 4068 4064
f 3818 4068 3817
f 3818 3820 4068
f 4068 3820 4069
f 4067 3822 3816
f 4070 3822 4067
f 4071 4069 3820
f 4071 3820 3823
f 4073 4072 3825
f 4072 3823 3825
f 4072 4071 3823
f 4073 4074 4072
f 4070 3826 3822
f 4075 3826 4070
f 3827 4073 3825
f 4076 4074 4073
f 3827 4076 4073
f 3828 4076 3827
f 4078 4077 3829
f 4077 3828 3829
f 4077 4076 3828
f 4078 4079 4077
f 4075 3831 3826
f 4080 3831 4075
f 3832 4078 3829
f 3832 3833 4078
f 3833 4079 4078
f 3833 4081 4079
f 4084 4083 4082
f 4080 4084 4082
f 3834 4080 4082
f 3831 4080 3834
f 4085 4081 3833
f 4085 3833 3835
f 3835 3836 4085
f 4085 3836 4086
f 4082 4083 4087
f 4087 4083 4088
f 4091 4090 4089
f 4082 3838 3834
f 3838 4082 4087
f 4092 4091 4089
f 3839 4094 4093
f 4086 3839 4093
f 3836 3839 4086
f 4094 4095 4093
f 4087 4088 3840
f 4088 3842 3840
f 4088 4096 3842
f 4091 4097 4090
f 3838 4087 3840
f 4097 4091 4092
f 3843 4094 3839
f 3843 3845 4094
f 3845 4095 4094
f 3845 4098 4095
f 4096 3847 3842
f 4099 3847 4096
f 4102 4101 4100
f 4103 4100 4101
f 3848 4098 3845
f 3848 4104 4098
f 4099 4105 3847
f 3847 4105 3849
f 3850 3849 4105
f 3850 4105 4106
f 4107 4102 4100
f 4107 4100 4103
f 3851 4109 4108
f 4104 3851 4108
f 3848 3851 4104
f 4109 4110 4108
f 3852 3850 4111
f 3850 4112 4111
f 3850 4106 4112
f 4111 3853 3852
f 3854 4109 3851
f 3854 3856 4109
f 3856 4110 4109
f 3856 4113 4110
f 4112 4114 4111
f 4111 4114 3853
f 4114 3857 3853
f 4114 4115 3857
f 4117 4116 3858
f 3857 4117 3858
f 4115 4117 3857
f 4118 4116 4117
f 3860 4119 3859
f 4119 4120 3859
f 4120 3856 3859
f 4120 4113 3856
f 4116 3861 3858
f 3862 3861 4116
f 4118 3862 4116
f 4121 3862 4118
f 3863 4119 3860
f 3863 3865 4119
f 3865 4120 4119
f 3865 4122 4120
f 3866 3862 4123
f 3862 4124 4123
f 3862 4121 4124
f 4123 3868 3866
f 3869 4122 3865
f 3869 4125 4122
f 4124 4126 4123
f 3868 4123 4126
f 4127 3868 4126
f 3870 3868 4127
f 3871 4129 4128
f 4125 3871 4128
f 3869 3871 4125
f 4129 4130 4128
f 4127 4131 3870
f 3870 4131 3872
f 3872 4132 3873
f 4131 4132 3872
f 3874 3873 4132
f 3874 4132 4133
f 4136 4135 4134
f 4137 4134 4135
f 3875 4138 4129
f 3875 4129 3871
f 4130 4129 4139
f 4139 4129 4138
f 4133 4140 3874
f 3874 4140 3876
f 3876 4141 3879
f 4140 4141 3876
f 4134 4142 3880
f 4141 4134 3880
f 3879 4141 3880
f 4136 4134 4141
f 4134 4137 4143
f 4144 4134 4143
f 4142 4134 4144
f 4145 4144 4143
f 3881 4146 4138
f 3881 4138 3875
f 4139 4138 4147
f 4147 4138 4146
f 4148 3883 4142
f 4142 3883 3880
f 4149 4142 4144
f 4148 4142 4149
f 4144 4145 4150
f 4144 4150 4149
f 3884 4151 4146
f 3884 4146 3881
f 4147 4146 4152
f 4152 4146 4151
f 4153 3885 4148
f 4148 3885 3883
f 4149 4155 4154
f 4153 4149 4154
f 4148 4149 4153
f 4155 4149 4150
f 4157 4156 4151
f 3884 4157 4151
f 3887 4157 3884
f 4151 4156 4152
f 4153 3888 3885
f 3889 3888 4153
f 4154 3889 4153
f 4158 3889 4154
f 3891 4157 3887
f 3891 4159 4157
f 4158 4160 3889
f 3889 4160 3892
f 3893 3892 4160
f 3893 4160 4161
f 4163 4162 3894
f 4163 3894 3895
f 3891 3894 4159
f 4159 3894 4162
f 4161 4164 3893
f 3893 4164 3896
f 3897 3896 4164
f 3897 4164 4165
f 3899 4163 3895
f 3899 4166 4163
f 3900 3897 4167
f 3897 4168 4167
f 3897 4165 4168
f 4167 3902 3900
f 3904 4166 3899
f 3904 4169 4166
f 4168 4170 4167
f 3902 4167 4170
f 4171 3902 4170
f 3905 3902 4171
f 3907 4169 3904
f 3907 4172 4169
f 4174 3908 4173
f 3908 4171 4173
f 3908 3905 4171
f 4175 4174 4173
f 3910 4172 3907
f 3910 4176 4172
f 4174 3911 3908
f 4178 4177 3913
f 4178 3913 3911
f 4175 4178 3911
f 4174 4175 3911
f 3915 3914 4177
f 4178 3915 4177
f 4179 3915 4178
f 3916 3915 4179
f 3916 4179 4180
f 3918 4181 3917
f 4181 4182 3917
f 4182 3910 3917
f 4182 4176 3910
f 4177 3919 3913
f 3919 4177 3914
f 4180 4183 3916
f 3916 4183 3920
f 3922 3920 4183
f 3922 4183 4184
f 4186 4185 3924
f 4186 3924 3923
f 3926 3924 4185
f 3926 4185 4187
f 4189 4188 4181
f 3918 4189 4181
f 3927 4189 3918
f 4181 4188 4182
f 3928 3922 4190
f 3922 4191 4190
f 3922 4184 4191
f 4190 4192 3928
f 4192 3923 3928
f 4192 4186 3923
f 4187 3929 3926
f 4193 3929 4187
f 3931 4194 3930
f 4194 3932 3930
f 4196 4195 3935
f 4196 3935 3934
f 4195 4198 4197
f 3936 4195 4197
f 3935 4195 3936
f 4197 3937 3936
f 3939 4189 3927
f 3939 4199 4189
f 4191 4200 4190
f 4190 4200 4192
f 3940 3929 4201
f 3929 4202 4201
f 3929 4193 4202
f 4194 3931 3940
f 4201 4194 3940
f 4203 4194 4201
f 4194 4203 3932
f 4203 4204 3932
f 4204 3941 3932
f 4203 4205 4204
f 3941 4206 3942
f 4204 4206 3941
f 3934 3942 4196
f 4196 3942 4206
f 4198 4207 4197
f 4207 4209 4208
f 4207 4208 3943
f 4197 4207 3943
f 3937 4197 3943
f 4208 3945 3943
f 3947 4210 3946
f 4210 4211 3946
f 4211 3939 3946
f 4211 4199 3939
f 4202 4212 4201
f 4201 4212 4203
f 4203 4212 4213
f 4203 4213 4205
f 4209 4214 4208
f 3945 4208 4214
f 4215 3945 4214
f 3950 3945 4215
f 4217 4216 4210
f 3947 4217 4210
f 3952 4217 3947
f 4210 4216 4211
f 4215 4218 3950
f 3950 4218 3953
f 3955 3953 4218
f 3955 4218 4219
f 3957 4220 3958
f 4220 4221 3958
f 4221 3952 3958
f 4221 4217 3952
f 4219 4222 3955
f 3955 4222 3959
f 3961 3959 4222
f 3961 4222 4223
f 3965 4224 3966
f 4224 4225 3966
f 3966 4225 3957
f 4225 4226 3957
f 4226 4220 3957
f 4220 4226 4221
f 4223 4227 3961
f 3961 4227 3967
f 4227 4229 4228
f 3968 4227 4228
f 3967 4227 3968
f 4230 3969 3968
f 4230 3968 4228
f 3970 3969 4230
f 4233 4232 4231
f 4234 4233 4231
f 3972 4235 3971
f 4235 4236 3971
f 3971 4236 3965
f 4236 4237 3965
f 4237 4224 3965
f 4224 4237 4225
f 4229 4238 4228
f 4228 4238 4230
f 4230 4238 4239
f 3970 4230 3973
f 4239 3973 4230
f 3973 4239 4240
f 4232 4240 4239
f 4240 4232 4233
f 4233 4234 4241
f 4233 4241 4240
f 4243 4242 4235
f 3972 4243 4235
f 3975 4243 3972
f 4235 4242 4236
f 4244 3976 3977
f 4245 4244 3977
f 4245 3977 3973
f 4246 4245 3973
f 4240 4246 3973
f 4246 4240 4241
f 3979 4247 3980
f 3980 4247 4248
f 4249 3980 4248
f 3981 3980 4249
f 3975 3981 4243
f 4243 3981 4249
f 4250 3983 3984
f 4251 4250 3984
f 4251 3984 3976
f 4252 4251 3976
f 4244 4252 3976
f 4252 4244 4245
f 4254 4253 3987
f 4254 3987 3986
f 3979 3987 4247
f 3987 4255 4247
f 3987 4253 4255
f 4247 4255 4248
f 4257 4256 4250
f 4256 3983 4250
f 4256 3989 3983
f 3990 3991 4258
f 4250 4251 4257
f 3990 4258 4259
f 4260 3990 4259
f 3992 3990 4260
f 3986 3992 4254
f 4254 3992 4260
f 4256 4261 3989
f 3989 4261 3993
f 3993 4261 3991
f 4261 4262 3991
f 4262 4258 3991
f 4262 4261 4263
f 4259 4258 4264
f 4264 4258 4262
f 4263 4265 4262
f 4262 4265 4264
f 4266 3994 3995
f 4266 3995 4267
f 3995 4268 4267
f 3995 3996 4268
f 3996 3997 4268
f 4268 3997 4269
f 4271 4270 4266
f 4270 3994 4266
f 4270 3998 3994
f 4271 4266 4267
f 4272 4269 3997
f 4272 3997 3999
f 4274 4272 4273
f 4272 4000 4273
f 4272 3999 4000
f 4001 4275 4000
f 4000 4275 4273
f 4003 4275 4001
f 4276 4006 4007
f 4276 4007 4277
f 4007 4278 4277
f 4007 4008 4278
f 4279 4008 4009
f 4279 4278 4008
f 4009 3998 4270
f 4009 4270 4279
f 4280 4274 4273
f 4280 4273 4275
f 4280 4275 4281
f 4281 4275 4003
f 4010 4281 4003
f 4282 4281 4010
f 4283 4010 4011
f 4283 4282 4010
f 4284 4011 4012
f 4284 4283 4011
f 4285 4012 4013
f 4285 4284 4012
f 4286 4013 4014
f 4286 4285 4013
f 4014 4015 4286
f 4286 4015 4287
f 4290 4289 4288
f 4291 4290 4276
f 4290 4016 4276
f 4016 4006 4276
f 4290 4288 4016
f 4291 4276 4277
f 4292 4287 4015
f 4292 4015 4017
f 4293 4017 4018
f 4293 4292 4017
f 4018 4019 4293
f 4293 4019 4294
f 4288 4289 4021
f 4289 4020 4021
f 4289 4295 4020
f 4288 4021 4016
f 4296 4294 4019
f 4296 4019 4022
f 4022 4023 4296
f 4296 4023 4297
f 4299 4298 4025
f 4025 4298 4024
f 4025 4020 4295
f 4025 4295 4299
f 4300 4297 4023
f 4300 4023 4026
f 4026 4028 4300
f 4300 4028 4301
f 4303 4302 4030
f 4030 4302 4029
f 4030 4024 4298
f 4030 4298 4303
f 4304 4301 4028
f 4304 4028 4031
f 4305 4031 4032
f 4305 4304 4031
f 4032 4033 4305
f 4305 4033 4306
f 4308 4307 4035
f 4035 4307 4034
f 4035 4029 4302
f 4035 4302 4308
f 4309 4306 4033
f 4309 4033 4036
f 4036 4037 4309
f 4309 4037 4310
f 4307 4038 4034
f 4311 4038 4307
f 4039 4313 4312
f 4310 4039 4312
f 4037 4039 4310
f 4313 4314 4312
f 4315 4040 4041
f 4316 4315 4041
f 4038 4316 4041
f 4311 4316 4038
f 4042 4313 4039
f 4318 4317 4043
f 4043 4317 4042
f 4317 4314 4042
f 4314 4313 4042
f 4318 4319 4317
f 4321 4320 4315
f 4320 4040 4315
f 4320 4044 4040
f 4321 4315 4316
f 4045 4318 4043
f 4323 4322 4046
f 4046 4322 4045
f 4322 4319 4045
f 4319 4318 4045
f 4323 4324 4322
f 4320 4047 4044
f 4325 4047 4320
f 4048 4323 4046
f 4326 4324 4323
f 4048 4326 4323
f 4049 4326 4048
f 4328 4327 4051
f 4327 4049 4051
f 4327 4326 4049
f 4328 4329 4327
f 4325 4330 4047
f 4047 4330 4053
f 4055 4053 4330
f 4055 4330 4331
f 4056 4328 4051
f 4332 4329 4328
f 4056 4332 4328
f 4057 4332 4056
f 4057 4059 4332
f 4332 4059 4333
f 4334 4060 4061
f 4062 4335 4061
f 4061 4335 4334
f 4336 4335 4062
f 4055 4336 4062
f 4331 4336 4055
f 4337 4333 4059
f 4337 4059 4063
f 4063 4065 4337
f 4337 4065 4338
f 4334 4066 4060
f 4334 4335 4339
f 4067 4334 4339
f 4340 4067 4339
f 4334 4067 4066
f 4339 4335 4336
f 4341 4338 4065
f 4341 4065 4068
f 4068 4069 4341
f 4341 4069 4342
f 4340 4070 4067
f 4343 4070 4340
f 4344 4342 4069
f 4344 4069 4071
f 4345 4071 4072
f 4345 4344 4071
f 4347 4346 4074
f 4346 4072 4074
f 4346 4345 4072
f 4347 4348 4346
f 4350 4075 4349
f 4075 4343 4349
f 4075 4070 4343
f 4351 4350 4349
f 4076 4347 4074
f 4352 4348 4347
f 4076 4352 4347
f 4077 4352 4076
f 4077 4079 4352
f 4352 4079 4353
f 4354 4080 4350
f 4350 4080 4075
f 4350 4351 4355
f 4350 4355 4354
f 4081 4357 4356
f 4353 4081 4356
f 4079 4081 4353
f 4357 4358 4356
f 4360 4359 4084
f 4084 4359 4083
f 4360 4084 4080
f 4361 4360 4080
f 4354 4361 4080
f 4360 4361 4362
f 4354 4355 4363
f 4354 4363 4361
f 4085 4357 4081
f 4365 4364 4086
f 4086 4364 4085
f 4364 4358 4085
f 4358 4357 4085
f 4365 4366 4364
f 4359 4088 4083
f 4367 4088 4359
f 4362 4361 4089
f 4090 4362 4089
f 4368 4362 4090
f 4370 4369 4092
f 4370 4092 4089
f 4363 4370 4089
f 4361 4363 4089
f 4371 4369 4370
f 4093 4365 4086
f 4373 4372 4095
f 4095 4372 4093
f 4372 4366 4093
f 4366 4365 4093
f 4373 4374 4372
f 4367 4096 4088
f 4375 4096 4367
f 4376 4368 4090
f 4376 4090 4097
f 4376 4097 4092
f 4377 4376 4092
f 4369 4377 4092
f 4376 4377 4378
f 4369 4371 4379
f 4369 4379 4377
f 4098 4380 4373
f 4098 4373 4095
f 4374 4373 4381
f 4381 4373 4380
f 4383 4099 4382
f 4099 4375 4382
f 4099 4096 4375
f 4384 4383 4382
f 4378 4377 4101
f 4102 4378 4101
f 4385 4378 4102
f 4387 4386 4103
f 4387 4103 4101
f 4379 4387 4101
f 4377 4379 4101
f 4388 4386 4387
f 4104 4389 4380
f 4104 4380 4098
f 4381 4380 4390
f 4390 4380 4389
f 4392 4105 4391
f 4105 4099 4391
f 4391 4099 4383
f 4393 4391 4383
f 4383 4384 4393
f 4105 4392 4106
f 4394 4385 4102
f 4394 4102 4107
f 4394 4107 4103
f 4395 4394 4103
f 4386 4395 4103
f 4394 4395 4396
f 4386 4388 4397
f 4386 4397 4395
f 4108 4389 4104
f 4399 4398 4110
f 4110 4398 4108
f 4398 4390 4108
f 4390 4389 4108
f 4399 4400 4398
f 4392 4391 4401
f 4401 4391 4402
f 4401 4112 4106
f 4401 4106 4392
f 4405 4404 4403
f 4403 4404 4396
f 4395 4403 4396
f 4406 4403 4395
f 4395 4397 4407
f 4395 4407 4406
f 4113 4408 4399
f 4113 4399 4110
f 4400 4399 4409
f 4409 4399 4408
f 4401 4402 4410
f 4410 4402 4411
f 4412 4114 4112
f 4401 4412 4112
f 4410 4412 4401
f 4413 4405 4403
f 4114 4413 4403
f 4115 4114 4403
f 4413 4114 4412
f 4115 4403 4117
f 4117 4403 4406
f 4118 4117 4406
f 4407 4118 4406
f 4414 4118 4407
f 4120 4415 4408
f 4120 4408 4113
f 4409 4408 4416
f 4416 4408 4415
f 4411 4417 4410
f 4410 4417 4412
f 4412 4417 4418
f 4412 4418 4413
f 4414 4121 4118
f 4419 4121 4414
f 4122 4420 4415
f 4122 4415 4120
f 4416 4415 4421
f 4421 4415 4420
f 4419 4124 4121
f 4422 4124 4419
f 4125 4423 4420
f 4125 4420 4122
f 4421 4420 4424
f 4424 4420 4423
f 4422 4425 4124
f 4124 4425 4126
f 4127 4126 4425
f 4127 4425 4426
f 4429 4428 4427
f 4431 4430 4427
f 4431 4427 4428
f 4432 4430 4431
f 4435 4434 4433
f 4436 4433 4434
f 4128 4423 4125
f 4128 4130 4423
f 4130 4424 4423
f 4130 4437 4424
f 4426 4438 4127
f 4127 4438 4131
f 4427 4132 4429
f 4132 4438 4429
f 4132 4131 4438
f 4132 4427 4133
f 4427 4439 4133
f 4427 4430 4439
f 4430 4432 4440
f 4441 4430 4440
f 4439 4430 4441
f 4441 4440 4435
f 4441 4435 4433
f 4136 4441 4433
f 4135 4136 4433
f 4137 4135 4433
f 4436 4137 4433
f 4442 4137 4436
f 4139 4437 4130
f 4139 4443 4437
f 4439 4140 4133
f 4140 4439 4141
f 4141 4439 4441
f 4141 4441 4136
f 4442 4444 4137
f 4137 4444 4143
f 4145 4143 4444
f 4145 4444 4445
f 4147 4443 4139
f 4147 4446 4443
f 4445 4150 4145
f 4447 4150 4445
f 4152 4446 4147
f 4152 4448 4446
f 4450 4449 4155
f 4155 4449 4154
f 4155 4150 4447
f 4155 4447 4450
f 4157 4451 4156
f 4451 4452 4156
f 4452 4152 4156
f 4452 4448 4152
f 4449 4158 4154
f 4453 4158 4449
f 4455 4454 4451
f 4157 4455 4451
f 4159 4455 4157
f 4451 4454 4452
f 4453 4456 4158
f 4158 4456 4160
f 4161 4160 4456
f 4161 4456 4457
f 4163 4458 4162
f 4458 4459 4162
f 4459 4159 4162
f 4459 4455 4159
f 4164 4161 4460
f 4161 4461 4460
f 4161 4457 4461
f 4460 4165 4164
f 4166 4462 4458
f 4166 4458 4163
f 4459 4458 4463
f 4463 4458 4462
f 4461 4464 4460
f 4165 4460 4464
f 4465 4165 4464
f 4168 4165 4465
f 4169 4466 4462
f 4169 4462 4166
f 4463 4462 4467
f 4467 4462 4466
f 4465 4468 4168
f 4168 4468 4170
f 4171 4170 4468
f 4171 4468 4469
f 4172 4470 4466
f 4172 4466 4169
f 4467 4466 4471
f 4471 4466 4470
f 4469 4472 4171
f 4171 4472 4173
f 4175 4173 4472
f 4175 4472 4473
f 4475 4474 4470
f 4172 4475 4470
f 4176 4475 4172
f 4470 4474 4471
f 4178 4175 4476
f 4175 4477 4476
f 4175 4473 4477
f 4178 4476 4478
f 4479 4178 4478
f 4179 4178 4479
f 4180 4179 4479
f 4180 4479 4480
f 4182 4475 4176
f 4182 4481 4475
f 4477 4482 4476
f 4476 4482 4478
f 4480 4483 4180
f 4180 4483 4183
f 4184 4183 4483
f 4184 4483 4484
f 4186 4485 4185
f 4485 4187 4185
f 4189 4486 4188
f 4486 4487 4188
f 4487 4182 4188
f 4487 4481 4182
f 4489 4191 4488
f 4191 4484 4488
f 4191 4184 4484
f 4192 4489 4186
f 4488 4186 4489
f 4186 4488 4485
f 4490 4485 4488
f 4485 4490 4491
f 4491 4193 4187
f 4491 4187 4485
f 4493 4492 4195
f 4493 4195 4196
f 4198 4195 4492
f 4198 4492 4494
f 4199 4495 4486
f 4199 4486 4189
f 4487 4486 4496
f 4496 4486 4495
f 4489 4200 4191
f 4490 4497 4491
f 4200 4489 4192
f 4193 4491 4497
f 4498 4193 4497
f 4202 4193 4498
f 4500 4499 4204
f 4500 4204 4205
f 4204 4501 4206
f 4499 4501 4204
f 4196 4206 4493
f 4493 4206 4501
f 4494 4502 4198
f 4198 4502 4207
f 4209 4207 4502
f 4209 4502 4503
f 4505 4504 4495
f 4199 4505 4495
f 4211 4505 4199
f 4495 4504 4496
f 4498 4506 4202
f 4202 4506 4212
f 4506 4508 4507
f 4213 4506 4507
f 4212 4506 4213
f 4507 4509 4213
f 4509 4205 4213
f 4509 4500 4205
f 4503 4510 4209
f 4209 4510 4214
f 4215 4214 4510
f 4215 4510 4511
f 4217 4512 4216
f 4512 4513 4216
f 4513 4211 4216
f 4513 4505 4211
f 4508 4514 4507
f 4507 4514 4509
f 4218 4215 4515
f 4215 4516 4515
f 4215 4511 4516
f 4515 4219 4218
f 4518 4517 4512
f 4217 4518 4512
f 4221 4518 4217
f 4512 4517 4513
f 4521 4520 4519
f 4523 4522 4519
f 4519 4522 4521
f 4525 4524 4523
f 4523 4524 4522
f 4525 4526 4524
f 4516 4527 4515
f 4515 4527 4219
f 4527 4222 4219
f 4527 4528 4222
f 4223 4222 4528
f 4223 4528 4529
f 4225 4530 4226
f 4530 4531 4226
f 4531 4221 4226
f 4531 4518 4221
f 4520 4532 4519
f 4519 4532 4523
f 4523 4532 4533
f 4523 4533 4525
f 4525 4533 4534
f 4525 4534 4526
f 4227 4223 4535
f 4223 4536 4535
f 4223 4529 4536
f 4538 4535 4537
f 4538 4227 4535
f 4538 4539 4229
f 4227 4538 4229
f 4540 4539 4538
f 4232 4541 4231
f 4541 4234 4231
f 4543 4542 4237
f 4543 4237 4236
f 4225 4237 4530
f 4237 4544 4530
f 4237 4542 4544
f 4530 4544 4531
f 4536 4545 4535
f 4539 4238 4229
f 4545 4537 4535
f 4540 4546 4539
f 4546 4238 4539
f 4546 4239 4238
f 4232 4239 4541
f 4239 4547 4541
f 4239 4546 4547
f 4241 4234 4541
f 4548 4241 4541
f 4547 4548 4541
f 4241 4548 4549
f 4550 4549 4548
f 4552 4551 4242
f 4552 4242 4243
f 4236 4242 4543
f 4543 4242 4551
f 4553 4245 4246
f 4554 4553 4246
f 4554 4246 4241
f 4555 4554 4241
f 4549 4555 4241
f 4555 4549 4550
f 4557 4556 4249
f 4557 4249 4248
f 4243 4249 4552
f 4552 4249 4556
f 4558 4251 4252
f 4559 4558 4252
f 4559 4252 4245
f 4560 4559 4245
f 4553 4560 4245
f 4253 4254 4561
f 4553 4554 4560
f 4253 4561 4562
f 4563 4253 4562
f 4255 4253 4563
f 4248 4255 4557
f 4557 4255 4563
f 4564 4256 4257
f 4565 4564 4257
f 4565 4257 4251
f 4566 4565 4251
f 4558 4566 4251
f 4260 4259 4567
f 4558 4559 4566
f 4567 4568 4260
f 4260 4568 4254
f 4568 4569 4254
f 4569 4561 4254
f 4561 4569 4562
f 4261 4256 4564
f 4572 4571 4570
f 4263 4570 4571
f 4263 4565 4570
f 4263 4261 4564
f 4565 4263 4564
f 4574 4573 4567
f 4259 4574 4567
f 4264 4574 4259
f 4567 4573 4568
f 4577 4576 4575
f 4577 4575 4572
f 4575 4571 4572
f 4575 4578 4571
f 4571 4578 4263
f 4578 4579 4263
f 4579 4265 4263
f 4578 4580 4579
f 4264 4265 4574
f 4574 4265 4579
f 4576 4581 4575
f 4575 4581 4578
f 4578 4581 4582
f 4578 4582 4580
f 4585 4584 4583
f 4583 4586 4585
f 4584 4587 4583
f 4583 4587 4586
f 4588 4267 4268
f 4269 4588 4268
f 4590 4589 4271
f 4271 4589 4270
f 4271 4267 4588
f 4591 4271 4588
f 4590 4271 4591
f 4591 4588 4269
f 4272 4591 4269
f 4592 4591 4272
f 4272 4274 4592
f 4592 4274 4593
f 4596 4595 4594
f 4277 4278 4594
f 4278 4596 4594
f 4278 4597 4596
f 4598 4278 4279
f 4598 4597 4278
f 4279 4270 4589
f 4279 4589 4598
f 4599 4593 4274
f 4599 4274 4280
f 4600 4280 4281
f 4600 4599 4280
f 4601 4281 4282
f 4601 4600 4281
f 4602 4282 4283
f 4602 4601 4282
f 4603 4283 4284
f 4603 4602 4283
f 4604 4284 4285
f 4604 4603 4284
f 4605 4285 4286
f 4605 4604 4285
f 4286 4287 4605
f 4605 4287 4606
f 4608 4607 4290
f 4290 4607 4289
f 4291 4594 4595
f 4608 4291 4595
f 4290 4291 4608
f 4594 4291 4277
f 4609 4606 4287
f 4609 4287 4292
f 4610 4292 4293
f 4610 4609 4292
f 4293 4294 4610
f 4610 4294 4611
f 4607 4295 4289
f 4612 4295 4607
f 4613 4611 4294
f 4613 4294 4296
f 4296 4297 4613
f 4613 4297 4614
f 4616 4615 4299
f 4299 4615 4298
f 4299 4295 4612
f 4299 4612 4616
f 4617 4614 4297
f 4617 4297 4300
f 4619 4618 4301
f 4618 4300 4301
f 4618 4617 4300
f 4619 4620 4618
f 4622 4621 4303
f 4303 4621 4302
f 4303 4298 4615
f 4303 4615 4622
f 4304 4619 4301
f 4623 4620 4619
f 4304 4623 4619
f 4305 4623 4304
f 4625 4624 4306
f 4624 4305 4306
f 4624 4623 4305
f 4625 4626 4624
f 4627 4307 4308
f 4628 4627 4308
f 4302 4628 4308
f 4621 4628 4302
f 4309 4625 4306
f 4309 4310 4625
f 4310 4626 4625
f 4310 4629 4626
f 4631 4630 4627
f 4630 4307 4627
f 4630 4311 4307
f 4631 4627 4628
f 4632 4629 4310
f 4632 4310 4312
f 4312 4314 4632
f 4632 4314 4633
f 4635 4316 4634
f 4316 4630 4634
f 4316 4311 4630
f 4636 4635 4634
f 4637 4633 4314
f 4637 4314 4317
f 4317 4319 4637
f 4637 4319 4638
f 4639 4320 4321
f 4316 4635 4321
f 4635 4639 4321
f 4635 4640 4639
f 4635 4636 4641
f 4635 4641 4640
f 4642 4638 4319
f 4642 4319 4322
f 4322 4324 4642
f 4642 4324 4643
f 4644 4325 4639
f 4639 4325 4320
f 4640 4646 4645
f 4644 4640 4645
f 4639 4640 4644
f 4646 4640 4641
f 4647 4643 4324
f 4647 4324 4326
f 4648 4326 4327
f 4648 4647 4326
f 4327 4329 4648
f 4648 4329 4649
f 4644 4330 4325
f 4331 4330 4644
f 4645 4331 4644
f 4650 4331 4645
f 4651 4649 4329
f 4651 4329 4332
f 4332 4333 4651
f 4651 4333 4652
f 4650 4336 4331
f 4653 4336 4650
f 4654 4652 4333
f 4654 4333 4337
f 4337 4338 4654
f 4654 4338 4655
f 4656 4340 4339
f 4657 4656 4339
f 4336 4657 4339
f 4653 4657 4336
f 4658 4655 4338
f 4658 4338 4341
f 4660 4659 4342
f 4659 4341 4342
f 4659 4658 4341
f 4660 4661 4659
f 4662 4343 4656
f 4656 4343 4340
f 4656 4657 4663
f 4656 4663 4662
f 4344 4660 4342
f 4664 4661 4660
f 4344 4664 4660
f 4345 4664 4344
f 4665 4345 4346
f 4665 4664 4345
f 4667 4666 4348
f 4666 4346 4348
f 4666 4665 4346
f 4667 4668 4666
f 4662 4349 4343
f 4351 4349 4662
f 4663 4351 4662
f 4669 4351 4663
f 4352 4667 4348
f 4671 4670 4353
f 4353 4670 4352
f 4670 4668 4352
f 4668 4667 4352
f 4671 4672 4670
f 4669 4355 4351
f 4673 4355 4669
f 4356 4671 4353
f 4675 4674 4358
f 4358 4674 4356
f 4674 4672 4356
f 4672 4671 4356
f 4675 4676 4674
f 4677 4359 4360
f 4362 4677 4360
f 4673 4363 4355
f 4678 4363 4673
f 4364 4675 4358
f 4680 4679 4366
f 4366 4679 4364
f 4679 4676 4364
f 4676 4675 4364
f 4680 4681 4679
f 4682 4367 4677
f 4677 4367 4359
f 4368 4682 4362
f 4362 4682 4677
f 4678 4683 4363
f 4363 4683 4370
f 4685 4684 4371
f 4370 4685 4371
f 4683 4685 4370
f 4686 4684 4685
f 4372 4680 4366
f 4372 4374 4680
f 4374 4681 4680
f 4374 4687 4681
f 4688 4375 4682
f 4682 4375 4367
f 4376 4689 4368
f 4689 4682 4368
f 4689 4688 4682
f 4378 4689 4376
f 4690 4379 4684
f 4684 4379 4371
f 4684 4686 4691
f 4684 4691 4690
f 4381 4687 4374
f 4381 4692 4687
f 4688 4382 4375
f 4382 4688 4384
f 4688 4693 4384
f 4688 4689 4693
f 4385 4693 4378
f 4378 4693 4689
f 4690 4387 4379
f 4388 4387 4690
f 4691 4388 4690
f 4694 4388 4691
f 4390 4692 4381
f 4390 4695 4692
f 4697 4696 4393
f 4393 4696 4391
f 4697 4393 4384
f 4698 4697 4384
f 4693 4698 4384
f 4697 4698 4699
f 4394 4700 4385
f 4700 4693 4385
f 4700 4698 4693
f 4396 4700 4394
f 4702 4397 4701
f 4397 4694 4701
f 4397 4388 4694
f 4703 4702 4701
f 4704 4695 4390
f 4704 4390 4398
f 4398 4400 4704
f 4704 4400 4705
f 4696 4402 4391
f 4706 4402 4696
f 4699 4698 4707
f 4699 4707 4708
f 4405 4707 4404
f 4707 4700 4404
f 4707 4698 4700
f 4404 4700 4396
f 4709 4407 4702
f 4702 4407 4397
f 4702 4703 4710
f 4702 4710 4709
f 4409 4705 4400
f 4409 4711 4705
f 4713 4411 4712
f 4411 4706 4712
f 4411 4402 4706
f 4713 4712 4708
f 4707 4713 4708
f 4714 4713 4707
f 4413 4714 4405
f 4405 4714 4707
f 4716 4715 4709
f 4715 4407 4709
f 4715 4414 4407
f 4716 4709 4710
f 4416 4711 4409
f 4416 4717 4711
f 4713 4417 4411
f 4417 4713 4418
f 4418 4713 4714
f 4418 4714 4413
f 4715 4419 4414
f 4718 4419 4715
f 4421 4717 4416
f 4421 4719 4717
f 4718 4422 4419
f 4720 4422 4718
f 4424 4722 4721
f 4719 4424 4721
f 4421 4424 4719
f 4722 4723 4721
f 4720 4724 4422
f 4422 4724 4425
f 4726 4725 4426
f 4425 4726 4426
f 4724 4726 4425
f 4428 4429 4725
f 4726 4428 4725
f 4727 4428 4726
f 4428 4728 4431
f 4727 4728 4428
f 4432 4431 4728
f 4432 4728 4729
f 4435 4730 4434
f 4730 4436 4434
f 4437 4731 4722
f 4437 4722 4424
f 4723 4722 4732
f 4732 4722 4731
f 4725 4438 4426
f 4438 4725 4429
f 4729 4733 4432
f 4432 4733 4440
f 4440 4733 4435
f 4733 4734 4435
f 4734 4730 4435
f 4734 4733 4735
f 4734 4442 4436
f 4734 4436 4730
f 4443 4736 4731
f 4443 4731 4437
f 4732 4731 4737
f 4737 4731 4736
f 4735 4738 4734
f 4734 4738 4442
f 4738 4444 4442
f 4738 4739 4444
f 4445 4444 4739
f 4445 4739 4740
f 4446 4741 4736
f 4446 4736 4443
f 4737 4736 4742
f 4742 4736 4741
f 4740 4447 4445
f 4743 4447 4740
f 4745 4744 4741
f 4446 4745 4741
f 4448 4745 4446
f 4741 4744 4742
f 4746 4449 4450
f 4747 4746 4450
f 4447 4747 4450
f 4743 4747 4447
f 4452 4745 4448
f 4452 4748 4745
f 4749 4453 4746
f 4746 4453 4449
f 4746 4747 4750
f 4746 4750 4749
f 4455 4751 4454
f 4751 4752 4454
f 4752 4452 4454
f 4752 4748 4452
f 4749 4456 4453
f 4457 4456 4749
f 4750 4457 4749
f 4753 4457 4750
f 4755 4754 4751
f 4455 4755 4751
f 4459 4755 4455
f 4751 4754 4752
f 4757 4461 4756
f 4461 4753 4756
f 4461 4457 4753
f 4758 4757 4756
f 4463 4755 4459
f 4463 4759 4755
f 4757 4464 4461
f 4465 4464 4757
f 4758 4465 4757
f 4760 4465 4758
f 4467 4759 4463
f 4467 4761 4759
f 4760 4762 4465
f 4465 4762 4468
f 4469 4468 4762
f 4469 4762 4763
f 4471 4761 4467
f 4471 4764 4761
f 4472 4469 4765
f 4469 4766 4765
f 4469 4763 4766
f 4765 4473 4472
f 4475 4767 4474
f 4767 4768 4474
f 4768 4471 4474
f 4768 4764 4471
f 4766 4769 4765
f 4473 4765 4769
f 4770 4473 4769
f 4477 4473 4770
f 4478 4771 4479
f 4771 4480 4479
f 4481 4772 4767
f 4481 4767 4475
f 4768 4767 4773
f 4773 4767 4772
f 4770 4774 4477
f 4477 4774 4482
f 4482 4774 4478
f 4774 4775 4478
f 4775 4771 4478
f 4775 4774 4776
f 4777 4483 4480
f 4771 4777 4480
f 4775 4777 4771
f 4777 4484 4483
f 4487 4778 4772
f 4487 4772 4481
f 4773 4772 4779
f 4779 4772 4778
f 4776 4780 4775
f 4775 4780 4777
f 4777 4780 4781
f 4781 4783 4782
f 4781 4782 4488
f 4777 4781 4488
f 4484 4777 4488
f 4782 4490 4488
f 4493 4784 4492
f 4784 4494 4492
f 4496 4785 4778
f 4496 4778 4487
f 4779 4778 4786
f 4786 4778 4785
f 4783 4787 4782
f 4787 4789 4788
f 4787 4788 4497
f 4782 4787 4497
f 4490 4782 4497
f 4788 4498 4497
f 4500 4790 4499
f 4791 4501 4499
f 4791 4499 4790
f 4784 4493 4501
f 4791 4784 4501
f 4792 4784 4791
f 4793 4502 4494
f 4784 4793 4494
f 4792 4793 4784
f 4793 4503 4502
f 4505 4794 4504
f 4794 4795 4504
f 4504 4795 4496
f 4795 4796 4496
f 4796 4785 4496
f 4785 4796 4786
f 4789 4797 4788
f 4797 4799 4798
f 4797 4798 4506
f 4788 4797 4506
f 4498 4788 4506
f 4798 4508 4506
f 4509 4800 4790
f 4509 4790 4500
f 4802 4791 4801
f 4791 4800 4801
f 4791 4790 4800
f 4791 4802 4792
f 4792 4802 4803
f 4805 4804 4803
f 4804 4792 4803
f 4804 4793 4792
f 4806 4510 4503
f 4793 4806 4503
f 4804 4806 4793
f 4806 4511 4510
f 4513 4807 4794
f 4513 4794 4505
f 4795 4794 4808
f 4808 4794 4807
f 4799 4809 4798
f 4809 4811 4810
f 4809 4810 4514
f 4798 4809 4514
f 4508 4798 4514
f 4810 4812 4514
f 4514 4812 4509
f 4812 4813 4509
f 4813 4800 4509
f 4813 4814 4800
f 4814 4815 4800
f 4816 4801 4800
f 4816 4800 4815
f 4815 4817 4816
f 4805 4818 4804
f 4804 4818 4806
f 4806 4818 4819
f 4516 4511 4806
f 4820 4516 4806
f 4819 4820 4806
f 4516 4820 4821
f 4822 4821 4820
f 4518 4823 4517
f 4823 4824 4517
f 4517 4824 4513
f 4824 4825 4513
f 4825 4807 4513
f 4807 4825 4808
f 4811 4826 4810
f 4810 4826 4812
f 4815 4814 4521
f 4814 4520 4521
f 4814 4827 4520
f 4828 4817 4815
f 4521 4828 4815
f 4522 4828 4521
f 4830 4828 4829
f 4828 4524 4829
f 4828 4522 4524
f 4526 4829 4524
f 4821 4527 4516
f 4822 4831 4821
f 4831 4527 4821
f 4831 4528 4527
f 4833 4832 4529
f 4528 4833 4529
f 4831 4833 4528
f 4834 4832 4833
f 4836 4835 4823
f 4518 4836 4823
f 4531 4836 4518
f 4823 4835 4824
f 4827 4837 4520
f 4520 4837 4532
f 4532 4838 4533
f 4837 4838 4532
f 4829 4534 4830
f 4534 4838 4830
f 4534 4533 4838
f 4534 4829 4526
f 4839 4536 4832
f 4832 4536 4529
f 4840 4538 4537
f 4832 4840 4537
f 4839 4832 4537
f 4840 4832 4834
f 4842 4841 4540
f 4538 4842 4540
f 4840 4842 4538
f 4843 4841 4842
f 4543 4844 4542
f 4542 4844 4845
f 4846 4542 4845
f 4544 4542 4846
f 4531 4544 4836
f 4836 4544 4846
f 4839 4545 4536
f 4545 4839 4537
f 4841 4546 4540
f 4843 4847 4841
f 4847 4546 4841
f 4847 4547 4546
f 4547 4848 4548
f 4847 4848 4547
f 4550 4548 4848
f 4550 4848 4849
f 4552 4850 4551
f 4850 4851 4551
f 4551 4851 4543
f 4851 4852 4543
f 4852 4844 4543
f 4844 4852 4845
f 4854 4853 4555
f 4555 4853 4554
f 4555 4550 4849
f 4555 4849 4854
f 4856 4855 4556
f 4856 4556 4557
f 4552 4556 4850
f 4556 4857 4850
f 4556 4855 4857
f 4850 4857 4851
f 4859 4858 4560
f 4560 4858 4559
f 4560 4554 4853
f 4560 4853 4859
f 4562 4860 4563
f 4860 4861 4563
f 4861 4557 4563
f 4861 4856 4557
f 4862 4565 4566
f 4863 4862 4566
f 4559 4863 4566
f 4858 4863 4559
f 4568 4864 4569
f 4864 4865 4569
f 4569 4865 4562
f 4865 4866 4562
f 4866 4860 4562
f 4860 4866 4861
f 4867 4572 4570
f 4565 4862 4570
f 4862 4867 4570
f 4862 4868 4867
f 4869 4573 4574
f 4862 4869 4574
f 4868 4862 4574
f 4869 4862 4863
f 4568 4573 4864
f 4573 4870 4864
f 4573 4869 4870
f 4864 4870 4865
f 4873 4872 4871
f 4576 4577 4871
f 4577 4873 4871
f 4577 4874 4873
f 4577 4572 4867
f 4875 4577 4867
f 4874 4577 4875
f 4875 4877 4876
f 4877 4875 4580
f 4867 4580 4875
f 4580 4867 4579
f 4868 4579 4867
f 4868 4574 4579
f 4878 4876 4877
f 4871 4872 4879
f 4879 4872 4880
f 4881 4581 4576
f 4871 4881 4576
f 4879 4881 4871
f 4882 4582 4581
f 4882 4581 4881
f 4877 4580 4582
f 4882 4877 4582
f 4883 4877 4882
f 4878 4877 4884
f 4884 4877 4883
f 4879 4880 4885
f 4885 4880 4886
f 4885 4584 4585
f 4881 4885 4585
f 4879 4885 4881
f 4881 4585 4586
f 4887 4881 4586
f 4882 4881 4887
f 4882 4888 4883
f 4882 4887 4888
f 4884 4883 4889
f 4883 4890 4889
f 4883 4888 4890
f 4890 4891 4889
f 4886 4892 4885
f 4885 4892 4584
f 4892 4587 4584
f 4892 4893 4587
f 4587 4893 4586
f 4893 4894 4586
f 4894 4887 4586
f 4894 4893 4895
f 4887 4896 4888
f 4887 4894 4896
f 4888 4897 4890
f 4888 4896 4897
f 4891 4890 4898
f 4898 4890 4897
f 4895 4899 4894
f 4894 4899 4896
f 4896 4899 4900
f 4896 4900 4897
f 4897 4900 4901
f 4897 4901 4898
f 4902 4589 4590
f 4591 4903 4590
f 4590 4903 4902
f 4592 4904 4591
f 4591 4904 4903
f 4593 4904 4592
f 4905 4595 4596
f 4597 4906 4596
f 4596 4906 4905
f 4598 4907 4597
f 4597 4907 4906
f 4908 4907 4598
f 4908 4598 4589
f 4909 4908 4589
f 4902 4909 4589
f 4909 4902 4903
f 4909 4903 4910
f 4910 4903 4904
f 4910 4904 4911
f 4911 4904 4593
f 4599 4911 4593
f 4912 4911 4599
f 4913 4599 4600
f 4913 4912 4599
f 4914 4600 4601
f 4914 4913 4600
f 4915 4601 4602
f 4915 4914 4601
f 4916 4602 4603
f 4916 4915 4602
f 4917 4603 4604
f 4917 4916 4603
f 4918 4604 4605
f 4918 4917 4604
f 4605 4606 4918
f 4918 4606 4919
f 4921 4920 4608
f 4608 4920 4607
f 4608 4595 4905
f 4922 4608 4905
f 4921 4608 4922
f 4922 4905 4906
f 4922 4906 4923
f 4923 4906 4907
f 4923 4907 4924
f 4924 4907 4908
f 4925 4919 4606
f 4925 4606 4609
f 4926 4609 4610
f 4926 4925 4609
f 4610 4611 4926
f 4926 4611 4927
f 4920 4612 4607
f 4928 4612 4920
f 4929 4927 4611
f 4929 4611 4613
f 4931 4930 4614
f 4930 4613 4614
f 4930 4929 4613
f 4931 4932 4930
f 4933 4615 4616
f 4934 4933 4616
f 4612 4934 4616
f 4928 4934 4612
f 4617 4931 4614
f 4935 4932 4931
f 4617 4935 4931
f 4618 4935 4617
f 4618 4620 4935
f 4935 4620 4936
f 4938 4937 4622
f 4622 4937 4621
f 4622 4615 4933
f 4939 4622 4933
f 4938 4622 4939
f 4939 4933 4934
f 4940 4936 4620
f 4940 4620 4623
f 4941 4623 4624
f 4941 4940 4623
f 4624 4626 4941
f 4941 4626 4942
f 4937 4628 4621
f 4943 4628 4937
f 4629 4945 4944
f 4942 4629 4944
f 4626 4629 4942
f 4945 4946 4944
f 4947 4630 4631
f 4948 4947 4631
f 4628 4948 4631
f 4943 4948 4628
f 4632 4945 4629
f 4632 4633 4945
f 4633 4946 4945
f 4633 4949 4946
f 4947 4634 4630
f 4636 4634 4947
f 4948 4636 4947
f 4950 4636 4948
f 4951 4949 4633
f 4951 4633 4637
f 4953 4952 4638
f 4952 4637 4638
f 4952 4951 4637
f 4953 4954 4952
f 4950 4641 4636
f 4955 4641 4950
f 4642 4953 4638
f 4957 4956 4643
f 4643 4956 4642
f 4956 4954 4642
f 4954 4953 4642
f 4957 4958 4956
f 4960 4959 4646
f 4646 4959 4645
f 4646 4641 4955
f 4646 4955 4960
f 4647 4957 4643
f 4961 4958 4957
f 4647 4961 4957
f 4648 4961 4647
f 4648 4649 4961
f 4961 4649 4962
f 4964 4650 4963
f 4650 4959 4963
f 4650 4645 4959
f 4965 4964 4963
f 4966 4962 4649
f 4966 4649 4651
f 4651 4652 4966
f 4966 4652 4967
f 4968 4653 4964
f 4964 4653 4650
f 4964 4965 4969
f 4964 4969 4968
f 4970 4967 4652
f 4970 4652 4654
f 4972 4971 4655
f 4971 4654 4655
f 4971 4970 4654
f 4972 4973 4971
f 4975 4974 4968
f 4974 4653 4968
f 4974 4657 4653
f 4975 4968 4969
f 4658 4972 4655
f 4976 4973 4972
f 4658 4976 4972
f 4659 4976 4658
f 4659 4661 4976
f 4976 4661 4977
f 4974 4663 4657
f 4978 4663 4974
f 4979 4977 4661
f 4979 4661 4664
f 4980 4664 4665
f 4980 4979 4664
f 4981 4665 4666
f 4981 4980 4665
f 4666 4668 4981
f 4981 4668 4982
f 4978 4669 4663
f 4983 4669 4978
f 4984 4982 4668
f 4984 4668 4670
f 4670 4672 4984
f 4984 4672 4985
f 4983 4673 4669
f 4986 4673 4983
f 4987 4985 4672
f 4987 4672 4674
f 4674 4676 4987
f 4987 4676 4988
f 4990 4678 4989
f 4678 4986 4989
f 4678 4673 4986
f 4992 4991 4990
f 4992 4990 4989
f 4993 4991 4992
f 4994 4988 4676
f 4994 4676 4679
f 4679 4681 4994
f 4994 4681 4995
f 4990 4683 4678
f 4683 4990 4685
f 4685 4990 4991
f 4686 4685 4991
f 4993 4686 4991
f 4996 4686 4993
f 4687 4995 4681
f 4687 4997 4995
f 4996 4691 4686
f 4998 4691 4996
f 4692 4997 4687
f 4692 4999 4997
f 5002 5001 5000
f 5000 5003 5002
f 5005 4694 5004
f 4694 4998 5004
f 4694 4691 4998
f 5006 5005 5004
f 4695 5008 5007
f 4999 4695 5007
f 4692 4695 4999
f 5008 5009 5007
f 5000 5001 4697
f 5001 4696 4697
f 5001 5010 4696
f 4697 4699 5000
f 4699 5003 5000
f 4699 5011 5003
f 5005 4701 4694
f 4703 4701 5005
f 5006 4703 5005
f 5012 4703 5006
f 4704 5008 4695
f 4704 4705 5008
f 4705 5009 5008
f 4705 5013 5009
f 5015 4706 5014
f 4706 5010 5014
f 4706 4696 5010
f 5014 5011 5015
f 5011 4708 5015
f 5011 4699 4708
f 5012 4710 4703
f 5016 4710 5012
f 4711 5013 4705
f 4711 5017 5013
f 5015 4712 4706
f 4712 5015 4708
f 5018 4715 4716
f 4710 5016 5019
f 5018 4710 5019
f 5020 5018 5019
f 4716 4710 5018
f 5021 5020 5019
f 4717 5017 4711
f 4717 5022 5017
f 5024 5023 5018
f 5023 4715 5018
f 5023 4718 4715
f 5024 5018 5020
f 5024 5020 5025
f 5028 5027 5026
f 5021 5025 5020
f 5029 5027 5028
f 4719 5031 5030
f 5022 4719 5030
f 4717 4719 5022
f 5031 5032 5030
f 5034 4720 5033
f 4720 5023 5033
f 4720 4718 5023
f 5035 5034 5033
f 5026 5027 5036
f 5026 5036 5037
f 5027 5029 5038
f 5039 5027 5038
f 5036 5027 5039
f 5041 5040 5039
f 5041 5039 5038
f 5043 5042 5040
f 5043 5040 5041
f 5044 5042 5043
f 4721 5031 4719
f 5046 5045 4723
f 4723 5045 4721
f 5045 5032 4721
f 5032 5031 4721
f 5046 5047 5045
f 5034 4724 4720
f 5035 5048 5034
f 5048 4724 5034
f 5048 4726 4724
f 5036 4727 5037
f 4727 5048 5037
f 4727 4726 5048
f 4727 5036 4728
f 4728 5036 5039
f 4728 5039 4729
f 5039 5049 4729
f 5039 5040 5049
f 5050 5040 5042
f 5049 5040 5050
f 5042 5044 5051
f 5042 5051 5050
f 4732 5052 5046
f 4732 5046 4723
f 5047 5046 5053
f 5053 5046 5052
f 5049 4733 4729
f 4733 5049 4735
f 5049 5054 4735
f 5049 5050 5054
f 5050 5051 5055
f 5050 5055 5054
f 4737 5056 5052
f 4737 5052 4732
f 5053 5052 5057
f 5057 5052 5056
f 5054 4738 4735
f 5055 5058 5054
f 5058 4738 5054
f 5058 4739 4738
f 4740 4739 5058
f 4740 5058 5059
f 4742 5060 5056
f 4742 5056 4737
f 5057 5056 5061
f 5061 5056 5060
f 5063 4743 5062
f 4743 5059 5062
f 4743 4740 5059
f 5064 5063 5062
f 4745 5065 4744
f 5060 4742 4744
f 5065 5060 4744
f 5066 5060 5065
f 5061 5060 5067
f 5067 5060 5066
f 5068 4747 5063
f 5063 4747 4743
f 5063 5064 5069
f 5063 5069 5068
f 4748 5070 5065
f 4748 5065 4745
f 5072 5066 5071
f 5066 5070 5071
f 5066 5065 5070
f 5066 5072 5067
f 5074 5073 5068
f 5073 4747 5068
f 5073 4750 4747
f 5074 5068 5069
f 5076 5075 5070
f 4748 5076 5070
f 4752 5076 4748
f 5070 5075 5071
f 5073 4753 4750
f 5077 4753 5073
f 4755 5078 4754
f 5078 5079 4754
f 5079 4752 4754
f 5079 5076 4752
f 4756 4753 5080
f 4753 5081 5080
f 4753 5077 5081
f 5080 4758 4756
f 4759 5082 5078
f 4759 5078 4755
f 5079 5078 5083
f 5083 5078 5082
f 5081 5084 5080
f 4758 5080 5084
f 5085 4758 5084
f 4760 4758 5085
f 4761 5086 5082
f 4761 5082 4759
f 5083 5082 5087
f 5087 5082 5086
f 5085 5088 4760
f 4760 5088 4762
f 4763 4762 5088
f 4763 5088 5089
f 5091 5090 5086
f 4761 5091 5086
f 4764 5091 4761
f 5086 5090 5087
f 5089 4766 4763
f 5092 4766 5089
f 4768 5091 4764
f 4768 5093 5091
f 5092 5094 4766
f 4766 5094 4769
f 5096 5095 4770
f 4769 5096 4770
f 5094 5096 4769
f 5097 5095 5096
f 4773 5093 4768
f 4773 5098 5093
f 5095 4774 4770
f 5100 5099 4776
f 5100 4776 4774
f 5097 5100 4774
f 5095 5097 4774
f 5101 5099 5100
f 4779 5098 4773
f 4779 5102 5098
f 5099 4780 4776
f 4781 4780 5099
f 5103 4781 5099
f 5101 5103 5099
f 5104 4781 5103
f 5104 4783 4781
f 4786 5102 4779
f 4786 5105 5102
f 5103 5106 5104
f 5106 5108 5107
f 5106 5107 4787
f 5104 5106 4787
f 4783 5104 4787
f 5107 4789 4787
f 4795 5109 4796
f 5109 5110 4796
f 5110 4786 4796
f 5110 5105 4786
f 5108 5111 5107
f 5107 5111 4789
f 5111 4797 4789
f 5111 5112 4797
f 4799 4797 5112
f 4799 5112 5113
f 4801 5114 4802
f 5115 4803 4802
f 5115 4802 5114
f 5115 4805 4803
f 5117 5116 5109
f 4795 5117 5109
f 4808 5117 4795
f 5109 5116 5110
f 5113 5118 4799
f 4799 5118 4809
f 4811 4809 5118
f 4811 5118 5119
f 4812 5120 4813
f 4816 5114 4801
f 4814 4813 5120
f 5114 4816 4817
f 5121 5114 4817
f 5115 5114 5121
f 5122 4818 4805
f 5115 5122 4805
f 5121 5122 5115
f 5123 4819 4818
f 5123 4818 5122
f 5124 4820 4819
f 5124 4819 5123
f 5124 4822 4820
f 5126 5125 4825
f 5126 4825 4824
f 4808 4825 5117
f 5117 4825 5125
f 5119 5127 4811
f 4811 5127 4826
f 4826 5127 4812
f 5127 5128 4812
f 5128 5120 4812
f 5128 5127 5129
f 5128 4827 4814
f 5128 4814 5120
f 5121 4817 4828
f 5132 5131 5130
f 5133 5131 5132
f 5131 5133 4830
f 5122 4830 5133
f 4830 5122 4828
f 5121 4828 5122
f 5122 5133 5123
f 5123 5133 5134
f 5136 5135 5134
f 5135 5123 5134
f 5135 5124 5123
f 5137 4831 4822
f 5124 5137 4822
f 5135 5137 5124
f 5138 4833 4831
f 5138 4831 5137
f 5138 4834 4833
f 4836 5139 4835
f 5139 5140 4835
f 5140 4824 4835
f 5140 5126 4824
f 5128 5129 5141
f 5141 5129 5142
f 5143 4837 4827
f 5128 5143 4827
f 5141 5143 5128
f 4837 5131 4838
f 5131 4837 5130
f 5143 5130 4837
f 5130 5143 5144
f 5145 5144 5143
f 5131 4830 4838
f 5146 5144 5145
f 5136 5147 5135
f 5135 5147 5137
f 5137 5147 5148
f 5137 5148 5138
f 5138 5148 5149
f 5149 5151 5150
f 5149 5150 4840
f 5138 5149 4840
f 4834 5138 4840
f 5152 4842 4840
f 5152 4840 5150
f 5152 4843 4842
f 4845 5153 4846
f 5153 5154 4846
f 4846 5154 4836
f 5154 5155 4836
f 5155 5139 4836
f 5139 5155 5140
f 5142 5156 5141
f 5158 5157 5156
f 5157 5141 5156
f 5157 5143 5141
f 5143 5159 5145
f 5143 5157 5159
f 5146 5145 5160
f 5145 5161 5160
f 5145 5159 5161
f 5161 5162 5160
f 5151 5163 5150
f 5150 5163 5152
f 5152 5163 5164
f 5152 5164 4843
f 5164 4847 4843
f 5164 5165 4847
f 5165 5167 5166
f 4848 5165 5166
f 4847 5165 4848
f 5166 4849 4848
f 4851 5168 4852
f 5153 4845 4852
f 5168 5153 4852
f 5169 5153 5168
f 5154 5153 5170
f 5170 5153 5169
f 5158 5171 5157
f 5157 5171 5159
f 5159 5171 5172
f 5159 5172 5161
f 5161 5172 5173
f 5161 5173 5162
f 5175 5174 5167
f 5174 4853 5167
f 4854 5166 5167
f 4854 5167 4853
f 4854 4849 5166
f 5174 5175 5176
f 4856 5177 4855
f 5178 4857 4855
f 5178 4855 5177
f 5178 5179 4857
f 4857 5179 4851
f 5179 5180 4851
f 5180 5168 4851
f 5168 5180 5169
f 5169 5180 5181
f 5169 5181 5170
f 5182 4858 4859
f 4853 5174 4859
f 5174 5182 4859
f 5174 5183 5182
f 5174 5176 5184
f 5174 5184 5183
f 4861 5185 5177
f 4861 5177 4856
f 5187 5178 5186
f 5178 5185 5186
f 5178 5177 5185
f 5178 5187 5179
f 5188 4863 5182
f 5182 4863 4858
f 5183 5190 5189
f 5188 5183 5189
f 5182 5183 5188
f 5191 5190 4865
f 5183 4865 5190
f 4865 5183 4866
f 5184 4866 5183
f 4866 5184 5192
f 4861 4866 5185
f 4866 5193 5185
f 4866 5192 5193
f 5185 5193 5186
f 5188 4869 4863
f 5189 5194 5188
f 5194 4869 5188
f 5194 4870 4869
f 4865 4870 5191
f 5191 4870 5194
f 5196 5195 4873
f 4873 5195 4872
f 5197 4873 4874
f 5197 5196 4873
f 5198 4874 4875
f 5198 5197 4874
f 5199 4875 4876
f 5199 5198 4875
f 5201 5200 4878
f 5200 4876 4878
f 5200 5199 4876
f 5201 5202 5200
f 5195 4880 4872
f 5203 4880 5195
f 4884 5204 5201
f 4884 5201 4878
f 5202 5201 5205
f 5201 5206 5205
f 5201 5204 5206
f 5206 5207 5205
f 5203 4886 4880
f 5208 4886 5203
f 4889 5204 4884
f 5206 5204 5209
f 5204 4891 5209
f 4891 5210 5209
f 4891 5204 4889
f 5206 5209 5207
f 5208 5211 4886
f 4886 5211 4892
f 4892 5212 4893
f 5211 5212 4892
f 4895 4893 5212
f 4895 5212 5213
f 4898 5210 4891
f 4898 5214 5210
f 5213 5215 4895
f 4895 5215 4899
f 5215 5217 5216
f 4900 5215 5216
f 4899 5215 4900
f 5218 4901 4900
f 5218 4900 5216
f 5218 5219 4901
f 5219 4898 4901
f 5219 5214 4898
f 5216 5217 5220
f 5220 5217 5221
f 5216 5222 5218
f 5216 5220 5222
f 5219 5218 5223
f 5223 5218 5222
f 5221 5224 5220
f 5220 5224 5222
f 5222 5224 5225
f 5222 5225 5223
f 5227 5226 4909
f 4909 5226 4908
f 5228 4909 4910
f 5228 5227 4909
f 5229 4910 4911
f 5229 5228 4910
f 5230 4911 4912
f 5230 5229 4911
f 5231 4912 4913
f 5231 5230 4912
f 5232 4913 4914
f 5232 5231 4913
f 5233 4914 4915
f 5233 5232 4914
f 5234 4915 4916
f 5234 5233 4915
f 5235 4916 4917
f 5235 5234 4916
f 5236 4917 4918
f 5236 5235 4917
f 4918 4919 5236
f 5236 4919 5237
f 5238 4920 4921
f 4922 5239 4921
f 4921 5239 5238
f 5239 4922 5240
f 4922 5241 5240
f 4922 4923 5241
f 5242 4923 4924
f 5242 5241 4923
f 4924 4908 5226
f 4924 5226 5242
f 5243 5237 4919
f 5243 4919 4925
f 5244 4925 4926
f 5244 5243 4925
f 5246 5245 4927
f 5245 4926 4927
f 5245 5244 4926
f 5246 5247 5245
f 5249 5248 5238
f 5248 4920 5238
f 5248 4928 4920
f 5249 5238 5239
f 5249 5239 5250
f 5250 5239 5240
f 4929 5246 4927
f 5251 5247 5246
f 4929 5251 5246
f 4930 5251 4929
f 4930 4932 5251
f 5251 4932 5252
f 5248 4934 4928
f 5253 4934 5248
f 5254 5252 4932
f 5254 4932 4935
f 5256 5255 4936
f 5255 4935 4936
f 5255 5254 4935
f 5256 5257 5255
f 5258 4937 4938
f 4939 5259 4938
f 4938 5259 5258
f 5260 5259 4939
f 4934 5260 4939
f 5253 5260 4934
f 4940 5256 4936
f 5261 5257 5256
f 4940 5261 5256
f 4941 5261 4940
f 4941 4942 5261
f 5261 4942 5262
f 5264 5263 5258
f 5263 4937 5258
f 5263 4943 4937
f 5264 5258 5259
f 5264 5259 5265
f 5265 5259 5260
f 5266 5262 4942
f 5266 4942 4944
f 5268 5267 4946
f 5267 4944 4946
f 5267 5266 4944
f 5268 5269 5267
f 5263 4948 4943
f 5270 4948 5263
f 4949 5271 5268
f 4949 5268 4946
f 5269 5268 5272
f 5272 5268 5271
f 5270 4950 4948
f 5273 4950 5270
f 4951 5271 4949
f 5274 5272 5271
f 4951 5274 5271
f 4952 5274 4951
f 5276 5275 4954
f 5275 4952 4954
f 5275 5274 4952
f 5276 5277 5275
f 5273 4955 4950
f 5278 4955 5273
f 4956 5276 4954
f 5280 5279 4958
f 4958 5279 4956
f 5279 5277 4956
f 5277 5276 4956
f 5280 5281 5279
f 5282 4959 4960
f 5283 5282 4960
f 4955 5283 4960
f 5278 5283 4955
f 4961 5280 4958
f 4961 4962 5280
f 4962 5281 5280
f 4962 5284 5281
f 5282 4963 4959
f 4965 4963 5282
f 5283 4965 5282
f 5285 4965 5283
f 5286 5284 4962
f 5286 4962 4966
f 5288 5287 4967
f 5287 4966 4967
f 5287 5286 4966
f 5288 5289 5287
f 5285 4969 4965
f 5290 4969 5285
f 4970 5288 4967
f 5291 5289 5288
f 4970 5291 5288
f 4971 5291 4970
f 5293 5292 4973
f 5292 4971 4973
f 5292 5291 4971
f 5293 5294 5292
f 5296 5295 4975
f 4975 5295 4974
f 4975 4969 5290
f 4975 5290 5296
f 4976 5293 4973
f 5298 5297 4977
f 4977 5297 4976
f 5297 5294 4976
f 5294 5293 4976
f 5300 5299 5298
f 5298 5299 5297
f 5300 5301 5299
f 5295 4978 4974
f 5302 4978 5295
f 4979 5298 4977
f 5298 4979 4980
f 5298 4980 5300
f 5303 5301 5300
f 4980 5303 5300
f 4981 5303 4980
f 4981 4982 5303
f 5303 4982 5304
f 5302 4983 4978
f 5305 4983 5302
f 5306 5304 4982
f 5306 4982 4984
f 4984 4985 5306
f 5306 4985 5307
f 5305 4986 4983
f 5308 4986 5305
f 5309 5307 4985
f 5309 4985 4987
f 4987 4988 5309
f 5309 4988 5310
f 5308 5311 4986
f 4986 5311 4989
f 4989 5312 4992
f 5311 5312 4989
f 4993 4992 5312
f 4993 5312 5313
f 5314 5310 4988
f 5314 4988 4994
f 4994 4995 5314
f 5314 4995 5315
f 5313 4996 4993
f 5316 4996 5313
f 4997 5315 4995
f 4997 5317 5315
f 5319 4998 5318
f 4998 5316 5318
f 4998 4996 5316
f 5320 5319 5318
f 4999 5322 5321
f 5317 4999 5321
f 4997 4999 5317
f 5322 5323 5321
f 5324 5001 5002
f 5003 5324 5002
f 5319 5004 4998
f 5006 5004 5319
f 5320 5006 5319
f 5325 5006 5320
f 5007 5322 4999
f 5007 5009 5322
f 5009 5323 5322
f 5009 5326 5323
f 5327 5010 5324
f 5324 5010 5001
f 5011 5327 5003
f 5003 5327 5324
f 5325 5012 5006
f 5328 5012 5325
f 5013 5326 5009
f 5013 5329 5326
f 5327 5014 5010
f 5014 5327 5011
f 5328 5016 5012
f 5330 5016 5328
f 5333 5332 5331
f 5334 5331 5332
f 5017 5329 5013
f 5017 5335 5329
f 5338 5337 5336
f 5339 5338 5336
f 5016 5340 5019
f 5340 5016 5330
f 5331 5341 5021
f 5340 5331 5021
f 5019 5340 5021
f 5333 5331 5340
f 5331 5334 5342
f 5343 5331 5342
f 5341 5331 5343
f 5345 5344 5343
f 5345 5343 5342
f 5346 5344 5345
f 5022 5348 5347
f 5335 5022 5347
f 5017 5022 5335
f 5348 5349 5347
f 5336 5337 5024
f 5337 5023 5024
f 5337 5350 5023
f 5024 5025 5336
f 5025 5351 5336
f 5351 5339 5336
f 5025 5352 5351
f 5025 5021 5352
f 5021 5341 5352
f 5028 5026 5352
f 5028 5352 5341
f 5028 5341 5029
f 5341 5353 5029
f 5341 5343 5353
f 5344 5355 5354
f 5353 5344 5354
f 5343 5344 5353
f 5355 5344 5346
f 5030 5348 5022
f 5030 5032 5348
f 5032 5349 5348
f 5032 5356 5349
f 5350 5357 5023
f 5023 5357 5033
f 5357 5351 5033
f 5352 5033 5351
f 5033 5352 5035
f 5358 5035 5352
f 5035 5358 5359
f 5352 5026 5358
f 5026 5360 5358
f 5026 5037 5360
f 5353 5038 5029
f 5354 5361 5353
f 5361 5038 5353
f 5361 5041 5038
f 5041 5362 5043
f 5361 5362 5041
f 5364 5363 5044
f 5043 5364 5044
f 5362 5364 5043
f 5365 5363 5364
f 5366 5356 5032
f 5366 5032 5045
f 5045 5047 5366
f 5366 5047 5367
f 5359 5368 5035
f 5035 5368 5048
f 5037 5048 5360
f 5360 5048 5368
f 5369 5051 5363
f 5363 5051 5044
f 5363 5365 5370
f 5363 5370 5369
f 5053 5367 5047
f 5053 5371 5367
f 5372 5055 5369
f 5369 5055 5051
f 5369 5370 5373
f 5369 5373 5372
f 5057 5371 5053
f 5057 5374 5371
f 5372 5058 5055
f 5376 5375 5059
f 5376 5059 5058
f 5373 5376 5058
f 5372 5373 5058
f 5377 5375 5376
f 5061 5374 5057
f 5061 5378 5374
f 5375 5062 5059
f 5064 5062 5375
f 5377 5064 5375
f 5379 5064 5377
f 5067 5378 5061
f 5067 5380 5378
f 5379 5069 5064
f 5381 5069 5379
f 5383 5382 5072
f 5383 5072 5071
f 5067 5072 5380
f 5380 5072 5382
f 5384 5073 5074
f 5385 5384 5074
f 5069 5385 5074
f 5381 5385 5069
f 5076 5386 5075
f 5386 5387 5075
f 5387 5071 5075
f 5387 5383 5071
f 5388 5077 5384
f 5384 5077 5073
f 5384 5385 5389
f 5384 5389 5388
f 5391 5390 5386
f 5076 5391 5386
f 5079 5391 5076
f 5386 5390 5387
f 5392 5081 5388
f 5388 5081 5077
f 5388 5389 5393
f 5388 5393 5392
f 5083 5391 5079
f 5083 5394 5391
f 5392 5084 5081
f 5396 5395 5085
f 5396 5085 5084
f 5393 5396 5084
f 5392 5393 5084
f 5398 5397 5395
f 5398 5395 5396
f 5399 5397 5398
f 5087 5394 5083
f 5087 5400 5394
f 5395 5088 5085
f 5088 5395 5089
f 5395 5401 5089
f 5395 5397 5401
f 5397 5399 5402
f 5397 5402 5401
f 5091 5403 5090
f 5403 5404 5090
f 5404 5087 5090
f 5404 5400 5087
f 5405 5092 5401
f 5401 5092 5089
f 5401 5402 5406
f 5407 5401 5406
f 5405 5401 5407
f 5408 5407 5406
f 5410 5409 5403
f 5091 5410 5403
f 5093 5410 5091
f 5403 5409 5404
f 5405 5094 5092
f 5094 5405 5096
f 5096 5405 5407
f 5412 5411 5097
f 5412 5097 5096
f 5408 5412 5096
f 5407 5408 5096
f 5413 5411 5412
f 5098 5410 5093
f 5098 5414 5410
f 5411 5100 5097
f 5101 5100 5411
f 5413 5101 5411
f 5415 5101 5413
f 5102 5414 5098
f 5102 5416 5414
f 5418 5103 5417
f 5103 5415 5417
f 5103 5101 5415
f 5419 5418 5417
f 5105 5416 5102
f 5105 5420 5416
f 5418 5106 5103
f 5108 5106 5418
f 5419 5108 5418
f 5421 5108 5419
f 5110 5420 5105
f 5110 5422 5420
f 5421 5423 5108
f 5108 5423 5111
f 5423 5425 5424
f 5112 5423 5424
f 5111 5423 5112
f 5424 5113 5112
f 5427 5426 5116
f 5427 5116 5117
f 5110 5116 5422
f 5422 5116 5426
f 5425 5428 5424
f 5424 5428 5113
f 5428 5118 5113
f 5428 5429 5118
f 5119 5118 5429
f 5119 5429 5430
f 5433 5432 5431
f 5434 5431 5432
f 5126 5435 5125
f 5435 5436 5125
f 5436 5117 5125
f 5436 5427 5117
f 5127 5119 5437
f 5119 5438 5437
f 5119 5430 5438
f 5437 5129 5127
f 5440 5439 5132
f 5440 5132 5130
f 5431 5133 5433
f 5133 5439 5433
f 5133 5132 5439
f 5434 5441 5431
f 5441 5133 5431
f 5441 5134 5133
f 5443 5442 5136
f 5134 5443 5136
f 5441 5443 5134
f 5444 5442 5443
f 5446 5445 5435
f 5126 5446 5435
f 5140 5446 5126
f 5435 5445 5436
f 5438 5447 5437
f 5129 5437 5447
f 5448 5129 5447
f 5142 5129 5448
f 5449 5440 5130
f 5449 5130 5144
f 5144 5146 5449
f 5449 5146 5450
f 5442 5147 5136
f 5444 5451 5442
f 5451 5147 5442
f 5451 5148 5147
f 5148 5452 5149
f 5451 5452 5148
f 5151 5149 5452
f 5151 5452 5453
f 5154 5454 5155
f 5454 5455 5155
f 5455 5140 5155
f 5455 5446 5140
f 5156 5142 5456
f 5142 5457 5456
f 5142 5448 5457
f 5456 5158 5156
f 5458 5450 5146
f 5458 5146 5160
f 5160 5162 5458
f 5458 5162 5459
f 5453 5460 5151
f 5151 5460 5163
f 5163 5461 5164
f 5460 5461 5163
f 5164 5462 5165
f 5461 5462 5164
f 5464 5463 5167
f 5165 5464 5167
f 5462 5464 5165
f 5465 5463 5464
f 5467 5466 5454
f 5154 5467 5454
f 5170 5467 5154
f 5454 5466 5455
f 5457 5468 5456
f 5468 5470 5469
f 5468 5469 5171
f 5456 5468 5171
f 5158 5456 5171
f 5471 5172 5171
f 5471 5171 5469
f 5172 5471 5472
f 5473 5172 5472
f 5173 5172 5473
f 5162 5173 5459
f 5459 5173 5473
f 5463 5175 5167
f 5176 5175 5463
f 5465 5176 5463
f 5474 5176 5465
f 5476 5475 5180
f 5476 5180 5179
f 5475 5478 5477
f 5181 5475 5477
f 5180 5475 5181
f 5477 5479 5181
f 5479 5170 5181
f 5479 5467 5170
f 5470 5480 5469
f 5469 5480 5471
f 5471 5480 5481
f 5471 5481 5472
f 5474 5184 5176
f 5482 5184 5474
f 5484 5483 5187
f 5484 5187 5186
f 5179 5187 5476
f 5476 5187 5483
f 5478 5485 5477
f 5477 5485 5479
f 5487 5486 5190
f 5190 5486 5189
f 5482 5192 5184
f 5192 5482 5488
f 5487 5488 5482
f 5488 5487 5191
f 5190 5191 5487
f 5192 5488 5489
f 5490 5192 5489
f 5193 5192 5490
f 5186 5193 5484
f 5484 5193 5490
f 5194 5189 5491
f 5189 5492 5491
f 5189 5486 5492
f 5488 5191 5194
f 5491 5488 5194
f 5493 5488 5491
f 5489 5488 5494
f 5494 5488 5493
f 5495 5195 5196
f 5197 5496 5196
f 5196 5496 5495
f 5198 5497 5197
f 5197 5497 5496
f 5199 5498 5198
f 5198 5498 5497
f 5200 5499 5199
f 5199 5499 5498
f 5200 5202 5499
f 5492 5500 5491
f 5501 5491 5500
f 5503 5493 5502
f 5493 5501 5502
f 5493 5491 5501
f 5493 5503 5494
f 5504 5203 5495
f 5495 5203 5195
f 5505 5495 5496
f 5504 5495 5505
f 5506 5496 5497
f 5505 5496 5506
f 5507 5497 5498
f 5506 5497 5507
f 5499 5509 5508
f 5507 5499 5508
f 5498 5499 5507
f 5509 5501 5500
f 5509 5205 5501
f 5509 5499 5202
f 5205 5509 5202
f 5511 5510 5207
f 5207 5510 5205
f 5510 5502 5205
f 5502 5501 5205
f 5511 5512 5510
f 5514 5513 5504
f 5513 5203 5504
f 5513 5208 5203
f 5514 5504 5505
f 5514 5505 5515
f 5515 5505 5506
f 5515 5506 5516
f 5516 5506 5507
f 5516 5507 5517
f 5517 5507 5508
f 5210 5518 5209
f 5518 5519 5209
f 5209 5519 5207
f 5519 5520 5207
f 5520 5511 5207
f 5511 5520 5512
f 5513 5521 5208
f 5208 5521 5211
f 5521 5523 5522
f 5212 5521 5522
f 5211 5521 5212
f 5522 5213 5212
f 5526 5525 5524
f 5525 5527 5518
f 5214 5525 5518
f 5210 5214 5518
f 5524 5525 5214
f 5518 5527 5519
f 5523 5528 5522
f 5528 5530 5529
f 5528 5529 5215
f 5522 5528 5215
f 5213 5522 5215
f 5529 5217 5215
f 5526 5524 5531
f 5526 5531 5532
f 5219 5531 5214
f 5214 5531 5524
f 5530 5533 5529
f 5217 5529 5533
f 5534 5217 5533
f 5221 5217 5534
f 5532 5531 5535
f 5532 5535 5536
f 5223 5535 5219
f 5219 5535 5531
f 5534 5537 5221
f 5221 5537 5224
f 5535 5225 5536
f 5225 5537 5536
f 5225 5224 5537
f 5225 5535 5223
f 5538 5226 5227
f 5228 5539 5227
f 5227 5539 5538
f 5229 5540 5228
f 5228 5540 5539
f 5230 5541 5229
f 5229 5541 5540
f 5231 5542 5230
f 5230 5542 5541
f 5232 5543 5231
f 5231 5543 5542
f 5233 5544 5232
f 5232 5544 5543
f 5234 5545 5233
f 5233 5545 5544
f 5235 5546 5234
f 5234 5546 5545
f 5236 5547 5235
f 5235 5547 5546
f 5237 5547 5236
f 5548 5240 5241
f 5242 5549 5241
f 5241 5549 5548
f 5550 5549 5242
f 5550 5242 5226
f 5551 5550 5226
f 5538 5551 5226
f 5551 5538 5539
f 5551 5539 5552
f 5552 5539 5540
f 5552 5540 5553
f 5553 5540 5541
f 5553 5541 5554
f 5554 5541 5542
f 5554 5542 5555
f 5555 5542 5543
f 5555 5543 5556
f 5556 5543 5544
f 5556 5544 5557
f 5557 5544 5545
f 5557 5545 5558
f 5558 5545 5546
f 5558 5546 5559
f 5559 5546 5547
f 5559 5547 5560
f 5562 5560 5561
f 5561 5560 5243
f 5560 5547 5243
f 5547 5237 5243
f 5244 5563 5243
f 5243 5563 5561
f 5245 5564 5244
f 5244 5564 5563
f 5247 5564 5245
f 5565 5248 5249
f 5565 5249 5566
f 5249 5567 5566
f 5249 5250 5567
f 5250 5240 5548
f 5568 5250 5548
f 5567 5250 5568
f 5568 5548 5549
f 5568 5549 5569
f 5569 5549 5550
f 5570 5562 5561
f 5570 5561 5563
f 5570 5563 5571
f 5571 5563 5564
f 5571 5564 5572
f 5572 5564 5247
f 5251 5572 5247
f 5573 5572 5251
f 5251 5252 5573
f 5573 5252 5574
f 5576 5575 5565
f 5575 5248 5565
f 5575 5253 5248
f 5576 5565 5566
f 5577 5574 5252
f 5577 5252 5254
f 5578 5254 5255
f 5578 5577 5254
f 5255 5257 5578
f 5578 5257 5579
f 5575 5260 5253
f 5580 5260 5575
f 5581 5579 5257
f 5581 5257 5261
f 5261 5262 5581
f 5581 5262 5582
f 5584 5583 5264
f 5264 5583 5263
f 5585 5264 5265
f 5585 5584 5264
f 5265 5260 5580
f 5265 5580 5585
f 5586 5582 5262
f 5586 5262 5266
f 5587 5266 5267
f 5587 5586 5266
f 5267 5269 5587
f 5587 5269 5588
f 5583 5270 5263
f 5589 5270 5583
f 5272 5591 5590
f 5588 5272 5590
f 5269 5272 5588
f 5591 5592 5590
f 5594 5273 5593
f 5273 5589 5593
f 5273 5270 5589
f 5595 5594 5593
f 5274 5591 5272
f 5596 5592 5591
f 5274 5596 5591
f 5275 5596 5274
f 5275 5277 5596
f 5596 5277 5597
f 5599 5598 5594
f 5598 5273 5594
f 5598 5278 5273
f 5599 5594 5595
f 5600 5597 5277
f 5600 5277 5279
f 5279 5281 5600
f 5600 5281 5601
f 5598 5283 5278
f 5602 5283 5598
f 5284 5604 5603
f 5601 5284 5603
f 5281 5284 5601
f 5604 5605 5603
f 5602 5285 5283
f 5606 5285 5602
f 5286 5604 5284
f 5607 5605 5604
f 5286 5607 5604
f 5287 5607 5286
f 5287 5289 5607
f 5607 5289 5608
f 5606 5290 5285
f 5609 5290 5606
f 5610 5608 5289
f 5610 5289 5291
f 5611 5291 5292
f 5611 5610 5291
f 5292 5294 5611
f 5611 5294 5612
f 5614 5613 5296
f 5296 5613 5295
f 5296 5290 5609
f 5296 5609 5614
f 5615 5612 5294
f 5615 5294 5297
f 5616 5297 5299
f 5616 5615 5297
f 5299 5301 5616
f 5616 5301 5617
f 5613 5302 5295
f 5618 5302 5613
f 5619 5617 5301
f 5619 5301 5303
f 5621 5620 5304
f 5620 5303 5304
f 5620 5619 5303
f 5621 5622 5620
f 5618 5305 5302
f 5623 5305 5618
f 5306 5621 5304
f 5625 5624 5307
f 5307 5624 5306
f 5624 5622 5306
f 5622 5621 5306
f 5625 5626 5624
f 5628 5308 5627
f 5308 5623 5627
f 5308 5305 5623
f 5630 5629 5628
f 5630 5628 5627
f 5631 5629 5630
f 5309 5625 5307
f 5633 5632 5310
f 5310 5632 5309
f 5632 5626 5309
f 5626 5625 5309
f 5633 5634 5632
f 5628 5311 5308
f 5311 5628 5312
f 5312 5628 5629
f 5636 5635 5313
f 5636 5313 5312
f 5631 5636 5312
f 5629 5631 5312
f 5637 5635 5636
f 5314 5633 5310
f 5314 5315 5633
f 5315 5634 5633
f 5315 5638 5634
f 5639 5316 5635
f 5635 5316 5313
f 5635 5637 5640
f 5635 5640 5639
f 5317 5642 5641
f 5638 5317 5641
f 5315 5317 5638
f 5642 5643 5641
f 5639 5318 5316
f 5320 5318 5639
f 5640 5320 5639
f 5644 5320 5640
f 5321 5642 5317
f 5321 5323 5642
f 5323 5643 5642
f 5323 5645 5643
f 5644 5325 5320
f 5646 5325 5644
f 5326 5645 5323
f 5326 5647 5645
f 5646 5328 5325
f 5648 5328 5646
f 5329 5647 5326
f 5329 5649 5647
f 5648 5330 5328
f 5650 5330 5648
f 5652 5651 5332
f 5652 5332 5333
f 5334 5332 5651
f 5334 5651 5653
f 5335 5655 5654
f 5649 5335 5654
f 5329 5335 5649
f 5655 5656 5654
f 5658 5657 5338
f 5338 5657 5337
f 5338 5339 5658
f 5659 5658 5339
f 5650 5340 5330
f 5340 5650 5660
f 5333 5340 5652
f 5652 5340 5660
f 5653 5661 5334
f 5334 5661 5342
f 5342 5662 5345
f 5661 5662 5342
f 5346 5345 5662
f 5346 5662 5663
f 5347 5655 5335
f 5347 5349 5655
f 5349 5656 5655
f 5349 5664 5656
f 5657 5350 5337
f 5665 5350 5657
f 5351 5667 5666
f 5659 5351 5666
f 5339 5351 5659
f 5667 5668 5666
f 5669 5354 5355
f 5346 5663 5670
f 5669 5346 5670
f 5671 5669 5670
f 5355 5346 5669
f 5672 5671 5670
f 5356 5664 5349
f 5356 5673 5664
f 5665 5674 5350
f 5350 5674 5357
f 5674 5351 5357
f 5351 5674 5667
f 5675 5667 5674
f 5667 5675 5358
f 5359 5358 5675
f 5358 5360 5667
f 5360 5668 5667
f 5360 5676 5668
f 5669 5361 5354
f 5361 5669 5362
f 5362 5669 5671
f 5364 5362 5671
f 5677 5364 5671
f 5672 5677 5671
f 5678 5364 5677
f 5678 5365 5364
f 5356 5366 5679
f 5680 5356 5679
f 5673 5356 5680
f 5367 5679 5366
f 5675 5681 5359
f 5359 5681 5368
f 5360 5368 5676
f 5676 5368 5681
f 5677 5682 5678
f 5370 5365 5678
f 5683 5370 5678
f 5682 5683 5678
f 5370 5683 5684
f 5685 5684 5683
f 5686 5680 5679
f 5679 5367 5686
f 5367 5687 5686
f 5367 5371 5687
f 5688 5373 5684
f 5684 5373 5370
f 5684 5685 5689
f 5684 5689 5688
f 5374 5687 5371
f 5374 5690 5687
f 5688 5376 5373
f 5377 5376 5688
f 5689 5377 5688
f 5691 5377 5689
f 5378 5690 5374
f 5378 5692 5690
f 5691 5379 5377
f 5693 5379 5691
f 5380 5692 5378
f 5380 5694 5692
f 5693 5381 5379
f 5695 5381 5693
f 5383 5696 5382
f 5696 5697 5382
f 5697 5380 5382
f 5697 5694 5380
f 5695 5385 5381
f 5698 5385 5695
f 5700 5699 5696
f 5383 5700 5696
f 5387 5700 5383
f 5696 5699 5697
f 5702 5389 5701
f 5389 5698 5701
f 5389 5385 5698
f 5703 5702 5701
f 5705 5704 5390
f 5705 5390 5391
f 5387 5390 5700
f 5700 5390 5704
f 5706 5393 5702
f 5702 5393 5389
f 5702 5703 5707
f 5702 5707 5706
f 5394 5705 5391
f 5394 5708 5705
f 5706 5396 5393
f 5707 5709 5706
f 5709 5396 5706
f 5709 5398 5396
f 5399 5398 5709
f 5399 5709 5710
f 5400 5708 5394
f 5400 5711 5708
f 5710 5402 5399
f 5712 5402 5710
f 5404 5711 5400
f 5404 5713 5711
f 5712 5714 5402
f 5402 5714 5406
f 5408 5406 5714
f 5408 5714 5715
f 5410 5716 5409
f 5716 5717 5409
f 5717 5404 5409
f 5717 5713 5404
f 5715 5718 5408
f 5408 5718 5412
f 5413 5412 5718
f 5413 5718 5719
f 5414 5720 5716
f 5414 5716 5410
f 5717 5716 5721
f 5721 5716 5720
f 5719 5415 5413
f 5722 5415 5719
f 5416 5723 5720
f 5416 5720 5414
f 5721 5720 5724
f 5724 5720 5723
f 5722 5725 5415
f 5415 5725 5417
f 5419 5417 5725
f 5419 5725 5726
f 5728 5727 5723
f 5416 5728 5723
f 5420 5728 5416
f 5723 5727 5724
f 5726 5421 5419
f 5729 5421 5726
f 5422 5728 5420
f 5422 5730 5728
f 5729 5731 5421
f 5421 5731 5423
f 5425 5423 5731
f 5425 5731 5732
f 5734 5733 5426
f 5734 5426 5427
f 5422 5426 5730
f 5730 5426 5733
f 5732 5735 5425
f 5425 5735 5428
f 5735 5737 5736
f 5429 5735 5736
f 5428 5735 5429
f 5736 5430 5429
f 5433 5738 5432
f 5738 5434 5432
f 5436 5734 5427
f 5436 5739 5734
f 5737 5740 5736
f 5430 5736 5740
f 5741 5430 5740
f 5438 5430 5741
f 5440 5742 5439
f 5738 5433 5439
f 5742 5738 5439
f 5743 5738 5742
f 5744 5441 5434
f 5738 5744 5434
f 5743 5744 5738
f 5745 5443 5441
f 5745 5441 5744
f 5745 5444 5443
f 5446 5746 5445
f 5746 5747 5445
f 5747 5436 5445
f 5747 5739 5436
f 5741 5748 5438
f 5438 5748 5447
f 5448 5447 5748
f 5448 5748 5749
f 5449 5742 5440
f 5743 5742 5750
f 5742 5450 5750
f 5450 5751 5750
f 5450 5742 5449
f 5743 5750 5744
f 5744 5750 5752
f 5744 5752 5745
f 5745 5752 5753
f 5745 5753 5444
f 5753 5451 5444
f 5753 5754 5451
f 5451 5755 5452
f 5754 5755 5451
f 5453 5452 5755
f 5453 5755 5756
f 5758 5757 5746
f 5446 5758 5746
f 5455 5758 5446
f 5746 5757 5747
f 5749 5457 5448
f 5759 5457 5749
f 5760 5751 5450
f 5760 5450 5458
f 5458 5459 5760
f 5760 5459 5761
f 5756 5762 5453
f 5453 5762 5460
f 5460 5763 5461
f 5762 5763 5460
f 5461 5764 5462
f 5763 5764 5461
f 5462 5765 5464
f 5764 5765 5462
f 5465 5464 5765
f 5465 5765 5766
f 5768 5767 5466
f 5768 5466 5467
f 5455 5466 5758
f 5758 5466 5767
f 5759 5769 5457
f 5457 5769 5468
f 5470 5468 5769
f 5470 5769 5770
f 5772 5771 5473
f 5772 5473 5472
f 5459 5473 5761
f 5761 5473 5771
f 5766 5474 5465
f 5773 5474 5766
f 5476 5774 5475
f 5776 5774 5775
f 5776 5475 5774
f 5776 5777 5478
f 5475 5776 5478
f 5776 5768 5777
f 5768 5479 5777
f 5768 5467 5479
f 5770 5778 5470
f 5470 5778 5480
f 5480 5779 5481
f 5778 5779 5480
f 5472 5481 5772
f 5772 5481 5779
f 5773 5482 5474
f 5780 5482 5773
f 5782 5781 5483
f 5782 5483 5484
f 5476 5483 5774
f 5483 5783 5774
f 5483 5781 5783
f 5777 5485 5478
f 5783 5775 5774
f 5485 5777 5479
f 5785 5784 5487
f 5487 5784 5486
f 5487 5482 5780
f 5487 5780 5785
f 5489 5786 5490
f 5786 5787 5490
f 5787 5484 5490
f 5787 5782 5484
f 5784 5492 5486
f 5788 5492 5784
f 5790 5789 5786
f 5489 5790 5786
f 5494 5790 5489
f 5786 5789 5787
f 5788 5500 5492
f 5791 5500 5788
f 5502 5792 5503
f 5792 5793 5503
f 5793 5494 5503
f 5793 5790 5494
f 5796 5795 5794
f 5798 5797 5794
f 5794 5797 5796
f 5508 5509 5798
f 5509 5797 5798
f 5509 5799 5797
f 5509 5500 5791
f 5509 5791 5799
f 5510 5792 5502
f 5801 5800 5512
f 5512 5800 5510
f 5800 5793 5510
f 5793 5792 5510
f 5801 5802 5800
f 5804 5803 5514
f 5514 5803 5513
f 5805 5514 5515
f 5805 5804 5514
f 5516 5794 5795
f 5805 5516 5795
f 5515 5516 5805
f 5794 5516 5517
f 5794 5517 5798
f 5798 5517 5508
f 5519 5806 5520
f 5806 5807 5520
f 5520 5807 5512
f 5807 5808 5512
f 5808 5801 5512
f 5801 5808 5802
f 5521 5513 5809
f 5513 5810 5809
f 5513 5803 5810
f 5809 5523 5521
f 5526 5811 5525
f 5525 5811 5812
f 5813 5525 5812
f 5527 5525 5813
f 5519 5527 5806
f 5527 5814 5806
f 5527 5813 5814
f 5806 5814 5807
f 5810 5815 5809
f 5815 5817 5816
f 5815 5816 5528
f 5809 5815 5528
f 5523 5809 5528
f 5816 5530 5528
f 5532 5818 5811
f 5532 5811 5526
f 5812 5811 5819
f 5819 5811 5818
f 5817 5820 5816
f 5820 5822 5821
f 5820 5821 5533
f 5816 5820 5533
f 5530 5816 5533
f 5821 5534 5533
f 5824 5823 5818
f 5532 5824 5818
f 5536 5824 5532
f 5818 5823 5819
f 5822 5825 5821
f 5825 5827 5826
f 5825 5826 5537
f 5821 5825 5537
f 5534 5821 5537
f 5826 5828 5537
f 5828 5536 5537
f 5828 5824 5536
f 5827 5829 5826
f 5826 5829 5828
f 5830 5550 5551
f 5830 5551 5831
f 5551 5832 5831
f 5551 5552 5832
f 5833 5552 5553
f 5833 5832 5552
f 5834 5553 5554
f 5834 5833 5553
f 5835 5554 5555
f 5835 5834 5554
f 5836 5555 5556
f 5836 5835 5555
f 5837 5556 5557
f 5837 5836 5556
f 5838 5557 5558
f 5838 5837 5557
f 5839 5558 5559
f 5839 5838 5558
f 5841 5839 5840
f 5839 5560 5840
f 5839 5559 5560
f 5562 5840 5560
f 5842 5566 5567
f 5842 5567 5843
f 5567 5844 5843
f 5567 5568 5844
f 5845 5568 5569
f 5845 5844 5568
f 5569 5550 5830
f 5846 5569 5830
f 5845 5569 5846
f 5846 5830 5831
f 5847 5841 5840
f 5849 5847 5848
f 5848 5847 5570
f 5847 5840 5570
f 5840 5562 5570
f 5571 5850 5570
f 5570 5850 5848
f 5572 5851 5571
f 5571 5851 5850
f 5573 5852 5572
f 5572 5852 5851
f 5574 5852 5573
f 5853 5575 5576
f 5854 5853 5576
f 5854 5576 5566
f 5855 5854 5566
f 5842 5855 5566
f 5855 5842 5843
f 5856 5849 5848
f 5856 5848 5850
f 5856 5850 5857
f 5859 5858 5857
f 5850 5859 5857
f 5851 5859 5850
f 5860 5851 5852
f 5859 5851 5860
f 5577 5861 5574
f 5861 5852 5574
f 5861 5860 5852
f 5578 5862 5577
f 5577 5862 5861
f 5579 5862 5578
f 5863 5580 5853
f 5853 5580 5575
f 5853 5854 5864
f 5853 5864 5863
f 5865 5858 5859
f 5867 5866 5865
f 5859 5867 5865
f 5860 5867 5859
f 5868 5860 5861
f 5867 5860 5868
f 5869 5861 5862
f 5868 5861 5869
f 5581 5870 5579
f 5870 5862 5579
f 5870 5869 5862
f 5582 5870 5581
f 5871 5583 5584
f 5585 5872 5584
f 5584 5872 5871
f 5873 5872 5585
f 5873 5585 5580
f 5874 5873 5580
f 5863 5874 5580
f 5874 5863 5864
f 5875 5866 5867
f 5875 5867 5868
f 5875 5868 5876
f 5876 5868 5869
f 5876 5869 5877
f 5877 5869 5870
f 5877 5870 5878
f 5880 5878 5879
f 5879 5878 5586
f 5878 5870 5586
f 5870 5582 5586
f 5587 5881 5586
f 5586 5881 5879
f 5588 5881 5587
f 5882 5589 5871
f 5871 5589 5583
f 5883 5871 5872
f 5882 5871 5883
f 5872 5873 5884
f 5872 5884 5883
f 5885 5880 5879
f 5885 5879 5881
f 5885 5881 5886
f 5888 5886 5887
f 5887 5886 5590
f 5886 5881 5590
f 5881 5588 5590
f 5592 5887 5590
f 5882 5593 5589
f 5593 5882 5595
f 5882 5889 5595
f 5882 5883 5889
f 5883 5884 5890
f 5883 5890 5889
f 5891 5888 5887
f 5893 5891 5892
f 5892 5891 5596
f 5891 5887 5596
f 5887 5592 5596
f 5597 5892 5596
f 5894 5598 5599
f 5895 5894 5599
f 5895 5599 5595
f 5896 5895 5595
f 5889 5896 5595
f 5896 5889 5890
f 5897 5893 5892
f 5899 5897 5898
f 5898 5897 5600
f 5897 5892 5600
f 5892 5597 5600
f 5601 5898 5600
f 5900 5602 5894
f 5894 5602 5598
f 5894 5895 5901
f 5894 5901 5900
f 5902 5899 5898
f 5902 5898 5601
f 5603 5902 5601
f 5903 5902 5603
f 5905 5904 5605
f 5904 5603 5605
f 5904 5903 5603
f 5905 5906 5904
f 5908 5907 5900
f 5907 5602 5900
f 5907 5606 5602
f 5908 5900 5901
f 5607 5905 5605
f 5910 5909 5608
f 5608 5909 5607
f 5909 5906 5607
f 5906 5905 5607
f 5910 5911 5909
f 5914 5913 5912
f 5907 5914 5912
f 5609 5907 5912
f 5606 5907 5609
f 5610 5910 5608
f 5915 5911 5910
f 5610 5915 5910
f 5611 5915 5610
f 5611 5612 5915
f 5915 5612 5916
f 5912 5913 5614
f 5913 5613 5614
f 5913 5917 5613
f 5912 5614 5609
f 5918 5916 5612
f 5918 5612 5615
f 5920 5918 5919
f 5918 5616 5919
f 5918 5615 5616
f 5617 5919 5616
f 5917 5618 5613
f 5921 5618 5917
f 5922 5920 5919
f 5922 5919 5617
f 5619 5922 5617
f 5923 5922 5619
f 5925 5923 5924
f 5923 5620 5924
f 5923 5619 5620
f 5622 5924 5620
f 5927 5623 5926
f 5623 5921 5926
f 5623 5618 5921
f 5928 5927 5926
f 5929 5925 5924
f 5929 5924 5622
f 5624 5929 5622
f 5930 5929 5624
f 5624 5626 5930
f 5930 5626 5931
f 5927 5627 5623
f 5928 5932 5927
f 5932 5627 5927
f 5932 5630 5627
f 5631 5630 5932
f 5631 5932 5933
f 5626 5632 5934
f 5935 5626 5934
f 5931 5626 5935
f 5634 5934 5632
f 5636 5631 5936
f 5631 5937 5936
f 5631 5933 5937
f 5936 5637 5636
f 5938 5935 5934
f 5934 5634 5938
f 5634 5939 5938
f 5634 5638 5939
f 5937 5940 5936
f 5637 5936 5940
f 5941 5637 5940
f 5640 5637 5941
f 5942 5939 5638
f 5942 5638 5641
f 5641 5643 5942
f 5942 5643 5943
f 5941 5644 5640
f 5944 5644 5941
f 5645 5943 5643
f 5645 5945 5943
f 5944 5646 5644
f 5946 5646 5944
f 5647 5945 5645
f 5647 5947 5945
f 5946 5648 5646
f 5948 5648 5946
f 5649 5947 5647
f 5649 5949 5947
f 5951 5650 5950
f 5650 5948 5950
f 5650 5648 5948
f 5651 5652 5951
f 5950 5651 5951
f 5952 5651 5950
f 5653 5651 5952
f 5653 5952 5953
f 5954 5949 5649
f 5954 5649 5654
f 5654 5656 5954
f 5954 5656 5955
f 5956 5657 5658
f 5650 5951 5660
f 5956 5658 5659
f 5660 5951 5652
f 5953 5957 5653
f 5653 5957 5661
f 5661 5958 5662
f 5957 5958 5661
f 5960 5959 5663
f 5662 5960 5663
f 5958 5960 5662
f 5961 5959 5960
f 5664 5955 5656
f 5664 5962 5955
f 5963 5665 5956
f 5956 5665 5657
f 5666 5964 5659
f 5964 5956 5659
f 5964 5963 5956
f 5668 5964 5666
f 5959 5670 5663
f 5672 5670 5959
f 5961 5672 5959
f 5965 5672 5961
f 5673 5962 5664
f 5673 5966 5962
f 5963 5674 5665
f 5674 5963 5675
f 5963 5967 5675
f 5963 5964 5967
f 5676 5967 5668
f 5668 5967 5964
f 5969 5677 5968
f 5677 5965 5968
f 5677 5672 5965
f 5970 5969 5968
f 5680 5966 5673
f 5680 5971 5966
f 5967 5681 5675
f 5681 5967 5676
f 5969 5682 5677
f 5683 5682 5969
f 5972 5683 5969
f 5970 5972 5969
f 5973 5683 5972
f 5973 5685 5683
f 5974 5971 5680
f 5974 5680 5686
f 5686 5687 5974
f 5974 5687 5975
f 5972 5976 5973
f 5685 5973 5976
f 5977 5685 5976
f 5689 5685 5977
f 5690 5975 5687
f 5690 5978 5975
f 5977 5691 5689
f 5979 5691 5977
f 5692 5978 5690
f 5692 5980 5978
f 5979 5693 5691
f 5981 5693 5979
f 5694 5980 5692
f 5694 5982 5980
f 5981 5695 5693
f 5983 5695 5981
f 5697 5982 5694
f 5697 5984 5982
f 5983 5698 5695
f 5985 5698 5983
f 5987 5986 5699
f 5987 5699 5700
f 5697 5699 5984
f 5984 5699 5986
f 5701 5698 5988
f 5698 5989 5988
f 5698 5985 5989
f 5988 5703 5701
f 5705 5990 5704
f 5990 5991 5704
f 5991 5700 5704
f 5991 5987 5700
f 5989 5992 5988
f 5703 5988 5992
f 5993 5703 5992
f 5707 5703 5993
f 5995 5994 5990
f 5705 5995 5990
f 5708 5995 5705
f 5990 5994 5991
f 5709 5707 5996
f 5707 5997 5996
f 5707 5993 5997
f 5996 5710 5709
f 5711 5995 5708
f 5711 5998 5995
f 5996 5997 5999
f 5999 5997 6000
f 5999 5712 5710
f 5999 5710 5996
f 5713 5998 5711
f 5713 6001 5998
f 6000 6002 5999
f 6002 6004 6003
f 6002 6003 5714
f 5999 6002 5714
f 5712 5999 5714
f 6003 5715 5714
f 5717 6001 5713
f 5717 6005 6001
f 6004 6006 6003
f 6006 6008 6007
f 6006 6007 5718
f 6003 6006 5718
f 5715 6003 5718
f 6007 5719 5718
f 5721 6005 5717
f 5721 6009 6005
f 6008 6010 6007
f 5719 6007 6010
f 6011 5719 6010
f 5722 5719 6011
f 5724 6009 5721
f 5724 6012 6009
f 6011 6013 5722
f 5722 6013 5725
f 5726 5725 6013
f 5726 6013 6014
f 5728 6015 5727
f 6015 6016 5727
f 6016 5724 5727
f 6016 6012 5724
f 6014 5729 5726
f 6017 5729 6014
f 6019 6018 6015
f 5728 6019 6015
f 5730 6019 5728
f 6015 6018 6016
f 6017 6020 5729
f 5729 6020 5731
f 5732 5731 6020
f 5732 6020 6021
f 5734 6022 5733
f 6022 6023 5733
f 6023 5730 5733
f 6023 6019 5730
f 6021 6024 5732
f 5732 6024 5735
f 5737 5735 6024
f 5737 6024 6025
f 6027 6026 6022
f 5734 6027 6022
f 5739 6027 5734
f 6022 6026 6023
f 6025 6028 5737
f 5737 6028 5740
f 5741 5740 6028
f 5741 6028 6029
f 5747 6027 5739
f 5747 6030 6027
f 6029 6031 5741
f 5741 6031 5748
f 6033 6032 5749
f 5748 6033 5749
f 6031 6033 5748
f 6034 6032 6033
f 6036 6035 5750
f 6036 5750 5751
f 5750 6037 5752
f 6035 6037 5750
f 5752 6038 5753
f 6037 6038 5752
f 5753 6039 5754
f 6038 6039 5753
f 5754 6040 5755
f 6039 6040 5754
f 6042 6041 5756
f 5755 6042 5756
f 6040 6042 5755
f 6043 6041 6042
f 5758 6044 5757
f 6044 6045 5757
f 6045 5747 5757
f 6045 6030 5747
f 6046 5759 6032
f 6032 5759 5749
f 6032 6034 6047
f 6048 6032 6047
f 6046 6032 6048
f 6050 6049 6048
f 6050 6048 6047
f 6051 6049 5760
f 6049 6036 5760
f 6036 5751 5760
f 6036 6049 6050
f 5761 6051 5760
f 6041 5762 5756
f 6043 6052 6041
f 6052 5762 6041
f 6052 5763 5762
f 6052 6054 6053
f 5764 6052 6053
f 5763 6052 5764
f 6055 5765 5764
f 6055 5764 6053
f 6055 5766 5765
f 5768 6056 5767
f 6056 6057 5767
f 5767 6057 5758
f 6057 6058 5758
f 6058 6044 5758
f 6044 6058 6045
f 6046 5769 5759
f 5769 6046 5770
f 6046 6059 5770
f 6046 6048 6059
f 6060 6048 6049
f 6059 6048 6060
f 5772 6060 5771
f 6060 6051 5771
f 6060 6049 6051
f 5771 6051 5761
f 6054 6061 6053
f 6053 6061 6055
f 6055 6061 6062
f 5766 6055 6062
f 6063 5766 6062
f 5773 5766 6063
f 6065 6064 5776
f 6065 5776 5775
f 5768 5776 6056
f 5776 6066 6056
f 5776 6064 6066
f 6056 6066 6057
f 6059 5778 5770
f 5778 6059 5779
f 5779 6059 6060
f 5779 6060 5772
f 6063 5780 5773
f 6067 5780 6063
f 5782 6068 5781
f 5781 6068 6069
f 6070 5781 6069
f 5783 5781 6070
f 5775 5783 6065
f 6065 5783 6070
f 6071 5784 5785
f 6072 6071 5785
f 5780 6072 5785
f 6067 6072 5780
f 6074 6073 6068
f 5782 6074 6068
f 5787 6074 5782
f 6068 6073 6069
f 6076 6075 6071
f 6075 5784 6071
f 6075 5788 5784
f 6076 6071 6072
f 5790 6077 5789
f 6077 6078 5789
f 6078 5787 5789
f 6078 6074 5787
f 6075 5791 5788
f 6079 5791 6075
f 5793 6080 6077
f 5793 6077 5790
f 6078 6077 6081
f 6081 6077 6080
f 6083 6082 5796
f 5796 6082 5795
f 6084 5796 5797
f 6084 6083 5796
f 6085 5797 5799
f 6085 6084 5797
f 5799 5791 6079
f 5799 6079 6085
f 5800 6080 5793
f 5800 5802 6080
f 5802 6081 6080
f 5802 6086 6081
f 6088 6087 5804
f 5804 6087 5803
f 6089 5804 5805
f 6089 6088 5804
f 5805 5795 6082
f 5805 6082 6089
f 5807 6090 5808
f 6090 6091 5808
f 6091 5802 5808
f 6091 6086 5802
f 6087 5810 5803
f 6092 5810 6087
f 5812 6093 5813
f 6094 5814 5813
f 6094 5813 6093
f 6090 5807 5814
f 6094 6090 5814
f 6095 6090 6094
f 6091 6090 6096
f 6096 6090 6095
f 6092 6097 5810
f 5810 6097 5815
f 5817 5815 6097
f 5817 6097 6098
f 5819 6099 6093
f 5819 6093 5812
f 6093 6100 6094
f 6093 6099 6100
f 6094 6101 6095
f 6094 6100 6101
f 6096 6095 6102
f 6102 6095 6101
f 6098 6103 5817
f 5817 6103 5820
f 5822 5820 6103
f 5822 6103 6104
f 5824 6105 5823
f 6105 6106 5823
f 5823 6106 5819
f 6106 6107 5819
f 6107 6099 5819
f 6109 6108 6107
f 6108 6099 6107
f 6108 6100 6099
f 6111 6101 6110
f 6101 6108 6110
f 6101 6100 6108
f 6101 6111 6102
f 6104 6112 5822
f 5822 6112 5825
f 5827 5825 6112
f 5827 6112 6113
f 5828 6114 6105
f 5828 6105 5824
f 6106 6105 6115
f 6115 6105 6114
f 6109 6116 6108
f 6108 6116 6110
f 6113 6117 5827
f 5827 6117 5829
f 5828 5829 6114
f 5829 6118 6114
f 5829 6117 6118
f 6114 6118 6115
f 6119 5831 5832
f 6119 5832 6120
f 5832 6121 6120
f 5832 5833 6121
f 6122 5833 5834
f 6122 6121 5833
f 6123 5834 5835
f 6123 6122 5834
f 6124 5835 5836
f 6124 6123 5835
f 6125 5836 5837
f 6125 6124 5836
f 6127 6125 6126
f 6125 5838 6126
f 6125 5837 5838
f 5839 6128 5838
f 5838 6128 6126
f 5841 6128 5839
f 6129 5843 5844
f 6129 5844 6130
f 5844 6131 6130
f 5844 5845 6131
f 6132 5845 5846
f 6132 6131 5845
f 5846 5831 6119
f 6133 5846 6119
f 6132 5846 6133
f 6133 6119 6120
f 6134 6127 6126
f 6136 6135 6134
f 6126 6136 6134
f 6128 6136 6126
f 5847 6137 5841
f 6137 6128 5841
f 6137 6136 6128
f 5849 6137 5847
f 6139 6138 5855
f 5855 6138 5854
f 5855 5843 6129
f 6140 5855 6129
f 6139 5855 6140
f 6140 6129 6130
f 6141 6135 6136
f 6143 6142 6141
f 6136 6143 6141
f 6137 6143 6136
f 5856 6144 5849
f 6144 6137 5849
f 6144 6143 6137
f 5857 6145 5856
f 5856 6145 6144
f 5858 6145 5857
f 6138 5864 5854
f 6146 5864 6138
f 6147 6142 6143
f 6147 6143 6144
f 6147 6144 6148
f 6148 6144 6145
f 6148 6145 6149
f 6151 6149 6150
f 6150 6149 5865
f 6149 6145 5865
f 6145 5858 5865
f 5866 6150 5865
f 6152 5873 5874
f 6153 6152 5874
f 5864 6153 5874
f 6146 6153 5864
f 6154 6151 6150
f 6154 6150 5866
f 5875 6154 5866
f 6155 6154 5875
f 6156 5875 5876
f 6156 6155 5875
f 6157 5876 5877
f 6157 6156 5876
f 6158 5877 5878
f 6158 6157 5877
f 6160 6159 5880
f 6159 5878 5880
f 6159 6158 5878
f 6160 6161 6159
f 6162 5884 6152
f 6152 5884 5873
f 6152 6153 6163
f 6152 6163 6162
f 5885 6160 5880
f 6164 6161 6160
f 5885 6164 6160
f 5886 6164 5885
f 6166 6165 5888
f 6165 5886 5888
f 6165 6164 5886
f 6168 6167 6166
f 6166 6167 6165
f 6168 6169 6167
f 6170 5890 6162
f 6162 5890 5884
f 6162 6163 6171
f 6162 6171 6170
f 5891 6166 5888
f 6166 5891 5893
f 6172 6166 5893
f 6168 6166 6172
f 6169 6168 6173
f 6173 6168 6172
f 6175 6174 5896
f 5896 6174 5895
f 5896 5890 6170
f 6176 5896 6170
f 6175 5896 6176
f 6176 6170 6171
f 5897 6172 5893
f 6178 6177 5899
f 5899 6177 5897
f 6177 6173 5897
f 6173 6172 5897
f 6178 6179 6177
f 6174 5901 5895
f 6180 5901 6174
f 5902 6178 5899
f 5902 5903 6178
f 5903 6181 6178
f 6181 6179 6178
f 5903 6182 6181
f 5904 6183 5903
f 5903 6183 6182
f 5906 6183 5904
f 6185 6184 5908
f 5908 6184 5907
f 5908 5901 6180
f 5908 6180 6185
f 6186 6181 6182
f 6186 6182 6183
f 6186 6183 6187
f 6189 6187 6188
f 6188 6187 5909
f 6187 6183 5909
f 6183 5906 5909
f 5911 6188 5909
f 6190 5913 5914
f 6191 6190 5914
f 5907 6191 5914
f 6184 6191 5907
f 6192 6189 6188
f 6194 6192 6193
f 6193 6192 5915
f 6192 6188 5915
f 6188 5911 5915
f 5916 6193 5915
f 6195 5917 6190
f 6190 5917 5913
f 6190 6191 6196
f 6190 6196 6195
f 6197 6194 6193
f 6199 6197 6198
f 6198 6197 5918
f 6197 6193 5918
f 6193 5916 5918
f 5920 6198 5918
f 6200 5921 6195
f 6195 5921 5917
f 6195 6196 6201
f 6195 6201 6200
f 6202 6199 6198
f 6204 6202 6203
f 6203 6202 5922
f 6202 6198 5922
f 6198 5920 5922
f 5923 6205 5922
f 5922 6205 6203
f 5925 6205 5923
f 6200 5926 5921
f 5928 5926 6200
f 6201 5928 6200
f 6206 5928 6201
f 6207 6204 6203
f 6209 6208 6207
f 6203 6209 6207
f 6205 6209 6203
f 5929 6210 5925
f 6210 6205 5925
f 6210 6209 6205
f 5930 6211 5929
f 5929 6211 6210
f 5931 6211 5930
f 6206 6212 5928
f 5928 6212 5932
f 5933 5932 6212
f 5933 6212 6213
f 6214 6208 6209
f 6216 6215 6214
f 6209 6216 6214
f 6210 6216 6209
f 6217 6210 6211
f 6216 6210 6217
f 5935 6217 5931
f 5931 6217 6211
f 6213 5937 5933
f 6218 5937 6213
f 6219 6215 6216
f 6219 6216 6217
f 6219 6217 6220
f 6222 6220 6221
f 6221 6220 5938
f 6220 6217 5938
f 6217 5935 5938
f 5939 6221 5938
f 5940 5937 6223
f 5937 6224 6223
f 5937 6218 6224
f 6223 5941 5940
f 6225 6222 6221
f 6227 6225 6226
f 6226 6225 5942
f 6225 6221 5942
f 6221 5939 5942
f 5943 6226 5942
f 6224 6228 6223
f 5941 6223 6228
f 6229 5941 6228
f 5944 5941 6229
f 6227 6226 6230
f 6227 6230 6231
f 5945 6230 5943
f 5943 6230 6226
f 6229 5946 5944
f 6232 5946 6229
f 6233 6231 6230
f 6230 5945 6233
f 5945 6234 6233
f 5945 5947 6234
f 6236 5948 6235
f 5948 6232 6235
f 5948 5946 6232
f 6237 6236 6235
f 5949 6234 5947
f 5949 6238 6234
f 6236 5950 5948
f 6237 6239 6236
f 6239 5950 6236
f 6239 5952 5950
f 6241 6240 5953
f 5952 6241 5953
f 6239 6241 5952
f 6242 6240 6241
f 6245 6244 6243
f 6246 6243 6244
f 5949 5954 6247
f 6248 5949 6247
f 6238 5949 6248
f 5955 6247 5954
f 6240 5957 5953
f 6242 6249 6240
f 6249 5957 6240
f 6249 5958 5957
f 6243 5960 6245
f 5960 6249 6245
f 5960 5958 6249
f 5961 5960 6243
f 6246 5961 6243
f 6250 5961 6246
f 6251 6248 6247
f 6247 5955 6251
f 5955 6252 6251
f 5955 5962 6252
f 6250 5965 5961
f 6253 5965 6250
f 5966 6252 5962
f 5966 6254 6252
f 6253 6255 5965
f 5965 6255 5968
f 5970 5968 6255
f 5970 6255 6256
f 5971 6254 5966
f 5971 6257 6254
f 6256 5972 5970
f 6258 5972 6256
f 6259 6257 5971
f 6259 5971 5974
f 5974 5975 6259
f 6259 5975 6260
f 6258 6261 5972
f 5972 6261 5976
f 5977 5976 6261
f 5977 6261 6262
f 5978 6260 5975
f 5978 6263 6260
f 6262 5979 5977
f 6264 5979 6262
f 5980 6263 5978
f 5980 6265 6263
f 6264 5981 5979
f 6266 5981 6264
f 5982 6265 5980
f 5982 6267 6265
f 6266 5983 5981
f 6268 5983 6266
f 5984 6267 5982
f 5984 6269 6267
f 6268 5985 5983
f 6270 5985 6268
f 6272 6271 5986
f 6272 5986 5987
f 5984 5986 6269
f 6269 5986 6271
f 6270 5989 5985
f 6273 5989 6270
f 6276 6275 6274
f 6275 6272 6274
f 6272 5991 6274
f 6272 5987 5991
f 5992 5989 6277
f 5989 6278 6277
f 5989 6273 6278
f 6277 5993 5992
f 6276 6274 5994
f 5995 6276 5994
f 6279 6276 5995
f 5994 6274 5991
f 6278 6280 6277
f 5993 6277 6280
f 6281 5993 6280
f 5997 5993 6281
f 5998 6279 5995
f 5998 6282 6279
f 6281 6000 5997
f 6283 6000 6281
f 6001 6282 5998
f 6001 6284 6282
f 6283 6285 6000
f 6000 6285 6002
f 6004 6002 6285
f 6004 6285 6286
f 6005 6284 6001
f 6005 6287 6284
f 6286 6288 6004
f 6004 6288 6006
f 6008 6006 6288
f 6008 6288 6289
f 6009 6287 6005
f 6009 6290 6287
f 6289 6291 6008
f 6008 6291 6010
f 6011 6010 6291
f 6011 6291 6292
f 6012 6290 6009
f 6012 6293 6290
f 6292 6294 6011
f 6011 6294 6013
f 6014 6013 6294
f 6014 6294 6295
f 6016 6293 6012
f 6016 6296 6293
f 6295 6017 6014
f 6297 6017 6295
f 6299 6298 6018
f 6299 6018 6019
f 6016 6018 6296
f 6296 6018 6298
f 6297 6300 6017
f 6017 6300 6020
f 6021 6020 6300
f 6021 6300 6301
f 6023 6299 6019
f 6023 6302 6299
f 6301 6303 6021
f 6021 6303 6024
f 6025 6024 6303
f 6025 6303 6304
f 6306 6305 6026
f 6306 6026 6027
f 6023 6026 6302
f 6302 6026 6305
f 6304 6307 6025
f 6025 6307 6028
f 6029 6028 6307
f 6029 6307 6308
f 6030 6306 6027
f 6030 6309 6306
f 6308 6310 6029
f 6029 6310 6031
f 6310 6312 6311
f 6033 6310 6311
f 6031 6310 6033
f 6311 6034 6033
f 6036 6313 6035
f 6314 6037 6035
f 6314 6035 6313
f 6315 6038 6037
f 6315 6037 6314
f 6316 6039 6038
f 6316 6038 6315
f 6039 6316 6317
f 6318 6039 6317
f 6040 6039 6318
f 6040 6319 6042
f 6318 6319 6040
f 6043 6042 6319
f 6043 6319 6320
f 6323 6322 6321
f 6322 6309 6321
f 6309 6045 6321
f 6309 6030 6045
f 6312 6324 6311
f 6311 6324 6034
f 6324 6047 6034
f 6324 6325 6047
f 6047 6326 6050
f 6325 6326 6047
f 6036 6050 6313
f 6050 6327 6313
f 6050 6326 6327
f 6313 6327 6314
f 6314 6327 6328
f 6314 6328 6315
f 6315 6328 6329
f 6315 6329 6316
f 6316 6329 6330
f 6316 6330 6317
f 6320 6331 6043
f 6043 6331 6052
f 6054 6052 6331
f 6054 6331 6332
f 6323 6321 6058
f 6057 6323 6058
f 6333 6323 6057
f 6058 6321 6045
f 6332 6334 6054
f 6054 6334 6061
f 6061 6335 6062
f 6334 6335 6061
f 6063 6062 6335
f 6063 6335 6336
f 6065 6337 6064
f 6064 6337 6338
f 6339 6064 6338
f 6066 6064 6339
f 6057 6066 6333
f 6333 6066 6339
f 6336 6067 6063
f 6340 6067 6336
f 6342 6341 6070
f 6342 6070 6069
f 6065 6070 6337
f 6070 6343 6337
f 6070 6341 6343
f 6337 6343 6338
f 6346 6345 6344
f 6340 6346 6344
f 6072 6340 6344
f 6067 6340 6072
f 6074 6347 6073
f 6347 6348 6073
f 6348 6069 6073
f 6348 6342 6069
f 6344 6345 6076
f 6345 6075 6076
f 6345 6349 6075
f 6344 6076 6072
f 6078 6350 6347
f 6078 6347 6074
f 6348 6347 6351
f 6351 6347 6350
f 6349 6079 6075
f 6352 6079 6349
f 6081 6353 6350
f 6081 6350 6078
f 6351 6350 6354
f 6354 6350 6353
f 6357 6356 6355
f 6082 6083 6355
f 6083 6357 6355
f 6083 6358 6357
f 6359 6083 6084
f 6359 6358 6083
f 6360 6084 6085
f 6360 6359 6084
f 6085 6079 6352
f 6085 6352 6360
f 6362 6361 6353
f 6081 6362 6353
f 6086 6362 6081
f 6353 6361 6354
f 6364 6363 6088
f 6088 6363 6087
f 6089 6355 6356
f 6364 6089 6356
f 6088 6089 6364
f 6355 6089 6082
f 6091 6366 6365
f 6362 6091 6365
f 6086 6091 6362
f 6366 6367 6365
f 6363 6092 6087
f 6368 6092 6363
f 6370 6369 6366
f 6091 6370 6366
f 6096 6370 6091
f 6366 6369 6367
f 6097 6092 6371
f 6092 6372 6371
f 6092 6368 6372
f 6371 6098 6097
f 6102 6370 6096
f 6102 6373 6370
f 6372 6374 6371
f 6371 6374 6098
f 6374 6103 6098
f 6374 6375 6103
f 6104 6103 6375
f 6104 6375 6376
f 6106 6377 6107
f 6377 6109 6107
f 6110 6378 6111
f 6378 6379 6111
f 6379 6102 6111
f 6379 6373 6102
f 6112 6104 6380
f 6104 6381 6380
f 6104 6376 6381
f 6380 6113 6112
f 6115 6382 6377
f 6115 6377 6106
f 6383 6116 6109
f 6377 6383 6109
f 6382 6383 6377
f 6378 6110 6116
f 6383 6378 6116
f 6384 6378 6383
f 6379 6378 6385
f 6385 6378 6384
f 6381 6386 6380
f 6380 6386 6113
f 6386 6117 6113
f 6386 6387 6117
f 6117 6388 6118
f 6387 6388 6117
f 6115 6118 6382
f 6118 6389 6382
f 6118 6388 6389
f 6391 6390 6389
f 6390 6382 6389
f 6390 6383 6382
f 6393 6384 6392
f 6384 6390 6392
f 6384 6383 6390
f 6384 6393 6385
f 6391 6394 6390
f 6390 6394 6392
f 6397 6396 6395
f 6120 6121 6395
f 6121 6397 6395
f 6121 6398 6397
f 6399 6121 6122
f 6399 6398 6121
f 6400 6122 6123
f 6400 6399 6122
f 6401 6123 6124
f 6401 6400 6123
f 6403 6401 6402
f 6401 6125 6402
f 6401 6124 6125
f 6127 6402 6125
f 6404 6130 6131
f 6404 6131 6405
f 6131 6406 6405
f 6131 6132 6406
f 6133 6395 6396
f 6406 6133 6396
f 6132 6133 6406
f 6395 6133 6120
f 6407 6403 6402
f 6409 6407 6408
f 6408 6407 6134
f 6407 6402 6134
f 6402 6127 6134
f 6135 6408 6134
f 6410 6138 6139
f 6410 6139 6411
f 6139 6412 6411
f 6139 6140 6412
f 6140 6130 6404
f 6413 6140 6404
f 6412 6140 6413
f 6413 6404 6405
f 6414 6409 6408
f 6416 6414 6415
f 6415 6414 6141
f 6414 6408 6141
f 6408 6135 6141
f 6142 6415 6141
f 6418 6417 6410
f 6417 6138 6410
f 6417 6146 6138
f 6418 6410 6411
f 6419 6416 6415
f 6421 6419 6420
f 6420 6419 6147
f 6419 6415 6147
f 6415 6142 6147
f 6148 6422 6147
f 6147 6422 6420
f 6149 6423 6148
f 6148 6423 6422
f 6151 6423 6149
f 6417 6153 6146
f 6424 6153 6417
f 6425 6421 6420
f 6425 6420 6422
f 6425 6422 6426
f 6426 6422 6423
f 6426 6423 6427
f 6427 6423 6151
f 6154 6427 6151
f 6428 6427 6154
f 6429 6154 6155
f 6429 6428 6154
f 6430 6155 6156
f 6430 6429 6155
f 6431 6156 6157
f 6431 6430 6156
f 6432 6157 6158
f 6432 6431 6157
f 6433 6158 6159
f 6433 6432 6158
f 6435 6434 6161
f 6434 6159 6161
f 6434 6433 6159
f 6435 6436 6434
f 6424 6163 6153
f 6437 6163 6424
f 6164 6435 6161
f 6438 6436 6435
f 6164 6438 6435
f 6165 6438 6164
f 6439 6165 6167
f 6439 6438 6165
f 6167 6169 6439
f 6439 6169 6440
f 6443 6442 6441
f 6437 6443 6441
f 6171 6437 6441
f 6163 6437 6171
f 6173 6445 6444
f 6440 6173 6444
f 6169 6173 6440
f 6445 6446 6444
f 6448 6447 6175
f 6175 6447 6174
f 6176 6441 6442
f 6448 6176 6442
f 6175 6176 6448
f 6441 6176 6171
f 6177 6445 6173
f 6450 6449 6179
f 6179 6449 6177
f 6449 6446 6177
f 6446 6445 6177
f 6450 6451 6449
f 6447 6180 6174
f 6452 6180 6447
f 6181 6453 6450
f 6181 6450 6179
f 6451 6450 6454
f 6454 6450 6453
f 6456 6455 6185
f 6185 6455 6184
f 6185 6180 6452
f 6185 6452 6456
f 6186 6453 6181
f 6457 6454 6453
f 6186 6457 6453
f 6187 6457 6186
f 6187 6189 6457
f 6457 6189 6458
f 6455 6191 6184
f 6459 6191 6455
f 6460 6458 6189
f 6460 6189 6192
f 6192 6194 6460
f 6460 6194 6461
f 6459 6196 6191
f 6462 6196 6459
f 6463 6461 6194
f 6463 6194 6197
f 6197 6199 6463
f 6463 6199 6464
f 6462 6201 6196
f 6465 6201 6462
f 6466 6464 6199
f 6466 6199 6202
f 6202 6204 6466
f 6466 6204 6467
f 6469 6206 6468
f 6206 6465 6468
f 6206 6201 6465
f 6470 6469 6468
f 6471 6467 6204
f 6471 6204 6207
f 6207 6208 6471
f 6471 6208 6472
f 6469 6212 6206
f 6213 6212 6469
f 6470 6213 6469
f 6473 6213 6470
f 6208 6214 6474
f 6475 6208 6474
f 6472 6208 6475
f 6215 6474 6214
f 6473 6218 6213
f 6476 6218 6473
f 6477 6475 6474
f 6479 6477 6478
f 6478 6477 6219
f 6477 6474 6219
f 6474 6215 6219
f 6220 6480 6219
f 6219 6480 6478
f 6222 6480 6220
f 6476 6224 6218
f 6481 6224 6476
f 6482 6479 6478
f 6482 6478 6480
f 6482 6480 6483
f 6485 6483 6484
f 6484 6483 6225
f 6483 6480 6225
f 6480 6222 6225
f 6227 6484 6225
f 6228 6224 6486
f 6224 6487 6486
f 6224 6481 6487
f 6486 6229 6228
f 6485 6484 6488
f 6485 6488 6489
f 6231 6488 6227
f 6227 6488 6484
f 6487 6490 6486
f 6229 6486 6490
f 6491 6229 6490
f 6232 6229 6491
f 6492 6489 6488
f 6494 6492 6493
f 6493 6492 6233
f 6492 6488 6233
f 6488 6231 6233
f 6234 6493 6233
f 6235 6232 6495
f 6232 6496 6495
f 6232 6491 6496
f 6495 6237 6235
f 6497 6494 6493
f 6493 6234 6497
f 6234 6498 6497
f 6234 6238 6498
f 6496 6499 6495
f 6495 6499 6237
f 6499 6239 6237
f 6499 6500 6239
f 6500 6502 6501
f 6241 6500 6501
f 6239 6500 6241
f 6501 6242 6241
f 6245 6503 6244
f 6503 6246 6244
f 6248 6498 6238
f 6248 6504 6498
f 6502 6505 6501
f 6501 6505 6242
f 6505 6249 6242
f 6505 6506 6249
f 6245 6249 6503
f 6249 6507 6503
f 6249 6506 6507
f 6246 6503 6507
f 6508 6246 6507
f 6250 6246 6508
f 6248 6251 6509
f 6510 6248 6509
f 6504 6248 6510
f 6252 6509 6251
f 6512 6253 6511
f 6253 6508 6511
f 6253 6250 6508
f 6513 6512 6511
f 6514 6510 6509
f 6509 6252 6514
f 6252 6515 6514
f 6252 6254 6515
f 6512 6255 6253
f 6256 6255 6512
f 6513 6256 6512
f 6516 6256 6513
f 6257 6515 6254
f 6257 6517 6515
f 6516 6258 6256
f 6518 6258 6516
f 6519 6517 6257
f 6519 6257 6259
f 6259 6260 6519
f 6519 6260 6520
f 6523 6522 6521
f 6521 6524 6261
f 6518 6521 6261
f 6258 6518 6261
f 6521 6518 6523
f 6524 6262 6261
f 6263 6520 6260
f 6263 6525 6520
f 6522 6526 6521
f 6521 6526 6524
f 6524 6526 6527
f 6262 6524 6527
f 6528 6262 6527
f 6264 6262 6528
f 6265 6525 6263
f 6265 6529 6525
f 6528 6266 6264
f 6530 6266 6528
f 6533 6532 6531
f 6534 6531 6532
f 6267 6529 6265
f 6267 6535 6529
f 6530 6268 6266
f 6536 6268 6530
f 6533 6531 6537
f 6533 6537 6538
f 6531 6534 6539
f 6540 6531 6539
f 6537 6531 6540
f 6539 6535 6540
f 6535 6269 6540
f 6535 6267 6269
f 6536 6270 6268
f 6541 6270 6536
f 6538 6537 6542
f 6538 6542 6543
f 6272 6542 6271
f 6542 6540 6271
f 6542 6537 6540
f 6271 6540 6269
f 6541 6273 6270
f 6544 6273 6541
f 6543 6542 6275
f 6276 6543 6275
f 6545 6543 6276
f 6275 6542 6272
f 6547 6278 6546
f 6278 6544 6546
f 6278 6273 6544
f 6548 6547 6546
f 6279 6545 6276
f 6279 6549 6545
f 6547 6280 6278
f 6551 6550 6281
f 6551 6281 6280
f 6548 6551 6280
f 6547 6548 6280
f 6552 6550 6551
f 6282 6549 6279
f 6282 6553 6549
f 6554 6283 6550
f 6550 6283 6281
f 6550 6552 6555
f 6550 6555 6554
f 6284 6553 6282
f 6284 6556 6553
f 6554 6285 6283
f 6558 6557 6286
f 6558 6286 6285
f 6555 6558 6285
f 6554 6555 6285
f 6559 6557 6558
f 6287 6556 6284
f 6287 6560 6556
f 6557 6288 6286
f 6289 6288 6557
f 6559 6289 6557
f 6561 6289 6559
f 6290 6560 6287
f 6290 6562 6560
f 6561 6563 6289
f 6289 6563 6291
f 6292 6291 6563
f 6292 6563 6564
f 6293 6562 6290
f 6293 6565 6562
f 6564 6566 6292
f 6292 6566 6294
f 6295 6294 6566
f 6295 6566 6567
f 6296 6565 6293
f 6296 6568 6565
f 6570 6297 6569
f 6297 6567 6569
f 6297 6295 6567
f 6571 6570 6569
f 6573 6572 6298
f 6573 6298 6299
f 6296 6298 6568
f 6568 6298 6572
f 6570 6300 6297
f 6301 6300 6570
f 6571 6301 6570
f 6574 6301 6571
f 6302 6573 6299
f 6302 6575 6573
f 6574 6576 6301
f 6301 6576 6303
f 6304 6303 6576
f 6304 6576 6577
f 6579 6578 6305
f 6579 6305 6306
f 6302 6305 6575
f 6575 6305 6578
f 6577 6580 6304
f 6304 6580 6307
f 6308 6307 6580
f 6308 6580 6581
f 6584 6583 6582
f 6583 6579 6582
f 6579 6309 6582
f 6579 6306 6309
f 6581 6585 6308
f 6308 6585 6310
f 6312 6310 6585
f 6312 6585 6586
f 6317 6587 6318
f 6588 6319 6318
f 6588 6318 6587
f 6588 6320 6319
f 6591 6590 6589
f 6589 6590 6584
f 6589 6584 6582
f 6323 6589 6582
f 6322 6323 6582
f 6322 6582 6309
f 6586 6592 6312
f 6312 6592 6324
f 6324 6593 6325
f 6592 6593 6324
f 6593 6595 6594
f 6326 6593 6594
f 6325 6593 6326
f 6596 6327 6326
f 6596 6326 6594
f 6327 6596 6597
f 6598 6327 6597
f 6328 6327 6598
f 6328 6599 6329
f 6598 6599 6328
f 6329 6600 6330
f 6599 6600 6329
f 6317 6330 6587
f 6330 6601 6587
f 6330 6600 6601
f 6587 6601 6588
f 6588 6601 6602
f 6588 6602 6320
f 6602 6331 6320
f 6602 6603 6331
f 6332 6331 6603
f 6332 6603 6604
f 6591 6589 6605
f 6591 6605 6606
f 6333 6605 6323
f 6323 6605 6589
f 6595 6607 6594
f 6594 6607 6596
f 6596 6607 6608
f 6596 6608 6597
f 6604 6609 6332
f 6332 6609 6334
f 6609 6611 6610
f 6335 6609 6610
f 6334 6609 6335
f 6610 6336 6335
f 6614 6613 6612
f 6616 6615 6612
f 6616 6612 6613
f 6615 6616 6606
f 6615 6606 6605
f 6338 6615 6605
f 6339 6338 6605
f 6339 6605 6333
f 6611 6617 6610
f 6336 6610 6617
f 6618 6336 6617
f 6340 6336 6618
f 6614 6612 6341
f 6342 6614 6341
f 6619 6614 6342
f 6341 6612 6343
f 6343 6612 6615
f 6343 6615 6338
f 6620 6345 6346
f 6621 6620 6346
f 6340 6621 6346
f 6618 6621 6340
f 6348 6619 6342
f 6348 6622 6619
f 6624 6623 6620
f 6623 6345 6620
f 6623 6349 6345
f 6624 6620 6621
f 6351 6622 6348
f 6351 6625 6622
f 6628 6627 6626
f 6623 6628 6626
f 6352 6623 6626
f 6349 6623 6352
f 6354 6625 6351
f 6354 6629 6625
f 6631 6630 6357
f 6357 6630 6356
f 6632 6357 6358
f 6632 6631 6357
f 6633 6358 6359
f 6633 6632 6358
f 6360 6626 6627
f 6633 6360 6627
f 6359 6360 6633
f 6626 6360 6352
f 6362 6634 6361
f 6634 6635 6361
f 6635 6354 6361
f 6635 6629 6354
f 6637 6636 6364
f 6364 6636 6363
f 6364 6356 6630
f 6364 6630 6637
f 6365 6634 6362
f 6365 6367 6634
f 6367 6635 6634
f 6367 6638 6635
f 6636 6368 6363
f 6639 6368 6636
f 6370 6640 6369
f 6640 6641 6369
f 6641 6367 6369
f 6641 6638 6367
f 6639 6372 6368
f 6642 6372 6639
f 6373 6643 6640
f 6373 6640 6370
f 6641 6640 6644
f 6644 6640 6643
f 6642 6645 6372
f 6372 6645 6374
f 6645 6647 6646
f 6375 6645 6646
f 6374 6645 6375
f 6646 6376 6375
f 6379 6648 6643
f 6379 6643 6373
f 6644 6643 6649
f 6649 6643 6648
f 6647 6650 6646
f 6376 6646 6650
f 6651 6376 6650
f 6381 6376 6651
f 6653 6652 6648
f 6379 6653 6648
f 6385 6653 6379
f 6648 6652 6649
f 6651 6654 6381
f 6381 6654 6386
f 6386 6655 6387
f 6654 6655 6386
f 6387 6656 6388
f 6655 6656 6387
f 6656 6658 6657
f 6389 6656 6657
f 6388 6656 6389
f 6657 6391 6389
f 6392 6659 6393
f 6659 6660 6393
f 6660 6385 6393
f 6660 6653 6385
f 6657 6658 6661
f 6661 6658 6662
f 6663 6394 6391
f 6657 6663 6391
f 6661 6663 6657
f 6659 6392 6394
f 6663 6659 6394
f 6664 6659 6663
f 6660 6659 6665
f 6665 6659 6664
f 6661 6662 6666
f 6666 6662 6667
f 6669 6663 6668
f 6663 6666 6668
f 6663 6661 6666
f 6663 6669 6664
f 6664 6669 6670
f 6664 6670 6665
f 6666 6667 6671
f 6671 6667 6672
f 6668 6666 6673
f 6673 6666 6671
f 6672 6674 6671
f 6671 6674 6673
f 6675 6396 6397
f 6675 6397 6676
f 6397 6677 6676
f 6397 6398 6677
f 6678 6398 6399
f 6678 6677 6398
f 6679 6399 6400
f 6679 6678 6399
f 6681 6679 6680
f 6679 6401 6680
f 6679 6400 6401
f 6403 6680 6401
f 6682 6405 6406
f 6683 6682 6406
f 6683 6406 6396
f 6684 6683 6396
f 6675 6684 6396
f 6684 6675 6676
f 6685 6681 6680
f 6685 6680 6403
f 6407 6685 6403
f 6686 6685 6407
f 6407 6409 6686
f 6686 6409 6687
f 6688 6411 6412
f 6688 6412 6689
f 6412 6690 6689
f 6412 6413 6690
f 6413 6405 6682
f 6691 6413 6682
f 6690 6413 6691
f 6691 6682 6683
f 6692 6687 6409
f 6692 6409 6414
f 6414 6416 6692
f 6692 6416 6693
f 6695 6694 6418
f 6418 6694 6417
f 6418 6411 6688
f 6696 6418 6688
f 6695 6418 6696
f 6696 6688 6689
f 6697 6693 6416
f 6697 6416 6419
f 6699 6698 6421
f 6698 6419 6421
f 6698 6697 6419
f 6699 6700 6698
f 6694 6424 6417
f 6701 6424 6694
f 6425 6699 6421
f 6702 6700 6699
f 6425 6702 6699
f 6426 6702 6425
f 6704 6702 6703
f 6702 6427 6703
f 6702 6426 6427
f 6703 6427 6705
f 6427 6706 6705
f 6427 6428 6706
f 6707 6428 6429
f 6707 6706 6428
f 6708 6429 6430
f 6708 6707 6429
f 6709 6430 6431
f 6709 6708 6430
f 6710 6431 6432
f 6710 6709 6431
f 6711 6432 6433
f 6711 6710 6432
f 6712 6433 6434
f 6712 6711 6433
f 6714 6713 6436
f 6713 6434 6436
f 6713 6712 6434
f 6714 6715 6713
f 6701 6437 6424
f 6716 6437 6701
f 6717 6704 6703
f 6717 6703 6705
f 6438 6714 6436
f 6718 6715 6714
f 6438 6718 6714
f 6439 6718 6438
f 6720 6719 6440
f 6719 6439 6440
f 6719 6718 6439
f 6720 6721 6719
f 6724 6723 6722
f 6442 6443 6722
f 6443 6724 6722
f 6443 6725 6724
f 6443 6437 6716
f 6443 6716 6725
f 6444 6720 6440
f 6444 6446 6720
f 6446 6721 6720
f 6446 6726 6721
f 6722 6723 6448
f 6723 6447 6448
f 6723 6727 6447
f 6722 6448 6442
f 6728 6726 6446
f 6728 6446 6449
f 6449 6451 6728
f 6728 6451 6729
f 6727 6452 6447
f 6730 6452 6727
f 6454 6732 6731
f 6729 6454 6731
f 6451 6454 6729
f 6732 6733 6731
f 6735 6734 6456
f 6456 6734 6455
f 6456 6452 6730
f 6456 6730 6735
f 6457 6732 6454
f 6457 6458 6732
f 6458 6733 6732
f 6458 6736 6733
f 6738 6459 6737
f 6459 6734 6737
f 6459 6455 6734
f 6739 6738 6737
f 6740 6736 6458
f 6740 6458 6460
f 6460 6461 6740
f 6740 6461 6741
f 6742 6462 6738
f 6738 6462 6459
f 6738 6739 6743
f 6738 6743 6742
f 6461 6463 6744
f 6745 6461 6744
f 6741 6461 6745
f 6464 6744 6463
f 6746 6465 6742
f 6742 6465 6462
f 6742 6743 6747
f 6742 6747 6746
f 6748 6745 6744
f 6748 6744 6464
f 6466 6748 6464
f 6749 6748 6466
f 6466 6467 6749
f 6749 6467 6750
f 6746 6468 6465
f 6470 6468 6746
f 6747 6470 6746
f 6751 6470 6747
f 6752 6750 6467
f 6752 6467 6471
f 6471 6472 6752
f 6752 6472 6753
f 6751 6473 6470
f 6754 6473 6751
f 6757 6756 6755
f 6756 6753 6755
f 6753 6475 6755
f 6753 6472 6475
f 6754 6476 6473
f 6758 6476 6754
f 6759 6757 6755
f 6761 6759 6760
f 6760 6759 6477
f 6759 6755 6477
f 6755 6475 6477
f 6479 6760 6477
f 6758 6481 6476
f 6762 6481 6758
f 6763 6761 6760
f 6765 6763 6764
f 6764 6763 6482
f 6763 6760 6482
f 6760 6479 6482
f 6483 6766 6482
f 6482 6766 6764
f 6485 6766 6483
f 6768 6487 6767
f 6487 6762 6767
f 6487 6481 6762
f 6769 6768 6767
f 6765 6764 6770
f 6765 6770 6771
f 6772 6764 6766
f 6770 6764 6772
f 6489 6772 6485
f 6485 6772 6766
f 6768 6490 6487
f 6491 6490 6768
f 6769 6491 6768
f 6773 6491 6769
f 6774 6771 6770
f 6776 6775 6774
f 6770 6776 6774
f 6772 6776 6770
f 6492 6777 6489
f 6777 6772 6489
f 6777 6776 6772
f 6494 6777 6492
f 6779 6496 6778
f 6496 6773 6778
f 6496 6491 6773
f 6781 6780 6779
f 6781 6779 6778
f 6782 6780 6781
f 6783 6775 6776
f 6785 6784 6783
f 6776 6785 6783
f 6777 6785 6776
f 6497 6786 6494
f 6786 6777 6494
f 6786 6785 6777
f 6498 6786 6497
f 6779 6499 6496
f 6499 6779 6500
f 6500 6779 6780
f 6788 6787 6502
f 6788 6502 6500
f 6782 6788 6500
f 6780 6782 6500
f 6789 6787 6788
f 6784 6785 6790
f 6784 6790 6791
f 6792 6785 6786
f 6790 6785 6792
f 6504 6792 6498
f 6498 6792 6786
f 6787 6505 6502
f 6789 6793 6787
f 6793 6505 6787
f 6793 6506 6505
f 6793 6795 6794
f 6507 6793 6794
f 6506 6793 6507
f 6794 6508 6507
f 6796 6791 6790
f 6798 6797 6796
f 6790 6798 6796
f 6792 6798 6790
f 6510 6798 6504
f 6504 6798 6792
f 6795 6799 6794
f 6799 6801 6800
f 6799 6800 6511
f 6794 6799 6511
f 6508 6794 6511
f 6800 6513 6511
f 6802 6797 6798
f 6804 6802 6803
f 6803 6802 6514
f 6802 6798 6514
f 6798 6510 6514
f 6515 6803 6514
f 6800 6801 6805
f 6805 6801 6806
f 6805 6516 6513
f 6805 6513 6800
f 6809 6808 6807
f 6807 6808 6804
f 6803 6807 6804
f 6810 6807 6803
f 6517 6810 6515
f 6515 6810 6803
f 6806 6811 6805
f 6516 6805 6811
f 6812 6516 6811
f 6518 6516 6812
f 6813 6809 6807
f 6815 6814 6813
f 6807 6815 6813
f 6810 6815 6807
f 6519 6816 6517
f 6816 6810 6517
f 6816 6815 6810
f 6520 6816 6519
f 6817 6522 6523
f 6818 6817 6523
f 6518 6818 6523
f 6812 6818 6518
f 6814 6815 6819
f 6814 6819 6820
f 6821 6815 6816
f 6819 6815 6821
f 6525 6821 6520
f 6520 6821 6816
f 6817 6526 6522
f 6527 6526 6817
f 6822 6527 6817
f 6818 6822 6817
f 6823 6527 6822
f 6823 6528 6527
f 6824 6820 6819
f 6826 6825 6824
f 6819 6826 6824
f 6821 6826 6819
f 6529 6826 6525
f 6525 6826 6821
f 6823 6822 6827
f 6827 6822 6828
f 6827 6530 6528
f 6827 6528 6823
f 6830 6829 6532
f 6830 6532 6533
f 6826 6831 6534
f 6829 6826 6534
f 6532 6829 6534
f 6825 6826 6829
f 6535 6831 6529
f 6529 6831 6826
f 6827 6828 6832
f 6832 6828 6833
f 6832 6536 6530
f 6832 6530 6827
f 6538 6830 6533
f 6538 6834 6830
f 6831 6539 6534
f 6539 6831 6535
f 6832 6833 6835
f 6835 6833 6836
f 6835 6541 6536
f 6835 6536 6832
f 6543 6834 6538
f 6543 6837 6834
f 6836 6838 6835
f 6541 6835 6838
f 6839 6541 6838
f 6544 6541 6839
f 6545 6837 6543
f 6545 6840 6837
f 6839 6841 6544
f 6544 6841 6546
f 6548 6546 6841
f 6548 6841 6842
f 6549 6844 6843
f 6840 6549 6843
f 6545 6549 6840
f 6844 6845 6843
f 6842 6846 6548
f 6548 6846 6551
f 6552 6551 6846
f 6552 6846 6847
f 6553 6848 6844
f 6553 6844 6549
f 6845 6844 6849
f 6849 6844 6848
f 6847 6555 6552
f 6850 6555 6847
f 6556 6851 6848
f 6556 6848 6553
f 6849 6848 6852
f 6852 6848 6851
f 6558 6555 6853
f 6555 6854 6853
f 6555 6850 6854
f 6853 6559 6558
f 6560 6855 6851
f 6560 6851 6556
f 6852 6851 6856
f 6856 6851 6855
f 6854 6857 6853
f 6559 6853 6857
f 6858 6559 6857
f 6561 6559 6858
f 6562 6859 6855
f 6562 6855 6560
f 6856 6855 6860
f 6860 6855 6859
f 6858 6861 6561
f 6561 6861 6563
f 6564 6563 6861
f 6564 6861 6862
f 6864 6863 6859
f 6562 6864 6859
f 6565 6864 6562
f 6859 6863 6860
f 6862 6865 6564
f 6564 6865 6566
f 6567 6566 6865
f 6567 6865 6866
f 6568 6864 6565
f 6568 6867 6864
f 6866 6868 6567
f 6567 6868 6569
f 6571 6569 6868
f 6571 6868 6869
f 6871 6870 6572
f 6871 6572 6573
f 6568 6572 6867
f 6867 6572 6870
f 6869 6574 6571
f 6872 6574 6869
f 6575 6871 6573
f 6575 6873 6871
f 6872 6874 6574
f 6574 6874 6576
f 6577 6576 6874
f 6577 6874 6875
f 6877 6876 6578
f 6877 6578 6579
f 6575 6578 6873
f 6873 6578 6876
f 6875 6878 6577
f 6577 6878 6580
f 6581 6580 6878
f 6581 6878 6879
f 6881 6880 6583
f 6881 6583 6584
f 6579 6583 6877
f 6877 6583 6880
f 6879 6882 6581
f 6581 6882 6585
f 6586 6585 6882
f 6586 6882 6883
f 6886 6885 6884
f 6590 6591 6884
f 6885 6590 6884
f 6887 6590 6885
f 6584 6590 6881
f 6881 6590 6887
f 6883 6888 6586
f 6586 6888 6592
f 6592 6889 6593
f 6888 6889 6592
f 6595 6593 6889
f 6595 6889 6890
f 6597 6891 6598
f 6892 6599 6598
f 6892 6598 6891
f 6599 6892 6893
f 6894 6599 6893
f 6600 6599 6894
f 6600 6895 6601
f 6894 6895 6600
f 6601 6896 6602
f 6895 6896 6601
f 6602 6897 6603
f 6896 6897 6602
f 6899 6898 6604
f 6603 6899 6604
f 6897 6899 6603
f 6900 6898 6899
f 6901 6886 6884
f 6884 6591 6901
f 6591 6902 6901
f 6591 6606 6902
f 6890 6903 6595
f 6595 6903 6607
f 6607 6904 6608
f 6903 6904 6607
f 6597 6608 6891
f 6608 6905 6891
f 6608 6904 6905
f 6891 6905 6892
f 6892 6905 6906
f 6892 6906 6893
f 6898 6609 6604
f 6611 6609 6898
f 6900 6611 6898
f 6907 6611 6900
f 6909 6908 6613
f 6909 6613 6614
f 6613 6910 6616
f 6908 6910 6613
f 6606 6616 6902
f 6902 6616 6910
f 6907 6911 6611
f 6611 6911 6617
f 6618 6617 6911
f 6618 6911 6912
f 6619 6909 6614
f 6619 6913 6909
f 6912 6621 6618
f 6914 6621 6912
f 6622 6913 6619
f 6622 6915 6913
f 6916 6623 6624
f 6917 6916 6624
f 6621 6917 6624
f 6914 6917 6621
f 6625 6915 6622
f 6625 6918 6915
f 6921 6920 6919
f 6923 6922 6919
f 6919 6922 6921
f 6627 6628 6923
f 6628 6922 6923
f 6628 6924 6922
f 6628 6623 6916
f 6925 6628 6916
f 6924 6628 6925
f 6925 6916 6917
f 6629 6918 6625
f 6629 6926 6918
f 6928 6927 6631
f 6631 6927 6630
f 6632 6919 6920
f 6928 6632 6920
f 6631 6632 6928
f 6919 6632 6633
f 6919 6633 6923
f 6923 6633 6627
f 6635 6926 6629
f 6635 6929 6926
f 6931 6930 6637
f 6637 6930 6636
f 6637 6630 6927
f 6637 6927 6931
f 6638 6929 6635
f 6638 6932 6929
f 6930 6639 6636
f 6933 6639 6930
f 6641 6932 6638
f 6641 6934 6932
f 6936 6642 6935
f 6642 6933 6935
f 6642 6639 6933
f 6937 6936 6935
f 6644 6934 6641
f 6644 6938 6934
f 6936 6645 6642
f 6647 6645 6936
f 6937 6647 6936
f 6939 6647 6937
f 6942 6941 6940
f 6941 6938 6940
f 6938 6649 6940
f 6938 6644 6649
f 6939 6943 6647
f 6647 6943 6650
f 6945 6944 6651
f 6650 6945 6651
f 6943 6945 6650
f 6946 6944 6945
f 6942 6940 6652
f 6653 6942 6652
f 6947 6942 6653
f 6652 6940 6649
f 6944 6654 6651
f 6946 6948 6944
f 6948 6654 6944
f 6948 6655 6654
f 6655 6949 6656
f 6948 6949 6655
f 6658 6656 6949
f 6658 6949 6950
f 6660 6947 6653
f 6660 6951 6947
f 6950 6662 6658
f 6952 6662 6950
f 6955 6954 6953
f 6954 6951 6953
f 6951 6665 6953
f 6951 6660 6665
f 6957 6667 6956
f 6667 6952 6956
f 6667 6662 6952
f 6669 6668 6957
f 6956 6669 6957
f 6958 6669 6956
f 6953 6670 6955
f 6670 6958 6955
f 6670 6669 6958
f 6670 6953 6665
f 6960 6959 6957
f 6959 6667 6957
f 6959 6672 6667
f 6957 6668 6960
f 6668 6961 6960
f 6668 6673 6961
f 6959 6962 6672
f 6672 6962 6674
f 6673 6674 6961
f 6961 6674 6962
f 6963 6676 6677
f 6963 6677 6964
f 6677 6965 6964
f 6677 6678 6965
f 6967 6965 6966
f 6965 6679 6966
f 6965 6678 6679
f 6681 6966 6679
f 6968 6683 6684
f 6969 6968 6684
f 6969 6684 6676
f 6970 6969 6676
f 6963 6970 6676
f 6970 6963 6964
f 6971 6967 6966
f 6971 6966 6681
f 6685 6971 6681
f 6972 6971 6685
f 6973 6685 6686
f 6973 6972 6685
f 6686 6687 6973
f 6973 6687 6974
f 6975 6689 6690
f 6691 6976 6690
f 6690 6976 6975
f 6977 6976 6691
f 6977 6691 6683
f 6978 6977 6683
f 6968 6978 6683
f 6978 6968 6969
f 6979 6974 6687
f 6979 6687 6692
f 6692 6693 6979
f 6979 6693 6980
f 6981 6694 6695
f 6981 6695 6982
f 6695 6983 6982
f 6695 6696 6983
f 6696 6689 6975
f 6984 6696 6975
f 6983 6696 6984
f 6984 6975 6976
f 6984 6976 6985
f 6985 6976 6977
f 6986 6980 6693
f 6986 6693 6697
f 6987 6697 6698
f 6987 6986 6697
f 6698 6700 6987
f 6987 6700 6988
f 6990 6989 6981
f 6989 6694 6981
f 6989 6701 6694
f 6990 6981 6982
f 6991 6988 6700
f 6991 6700 6702
f 6993 6992 6704
f 6992 6702 6704
f 6992 6991 6702
f 6993 6705 6992
f 6705 6706 6992
f 6995 6994 6992
f 6995 6992 6706
f 6707 6996 6706
f 6706 6996 6995
f 6708 6997 6707
f 6707 6997 6996
f 6709 6998 6708
f 6708 6998 6997
f 6998 6709 6999
f 6709 7000 6999
f 6709 6710 7000
f 7001 6710 6711
f 7001 7000 6710
f 7002 6711 6712
f 7002 7001 6711
f 7003 6712 6713
f 7003 7002 6712
f 6713 6715 7003
f 7003 6715 7004
f 7007 7006 7005
f 6989 7007 7005
f 6716 6989 7005
f 6701 6989 6716
f 6717 6993 6704
f 6995 7008 6994
f 6705 6993 6717
f 7008 6995 6996
f 7008 6996 7009
f 7009 6996 6997
f 7009 6997 7010
f 7010 6997 6998
f 7010 6998 7011
f 7011 6998 6999
f 7012 7004 6715
f 7012 6715 6718
f 7013 6718 6719
f 7013 7012 6718
f 6719 6721 7013
f 7013 6721 7014
f 7016 7015 6724
f 6724 7015 6723
f 6725 7005 7006
f 7016 6725 7006
f 6724 6725 7016
f 7005 6725 6716
f 6726 7018 7017
f 7014 6726 7017
f 6721 6726 7014
f 7018 7019 7017
f 7015 6727 6723
f 7020 6727 7015
f 6728 7018 6726
f 6728 6729 7018
f 6729 7019 7018
f 6729 7021 7019
f 7020 6730 6727
f 7022 6730 7020
f 7023 7021 6729
f 7023 6729 6731
f 6731 6733 7023
f 7023 6733 7024
f 7025 6734 6735
f 7026 7025 6735
f 6730 7026 6735
f 7022 7026 6730
f 6736 7024 6733
f 6736 7027 7024
f 7025 6737 6734
f 6739 6737 7025
f 7026 6739 7025
f 7028 6739 7026
f 7029 7027 6736
f 7029 6736 6740
f 6740 6741 7029
f 7029 6741 7030
f 7028 6743 6739
f 7031 6743 7028
f 6745 7030 6741
f 6745 7032 7030
f 7031 6747 6743
f 7033 6747 7031
f 7034 7032 6745
f 7034 6745 6748
f 7036 7034 7035
f 7034 6749 7035
f 7034 6748 6749
f 6750 7035 6749
f 7033 6751 6747
f 7037 6751 7033
f 7038 7036 7035
f 7040 7038 7039
f 7039 7038 6752
f 7038 7035 6752
f 7035 6750 6752
f 6753 7039 6752
f 7042 6754 7041
f 6754 7037 7041
f 6754 6751 7037
f 7043 7042 7041
f 7046 7045 7044
f 7044 7045 7040
f 7044 7040 7039
f 6757 7044 7039
f 6756 6757 7039
f 6756 7039 6753
f 7047 6758 7042
f 7042 6758 6754
f 7042 7043 7048
f 7042 7048 7047
f 7049 7046 7044
f 7051 7049 7050
f 7050 7049 6759
f 7049 7044 6759
f 7044 6757 6759
f 6761 7050 6759
f 7052 6762 7047
f 7047 6762 6758
f 7047 7048 7053
f 7047 7053 7052
f 7054 7051 7050
f 7056 7054 7055
f 7055 7054 6763
f 7054 7050 6763
f 7050 6761 6763
f 6765 7055 6763
f 7052 6767 6762
f 7058 7057 6769
f 7058 6769 6767
f 7053 7058 6767
f 7052 7053 6767
f 7059 7057 7058
f 7060 7056 7055
f 7055 6765 7060
f 6765 7061 7060
f 6765 6771 7061
f 7062 6773 7057
f 7057 6773 6769
f 7057 7059 7063
f 7064 7057 7063
f 7062 7057 7064
f 7065 7064 7063
f 7066 7061 6771
f 7066 6771 6774
f 6774 6775 7066
f 7066 6775 7067
f 7062 6778 6773
f 6778 7062 6781
f 6781 7062 7064
f 7069 7068 6782
f 7069 6782 6781
f 7065 7069 6781
f 7064 7065 6781
f 7070 7068 7069
f 6775 6783 7071
f 7072 6775 7071
f 7067 6775 7072
f 6784 7071 6783
f 7068 6788 6782
f 6789 6788 7068
f 7070 6789 7068
f 7073 6789 7070
f 7072 7071 7074
f 7072 7074 7075
f 6791 7074 6784
f 6784 7074 7071
f 7073 7076 6789
f 6789 7076 6793
f 7078 7077 6795
f 6793 7078 6795
f 7076 7078 6793
f 7079 7077 7078
f 7080 7075 7074
f 7082 7080 7081
f 7081 7080 6796
f 7080 7074 6796
f 7074 6791 6796
f 6797 7081 6796
f 7077 6799 6795
f 6801 6799 7077
f 7079 6801 7077
f 7083 6801 7079
f 7084 7082 7081
f 7086 7084 7085
f 7085 7084 6802
f 7084 7081 6802
f 7081 6797 6802
f 6804 7085 6802
f 7083 6806 6801
f 7087 6806 7083
f 7086 7085 6808
f 6809 7086 6808
f 7088 7086 6809
f 6808 7085 6804
f 6811 6806 7089
f 6806 7090 7089
f 6806 7087 7090
f 7089 6812 6811
f 6809 6813 7091
f 7092 6809 7091
f 7088 6809 7092
f 6814 7091 6813
f 7089 7090 7093
f 7093 7090 7094
f 7093 6818 6812
f 7093 6812 7089
f 7092 7091 7095
f 7092 7095 7096
f 6820 7095 6814
f 6814 7095 7091
f 7093 7094 7097
f 7097 7094 7098
f 7097 6822 6818
f 7097 6818 7093
f 7096 7095 7099
f 7096 7099 7100
f 6824 7101 6820
f 7101 7095 6820
f 7101 7099 7095
f 6825 7101 6824
f 7098 7102 7097
f 6822 7097 7102
f 7103 6822 7102
f 6828 6822 7103
f 7104 7100 7099
f 6830 7105 6829
f 7105 7099 6829
f 7099 7101 6829
f 7105 7104 7099
f 6829 7101 6825
f 7103 6833 6828
f 7106 6833 7103
f 6834 7105 6830
f 6834 7107 7105
f 7106 6836 6833
f 7108 6836 7106
f 6837 7107 6834
f 6837 7109 7107
f 6838 6836 7110
f 6836 7111 7110
f 6836 7108 7111
f 7110 6839 6838
f 6840 7113 7112
f 7109 6840 7112
f 6837 6840 7109
f 7113 7114 7112
f 7110 7111 7115
f 7115 7111 7116
f 7117 6841 6839
f 7110 7117 6839
f 7115 7117 7110
f 7117 6842 6841
f 6843 7113 6840
f 6843 6845 7113
f 6845 7114 7113
f 6845 7118 7114
f 7116 7119 7115
f 7121 7120 7119
f 7120 7115 7119
f 7120 7117 7115
f 7122 6846 6842
f 7117 7122 6842
f 7120 7122 7117
f 7122 6847 6846
f 6849 7118 6845
f 6849 7123 7118
f 7121 7124 7120
f 7126 7125 7124
f 7125 7120 7124
f 7125 7122 7120
f 7125 6850 6847
f 7125 6847 7122
f 6852 7123 6849
f 6852 7127 7123
f 7126 7128 7125
f 6850 7125 7128
f 7129 6850 7128
f 6854 6850 7129
f 6856 7127 6852
f 6856 7130 7127
f 7129 7131 6854
f 6854 7131 6857
f 6858 6857 7131
f 6858 7131 7132
f 7135 7134 7133
f 7134 7130 7133
f 7130 6860 7133
f 7130 6856 6860
f 7132 7136 6858
f 6858 7136 6861
f 6862 6861 7136
f 6862 7136 7137
f 7135 7133 6863
f 6864 7135 6863
f 7138 7135 6864
f 6863 7133 6860
f 7137 7139 6862
f 6862 7139 6865
f 7141 7140 6866
f 6865 7141 6866
f 7139 7141 6865
f 7142 7140 7141
f 7145 7144 7143
f 7144 7138 7143
f 7138 6867 7143
f 7138 6864 6867
f 7140 6868 6866
f 6869 6868 7140
f 7142 6869 7140
f 7146 6869 7142
f 7149 7148 7147
f 7147 7148 7145
f 7147 7145 7143
f 6871 7147 7143
f 6870 6871 7143
f 6870 7143 6867
f 7146 6872 6869
f 7150 6872 7146
f 7149 7147 7151
f 7149 7151 7152
f 6873 7151 6871
f 6871 7151 7147
f 7150 7153 6872
f 6872 7153 6874
f 6875 6874 7153
f 6875 7153 7154
f 7152 7151 6876
f 6877 7152 6876
f 7155 7152 6877
f 6876 7151 6873
f 7154 7156 6875
f 6875 7156 6878
f 6879 6878 7156
f 6879 7156 7157
f 7160 7159 7158
f 6880 6881 7158
f 7159 6880 7158
f 7161 6880 7159
f 6877 6880 7155
f 7155 6880 7161
f 7157 7162 6879
f 6879 7162 6882
f 7164 7163 6883
f 6882 7164 6883
f 7162 7164 6882
f 7165 7163 7164
f 7167 7166 6885
f 7167 6885 6886
f 7158 6887 7160
f 6887 7166 7160
f 6887 6885 7166
f 6887 7158 6881
f 7163 6888 6883
f 7165 7168 7163
f 7168 6888 7163
f 7168 6889 6888
f 7170 7169 6890
f 6889 7170 6890
f 7168 7170 6889
f 7171 7169 7170
f 6893 7172 6894
f 7173 6895 6894
f 7173 6894 7172
f 7174 6896 6895
f 7174 6895 7173
f 6896 7174 7175
f 7176 6896 7175
f 6897 6896 7176
f 7176 7178 7177
f 6899 7176 7177
f 6897 7176 6899
f 7177 6900 6899
f 7179 7167 6886
f 7179 6886 6901
f 6901 6902 7179
f 7179 6902 7180
f 7169 6903 6890
f 7171 7181 7169
f 7181 6903 7169
f 7181 6904 6903
f 6904 7182 6905
f 7181 7182 6904
f 6905 7183 6906
f 7182 7183 6905
f 6893 6906 7172
f 6906 7184 7172
f 6906 7183 7184
f 7172 7184 7173
f 7173 7184 7185
f 7173 7185 7174
f 7174 7185 7186
f 7174 7186 7175
f 7178 7187 7177
f 6900 7177 7187
f 7188 6900 7187
f 6907 6900 7188
f 7190 7189 6908
f 7190 6908 6909
f 6908 7191 6910
f 7189 7191 6908
f 6902 6910 7180
f 7180 6910 7191
f 7188 7192 6907
f 6907 7192 6911
f 6912 6911 7192
f 6912 7192 7193
f 6913 7190 6909
f 6913 7194 7190
f 7193 6914 6912
f 7195 6914 7193
f 6915 7194 6913
f 6915 7196 7194
f 7195 6917 6914
f 7197 6917 7195
f 6918 7196 6915
f 6918 7198 7196
f 7201 7200 7199
f 6920 6921 7199
f 6921 7201 7199
f 6921 7202 7201
f 7203 6921 6922
f 7203 7202 6921
f 7204 6922 6924
f 7204 7203 6922
f 7205 6924 6925
f 7205 7204 6924
f 6925 6917 7197
f 6925 7197 7205
f 6926 7198 6918
f 6926 7206 7198
f 7199 7200 6928
f 7200 6927 6928
f 7200 7207 6927
f 7199 6928 6920
f 6929 7206 6926
f 6929 7208 7206
f 7210 7209 6931
f 6931 7209 6930
f 6931 6927 7207
f 6931 7207 7210
f 6932 7208 6929
f 6932 7211 7208
f 7209 6933 6930
f 7212 6933 7209
f 6934 7211 6932
f 6934 7213 7211
f 7212 7214 6933
f 6933 7214 6935
f 6937 6935 7214
f 6937 7214 7215
f 6938 7213 6934
f 6938 7216 7213
f 7218 6939 7217
f 6939 7215 7217
f 6939 6937 7215
f 7219 7218 7217
f 7221 7220 6941
f 7221 6941 6942
f 6938 6941 7216
f 7216 6941 7220
f 7218 6943 6939
f 7219 7222 7218
f 7222 6943 7218
f 7222 6945 6943
f 6946 6945 7222
f 6946 7222 7223
f 6947 7221 6942
f 6947 7224 7221
f 7223 7225 6946
f 6946 7225 6948
f 6948 7226 6949
f 7225 7226 6948
f 6950 6949 7226
f 6950 7226 7227
f 7230 7229 7228
f 7229 7224 7228
f 7224 6951 7228
f 7224 6947 6951
f 7232 6952 7231
f 6952 7227 7231
f 6952 6950 7227
f 7234 7233 7232
f 7234 7232 7231
f 7233 7234 7230
f 7233 7230 7228
f 6955 7233 7228
f 6954 6955 7228
f 6954 7228 6951
f 7232 6956 6952
f 6956 7232 6958
f 6958 7232 7233
f 6958 7233 6955
f 7235 6959 6960
f 6961 7235 6960
f 7235 6962 6959
f 6962 7235 6961
f 7236 6964 6965
f 6967 7236 6965
f 7237 6969 6970
f 7238 7237 6970
f 7238 6970 6964
f 7239 7238 6964
f 7236 7239 6964
f 7239 7236 6967
f 6971 7239 6967
f 7240 7239 6971
f 7242 7240 7241
f 7240 6972 7241
f 7240 6971 6972
f 6973 7243 6972
f 6972 7243 7241
f 6974 7243 6973
f 7245 7244 6978
f 6978 7244 6977
f 6978 6969 7237
f 7246 6978 7237
f 7245 6978 7246
f 7246 7237 7238
f 7247 7242 7241
f 7247 7241 7243
f 7247 7243 7248
f 7248 7243 6974
f 6979 7248 6974
f 7249 7248 6979
f 6979 6980 7249
f 7249 6980 7250
f 7251 6982 6983
f 7251 6983 7252
f 6983 7253 7252
f 6983 6984 7253
f 7254 6984 6985
f 7254 7253 6984
f 6985 6977 7244
f 6985 7244 7254
f 7255 7250 6980
f 7255 6980 6986
f 7256 6986 6987
f 7256 7255 6986
f 7258 7257 6988
f 7257 6987 6988
f 7257 7256 6987
f 7258 7259 7257
f 7260 6989 6990
f 7261 7260 6990
f 7261 6990 6982
f 7262 7261 6982
f 7251 7262 6982
f 7262 7251 7252
f 6991 7258 6988
f 7263 7259 7258
f 6991 7263 7258
f 6992 7263 6991
f 7265 7264 6994
f 7264 6992 6994
f 7264 7263 6992
f 7265 7266 7264
f 7267 6999 7000
f 7267 7000 7268
f 7000 7269 7268
f 7000 7001 7269
f 7270 7001 7002
f 7270 7269 7001
f 7272 7270 7271
f 7270 7003 7271
f 7270 7002 7003
f 7004 7271 7003
f 7274 7273 7007
f 7007 7273 7006
f 7007 6989 7260
f 7275 7007 7260
f 7274 7007 7275
f 7275 7260 7261
f 7008 7265 6994
f 7276 7266 7265
f 7008 7276 7265
f 7009 7276 7008
f 7277 7009 7010
f 7277 7276 7009
f 7279 7277 7278
f 7277 7011 7278
f 7277 7010 7011
f 6999 7267 7011
f 7267 7278 7011
f 7267 7280 7278
f 7267 7268 7281
f 7267 7281 7280
f 7282 7272 7271
f 7282 7271 7004
f 7012 7282 7004
f 7283 7282 7012
f 7285 7283 7284
f 7283 7013 7284
f 7283 7012 7013
f 7014 7284 7013
f 7286 7015 7016
f 7287 7286 7016
f 7006 7287 7016
f 7273 7287 7006
f 7288 7279 7278
f 7288 7278 7280
f 7288 7280 7289
f 7289 7280 7281
f 7290 7285 7284
f 7290 7284 7014
f 7017 7290 7014
f 7291 7290 7017
f 7017 7019 7291
f 7291 7019 7292
f 7293 7020 7286
f 7286 7020 7015
f 7286 7287 7294
f 7286 7294 7293
f 7021 7292 7019
f 7021 7295 7292
f 7296 7022 7293
f 7293 7022 7020
f 7293 7294 7297
f 7293 7297 7296
f 7021 7023 7298
f 7299 7021 7298
f 7295 7021 7299
f 7024 7298 7023
f 7301 7300 7296
f 7300 7022 7296
f 7300 7026 7022
f 7301 7296 7297
f 7302 7299 7298
f 7298 7024 7302
f 7024 7303 7302
f 7024 7027 7303
f 7300 7028 7026
f 7304 7028 7300
f 7027 7029 7305
f 7306 7027 7305
f 7303 7027 7306
f 7030 7305 7029
f 7304 7031 7028
f 7307 7031 7304
f 7308 7306 7305
f 7305 7030 7308
f 7030 7309 7308
f 7030 7032 7309
f 7307 7033 7031
f 7310 7033 7307
f 7032 7034 7311
f 7312 7032 7311
f 7309 7032 7312
f 7036 7311 7034
f 7314 7037 7313
f 7037 7310 7313
f 7037 7033 7310
f 7315 7314 7313
f 7316 7312 7311
f 7318 7316 7317
f 7317 7316 7038
f 7316 7311 7038
f 7311 7036 7038
f 7040 7317 7038
f 7314 7041 7037
f 7043 7041 7314
f 7315 7043 7314
f 7319 7043 7315
f 7318 7317 7045
f 7046 7318 7045
f 7320 7318 7046
f 7045 7317 7040
f 7322 7048 7321
f 7048 7319 7321
f 7048 7043 7319
f 7323 7322 7321
f 7046 7049 7324
f 7325 7046 7324
f 7320 7046 7325
f 7051 7324 7049
f 7326 7053 7322
f 7322 7053 7048
f 7322 7323 7327
f 7328 7322 7327
f 7326 7322 7328
f 7329 7328 7327
f 7330 7325 7324
f 7332 7330 7331
f 7331 7330 7054
f 7330 7324 7054
f 7324 7051 7054
f 7056 7331 7054
f 7326 7058 7053
f 7058 7326 7059
f 7326 7333 7059
f 7326 7328 7333
f 7328 7329 7334
f 7335 7328 7334
f 7333 7328 7335
f 7336 7335 7334
f 7337 7332 7331
f 7339 7337 7338
f 7338 7337 7060
f 7337 7331 7060
f 7331 7056 7060
f 7061 7338 7060
f 7333 7063 7059
f 7063 7333 7065
f 7333 7340 7065
f 7333 7335 7340
f 7335 7336 7341
f 7335 7341 7340
f 7342 7339 7338
f 7344 7342 7343
f 7343 7342 7066
f 7342 7338 7066
f 7338 7061 7066
f 7067 7343 7066
f 7340 7069 7065
f 7346 7345 7070
f 7346 7070 7069
f 7341 7346 7069
f 7340 7341 7069
f 7348 7347 7345
f 7348 7345 7346
f 7349 7347 7348
f 7350 7344 7343
f 7343 7067 7350
f 7067 7351 7350
f 7067 7072 7351
f 7352 7073 7345
f 7345 7073 7070
f 7353 7345 7347
f 7352 7345 7353
f 7347 7349 7354
f 7347 7354 7353
f 7075 7351 7072
f 7075 7355 7351
f 7352 7076 7073
f 7076 7352 7078
f 7078 7352 7353
f 7079 7078 7353
f 7354 7079 7353
f 7356 7079 7354
f 7357 7355 7075
f 7357 7075 7080
f 7080 7082 7357
f 7357 7082 7358
f 7356 7083 7079
f 7359 7083 7356
f 7082 7084 7360
f 7361 7082 7360
f 7358 7082 7361
f 7086 7360 7084
f 7359 7087 7083
f 7362 7087 7359
f 7361 7360 7363
f 7361 7363 7364
f 7088 7363 7086
f 7086 7363 7360
f 7362 7090 7087
f 7365 7090 7362
f 7366 7364 7363
f 7363 7088 7366
f 7088 7367 7366
f 7088 7092 7367
f 7365 7094 7090
f 7368 7094 7365
f 7096 7367 7092
f 7096 7369 7367
f 7371 7098 7370
f 7098 7368 7370
f 7098 7094 7368
f 7372 7371 7370
f 7100 7369 7096
f 7100 7373 7369
f 7371 7102 7098
f 7103 7102 7371
f 7372 7103 7371
f 7374 7103 7372
f 7100 7104 7375
f 7376 7100 7375
f 7373 7100 7376
f 7105 7375 7104
f 7374 7106 7103
f 7377 7106 7374
f 7378 7376 7375
f 7375 7105 7378
f 7105 7379 7378
f 7105 7107 7379
f 7377 7108 7106
f 7380 7108 7377
f 7109 7379 7107
f 7109 7381 7379
f 7380 7111 7108
f 7382 7111 7380
f 7383 7381 7109
f 7383 7109 7112
f 7112 7114 7383
f 7383 7114 7384
f 7382 7116 7111
f 7385 7116 7382
f 7388 7387 7386
f 7387 7384 7386
f 7384 7118 7386
f 7384 7114 7118
f 7385 7389 7116
f 7116 7389 7119
f 7121 7119 7389
f 7121 7389 7390
f 7388 7386 7391
f 7388 7391 7392
f 7123 7391 7118
f 7118 7391 7386
f 7124 7121 7393
f 7121 7394 7393
f 7121 7390 7394
f 7393 7126 7124
f 7392 7391 7395
f 7392 7395 7396
f 7127 7395 7123
f 7123 7395 7391
f 7394 7397 7393
f 7397 7399 7398
f 7397 7398 7128
f 7393 7397 7128
f 7126 7393 7128
f 7398 7129 7128
f 7396 7395 7400
f 7396 7400 7401
f 7130 7400 7127
f 7127 7400 7395
f 7399 7402 7398
f 7402 7404 7403
f 7402 7403 7131
f 7398 7402 7131
f 7129 7398 7131
f 7403 7132 7131
f 7401 7400 7134
f 7135 7401 7134
f 7405 7401 7135
f 7134 7400 7130
f 7403 7404 7406
f 7406 7404 7407
f 7408 7136 7132
f 7403 7408 7132
f 7406 7408 7403
f 7408 7137 7136
f 7138 7405 7135
f 7138 7409 7405
f 7407 7410 7406
f 7406 7410 7408
f 7408 7410 7411
f 7408 7411 7137
f 7411 7139 7137
f 7411 7412 7139
f 7412 7414 7413
f 7141 7412 7413
f 7139 7412 7141
f 7413 7142 7141
f 7416 7415 7144
f 7416 7144 7145
f 7138 7144 7409
f 7409 7144 7415
f 7414 7417 7413
f 7142 7413 7417
f 7418 7142 7417
f 7146 7142 7418
f 7149 7419 7148
f 7419 7420 7148
f 7420 7145 7148
f 7420 7416 7145
f 7418 7150 7146
f 7421 7150 7418
f 7152 7422 7419
f 7152 7419 7149
f 7420 7419 7423
f 7423 7419 7422
f 7421 7424 7150
f 7150 7424 7153
f 7154 7153 7424
f 7154 7424 7425
f 7428 7427 7426
f 7430 7429 7426
f 7430 7426 7427
f 7430 7431 7422
f 7155 7430 7422
f 7152 7155 7422
f 7429 7430 7155
f 7422 7431 7423
f 7156 7154 7432
f 7154 7433 7432
f 7154 7425 7433
f 7432 7157 7156
f 7428 7426 7159
f 7160 7428 7159
f 7434 7428 7160
f 7159 7426 7161
f 7161 7426 7429
f 7161 7429 7155
f 7433 7435 7432
f 7432 7435 7157
f 7435 7162 7157
f 7435 7436 7162
f 7162 7437 7164
f 7436 7437 7162
f 7165 7164 7437
f 7165 7437 7438
f 7441 7440 7439
f 7166 7167 7439
f 7440 7166 7439
f 7442 7166 7440
f 7160 7166 7434
f 7434 7166 7442
f 7438 7443 7165
f 7165 7443 7168
f 7168 7444 7170
f 7443 7444 7168
f 7171 7170 7444
f 7171 7444 7445
f 7448 7447 7446
f 7449 7446 7447
f 7175 7450 7176
f 7450 7178 7176
f 7441 7439 7451
f 7441 7451 7452
f 7179 7453 7167
f 7453 7439 7167
f 7453 7451 7439
f 7180 7453 7179
f 7445 7454 7171
f 7171 7454 7181
f 7446 7182 7448
f 7182 7454 7448
f 7182 7181 7454
f 7449 7455 7446
f 7455 7182 7446
f 7455 7183 7182
f 7183 7456 7184
f 7455 7456 7183
f 7184 7457 7185
f 7456 7457 7184
f 7185 7458 7186
f 7457 7458 7185
f 7175 7186 7450
f 7186 7459 7450
f 7186 7458 7459
f 7450 7459 7178
f 7459 7187 7178
f 7459 7460 7187
f 7188 7187 7460
f 7188 7460 7461
f 7452 7451 7189
f 7190 7452 7189
f 7462 7452 7190
f 7189 7451 7191
f 7191 7451 7453
f 7191 7453 7180
f 7461 7463 7188
f 7188 7463 7192
f 7193 7192 7463
f 7193 7463 7464
f 7194 7462 7190
f 7194 7465 7462
f 7467 7195 7466
f 7195 7464 7466
f 7195 7193 7464
f 7468 7467 7466
f 7196 7465 7194
f 7196 7469 7465
f 7472 7471 7470
f 7470 7473 7472
f 7474 7197 7467
f 7467 7197 7195
f 7467 7468 7475
f 7467 7475 7474
f 7198 7469 7196
f 7198 7476 7469
f 7477 7200 7201
f 7477 7201 7478
f 7201 7479 7478
f 7201 7202 7479
f 7480 7202 7203
f 7480 7479 7202
f 7204 7470 7471
f 7480 7204 7471
f 7203 7204 7480
f 7481 7473 7470
f 7204 7481 7470
f 7205 7481 7204
f 7481 7205 7197
f 7482 7481 7197
f 7474 7482 7197
f 7481 7482 7483
f 7474 7475 7484
f 7485 7474 7484
f 7482 7474 7485
f 7487 7486 7485
f 7487 7485 7484
f 7487 7476 7486
f 7476 7206 7486
f 7476 7198 7206
f 7489 7488 7477
f 7488 7200 7477
f 7488 7207 7200
f 7489 7477 7478
f 7490 7483 7482
f 7490 7482 7485
f 7490 7485 7491
f 7493 7492 7491
f 7485 7493 7491
f 7486 7493 7485
f 7208 7493 7206
f 7206 7493 7486
f 7494 7209 7210
f 7495 7494 7210
f 7207 7495 7210
f 7488 7495 7207
f 7492 7493 7496
f 7492 7496 7497
f 7211 7496 7208
f 7208 7496 7493
f 7498 7212 7494
f 7494 7212 7209
f 7494 7495 7499
f 7494 7499 7498
f 7497 7496 7500
f 7497 7500 7501
f 7213 7500 7211
f 7211 7500 7496
f 7498 7214 7212
f 7503 7502 7215
f 7503 7215 7214
f 7499 7503 7214
f 7498 7499 7214
f 7504 7502 7503
f 7501 7500 7505
f 7501 7505 7506
f 7216 7505 7213
f 7213 7505 7500
f 7502 7217 7215
f 7508 7507 7219
f 7508 7219 7217
f 7504 7508 7217
f 7502 7504 7217
f 7509 7507 7508
f 7506 7505 7220
f 7221 7506 7220
f 7510 7506 7221
f 7220 7505 7216
f 7507 7222 7219
f 7512 7511 7223
f 7512 7223 7222
f 7509 7512 7222
f 7507 7509 7222
f 7513 7511 7512
f 7224 7510 7221
f 7224 7514 7510
f 7511 7225 7223
f 7513 7515 7511
f 7515 7225 7511
f 7515 7226 7225
f 7227 7226 7515
f 7227 7515 7516
f 7518 7517 7229
f 7518 7229 7230
f 7224 7229 7514
f 7514 7229 7517
f 7516 7519 7227
f 7227 7519 7231
f 7231 7520 7234
f 7519 7520 7231
f 7230 7234 7518
f 7518 7234 7520
f 7522 7521 7239
f 7239 7521 7238
f 7523 7239 7240
f 7523 7522 7239
f 7525 7524 7242
f 7524 7240 7242
f 7524 7523 7240
f 7527 7526 7525
f 7525 7526 7524
f 7527 7528 7526
f 7530 7529 7245
f 7245 7529 7244
f 7531 7245 7246
f 7531 7530 7245
f 7246 7238 7521
f 7246 7521 7531
f 7247 7525 7242
f 7525 7247 7248
f 7525 7248 7527
f 7532 7528 7527
f 7248 7532 7527
f 7249 7532 7248
f 7534 7533 7250
f 7533 7249 7250
f 7533 7532 7249
f 7534 7535 7533
f 7536 7252 7253
f 7536 7253 7537
f 7253 7538 7537
f 7253 7254 7538
f 7254 7244 7529
f 7254 7529 7538
f 7255 7534 7250
f 7539 7535 7534
f 7255 7539 7534
f 7256 7539 7255
f 7540 7256 7257
f 7540 7539 7256
f 7542 7541 7259
f 7541 7257 7259
f 7541 7540 7257
f 7542 7543 7541
f 7546 7545 7544
f 7544 7261 7546
f 7261 7262 7546
f 7548 7547 7546
f 7548 7546 7262
f 7549 7548 7262
f 7549 7262 7252
f 7550 7549 7252
f 7536 7550 7252
f 7550 7536 7537
f 7263 7542 7259
f 7551 7543 7542
f 7263 7551 7542
f 7264 7551 7263
f 7553 7552 7266
f 7552 7264 7266
f 7552 7551 7264
f 7553 7554 7552
f 7555 7268 7269
f 7270 7556 7269
f 7269 7556 7555
f 7272 7556 7270
f 7558 7557 7274
f 7274 7557 7273
f 7275 7544 7545
f 7558 7275 7545
f 7274 7275 7558
f 7548 7559 7547
f 7261 7544 7275
f 7559 7548 7549
f 7276 7553 7266
f 7560 7554 7553
f 7276 7560 7553
f 7277 7560 7276
f 7562 7561 7279
f 7561 7277 7279
f 7561 7560 7277
f 7562 7563 7561
f 7564 7281 7555
f 7555 7281 7268
f 7565 7555 7556
f 7564 7555 7565
f 7282 7566 7272
f 7566 7556 7272
f 7566 7565 7556
f 7283 7567 7282
f 7282 7567 7566
f 7285 7567 7283
f 7557 7287 7273
f 7568 7287 7557
f 7288 7562 7279
f 7288 7289 7562
f 7289 7569 7562
f 7569 7563 7562
f 7289 7570 7569
f 7281 7564 7289
f 7564 7570 7289
f 7564 7571 7570
f 7565 7573 7572
f 7571 7565 7572
f 7564 7565 7571
f 7573 7565 7566
f 7573 7566 7574
f 7576 7575 7574
f 7566 7576 7574
f 7567 7576 7566
f 7290 7577 7285
f 7577 7567 7285
f 7577 7576 7567
f 7291 7578 7290
f 7290 7578 7577
f 7292 7578 7291
f 7568 7294 7287
f 7579 7294 7568
f 7580 7569 7570
f 7580 7570 7571
f 7580 7571 7581
f 7581 7571 7572
f 7582 7575 7576
f 7584 7583 7582
f 7576 7584 7582
f 7577 7584 7576
f 7585 7577 7578
f 7584 7577 7585
f 7295 7585 7292
f 7292 7585 7578
f 7579 7297 7294
f 7586 7297 7579
f 7587 7583 7584
f 7589 7588 7587
f 7584 7589 7587
f 7585 7589 7584
f 7299 7589 7295
f 7295 7589 7585
f 7590 7300 7301
f 7591 7590 7301
f 7297 7591 7301
f 7586 7591 7297
f 7592 7588 7589
f 7594 7592 7593
f 7593 7592 7302
f 7592 7589 7302
f 7589 7299 7302
f 7303 7593 7302
f 7595 7304 7590
f 7590 7304 7300
f 7590 7591 7596
f 7590 7596 7595
f 7594 7593 7597
f 7594 7597 7598
f 7306 7597 7303
f 7303 7597 7593
f 7599 7307 7595
f 7595 7307 7304
f 7595 7596 7600
f 7595 7600 7599
f 7601 7598 7597
f 7603 7601 7602
f 7602 7601 7308
f 7601 7597 7308
f 7597 7306 7308
f 7309 7602 7308
f 7604 7310 7599
f 7599 7310 7307
f 7599 7600 7605
f 7599 7605 7604
f 7606 7603 7602
f 7602 7309 7606
f 7309 7607 7606
f 7309 7312 7607
f 7604 7313 7310
f 7609 7608 7315
f 7609 7315 7313
f 7605 7609 7313
f 7604 7605 7313
f 7610 7608 7609
f 7312 7316 7611
f 7612 7312 7611
f 7607 7312 7612
f 7318 7611 7316
f 7613 7319 7608
f 7608 7319 7315
f 7608 7610 7614
f 7608 7614 7613
f 7612 7611 7615
f 7612 7615 7616
f 7320 7615 7318
f 7318 7615 7611
f 7613 7321 7319
f 7618 7617 7323
f 7618 7323 7321
f 7614 7618 7321
f 7613 7614 7321
f 7619 7617 7618
f 7620 7616 7615
f 7615 7320 7620
f 7320 7621 7620
f 7320 7325 7621
f 7617 7327 7323
f 7623 7622 7329
f 7623 7329 7327
f 7619 7623 7327
f 7617 7619 7327
f 7624 7622 7623
f 7325 7330 7625
f 7626 7325 7625
f 7621 7325 7626
f 7332 7625 7330
f 7622 7334 7329
f 7628 7627 7336
f 7628 7336 7334
f 7624 7628 7334
f 7622 7624 7334
f 7630 7629 7627
f 7630 7627 7628
f 7631 7629 7630
f 7632 7626 7625
f 7634 7632 7633
f 7633 7632 7337
f 7632 7625 7337
f 7625 7332 7337
f 7339 7633 7337
f 7635 7341 7627
f 7627 7341 7336
f 7636 7627 7629
f 7635 7627 7636
f 7629 7631 7637
f 7629 7637 7636
f 7638 7634 7633
f 7640 7638 7639
f 7639 7638 7342
f 7638 7633 7342
f 7633 7339 7342
f 7344 7639 7342
f 7635 7346 7341
f 7346 7635 7348
f 7348 7635 7636
f 7349 7348 7636
f 7637 7349 7636
f 7641 7349 7637
f 7642 7640 7639
f 7642 7639 7344
f 7350 7642 7344
f 7643 7642 7350
f 7350 7351 7643
f 7643 7351 7644
f 7641 7354 7349
f 7645 7354 7641
f 7355 7644 7351
f 7355 7646 7644
f 7645 7356 7354
f 7647 7356 7645
f 7648 7646 7355
f 7648 7355 7357
f 7357 7358 7648
f 7648 7358 7649
f 7651 7359 7650
f 7359 7647 7650
f 7359 7356 7647
f 7652 7651 7650
f 7361 7649 7358
f 7361 7653 7649
f 7654 7362 7651
f 7651 7362 7359
f 7651 7652 7655
f 7651 7655 7654
f 7364 7653 7361
f 7364 7656 7653
f 7657 7365 7654
f 7654 7365 7362
f 7654 7655 7658
f 7654 7658 7657
f 7364 7366 7659
f 7660 7364 7659
f 7656 7364 7660
f 7367 7659 7366
f 7661 7368 7657
f 7657 7368 7365
f 7657 7658 7662
f 7657 7662 7661
f 7660 7659 7663
f 7660 7663 7664
f 7369 7663 7367
f 7367 7663 7659
f 7661 7370 7368
f 7372 7370 7661
f 7662 7372 7661
f 7665 7372 7662
f 7666 7664 7663
f 7663 7369 7666
f 7369 7667 7666
f 7369 7373 7667
f 7665 7374 7372
f 7668 7374 7665
f 7376 7667 7373
f 7376 7669 7667
f 7668 7377 7374
f 7670 7377 7668
f 7376 7378 7671
f 7672 7376 7671
f 7669 7376 7672
f 7379 7671 7378
f 7670 7380 7377
f 7673 7380 7670
f 7674 7672 7671
f 7671 7379 7674
f 7379 7675 7674
f 7379 7381 7675
f 7673 7382 7380
f 7676 7382 7673
f 7381 7383 7677
f 7678 7381 7677
f 7675 7381 7678
f 7384 7677 7383
f 7680 7385 7679
f 7385 7676 7679
f 7385 7382 7676
f 7681 7680 7679
f 7678 7677 7387
f 7388 7678 7387
f 7682 7678 7388
f 7387 7677 7384
f 7680 7389 7385
f 7390 7389 7680
f 7681 7390 7680
f 7683 7390 7681
f 7392 7682 7388
f 7392 7684 7682
f 7683 7394 7390
f 7685 7394 7683
f 7396 7684 7392
f 7396 7686 7684
f 7685 7687 7394
f 7394 7687 7397
f 7399 7397 7687
f 7399 7687 7688
f 7401 7686 7396
f 7401 7689 7686
f 7688 7690 7399
f 7399 7690 7402
f 7404 7402 7690
f 7404 7690 7691
f 7405 7689 7401
f 7405 7692 7689
f 7694 7407 7693
f 7407 7691 7693
f 7407 7404 7691
f 7695 7694 7693
f 7409 7692 7405
f 7409 7696 7692
f 7694 7410 7407
f 7695 7697 7694
f 7697 7410 7694
f 7697 7411 7410
f 7697 7699 7698
f 7412 7697 7698
f 7411 7697 7412
f 7698 7414 7412
f 7702 7701 7700
f 7415 7416 7700
f 7701 7415 7700
f 7703 7415 7701
f 7409 7415 7696
f 7696 7415 7703
f 7699 7704 7698
f 7704 7706 7705
f 7704 7705 7417
f 7698 7704 7417
f 7414 7698 7417
f 7705 7418 7417
f 7702 7700 7707
f 7702 7707 7708
f 7420 7707 7416
f 7416 7707 7700
f 7706 7709 7705
f 7418 7705 7709
f 7710 7418 7709
f 7421 7418 7710
f 7713 7712 7711
f 7715 7714 7711
f 7715 7711 7712
f 7714 7715 7708
f 7707 7714 7708
f 7716 7714 7707
f 7423 7716 7420
f 7420 7716 7707
f 7710 7717 7421
f 7421 7717 7424
f 7425 7424 7717
f 7425 7717 7718
f 7713 7711 7427
f 7428 7713 7427
f 7719 7713 7428
f 7427 7711 7430
f 7430 7711 7714
f 7430 7714 7431
f 7431 7714 7716
f 7431 7716 7423
f 7718 7433 7425
f 7720 7433 7718
f 7434 7719 7428
f 7434 7721 7719
f 7720 7722 7433
f 7433 7722 7435
f 7722 7724 7723
f 7436 7722 7723
f 7435 7722 7436
f 7725 7437 7436
f 7725 7436 7723
f 7725 7438 7437
f 7441 7726 7440
f 7440 7726 7727
f 7728 7440 7727
f 7442 7440 7728
f 7434 7442 7721
f 7721 7442 7728
f 7724 7729 7723
f 7731 7730 7729
f 7730 7723 7729
f 7730 7725 7723
f 7732 7443 7438
f 7725 7732 7438
f 7730 7732 7725
f 7733 7444 7443
f 7733 7443 7732
f 7733 7445 7444
f 7448 7734 7447
f 7734 7449 7447
f 7452 7735 7726
f 7452 7726 7441
f 7727 7726 7736
f 7736 7726 7735
f 7731 7737 7730
f 7730 7737 7732
f 7732 7737 7738
f 7732 7738 7733
f 7733 7738 7739
f 7733 7739 7445
f 7739 7454 7445
f 7739 7740 7454
f 7454 7740 7448
f 7740 7741 7448
f 7741 7734 7448
f 7741 7740 7742
f 7743 7455 7449
f 7734 7743 7449
f 7741 7743 7734
f 7744 7456 7455
f 7744 7455 7743
f 7745 7457 7456
f 7745 7456 7744
f 7746 7458 7457
f 7746 7457 7745
f 7747 7459 7458
f 7747 7458 7746
f 7748 7460 7459
f 7748 7459 7747
f 7748 7461 7460
f 7750 7749 7735
f 7452 7750 7735
f 7462 7750 7452
f 7735 7749 7736
f 7742 7751 7741
f 7741 7751 7743
f 7743 7751 7752
f 7743 7752 7744
f 7744 7752 7753
f 7744 7753 7745
f 7745 7753 7754
f 7745 7754 7746
f 7746 7754 7755
f 7746 7755 7747
f 7747 7755 7756
f 7747 7756 7748
f 7748 7756 7757
f 7757 7759 7758
f 7757 7758 7463
f 7748 7757 7463
f 7461 7748 7463
f 7758 7464 7463
f 7465 7750 7462
f 7465 7760 7750
f 7759 7761 7758
f 7758 7761 7464
f 7761 7466 7464
f 7761 7762 7466
f 7468 7466 7762
f 7468 7762 7763
f 7469 7760 7465
f 7469 7764 7760
f 7765 7471 7472
f 7473 7765 7472
f 7763 7475 7468
f 7766 7475 7763
f 7476 7764 7469
f 7476 7767 7764
f 7768 7478 7479
f 7768 7479 7769
f 7479 7770 7769
f 7479 7480 7770
f 7480 7471 7765
f 7771 7480 7765
f 7770 7480 7771
f 7771 7765 7473
f 7481 7771 7473
f 7772 7771 7481
f 7481 7483 7772
f 7772 7483 7773
f 7766 7774 7475
f 7475 7774 7484
f 7484 7775 7487
f 7774 7775 7484
f 7476 7487 7767
f 7767 7487 7775
f 7777 7776 7489
f 7489 7776 7488
f 7489 7478 7768
f 7778 7489 7768
f 7777 7489 7778
f 7778 7768 7769
f 7779 7773 7483
f 7779 7483 7490
f 7780 7490 7491
f 7780 7779 7490
f 7491 7492 7780
f 7780 7492 7781
f 7783 7495 7782
f 7495 7776 7782
f 7495 7488 7776
f 7784 7783 7782
f 7497 7781 7492
f 7497 7785 7781
f 7786 7499 7783
f 7783 7499 7495
f 7783 7784 7787
f 7783 7787 7786
f 7501 7785 7497
f 7501 7788 7785
f 7786 7503 7499
f 7504 7503 7786
f 7787 7504 7786
f 7789 7504 7787
f 7506 7788 7501
f 7506 7790 7788
f 7789 7791 7504
f 7504 7791 7508
f 7793 7792 7509
f 7508 7793 7509
f 7791 7793 7508
f 7794 7792 7793
f 7510 7796 7795
f 7790 7510 7795
f 7506 7510 7790
f 7796 7797 7795
f 7792 7512 7509
f 7799 7798 7513
f 7799 7513 7512
f 7794 7799 7512
f 7792 7794 7512
f 7800 7798 7799
f 7802 7801 7796
f 7510 7802 7796
f 7514 7802 7510
f 7796 7801 7797
f 7798 7515 7513
f 7804 7803 7516
f 7804 7516 7515
f 7800 7804 7515
f 7798 7800 7515
f 7806 7805 7803
f 7806 7803 7804
f 7517 7518 7805
f 7806 7517 7805
f 7807 7517 7806
f 7514 7517 7802
f 7802 7517 7807
f 7803 7519 7516
f 7519 7803 7520
f 7520 7803 7805
f 7520 7805 7518
f 7809 7808 7522
f 7522 7808 7521
f 7810 7522 7523
f 7810 7809 7522
f 7811 7523 7524
f 7811 7810 7523
f 7812 7524 7526
f 7812 7811 7524
f 7814 7813 7528
f 7813 7526 7528
f 7813 7812 7526
f 7814 7815 7813
f 7817 7816 7530
f 7530 7816 7529
f 7818 7530 7531
f 7818 7817 7530
f 7531 7521 7808
f 7531 7808 7818
f 7532 7814 7528
f 7819 7815 7814
f 7532 7819 7814
f 7533 7819 7532
f 7821 7820 7535
f 7820 7533 7535
f 7820 7819 7533
f 7821 7822 7820
f 7825 7824 7823
f 7823 7826 7825
f 7828 7827 7538
f 7538 7827 7537
f 7538 7529 7816
f 7538 7816 7828
f 7539 7821 7535
f 7829 7822 7821
f 7539 7829 7821
f 7540 7829 7539
f 7830 7540 7541
f 7830 7829 7540
f 7541 7543 7830
f 7830 7543 7831
f 7823 7824 7546
f 7824 7545 7546
f 7824 7832 7545
f 7546 7547 7823
f 7547 7826 7823
f 7547 7833 7826
f 7835 7834 7550
f 7550 7834 7549
f 7550 7537 7827
f 7550 7827 7835
f 7836 7831 7543
f 7836 7543 7551
f 7837 7551 7552
f 7837 7836 7551
f 7839 7838 7554
f 7838 7552 7554
f 7838 7837 7552
f 7839 7840 7838
f 7841 7557 7558
f 7545 7832 7842
f 7841 7545 7842
f 7843 7841 7842
f 7558 7545 7841
f 7845 7844 7559
f 7843 7559 7844
f 7559 7843 7547
f 7842 7547 7843
f 7547 7842 7833
f 7559 7549 7834
f 7559 7834 7845
f 7560 7839 7554
f 7846 7840 7839
f 7560 7846 7839
f 7561 7846 7560
f 7561 7563 7846
f 7846 7563 7847
f 7848 7568 7841
f 7841 7568 7557
f 7849 7841 7843
f 7848 7841 7849
f 7843 7844 7850
f 7843 7850 7849
f 7569 7852 7851
f 7847 7569 7851
f 7563 7569 7847
f 7852 7853 7851
f 7854 7572 7573
f 7574 7855 7573
f 7573 7855 7854
f 7575 7855 7574
f 7857 7856 7848
f 7856 7568 7848
f 7856 7579 7568
f 7857 7848 7849
f 7857 7849 7858
f 7858 7849 7850
f 7580 7852 7569
f 7859 7853 7852
f 7580 7859 7852
f 7581 7859 7580
f 7859 7581 7572
f 7860 7859 7572
f 7854 7860 7572
f 7859 7860 7861
f 7862 7854 7855
f 7860 7854 7862
f 7582 7863 7575
f 7863 7855 7575
f 7863 7862 7855
f 7583 7863 7582
f 7856 7586 7579
f 7864 7586 7856
f 7865 7861 7860
f 7865 7860 7862
f 7865 7862 7866
f 7866 7862 7863
f 7866 7863 7867
f 7869 7867 7868
f 7868 7867 7587
f 7867 7863 7587
f 7863 7583 7587
f 7588 7868 7587
f 7864 7591 7586
f 7870 7591 7864
f 7871 7869 7868
f 7871 7868 7588
f 7592 7871 7588
f 7872 7871 7592
f 7592 7594 7872
f 7872 7594 7873
f 7870 7596 7591
f 7874 7596 7870
f 7598 7876 7875
f 7873 7598 7875
f 7594 7598 7873
f 7876 7877 7875
f 7874 7600 7596
f 7878 7600 7874
f 7601 7876 7598
f 7601 7603 7876
f 7603 7877 7876
f 7603 7879 7877
f 7878 7605 7600
f 7880 7605 7878
f 7881 7879 7603
f 7881 7603 7606
f 7606 7607 7881
f 7881 7607 7882
f 7880 7883 7605
f 7605 7883 7609
f 7885 7884 7610
f 7609 7885 7610
f 7883 7885 7609
f 7886 7884 7885
f 7612 7882 7607
f 7612 7887 7882
f 7888 7614 7884
f 7884 7614 7610
f 7884 7886 7889
f 7884 7889 7888
f 7616 7887 7612
f 7616 7890 7887
f 7888 7618 7614
f 7892 7891 7619
f 7892 7619 7618
f 7889 7892 7618
f 7888 7889 7618
f 7893 7891 7892
f 7616 7620 7894
f 7895 7616 7894
f 7890 7616 7895
f 7621 7894 7620
f 7891 7623 7619
f 7897 7896 7624
f 7897 7624 7623
f 7893 7897 7623
f 7891 7893 7623
f 7899 7898 7896
f 7899 7896 7897
f 7900 7898 7899
f 7901 7895 7894
f 7894 7621 7901
f 7621 7902 7901
f 7621 7626 7902
f 7896 7628 7624
f 7628 7896 7630
f 7630 7896 7898
f 7631 7630 7898
f 7900 7631 7898
f 7903 7631 7900
f 7626 7632 7904
f 7905 7626 7904
f 7902 7626 7905
f 7634 7904 7632
f 7907 7637 7906
f 7637 7903 7906
f 7637 7631 7903
f 7908 7907 7906
f 7905 7904 7909
f 7905 7909 7910
f 7638 7911 7634
f 7911 7904 7634
f 7911 7909 7904
f 7640 7911 7638
f 7912 7641 7907
f 7907 7641 7637
f 7907 7908 7913
f 7907 7913 7912
f 7914 7910 7909
f 7914 7909 7911
f 7914 7911 7915
f 7915 7911 7640
f 7642 7915 7640
f 7916 7915 7642
f 7918 7916 7917
f 7916 7643 7917
f 7916 7642 7643
f 7644 7917 7643
f 7919 7645 7912
f 7912 7645 7641
f 7912 7913 7920
f 7912 7920 7919
f 7921 7918 7917
f 7917 7644 7921
f 7644 7922 7921
f 7644 7646 7922
f 7923 7647 7919
f 7919 7647 7645
f 7919 7920 7924
f 7919 7924 7923
f 7925 7922 7646
f 7925 7646 7648
f 7648 7649 7925
f 7925 7649 7926
f 7923 7650 7647
f 7652 7650 7923
f 7924 7652 7923
f 7927 7652 7924
f 7930 7929 7928
f 7929 7926 7928
f 7926 7653 7928
f 7926 7649 7653
f 7927 7655 7652
f 7931 7655 7927
f 7932 7930 7928
f 7928 7653 7932
f 7653 7933 7932
f 7653 7656 7933
f 7931 7658 7655
f 7934 7658 7931
f 7660 7933 7656
f 7660 7935 7933
f 7934 7662 7658
f 7936 7662 7934
f 7664 7935 7660
f 7664 7937 7935
f 7939 7665 7938
f 7665 7936 7938
f 7665 7662 7936
f 7940 7939 7938
f 7941 7937 7664
f 7941 7664 7666
f 7666 7667 7941
f 7941 7667 7942
f 7944 7943 7939
f 7943 7665 7939
f 7943 7668 7665
f 7944 7939 7940
f 7669 7942 7667
f 7669 7945 7942
f 7943 7670 7668
f 7946 7670 7943
f 7672 7945 7669
f 7672 7947 7945
f 7946 7673 7670
f 7948 7673 7946
f 7949 7947 7672
f 7949 7672 7674
f 7674 7675 7949
f 7949 7675 7950
f 7948 7676 7673
f 7951 7676 7948
f 7678 7950 7675
f 7678 7952 7950
f 7951 7953 7676
f 7676 7953 7679
f 7681 7679 7953
f 7681 7953 7954
f 7682 7952 7678
f 7682 7955 7952
f 7954 7683 7681
f 7956 7683 7954
f 7684 7955 7682
f 7684 7957 7955
f 7959 7685 7958
f 7685 7956 7958
f 7685 7683 7956
f 7960 7959 7958
f 7686 7957 7684
f 7686 7961 7957
f 7959 7687 7685
f 7963 7962 7688
f 7963 7688 7687
f 7960 7963 7687
f 7959 7960 7687
f 7964 7962 7963
f 7689 7961 7686
f 7689 7965 7961
f 7962 7690 7688
f 7691 7690 7962
f 7964 7691 7962
f 7966 7691 7964
f 7969 7968 7967
f 7970 7967 7968
f 7692 7965 7689
f 7692 7971 7965
f 7966 7972 7691
f 7691 7972 7693
f 7695 7693 7972
f 7695 7972 7973
f 7969 7967 7974
f 7969 7974 7975
f 7967 7970 7976
f 7977 7967 7976
f 7974 7967 7977
f 7976 7971 7977
f 7971 7696 7977
f 7971 7692 7696
f 7973 7978 7695
f 7695 7978 7697
f 7699 7697 7978
f 7699 7978 7979
f 7982 7981 7980
f 7980 7981 7975
f 7980 7975 7974
f 7702 7980 7974
f 7701 7702 7974
f 7701 7974 7703
f 7703 7974 7977
f 7703 7977 7696
f 7979 7983 7699
f 7699 7983 7704
f 7706 7704 7983
f 7706 7983 7984
f 7982 7980 7985
f 7982 7985 7986
f 7708 7985 7702
f 7702 7985 7980
f 7709 7706 7987
f 7706 7988 7987
f 7706 7984 7988
f 7987 7710 7709
f 7990 7989 7712
f 7990 7712 7713
f 7985 7715 7986
f 7715 7989 7986
f 7715 7712 7989
f 7715 7985 7708
f 7988 7991 7987
f 7991 7993 7992
f 7991 7992 7717
f 7987 7991 7717
f 7710 7987 7717
f 7992 7718 7717
f 7996 7995 7994
f 7995 7990 7994
f 7990 7719 7994
f 7990 7713 7719
f 7993 7997 7992
f 7718 7992 7997
f 7998 7718 7997
f 7720 7718 7998
f 7996 7994 7999
f 7996 7999 8000
f 7721 7999 7719
f 7719 7999 7994
f 7998 8001 7720
f 7720 8001 7722
f 7724 7722 8001
f 7724 8001 8002
f 8000 7999 7728
f 7727 8000 7728
f 8003 8000 7727
f 7728 7999 7721
f 8002 8004 7724
f 7724 8004 7729
f 8006 8005 7731
f 7729 8006 7731
f 8004 8006 7729
f 8007 8005 8006
f 8010 8009 8008
f 8009 8003 8008
f 8003 7736 8008
f 8003 7727 7736
f 8005 7737 7731
f 8007 8011 8005
f 8011 7737 8005
f 8011 7738 7737
f 7738 8012 7739
f 8011 8012 7738
f 7739 8013 7740
f 8012 8013 7739
f 7742 7740 8013
f 7742 8013 8014
f 8017 8016 8015
f 8019 8018 8015
f 8019 8015 8016
f 8021 8020 8018
f 8021 8018 8019
f 8022 8020 8021
f 8010 8008 7749
f 7750 8010 7749
f 8023 8010 7750
f 7749 8008 7736
f 8014 8024 7742
f 7742 8024 7751
f 7751 8025 7752
f 8024 8025 7751
f 8015 7753 8017
f 7753 8025 8017
f 7753 7752 8025
f 7753 8015 7754
f 7754 8015 8018
f 7754 8018 7755
f 7755 8018 8020
f 8022 8026 8020
f 8026 7755 8020
f 8026 7756 7755
f 7756 8027 7757
f 8026 8027 7756
f 7759 7757 8027
f 7759 8027 8028
f 7760 8023 7750
f 7760 8029 8023
f 8028 8030 7759
f 7759 8030 7761
f 7761 8031 7762
f 8030 8031 7761
f 7763 7762 8031
f 7763 8031 8032
f 7764 8029 7760
f 7764 8033 8029
f 8035 7766 8034
f 7766 8032 8034
f 7766 7763 8032
f 8037 8036 8035
f 8037 8035 8034
f 8037 8033 8036
f 8033 7767 8036
f 8033 7764 7767
f 8038 7769 7770
f 7771 8039 7770
f 7770 8039 8038
f 7772 8040 7771
f 7771 8040 8039
f 7773 8040 7772
f 8035 7774 7766
f 7774 8035 7775
f 7775 8035 8036
f 7775 8036 7767
f 8041 7776 7777
f 7778 8042 7777
f 7777 8042 8041
f 7769 8038 7778
f 8038 8042 7778
f 8038 8043 8042
f 8044 8038 8039
f 8043 8038 8044
f 8045 8039 8040
f 8044 8039 8045
f 7779 8046 7773
f 8046 8040 7773
f 8046 8045 8040
f 7780 8047 7779
f 7779 8047 8046
f 7781 8047 7780
f 8041 7782 7776
f 7782 8041 7784
f 8041 8048 7784
f 8041 8042 8048
f 8043 8050 8049
f 8048 8043 8049
f 8042 8043 8048
f 8050 8043 8044
f 8050 8044 8051
f 8051 8044 8045
f 8051 8045 8052
f 8054 8053 8052
f 8045 8054 8052
f 8046 8054 8045
f 8055 8046 8047
f 8054 8046 8055
f 7785 8055 7781
f 7781 8055 8047
f 8056 7787 8048
f 8048 7787 7784
f 8048 8049 8057
f 8048 8057 8056
f 8053 8054 8058
f 8053 8058 8059
f 8055 8061 8060
f 8058 8055 8060
f 8054 8055 8058
f 8055 7785 8061
f 7785 8062 8061
f 7785 7788 8062
f 8063 7789 8056
f 8056 7789 7787
f 8056 8057 8064
f 8056 8064 8063
f 8067 8066 8065
f 8065 8066 8059
f 8058 8065 8059
f 8068 8065 8058
f 8058 8060 8069
f 8070 8058 8069
f 8068 8058 8070
f 8069 8062 8070
f 8062 7790 8070
f 8062 7788 7790
f 8063 7791 7789
f 8064 8071 8063
f 8071 7791 8063
f 8071 7793 7791
f 8073 8072 7794
f 7793 8073 7794
f 8071 8073 7793
f 8072 8073 8067
f 8065 8072 8067
f 8074 8072 8065
f 8075 8065 8068
f 8074 8065 8075
f 8076 8068 8070
f 8075 8068 8076
f 7795 8077 7790
f 8077 8070 7790
f 8077 8076 8070
f 7797 8077 7795
f 8072 7799 7794
f 8072 8074 8078
f 7800 8072 8078
f 8079 7800 8078
f 8072 7800 7799
f 8078 8074 8075
f 8078 8075 8080
f 8080 8075 8076
f 8080 8076 8081
f 8081 8083 8082
f 8083 8081 7802
f 8076 7802 8081
f 7802 8076 7801
f 8077 7801 8076
f 8077 7797 7801
f 8084 8082 8083
f 8079 8085 7800
f 7800 8085 7804
f 7804 8086 7806
f 8085 8086 7804
f 7806 8087 7807
f 8086 8087 7806
f 7802 7807 8083
f 7807 8088 8083
f 7807 8087 8088
f 8083 8088 8084
f 8089 7808 7809
f 7810 8090 7809
f 7809 8090 8089
f 7811 8091 7810
f 7810 8091 8090
f 7812 8092 7811
f 7811 8092 8091
f 7813 8093 7812
f 7812 8093 8092
f 7815 8093 7813
f 8094 7816 7817
f 7818 8095 7817
f 7817 8095 8094
f 8096 8095 7818
f 8096 7818 7808
f 8097 8096 7808
f 8089 8097 7808
f 8097 8089 8090
f 8097 8090 8098
f 8098 8090 8091
f 8098 8091 8099
f 8099 8091 8092
f 8099 8092 8100
f 8100 8092 8093
f 8100 8093 8101
f 8103 8101 8102
f 8102 8101 7819
f 8101 8093 7819
f 8093 7815 7819
f 7820 8104 7819
f 7819 8104 8102
f 7822 8104 7820
f 8105 7824 7825
f 7826 8105 7825
f 8107 8106 7828
f 7828 8106 7827
f 7828 7816 8094
f 8108 7828 8094
f 8107 7828 8108
f 8108 8094 8095
f 8108 8095 8109
f 8109 8095 8096
f 8110 8103 8102
f 8110 8102 8104
f 8110 8104 8111
f 8111 8104 7822
f 7829 8111 7822
f 8112 8111 7829
f 8113 7829 7830
f 8113 8112 7829
f 8115 8114 7831
f 8114 7830 7831
f 8114 8113 7830
f 8115 8116 8114
f 8117 7832 8105
f 8105 7832 7824
f 7833 8117 7826
f 7826 8117 8105
f 8118 7834 7835
f 8119 8118 7835
f 7827 8119 7835
f 8106 8119 7827
f 7836 8115 7831
f 8120 8116 8115
f 7836 8120 8115
f 7837 8120 7836
f 8121 7837 7838
f 8121 8120 7837
f 7838 7840 8121
f 8121 7840 8122
f 8117 7842 7832
f 7842 8117 7833
f 8123 7844 7845
f 8124 8123 7845
f 8124 7845 7834
f 8125 8124 7834
f 8118 8125 7834
f 8125 8118 8119
f 8126 8122 7840
f 8126 7840 7846
f 8128 8127 7847
f 8127 7846 7847
f 8127 8126 7846
f 8128 8129 8127
f 8131 8130 8123
f 8130 7844 8123
f 8130 7850 7844
f 8131 8123 8124
f 7851 8128 7847
f 8133 8132 7853
f 7853 8132 7851
f 8132 8129 7851
f 8129 8128 7851
f 8133 8134 8132
f 8135 7856 7857
f 7858 8136 7857
f 7857 8136 8135
f 8137 8136 7858
f 7850 8137 7858
f 8130 8137 7850
f 7859 8133 7853
f 7859 7861 8133
f 7861 8134 8133
f 7861 8138 8134
f 8139 7864 8135
f 8135 7864 7856
f 8140 8135 8136
f 8139 8135 8140
f 8136 8137 8141
f 8136 8141 8140
f 7861 7865 8142
f 8143 7861 8142
f 8138 7861 8143
f 7866 8144 7865
f 7865 8144 8142
f 7867 8145 7866
f 7866 8145 8144
f 7869 8145 7867
f 8146 7870 8139
f 8139 7870 7864
f 8147 8139 8140
f 8146 8139 8147
f 8140 8141 8148
f 8140 8148 8147
f 8143 8142 8149
f 8143 8149 8150
f 8144 8152 8151
f 8149 8144 8151
f 8142 8144 8149
f 8152 8144 8145
f 8152 8145 8153
f 8153 8145 7869
f 7871 8153 7869
f 8154 8153 7871
f 8156 8154 8155
f 8154 7872 8155
f 8154 7871 7872
f 7873 8155 7872
f 8157 7874 8146
f 8146 7874 7870
f 8147 8159 8158
f 8157 8147 8158
f 8146 8147 8157
f 8159 8147 8148
f 8160 8150 8149
f 8160 8149 8151
f 8161 8156 8155
f 8161 8155 7873
f 7875 8161 7873
f 8162 8161 7875
f 7875 7877 8162
f 8162 7877 8163
f 8164 7878 8157
f 8157 7878 7874
f 8157 8158 8165
f 8157 8165 8164
f 7879 8163 7877
f 7879 8166 8163
f 8167 7880 8164
f 8164 7880 7878
f 8164 8165 8168
f 8169 8164 8168
f 8167 8164 8169
f 8170 8169 8168
f 8171 8166 7879
f 8171 7879 7881
f 7881 7882 8171
f 8171 7882 8172
f 8167 7883 7880
f 7883 8167 7885
f 7885 8167 8169
f 7886 7885 8169
f 8170 7886 8169
f 8173 7886 8170
f 7887 8172 7882
f 7887 8174 8172
f 8173 7889 7886
f 8175 7889 8173
f 7890 8174 7887
f 7890 8176 8174
f 8175 8177 7889
f 7889 8177 7892
f 8179 8178 7893
f 7892 8179 7893
f 8177 8179 7892
f 8180 8178 8179
f 7895 8176 7890
f 7895 8181 8176
f 8178 7897 7893
f 8180 8182 8178
f 8182 7897 8178
f 8182 7899 7897
f 7900 7899 8182
f 7900 8182 8183
f 7895 7901 8184
f 8185 7895 8184
f 8181 7895 8185
f 7902 8184 7901
f 8187 7903 8186
f 7903 8183 8186
f 7903 7900 8183
f 8188 8187 8186
f 8189 8185 8184
f 8184 7902 8189
f 7902 8190 8189
f 7902 7905 8190
f 8187 7906 7903
f 7908 7906 8187
f 8188 7908 8187
f 8191 7908 8188
f 7910 8190 7905
f 7910 8192 8190
f 8191 7913 7908
f 8193 7913 8191
f 8194 8192 7910
f 8194 7910 7914
f 8196 8194 8195
f 8194 7915 8195
f 8194 7914 7915
f 7916 8197 7915
f 7915 8197 8195
f 7918 8197 7916
f 8193 7920 7913
f 8198 7920 8193
f 8199 8196 8195
f 8199 8195 8197
f 8199 8197 8200
f 8202 8200 8201
f 8201 8200 7921
f 8200 8197 7921
f 8197 7918 7921
f 7922 8201 7921
f 8198 7924 7920
f 8203 7924 8198
f 8204 8202 8201
f 8206 8204 8205
f 8205 8204 7925
f 8204 8201 7925
f 8201 7922 7925
f 7926 8205 7925
f 8203 7927 7924
f 8207 7927 8203
f 8206 8205 7929
f 7930 8206 7929
f 8208 8206 7930
f 7929 8205 7926
f 8207 7931 7927
f 8209 7931 8207
f 7930 7932 8210
f 8211 7930 8210
f 8208 7930 8211
f 7933 8210 7932
f 8213 7934 8212
f 7934 8209 8212
f 7934 7931 8209
f 8214 8213 8212
f 8215 8211 8210
f 8210 7933 8215
f 7933 8216 8215
f 7933 7935 8216
f 8217 7936 8213
f 8213 7936 7934
f 8213 8214 8218
f 8213 8218 8217
f 7937 8216 7935
f 7937 8219 8216
f 8217 7938 7936
f 7940 7938 8217
f 8218 7940 8217
f 8220 7940 8218
f 7937 7941 8221
f 8222 7937 8221
f 8219 7937 8222
f 7942 8221 7941
f 8223 7943 7944
f 8224 8223 7944
f 7940 8224 7944
f 8220 8224 7940
f 8222 8221 8225
f 8222 8225 8226
f 7945 8225 7942
f 7942 8225 8221
f 8227 7946 8223
f 8223 7946 7943
f 8223 8224 8228
f 8223 8228 8227
f 8226 8225 8229
f 8226 8229 8230
f 7947 8229 7945
f 7945 8229 8225
f 8232 8231 8227
f 8231 7946 8227
f 8231 7948 7946
f 8232 8227 8228
f 8233 8230 8229
f 8233 8229 7947
f 7949 8233 7947
f 8234 8233 7949
f 7949 7950 8234
f 8234 7950 8235
f 8237 7951 8236
f 7951 8231 8236
f 7951 7948 8231
f 8238 8237 8236
f 7952 8235 7950
f 7952 8239 8235
f 8237 7953 7951
f 8241 8240 7954
f 8241 7954 7953
f 8238 8241 7953
f 8237 8238 7953
f 8242 8240 8241
f 7955 8239 7952
f 7955 8243 8239
f 8244 7956 8240
f 8240 7956 7954
f 8240 8242 8245
f 8240 8245 8244
f 7957 8243 7955
f 7957 8246 8243
f 8244 7958 7956
f 8248 8247 7960
f 8248 7960 7958
f 8245 8248 7958
f 8244 8245 7958
f 8249 8247 8248
f 7961 8246 7957
f 7961 8250 8246
f 8247 7963 7960
f 7964 7963 8247
f 8249 7964 8247
f 8251 7964 8249
f 7965 8250 7961
f 7965 8252 8250
f 8254 7966 8253
f 7966 8251 8253
f 7966 7964 8251
f 8255 8254 8253
f 8257 8256 7968
f 8257 7968 7969
f 8259 8258 7970
f 7968 8259 7970
f 8256 8259 7968
f 8259 8252 8258
f 8252 7971 8258
f 8252 7965 7971
f 8254 7972 7966
f 8261 8260 7973
f 8261 7973 7972
f 8255 8261 7972
f 8254 8255 7972
f 8262 8260 8261
f 8265 8264 8263
f 8264 8257 8263
f 8257 7975 8263
f 8257 7969 7975
f 8258 7976 7970
f 7976 8258 7971
f 8260 7978 7973
f 7979 7978 8260
f 8262 7979 8260
f 8266 7979 8262
f 8265 8263 7981
f 7982 8265 7981
f 8267 8265 7982
f 7981 8263 7975
f 8266 8268 7979
f 7979 8268 7983
f 7984 7983 8268
f 7984 8268 8269
f 8272 8271 8270
f 8271 8267 8270
f 8267 7986 8270
f 8267 7982 7986
f 8274 7988 8273
f 7988 8269 8273
f 7988 7984 8269
f 8275 8274 8273
f 8278 8277 8276
f 8276 8277 8272
f 8276 8272 8270
f 7990 8276 8270
f 7989 7990 8270
f 7989 8270 7986
f 8274 7991 7988
f 8280 8279 7993
f 8280 7993 7991
f 8275 8280 7991
f 8274 8275 7991
f 8281 8279 8280
f 8278 8276 7995
f 7996 8278 7995
f 8282 8278 7996
f 7995 8276 7990
f 8279 7997 7993
f 8284 8283 7998
f 8284 7998 7997
f 8281 8284 7997
f 8279 8281 7997
f 8285 8283 8284
f 8288 8287 8286
f 8287 8282 8286
f 8282 8000 8286
f 8282 7996 8000
f 8283 8001 7998
f 8290 8289 8002
f 8290 8002 8001
f 8285 8290 8001
f 8283 8285 8001
f 8291 8289 8290
f 8288 8286 8292
f 8288 8292 8293
f 8003 8292 8000
f 8000 8292 8286
f 8289 8004 8002
f 8291 8294 8289
f 8294 8004 8289
f 8294 8006 8004
f 8007 8006 8294
f 8007 8294 8295
f 8293 8292 8009
f 8010 8293 8009
f 8296 8293 8010
f 8009 8292 8003
f 8295 8297 8007
f 8007 8297 8011
f 8011 8298 8012
f 8297 8298 8011
f 8012 8299 8013
f 8298 8299 8012
f 8301 8300 8014
f 8013 8301 8014
f 8299 8301 8013
f 8303 8302 8300
f 8303 8300 8301
f 8016 8017 8302
f 8303 8016 8302
f 8304 8016 8303
f 8016 8305 8019
f 8304 8305 8016
f 8019 8306 8021
f 8305 8306 8019
f 8022 8021 8306
f 8022 8306 8307
f 8023 8296 8010
f 8023 8308 8296
f 8300 8024 8014
f 8024 8300 8025
f 8025 8300 8302
f 8025 8302 8017
f 8307 8309 8022
f 8022 8309 8026
f 8026 8310 8027
f 8309 8310 8026
f 8312 8311 8028
f 8027 8312 8028
f 8310 8312 8027
f 8313 8311 8312
f 8029 8308 8023
f 8029 8314 8308
f 8311 8030 8028
f 8313 8315 8311
f 8315 8030 8311
f 8315 8031 8030
f 8317 8316 8032
f 8031 8317 8032
f 8315 8317 8031
f 8319 8318 8316
f 8319 8316 8317
f 8319 8314 8318
f 8314 8033 8318
f 8314 8029 8033
f 8316 8034 8032
f 8034 8316 8037
f 8037 8316 8318
f 8037 8318 8033
f 8320 8049 8050
f 8051 8321 8050
f 8050 8321 8320
f 8052 8322 8051
f 8051 8322 8321
f 8053 8322 8052
f 8323 8057 8320
f 8320 8057 8049
f 8324 8320 8321
f 8323 8320 8324
f 8325 8321 8322
f 8324 8321 8325
f 8059 8325 8053
f 8053 8325 8322
f 8326 8060 8061
f 8062 8326 8061
f 8327 8064 8323
f 8323 8064 8057
f 8328 8323 8324
f 8327 8323 8328
f 8067 8328 8066
f 8328 8325 8066
f 8328 8324 8325
f 8066 8325 8059
f 8326 8069 8060
f 8069 8326 8062
f 8327 8071 8064
f 8071 8327 8073
f 8073 8327 8328
f 8073 8328 8067
f 8330 8329 8078
f 8078 8329 8079
f 8331 8078 8080
f 8331 8330 8078
f 8332 8080 8081
f 8332 8331 8080
f 8333 8081 8082
f 8333 8332 8081
f 8082 8084 8333
f 8333 8084 8334
f 8329 8335 8079
f 8079 8335 8085
f 8085 8336 8086
f 8335 8336 8085
f 8336 8338 8337
f 8087 8336 8337
f 8086 8336 8087
f 8339 8088 8087
f 8339 8087 8337
f 8339 8340 8088
f 8340 8084 8088
f 8340 8334 8084
f 8338 8341 8337
f 8337 8341 8339
f 8339 8341 8342
f 8339 8342 8340
f 8343 8096 8097
f 8343 8097 8344
f 8097 8345 8344
f 8097 8098 8345
f 8346 8098 8099
f 8346 8345 8098
f 8347 8099 8100
f 8347 8346 8099
f 8348 8100 8101
f 8348 8347 8100
f 8350 8349 8103
f 8349 8101 8103
f 8349 8348 8101
f 8350 8351 8349
f 8352 8106 8107
f 8108 8353 8107
f 8107 8353 8352
f 8353 8108 8354
f 8108 8355 8354
f 8108 8109 8355
f 8109 8096 8343
f 8356 8109 8343
f 8355 8109 8356
f 8356 8343 8344
f 8110 8350 8103
f 8357 8351 8350
f 8110 8357 8350
f 8111 8357 8110
f 8358 8111 8112
f 8358 8357 8111
f 8359 8112 8113
f 8359 8358 8112
f 8361 8359 8360
f 8359 8114 8360
f 8359 8113 8114
f 8116 8360 8114
f 8362 8119 8352
f 8352 8119 8106
f 8353 8364 8363
f 8362 8353 8363
f 8352 8353 8362
f 8364 8353 8354
f 8365 8361 8360
f 8365 8360 8116
f 8120 8365 8116
f 8366 8365 8120
f 8367 8120 8121
f 8367 8366 8120
f 8121 8122 8367
f 8367 8122 8368
f 8369 8124 8125
f 8370 8369 8125
f 8370 8125 8119
f 8371 8370 8119
f 8362 8371 8119
f 8371 8362 8363
f 8372 8368 8122
f 8372 8122 8126
f 8374 8372 8373
f 8372 8127 8373
f 8372 8126 8127
f 8129 8373 8127
f 8375 8130 8131
f 8376 8375 8131
f 8376 8131 8124
f 8377 8376 8124
f 8369 8377 8124
f 8377 8369 8370
f 8378 8374 8373
f 8380 8378 8379
f 8379 8378 8132
f 8378 8373 8132
f 8373 8129 8132
f 8134 8379 8132
f 8381 8137 8375
f 8375 8137 8130
f 8375 8376 8382
f 8375 8382 8381
f 8383 8380 8379
f 8379 8134 8383
f 8134 8384 8383
f 8134 8138 8384
f 8385 8141 8381
f 8381 8141 8137
f 8381 8382 8386
f 8381 8386 8385
f 8143 8388 8387
f 8384 8143 8387
f 8138 8143 8384
f 8388 8389 8387
f 8391 8390 8385
f 8390 8141 8385
f 8390 8148 8141
f 8391 8385 8386
f 8150 8392 8388
f 8150 8388 8143
f 8389 8394 8393
f 8394 8389 8152
f 8388 8152 8389
f 8152 8388 8151
f 8392 8151 8388
f 8153 8395 8152
f 8152 8395 8394
f 8154 8396 8153
f 8153 8396 8395
f 8156 8396 8154
f 8397 8158 8159
f 8398 8397 8159
f 8148 8398 8159
f 8390 8398 8148
f 8160 8392 8150
f 8160 8151 8392
f 8400 8393 8399
f 8394 8399 8393
f 8401 8394 8395
f 8399 8394 8401
f 8396 8403 8402
f 8401 8396 8402
f 8395 8396 8401
f 8403 8396 8156
f 8161 8403 8156
f 8404 8403 8161
f 8406 8404 8405
f 8404 8162 8405
f 8404 8161 8162
f 8163 8405 8162
f 8407 8165 8397
f 8397 8165 8158
f 8397 8398 8408
f 8397 8408 8407
f 8409 8400 8399
f 8409 8399 8401
f 8409 8401 8410
f 8410 8401 8402
f 8411 8406 8405
f 8405 8163 8411
f 8163 8412 8411
f 8163 8166 8412
f 8407 8168 8165
f 8170 8168 8407
f 8408 8170 8407
f 8413 8170 8408
f 8166 8171 8414
f 8415 8166 8414
f 8412 8166 8415
f 8172 8414 8171
f 8413 8173 8170
f 8416 8173 8413
f 8415 8414 8417
f 8415 8417 8418
f 8174 8417 8172
f 8172 8417 8414
f 8420 8175 8419
f 8175 8416 8419
f 8175 8173 8416
f 8421 8420 8419
f 8422 8418 8417
f 8417 8174 8422
f 8174 8423 8422
f 8174 8176 8423
f 8420 8177 8175
f 8421 8424 8420
f 8424 8177 8420
f 8424 8179 8177
f 8180 8179 8424
f 8180 8424 8425
f 8181 8423 8176
f 8181 8426 8423
f 8425 8427 8180
f 8180 8427 8182
f 8429 8428 8183
f 8182 8429 8183
f 8427 8429 8182
f 8430 8428 8429
f 8185 8426 8181
f 8185 8431 8426
f 8428 8186 8183
f 8188 8186 8428
f 8430 8188 8428
f 8432 8188 8430
f 8185 8189 8433
f 8434 8185 8433
f 8431 8185 8434
f 8190 8433 8189
f 8432 8191 8188
f 8435 8191 8432
f 8434 8433 8436
f 8434 8436 8437
f 8192 8436 8190
f 8190 8436 8433
f 8435 8193 8191
f 8438 8193 8435
f 8439 8437 8436
f 8441 8439 8440
f 8440 8439 8194
f 8439 8436 8194
f 8436 8192 8194
f 8196 8440 8194
f 8438 8198 8193
f 8442 8198 8438
f 8443 8441 8440
f 8443 8440 8196
f 8199 8443 8196
f 8444 8443 8199
f 8446 8444 8445
f 8444 8200 8445
f 8444 8199 8200
f 8202 8445 8200
f 8442 8203 8198
f 8447 8203 8442
f 8448 8446 8445
f 8450 8448 8449
f 8449 8448 8204
f 8448 8445 8204
f 8445 8202 8204
f 8206 8449 8204
f 8447 8207 8203
f 8451 8207 8447
f 8450 8449 8452
f 8450 8452 8453
f 8208 8452 8206
f 8206 8452 8449
f 8455 8209 8454
f 8209 8451 8454
f 8209 8207 8451
f 8456 8455 8454
f 8457 8453 8452
f 8452 8208 8457
f 8208 8458 8457
f 8208 8211 8458
f 8455 8212 8209
f 8214 8212 8455
f 8456 8214 8455
f 8459 8214 8456
f 8211 8215 8460
f 8461 8211 8460
f 8458 8211 8461
f 8216 8460 8215
f 8464 8463 8462
f 8459 8464 8462
f 8218 8459 8462
f 8214 8459 8218
f 8461 8460 8465
f 8461 8465 8466
f 8219 8465 8216
f 8216 8465 8460
f 8462 8463 8467
f 8467 8463 8468
f 8467 8220 8218
f 8467 8218 8462
f 8469 8466 8465
f 8465 8219 8469
f 8219 8470 8469
f 8219 8222 8470
f 8467 8468 8471
f 8471 8468 8472
f 8471 8224 8220
f 8471 8220 8467
f 8475 8474 8473
f 8474 8470 8473
f 8470 8226 8473
f 8470 8222 8226
f 8472 8476 8471
f 8224 8471 8476
f 8477 8224 8476
f 8228 8224 8477
f 8475 8473 8478
f 8475 8478 8479
f 8230 8478 8226
f 8226 8478 8473
f 8480 8231 8232
f 8481 8480 8232
f 8228 8481 8232
f 8477 8481 8228
f 8482 8479 8478
f 8484 8482 8483
f 8483 8482 8233
f 8482 8478 8233
f 8478 8230 8233
f 8483 8233 8485
f 8233 8486 8485
f 8233 8234 8486
f 8234 8235 8486
f 8486 8235 8487
f 8480 8236 8231
f 8238 8236 8480
f 8481 8238 8480
f 8488 8238 8481
f 8489 8484 8483
f 8489 8483 8485
f 8239 8487 8235
f 8239 8490 8487
f 8241 8238 8491
f 8238 8492 8491
f 8238 8488 8492
f 8491 8242 8241
f 8243 8490 8239
f 8243 8493 8490
f 8491 8492 8494
f 8494 8492 8495
f 8494 8245 8242
f 8494 8242 8491
f 8246 8493 8243
f 8246 8496 8493
f 8495 8497 8494
f 8494 8497 8245
f 8497 8248 8245
f 8497 8498 8248
f 8249 8248 8498
f 8249 8498 8499
f 8250 8496 8246
f 8250 8500 8496
f 8499 8251 8249
f 8501 8251 8499
f 8504 8503 8502
f 8503 8500 8502
f 8500 8252 8502
f 8500 8250 8252
f 8501 8505 8251
f 8251 8505 8253
f 8255 8253 8505
f 8255 8505 8506
f 8257 8507 8256
f 8508 8504 8502
f 8256 8508 8502
f 8259 8256 8502
f 8508 8256 8507
f 8259 8502 8252
f 8506 8509 8255
f 8255 8509 8261
f 8262 8261 8509
f 8262 8509 8510
f 8512 8511 8264
f 8512 8264 8265
f 8264 8511 8257
f 8511 8513 8257
f 8513 8507 8257
f 8513 8511 8514
f 8508 8507 8515
f 8515 8507 8513
f 8517 8266 8516
f 8266 8510 8516
f 8266 8262 8510
f 8518 8517 8516
f 8267 8512 8265
f 8267 8519 8512
f 8514 8520 8513
f 8513 8520 8515
f 8517 8268 8266
f 8269 8268 8517
f 8518 8269 8517
f 8521 8269 8518
f 8523 8522 8271
f 8523 8271 8272
f 8267 8271 8519
f 8519 8271 8522
f 8273 8269 8524
f 8269 8525 8524
f 8269 8521 8525
f 8524 8275 8273
f 8527 8526 8277
f 8527 8277 8278
f 8272 8277 8523
f 8523 8277 8526
f 8525 8528 8524
f 8524 8528 8275
f 8528 8280 8275
f 8528 8529 8280
f 8281 8280 8529
f 8281 8529 8530
f 8533 8532 8531
f 8532 8527 8531
f 8527 8282 8531
f 8527 8278 8282
f 8284 8281 8534
f 8281 8535 8534
f 8281 8530 8535
f 8534 8285 8284
f 8538 8537 8536
f 8536 8537 8533
f 8536 8533 8531
f 8288 8536 8531
f 8287 8288 8531
f 8287 8531 8282
f 8535 8539 8534
f 8534 8539 8285
f 8539 8290 8285
f 8539 8540 8290
f 8291 8290 8540
f 8291 8540 8541
f 8538 8536 8542
f 8538 8542 8543
f 8293 8542 8288
f 8288 8542 8536
f 8541 8544 8291
f 8291 8544 8294
f 8546 8545 8295
f 8294 8546 8295
f 8544 8546 8294
f 8548 8547 8545
f 8548 8545 8546
f 8550 8549 8547
f 8550 8547 8548
f 8551 8549 8550
f 8543 8542 8552
f 8543 8552 8553
f 8296 8552 8293
f 8293 8552 8542
f 8545 8297 8295
f 8297 8545 8298
f 8298 8545 8547
f 8298 8547 8299
f 8299 8547 8549
f 8551 8554 8549
f 8554 8299 8549
f 8554 8301 8299
f 8301 8555 8303
f 8554 8555 8301
f 8303 8556 8304
f 8555 8556 8303
f 8304 8557 8305
f 8556 8557 8304
f 8557 8559 8558
f 8306 8557 8558
f 8305 8557 8306
f 8558 8307 8306
f 8553 8552 8560
f 8553 8560 8561
f 8308 8560 8296
f 8296 8560 8552
f 8559 8562 8558
f 8558 8562 8307
f 8562 8309 8307
f 8562 8563 8309
f 8309 8564 8310
f 8563 8564 8309
f 8310 8565 8312
f 8564 8565 8310
f 8313 8312 8565
f 8313 8565 8566
f 8561 8560 8567
f 8561 8567 8568
f 8314 8567 8308
f 8308 8567 8560
f 8566 8569 8313
f 8313 8569 8315
f 8569 8571 8570
f 8317 8569 8570
f 8315 8569 8317
f 8572 8568 8567
f 8317 8572 8567
f 8319 8317 8567
f 8572 8317 8570
f 8319 8567 8314
f 8571 8573 8570
f 8570 8573 8572
f 8574 8329 8330
f 8331 8575 8330
f 8330 8575 8574
f 8332 8576 8331
f 8331 8576 8575
f 8333 8577 8332
f 8332 8577 8576
f 8334 8577 8333
f 8574 8335 8329
f 8335 8574 8336
f 8336 8574 8575
f 8336 8575 8338
f 8575 8578 8338
f 8575 8576 8578
f 8579 8576 8577
f 8578 8576 8579
f 8340 8579 8334
f 8334 8579 8577
f 8578 8341 8338
f 8341 8578 8342
f 8342 8578 8579
f 8342 8579 8340
f 8580 8344 8345
f 8580 8345 8581
f 8345 8582 8581
f 8345 8346 8582
f 8583 8346 8347
f 8583 8582 8346
f 8584 8347 8348
f 8584 8583 8347
f 8585 8348 8349
f 8585 8584 8348
f 8587 8586 8351
f 8586 8349 8351
f 8586 8585 8349
f 8587 8588 8586
f 8589 8354 8355
f 8589 8355 8590
f 8355 8591 8590
f 8355 8356 8591
f 8356 8344 8580
f 8592 8356 8580
f 8591 8356 8592
f 8592 8580 8581
f 8357 8587 8351
f 8593 8588 8587
f 8357 8593 8587
f 8358 8593 8357
f 8594 8358 8359
f 8594 8593 8358
f 8596 8595 8361
f 8595 8359 8361
f 8595 8594 8359
f 8596 8597 8595
f 8598 8363 8364
f 8599 8598 8364
f 8599 8364 8354
f 8600 8599 8354
f 8589 8600 8354
f 8600 8589 8590
f 8365 8596 8361
f 8601 8597 8596
f 8365 8601 8596
f 8366 8601 8365
f 8602 8366 8367
f 8602 8601 8366
f 8604 8603 8368
f 8603 8367 8368
f 8603 8602 8367
f 8604 8605 8603
f 8606 8370 8371
f 8607 8606 8371
f 8607 8371 8363
f 8608 8607 8363
f 8598 8608 8363
f 8608 8598 8599
f 8372 8604 8368
f 8610 8609 8374
f 8374 8609 8372
f 8609 8605 8372
f 8605 8604 8372
f 8610 8611 8609
f 8612 8376 8377
f 8613 8612 8377
f 8613 8377 8370
f 8614 8613 8370
f 8606 8614 8370
f 8614 8606 8607
f 8378 8610 8374
f 8378 8380 8610
f 8380 8611 8610
f 8380 8615 8611
f 8616 8382 8612
f 8612 8382 8376
f 8612 8613 8617
f 8612 8617 8616
f 8618 8615 8380
f 8618 8380 8383
f 8383 8384 8618
f 8618 8384 8619
f 8621 8620 8616
f 8620 8382 8616
f 8620 8386 8382
f 8621 8616 8617
f 8622 8619 8384
f 8622 8384 8387
f 8387 8389 8622
f 8622 8389 8623
f 8624 8390 8391
f 8625 8624 8391
f 8386 8625 8391
f 8620 8625 8386
f 8393 8623 8389
f 8393 8626 8623
f 8628 8627 8624
f 8627 8390 8624
f 8627 8398 8390
f 8628 8624 8625
f 8400 8626 8393
f 8400 8629 8626
f 8630 8402 8403
f 8404 8631 8403
f 8403 8631 8630
f 8406 8631 8404
f 8627 8408 8398
f 8632 8408 8627
f 8400 8409 8633
f 8634 8400 8633
f 8629 8400 8634
f 8410 8635 8409
f 8409 8635 8633
f 8402 8630 8410
f 8630 8635 8410
f 8630 8636 8635
f 8637 8630 8631
f 8636 8630 8637
f 8411 8638 8406
f 8638 8631 8406
f 8638 8637 8631
f 8412 8638 8411
f 8632 8413 8408
f 8639 8413 8632
f 8634 8633 8640
f 8634 8640 8641
f 8642 8633 8635
f 8640 8633 8642
f 8643 8635 8636
f 8642 8635 8643
f 8644 8636 8637
f 8643 8636 8644
f 8645 8637 8638
f 8644 8637 8645
f 8415 8645 8412
f 8412 8645 8638
f 8647 8416 8646
f 8416 8639 8646
f 8416 8413 8639
f 8648 8647 8646
f 8649 8641 8640
f 8651 8650 8649
f 8640 8651 8649
f 8642 8651 8640
f 8652 8642 8643
f 8651 8642 8652
f 8653 8643 8644
f 8652 8643 8653
f 8654 8644 8645
f 8653 8644 8654
f 8418 8654 8415
f 8415 8654 8645
f 8419 8416 8647
f 8657 8656 8655
f 8421 8655 8656
f 8421 8648 8655
f 8421 8419 8647
f 8648 8421 8647
f 8650 8651 8658
f 8650 8658 8659
f 8660 8651 8652
f 8658 8651 8660
f 8661 8652 8653
f 8660 8652 8661
f 8662 8653 8654
f 8661 8653 8662
f 8422 8663 8418
f 8663 8654 8418
f 8663 8662 8654
f 8423 8663 8422
f 8657 8664 8656
f 8664 8666 8665
f 8664 8665 8424
f 8656 8664 8424
f 8421 8656 8424
f 8665 8425 8424
f 8667 8659 8658
f 8667 8658 8660
f 8667 8660 8668
f 8668 8660 8661
f 8668 8661 8669
f 8669 8661 8662
f 8669 8662 8670
f 8672 8671 8670
f 8662 8672 8670
f 8663 8672 8662
f 8426 8672 8423
f 8423 8672 8663
f 8666 8673 8665
f 8673 8675 8674
f 8673 8674 8427
f 8665 8673 8427
f 8425 8665 8427
f 8676 8429 8427
f 8676 8427 8674
f 8676 8430 8429
f 8671 8672 8677
f 8671 8677 8678
f 8431 8677 8426
f 8426 8677 8672
f 8681 8680 8679
f 8682 8674 8675
f 8679 8683 8681
f 8674 8682 8676
f 8676 8682 8684
f 8430 8676 8684
f 8685 8430 8684
f 8432 8430 8685
f 8686 8678 8677
f 8677 8431 8686
f 8431 8687 8686
f 8431 8434 8687
f 8680 8688 8679
f 8679 8688 8683
f 8685 8435 8432
f 8689 8435 8685
f 8437 8687 8434
f 8437 8690 8687
f 8689 8438 8435
f 8691 8438 8689
f 8437 8439 8692
f 8693 8437 8692
f 8690 8437 8693
f 8441 8692 8439
f 8691 8442 8438
f 8694 8442 8691
f 8695 8693 8692
f 8695 8692 8441
f 8443 8695 8441
f 8696 8695 8443
f 8698 8696 8697
f 8696 8444 8697
f 8696 8443 8444
f 8446 8697 8444
f 8694 8447 8442
f 8699 8447 8694
f 8700 8698 8697
f 8702 8700 8701
f 8701 8700 8448
f 8700 8697 8448
f 8697 8446 8448
f 8450 8701 8448
f 8704 8451 8703
f 8451 8699 8703
f 8451 8447 8699
f 8705 8704 8703
f 8706 8702 8701
f 8701 8450 8706
f 8450 8707 8706
f 8450 8453 8707
f 8704 8454 8451
f 8456 8454 8704
f 8705 8456 8704
f 8708 8456 8705
f 8453 8457 8709
f 8710 8453 8709
f 8707 8453 8710
f 8458 8709 8457
f 8708 8459 8456
f 8711 8459 8708
f 8710 8709 8712
f 8710 8712 8713
f 8461 8712 8458
f 8458 8712 8709
f 8714 8463 8464
f 8715 8714 8464
f 8459 8715 8464
f 8711 8715 8459
f 8716 8713 8712
f 8712 8461 8716
f 8461 8717 8716
f 8461 8466 8717
f 8718 8468 8714
f 8714 8468 8463
f 8714 8715 8719
f 8714 8719 8718
f 8466 8469 8720
f 8721 8466 8720
f 8717 8466 8721
f 8470 8720 8469
f 8723 8722 8718
f 8722 8468 8718
f 8722 8472 8468
f 8723 8718 8719
f 8721 8720 8474
f 8475 8721 8474
f 8724 8721 8475
f 8474 8720 8470
f 8476 8472 8725
f 8472 8726 8725
f 8472 8722 8726
f 8725 8477 8476
f 8479 8724 8475
f 8479 8727 8724
f 8726 8728 8725
f 8477 8725 8728
f 8729 8477 8728
f 8481 8477 8729
f 8479 8482 8730
f 8731 8479 8730
f 8727 8479 8731
f 8484 8730 8482
f 8732 8485 8486
f 8487 8732 8486
f 8729 8488 8481
f 8733 8488 8729
f 8731 8730 8734
f 8731 8734 8735
f 8489 8736 8484
f 8736 8730 8484
f 8736 8734 8730
f 8485 8732 8489
f 8732 8736 8489
f 8732 8737 8736
f 8490 8737 8487
f 8487 8737 8732
f 8733 8492 8488
f 8738 8492 8733
f 8735 8734 8739
f 8735 8739 8740
f 8741 8734 8736
f 8739 8734 8741
f 8742 8736 8737
f 8741 8736 8742
f 8493 8742 8490
f 8490 8742 8737
f 8738 8495 8492
f 8743 8495 8738
f 8740 8739 8744
f 8740 8744 8745
f 8746 8739 8741
f 8744 8739 8746
f 8747 8741 8742
f 8746 8741 8747
f 8496 8747 8493
f 8493 8747 8742
f 8743 8748 8495
f 8495 8748 8497
f 8497 8749 8498
f 8748 8749 8497
f 8499 8498 8749
f 8499 8749 8750
f 8745 8744 8751
f 8745 8751 8752
f 8753 8744 8746
f 8751 8744 8753
f 8754 8746 8747
f 8753 8746 8754
f 8500 8754 8496
f 8496 8754 8747
f 8756 8501 8755
f 8501 8750 8755
f 8501 8499 8750
f 8757 8756 8755
f 8752 8751 8758
f 8752 8758 8759
f 8760 8751 8753
f 8758 8751 8760
f 8504 8760 8503
f 8760 8754 8503
f 8760 8753 8754
f 8503 8754 8500
f 8756 8505 8501
f 8506 8505 8756
f 8757 8506 8756
f 8761 8506 8757
f 8764 8763 8762
f 8762 8763 8759
f 8758 8762 8759
f 8765 8762 8758
f 8766 8758 8760
f 8765 8758 8766
f 8508 8766 8504
f 8504 8766 8760
f 8509 8506 8767
f 8506 8768 8767
f 8506 8761 8768
f 8767 8510 8509
f 8764 8762 8769
f 8764 8769 8770
f 8512 8769 8511
f 8769 8765 8511
f 8769 8762 8765
f 8511 8765 8514
f 8765 8771 8514
f 8765 8766 8771
f 8515 8771 8508
f 8508 8771 8766
f 8768 8772 8767
f 8767 8772 8510
f 8772 8516 8510
f 8772 8773 8516
f 8518 8516 8773
f 8518 8773 8774
f 8777 8776 8775
f 8775 8776 8770
f 8769 8775 8770
f 8778 8775 8769
f 8519 8778 8512
f 8512 8778 8769
f 8771 8520 8514
f 8520 8771 8515
f 8774 8521 8518
f 8779 8521 8774
f 8777 8775 8780
f 8777 8780 8781
f 8523 8780 8522
f 8780 8778 8522
f 8780 8775 8778
f 8522 8778 8519
f 8779 8525 8521
f 8782 8525 8779
f 8785 8784 8783
f 8783 8784 8781
f 8783 8781 8780
f 8527 8783 8780
f 8526 8527 8780
f 8526 8780 8523
f 8782 8786 8525
f 8525 8786 8528
f 8786 8788 8787
f 8529 8786 8787
f 8528 8786 8529
f 8787 8530 8529
f 8791 8790 8789
f 8789 8790 8785
f 8789 8785 8783
f 8533 8789 8783
f 8532 8533 8783
f 8532 8783 8527
f 8788 8792 8787
f 8530 8787 8792
f 8793 8530 8792
f 8535 8530 8793
f 8791 8789 8537
f 8538 8791 8537
f 8794 8791 8538
f 8537 8789 8533
f 8793 8795 8535
f 8535 8795 8539
f 8795 8797 8796
f 8540 8795 8796
f 8539 8795 8540
f 8799 8796 8798
f 8799 8540 8796
f 8799 8800 8541
f 8540 8799 8541
f 8802 8801 8800
f 8802 8800 8799
f 8803 8801 8802
f 8543 8794 8538
f 8543 8804 8794
f 8797 8805 8796
f 8800 8544 8541
f 8805 8798 8796
f 8544 8800 8546
f 8546 8800 8801
f 8803 8806 8801
f 8806 8546 8801
f 8806 8548 8546
f 8548 8807 8550
f 8806 8807 8548
f 8809 8808 8551
f 8550 8809 8551
f 8807 8809 8550
f 8810 8808 8809
f 8553 8804 8543
f 8553 8811 8804
f 8808 8554 8551
f 8810 8812 8808
f 8812 8554 8808
f 8812 8555 8554
f 8555 8813 8556
f 8812 8813 8555
f 8813 8815 8814
f 8557 8813 8814
f 8556 8813 8557
f 8817 8814 8816
f 8817 8557 8814
f 8817 8818 8559
f 8557 8817 8559
f 8819 8818 8817
f 8822 8821 8820
f 8821 8811 8820
f 8811 8561 8820
f 8811 8553 8561
f 8815 8823 8814
f 8818 8562 8559
f 8823 8816 8814
f 8819 8824 8818
f 8824 8562 8818
f 8824 8563 8562
f 8563 8825 8564
f 8824 8825 8563
f 8564 8826 8565
f 8825 8826 8564
f 8566 8565 8826
f 8566 8826 8827
f 8822 8820 8828
f 8822 8828 8829
f 8568 8828 8561
f 8561 8828 8820
f 8827 8830 8566
f 8566 8830 8569
f 8830 8829 8569
f 8828 8569 8829
f 8569 8828 8571
f 8831 8571 8828
f 8571 8831 8832
f 8828 8568 8831
f 8568 8833 8831
f 8568 8572 8833
f 8832 8834 8571
f 8571 8834 8573
f 8572 8573 8833
f 8833 8573 8834
f 8836 8835 8582
f 8582 8835 8581
f 8837 8582 8583
f 8837 8836 8582
f 8838 8583 8584
f 8838 8837 8583
f 8839 8584 8585
f 8839 8838 8584
f 8841 8839 8840
f 8839 8586 8840
f 8839 8585 8586
f 8588 8840 8586
f 8843 8842 8591
f 8591 8842 8590
f 8844 8591 8592
f 8844 8843 8591
f 8592 8581 8835
f 8592 8835 8844
f 8845 8841 8840
f 8845 8840 8588
f 8593 8845 8588
f 8846 8845 8593
f 8847 8593 8594
f 8847 8846 8593
f 8848 8594 8595
f 8848 8847 8594
f 8850 8849 8597
f 8849 8595 8597
f 8849 8848 8595
f 8850 8851 8849
f 8854 8853 8852
f 8852 8855 8854
f 8856 8599 8600
f 8857 8856 8600
f 8590 8857 8600
f 8842 8857 8590
f 8601 8850 8597
f 8858 8851 8850
f 8601 8858 8850
f 8602 8858 8601
f 8859 8602 8603
f 8859 8858 8602
f 8603 8605 8859
f 8859 8605 8860
f 8852 8853 8861
f 8861 8853 8862
f 8608 8863 8607
f 8863 8852 8607
f 8852 8861 8607
f 8852 8863 8855
f 8608 8599 8856
f 8864 8608 8856
f 8863 8608 8864
f 8864 8856 8857
f 8865 8860 8605
f 8865 8605 8609
f 8609 8611 8865
f 8865 8611 8866
f 8861 8862 8614
f 8862 8613 8614
f 8862 8867 8613
f 8861 8614 8607
f 8615 8869 8868
f 8866 8615 8868
f 8611 8615 8866
f 8869 8870 8868
f 8867 8617 8613
f 8871 8617 8867
f 8618 8869 8615
f 8873 8872 8619
f 8619 8872 8618
f 8872 8870 8618
f 8870 8869 8618
f 8873 8874 8872
f 8876 8875 8621
f 8621 8875 8620
f 8621 8617 8871
f 8621 8871 8876
f 8622 8873 8619
f 8622 8623 8873
f 8623 8874 8873
f 8623 8877 8874
f 8875 8625 8620
f 8878 8625 8875
f 8626 8880 8879
f 8877 8626 8879
f 8623 8626 8877
f 8880 8881 8879
f 8882 8627 8628
f 8883 8882 8628
f 8625 8883 8628
f 8878 8883 8625
f 8629 8884 8880
f 8629 8880 8626
f 8881 8880 8885
f 8885 8880 8884
f 8886 8632 8882
f 8882 8632 8627
f 8882 8883 8887
f 8882 8887 8886
f 8634 8888 8884
f 8634 8884 8629
f 8885 8884 8889
f 8889 8884 8888
f 8890 8639 8886
f 8886 8639 8632
f 8886 8887 8891
f 8886 8891 8890
f 8641 8892 8888
f 8641 8888 8634
f 8889 8888 8893
f 8893 8888 8892
f 8890 8646 8639
f 8648 8646 8890
f 8891 8648 8890
f 8894 8648 8891
f 8649 8892 8641
f 8896 8895 8650
f 8650 8895 8649
f 8895 8893 8649
f 8893 8892 8649
f 8896 8897 8895
f 8898 8657 8655
f 8899 8898 8655
f 8648 8899 8655
f 8894 8899 8648
f 8901 8900 8896
f 8650 8901 8896
f 8659 8901 8650
f 8896 8900 8897
f 8898 8664 8657
f 8666 8664 8898
f 8899 8666 8898
f 8902 8666 8899
f 8659 8667 8903
f 8904 8659 8903
f 8901 8659 8904
f 8903 8667 8905
f 8667 8906 8905
f 8667 8668 8906
f 8908 8906 8907
f 8906 8669 8907
f 8906 8668 8669
f 8670 8909 8669
f 8669 8909 8907
f 8671 8909 8670
f 8912 8911 8910
f 8910 8913 8673
f 8902 8910 8673
f 8666 8902 8673
f 8910 8902 8912
f 8913 8675 8673
f 8914 8904 8903
f 8914 8903 8905
f 8915 8908 8907
f 8915 8907 8909
f 8915 8909 8916
f 8909 8671 8916
f 8671 8917 8916
f 8671 8678 8917
f 8911 8918 8910
f 8680 8681 8919
f 8918 8920 8910
f 8913 8910 8920
f 8681 8683 8919
f 8675 8913 8682
f 8920 8682 8913
f 8682 8920 8921
f 8921 8923 8922
f 8684 8921 8922
f 8682 8921 8684
f 8922 8685 8684
f 8678 8686 8924
f 8925 8678 8924
f 8917 8678 8925
f 8687 8924 8686
f 8919 8688 8680
f 8688 8919 8683
f 8922 8923 8926
f 8926 8923 8927
f 8926 8689 8685
f 8926 8685 8922
f 8928 8925 8924
f 8924 8687 8928
f 8687 8929 8928
f 8687 8690 8929
f 8927 8930 8926
f 8689 8926 8930
f 8931 8689 8930
f 8691 8689 8931
f 8693 8929 8690
f 8693 8932 8929
f 8931 8694 8691
f 8933 8694 8931
f 8693 8695 8934
f 8935 8693 8934
f 8932 8693 8935
f 8696 8936 8695
f 8695 8936 8934
f 8698 8936 8696
f 8933 8699 8694
f 8937 8699 8933
f 8935 8934 8938
f 8935 8938 8939
f 8940 8934 8936
f 8938 8934 8940
f 8700 8941 8698
f 8941 8936 8698
f 8941 8940 8936
f 8702 8941 8700
f 8703 8699 8942
f 8699 8943 8942
f 8699 8937 8943
f 8942 8705 8703
f 8944 8939 8938
f 8946 8945 8944
f 8938 8946 8944
f 8940 8946 8938
f 8947 8940 8941
f 8946 8940 8947
f 8706 8948 8702
f 8948 8941 8702
f 8948 8947 8941
f 8707 8948 8706
f 8943 8949 8942
f 8705 8942 8949
f 8950 8705 8949
f 8708 8705 8950
f 8951 8945 8946
f 8951 8946 8947
f 8951 8947 8952
f 8952 8947 8948
f 8952 8948 8953
f 8948 8707 8953
f 8707 8954 8953
f 8707 8710 8954
f 8950 8711 8708
f 8955 8711 8950
f 8713 8954 8710
f 8713 8956 8954
f 8955 8715 8711
f 8957 8715 8955
f 8713 8716 8958
f 8959 8713 8958
f 8956 8713 8959
f 8717 8958 8716
f 8957 8719 8715
f 8960 8719 8957
f 8959 8958 8961
f 8959 8961 8962
f 8721 8961 8717
f 8717 8961 8958
f 8963 8722 8723
f 8964 8963 8723
f 8719 8964 8723
f 8960 8964 8719
f 8965 8962 8961
f 8961 8721 8965
f 8721 8966 8965
f 8721 8724 8966
f 8967 8726 8963
f 8963 8726 8722
f 8963 8964 8968
f 8963 8968 8967
f 8727 8966 8724
f 8727 8969 8966
f 8967 8728 8726
f 8729 8728 8967
f 8968 8729 8967
f 8970 8729 8968
f 8731 8969 8727
f 8731 8971 8969
f 8970 8733 8729
f 8972 8733 8970
f 8735 8971 8731
f 8735 8973 8971
f 8972 8738 8733
f 8974 8738 8972
f 8740 8973 8735
f 8740 8975 8973
f 8974 8743 8738
f 8976 8743 8974
f 8745 8975 8740
f 8745 8977 8975
f 8976 8978 8743
f 8743 8978 8748
f 8978 8980 8979
f 8749 8978 8979
f 8748 8978 8749
f 8979 8750 8749
f 8983 8982 8981
f 8982 8977 8981
f 8977 8752 8981
f 8977 8745 8752
f 8980 8984 8979
f 8979 8984 8750
f 8984 8755 8750
f 8984 8985 8755
f 8757 8755 8985
f 8757 8985 8986
f 8983 8981 8987
f 8983 8987 8988
f 8759 8987 8752
f 8752 8987 8981
f 8986 8761 8757
f 8989 8761 8986
f 8992 8991 8990
f 8990 8991 8988
f 8990 8988 8987
f 8764 8990 8987
f 8763 8764 8987
f 8763 8987 8759
f 8989 8768 8761
f 8993 8768 8989
f 8996 8995 8994
f 8994 8995 8992
f 8990 8994 8992
f 8997 8994 8990
f 8770 8997 8764
f 8764 8997 8990
f 8993 8998 8768
f 8768 8998 8772
f 8998 9000 8999
f 8773 8998 8999
f 8772 8998 8773
f 8999 8774 8773
f 8996 8994 9001
f 8996 9001 9002
f 8777 9001 8776
f 9001 8997 8776
f 9001 8994 8997
f 8776 8997 8770
f 8999 9000 9003
f 9003 9000 9004
f 9003 8779 8774
f 9003 8774 8999
f 9002 9001 9005
f 9002 9005 9006
f 8781 9005 8777
f 8777 9005 9001
f 9004 9007 9003
f 8782 8779 9003
f 9008 8782 9003
f 9007 9008 9003
f 8782 9008 9009
f 9010 9009 9008
f 9013 9012 9011
f 9011 9012 9006
f 9011 9006 9005
f 8785 9011 9005
f 8784 8785 9005
f 8784 9005 8781
f 9009 8786 8782
f 9015 9014 8788
f 9015 8788 8786
f 9010 9015 8786
f 9009 9010 8786
f 9016 9014 9015
f 9019 9018 9017
f 9017 9018 9013
f 9017 9013 9011
f 8791 9017 9011
f 8790 8791 9011
f 8790 9011 8785
f 9014 8792 8788
f 9021 9020 8793
f 9021 8793 8792
f 9016 9021 8792
f 9014 9016 8792
f 9022 9020 9021
f 9025 9024 9023
f 9026 9023 9024
f 9019 9017 9027
f 9019 9027 9028
f 8794 9027 8791
f 8791 9027 9017
f 9020 8795 8793
f 8797 8795 9020
f 9022 8797 9020
f 9029 8797 9022
f 9025 9023 8799
f 8798 9025 8799
f 9030 9025 8798
f 9026 9031 9023
f 9031 8799 9023
f 9031 8802 8799
f 8803 8802 9031
f 8803 9031 9032
f 9028 9027 9033
f 9028 9033 9034
f 8804 9033 8794
f 8794 9033 9027
f 9029 9035 8797
f 8797 9035 8805
f 8798 8805 9030
f 9030 8805 9035
f 9032 9036 8803
f 8803 9036 8806
f 8806 9037 8807
f 9036 9037 8806
f 8807 9038 8809
f 9037 9038 8807
f 8810 8809 9038
f 8810 9038 9039
f 9042 9041 9040
f 9044 9043 9040
f 9044 9040 9041
f 9043 9044 9034
f 9033 9043 9034
f 9045 9043 9033
f 8811 9045 8804
f 8804 9045 9033
f 9039 9046 8810
f 8810 9046 8812
f 8812 9047 8813
f 9046 9047 8812
f 9049 9048 8815
f 8813 9049 8815
f 9047 9049 8813
f 8817 8816 9048
f 9049 8817 9048
f 9050 8817 9049
f 9052 9051 8819
f 8817 9052 8819
f 9050 9052 8817
f 9054 9053 9051
f 9054 9051 9052
f 9053 9056 9055
f 9053 9040 9056
f 9053 9054 9042
f 9040 9053 9042
f 9058 9057 9056
f 9040 9058 9056
f 9043 9058 9040
f 8822 9058 8821
f 9058 9045 8821
f 9058 9043 9045
f 8821 9045 8811
f 9048 8823 8815
f 8823 9048 8816
f 9051 8824 8819
f 8824 9051 8825
f 8825 9051 9053
f 9055 9059 9053
f 9059 8825 9053
f 9059 8826 8825
f 9058 9060 8827
f 9059 9058 8827
f 8826 9059 8827
f 9057 9058 9059
f 8829 9060 8822
f 8822 9060 9058
f 9060 8830 8827
f 8830 9060 8829
f 9061 8832 8831
f 8833 9061 8831
f 9061 8834 8832
f 8834 9061 8833
f 9063 9062 8836
f 8836 9062 8835
f 9064 8836 8837
f 9064 9063 8836
f 9065 8837 8838
f 9065 9064 8837
f 9066 8838 8839
f 9066 9065 8838
f 9068 9067 8841
f 9067 8839 8841
f 9067 9066 8839
f 9070 9069 9068
f 9068 9069 9067
f 9070 9071 9069
f 9072 8842 8843
f 9072 8843 9073
f 8843 9074 9073
f 8843 8844 9074
f 8844 8835 9062
f 8844 9062 9074
f 8845 9068 8841
f 9068 8845 8846
f 9068 8846 9070
f 9075 9071 9070
f 8846 9075 9070
f 8847 9075 8846
f 9076 8847 8848
f 9076 9075 8847
f 9077 8848 8849
f 9077 9076 8848
f 8849 8851 9077
f 9077 8851 9078
f 9080 9079 8854
f 8854 9079 8853
f 9082 9081 8855
f 9081 8854 8855
f 9081 9080 8854
f 9082 9083 9081
f 9085 9084 9072
f 9084 8842 9072
f 9084 8857 8842
f 9085 9072 9073
f 9086 9078 8851
f 9086 8851 8858
f 9087 8858 8859
f 9087 9086 8858
f 8859 8860 9087
f 9087 8860 9088
f 9079 8862 8853
f 9089 8862 9079
f 8863 9082 8855
f 9090 9083 9082
f 8863 9090 9082
f 8864 9090 8863
f 8864 8857 9084
f 8864 9084 9090
f 9091 9088 8860
f 9091 8860 8865
f 9093 9092 8866
f 9092 8865 8866
f 9092 9091 8865
f 9093 9094 9092
f 9089 8867 8862
f 9095 8867 9089
f 8868 9093 8866
f 9097 9096 8870
f 8870 9096 8868
f 9096 9094 8868
f 9094 9093 8868
f 9097 9098 9096
f 9101 9100 9099
f 9095 9101 9099
f 8871 9095 9099
f 8867 9095 8871
f 8872 9097 8870
f 9103 9102 8874
f 8874 9102 8872
f 9102 9098 8872
f 9098 9097 8872
f 9103 9104 9102
f 9107 9106 9105
f 9107 9105 9100
f 9100 9105 9099
f 9105 8875 9099
f 8875 8876 9099
f 9099 8876 8871
f 8877 9108 9103
f 8877 9103 8874
f 9104 9103 9109
f 9109 9103 9108
f 9105 9106 9110
f 9110 9106 9111
f 9110 8878 8875
f 9110 8875 9105
f 8879 9108 8877
f 8879 8881 9108
f 8881 9109 9108
f 8881 9112 9109
f 9110 9111 9113
f 9113 9111 9114
f 9113 8883 8878
f 9113 8878 9110
f 8885 9112 8881
f 8885 9115 9112
f 9113 9114 9116
f 9116 9114 9117
f 9116 8887 8883
f 9116 8883 9113
f 8889 9119 9118
f 9115 8889 9118
f 8885 8889 9115
f 9119 9120 9118
f 9116 9117 9121
f 9121 9117 9122
f 9121 8891 8887
f 9121 8887 9116
f 8893 9123 9119
f 8893 9119 8889
f 9120 9119 9124
f 9124 9119 9123
f 9122 9125 9121
f 8891 9121 9125
f 9126 8891 9125
f 8894 8891 9126
f 8895 9123 8893
f 8895 8897 9123
f 8897 9124 9123
f 8897 9127 9124
f 9130 9129 9128
f 9126 9130 9128
f 8899 9126 9128
f 8894 9126 8899
f 8901 9131 8900
f 9127 8897 9132
f 8897 9131 9132
f 9131 9133 9132
f 8897 8900 9131
f 9133 9134 9132
f 9128 9129 9135
f 9135 9129 9136
f 9135 8902 8899
f 9135 8899 9128
f 8904 9137 9131
f 8904 9131 8901
f 9139 8906 9138
f 9139 9138 9140
f 9139 9140 9141
f 9139 9141 9133
f 9139 9133 9131
f 9139 9131 9137
f 9139 9137 8905
f 9139 8905 8906
f 9141 9134 9133
f 8908 9138 8906
f 9135 9136 8912
f 9136 8911 8912
f 9136 9142 8911
f 9135 8912 8902
f 8914 9137 8904
f 9138 9143 9140
f 8905 9137 8914
f 9145 9143 9144
f 9144 9143 8915
f 9143 9138 8915
f 9138 8908 8915
f 8916 9146 8915
f 8915 9146 9144
f 8917 9146 8916
f 9142 9147 8911
f 8911 9147 8918
f 9147 9149 9148
f 8920 9147 9148
f 8918 9147 8920
f 9150 8921 8920
f 9150 8920 9148
f 9150 8923 8921
f 9145 9144 9151
f 9145 9151 9152
f 9153 9144 9146
f 9151 9144 9153
f 8925 9153 8917
f 8917 9153 9146
f 9149 9154 9148
f 9148 9154 9150
f 9150 9154 9155
f 8923 9150 9155
f 9156 8923 9155
f 8927 8923 9156
f 9157 9152 9151
f 9157 9151 9153
f 9157 9153 9158
f 9160 9158 9159
f 9159 9158 8928
f 9158 9153 8928
f 9153 8925 8928
f 8929 9159 8928
f 9156 9161 8927
f 8927 9161 8930
f 8931 8930 9161
f 8931 9161 9162
f 9160 9159 9163
f 9160 9163 9164
f 8932 9163 8929
f 8929 9163 9159
f 9162 8933 8931
f 9165 8933 9162
f 9166 9164 9163
f 9163 8932 9166
f 8932 9167 9166
f 8932 8935 9167
f 9165 8937 8933
f 9168 8937 9165
f 8939 9167 8935
f 8939 9169 9167
f 9168 8943 8937
f 9170 8943 9168
f 8939 8944 9171
f 9172 8939 9171
f 9169 8939 9172
f 8945 9171 8944
f 9170 9173 8943
f 8943 9173 8949
f 8950 8949 9173
f 8950 9173 9174
f 9175 9172 9171
f 9177 9175 9176
f 9176 9175 8951
f 9175 9171 8951
f 9171 8945 8951
f 8952 9178 8951
f 8951 9178 9176
f 8953 9179 8952
f 8952 9179 9178
f 8954 9179 8953
f 9174 8955 8950
f 9180 8955 9174
f 9181 9177 9176
f 9183 9182 9181
f 9176 9183 9181
f 9178 9183 9176
f 9184 9178 9179
f 9183 9178 9184
f 8956 9184 8954
f 8954 9184 9179
f 9180 8957 8955
f 9185 8957 9180
f 9186 9182 9183
f 9188 9187 9186
f 9183 9188 9186
f 9184 9188 9183
f 8959 9188 8956
f 8956 9188 9184
f 9191 9190 9189
f 9185 9191 9189
f 8960 9185 9189
f 8957 9185 8960
f 9187 9188 9192
f 9187 9192 9193
f 8962 9192 8959
f 8959 9192 9188
f 9189 9190 9194
f 9194 9190 9195
f 9194 8964 8960
f 9194 8960 9189
f 9193 9192 9196
f 9193 9196 9197
f 8965 9198 8962
f 9198 9192 8962
f 9198 9196 9192
f 8966 9198 8965
f 9194 9195 9199
f 9199 9195 9200
f 9199 8968 8964
f 9199 8964 9194
f 9201 9197 9196
f 9203 9202 9201
f 9196 9203 9201
f 9198 9203 9196
f 8969 9203 8966
f 8966 9203 9198
f 9200 9204 9199
f 8968 9199 9204
f 9205 8968 9204
f 8970 8968 9205
f 9202 9203 9206
f 9202 9206 9207
f 8971 9206 8969
f 8969 9206 9203
f 9210 9209 9208
f 9205 9210 9208
f 8972 9205 9208
f 8970 9205 8972
f 9207 9206 9211
f 9207 9211 9212
f 8973 9211 8971
f 8971 9211 9206
f 9208 9209 9213
f 9213 9209 9214
f 9213 8974 8972
f 9213 8972 9208
f 9212 9211 9215
f 9212 9215 9216
f 8975 9215 8973
f 8973 9215 9211
f 9214 9217 9213
f 8974 9213 9217
f 9218 8974 9217
f 8976 8974 9218
f 9216 9215 9219
f 9216 9219 9220
f 8977 9219 8975
f 8975 9219 9215
f 9218 9221 8976
f 8976 9221 8978
f 8980 8978 9221
f 8980 9221 9222
f 9220 9219 8982
f 8983 9220 8982
f 9223 9220 8983
f 8982 9219 8977
f 9222 9224 8980
f 8980 9224 8984
f 9224 9226 9225
f 8985 9224 9225
f 8984 9224 8985
f 9225 8986 8985
f 9229 9228 9227
f 9228 9223 9227
f 9223 8988 9227
f 9223 8983 8988
f 9226 9230 9225
f 8986 9225 9230
f 9231 8986 9230
f 8989 8986 9231
f 9234 9233 9232
f 9232 9233 9229
f 9232 9229 9227
f 8992 9232 9227
f 8991 8992 9227
f 8991 9227 8988
f 9236 8993 9235
f 8993 9231 9235
f 8993 8989 9231
f 9237 9236 9235
f 9234 9232 8995
f 8996 9234 8995
f 9238 9234 8996
f 8995 9232 8992
f 9236 8998 8993
f 9000 8998 9236
f 9237 9000 9236
f 9239 9000 9237
f 9002 9238 8996
f 9002 9240 9238
f 9242 9004 9241
f 9004 9239 9241
f 9004 9000 9239
f 9243 9242 9241
f 9246 9245 9244
f 9245 9240 9244
f 9240 9006 9244
f 9240 9002 9006
f 9242 9007 9004
f 9243 9247 9242
f 9247 9007 9242
f 9247 9008 9007
f 9010 9008 9247
f 9010 9247 9248
f 9251 9250 9249
f 9249 9250 9246
f 9249 9246 9244
f 9013 9249 9244
f 9012 9013 9244
f 9012 9244 9006
f 9248 9252 9010
f 9010 9252 9015
f 9016 9015 9252
f 9016 9252 9253
f 9251 9249 9018
f 9019 9251 9018
f 9254 9251 9019
f 9018 9249 9013
f 9253 9255 9016
f 9016 9255 9021
f 9257 9256 9022
f 9021 9257 9022
f 9255 9257 9021
f 9024 9025 9256
f 9257 9024 9256
f 9258 9024 9257
f 9026 9024 9258
f 9026 9258 9259
f 9028 9254 9019
f 9028 9260 9254
f 9261 9029 9256
f 9256 9029 9022
f 9030 9261 9025
f 9025 9261 9256
f 9259 9262 9026
f 9026 9262 9031
f 9264 9263 9032
f 9031 9264 9032
f 9262 9264 9031
f 9266 9265 9263
f 9266 9263 9264
f 9268 9267 9265
f 9268 9265 9266
f 9269 9267 9268
f 9272 9271 9270
f 9274 9273 9270
f 9274 9270 9271
f 9276 9275 9273
f 9276 9273 9274
f 9276 9260 9275
f 9260 9034 9275
f 9260 9028 9034
f 9261 9035 9029
f 9035 9261 9030
f 9263 9036 9032
f 9036 9263 9037
f 9037 9263 9265
f 9037 9265 9038
f 9038 9265 9267
f 9039 9038 9267
f 9269 9039 9267
f 9277 9039 9269
f 9280 9279 9278
f 9282 9281 9278
f 9282 9278 9279
f 9284 9283 9281
f 9284 9281 9282
f 9283 9284 9272
f 9270 9283 9272
f 9285 9283 9270
f 9042 9285 9041
f 9285 9273 9041
f 9285 9270 9273
f 9041 9273 9044
f 9044 9273 9275
f 9044 9275 9034
f 9277 9286 9039
f 9039 9286 9046
f 9046 9287 9047
f 9286 9287 9046
f 9278 9049 9280
f 9049 9287 9280
f 9049 9047 9287
f 9049 9278 9050
f 9050 9278 9281
f 9050 9281 9052
f 9052 9281 9283
f 9052 9283 9054
f 9054 9283 9285
f 9054 9285 9042
f 9288 9055 9056
f 9057 9288 9056
f 9288 9059 9055
f 9059 9288 9057
f 9291 9290 9289
f 9062 9063 9289
f 9063 9291 9289
f 9063 9292 9291
f 9293 9063 9064
f 9293 9292 9063
f 9294 9064 9065
f 9294 9293 9064
f 9295 9065 9066
f 9295 9294 9065
f 9296 9066 9067
f 9296 9295 9066
f 9298 9296 9297
f 9296 9069 9297
f 9296 9067 9069
f 9071 9297 9069
f 9301 9300 9299
f 9299 9302 9301
f 9289 9290 9074
f 9290 9073 9074
f 9290 9303 9073
f 9289 9074 9062
f 9304 9298 9297
f 9304 9297 9071
f 9075 9304 9071
f 9305 9304 9075
f 9306 9075 9076
f 9306 9305 9075
f 9307 9076 9077
f 9307 9306 9076
f 9309 9308 9078
f 9308 9077 9078
f 9308 9307 9077
f 9309 9310 9308
f 9311 9079 9080
f 9300 9312 9299
f 9299 9312 9302
f 9313 9080 9081
f 9080 9313 9311
f 9083 9313 9081
f 9315 9314 9085
f 9085 9314 9084
f 9085 9073 9303
f 9085 9303 9315
f 9086 9309 9078
f 9316 9310 9309
f 9086 9316 9309
f 9087 9316 9086
f 9318 9317 9088
f 9317 9087 9088
f 9317 9316 9087
f 9318 9319 9317
f 9321 9320 9311
f 9320 9079 9311
f 9320 9089 9079
f 9321 9311 9313
f 9321 9313 9322
f 9322 9313 9083
f 9090 9322 9083
f 9323 9322 9090
f 9090 9084 9314
f 9090 9314 9323
f 9091 9318 9088
f 9324 9319 9318
f 9091 9324 9318
f 9092 9324 9091
f 9092 9094 9324
f 9324 9094 9325
f 9320 9095 9089
f 9326 9095 9320
f 9327 9325 9094
f 9327 9094 9096
f 9096 9098 9327
f 9327 9098 9328
f 9330 9329 9101
f 9101 9329 9100
f 9101 9095 9326
f 9101 9326 9330
f 9331 9328 9098
f 9331 9098 9102
f 9102 9104 9331
f 9331 9104 9332
f 9333 9106 9107
f 9334 9333 9107
f 9100 9334 9107
f 9329 9334 9100
f 9109 9332 9104
f 9109 9335 9332
f 9337 9336 9333
f 9336 9106 9333
f 9336 9111 9106
f 9337 9333 9334
f 9112 9339 9338
f 9335 9112 9338
f 9109 9112 9335
f 9339 9340 9338
f 9336 9114 9111
f 9341 9114 9336
f 9115 9342 9339
f 9115 9339 9112
f 9340 9339 9343
f 9343 9339 9342
f 9341 9117 9114
f 9344 9117 9341
f 9118 9342 9115
f 9118 9120 9342
f 9120 9343 9342
f 9120 9345 9343
f 9344 9122 9117
f 9346 9122 9344
f 9124 9345 9120
f 9124 9347 9345
f 9125 9122 9348
f 9122 9349 9348
f 9122 9346 9349
f 9348 9126 9125
f 9127 9347 9124
f 9127 9350 9347
f 9351 9129 9130
f 9349 9352 9348
f 9353 9348 9352
f 9353 9126 9348
f 9353 9351 9130
f 9126 9353 9130
f 9127 9132 9354
f 9355 9127 9354
f 9350 9127 9355
f 9134 9354 9132
f 9357 9356 9351
f 9356 9129 9351
f 9356 9136 9129
f 9357 9351 9353
f 9355 9354 9141
f 9140 9355 9141
f 9358 9355 9140
f 9141 9354 9134
f 9360 9142 9359
f 9142 9356 9359
f 9142 9136 9356
f 9361 9360 9359
f 9140 9143 9362
f 9363 9140 9362
f 9358 9140 9363
f 9145 9362 9143
f 9360 9147 9142
f 9149 9147 9360
f 9361 9149 9360
f 9364 9149 9361
f 9365 9363 9362
f 9362 9145 9365
f 9145 9366 9365
f 9145 9152 9366
f 9364 9367 9149
f 9149 9367 9154
f 9367 9369 9368
f 9155 9367 9368
f 9154 9367 9155
f 9156 9155 9368
f 9372 9371 9370
f 9373 9372 9370
f 9374 9366 9152
f 9374 9152 9157
f 9376 9374 9375
f 9374 9158 9375
f 9374 9157 9158
f 9160 9375 9158
f 9369 9377 9368
f 9371 9372 9377
f 9372 9161 9377
f 9156 9368 9377
f 9156 9377 9161
f 9162 9161 9372
f 9373 9162 9372
f 9378 9162 9373
f 9379 9376 9375
f 9375 9160 9379
f 9160 9380 9379
f 9160 9164 9380
f 9378 9165 9162
f 9381 9165 9378
f 9382 9380 9164
f 9382 9164 9166
f 9166 9167 9382
f 9382 9167 9383
f 9381 9168 9165
f 9384 9168 9381
f 9169 9383 9167
f 9169 9385 9383
f 9384 9170 9168
f 9386 9170 9384
f 9172 9385 9169
f 9172 9387 9385
f 9173 9170 9388
f 9170 9389 9388
f 9170 9386 9389
f 9388 9174 9173
f 9172 9175 9390
f 9391 9172 9390
f 9387 9172 9391
f 9177 9390 9175
f 9389 9392 9388
f 9174 9388 9392
f 9393 9174 9392
f 9180 9174 9393
f 9394 9391 9390
f 9396 9394 9395
f 9395 9394 9181
f 9394 9390 9181
f 9390 9177 9181
f 9182 9395 9181
f 9399 9398 9397
f 9393 9399 9397
f 9185 9393 9397
f 9180 9393 9185
f 9400 9396 9395
f 9402 9400 9401
f 9401 9400 9186
f 9400 9395 9186
f 9395 9182 9186
f 9187 9401 9186
f 9397 9398 9191
f 9398 9190 9191
f 9398 9403 9190
f 9397 9191 9185
f 9402 9401 9404
f 9402 9404 9405
f 9193 9404 9187
f 9187 9404 9401
f 9403 9195 9190
f 9406 9195 9403
f 9407 9405 9404
f 9404 9193 9407
f 9193 9408 9407
f 9193 9197 9408
f 9406 9200 9195
f 9409 9200 9406
f 9197 9201 9410
f 9411 9197 9410
f 9408 9197 9411
f 9202 9410 9201
f 9204 9200 9412
f 9200 9413 9412
f 9200 9409 9413
f 9412 9205 9204
f 9411 9410 9414
f 9411 9414 9415
f 9207 9414 9202
f 9202 9414 9410
f 9412 9413 9210
f 9413 9209 9210
f 9413 9416 9209
f 9412 9210 9205
f 9415 9414 9417
f 9415 9417 9418
f 9212 9417 9207
f 9207 9417 9414
f 9416 9214 9209
f 9419 9214 9416
f 9418 9417 9420
f 9418 9420 9421
f 9216 9420 9212
f 9212 9420 9417
f 9217 9214 9422
f 9214 9423 9422
f 9214 9419 9423
f 9422 9218 9217
f 9424 9421 9420
f 9420 9216 9424
f 9216 9425 9424
f 9216 9220 9425
f 9423 9426 9422
f 9426 9428 9427
f 9426 9427 9221
f 9422 9426 9221
f 9218 9422 9221
f 9427 9222 9221
f 9223 9425 9220
f 9223 9429 9425
f 9428 9430 9427
f 9430 9432 9431
f 9430 9431 9224
f 9427 9430 9224
f 9222 9427 9224
f 9431 9226 9224
f 9434 9433 9228
f 9434 9228 9229
f 9223 9228 9429
f 9429 9228 9433
f 9432 9435 9431
f 9435 9437 9436
f 9435 9436 9230
f 9431 9435 9230
f 9226 9431 9230
f 9436 9231 9230
f 9439 9438 9233
f 9439 9233 9234
f 9229 9233 9434
f 9434 9233 9438
f 9436 9437 9440
f 9440 9437 9441
f 9442 9235 9231
f 9436 9442 9231
f 9440 9442 9436
f 9442 9237 9235
f 9445 9444 9443
f 9444 9439 9443
f 9439 9238 9443
f 9439 9234 9238
f 9441 9446 9440
f 9440 9446 9442
f 9442 9446 9447
f 9239 9237 9442
f 9448 9239 9442
f 9447 9448 9442
f 9239 9448 9449
f 9450 9449 9448
f 9445 9443 9451
f 9445 9451 9452
f 9240 9451 9238
f 9238 9451 9443
f 9449 9241 9239
f 9454 9453 9243
f 9454 9243 9241
f 9450 9454 9241
f 9449 9450 9241
f 9455 9453 9454
f 9458 9457 9456
f 9456 9457 9452
f 9456 9452 9451
f 9246 9456 9451
f 9245 9246 9451
f 9245 9451 9240
f 9453 9247 9243
f 9460 9459 9248
f 9460 9248 9247
f 9455 9460 9247
f 9453 9455 9247
f 9461 9459 9460
f 9458 9456 9250
f 9251 9458 9250
f 9462 9458 9251
f 9250 9456 9246
f 9459 9252 9248
f 9253 9252 9459
f 9461 9253 9459
f 9463 9253 9461
f 9466 9465 9464
f 9467 9464 9465
f 9470 9469 9468
f 9469 9462 9468
f 9462 9254 9468
f 9462 9251 9254
f 9255 9253 9471
f 9253 9472 9471
f 9253 9463 9472
f 9464 9473 9466
f 9471 9257 9255
f 9257 9471 9474
f 9467 9473 9464
f 9258 9257 9475
f 9474 9475 9257
f 9475 9259 9258
f 9478 9477 9476
f 9479 9476 9477
f 9482 9481 9480
f 9483 9480 9481
f 9470 9468 9484
f 9470 9484 9485
f 9260 9484 9254
f 9254 9484 9468
f 9472 9486 9471
f 9471 9486 9474
f 9474 9486 9487
f 9474 9487 9475
f 9475 9487 9488
f 9475 9488 9259
f 9488 9262 9259
f 9488 9489 9262
f 9476 9264 9478
f 9264 9489 9478
f 9264 9262 9489
f 9479 9490 9476
f 9490 9264 9476
f 9490 9266 9264
f 9480 9268 9482
f 9268 9490 9482
f 9268 9266 9490
f 9492 9491 9269
f 9492 9269 9268
f 9483 9492 9268
f 9480 9483 9268
f 9494 9493 9491
f 9494 9491 9492
f 9496 9495 9493
f 9496 9493 9494
f 9498 9497 9495
f 9498 9495 9496
f 9500 9499 9497
f 9500 9497 9498
f 9271 9272 9499
f 9500 9271 9499
f 9501 9271 9500
f 9271 9502 9274
f 9501 9502 9271
f 9484 9276 9485
f 9276 9502 9485
f 9276 9274 9502
f 9276 9484 9260
f 9503 9277 9491
f 9491 9277 9269
f 9504 9491 9493
f 9503 9491 9504
f 9280 9504 9279
f 9504 9495 9279
f 9504 9493 9495
f 9279 9495 9282
f 9282 9495 9497
f 9282 9497 9284
f 9284 9497 9499
f 9284 9499 9272
f 9503 9286 9277
f 9286 9503 9287
f 9287 9503 9504
f 9287 9504 9280
f 9505 9290 9291
f 9505 9291 9506
f 9291 9507 9506
f 9291 9292 9507
f 9508 9292 9293
f 9508 9507 9292
f 9509 9293 9294
f 9509 9508 9293
f 9510 9294 9295
f 9510 9509 9294
f 9512 9510 9511
f 9510 9296 9511
f 9510 9295 9296
f 9298 9511 9296
f 9513 9300 9301
f 9302 9513 9301
f 9514 9303 9505
f 9505 9303 9290
f 9505 9506 9515
f 9505 9515 9514
f 9516 9512 9511
f 9516 9511 9298
f 9304 9516 9298
f 9517 9516 9304
f 9518 9304 9305
f 9518 9517 9304
f 9520 9518 9519
f 9518 9306 9519
f 9518 9305 9306
f 9307 9521 9306
f 9306 9521 9519
f 9308 9522 9307
f 9307 9522 9521
f 9310 9522 9308
f 9513 9312 9300
f 9312 9513 9302
f 9523 9314 9315
f 9524 9523 9315
f 9524 9315 9303
f 9525 9524 9303
f 9514 9525 9303
f 9525 9514 9515
f 9526 9520 9519
f 9526 9519 9521
f 9526 9521 9527
f 9527 9521 9522
f 9527 9522 9528
f 9528 9522 9310
f 9316 9528 9310
f 9529 9528 9316
f 9531 9529 9530
f 9529 9317 9530
f 9529 9316 9317
f 9319 9530 9317
f 9532 9320 9321
f 9532 9321 9533
f 9321 9534 9533
f 9321 9322 9534
f 9535 9322 9323
f 9535 9534 9322
f 9323 9314 9523
f 9536 9323 9523
f 9535 9323 9536
f 9536 9523 9524
f 9537 9531 9530
f 9537 9530 9319
f 9324 9537 9319
f 9538 9537 9324
f 9324 9325 9538
f 9538 9325 9539
f 9541 9540 9532
f 9540 9320 9532
f 9540 9326 9320
f 9541 9532 9533
f 9542 9539 9325
f 9542 9325 9327
f 9327 9328 9542
f 9542 9328 9543
f 9545 9544 9330
f 9330 9544 9329
f 9330 9326 9540
f 9330 9540 9545
f 9546 9543 9328
f 9546 9328 9331
f 9331 9332 9546
f 9546 9332 9547
f 9544 9334 9329
f 9548 9334 9544
f 9335 9547 9332
f 9335 9549 9547
f 9551 9550 9337
f 9337 9550 9336
f 9337 9334 9548
f 9337 9548 9551
f 9552 9549 9335
f 9552 9335 9338
f 9338 9340 9552
f 9552 9340 9553
f 9550 9341 9336
f 9554 9341 9550
f 9343 9553 9340
f 9343 9555 9553
f 9554 9344 9341
f 9556 9344 9554
f 9345 9555 9343
f 9345 9557 9555
f 9556 9346 9344
f 9558 9346 9556
f 9347 9557 9345
f 9347 9559 9557
f 9561 9349 9560
f 9349 9558 9560
f 9349 9346 9558
f 9562 9561 9560
f 9350 9559 9347
f 9350 9563 9559
f 9561 9352 9349
f 9353 9352 9561
f 9562 9353 9561
f 9564 9353 9562
f 9355 9563 9350
f 9355 9565 9563
f 9566 9356 9357
f 9567 9566 9357
f 9353 9567 9357
f 9564 9567 9353
f 9358 9565 9355
f 9358 9568 9565
f 9566 9359 9356
f 9361 9359 9566
f 9567 9361 9566
f 9569 9361 9567
f 9363 9568 9358
f 9363 9570 9568
f 9569 9364 9361
f 9571 9364 9569
f 9363 9365 9572
f 9573 9363 9572
f 9570 9363 9573
f 9366 9572 9365
f 9571 9574 9364
f 9364 9574 9367
f 9369 9367 9574
f 9369 9574 9575
f 9371 9576 9370
f 9576 9373 9370
f 9577 9573 9572
f 9577 9572 9366
f 9374 9577 9366
f 9578 9577 9374
f 9580 9579 9376
f 9579 9374 9376
f 9579 9578 9374
f 9580 9581 9579
f 9377 9369 9582
f 9369 9583 9582
f 9369 9575 9583
f 9582 9584 9377
f 9377 9584 9371
f 9584 9585 9371
f 9585 9576 9371
f 9373 9576 9585
f 9586 9373 9585
f 9378 9373 9586
f 9379 9580 9376
f 9588 9587 9380
f 9380 9587 9379
f 9587 9581 9379
f 9581 9580 9379
f 9588 9589 9587
f 9583 9590 9582
f 9582 9590 9584
f 9586 9381 9378
f 9591 9381 9586
f 9382 9588 9380
f 9382 9383 9588
f 9383 9589 9588
f 9383 9592 9589
f 9591 9384 9381
f 9593 9384 9591
f 9385 9592 9383
f 9385 9594 9592
f 9593 9386 9384
f 9595 9386 9593
f 9387 9594 9385
f 9387 9596 9594
f 9595 9389 9386
f 9597 9389 9595
f 9391 9596 9387
f 9391 9598 9596
f 9392 9389 9599
f 9389 9600 9599
f 9389 9597 9600
f 9599 9393 9392
f 9601 9598 9391
f 9601 9391 9394
f 9394 9396 9601
f 9601 9396 9602
f 9599 9600 9399
f 9600 9398 9399
f 9600 9603 9398
f 9599 9399 9393
f 9396 9400 9604
f 9605 9396 9604
f 9602 9396 9605
f 9402 9604 9400
f 9603 9403 9398
f 9606 9403 9603
f 9607 9605 9604
f 9604 9402 9607
f 9402 9608 9607
f 9402 9405 9608
f 9606 9406 9403
f 9609 9406 9606
f 9405 9407 9610
f 9611 9405 9610
f 9608 9405 9611
f 9408 9610 9407
f 9609 9409 9406
f 9612 9409 9609
f 9613 9611 9610
f 9610 9408 9613
f 9408 9614 9613
f 9408 9411 9614
f 9612 9413 9409
f 9615 9413 9612
f 9415 9614 9411
f 9415 9616 9614
f 9615 9416 9413
f 9617 9416 9615
f 9418 9616 9415
f 9418 9618 9616
f 9617 9419 9416
f 9619 9419 9617
f 9421 9618 9418
f 9421 9620 9618
f 9619 9423 9419
f 9621 9423 9619
f 9421 9424 9622
f 9623 9421 9622
f 9620 9421 9623
f 9425 9622 9424
f 9621 9624 9423
f 9423 9624 9426
f 9428 9426 9624
f 9428 9624 9625
f 9628 9627 9626
f 9626 9627 9623
f 9622 9626 9623
f 9629 9626 9622
f 9429 9629 9425
f 9425 9629 9622
f 9625 9630 9428
f 9428 9630 9430
f 9432 9430 9630
f 9432 9630 9631
f 9634 9633 9632
f 9632 9633 9628
f 9626 9632 9628
f 9635 9632 9626
f 9434 9635 9433
f 9635 9629 9433
f 9635 9626 9629
f 9433 9629 9429
f 9435 9432 9636
f 9432 9637 9636
f 9432 9631 9637
f 9636 9437 9435
f 9634 9632 9638
f 9634 9638 9639
f 9439 9638 9438
f 9638 9635 9438
f 9638 9632 9635
f 9438 9635 9434
f 9637 9640 9636
f 9437 9636 9640
f 9641 9437 9640
f 9441 9437 9641
f 9639 9638 9444
f 9445 9639 9444
f 9642 9639 9445
f 9444 9638 9439
f 9641 9643 9441
f 9441 9643 9446
f 9446 9644 9447
f 9643 9644 9446
f 9644 9646 9645
f 9448 9644 9645
f 9447 9644 9448
f 9645 9450 9448
f 9452 9642 9445
f 9452 9647 9642
f 9645 9646 9648
f 9648 9646 9649
f 9650 9454 9450
f 9645 9650 9450
f 9648 9650 9645
f 9650 9455 9454
f 9652 9651 9457
f 9652 9457 9458
f 9452 9457 9647
f 9647 9457 9651
f 9649 9653 9648
f 9648 9653 9650
f 9650 9653 9654
f 9650 9654 9455
f 9654 9460 9455
f 9654 9655 9460
f 9461 9460 9655
f 9461 9655 9656
f 9659 9658 9657
f 9658 9652 9657
f 9652 9462 9657
f 9652 9458 9462
f 9661 9463 9660
f 9463 9656 9660
f 9463 9461 9656
f 9662 9465 9466
f 9663 9661 9660
f 9662 9467 9465
f 9659 9657 9469
f 9470 9659 9469
f 9664 9659 9470
f 9469 9657 9462
f 9665 9472 9661
f 9661 9472 9463
f 9662 9466 9473
f 9663 9666 9661
f 9667 9661 9666
f 9661 9667 9665
f 9662 9473 9467
f 9669 9666 9668
f 9666 9669 9667
f 9671 9670 9669
f 9671 9669 9668
f 9672 9477 9478
f 9673 9670 9671
f 9672 9479 9477
f 9482 9674 9481
f 9674 9483 9481
f 9677 9676 9675
f 9676 9664 9675
f 9664 9485 9675
f 9664 9470 9485
f 9665 9486 9472
f 9486 9665 9487
f 9487 9665 9667
f 9487 9667 9488
f 9488 9667 9669
f 9488 9669 9489
f 9489 9669 9670
f 9670 9673 9489
f 9673 9678 9489
f 9672 9478 9489
f 9672 9489 9678
f 9672 9678 9479
f 9678 9490 9479
f 9678 9679 9490
f 9482 9490 9674
f 9490 9680 9674
f 9490 9679 9680
f 9674 9680 9483
f 9680 9492 9483
f 9680 9681 9492
f 9492 9682 9494
f 9681 9682 9492
f 9494 9683 9496
f 9682 9683 9494
f 9496 9684 9498
f 9683 9684 9496
f 9498 9685 9500
f 9684 9685 9498
f 9500 9686 9501
f 9685 9686 9500
f 9675 9502 9677
f 9502 9686 9677
f 9502 9501 9686
f 9502 9675 9485
f 9687 9506 9507
f 9687 9507 9688
f 9507 9689 9688
f 9507 9508 9689
f 9690 9508 9509
f 9690 9689 9508
f 9692 9690 9691
f 9690 9510 9691
f 9690 9509 9510
f 9512 9691 9510
f 9694 9693 9687
f 9693 9506 9687
f 9693 9515 9506
f 9694 9687 9688
f 9695 9692 9691
f 9695 9691 9512
f 9516 9695 9512
f 9696 9695 9516
f 9697 9516 9517
f 9697 9696 9516
f 9698 9517 9518
f 9698 9697 9517
f 9518 9520 9698
f 9698 9520 9699
f 9701 9700 9525
f 9525 9700 9524
f 9525 9515 9693
f 9525 9693 9701
f 9702 9699 9520
f 9702 9520 9526
f 9703 9526 9527
f 9703 9702 9526
f 9704 9527 9528
f 9704 9703 9527
f 9706 9704 9705
f 9704 9529 9705
f 9704 9528 9529
f 9531 9705 9529
f 9707 9533 9534
f 9535 9708 9534
f 9534 9708 9707
f 9708 9535 9709
f 9535 9710 9709
f 9535 9536 9710
f 9536 9524 9700
f 9536 9700 9710
f 9711 9706 9705
f 9711 9705 9531
f 9537 9711 9531
f 9712 9711 9537
f 9713 9537 9538
f 9713 9712 9537
f 9538 9539 9713
f 9713 9539 9714
f 9716 9715 9541
f 9541 9715 9540
f 9541 9533 9707
f 9717 9541 9707
f 9716 9541 9717
f 9717 9707 9708
f 9717 9708 9718
f 9718 9708 9709
f 9719 9714 9539
f 9719 9539 9542
f 9542 9543 9719
f 9719 9543 9720
f 9722 9721 9545
f 9545 9721 9544
f 9545 9540 9715
f 9545 9715 9722
f 9723 9720 9543
f 9723 9543 9546
f 9546 9547 9723
f 9723 9547 9724
f 9721 9548 9544
f 9725 9548 9721
f 9549 9727 9726
f 9724 9549 9726
f 9547 9549 9724
f 9727 9728 9726
f 9729 9550 9551
f 9730 9729 9551
f 9548 9730 9551
f 9725 9730 9548
f 9552 9727 9549
f 9552 9553 9727
f 9553 9728 9727
f 9553 9731 9728
f 9732 9554 9729
f 9729 9554 9550
f 9729 9730 9733
f 9729 9733 9732
f 9555 9731 9553
f 9555 9734 9731
f 9735 9556 9732
f 9732 9556 9554
f 9732 9733 9736
f 9732 9736 9735
f 9557 9734 9555
f 9557 9737 9734
f 9738 9558 9735
f 9735 9558 9556
f 9735 9736 9739
f 9735 9739 9738
f 9559 9737 9557
f 9559 9740 9737
f 9738 9560 9558
f 9562 9560 9738
f 9739 9562 9738
f 9741 9562 9739
f 9744 9743 9742
f 9743 9740 9742
f 9740 9563 9742
f 9740 9559 9563
f 9741 9564 9562
f 9745 9564 9741
f 9746 9744 9742
f 9742 9563 9746
f 9563 9747 9746
f 9563 9565 9747
f 9745 9567 9564
f 9748 9567 9745
f 9568 9747 9565
f 9568 9749 9747
f 9748 9569 9567
f 9750 9569 9748
f 9570 9749 9568
f 9570 9751 9749
f 9750 9571 9569
f 9752 9571 9750
f 9573 9751 9570
f 9573 9753 9751
f 9752 9754 9571
f 9571 9754 9574
f 9575 9574 9754
f 9575 9754 9755
f 9756 9753 9573
f 9756 9573 9577
f 9757 9577 9578
f 9757 9756 9577
f 9758 9578 9579
f 9758 9757 9578
f 9579 9581 9758
f 9758 9581 9759
f 9755 9583 9575
f 9760 9583 9755
f 9584 9761 9585
f 9761 9586 9585
f 9762 9759 9581
f 9762 9581 9587
f 9587 9589 9762
f 9762 9589 9763
f 9760 9764 9583
f 9583 9764 9590
f 9584 9590 9761
f 9590 9765 9761
f 9590 9764 9765
f 9586 9761 9765
f 9766 9586 9765
f 9591 9586 9766
f 9592 9763 9589
f 9592 9767 9763
f 9766 9593 9591
f 9768 9593 9766
f 9594 9767 9592
f 9594 9769 9767
f 9768 9595 9593
f 9770 9595 9768
f 9773 9772 9771
f 9772 9769 9771
f 9769 9596 9771
f 9769 9594 9596
f 9770 9597 9595
f 9774 9597 9770
f 9775 9773 9771
f 9771 9596 9775
f 9596 9776 9775
f 9596 9598 9776
f 9774 9600 9597
f 9777 9600 9774
f 9598 9601 9778
f 9779 9598 9778
f 9776 9598 9779
f 9602 9778 9601
f 9777 9603 9600
f 9780 9603 9777
f 9781 9779 9778
f 9778 9602 9781
f 9602 9782 9781
f 9602 9605 9782
f 9780 9606 9603
f 9783 9606 9780
f 9605 9607 9784
f 9785 9605 9784
f 9782 9605 9785
f 9608 9784 9607
f 9783 9609 9606
f 9786 9609 9783
f 9785 9784 9787
f 9785 9787 9788
f 9611 9787 9608
f 9608 9787 9784
f 9786 9612 9609
f 9789 9612 9786
f 9790 9788 9787
f 9792 9790 9791
f 9791 9790 9613
f 9790 9787 9613
f 9787 9611 9613
f 9614 9791 9613
f 9789 9615 9612
f 9793 9615 9789
f 9796 9795 9794
f 9794 9795 9792
f 9791 9794 9792
f 9797 9794 9791
f 9616 9797 9614
f 9614 9797 9791
f 9793 9617 9615
f 9798 9617 9793
f 9796 9794 9799
f 9796 9799 9800
f 9797 9802 9801
f 9799 9797 9801
f 9794 9797 9799
f 9797 9616 9802
f 9616 9803 9802
f 9616 9618 9803
f 9798 9619 9617
f 9804 9619 9798
f 9800 9799 9805
f 9800 9805 9806
f 9799 9801 9807
f 9808 9799 9807
f 9805 9799 9808
f 9807 9803 9808
f 9803 9620 9808
f 9803 9618 9620
f 9810 9621 9809
f 9621 9804 9809
f 9621 9619 9804
f 9811 9810 9809
f 9806 9805 9812
f 9806 9812 9813
f 9814 9805 9808
f 9812 9805 9814
f 9623 9814 9620
f 9620 9814 9808
f 9810 9624 9621
f 9625 9624 9810
f 9811 9625 9810
f 9815 9625 9811
f 9818 9817 9816
f 9816 9817 9813
f 9812 9816 9813
f 9819 9816 9812
f 9628 9819 9627
f 9819 9814 9627
f 9819 9812 9814
f 9627 9814 9623
f 9815 9820 9625
f 9625 9820 9630
f 9631 9630 9820
f 9631 9820 9821
f 9818 9816 9822
f 9818 9822 9823
f 9634 9822 9633
f 9822 9819 9633
f 9822 9816 9819
f 9633 9819 9628
f 9821 9637 9631
f 9824 9637 9821
f 9823 9822 9825
f 9823 9825 9826
f 9639 9825 9634
f 9634 9825 9822
f 9824 9827 9637
f 9637 9827 9640
f 9641 9640 9827
f 9641 9827 9828
f 9831 9830 9829
f 9829 9830 9826
f 9825 9829 9826
f 9832 9829 9825
f 9642 9832 9639
f 9639 9832 9825
f 9828 9833 9641
f 9641 9833 9643
f 9833 9835 9834
f 9644 9833 9834
f 9643 9833 9644
f 9834 9646 9644
f 9831 9829 9836
f 9831 9836 9837
f 9838 9829 9832
f 9836 9829 9838
f 9647 9838 9642
f 9642 9838 9832
f 9835 9839 9834
f 9646 9834 9839
f 9840 9646 9839
f 9649 9646 9840
f 9843 9842 9841
f 9841 9842 9837
f 9836 9841 9837
f 9844 9841 9836
f 9652 9844 9651
f 9844 9838 9651
f 9844 9836 9838
f 9651 9838 9647
f 9840 9845 9649
f 9649 9845 9653
f 9653 9846 9654
f 9845 9846 9653
f 9846 9848 9847
f 9655 9846 9847
f 9654 9846 9655
f 9847 9656 9655
f 9843 9841 9849
f 9843 9849 9850
f 9659 9849 9658
f 9849 9844 9658
f 9849 9841 9844
f 9658 9844 9652
f 9848 9851 9847
f 9847 9851 9656
f 9851 9660 9656
f 9851 9852 9660
f 9663 9660 9852
f 9663 9852 9853
f 9856 9855 9854
f 9857 9854 9855
f 9850 9849 9858
f 9850 9858 9859
f 9664 9858 9659
f 9659 9858 9849
f 9853 9860 9663
f 9663 9860 9666
f 9854 9668 9856
f 9668 9860 9856
f 9668 9666 9860
f 9857 9861 9854
f 9861 9668 9854
f 9861 9671 9668
f 9863 9862 9673
f 9671 9863 9673
f 9861 9863 9671
f 9865 9864 9862
f 9865 9862 9863
f 9867 9866 9864
f 9867 9864 9865
f 9869 9868 9866
f 9869 9866 9867
f 9870 9868 9869
f 9873 9872 9871
f 9874 9871 9872
f 9877 9876 9875
f 9875 9876 9859
f 9875 9859 9858
f 9677 9875 9858
f 9676 9677 9858
f 9676 9858 9664
f 9862 9678 9673
f 9678 9862 9679
f 9679 9862 9864
f 9679 9864 9680
f 9680 9864 9866
f 9680 9866 9681
f 9681 9866 9868
f 9870 9878 9868
f 9878 9681 9868
f 9878 9682 9681
f 9682 9879 9683
f 9878 9879 9682
f 9871 9684 9873
f 9684 9879 9873
f 9684 9683 9879
f 9874 9880 9871
f 9880 9684 9871
f 9880 9685 9684
f 9875 9686 9877
f 9686 9880 9877
f 9686 9685 9880
f 9686 9875 9677
f 9881 9688 9689
f 9690 9882 9689
f 9689 9882 9881
f 9692 9882 9690
f 9883 9693 9694
f 9688 9881 9694
f 9881 9883 9694
f 9881 9884 9883
f 9882 9886 9885
f 9884 9882 9885
f 9881 9882 9884
f 9886 9882 9692
f 9695 9886 9692
f 9887 9886 9695
f 9888 9695 9696
f 9888 9887 9695
f 9889 9696 9697
f 9889 9888 9696
f 9891 9889 9890
f 9889 9698 9890
f 9889 9697 9698
f 9699 9890 9698
f 9892 9700 9701
f 9893 9892 9701
f 9893 9701 9693
f 9894 9893 9693
f 9883 9894 9693
f 9894 9883 9884
f 9894 9884 9895
f 9895 9884 9885
f 9896 9891 9890
f 9896 9890 9699
f 9702 9896 9699
f 9897 9896 9702
f 9898 9702 9703
f 9898 9897 9702
f 9899 9703 9704
f 9899 9898 9703
f 9901 9900 9706
f 9900 9704 9706
f 9900 9899 9704
f 9901 9902 9900
f 9905 9904 9903
f 9709 9710 9903
f 9710 9905 9903
f 9710 9906 9905
f 9710 9700 9892
f 9907 9710 9892
f 9906 9710 9907
f 9907 9892 9893
f 9711 9901 9706
f 9908 9902 9901
f 9711 9908 9901
f 9712 9908 9711
f 9909 9712 9713
f 9909 9908 9712
f 9911 9910 9714
f 9910 9713 9714
f 9910 9909 9713
f 9911 9912 9910
f 9914 9913 9716
f 9716 9913 9715
f 9915 9716 9717
f 9915 9914 9716
f 9718 9903 9904
f 9915 9718 9904
f 9717 9718 9915
f 9903 9718 9709
f 9719 9911 9714
f 9917 9916 9720
f 9720 9916 9719
f 9916 9912 9719
f 9912 9911 9719
f 9917 9918 9916
f 9919 9721 9722
f 9920 9919 9722
f 9715 9920 9722
f 9913 9920 9715
f 9723 9917 9720
f 9723 9724 9917
f 9724 9918 9917
f 9724 9921 9918
f 9923 9922 9919
f 9922 9721 9919
f 9922 9725 9721
f 9923 9919 9920
f 9924 9921 9724
f 9924 9724 9726
f 9726 9728 9924
f 9924 9728 9925
f 9922 9730 9725
f 9926 9730 9922
f 9731 9925 9728
f 9731 9927 9925
f 9926 9733 9730
f 9928 9733 9926
f 9734 9927 9731
f 9734 9929 9927
f 9928 9736 9733
f 9930 9736 9928
f 9737 9929 9734
f 9737 9931 9929
f 9930 9739 9736
f 9932 9739 9930
f 9740 9931 9737
f 9740 9933 9931
f 9932 9741 9739
f 9934 9741 9932
f 9936 9935 9743
f 9936 9743 9744
f 9740 9743 9933
f 9933 9743 9935
f 9934 9745 9741
f 9937 9745 9934
f 9744 9746 9938
f 9939 9744 9938
f 9936 9744 9939
f 9747 9938 9746
f 9937 9748 9745
f 9940 9748 9937
f 9941 9939 9938
f 9938 9747 9941
f 9747 9942 9941
f 9747 9749 9942
f 9940 9750 9748
f 9943 9750 9940
f 9751 9942 9749
f 9751 9944 9942
f 9943 9752 9750
f 9945 9752 9943
f 9753 9944 9751
f 9753 9946 9944
f 9945 9947 9752
f 9752 9947 9754
f 9755 9754 9947
f 9755 9947 9948
f 9753 9756 9949
f 9950 9753 9949
f 9946 9753 9950
f 9757 9951 9756
f 9756 9951 9949
f 9758 9952 9757
f 9757 9952 9951
f 9759 9952 9758
f 9954 9760 9953
f 9760 9948 9953
f 9760 9755 9948
f 9956 9955 9954
f 9956 9954 9953
f 9957 9955 9956
f 9958 9950 9949
f 9958 9949 9951
f 9958 9951 9959
f 9959 9951 9952
f 9959 9952 9960
f 9962 9960 9961
f 9961 9960 9762
f 9960 9952 9762
f 9952 9759 9762
f 9763 9961 9762
f 9954 9764 9760
f 9764 9954 9765
f 9765 9954 9955
f 9766 9765 9955
f 9957 9766 9955
f 9963 9766 9957
f 9962 9961 9964
f 9962 9964 9965
f 9767 9964 9763
f 9763 9964 9961
f 9963 9768 9766
f 9966 9768 9963
f 9969 9968 9967
f 9967 9968 9965
f 9964 9967 9965
f 9970 9967 9964
f 9769 9970 9767
f 9767 9970 9964
f 9966 9770 9768
f 9971 9770 9966
f 9969 9967 9972
f 9969 9972 9973
f 9773 9972 9772
f 9972 9970 9772
f 9972 9967 9970
f 9772 9970 9769
f 9971 9774 9770
f 9974 9774 9971
f 9975 9973 9972
f 9975 9972 9773
f 9775 9975 9773
f 9976 9975 9775
f 9775 9776 9976
f 9976 9776 9977
f 9974 9777 9774
f 9978 9777 9974
f 9779 9977 9776
f 9779 9979 9977
f 9978 9780 9777
f 9980 9780 9978
f 9779 9781 9981
f 9982 9779 9981
f 9979 9779 9982
f 9782 9981 9781
f 9980 9783 9780
f 9983 9783 9980
f 9984 9982 9981
f 9981 9782 9984
f 9782 9985 9984
f 9782 9785 9985
f 9983 9786 9783
f 9986 9786 9983
f 9989 9988 9987
f 9988 9985 9987
f 9985 9788 9987
f 9985 9785 9788
f 9986 9789 9786
f 9990 9789 9986
f 9989 9987 9991
f 9989 9991 9992
f 9790 9993 9788
f 9993 9987 9788
f 9993 9991 9987
f 9792 9993 9790
f 9990 9793 9789
f 9994 9793 9990
f 9992 9991 9995
f 9992 9995 9996
f 9796 9995 9795
f 9995 9993 9795
f 9995 9991 9993
f 9795 9993 9792
f 9994 9798 9793
f 9997 9798 9994
f 9996 9995 9998
f 9996 9998 9999
f 9800 9998 9796
f 9796 9998 9995
f 10000 9801 9802
f 9803 10000 9802
f 9997 9804 9798
f 10001 9804 9997
f 9999 9998 10002
f 9999 10002 10003
f 9806 10002 9800
f 9800 10002 9998
f 10000 9807 9801
f 9807 10000 9803
f 10001 10004 9804
f 9804 10004 9809
f 9811 9809 10004
f 9811 10004 10005
f 10003 10002 10006
f 10003 10006 10007
f 9813 10006 9806
f 9806 10006 10002
f 10005 9815 9811
f 10008 9815 10005
f 10007 10006 9817
f 9818 10007 9817
f 10009 10007 9818
f 9817 10006 9813
f 10008 10010 9815
f 9815 10010 9820
f 9821 9820 10010
f 9821 10010 10011
f 9823 10009 9818
f 9823 10012 10009
f 10011 9824 9821
f 10013 9824 10011
f 10016 10015 10014
f 10015 10012 10014
f 10012 9826 10014
f 10012 9823 9826
f 10013 10017 9824
f 9824 10017 9827
f 9828 9827 10017
f 9828 10017 10018
f 10016 10014 9830
f 9831 10016 9830
f 10019 10016 9831
f 9830 10014 9826
f 10018 10020 9828
f 9828 10020 9833
f 9835 9833 10020
f 9835 10020 10021
f 9837 10019 9831
f 9837 10022 10019
f 9839 9835 10023
f 9835 10024 10023
f 9835 10021 10024
f 10023 9840 9839
f 10026 10025 9842
f 10026 9842 9843
f 9837 9842 10022
f 10022 9842 10025
f 10024 10027 10023
f 10027 10029 10028
f 10027 10028 9845
f 10023 10027 9845
f 9840 10023 9845
f 9845 10028 10030
f 10031 9845 10030
f 9846 9845 10031
f 10033 10032 9848
f 9846 10033 9848
f 10031 10033 9846
f 10034 10032 10033
f 10037 10036 10035
f 10036 10026 10035
f 10026 9850 10035
f 10026 9843 9850
f 10029 10038 10028
f 10028 10038 10030
f 10032 9851 9848
f 10034 10039 10032
f 10039 9851 10032
f 10039 9852 9851
f 9853 9852 10039
f 9853 10039 10040
f 10042 10041 9855
f 10042 9855 9856
f 10044 10043 9857
f 9855 10044 9857
f 10041 10044 9855
f 10045 10043 10044
f 10048 10047 10046
f 10049 10046 10047
f 10052 10051 10050
f 10053 10050 10051
f 10056 10055 10054
f 10058 10057 10054
f 10058 10054 10055
f 10057 10058 10037
f 10035 10057 10037
f 10059 10057 10035
f 9859 10059 9850
f 9850 10059 10035
f 10040 10060 9853
f 9853 10060 9860
f 9856 9860 10042
f 10042 9860 10060
f 10043 9861 9857
f 10045 10061 10043
f 10061 9861 10043
f 10061 9863 9861
f 10046 9865 10048
f 9865 10061 10048
f 9865 9863 10061
f 10049 10062 10046
f 10062 9865 10046
f 10062 9867 9865
f 10050 9869 10052
f 9869 10062 10052
f 9869 9867 10062
f 10064 10063 9870
f 10064 9870 9869
f 10053 10064 9869
f 10050 10053 9869
f 10066 10065 10063
f 10066 10063 10064
f 10065 10066 10056
f 10065 10056 10054
f 9873 10065 10054
f 9872 9873 10054
f 9872 10054 9874
f 10054 10067 9874
f 10054 10057 10067
f 9877 10067 9876
f 10067 10059 9876
f 10067 10057 10059
f 9876 10059 9859
f 10063 9878 9870
f 9878 10063 9879
f 9879 10063 10065
f 9879 10065 9873
f 10067 9880 9874
f 9880 10067 9877
f 10068 9885 9886
f 9887 10069 9886
f 9886 10069 10068
f 9888 10070 9887
f 9887 10070 10069
f 9889 10071 9888
f 9888 10071 10070
f 9891 10071 9889
f 10072 9893 9894
f 9895 10073 9894
f 9894 10073 10072
f 9885 10068 9895
f 10068 10073 9895
f 10068 10074 10073
f 10075 10068 10069
f 10074 10068 10075
f 10076 10069 10070
f 10075 10069 10076
f 10077 10070 10071
f 10076 10070 10077
f 9896 10078 9891
f 10078 10071 9891
f 10078 10077 10071
f 9897 10079 9896
f 9896 10079 10078
f 9898 10080 9897
f 9897 10080 10079
f 9899 10081 9898
f 9898 10081 10080
f 9900 10082 9899
f 9899 10082 10081
f 9902 10082 9900
f 10083 9904 9905
f 9906 10084 9905
f 9905 10084 10083
f 10084 9906 10085
f 9906 10086 10085
f 9906 9907 10086
f 9907 9893 10072
f 10087 9907 10072
f 10086 9907 10087
f 10087 10072 10073
f 10087 10073 10088
f 10088 10073 10074
f 10088 10074 10089
f 10089 10074 10075
f 10089 10075 10090
f 10090 10075 10076
f 10090 10076 10091
f 10091 10076 10077
f 10091 10077 10092
f 10092 10077 10078
f 10092 10078 10093
f 10093 10078 10079
f 10093 10079 10094
f 10094 10079 10080
f 10094 10080 10095
f 10095 10080 10081
f 10095 10081 10096
f 10096 10081 10082
f 10096 10082 10097
f 10097 10082 9902
f 9908 10097 9902
f 10098 10097 9908
f 10099 9908 9909
f 10099 10098 9908
f 10101 10099 10100
f 10099 9910 10100
f 10099 9909 9910
f 9912 10100 9910
f 10102 9913 9914
f 9915 10103 9914
f 9914 10103 10102
f 10104 10103 9915
f 10104 9915 9904
f 10105 10104 9904
f 10083 10105 9904
f 10105 10083 10084
f 10105 10084 10106
f 10106 10084 10085
f 10107 10101 10100
f 10109 10107 10108
f 10108 10107 9916
f 10107 10100 9916
f 10100 9912 9916
f 9918 10108 9916
f 10111 10110 10102
f 10110 9913 10102
f 10110 9920 9913
f 10111 10102 10103
f 10111 10103 10112
f 10112 10103 10104
f 10113 10109 10108
f 10108 9918 10113
f 9918 10114 10113
f 9918 9921 10114
f 10115 9922 9923
f 10116 10115 9923
f 9920 10116 9923
f 10110 10116 9920
f 10117 10114 9921
f 10117 9921 9924
f 9924 9925 10117
f 10117 9925 10118
f 10119 9926 10115
f 10115 9926 9922
f 10115 10116 10120
f 10115 10120 10119
f 9927 10118 9925
f 9927 10121 10118
f 10122 9928 10119
f 10119 9928 9926
f 10119 10120 10123
f 10119 10123 10122
f 9929 10121 9927
f 9929 10124 10121
f 10126 10125 10122
f 10125 9928 10122
f 10125 9930 9928
f 10126 10122 10123
f 9931 10124 9929
f 9931 10127 10124
f 10125 9932 9930
f 10128 9932 10125
f 10131 10130 10129
f 10133 10132 10129
f 10133 10129 10130
f 10133 10127 10132
f 10127 9933 10132
f 10127 9931 9933
f 10128 9934 9932
f 10134 9934 10128
f 10135 10131 10129
f 9936 10136 9935
f 10136 10129 9935
f 10129 10132 9935
f 10136 10135 10129
f 9935 10132 9933
f 10134 9937 9934
f 10137 9937 10134
f 9939 10136 9936
f 9939 10138 10136
f 10137 9940 9937
f 10139 9940 10137
f 10140 10138 9939
f 10140 9939 9941
f 9941 9942 10140
f 10140 9942 10141
f 10139 9943 9940
f 10142 9943 10139
f 9944 10141 9942
f 9944 10143 10141
f 10145 9945 10144
f 9945 10142 10144
f 9945 9943 10142
f 10147 10146 10145
f 10147 10145 10144
f 10148 10146 10147
f 9946 10150 10149
f 10143 9946 10149
f 9944 9946 10143
f 10150 10151 10149
f 10145 9947 9945
f 9947 10145 9948
f 10145 10152 9948
f 10145 10146 10152
f 10146 10148 10153
f 10154 10146 10153
f 10152 10146 10154
f 10156 10155 10154
f 10156 10154 10153
f 10157 10155 10156
f 9950 10158 10150
f 9950 10150 9946
f 10151 10150 10159
f 10150 10160 10159
f 10150 10158 10160
f 10160 10161 10159
f 10152 9953 9948
f 9953 10152 9956
f 9956 10152 10154
f 9956 10154 9957
f 10154 10162 9957
f 10154 10155 10162
f 10155 10157 10163
f 10155 10163 10162
f 9958 10158 9950
f 10158 9958 9959
f 10158 9959 10160
f 9959 9960 10160
f 9960 10164 10160
f 10164 10161 10160
f 9960 10165 10164
f 9962 10165 9960
f 10166 9963 10162
f 10162 9963 9957
f 10162 10163 10167
f 10162 10167 10166
f 10164 10165 10168
f 10164 10168 10169
f 9965 10168 9962
f 9962 10168 10165
f 10171 10170 10166
f 10170 9963 10166
f 10170 9966 9963
f 10171 10166 10167
f 10169 10168 9968
f 9969 10169 9968
f 10172 10169 9969
f 9968 10168 9965
f 10170 9971 9966
f 10173 9971 10170
f 9973 10172 9969
f 9973 10174 10172
f 10173 9974 9971
f 10175 9974 10173
f 10176 10174 9973
f 10176 9973 9975
f 10178 10176 10177
f 10176 9976 10177
f 10176 9975 9976
f 9977 10177 9976
f 10175 9978 9974
f 10179 9978 10175
f 10178 10177 10180
f 10178 10180 10181
f 9979 10180 9977
f 9977 10180 10177
f 10179 9980 9978
f 10182 9980 10179
f 10181 10180 10183
f 10181 10183 10184
f 9982 10183 9979
f 9979 10183 10180
f 10182 9983 9980
f 10185 9983 10182
f 10184 10183 10186
f 10184 10186 10187
f 9984 10188 9982
f 10188 10183 9982
f 10188 10186 10183
f 9985 10188 9984
f 10185 9986 9983
f 10189 9986 10185
f 10187 10186 10190
f 10187 10190 10191
f 9989 10190 9988
f 10190 10188 9988
f 10190 10186 10188
f 9988 10188 9985
f 10189 9990 9986
f 10192 9990 10189
f 10191 10190 10193
f 10191 10193 10194
f 9992 10193 9989
f 9989 10193 10190
f 10192 9994 9990
f 10195 9994 10192
f 10194 10193 10196
f 10194 10196 10197
f 9996 10196 9992
f 9992 10196 10193
f 10195 9997 9994
f 10198 9997 10195
f 10197 10196 10199
f 10197 10199 10200
f 9999 10199 9996
f 9996 10199 10196
f 10202 10001 10201
f 10001 10198 10201
f 10001 9997 10198
f 10203 10202 10201
f 10200 10199 10204
f 10200 10204 10205
f 10003 10204 9999
f 9999 10204 10199
f 10202 10004 10001
f 10005 10004 10202
f 10203 10005 10202
f 10206 10005 10203
f 10205 10204 10207
f 10205 10207 10208
f 10007 10207 10003
f 10003 10207 10204
f 10206 10008 10005
f 10209 10008 10206
f 10208 10207 10210
f 10208 10210 10211
f 10009 10210 10007
f 10007 10210 10207
f 10209 10212 10008
f 10008 10212 10010
f 10011 10010 10212
f 10011 10212 10213
f 10216 10215 10214
f 10214 10215 10211
f 10210 10214 10211
f 10217 10214 10210
f 10012 10217 10009
f 10009 10217 10210
f 10213 10013 10011
f 10218 10013 10213
f 10216 10214 10219
f 10216 10219 10220
f 10016 10219 10015
f 10219 10217 10015
f 10219 10214 10217
f 10015 10217 10012
f 10218 10221 10013
f 10013 10221 10017
f 10018 10017 10221
f 10018 10221 10222
f 10220 10219 10223
f 10220 10223 10224
f 10019 10223 10016
f 10016 10223 10219
f 10222 10225 10018
f 10018 10225 10020
f 10021 10020 10225
f 10021 10225 10226
f 10224 10223 10227
f 10224 10227 10228
f 10022 10227 10019
f 10019 10227 10223
f 10226 10024 10021
f 10229 10024 10226
f 10232 10231 10230
f 10234 10233 10230
f 10234 10230 10231
f 10236 10235 10233
f 10236 10233 10234
f 10235 10236 10228
f 10235 10228 10227
f 10026 10235 10227
f 10025 10026 10227
f 10025 10227 10022
f 10027 10024 10237
f 10024 10238 10237
f 10024 10229 10238
f 10237 10029 10027
f 10030 10239 10031
f 10240 10033 10031
f 10240 10031 10239
f 10240 10034 10033
f 10243 10242 10241
f 10244 10241 10242
f 10247 10246 10245
f 10249 10248 10245
f 10249 10245 10246
f 10251 10250 10248
f 10251 10248 10249
f 10250 10251 10232
f 10230 10250 10232
f 10252 10250 10230
f 10253 10230 10233
f 10252 10230 10253
f 10037 10253 10036
f 10253 10235 10036
f 10253 10233 10235
f 10036 10235 10026
f 10238 10254 10237
f 10237 10254 10029
f 10254 10038 10029
f 10254 10255 10038
f 10030 10038 10239
f 10038 10256 10239
f 10038 10255 10256
f 10239 10256 10240
f 10240 10256 10257
f 10240 10257 10034
f 10257 10039 10034
f 10257 10258 10039
f 10040 10039 10258
f 10040 10258 10259
f 10261 10260 10041
f 10261 10041 10042
f 10041 10262 10044
f 10260 10262 10041
f 10264 10263 10045
f 10044 10264 10045
f 10262 10264 10044
f 10263 10264 10243
f 10263 10243 10241
f 10048 10263 10241
f 10047 10048 10241
f 10266 10265 10049
f 10266 10049 10047
f 10244 10266 10047
f 10241 10244 10047
f 10265 10266 10247
f 10265 10247 10245
f 10052 10265 10245
f 10051 10052 10245
f 10051 10245 10053
f 10245 10267 10053
f 10245 10248 10267
f 10268 10248 10250
f 10267 10248 10268
f 10056 10268 10055
f 10268 10252 10055
f 10268 10250 10252
f 10055 10252 10058
f 10058 10252 10253
f 10058 10253 10037
f 10259 10269 10040
f 10040 10269 10060
f 10042 10060 10261
f 10261 10060 10269
f 10263 10061 10045
f 10061 10263 10048
f 10265 10062 10049
f 10062 10265 10052
f 10267 10064 10053
f 10064 10267 10066
f 10066 10267 10268
f 10066 10268 10056
f 10270 10085 10086
f 10087 10271 10086
f 10086 10271 10270
f 10271 10087 10272
f 10087 10273 10272
f 10087 10088 10273
f 10274 10088 10089
f 10274 10273 10088
f 10275 10089 10090
f 10275 10274 10089
f 10276 10090 10091
f 10276 10275 10090
f 10277 10091 10092
f 10277 10276 10091
f 10278 10092 10093
f 10278 10277 10092
f 10279 10093 10094
f 10279 10278 10093
f 10281 10279 10280
f 10279 10095 10280
f 10279 10094 10095
f 10096 10282 10095
f 10095 10282 10280
f 10097 10283 10096
f 10096 10283 10282
f 10098 10284 10097
f 10097 10284 10283
f 10099 10285 10098
f 10098 10285 10284
f 10101 10285 10099
f 10286 10104 10105
f 10106 10287 10105
f 10105 10287 10286
f 10288 10287 10106
f 10288 10106 10085
f 10289 10288 10085
f 10270 10289 10085
f 10289 10270 10271
f 10289 10271 10290
f 10290 10271 10272
f 10291 10281 10280
f 10291 10280 10282
f 10291 10282 10292
f 10292 10282 10283
f 10292 10283 10293
f 10293 10283 10284
f 10293 10284 10294
f 10294 10284 10285
f 10294 10285 10295
f 10297 10295 10296
f 10296 10295 10107
f 10295 10285 10107
f 10285 10101 10107
f 10109 10296 10107
f 10298 10110 10111
f 10112 10299 10111
f 10111 10299 10298
f 10104 10286 10112
f 10286 10299 10112
f 10286 10300 10299
f 10287 10302 10301
f 10300 10287 10301
f 10286 10287 10300
f 10302 10287 10288
f 10303 10297 10296
f 10305 10303 10304
f 10304 10303 10113
f 10303 10296 10113
f 10296 10109 10113
f 10114 10304 10113
f 10306 10116 10298
f 10298 10116 10110
f 10307 10298 10299
f 10306 10298 10307
f 10300 10309 10308
f 10307 10300 10308
f 10299 10300 10307
f 10309 10300 10301
f 10310 10305 10304
f 10312 10310 10311
f 10311 10310 10117
f 10310 10304 10117
f 10304 10114 10117
f 10118 10311 10117
f 10314 10313 10306
f 10313 10116 10306
f 10313 10120 10116
f 10314 10306 10307
f 10314 10307 10315
f 10315 10307 10308
f 10312 10311 10316
f 10312 10316 10317
f 10121 10316 10118
f 10118 10316 10311
f 10313 10123 10120
f 10318 10123 10313
f 10319 10317 10316
f 10316 10121 10319
f 10121 10320 10319
f 10121 10124 10320
f 10321 10125 10126
f 10322 10321 10126
f 10123 10322 10126
f 10318 10322 10123
f 10127 10320 10124
f 10127 10323 10320
f 10324 10128 10321
f 10321 10128 10125
f 10321 10322 10325
f 10321 10325 10324
f 10327 10326 10130
f 10327 10130 10131
f 10130 10328 10133
f 10326 10328 10130
f 10127 10133 10323
f 10323 10133 10328
f 10329 10134 10324
f 10324 10134 10128
f 10324 10325 10330
f 10324 10330 10329
f 10331 10327 10131
f 10331 10131 10135
f 10135 10136 10331
f 10331 10136 10332
f 10333 10137 10329
f 10329 10137 10134
f 10329 10330 10334
f 10329 10334 10333
f 10138 10336 10335
f 10332 10138 10335
f 10136 10138 10332
f 10336 10337 10335
f 10338 10139 10333
f 10333 10139 10137
f 10333 10334 10339
f 10333 10339 10338
f 10140 10336 10138
f 10140 10141 10336
f 10141 10337 10336
f 10141 10340 10337
f 10341 10142 10338
f 10338 10142 10139
f 10338 10339 10342
f 10338 10342 10341
f 10143 10344 10343
f 10340 10143 10343
f 10141 10143 10340
f 10346 10345 10344
f 10344 10345 10343
f 10346 10347 10345
f 10341 10144 10142
f 10342 10348 10341
f 10348 10144 10341
f 10348 10147 10144
f 10148 10147 10348
f 10148 10348 10349
f 10149 10344 10143
f 10344 10149 10151
f 10350 10344 10151
f 10346 10344 10350
f 10347 10346 10351
f 10351 10346 10350
f 10349 10352 10148
f 10148 10352 10153
f 10153 10353 10156
f 10352 10353 10153
f 10157 10156 10353
f 10157 10353 10354
f 10159 10350 10151
f 10159 10161 10350
f 10161 10351 10350
f 10161 10355 10351
f 10354 10163 10157
f 10356 10163 10354
f 10164 10355 10161
f 10164 10357 10355
f 10360 10359 10358
f 10356 10360 10358
f 10167 10356 10358
f 10163 10356 10167
f 10169 10357 10164
f 10169 10361 10357
f 10358 10359 10171
f 10359 10170 10171
f 10359 10362 10170
f 10358 10171 10167
f 10172 10361 10169
f 10172 10363 10361
f 10362 10173 10170
f 10364 10173 10362
f 10174 10363 10172
f 10174 10365 10363
f 10364 10175 10173
f 10366 10175 10364
f 10174 10176 10367
f 10368 10174 10367
f 10365 10174 10368
f 10178 10367 10176
f 10366 10179 10175
f 10369 10179 10366
f 10370 10368 10367
f 10367 10178 10370
f 10178 10371 10370
f 10178 10181 10371
f 10369 10182 10179
f 10372 10182 10369
f 10184 10371 10181
f 10184 10373 10371
f 10372 10185 10182
f 10374 10185 10372
f 10187 10373 10184
f 10187 10375 10373
f 10374 10189 10185
f 10376 10189 10374
f 10191 10375 10187
f 10191 10377 10375
f 10376 10192 10189
f 10378 10192 10376
f 10194 10377 10191
f 10194 10379 10377
f 10378 10195 10192
f 10380 10195 10378
f 10383 10382 10381
f 10382 10379 10381
f 10379 10197 10381
f 10379 10194 10197
f 10380 10198 10195
f 10384 10198 10380
f 10383 10381 10385
f 10383 10385 10386
f 10200 10385 10197
f 10197 10385 10381
f 10384 10387 10198
f 10198 10387 10201
f 10203 10201 10387
f 10203 10387 10388
f 10389 10386 10385
f 10385 10200 10389
f 10200 10390 10389
f 10200 10205 10390
f 10388 10206 10203
f 10391 10206 10388
f 10394 10393 10392
f 10393 10390 10392
f 10390 10208 10392
f 10390 10205 10208
f 10391 10209 10206
f 10395 10209 10391
f 10394 10392 10396
f 10394 10396 10397
f 10211 10396 10208
f 10208 10396 10392
f 10395 10398 10209
f 10209 10398 10212
f 10213 10212 10398
f 10213 10398 10399
f 10397 10396 10215
f 10216 10397 10215
f 10400 10397 10216
f 10215 10396 10211
f 10402 10218 10401
f 10218 10399 10401
f 10218 10213 10399
f 10403 10402 10401
f 10220 10400 10216
f 10220 10404 10400
f 10402 10221 10218
f 10406 10405 10222
f 10406 10222 10221
f 10403 10406 10221
f 10402 10403 10221
f 10407 10405 10406
f 10224 10404 10220
f 10224 10408 10404
f 10405 10225 10222
f 10226 10225 10405
f 10407 10226 10405
f 10409 10226 10407
f 10412 10411 10410
f 10414 10413 10410
f 10414 10410 10411
f 10414 10408 10413
f 10408 10228 10413
f 10408 10224 10228
f 10409 10229 10226
f 10415 10229 10409
f 10418 10417 10416
f 10419 10416 10417
f 10422 10421 10420
f 10424 10423 10420
f 10424 10420 10421
f 10426 10425 10423
f 10426 10423 10424
f 10231 10232 10425
f 10426 10231 10425
f 10427 10231 10426
f 10410 10234 10412
f 10234 10427 10412
f 10234 10231 10427
f 10234 10410 10236
f 10236 10410 10413
f 10236 10413 10228
f 10415 10238 10229
f 10428 10238 10415
f 10431 10430 10429
f 10433 10432 10429
f 10433 10429 10430
f 10432 10433 10418
f 10432 10418 10416
f 10243 10432 10416
f 10242 10243 10416
f 10435 10434 10244
f 10435 10244 10242
f 10419 10435 10242
f 10416 10419 10242
f 10434 10435 10422
f 10434 10422 10420
f 10247 10434 10420
f 10246 10247 10420
f 10246 10420 10249
f 10249 10420 10423
f 10249 10423 10251
f 10251 10423 10425
f 10251 10425 10232
f 10428 10436 10238
f 10238 10436 10254
f 10254 10437 10255
f 10436 10437 10254
f 10255 10438 10256
f 10437 10438 10255
f 10256 10439 10257
f 10438 10439 10256
f 10439 10441 10440
f 10258 10439 10440
f 10257 10439 10258
f 10440 10259 10258
f 10261 10442 10260
f 10443 10431 10429
f 10260 10443 10429
f 10262 10260 10429
f 10443 10260 10442
f 10262 10429 10264
f 10264 10429 10432
f 10264 10432 10243
f 10434 10266 10244
f 10266 10434 10247
f 10441 10444 10440
f 10440 10444 10259
f 10444 10269 10259
f 10444 10445 10269
f 10261 10269 10442
f 10269 10446 10442
f 10269 10445 10446
f 10442 10446 10443
f 10447 10272 10273
f 10274 10448 10273
f 10273 10448 10447
f 10275 10449 10274
f 10274 10449 10448
f 10276 10450 10275
f 10275 10450 10449
f 10277 10451 10276
f 10276 10451 10450
f 10278 10452 10277
f 10277 10452 10451
f 10279 10453 10278
f 10278 10453 10452
f 10281 10453 10279
f 10454 10288 10289
f 10290 10455 10289
f 10289 10455 10454
f 10456 10455 10290
f 10456 10290 10272
f 10457 10456 10272
f 10447 10457 10272
f 10457 10447 10448
f 10457 10448 10458
f 10458 10448 10449
f 10458 10449 10459
f 10459 10449 10450
f 10459 10450 10460
f 10460 10450 10451
f 10460 10451 10461
f 10461 10451 10452
f 10461 10452 10462
f 10462 10452 10453
f 10462 10453 10463
f 10463 10453 10281
f 10291 10463 10281
f 10464 10463 10291
f 10465 10291 10292
f 10465 10464 10291
f 10466 10292 10293
f 10466 10465 10292
f 10468 10466 10467
f 10466 10294 10467
f 10466 10293 10294
f 10295 10469 10294
f 10294 10469 10467
f 10297 10469 10295
f 10471 10470 10302
f 10302 10470 10301
f 10302 10288 10454
f 10472 10302 10454
f 10471 10302 10472
f 10472 10454 10455
f 10472 10455 10473
f 10473 10455 10456
f 10474 10468 10467
f 10474 10467 10469
f 10474 10469 10475
f 10477 10475 10476
f 10476 10475 10303
f 10475 10469 10303
f 10469 10297 10303
f 10305 10476 10303
f 10479 10478 10309
f 10309 10478 10308
f 10309 10301 10470
f 10309 10470 10479
f 10480 10477 10476
f 10482 10480 10481
f 10481 10480 10310
f 10480 10476 10310
f 10476 10305 10310
f 10312 10481 10310
f 10483 10313 10314
f 10483 10314 10484
f 10314 10485 10484
f 10314 10315 10485
f 10315 10308 10478
f 10315 10478 10485
f 10482 10481 10486
f 10482 10486 10487
f 10317 10486 10312
f 10312 10486 10481
f 10489 10488 10483
f 10488 10313 10483
f 10488 10318 10313
f 10489 10483 10484
f 10487 10486 10490
f 10487 10490 10491
f 10319 10492 10317
f 10492 10486 10317
f 10492 10490 10486
f 10320 10492 10319
f 10488 10322 10318
f 10493 10322 10488
f 10496 10495 10494
f 10494 10495 10491
f 10490 10494 10491
f 10497 10494 10490
f 10498 10490 10492
f 10497 10490 10498
f 10323 10498 10320
f 10320 10498 10492
f 10493 10325 10322
f 10499 10325 10493
f 10496 10494 10500
f 10496 10500 10501
f 10327 10500 10326
f 10500 10497 10326
f 10500 10494 10497
f 10326 10497 10328
f 10328 10497 10498
f 10328 10498 10323
f 10499 10330 10325
f 10502 10330 10499
f 10503 10501 10500
f 10505 10503 10504
f 10504 10503 10331
f 10503 10500 10331
f 10500 10327 10331
f 10332 10504 10331
f 10502 10334 10330
f 10506 10334 10502
f 10507 10505 10504
f 10509 10507 10508
f 10508 10507 10335
f 10507 10504 10335
f 10504 10332 10335
f 10337 10508 10335
f 10506 10339 10334
f 10510 10339 10506
f 10511 10509 10508
f 10508 10337 10511
f 10337 10512 10511
f 10337 10340 10512
f 10510 10342 10339
f 10513 10342 10510
f 10514 10512 10340
f 10514 10340 10343
f 10516 10514 10515
f 10514 10345 10515
f 10514 10343 10345
f 10347 10515 10345
f 10513 10517 10342
f 10342 10517 10348
f 10519 10518 10349
f 10348 10519 10349
f 10517 10519 10348
f 10521 10520 10518
f 10521 10518 10519
f 10522 10520 10521
f 10523 10516 10515
f 10515 10347 10523
f 10347 10524 10523
f 10347 10351 10524
f 10518 10352 10349
f 10352 10518 10353
f 10353 10518 10520
f 10526 10525 10354
f 10526 10354 10353
f 10522 10526 10353
f 10520 10522 10353
f 10527 10525 10526
f 10355 10529 10528
f 10524 10355 10528
f 10351 10355 10524
f 10529 10530 10528
f 10533 10532 10531
f 10534 10533 10525
f 10533 10356 10525
f 10356 10354 10525
f 10533 10531 10356
f 10534 10525 10527
f 10357 10535 10529
f 10357 10529 10355
f 10530 10529 10536
f 10536 10529 10535
f 10537 10359 10360
f 10532 10538 10531
f 10539 10531 10538
f 10539 10356 10531
f 10539 10537 10360
f 10356 10539 10360
f 10541 10540 10535
f 10357 10541 10535
f 10361 10541 10357
f 10535 10540 10536
f 10542 10362 10537
f 10537 10362 10359
f 10537 10539 10543
f 10537 10543 10542
f 10363 10541 10361
f 10363 10544 10541
f 10546 10545 10542
f 10545 10362 10542
f 10545 10364 10362
f 10546 10542 10543
f 10549 10548 10547
f 10548 10544 10547
f 10544 10365 10547
f 10544 10363 10365
f 10545 10366 10364
f 10550 10366 10545
f 10549 10547 10551
f 10549 10551 10552
f 10368 10551 10365
f 10365 10551 10547
f 10550 10369 10366
f 10553 10369 10550
f 10554 10552 10551
f 10556 10554 10555
f 10555 10554 10370
f 10554 10551 10370
f 10551 10368 10370
f 10371 10555 10370
f 10553 10372 10369
f 10557 10372 10553
f 10556 10555 10558
f 10556 10558 10559
f 10373 10558 10371
f 10371 10558 10555
f 10557 10374 10372
f 10560 10374 10557
f 10559 10558 10561
f 10559 10561 10562
f 10375 10561 10373
f 10373 10561 10558
f 10560 10376 10374
f 10563 10376 10560
f 10564 10562 10561
f 10561 10375 10564
f 10375 10565 10564
f 10375 10377 10565
f 10563 10378 10376
f 10566 10378 10563
f 10379 10565 10377
f 10379 10567 10565
f 10566 10380 10378
f 10568 10380 10566
f 10571 10570 10569
f 10382 10383 10569
f 10570 10382 10569
f 10572 10382 10570
f 10379 10382 10567
f 10567 10382 10572
f 10574 10384 10573
f 10384 10568 10573
f 10384 10380 10568
f 10575 10574 10573
f 10571 10569 10576
f 10571 10576 10577
f 10386 10576 10383
f 10383 10576 10569
f 10574 10387 10384
f 10388 10387 10574
f 10575 10388 10574
f 10578 10388 10575
f 10577 10576 10579
f 10577 10579 10580
f 10389 10581 10386
f 10581 10576 10386
f 10581 10579 10576
f 10390 10581 10389
f 10578 10391 10388
f 10582 10391 10578
f 10583 10580 10579
f 10394 10584 10393
f 10584 10579 10393
f 10579 10581 10393
f 10584 10583 10579
f 10393 10581 10390
f 10586 10395 10585
f 10395 10582 10585
f 10395 10391 10582
f 10587 10586 10585
f 10397 10584 10394
f 10397 10588 10584
f 10586 10398 10395
f 10590 10589 10399
f 10590 10399 10398
f 10587 10590 10398
f 10586 10587 10398
f 10592 10591 10589
f 10592 10589 10590
f 10593 10591 10592
f 10596 10595 10594
f 10595 10588 10594
f 10588 10400 10594
f 10588 10397 10400
f 10589 10401 10399
f 10401 10589 10403
f 10589 10597 10403
f 10589 10591 10597
f 10591 10593 10598
f 10591 10598 10597
f 10601 10600 10599
f 10602 10599 10600
f 10596 10594 10603
f 10596 10603 10604
f 10404 10603 10400
f 10400 10603 10594
f 10597 10406 10403
f 10407 10406 10597
f 10598 10407 10597
f 10605 10407 10598
f 10601 10599 10606
f 10601 10606 10607
f 10599 10602 10608
f 10609 10599 10608
f 10606 10599 10609
f 10609 10608 10604
f 10603 10609 10604
f 10610 10609 10603
f 10408 10610 10404
f 10404 10610 10603
f 10605 10409 10407
f 10611 10409 10605
f 10614 10613 10612
f 10612 10613 10607
f 10606 10612 10607
f 10615 10612 10606
f 10412 10615 10411
f 10615 10609 10411
f 10615 10606 10609
f 10411 10609 10414
f 10414 10609 10610
f 10414 10610 10408
f 10611 10415 10409
f 10616 10415 10611
f 10619 10618 10617
f 10417 10418 10617
f 10618 10417 10617
f 10620 10417 10618
f 10622 10621 10419
f 10417 10622 10419
f 10620 10622 10417
f 10421 10422 10621
f 10622 10421 10621
f 10623 10421 10622
f 10421 10624 10424
f 10623 10624 10421
f 10612 10426 10614
f 10426 10624 10614
f 10426 10424 10624
f 10426 10612 10427
f 10427 10612 10615
f 10427 10615 10412
f 10626 10428 10625
f 10428 10616 10625
f 10428 10415 10616
f 10627 10626 10625
f 10629 10628 10430
f 10629 10430 10431
f 10617 10433 10619
f 10433 10628 10619
f 10433 10430 10628
f 10433 10617 10418
f 10621 10435 10419
f 10435 10621 10422
f 10626 10436 10428
f 10627 10630 10626
f 10630 10436 10626
f 10630 10437 10436
f 10437 10631 10438
f 10630 10631 10437
f 10438 10632 10439
f 10631 10632 10438
f 10441 10439 10632
f 10441 10632 10633
f 10443 10629 10431
f 10443 10634 10629
f 10633 10635 10441
f 10441 10635 10444
f 10444 10636 10445
f 10635 10636 10444
f 10445 10637 10446
f 10636 10637 10445
f 10443 10446 10634
f 10634 10446 10637
f 10638 10456 10457
f 10638 10457 10639
f 10457 10640 10639
f 10457 10458 10640
f 10642 10640 10641
f 10640 10459 10641
f 10640 10458 10459
f 10460 10643 10459
f 10459 10643 10641
f 10461 10644 10460
f 10460 10644 10643
f 10644 10461 10645
f 10461 10646 10645
f 10461 10462 10646
f 10647 10462 10463
f 10647 10646 10462
f 10649 10647 10648
f 10647 10464 10648
f 10647 10463 10464
f 10465 10650 10464
f 10464 10650 10648
f 10466 10651 10465
f 10465 10651 10650
f 10468 10651 10466
f 10652 10470 10471
f 10472 10653 10471
f 10471 10653 10652
f 10653 10472 10654
f 10472 10655 10654
f 10472 10473 10655
f 10473 10456 10638
f 10656 10473 10638
f 10655 10473 10656
f 10656 10638 10639
f 10657 10642 10641
f 10657 10641 10643
f 10657 10643 10658
f 10658 10643 10644
f 10658 10644 10659
f 10659 10644 10645
f 10660 10649 10648
f 10660 10648 10650
f 10660 10650 10661
f 10661 10650 10651
f 10661 10651 10662
f 10664 10662 10663
f 10663 10662 10474
f 10662 10651 10474
f 10651 10468 10474
f 10475 10665 10474
f 10474 10665 10663
f 10477 10665 10475
f 10667 10666 10479
f 10479 10666 10478
f 10479 10470 10652
f 10668 10479 10652
f 10667 10479 10668
f 10668 10652 10653
f 10668 10653 10669
f 10669 10653 10654
f 10670 10664 10663
f 10670 10663 10665
f 10670 10665 10671
f 10673 10671 10672
f 10672 10671 10480
f 10671 10665 10480
f 10665 10477 10480
f 10482 10672 10480
f 10674 10484 10485
f 10675 10674 10485
f 10478 10675 10485
f 10666 10675 10478
f 10673 10672 10676
f 10673 10676 10677
f 10487 10676 10482
f 10482 10676 10672
f 10678 10488 10489
f 10679 10678 10489
f 10679 10489 10484
f 10680 10679 10484
f 10674 10680 10484
f 10680 10674 10675
f 10677 10676 10681
f 10677 10681 10682
f 10491 10681 10487
f 10487 10681 10676
f 10683 10493 10678
f 10678 10493 10488
f 10678 10679 10684
f 10678 10684 10683
f 10687 10686 10685
f 10685 10686 10682
f 10685 10682 10681
f 10496 10685 10681
f 10495 10496 10681
f 10495 10681 10491
f 10688 10499 10683
f 10683 10499 10493
f 10683 10684 10689
f 10683 10689 10688
f 10690 10687 10685
f 10685 10496 10690
f 10496 10691 10690
f 10496 10501 10691
f 10693 10692 10688
f 10692 10499 10688
f 10692 10502 10499
f 10693 10688 10689
f 10694 10691 10501
f 10694 10501 10503
f 10696 10695 10505
f 10695 10503 10505
f 10695 10694 10503
f 10696 10697 10695
f 10692 10506 10502
f 10698 10506 10692
f 10507 10696 10505
f 10700 10699 10509
f 10509 10699 10507
f 10699 10697 10507
f 10697 10696 10507
f 10700 10701 10699
f 10698 10510 10506
f 10702 10510 10698
f 10511 10700 10509
f 10511 10512 10700
f 10512 10701 10700
f 10512 10703 10701
f 10702 10513 10510
f 10704 10513 10702
f 10705 10703 10512
f 10705 10512 10514
f 10514 10516 10705
f 10705 10516 10706
f 10704 10707 10513
f 10513 10707 10517
f 10517 10708 10519
f 10707 10708 10517
f 10519 10709 10521
f 10708 10709 10519
f 10711 10710 10522
f 10521 10711 10522
f 10709 10711 10521
f 10712 10710 10711
f 10713 10706 10516
f 10713 10516 10523
f 10523 10524 10713
f 10713 10524 10714
f 10710 10526 10522
f 10527 10526 10710
f 10712 10527 10710
f 10715 10527 10712
f 10716 10714 10524
f 10716 10524 10528
f 10528 10530 10716
f 10716 10530 10717
f 10718 10532 10533
f 10534 10719 10533
f 10533 10719 10718
f 10720 10719 10534
f 10527 10720 10534
f 10715 10720 10527
f 10536 10717 10530
f 10536 10721 10717
f 10718 10538 10532
f 10538 10718 10539
f 10718 10722 10539
f 10718 10719 10722
f 10719 10720 10723
f 10719 10723 10722
f 10541 10724 10540
f 10724 10725 10540
f 10725 10536 10540
f 10725 10721 10536
f 10727 10726 10722
f 10726 10539 10722
f 10726 10543 10539
f 10727 10722 10723
f 10544 10728 10724
f 10544 10724 10541
f 10725 10724 10729
f 10729 10724 10728
f 10730 10545 10546
f 10731 10730 10546
f 10543 10731 10546
f 10726 10731 10543
f 10549 10732 10548
f 10732 10733 10548
f 10548 10733 10544
f 10733 10734 10544
f 10734 10728 10544
f 10728 10734 10729
f 10736 10735 10730
f 10735 10545 10730
f 10735 10550 10545
f 10736 10730 10731
f 10552 10737 10732
f 10552 10732 10549
f 10733 10732 10738
f 10738 10732 10737
f 10735 10553 10550
f 10739 10553 10735
f 10737 10552 10554
f 10742 10741 10740
f 10741 10742 10556
f 10742 10738 10556
f 10737 10554 10556
f 10737 10556 10738
f 10739 10557 10553
f 10743 10557 10739
f 10740 10741 10744
f 10740 10744 10745
f 10559 10744 10556
f 10556 10744 10741
f 10743 10560 10557
f 10746 10560 10743
f 10745 10744 10747
f 10745 10747 10748
f 10562 10747 10559
f 10559 10747 10744
f 10746 10563 10560
f 10749 10563 10746
f 10748 10747 10750
f 10748 10750 10751
f 10564 10752 10562
f 10752 10747 10562
f 10752 10750 10747
f 10565 10752 10564
f 10749 10566 10563
f 10753 10566 10749
f 10751 10750 10754
f 10751 10754 10755
f 10756 10750 10752
f 10754 10750 10756
f 10567 10756 10565
f 10565 10756 10752
f 10758 10568 10757
f 10568 10753 10757
f 10568 10566 10753
f 10759 10758 10757
f 10762 10761 10760
f 10760 10761 10755
f 10760 10755 10754
f 10571 10760 10754
f 10570 10571 10754
f 10570 10754 10572
f 10572 10754 10756
f 10572 10756 10567
f 10758 10573 10568
f 10575 10573 10758
f 10759 10575 10758
f 10763 10575 10759
f 10762 10760 10764
f 10762 10764 10765
f 10577 10764 10571
f 10571 10764 10760
f 10763 10578 10575
f 10766 10578 10763
f 10765 10764 10767
f 10765 10767 10768
f 10580 10767 10577
f 10577 10767 10764
f 10770 10582 10769
f 10582 10766 10769
f 10582 10578 10766
f 10771 10770 10769
f 10768 10767 10772
f 10768 10772 10773
f 10583 10774 10580
f 10774 10767 10580
f 10774 10772 10767
f 10584 10774 10583
f 10770 10585 10582
f 10776 10775 10587
f 10776 10587 10585
f 10771 10776 10585
f 10770 10771 10585
f 10777 10775 10776
f 10780 10779 10778
f 10778 10779 10773
f 10772 10778 10773
f 10781 10778 10772
f 10782 10772 10774
f 10781 10772 10782
f 10588 10782 10584
f 10584 10782 10774
f 10775 10590 10587
f 10777 10783 10775
f 10783 10590 10775
f 10783 10592 10590
f 10593 10592 10783
f 10593 10783 10784
f 10785 10780 10778
f 10787 10786 10785
f 10778 10787 10785
f 10781 10787 10778
f 10596 10787 10595
f 10787 10782 10595
f 10787 10781 10782
f 10595 10782 10588
f 10784 10598 10593
f 10788 10598 10784
f 10790 10789 10600
f 10790 10600 10601
f 10787 10791 10602
f 10789 10787 10602
f 10600 10789 10602
f 10786 10787 10789
f 10604 10791 10596
f 10596 10791 10787
f 10788 10605 10598
f 10792 10605 10788
f 10795 10794 10793
f 10797 10796 10793
f 10797 10793 10794
f 10797 10790 10796
f 10790 10607 10796
f 10790 10601 10607
f 10791 10608 10602
f 10608 10791 10604
f 10799 10611 10798
f 10611 10792 10798
f 10611 10605 10792
f 10801 10800 10799
f 10801 10799 10798
f 10802 10800 10801
f 10805 10804 10803
f 10806 10803 10804
f 10809 10808 10807
f 10811 10810 10807
f 10811 10807 10808
f 10813 10812 10810
f 10813 10810 10811
f 10815 10814 10812
f 10815 10812 10813
f 10814 10815 10795
f 10793 10814 10795
f 10816 10814 10793
f 10614 10816 10613
f 10816 10796 10613
f 10816 10793 10796
f 10613 10796 10607
f 10817 10616 10799
f 10799 10616 10611
f 10818 10799 10800
f 10817 10799 10818
f 10800 10802 10819
f 10800 10819 10818
f 10805 10803 10820
f 10805 10820 10821
f 10803 10806 10822
f 10823 10803 10822
f 10820 10803 10823
f 10823 10822 10809
f 10823 10809 10807
f 10619 10823 10807
f 10618 10619 10807
f 10618 10807 10620
f 10620 10807 10810
f 10620 10810 10622
f 10622 10810 10812
f 10622 10812 10623
f 10623 10812 10814
f 10623 10814 10624
f 10624 10814 10816
f 10624 10816 10614
f 10817 10625 10616
f 10625 10817 10627
f 10817 10824 10627
f 10817 10818 10824
f 10818 10819 10825
f 10818 10825 10824
f 10821 10820 10826
f 10821 10826 10827
f 10629 10826 10628
f 10826 10823 10628
f 10826 10820 10823
f 10628 10823 10619
f 10824 10630 10627
f 10825 10828 10824
f 10828 10630 10824
f 10828 10631 10630
f 10631 10829 10632
f 10828 10829 10631
f 10633 10632 10829
f 10633 10829 10830
f 10827 10826 10831
f 10827 10831 10832
f 10634 10831 10629
f 10629 10831 10826
f 10635 10633 10833
f 10633 10834 10833
f 10633 10830 10834
f 10635 10833 10835
f 10836 10635 10835
f 10636 10635 10836
f 10831 10637 10832
f 10637 10836 10832
f 10637 10636 10836
f 10637 10831 10634
f 10834 10837 10833
f 10833 10837 10835
f 10838 10639 10640
f 10642 10838 10640
f 10839 10645 10646
f 10647 10840 10646
f 10646 10840 10839
f 10649 10840 10647
f 10841 10654 10655
f 10656 10842 10655
f 10655 10842 10841
f 10639 10838 10656
f 10838 10842 10656
f 10838 10843 10842
f 10657 10844 10642
f 10844 10838 10642
f 10844 10843 10838
f 10658 10845 10657
f 10657 10845 10844
f 10845 10658 10846
f 10658 10847 10846
f 10658 10659 10847
f 10659 10645 10839
f 10848 10659 10839
f 10847 10659 10848
f 10848 10839 10840
f 10848 10840 10849
f 10849 10840 10649
f 10660 10849 10649
f 10850 10849 10660
f 10852 10850 10851
f 10850 10661 10851
f 10850 10660 10661
f 10662 10853 10661
f 10661 10853 10851
f 10664 10853 10662
f 10854 10666 10667
f 10668 10855 10667
f 10667 10855 10854
f 10855 10668 10856
f 10668 10857 10856
f 10668 10669 10857
f 10669 10654 10841
f 10858 10669 10841
f 10857 10669 10858
f 10858 10841 10842
f 10858 10842 10859
f 10859 10842 10843
f 10859 10843 10860
f 10860 10843 10844
f 10860 10844 10861
f 10861 10844 10845
f 10861 10845 10862
f 10862 10845 10846
f 10863 10852 10851
f 10863 10851 10853
f 10863 10853 10864
f 10866 10864 10865
f 10865 10864 10670
f 10864 10853 10670
f 10853 10664 10670
f 10671 10867 10670
f 10670 10867 10865
f 10673 10867 10671
f 10869 10868 10854
f 10868 10666 10854
f 10868 10675 10666
f 10869 10854 10855
f 10869 10855 10870
f 10870 10855 10856
f 10871 10866 10865
f 10873 10872 10871
f 10865 10873 10871
f 10867 10873 10865
f 10677 10873 10673
f 10673 10873 10867
f 10874 10679 10680
f 10875 10874 10680
f 10675 10875 10680
f 10868 10875 10675
f 10872 10873 10876
f 10872 10876 10877
f 10682 10876 10677
f 10677 10876 10873
f 10879 10878 10874
f 10878 10679 10874
f 10878 10684 10679
f 10879 10874 10875
f 10877 10876 10686
f 10687 10877 10686
f 10880 10877 10687
f 10686 10876 10682
f 10878 10689 10684
f 10881 10689 10878
f 10882 10880 10687
f 10882 10687 10690
f 10884 10883 10691
f 10883 10690 10691
f 10883 10882 10690
f 10886 10885 10884
f 10884 10885 10883
f 10886 10887 10885
f 10888 10692 10693
f 10889 10888 10693
f 10689 10889 10693
f 10881 10889 10689
f 10694 10884 10691
f 10884 10694 10695
f 10884 10695 10886
f 10891 10890 10697
f 10697 10890 10695
f 10890 10887 10695
f 10887 10886 10695
f 10891 10892 10890
f 10893 10698 10888
f 10888 10698 10692
f 10888 10889 10894
f 10888 10894 10893
f 10699 10891 10697
f 10699 10701 10891
f 10701 10892 10891
f 10701 10895 10892
f 10896 10702 10893
f 10893 10702 10698
f 10893 10894 10897
f 10893 10897 10896
f 10703 10899 10898
f 10895 10703 10898
f 10701 10703 10895
f 10899 10900 10898
f 10901 10704 10896
f 10896 10704 10702
f 10896 10897 10902
f 10903 10896 10902
f 10901 10896 10903
f 10905 10904 10903
f 10905 10903 10902
f 10906 10904 10905
f 10705 10899 10703
f 10705 10706 10899
f 10706 10900 10899
f 10706 10907 10900
f 10901 10707 10704
f 10707 10901 10708
f 10708 10901 10903
f 10708 10903 10709
f 10709 10903 10904
f 10906 10908 10904
f 10908 10709 10904
f 10908 10711 10709
f 10712 10711 10908
f 10712 10908 10909
f 10910 10907 10706
f 10910 10706 10713
f 10713 10714 10910
f 10910 10714 10911
f 10909 10715 10712
f 10912 10715 10909
f 10913 10911 10714
f 10913 10714 10716
f 10716 10717 10913
f 10913 10717 10914
f 10917 10916 10915
f 10915 10918 10917
f 10912 10720 10715
f 10919 10720 10912
f 10721 10914 10717
f 10721 10920 10914
f 10916 10921 10915
f 10915 10921 10918
f 10923 10723 10922
f 10723 10919 10922
f 10723 10720 10919
f 10924 10923 10922
f 10725 10920 10721
f 10725 10925 10920
f 10926 10726 10727
f 10927 10926 10727
f 10927 10727 10723
f 10928 10927 10723
f 10923 10928 10723
f 10928 10923 10924
f 10729 10925 10725
f 10729 10929 10925
f 10930 10731 10926
f 10926 10731 10726
f 10926 10927 10931
f 10926 10931 10930
f 10933 10932 10734
f 10933 10734 10733
f 10729 10734 10929
f 10929 10734 10932
f 10934 10735 10736
f 10731 10930 10736
f 10930 10934 10736
f 10930 10935 10934
f 10930 10931 10936
f 10930 10936 10935
f 10939 10938 10937
f 10938 10933 10937
f 10933 10738 10937
f 10933 10733 10738
f 10940 10739 10934
f 10934 10739 10735
f 10935 10942 10941
f 10940 10935 10941
f 10934 10935 10940
f 10942 10935 10936
f 10945 10944 10943
f 10943 10944 10939
f 10943 10939 10937
f 10740 10943 10937
f 10742 10740 10937
f 10742 10937 10738
f 10946 10743 10940
f 10940 10743 10739
f 10940 10941 10947
f 10940 10947 10946
f 10945 10943 10948
f 10945 10948 10949
f 10745 10948 10740
f 10740 10948 10943
f 10950 10746 10946
f 10946 10746 10743
f 10946 10947 10951
f 10946 10951 10950
f 10949 10948 10952
f 10949 10952 10953
f 10748 10952 10745
f 10745 10952 10948
f 10954 10749 10950
f 10950 10749 10746
f 10950 10951 10955
f 10950 10955 10954
f 10953 10952 10956
f 10953 10956 10957
f 10751 10956 10748
f 10748 10956 10952
f 10958 10753 10954
f 10954 10753 10749
f 10954 10955 10959
f 10954 10959 10958
f 10957 10956 10960
f 10957 10960 10961
f 10755 10960 10751
f 10751 10960 10956
f 10958 10757 10753
f 10759 10757 10958
f 10959 10759 10958
f 10962 10759 10959
f 10965 10964 10963
f 10963 10964 10961
f 10963 10961 10960
f 10762 10963 10960
f 10761 10762 10960
f 10761 10960 10755
f 10967 10763 10966
f 10763 10962 10966
f 10763 10759 10962
f 10968 10967 10966
f 10965 10963 10969
f 10965 10969 10970
f 10765 10969 10762
f 10762 10969 10963
f 10971 10766 10967
f 10967 10766 10763
f 10967 10968 10972
f 10967 10972 10971
f 10970 10969 10973
f 10970 10973 10974
f 10768 10973 10765
f 10765 10973 10969
f 10971 10769 10766
f 10976 10975 10771
f 10976 10771 10769
f 10972 10976 10769
f 10971 10972 10769
f 10977 10975 10976
f 10974 10973 10978
f 10974 10978 10979
f 10773 10978 10768
f 10768 10978 10973
f 10975 10776 10771
f 10777 10776 10975
f 10977 10777 10975
f 10980 10777 10977
f 10979 10978 10779
f 10780 10979 10779
f 10981 10979 10780
f 10779 10978 10773
f 10980 10982 10777
f 10777 10982 10783
f 10784 10783 10982
f 10784 10982 10983
f 10986 10985 10984
f 10987 10984 10785
f 10984 10981 10785
f 10981 10780 10785
f 10981 10984 10985
f 10786 10987 10785
f 10989 10788 10988
f 10788 10983 10988
f 10788 10784 10983
f 10990 10989 10988
f 10993 10992 10991
f 10995 10994 10991
f 10995 10991 10992
f 10997 10996 10994
f 10997 10994 10995
f 10996 10997 10986
f 10984 10996 10986
f 10998 10996 10984
f 10790 10998 10789
f 10998 10987 10789
f 10998 10984 10987
f 10789 10987 10786
f 10999 10792 10989
f 10989 10792 10788
f 10989 10990 11000
f 10989 11000 10999
f 11003 11002 11001
f 11001 11002 10993
f 10991 11001 10993
f 11004 11001 10991
f 11005 10991 10994
f 11004 10991 11005
f 10795 11005 10794
f 11005 10996 10794
f 11005 10994 10996
f 10794 10996 10797
f 10797 10996 10998
f 10797 10998 10790
f 10999 10798 10792
f 11000 11006 10999
f 11006 10798 10999
f 11006 10801 10798
f 10802 10801 11006
f 10802 11006 11007
f 11010 11009 11008
f 10804 10805 11008
f 11009 10804 11008
f 11011 10804 11009
f 11013 11012 10806
f 10804 11013 10806
f 11011 11013 10804
f 10808 10809 11012
f 11013 10808 11012
f 11014 10808 11013
f 11001 10811 11003
f 10811 11014 11003
f 10811 10808 11014
f 10811 11001 10813
f 10813 11001 11004
f 10813 11004 10815
f 10815 11004 11005
f 10815 11005 10795
f 11016 10819 11015
f 10819 11007 11015
f 10819 10802 11007
f 11018 11017 11016
f 11018 11016 11015
f 11019 11017 11018
f 11020 11010 11008
f 11008 10805 11020
f 10805 11021 11020
f 10805 10821 11021
f 11012 10822 10806
f 10822 11012 10809
f 11022 10825 11016
f 11016 10825 10819
f 11023 11016 11017
f 11022 11016 11023
f 11017 11019 11024
f 11017 11024 11023
f 10827 11021 10821
f 10827 11025 11021
f 11022 10828 10825
f 10828 11022 10829
f 10829 11022 11023
f 10830 10829 11023
f 11024 10830 11023
f 11026 10830 11024
f 10832 11025 10827
f 10832 11027 11025
f 11026 10834 10830
f 11028 10834 11026
f 11030 11029 10836
f 11030 10836 10835
f 10832 10836 11027
f 11027 10836 11029
f 11028 11031 10834
f 10834 11031 10837
f 10835 10837 11030
f 11030 10837 11031
f 11032 10846 10847
f 10848 11033 10847
f 10847 11033 11032
f 10849 11034 10848
f 10848 11034 11033
f 10850 11035 10849
f 10849 11035 11034
f 10852 11035 10850
f 11036 10856 10857
f 10858 11037 10857
f 10857 11037 11036
f 10859 11038 10858
f 10858 11038 11037
f 10860 11039 10859
f 10859 11039 11038
f 11039 10860 11040
f 10860 11041 11040
f 10860 10861 11041
f 11042 10861 10862
f 11042 11041 10861
f 10862 10846 11032
f 11043 10862 11032
f 11042 10862 11043
f 11043 11032 11033
f 11043 11033 11044
f 11044 11033 11034
f 11044 11034 11045
f 11045 11034 11035
f 11045 11035 11046
f 11048 11046 11047
f 11047 11046 10863
f 11046 11035 10863
f 11035 10852 10863
f 10864 11049 10863
f 10863 11049 11047
f 10866 11049 10864
f 11051 11050 10869
f 10869 11050 10868
f 11052 10869 10870
f 11052 11051 10869
f 10870 10856 11036
f 11053 10870 11036
f 11052 10870 11053
f 11053 11036 11037
f 11053 11037 11054
f 11054 11037 11038
f 11054 11038 11055
f 11055 11038 11039
f 11055 11039 11056
f 11056 11039 11040
f 11057 11048 11047
f 11059 11058 11057
f 11047 11059 11057
f 11049 11059 11047
f 10871 11060 10866
f 11060 11049 10866
f 11060 11059 11049
f 10872 11060 10871
f 11050 10875 10868
f 11061 10875 11050
f 11062 11058 11059
f 11064 11063 11062
f 11059 11064 11062
f 11060 11064 11059
f 10877 11064 10872
f 10872 11064 11060
f 11065 10878 10879
f 11066 11065 10879
f 10875 11066 10879
f 11061 11066 10875
f 11067 11063 11064
f 10877 10880 11064
f 10880 11068 11064
f 11068 11067 11064
f 11068 10880 11069
f 11069 11070 11068
f 11072 11071 11065
f 11071 10878 11065
f 11071 10881 10878
f 11072 11065 11066
f 10882 11069 10880
f 11073 11070 11069
f 10882 11073 11069
f 10883 11073 10882
f 11074 10883 10885
f 11074 11073 10883
f 10885 10887 11074
f 11074 10887 11075
f 11071 10889 10881
f 11076 10889 11071
f 11077 11075 10887
f 11077 10887 10890
f 10890 10892 11077
f 11077 10892 11078
f 11076 10894 10889
f 11079 10894 11076
f 10895 11081 11080
f 11078 10895 11080
f 10892 10895 11078
f 11081 11082 11080
f 11084 10897 11083
f 10897 11079 11083
f 10897 10894 11079
f 11085 11084 11083
f 10898 11081 10895
f 10898 10900 11081
f 10900 11082 11081
f 10900 11086 11082
f 11084 10902 10897
f 11085 11087 11084
f 11087 10902 11084
f 11087 10905 10902
f 11089 11088 10906
f 10905 11089 10906
f 11087 11089 10905
f 11090 11088 11089
f 10907 11086 10900
f 10907 11091 11086
f 11088 10908 10906
f 10909 10908 11088
f 11090 10909 11088
f 11092 10909 11090
f 10907 10910 11093
f 11094 10907 11093
f 11091 10907 11094
f 10911 11093 10910
f 11092 10912 10909
f 11095 10912 11092
f 11096 11094 11093
f 11098 11096 11097
f 11097 11096 10913
f 11096 11093 10913
f 11093 10911 10913
f 10914 11097 10913
f 11099 10916 10917
f 10918 11099 10917
f 11101 10919 11100
f 10919 11095 11100
f 10919 10912 11095
f 11102 11101 11100
f 11098 11097 11103
f 11098 11103 11104
f 10920 11103 10914
f 10914 11103 11097
f 11099 10921 10916
f 10921 11099 10918
f 11101 10922 10919
f 10924 10922 11101
f 11102 10924 11101
f 11105 10924 11102
f 11104 11103 11106
f 11104 11106 11107
f 10925 11106 10920
f 10920 11106 11103
f 11108 10927 10928
f 11109 11108 10928
f 10924 11109 10928
f 11105 11109 10924
f 11107 11106 11110
f 11107 11110 11111
f 10929 11110 10925
f 10925 11110 11106
f 11113 11112 11108
f 11112 10927 11108
f 11112 10931 10927
f 11113 11108 11109
f 11111 11110 10932
f 10933 11111 10932
f 11114 11111 10933
f 10932 11110 10929
f 11112 10936 10931
f 11115 10936 11112
f 11117 11116 10938
f 11117 10938 10939
f 10933 10938 11114
f 11114 10938 11116
f 11118 10941 10942
f 11119 11118 10942
f 10936 11119 10942
f 11115 11119 10936
f 11121 11120 10944
f 11121 10944 10945
f 10939 10944 11117
f 11117 10944 11120
f 11122 10947 11118
f 11118 10947 10941
f 11118 11119 11123
f 11118 11123 11122
f 10949 11121 10945
f 10949 11124 11121
f 11126 11125 11122
f 11125 10947 11122
f 11125 10951 10947
f 11126 11122 11123
f 10953 11124 10949
f 10953 11127 11124
f 11125 10955 10951
f 11128 10955 11125
f 10957 11127 10953
f 10957 11129 11127
f 11131 10959 11130
f 10959 11128 11130
f 10959 10955 11128
f 11132 11131 11130
f 11135 11134 11133
f 11134 11129 11133
f 11129 10961 11133
f 11129 10957 10961
f 11136 10962 11131
f 11131 10962 10959
f 11131 11132 11137
f 11138 11131 11137
f 11136 11131 11138
f 11139 11138 11137
f 11135 11133 10964
f 10965 11135 10964
f 11140 11135 10965
f 10964 11133 10961
f 11136 10966 10962
f 10966 11136 10968
f 11136 11141 10968
f 11136 11138 11141
f 11138 11139 11142
f 11138 11142 11141
f 10970 11140 10965
f 10970 11143 11140
f 11144 10972 11141
f 11141 10972 10968
f 11141 11142 11145
f 11146 11141 11145
f 11144 11141 11146
f 11147 11146 11145
f 11150 11149 11148
f 11149 11143 11148
f 11143 10974 11148
f 11143 10970 10974
f 11144 10976 10972
f 11144 11146 11151
f 10977 11144 11151
f 11152 10977 11151
f 11144 10977 10976
f 11151 11146 11147
f 11150 11148 11153
f 11150 11153 11154
f 10979 11153 10974
f 10974 11153 11148
f 11156 10980 11155
f 10980 11152 11155
f 10980 10977 11152
f 11157 11156 11155
f 11160 11159 11158
f 11158 11159 11154
f 11153 11158 11154
f 11161 11158 11153
f 10981 11161 10979
f 10979 11161 11153
f 11156 10982 10980
f 10983 10982 11156
f 11157 10983 11156
f 11162 10983 11157
f 11160 11158 11163
f 11160 11163 11164
f 10986 11163 10985
f 11163 11161 10985
f 11163 11158 11161
f 10985 11161 10981
f 11162 11165 10983
f 10983 11165 10988
f 10990 10988 11165
f 10990 11165 11166
f 11168 11167 10992
f 11168 10992 10993
f 10992 11169 10995
f 11167 11169 10992
f 11163 10997 11164
f 10997 11169 11164
f 10997 10995 11169
f 10997 11163 10986
f 11166 11000 10990
f 11170 11000 11166
f 11172 11171 11002
f 11172 11002 11003
f 10993 11002 11168
f 11168 11002 11171
f 11170 11173 11000
f 11000 11173 11006
f 11175 11174 11007
f 11006 11175 11007
f 11173 11175 11006
f 11177 11176 11174
f 11177 11174 11175
f 11179 11178 11176
f 11179 11176 11177
f 11009 11010 11178
f 11179 11009 11178
f 11180 11009 11179
f 11009 11181 11011
f 11180 11181 11009
f 11011 11182 11013
f 11181 11182 11011
f 11013 11183 11014
f 11182 11183 11013
f 11003 11014 11172
f 11172 11014 11183
f 11174 11015 11007
f 11015 11174 11018
f 11018 11174 11176
f 11018 11176 11019
f 11176 11184 11019
f 11176 11178 11184
f 11020 11185 11010
f 11185 11178 11010
f 11185 11184 11178
f 11021 11185 11020
f 11187 11186 11184
f 11186 11019 11184
f 11186 11024 11019
f 11189 11188 11187
f 11184 11189 11187
f 11185 11189 11184
f 11025 11189 11021
f 11021 11189 11185
f 11186 11026 11024
f 11190 11026 11186
f 11188 11189 11191
f 11188 11191 11192
f 11027 11191 11025
f 11025 11191 11189
f 11194 11028 11193
f 11028 11190 11193
f 11028 11026 11190
f 11194 11193 11192
f 11194 11192 11191
f 11030 11194 11191
f 11029 11030 11191
f 11029 11191 11027
f 11194 11031 11028
f 11031 11194 11030
f 11196 11195 11041
f 11041 11195 11040
f 11198 11196 11197
f 11196 11042 11197
f 11196 11041 11042
f 11043 11199 11042
f 11042 11199 11197
f 11044 11200 11043
f 11043 11200 11199
f 11045 11201 11044
f 11044 11201 11200
f 11046 11202 11045
f 11045 11202 11201
f 11048 11202 11046
f 11203 11050 11051
f 11052 11204 11051
f 11051 11204 11203
f 11053 11205 11052
f 11052 11205 11204
f 11054 11206 11053
f 11053 11206 11205
f 11055 11207 11054
f 11054 11207 11206
f 11056 11208 11055
f 11055 11208 11207
f 11040 11195 11209
f 11208 11040 11209
f 11210 11208 11209
f 11056 11040 11208
f 11210 11212 11211
f 11210 11197 11212
f 11210 11209 11198
f 11197 11210 11198
f 11212 11197 11199
f 11212 11199 11213
f 11213 11199 11200
f 11213 11200 11214
f 11214 11200 11201
f 11214 11201 11215
f 11217 11216 11215
f 11201 11217 11215
f 11202 11217 11201
f 11057 11218 11048
f 11218 11202 11048
f 11218 11217 11202
f 11058 11218 11057
f 11220 11219 11203
f 11219 11050 11203
f 11219 11061 11050
f 11220 11203 11204
f 11220 11204 11221
f 11221 11204 11205
f 11221 11205 11222
f 11222 11205 11206
f 11222 11206 11223
f 11223 11206 11207
f 11223 11207 11224
f 11224 11207 11208
f 11224 11208 11225
f 11225 11208 11210
f 11225 11210 11226
f 11226 11210 11211
f 11227 11216 11217
f 11227 11217 11218
f 11227 11218 11228
f 11230 11228 11229
f 11229 11228 11062
f 11228 11218 11062
f 11218 11058 11062
f 11063 11229 11062
f 11219 11066 11061
f 11231 11066 11219
f 11234 11233 11232
f 11235 11232 11233
f 11236 11230 11229
f 11236 11229 11063
f 11067 11236 11063
f 11237 11236 11067
f 11238 11067 11068
f 11238 11237 11067
f 11068 11070 11238
f 11238 11070 11239
f 11240 11071 11072
f 11241 11240 11072
f 11066 11241 11072
f 11231 11241 11066
f 11242 11234 11232
f 11242 11232 11235
f 11243 11239 11070
f 11243 11070 11073
f 11244 11073 11074
f 11244 11243 11073
f 11074 11075 11244
f 11244 11075 11245
f 11246 11076 11240
f 11240 11076 11071
f 11240 11241 11247
f 11240 11247 11246
f 11248 11245 11075
f 11248 11075 11077
f 11077 11078 11248
f 11248 11078 11249
f 11250 11079 11246
f 11246 11079 11076
f 11246 11247 11251
f 11246 11251 11250
f 11078 11080 11252
f 11253 11078 11252
f 11249 11078 11253
f 11082 11252 11080
f 11250 11083 11079
f 11255 11254 11085
f 11255 11085 11083
f 11251 11255 11083
f 11250 11251 11083
f 11256 11254 11255
f 11257 11253 11252
f 11252 11082 11257
f 11082 11258 11257
f 11082 11086 11258
f 11254 11087 11085
f 11256 11259 11254
f 11259 11087 11254
f 11259 11089 11087
f 11090 11089 11259
f 11090 11259 11260
f 11263 11262 11261
f 11264 11261 11262
f 11091 11258 11086
f 11091 11265 11258
f 11267 11092 11266
f 11092 11260 11266
f 11092 11090 11260
f 11267 11266 11263
f 11261 11267 11263
f 11268 11267 11261
f 11261 11264 11269
f 11261 11269 11268
f 11094 11265 11091
f 11094 11270 11265
f 11271 11095 11267
f 11267 11095 11092
f 11268 11273 11272
f 11271 11268 11272
f 11267 11268 11271
f 11273 11268 11269
f 11094 11096 11274
f 11275 11094 11274
f 11270 11094 11275
f 11098 11274 11096
f 11271 11100 11095
f 11277 11276 11102
f 11277 11102 11100
f 11272 11277 11100
f 11271 11272 11100
f 11278 11276 11277
f 11279 11275 11274
f 11274 11098 11279
f 11098 11280 11279
f 11098 11104 11280
f 11281 11105 11276
f 11276 11105 11102
f 11276 11278 11282
f 11276 11282 11281
f 11285 11284 11283
f 11284 11280 11283
f 11280 11107 11283
f 11280 11104 11107
f 11286 11109 11281
f 11281 11109 11105
f 11281 11282 11287
f 11281 11287 11286
f 11285 11283 11288
f 11285 11288 11289
f 11111 11288 11107
f 11107 11288 11283
f 11291 11290 11113
f 11113 11290 11112
f 11113 11109 11286
f 11292 11113 11286
f 11291 11113 11292
f 11292 11286 11287
f 11289 11288 11293
f 11289 11293 11294
f 11114 11293 11111
f 11111 11293 11288
f 11290 11115 11112
f 11295 11115 11290
f 11298 11297 11296
f 11296 11297 11294
f 11296 11294 11293
f 11117 11296 11293
f 11116 11117 11293
f 11116 11293 11114
f 11295 11119 11115
f 11299 11119 11295
f 11302 11301 11300
f 11300 11301 11298
f 11300 11298 11296
f 11121 11300 11296
f 11120 11121 11296
f 11120 11296 11117
f 11299 11123 11119
f 11303 11123 11299
f 11302 11300 11304
f 11302 11304 11305
f 11124 11304 11121
f 11121 11304 11300
f 11306 11125 11126
f 11307 11306 11126
f 11123 11307 11126
f 11303 11307 11123
f 11305 11304 11308
f 11305 11308 11309
f 11127 11308 11124
f 11124 11308 11304
f 11310 11128 11306
f 11306 11128 11125
f 11306 11307 11311
f 11306 11311 11310
f 11309 11308 11312
f 11309 11312 11313
f 11129 11312 11127
f 11127 11312 11308
f 11310 11130 11128
f 11315 11314 11132
f 11315 11132 11130
f 11311 11315 11130
f 11310 11311 11130
f 11317 11316 11314
f 11317 11314 11315
f 11319 11318 11316
f 11319 11316 11317
f 11320 11318 11319
f 11323 11322 11321
f 11321 11322 11313
f 11321 11313 11312
f 11135 11321 11312
f 11134 11135 11312
f 11134 11312 11129
f 11314 11137 11132
f 11137 11314 11139
f 11314 11324 11139
f 11314 11316 11324
f 11325 11316 11318
f 11324 11316 11325
f 11318 11320 11326
f 11327 11318 11326
f 11325 11318 11327
f 11328 11327 11326
f 11323 11321 11329
f 11323 11329 11330
f 11140 11329 11135
f 11135 11329 11321
f 11331 11142 11324
f 11324 11142 11139
f 11332 11324 11325
f 11331 11324 11332
f 11327 11334 11333
f 11332 11327 11333
f 11325 11327 11332
f 11334 11327 11328
f 11337 11336 11335
f 11335 11336 11330
f 11329 11335 11330
f 11338 11335 11329
f 11143 11338 11140
f 11140 11338 11329
f 11331 11145 11142
f 11145 11331 11147
f 11331 11339 11147
f 11331 11332 11339
f 11332 11333 11340
f 11341 11332 11340
f 11339 11332 11341
f 11342 11341 11340
f 11345 11344 11343
f 11343 11344 11337
f 11335 11343 11337
f 11346 11343 11335
f 11150 11346 11149
f 11346 11338 11149
f 11346 11335 11338
f 11149 11338 11143
f 11347 11152 11151
f 11147 11339 11151
f 11339 11347 11151
f 11339 11348 11347
f 11349 11339 11341
f 11348 11339 11349
f 11341 11342 11350
f 11341 11350 11349
f 11353 11352 11351
f 11351 11352 11345
f 11343 11351 11345
f 11354 11351 11343
f 11355 11343 11346
f 11354 11343 11355
f 11154 11355 11150
f 11150 11355 11346
f 11347 11155 11152
f 11155 11347 11157
f 11347 11356 11157
f 11347 11348 11356
f 11357 11348 11349
f 11356 11348 11357
f 11349 11350 11358
f 11349 11358 11357
f 11353 11351 11359
f 11353 11359 11360
f 11361 11351 11354
f 11359 11351 11361
f 11160 11361 11159
f 11361 11355 11159
f 11361 11354 11355
f 11159 11355 11154
f 11362 11162 11356
f 11356 11162 11157
f 11363 11356 11357
f 11362 11356 11363
f 11357 11358 11364
f 11365 11357 11364
f 11363 11357 11365
f 11366 11365 11364
f 11369 11368 11367
f 11367 11368 11360
f 11359 11367 11360
f 11370 11367 11359
f 11371 11359 11361
f 11370 11359 11371
f 11164 11371 11160
f 11160 11371 11361
f 11362 11165 11162
f 11165 11362 11166
f 11362 11372 11166
f 11362 11363 11372
f 11373 11363 11365
f 11372 11363 11373
f 11365 11366 11374
f 11365 11374 11373
f 11377 11376 11375
f 11379 11378 11375
f 11379 11375 11376
f 11381 11380 11378
f 11381 11378 11379
f 11380 11381 11369
f 11367 11380 11369
f 11382 11380 11367
f 11168 11382 11167
f 11382 11370 11167
f 11382 11367 11370
f 11167 11370 11169
f 11169 11370 11371
f 11169 11371 11164
f 11383 11170 11372
f 11372 11170 11166
f 11384 11372 11373
f 11383 11372 11384
f 11373 11374 11385
f 11386 11373 11385
f 11384 11373 11386
f 11388 11387 11386
f 11388 11386 11385
f 11390 11389 11387
f 11390 11387 11388
f 11389 11390 11377
f 11375 11389 11377
f 11391 11389 11375
f 11392 11375 11378
f 11391 11375 11392
f 11393 11378 11380
f 11392 11378 11393
f 11172 11393 11171
f 11393 11382 11171
f 11393 11380 11382
f 11171 11382 11168
f 11383 11173 11170
f 11173 11383 11175
f 11175 11383 11384
f 11175 11384 11177
f 11177 11384 11386
f 11177 11386 11179
f 11179 11386 11387
f 11179 11387 11180
f 11180 11387 11389
f 11180 11389 11181
f 11181 11389 11391
f 11181 11391 11182
f 11182 11391 11392
f 11182 11392 11183
f 11183 11392 11393
f 11183 11393 11172
f 11394 11186 11187
f 11188 11394 11187
f 11395 11190 11394
f 11394 11190 11186
f 11192 11395 11188
f 11188 11395 11394
f 11395 11193 11190
f 11193 11395 11192
f 11396 11195 11196
f 11198 11396 11196
f 11396 11209 11195
f 11209 11396 11198
f 11397 11211 11212
f 11213 11398 11212
f 11212 11398 11397
f 11214 11399 11213
f 11213 11399 11398
f 11215 11400 11214
f 11214 11400 11399
f 11216 11400 11215
f 11401 11219 11220
f 11221 11402 11220
f 11220 11402 11401
f 11402 11221 11403
f 11221 11404 11403
f 11221 11222 11404
f 11405 11222 11223
f 11405 11404 11222
f 11407 11405 11406
f 11405 11224 11406
f 11405 11223 11224
f 11225 11408 11224
f 11224 11408 11406
f 11226 11409 11225
f 11225 11409 11408
f 11211 11397 11226
f 11397 11409 11226
f 11397 11410 11409
f 11411 11397 11398
f 11410 11397 11411
f 11412 11398 11399
f 11411 11398 11412
f 11413 11399 11400
f 11412 11399 11413
f 11227 11414 11216
f 11414 11400 11216
f 11414 11413 11400
f 11228 11415 11227
f 11227 11415 11414
f 11417 11415 11416
f 11415 11228 11416
f 11230 11418 11416
f 11230 11416 11228
f 11418 11419 11416
f 11420 11231 11401
f 11401 11231 11219
f 11421 11401 11402
f 11420 11401 11421
f 11402 11403 11422
f 11423 11402 11422
f 11421 11402 11423
f 11425 11424 11423
f 11425 11423 11422
f 11424 11425 11407
f 11406 11424 11407
f 11426 11424 11406
f 11427 11406 11408
f 11426 11406 11427
f 11428 11408 11409
f 11427 11408 11428
f 11429 11409 11410
f 11428 11409 11429
f 11430 11410 11411
f 11429 11410 11430
f 11431 11411 11412
f 11430 11411 11431
f 11432 11233 11234
f 11434 11433 11413
f 11431 11413 11433
f 11413 11431 11412
f 11235 11233 11432
f 11435 11434 11414
f 11413 11414 11434
f 11435 11414 11415
f 11435 11415 11436
f 11230 11236 11418
f 11415 11417 11436
f 11437 11419 11418
f 11236 11437 11418
f 11237 11437 11236
f 11438 11237 11238
f 11438 11437 11237
f 11238 11239 11438
f 11438 11239 11439
f 11440 11241 11420
f 11420 11241 11231
f 11441 11420 11421
f 11440 11420 11441
f 11423 11443 11442
f 11441 11423 11442
f 11421 11423 11441
f 11443 11423 11424
f 11443 11424 11444
f 11444 11424 11426
f 11444 11426 11445
f 11445 11426 11427
f 11445 11427 11446
f 11448 11447 11446
f 11427 11448 11446
f 11428 11448 11427
f 11429 11450 11449
f 11448 11429 11449
f 11428 11429 11448
f 11450 11429 11430
f 11450 11430 11451
f 11451 11430 11431
f 11451 11431 11452
f 11234 11242 11432
f 11431 11433 11452
f 11432 11242 11235
f 11453 11439 11239
f 11453 11239 11243
f 11455 11453 11454
f 11453 11244 11454
f 11453 11243 11244
f 11245 11454 11244
f 11456 11247 11440
f 11440 11247 11241
f 11441 11458 11457
f 11456 11441 11457
f 11440 11441 11456
f 11458 11441 11442
f 11459 11447 11448
f 11459 11448 11449
f 11460 11455 11454
f 11462 11460 11461
f 11461 11460 11248
f 11460 11454 11248
f 11454 11245 11248
f 11249 11461 11248
f 11463 11251 11456
f 11456 11251 11247
f 11456 11457 11464
f 11456 11464 11463
f 11465 11462 11461
f 11461 11249 11465
f 11249 11466 11465
f 11249 11253 11466
f 11463 11255 11251
f 11468 11467 11256
f 11468 11256 11255
f 11464 11468 11255
f 11463 11464 11255
f 11469 11467 11468
f 11253 11257 11470
f 11471 11253 11470
f 11466 11253 11471
f 11258 11470 11257
f 11467 11259 11256
f 11473 11472 11260
f 11473 11260 11259
f 11469 11473 11259
f 11467 11469 11259
f 11262 11263 11472
f 11473 11262 11472
f 11474 11262 11473
f 11264 11262 11474
f 11264 11474 11475
f 11471 11470 11476
f 11471 11476 11477
f 11265 11476 11258
f 11258 11476 11470
f 11472 11266 11260
f 11266 11472 11263
f 11475 11269 11264
f 11478 11269 11475
f 11479 11477 11476
f 11476 11265 11479
f 11265 11480 11479
f 11265 11270 11480
f 11482 11481 11273
f 11273 11481 11272
f 11273 11269 11478
f 11273 11478 11482
f 11275 11480 11270
f 11275 11483 11480
f 11481 11484 11272
f 11272 11484 11277
f 11278 11277 11484
f 11278 11484 11485
f 11488 11487 11486
f 11489 11486 11279
f 11486 11483 11279
f 11483 11275 11279
f 11483 11486 11487
f 11280 11489 11279
f 11485 11282 11278
f 11490 11282 11485
f 11488 11486 11491
f 11488 11491 11492
f 11285 11491 11284
f 11491 11489 11284
f 11491 11486 11489
f 11284 11489 11280
f 11490 11287 11282
f 11493 11287 11490
f 11492 11491 11494
f 11492 11494 11495
f 11289 11494 11285
f 11285 11494 11491
f 11496 11290 11291
f 11496 11291 11497
f 11291 11498 11497
f 11291 11292 11498
f 11292 11287 11493
f 11292 11493 11498
f 11501 11500 11499
f 11499 11500 11495
f 11494 11499 11495
f 11502 11499 11494
f 11294 11502 11289
f 11289 11502 11494
f 11503 11295 11496
f 11496 11295 11290
f 11496 11497 11504
f 11496 11504 11503
f 11501 11499 11505
f 11501 11505 11506
f 11298 11505 11297
f 11505 11502 11297
f 11505 11499 11502
f 11297 11502 11294
f 11507 11299 11503
f 11503 11299 11295
f 11503 11504 11508
f 11503 11508 11507
f 11511 11510 11509
f 11512 11509 11510
f 11506 11505 11301
f 11302 11506 11301
f 11513 11506 11302
f 11301 11505 11298
f 11514 11303 11507
f 11507 11303 11299
f 11507 11508 11515
f 11507 11515 11514
f 11516 11511 11509
f 11516 11509 11512
f 11519 11518 11517
f 11518 11513 11517
f 11513 11305 11517
f 11513 11302 11305
f 11520 11307 11514
f 11514 11307 11303
f 11514 11515 11521
f 11514 11521 11520
f 11519 11517 11522
f 11519 11522 11523
f 11309 11522 11305
f 11305 11522 11517
f 11524 11311 11520
f 11520 11311 11307
f 11520 11521 11525
f 11526 11520 11525
f 11524 11520 11526
f 11527 11526 11525
f 11523 11522 11528
f 11523 11528 11529
f 11313 11528 11309
f 11309 11528 11522
f 11524 11315 11311
f 11315 11524 11317
f 11317 11524 11526
f 11527 11530 11526
f 11530 11317 11526
f 11530 11319 11317
f 11532 11531 11320
f 11319 11532 11320
f 11530 11532 11319
f 11534 11533 11531
f 11534 11531 11532
f 11536 11535 11533
f 11536 11533 11534
f 11538 11537 11535
f 11538 11535 11536
f 11540 11539 11537
f 11540 11537 11538
f 11542 11541 11539
f 11542 11539 11540
f 11544 11543 11541
f 11544 11541 11542
f 11546 11545 11543
f 11546 11543 11544
f 11548 11547 11545
f 11548 11545 11546
f 11550 11549 11547
f 11550 11547 11548
f 11552 11551 11549
f 11552 11549 11550
f 11554 11553 11551
f 11554 11551 11552
f 11553 11554 11529
f 11553 11529 11528
f 11323 11553 11528
f 11322 11323 11528
f 11322 11528 11313
f 11531 11326 11320
f 11326 11531 11328
f 11531 11555 11328
f 11531 11533 11555
f 11535 11557 11556
f 11555 11535 11556
f 11533 11535 11555
f 11559 11558 11557
f 11535 11559 11557
f 11537 11559 11535
f 11560 11537 11539
f 11559 11537 11560
f 11561 11539 11541
f 11560 11539 11561
f 11562 11541 11543
f 11561 11541 11562
f 11563 11543 11545
f 11562 11543 11563
f 11564 11545 11547
f 11563 11545 11564
f 11565 11547 11549
f 11564 11547 11565
f 11566 11549 11551
f 11565 11549 11566
f 11567 11551 11553
f 11566 11551 11567
f 11330 11567 11323
f 11323 11567 11553
f 11568 11333 11334
f 11328 11555 11334
f 11555 11568 11334
f 11555 11569 11568
f 11555 11556 11570
f 11571 11555 11570
f 11569 11555 11571
f 11571 11570 11558
f 11559 11571 11558
f 11572 11571 11559
f 11573 11559 11560
f 11572 11559 11573
f 11574 11560 11561
f 11573 11560 11574
f 11575 11561 11562
f 11574 11561 11575
f 11576 11562 11563
f 11575 11562 11576
f 11577 11563 11564
f 11576 11563 11577
f 11578 11564 11565
f 11577 11564 11578
f 11579 11565 11566
f 11578 11565 11579
f 11337 11579 11336
f 11579 11567 11336
f 11579 11566 11567
f 11336 11567 11330
f 11568 11340 11333
f 11340 11568 11342
f 11568 11580 11342
f 11568 11569 11580
f 11581 11569 11571
f 11580 11569 11581
f 11582 11571 11572
f 11581 11571 11582
f 11583 11572 11573
f 11582 11572 11583
f 11584 11573 11574
f 11583 11573 11584
f 11585 11574 11575
f 11584 11574 11585
f 11586 11575 11576
f 11585 11575 11586
f 11587 11576 11577
f 11586 11576 11587
f 11588 11577 11578
f 11587 11577 11588
f 11345 11588 11344
f 11588 11579 11344
f 11588 11578 11579
f 11344 11579 11337
f 11589 11350 11580
f 11580 11350 11342
f 11590 11580 11581
f 11589 11580 11590
f 11591 11581 11582
f 11590 11581 11591
f 11592 11582 11583
f 11591 11582 11592
f 11593 11583 11584
f 11592 11583 11593
f 11594 11584 11585
f 11593 11584 11594
f 11595 11585 11586
f 11594 11585 11595
f 11596 11586 11587
f 11595 11586 11596
f 11353 11596 11352
f 11596 11588 11352
f 11596 11587 11588
f 11352 11588 11345
f 11597 11358 11589
f 11589 11358 11350
f 11598 11589 11590
f 11597 11589 11598
f 11599 11590 11591
f 11598 11590 11599
f 11600 11591 11592
f 11599 11591 11600
f 11601 11592 11593
f 11600 11592 11601
f 11602 11593 11594
f 11601 11593 11602
f 11603 11594 11595
f 11602 11594 11603
f 11604 11595 11596
f 11603 11595 11604
f 11360 11604 11353
f 11353 11604 11596
f 11597 11364 11358
f 11364 11597 11366
f 11597 11605 11366
f 11597 11598 11605
f 11606 11598 11599
f 11605 11598 11606
f 11607 11599 11600
f 11606 11599 11607
f 11608 11600 11601
f 11607 11600 11608
f 11609 11601 11602
f 11608 11601 11609
f 11610 11602 11603
f 11609 11602 11610
f 11369 11610 11368
f 11610 11604 11368
f 11610 11603 11604
f 11368 11604 11360
f 11611 11374 11605
f 11605 11374 11366
f 11612 11605 11606
f 11611 11605 11612
f 11613 11606 11607
f 11612 11606 11613
f 11377 11613 11376
f 11613 11608 11376
f 11613 11607 11608
f 11376 11608 11379
f 11379 11608 11609
f 11379 11609 11381
f 11381 11609 11610
f 11381 11610 11369
f 11611 11385 11374
f 11385 11611 11388
f 11388 11611 11612
f 11388 11612 11390
f 11390 11612 11613
f 11390 11613 11377
f 11614 11403 11404
f 11405 11615 11404
f 11404 11615 11614
f 11407 11615 11405
f 11618 11617 11616
f 11417 11416 11616
f 11416 11618 11616
f 11416 11619 11618
f 11621 11620 11419
f 11620 11416 11419
f 11620 11619 11416
f 11621 11622 11620
f 11614 11422 11403
f 11422 11614 11425
f 11425 11614 11615
f 11425 11615 11407
f 11625 11624 11623
f 11627 11626 11623
f 11623 11626 11625
f 11627 11628 11626
f 11630 11629 11434
f 11434 11629 11433
f 11631 11434 11435
f 11631 11630 11434
f 11436 11616 11617
f 11631 11436 11617
f 11435 11436 11631
f 11616 11436 11417
f 11437 11621 11419
f 11632 11622 11621
f 11437 11632 11621
f 11438 11632 11437
f 11438 11439 11632
f 11632 11439 11633
f 11634 11442 11443
f 11444 11635 11443
f 11443 11635 11634
f 11445 11636 11444
f 11444 11636 11635
f 11446 11637 11445
f 11445 11637 11636
f 11447 11637 11446
f 11638 11449 11450
f 11624 11639 11623
f 11451 11638 11450
f 11638 11451 11640
f 11627 11640 11451
f 11640 11627 11639
f 11623 11639 11627
f 11641 11628 11627
f 11451 11641 11627
f 11452 11641 11451
f 11452 11433 11629
f 11452 11629 11641
f 11642 11633 11439
f 11642 11439 11453
f 11453 11455 11642
f 11642 11455 11643
f 11644 11457 11458
f 11442 11634 11458
f 11634 11644 11458
f 11634 11645 11644
f 11646 11634 11635
f 11645 11634 11646
f 11647 11635 11636
f 11646 11635 11647
f 11648 11636 11637
f 11647 11636 11648
f 11459 11649 11447
f 11649 11637 11447
f 11649 11648 11637
f 11650 11649 11459
f 11650 11459 11449
f 11651 11650 11449
f 11638 11651 11449
f 11651 11638 11640
f 11652 11643 11455
f 11652 11455 11460
f 11460 11462 11652
f 11652 11462 11653
f 11654 11464 11644
f 11644 11464 11457
f 11655 11644 11645
f 11654 11644 11655
f 11656 11645 11646
f 11655 11645 11656
f 11657 11646 11647
f 11656 11646 11657
f 11648 11659 11658
f 11657 11648 11658
f 11647 11648 11657
f 11659 11648 11649
f 11659 11649 11660
f 11660 11649 11650
f 11462 11465 11661
f 11662 11462 11661
f 11653 11462 11662
f 11466 11661 11465
f 11654 11468 11464
f 11468 11654 11469
f 11654 11663 11469
f 11654 11655 11663
f 11664 11655 11656
f 11663 11655 11664
f 11657 11666 11665
f 11664 11657 11665
f 11656 11657 11664
f 11666 11657 11658
f 11667 11662 11661
f 11661 11466 11667
f 11466 11668 11667
f 11466 11471 11668
f 11663 11473 11469
f 11473 11663 11474
f 11474 11663 11664
f 11475 11474 11664
f 11665 11475 11664
f 11669 11475 11665
f 11477 11668 11471
f 11477 11670 11668
f 11673 11672 11671
f 11669 11673 11671
f 11478 11669 11671
f 11475 11669 11478
f 11477 11479 11674
f 11675 11477 11674
f 11670 11477 11675
f 11480 11674 11479
f 11676 11481 11482
f 11672 11677 11671
f 11678 11671 11677
f 11678 11478 11671
f 11678 11676 11482
f 11478 11678 11482
f 11675 11674 11679
f 11675 11679 11680
f 11483 11679 11480
f 11480 11679 11674
f 11676 11484 11481
f 11682 11681 11485
f 11682 11485 11484
f 11678 11682 11484
f 11676 11678 11484
f 11683 11681 11682
f 11686 11685 11684
f 11684 11685 11680
f 11684 11680 11679
f 11488 11684 11679
f 11487 11488 11679
f 11487 11679 11483
f 11687 11490 11681
f 11681 11490 11485
f 11681 11683 11688
f 11681 11688 11687
f 11691 11690 11689
f 11689 11690 11686
f 11684 11689 11686
f 11692 11689 11684
f 11492 11692 11488
f 11488 11692 11684
f 11694 11693 11687
f 11693 11490 11687
f 11693 11493 11490
f 11694 11687 11688
f 11691 11689 11695
f 11691 11695 11696
f 11697 11689 11692
f 11695 11689 11697
f 11495 11697 11492
f 11492 11697 11692
f 11698 11497 11498
f 11699 11698 11498
f 11493 11699 11498
f 11693 11699 11493
f 11702 11701 11700
f 11704 11703 11700
f 11704 11700 11701
f 11706 11705 11703
f 11706 11703 11704
f 11705 11706 11696
f 11695 11705 11696
f 11707 11705 11695
f 11501 11707 11500
f 11707 11697 11500
f 11707 11695 11697
f 11500 11697 11495
f 11708 11504 11698
f 11698 11504 11497
f 11698 11699 11709
f 11698 11709 11708
f 11710 11702 11700
f 11712 11711 11710
f 11700 11712 11710
f 11703 11712 11700
f 11713 11703 11705
f 11712 11703 11713
f 11714 11705 11707
f 11713 11705 11714
f 11506 11714 11501
f 11501 11714 11707
f 11716 11715 11708
f 11715 11504 11708
f 11715 11508 11504
f 11716 11708 11709
f 11719 11718 11717
f 11510 11511 11717
f 11718 11510 11717
f 11720 11510 11718
f 11512 11510 11720
f 11512 11720 11721
f 11722 11711 11712
f 11724 11723 11722
f 11712 11724 11722
f 11713 11724 11712
f 11725 11713 11714
f 11724 11713 11725
f 11513 11725 11506
f 11506 11725 11714
f 11727 11515 11726
f 11515 11715 11726
f 11515 11508 11715
f 11728 11727 11726
f 11731 11730 11729
f 11729 11730 11719
f 11717 11729 11719
f 11732 11729 11717
f 11516 11733 11511
f 11733 11717 11511
f 11733 11732 11717
f 11734 11733 11516
f 11512 11734 11516
f 11721 11734 11512
f 11723 11724 11735
f 11723 11735 11736
f 11519 11735 11518
f 11735 11725 11518
f 11735 11724 11725
f 11518 11725 11513
f 11737 11521 11727
f 11727 11521 11515
f 11727 11728 11738
f 11739 11727 11738
f 11737 11727 11739
f 11740 11739 11738
f 11731 11729 11741
f 11731 11741 11742
f 11743 11729 11732
f 11741 11729 11743
f 11744 11732 11733
f 11743 11732 11744
f 11733 11734 11745
f 11746 11733 11745
f 11744 11733 11746
f 11748 11747 11746
f 11748 11746 11745
f 11747 11748 11736
f 11735 11747 11736
f 11749 11747 11735
f 11523 11749 11519
f 11519 11749 11735
f 11737 11525 11521
f 11525 11737 11527
f 11737 11750 11527
f 11737 11739 11750
f 11739 11740 11751
f 11752 11739 11751
f 11750 11739 11752
f 11754 11753 11752
f 11754 11752 11751
f 11756 11755 11753
f 11756 11753 11754
f 11758 11757 11755
f 11758 11755 11756
f 11759 11757 11758
f 11762 11761 11760
f 11760 11761 11742
f 11741 11760 11742
f 11763 11760 11741
f 11764 11741 11743
f 11763 11741 11764
f 11765 11743 11744
f 11764 11743 11765
f 11766 11744 11746
f 11765 11744 11766
f 11767 11746 11747
f 11766 11746 11767
f 11768 11747 11749
f 11767 11747 11768
f 11529 11768 11523
f 11523 11768 11749
f 11750 11530 11527
f 11530 11750 11532
f 11532 11750 11752
f 11532 11752 11534
f 11534 11752 11753
f 11534 11753 11536
f 11536 11753 11755
f 11536 11755 11538
f 11538 11755 11757
f 11759 11769 11757
f 11769 11538 11757
f 11769 11540 11538
f 11760 11542 11762
f 11542 11769 11762
f 11542 11540 11769
f 11542 11760 11544
f 11544 11760 11763
f 11544 11763 11546
f 11546 11763 11764
f 11546 11764 11548
f 11548 11764 11765
f 11548 11765 11550
f 11550 11765 11766
f 11550 11766 11552
f 11552 11766 11767
f 11552 11767 11554
f 11554 11767 11768
f 11554 11768 11529
f 11770 11556 11557
f 11558 11770 11557
f 11770 11570 11556
f 11570 11770 11558
f 11771 11617 11618
f 11619 11772 11618
f 11618 11772 11771
f 11620 11773 11619
f 11619 11773 11772
f 11622 11773 11620
f 11774 11624 11625
f 11626 11775 11625
f 11625 11775 11774
f 11628 11775 11626
f 11776 11629 11630
f 11776 11630 11777
f 11630 11778 11777
f 11630 11631 11778
f 11631 11617 11771
f 11779 11631 11771
f 11778 11631 11779
f 11779 11771 11772
f 11779 11772 11780
f 11780 11772 11773
f 11780 11773 11781
f 11783 11781 11782
f 11782 11781 11632
f 11781 11773 11632
f 11773 11622 11632
f 11633 11782 11632
f 11774 11639 11624
f 11774 11775 11784
f 11640 11774 11784
f 11785 11640 11784
f 11774 11640 11639
f 11784 11775 11628
f 11641 11784 11628
f 11786 11784 11641
f 11641 11629 11776
f 11787 11641 11776
f 11786 11641 11787
f 11787 11776 11777
f 11783 11782 11788
f 11783 11788 11789
f 11642 11790 11633
f 11790 11782 11633
f 11790 11788 11782
f 11643 11790 11642
f 11791 11650 11651
f 11792 11791 11651
f 11640 11792 11651
f 11785 11792 11640
f 11793 11789 11788
f 11795 11794 11793
f 11788 11795 11793
f 11790 11795 11788
f 11652 11796 11643
f 11796 11790 11643
f 11796 11795 11790
f 11653 11796 11652
f 11797 11658 11659
f 11660 11798 11659
f 11659 11798 11797
f 11799 11798 11660
f 11799 11660 11650
f 11800 11799 11650
f 11791 11800 11650
f 11800 11791 11792
f 11801 11794 11795
f 11803 11802 11801
f 11795 11803 11801
f 11796 11803 11795
f 11662 11803 11653
f 11653 11803 11796
f 11804 11665 11666
f 11658 11797 11666
f 11797 11804 11666
f 11797 11805 11804
f 11798 11807 11806
f 11805 11798 11806
f 11797 11798 11805
f 11807 11798 11799
f 11808 11802 11803
f 11810 11808 11809
f 11809 11808 11667
f 11808 11803 11667
f 11803 11662 11667
f 11668 11809 11667
f 11811 11669 11804
f 11804 11669 11665
f 11805 11813 11812
f 11811 11805 11812
f 11804 11805 11811
f 11813 11805 11806
f 11810 11809 11814
f 11810 11814 11815
f 11670 11814 11668
f 11668 11814 11809
f 11816 11672 11673
f 11669 11811 11673
f 11811 11816 11673
f 11811 11817 11816
f 11811 11812 11818
f 11811 11818 11817
f 11815 11814 11819
f 11815 11819 11820
f 11675 11819 11670
f 11670 11819 11814
f 11816 11677 11672
f 11677 11816 11678
f 11816 11821 11678
f 11816 11817 11821
f 11817 11818 11822
f 11817 11822 11821
f 11820 11819 11823
f 11820 11823 11824
f 11680 11823 11675
f 11675 11823 11819
f 11821 11682 11678
f 11826 11825 11683
f 11826 11683 11682
f 11822 11826 11682
f 11821 11822 11682
f 11827 11825 11826
f 11830 11829 11828
f 11828 11829 11824
f 11828 11824 11823
f 11686 11828 11823
f 11685 11686 11823
f 11685 11823 11680
f 11832 11831 11825
f 11831 11683 11825
f 11831 11688 11683
f 11832 11825 11827
f 11835 11834 11833
f 11833 11834 11830
f 11833 11830 11828
f 11691 11833 11828
f 11690 11691 11828
f 11690 11828 11686
f 11836 11693 11694
f 11837 11836 11694
f 11688 11837 11694
f 11831 11837 11688
f 11840 11839 11838
f 11842 11841 11838
f 11842 11838 11839
f 11841 11842 11835
f 11833 11841 11835
f 11843 11841 11833
f 11696 11843 11691
f 11691 11843 11833
f 11844 11699 11836
f 11836 11699 11693
f 11836 11837 11845
f 11846 11836 11845
f 11844 11836 11846
f 11847 11846 11845
f 11840 11838 11701
f 11702 11840 11701
f 11848 11840 11702
f 11701 11838 11704
f 11704 11838 11841
f 11704 11841 11706
f 11706 11841 11843
f 11706 11843 11696
f 11849 11709 11844
f 11844 11709 11699
f 11850 11844 11846
f 11849 11844 11850
f 11846 11847 11851
f 11846 11851 11850
f 11854 11853 11852
f 11855 11852 11853
f 11856 11848 11702
f 11856 11702 11710
f 11710 11711 11856
f 11856 11711 11857
f 11858 11715 11716
f 11709 11849 11716
f 11849 11858 11716
f 11849 11859 11858
f 11860 11849 11850
f 11859 11849 11860
f 11850 11851 11861
f 11862 11850 11861
f 11860 11850 11862
f 11864 11863 11862
f 11864 11862 11861
f 11866 11865 11863
f 11866 11863 11864
f 11867 11865 11866
f 11870 11869 11868
f 11872 11871 11868
f 11872 11868 11869
f 11871 11872 11854
f 11871 11854 11852
f 11719 11871 11852
f 11718 11719 11852
f 11720 11718 11852
f 11873 11720 11852
f 11855 11873 11852
f 11874 11720 11873
f 11874 11721 11720
f 11875 11857 11711
f 11875 11711 11722
f 11722 11723 11875
f 11875 11723 11876
f 11858 11726 11715
f 11726 11858 11728
f 11858 11877 11728
f 11858 11859 11877
f 11878 11859 11860
f 11877 11859 11878
f 11879 11860 11862
f 11878 11860 11879
f 11880 11862 11863
f 11879 11862 11880
f 11881 11863 11865
f 11880 11863 11881
f 11865 11867 11882
f 11883 11865 11882
f 11881 11865 11883
f 11883 11882 11870
f 11868 11883 11870
f 11884 11883 11868
f 11731 11884 11730
f 11884 11871 11730
f 11884 11868 11871
f 11730 11871 11719
f 11873 11885 11874
f 11734 11721 11874
f 11886 11734 11874
f 11885 11886 11874
f 11734 11886 11887
f 11889 11888 11887
f 11889 11887 11886
f 11889 11876 11888
f 11876 11736 11888
f 11876 11723 11736
f 11877 11738 11728
f 11738 11877 11740
f 11877 11890 11740
f 11877 11878 11890
f 11891 11878 11879
f 11890 11878 11891
f 11892 11879 11880
f 11891 11879 11892
f 11893 11880 11881
f 11892 11880 11893
f 11894 11881 11883
f 11893 11881 11894
f 11895 11883 11884
f 11894 11883 11895
f 11742 11895 11731
f 11731 11895 11884
f 11887 11745 11734
f 11745 11887 11748
f 11748 11887 11888
f 11748 11888 11736
f 11890 11751 11740
f 11751 11890 11754
f 11754 11890 11891
f 11754 11891 11756
f 11756 11891 11892
f 11756 11892 11758
f 11758 11892 11893
f 11758 11893 11759
f 11893 11896 11759
f 11893 11894 11896
f 11762 11896 11761
f 11896 11895 11761
f 11896 11894 11895
f 11761 11895 11742
f 11896 11769 11759
f 11769 11896 11762
f 11897 11777 11778
f 11779 11898 11778
f 11778 11898 11897
f 11780 11899 11779
f 11779 11899 11898
f 11781 11900 11780
f 11780 11900 11899
f 11783 11900 11781
f 11901 11785 11784
f 11786 11902 11784
f 11784 11902 11901
f 11787 11903 11786
f 11786 11903 11902
f 11777 11897 11787
f 11897 11903 11787
f 11897 11904 11903
f 11905 11897 11898
f 11904 11897 11905
f 11906 11898 11899
f 11905 11898 11906
f 11907 11899 11900
f 11906 11899 11907
f 11789 11907 11783
f 11783 11907 11900
f 11908 11792 11901
f 11901 11792 11785
f 11909 11901 11902
f 11908 11901 11909
f 11903 11911 11910
f 11909 11903 11910
f 11902 11903 11909
f 11911 11903 11904
f 11911 11904 11912
f 11912 11904 11905
f 11912 11905 11913
f 11913 11905 11906
f 11913 11906 11914
f 11916 11915 11914
f 11906 11916 11914
f 11907 11916 11906
f 11793 11917 11789
f 11917 11907 11789
f 11917 11916 11907
f 11794 11917 11793
f 11918 11799 11800
f 11919 11918 11800
f 11919 11800 11792
f 11920 11919 11792
f 11908 11920 11792
f 11920 11908 11909
f 11920 11909 11921
f 11921 11909 11910
f 11922 11915 11916
f 11924 11923 11922
f 11916 11924 11922
f 11917 11924 11916
f 11801 11925 11794
f 11925 11917 11794
f 11925 11924 11917
f 11802 11925 11801
f 11926 11806 11807
f 11927 11926 11807
f 11927 11807 11799
f 11928 11927 11799
f 11918 11928 11799
f 11928 11918 11919
f 11929 11923 11924
f 11929 11924 11925
f 11929 11925 11930
f 11932 11930 11931
f 11931 11930 11808
f 11930 11925 11808
f 11925 11802 11808
f 11810 11931 11808
f 11933 11812 11813
f 11934 11933 11813
f 11934 11813 11806
f 11935 11934 11806
f 11926 11935 11806
f 11935 11926 11927
f 11932 11931 11936
f 11932 11936 11937
f 11815 11936 11810
f 11810 11936 11931
f 11938 11818 11933
f 11933 11818 11812
f 11933 11934 11939
f 11933 11939 11938
f 11937 11936 11940
f 11937 11940 11941
f 11820 11940 11815
f 11815 11940 11936
f 11942 11822 11938
f 11938 11822 11818
f 11938 11939 11943
f 11938 11943 11942
f 11941 11940 11944
f 11941 11944 11945
f 11824 11944 11820
f 11820 11944 11940
f 11942 11826 11822
f 11947 11946 11827
f 11947 11827 11826
f 11943 11947 11826
f 11942 11943 11826
f 11949 11948 11946
f 11949 11946 11947
f 11950 11948 11949
f 11953 11952 11951
f 11955 11954 11951
f 11955 11951 11952
f 11956 11954 11955
f 11959 11958 11957
f 11960 11957 11958
f 11963 11962 11961
f 11965 11964 11961
f 11965 11961 11962
f 11964 11965 11945
f 11964 11945 11944
f 11830 11964 11944
f 11829 11830 11944
f 11829 11944 11824
f 11966 11831 11832
f 11827 11946 11832
f 11946 11966 11832
f 11946 11967 11966
f 11968 11946 11948
f 11967 11946 11968
f 11948 11950 11969
f 11948 11969 11968
f 11970 11953 11951
f 11972 11971 11970
f 11951 11972 11970
f 11954 11972 11951
f 11954 11956 11973
f 11974 11954 11973
f 11972 11954 11974
f 11974 11973 11959
f 11957 11974 11959
f 11975 11974 11957
f 11957 11960 11976
f 11977 11957 11976
f 11975 11957 11977
f 11977 11976 11963
f 11961 11977 11963
f 11978 11977 11961
f 11835 11978 11834
f 11978 11964 11834
f 11978 11961 11964
f 11834 11964 11830
f 11979 11837 11966
f 11966 11837 11831
f 11980 11966 11967
f 11979 11966 11980
f 11981 11967 11968
f 11980 11967 11981
f 11968 11969 11982
f 11968 11982 11981
f 11971 11972 11983
f 11971 11983 11984
f 11985 11972 11974
f 11983 11972 11985
f 11986 11974 11975
f 11985 11974 11986
f 11840 11986 11839
f 11986 11977 11839
f 11986 11975 11977
f 11839 11977 11842
f 11842 11977 11978
f 11842 11978 11835
f 11979 11845 11837
f 11845 11979 11847
f 11979 11987 11847
f 11979 11980 11987
f 11988 11980 11981
f 11987 11980 11988
f 11981 11982 11989
f 11990 11981 11989
f 11988 11981 11990
f 11991 11990 11989
f 11984 11983 11992
f 11984 11992 11993
f 11994 11983 11985
f 11992 11983 11994
f 11986 11996 11995
f 11994 11986 11995
f 11985 11986 11994
f 11840 11848 11986
f 11848 11997 11986
f 11997 11996 11986
f 11997 11848 11998
f 11998 11999 11997
f 12000 11851 11987
f 11987 11851 11847
f 12001 11987 11988
f 12000 11987 12001
f 12002 11988 11990
f 12001 11988 12002
f 11990 11991 12003
f 11990 12003 12002
f 11993 11992 12004
f 11993 12004 12005
f 11854 12004 11853
f 12004 11994 11853
f 12004 11992 11994
f 11855 11853 11994
f 11995 11855 11994
f 12006 11855 11995
f 11856 11998 11848
f 11856 11857 11998
f 11857 11999 11998
f 11857 12007 11999
f 12000 11861 11851
f 11861 12000 11864
f 11864 12000 12001
f 11864 12001 11866
f 11866 12001 12002
f 12009 12008 11867
f 12009 11867 11866
f 12003 12009 11866
f 12002 12003 11866
f 11869 11870 12008
f 12009 11869 12008
f 12010 11869 12009
f 12004 11872 12005
f 11872 12010 12005
f 11872 11869 12010
f 11872 12004 11854
f 12012 11873 12011
f 11873 12006 12011
f 11873 11855 12006
f 12014 12013 12012
f 12014 12012 12011
f 12015 12013 11875
f 12013 12007 11875
f 12007 11857 11875
f 12007 12013 12014
f 11876 12015 11875
f 12008 11882 11867
f 11882 12008 11870
f 12012 11885 11873
f 11885 12012 11886
f 11886 12012 12013
f 11886 12013 11889
f 11889 12013 12015
f 11889 12015 11876
f 12016 11910 11911
f 11912 12017 11911
f 11911 12017 12016
f 11913 12018 11912
f 11912 12018 12017
f 11914 12019 11913
f 11913 12019 12018
f 11915 12019 11914
f 12020 11919 11920
f 11921 12021 11920
f 11920 12021 12020
f 11910 12016 11921
f 12016 12021 11921
f 12016 12022 12021
f 12023 12016 12017
f 12022 12016 12023
f 12024 12017 12018
f 12023 12017 12024
f 12025 12018 12019
f 12024 12018 12025
f 11922 12026 11915
f 12026 12019 11915
f 12026 12025 12019
f 11923 12026 11922
f 12027 11927 11928
f 11919 12020 11928
f 12020 12027 11928
f 12020 12028 12027
f 12029 12020 12021
f 12028 12020 12029
f 12030 12021 12022
f 12029 12021 12030
f 12031 12022 12023
f 12030 12022 12031
f 12024 12033 12032
f 12031 12024 12032
f 12023 12024 12031
f 12033 12024 12025
f 12033 12025 12034
f 12036 12035 12034
f 12025 12036 12034
f 12026 12036 12025
f 11929 12037 11923
f 12037 12026 11923
f 12037 12036 12026
f 11930 12038 11929
f 11929 12038 12037
f 11932 12038 11930
f 12039 11934 11935
f 11927 12027 11935
f 12027 12039 11935
f 12027 12040 12039
f 12041 12027 12028
f 12040 12027 12041
f 12042 12028 12029
f 12041 12028 12042
f 12043 12029 12030
f 12042 12029 12043
f 12044 12030 12031
f 12043 12030 12044
f 12031 12032 12045
f 12031 12045 12044
f 12035 12036 12046
f 12035 12046 12047
f 12048 12036 12037
f 12046 12036 12048
f 12049 12037 12038
f 12048 12037 12049
f 11937 12049 11932
f 11932 12049 12038
f 12050 11939 12039
f 12039 11939 11934
f 12051 12039 12040
f 12050 12039 12051
f 12052 12040 12041
f 12051 12040 12052
f 12042 12054 12053
f 12052 12042 12053
f 12041 12042 12052
f 12054 12042 12043
f 12054 12043 12055
f 12055 12043 12044
f 12055 12044 12056
f 12056 12044 12045
f 12057 12047 12046
f 12059 12058 12057
f 12046 12059 12057
f 12048 12059 12046
f 12060 12048 12049
f 12059 12048 12060
f 11941 12060 11937
f 11937 12060 12049
f 12061 11943 12050
f 12050 11943 11939
f 12062 12050 12051
f 12061 12050 12062
f 12063 12051 12052
f 12062 12051 12063
f 12052 12053 12064
f 12065 12052 12064
f 12063 12052 12065
f 12067 12066 12065
f 12067 12065 12064
f 12068 12066 12067
f 12069 12058 12059
f 12071 12070 12069
f 12059 12071 12069
f 12060 12071 12059
f 11945 12071 11941
f 11941 12071 12060
f 12061 11947 11943
f 11947 12061 11949
f 11949 12061 12062
f 11949 12062 11950
f 12062 12072 11950
f 12062 12063 12072
f 12073 12063 12065
f 12072 12063 12073
f 11953 12073 11952
f 12073 12066 11952
f 12073 12065 12066
f 12068 12074 12066
f 12074 11952 12066
f 12074 11955 11952
f 12076 12075 11956
f 11955 12076 11956
f 12074 12076 11955
f 11958 11959 12075
f 12076 11958 12075
f 12077 11958 12076
f 12079 12078 11960
f 11958 12079 11960
f 12077 12079 11958
f 11962 11963 12078
f 12079 11962 12078
f 12080 11962 12079
f 12071 11965 12070
f 11965 12080 12070
f 11965 11962 12080
f 11965 12071 11945
f 12081 11969 12072
f 12072 11969 11950
f 12082 12072 12073
f 12081 12072 12082
f 11970 12083 11953
f 12083 12073 11953
f 12083 12082 12073
f 11971 12083 11970
f 12075 11973 11956
f 11973 12075 11959
f 12078 11976 11960
f 11976 12078 11963
f 12084 11982 12081
f 12081 11982 11969
f 12085 12081 12082
f 12084 12081 12085
f 12086 12082 12083
f 12085 12082 12086
f 11984 12086 11971
f 11971 12086 12083
f 12084 11989 11982
f 11989 12084 11991
f 12084 12087 11991
f 12084 12085 12087
f 12088 12085 12086
f 12087 12085 12088
f 12091 12090 12089
f 11984 11993 12086
f 12088 12086 11993
f 12093 12092 12089
f 12089 12092 12091
f 11995 11996 12094
f 12092 12093 12095
f 11997 12096 11996
f 11996 12096 12094
f 11999 12096 11997
f 12097 12003 12087
f 12087 12003 11991
f 12098 12087 12088
f 12097 12087 12098
f 12088 11993 12098
f 12005 12098 11993
f 12099 12089 12090
f 12089 12099 12100
f 12089 12101 12093
f 12089 12100 12101
f 12102 11995 12094
f 11995 12102 12006
f 12095 12093 12103
f 12101 12103 12093
f 12104 12094 12096
f 12102 12094 12104
f 12007 12104 11999
f 11999 12104 12096
f 12097 12009 12003
f 12009 12097 12010
f 12010 12097 12098
f 12099 12105 12100
f 12010 12098 12005
f 12100 12105 12101
f 12101 12105 12106
f 12102 12011 12006
f 12106 12103 12101
f 12011 12102 12014
f 12014 12102 12104
f 12014 12104 12007
f 12107 12032 12033
f 12034 12108 12033
f 12033 12108 12107
f 12035 12108 12034
f 12109 12045 12107
f 12107 12045 12032
f 12110 12107 12108
f 12109 12107 12110
f 12047 12110 12035
f 12035 12110 12108
f 12111 12053 12054
f 12055 12112 12054
f 12054 12112 12111
f 12056 12113 12055
f 12055 12113 12112
f 12045 12109 12056
f 12109 12113 12056
f 12109 12114 12113
f 12115 12109 12110
f 12114 12109 12115
f 12057 12116 12047
f 12116 12110 12047
f 12116 12115 12110
f 12058 12116 12057
f 12111 12064 12053
f 12064 12111 12067
f 12067 12111 12112
f 12067 12112 12068
f 12112 12117 12068
f 12112 12113 12117
f 12118 12113 12114
f 12117 12113 12118
f 12119 12114 12115
f 12118 12114 12119
f 12120 12115 12116
f 12119 12115 12120
f 12069 12121 12058
f 12121 12116 12058
f 12121 12120 12116
f 12070 12121 12069
f 12117 12074 12068
f 12074 12117 12076
f 12076 12117 12118
f 12076 12118 12077
f 12077 12118 12119
f 12077 12119 12079
f 12079 12119 12120
f 12079 12120 12080
f 12080 12120 12121
f 12080 12121 12070
f 12122 12090 12091
f 12092 12123 12091
f 12091 12123 12122
f 12095 12123 12092
f 12124 12099 12122
f 12122 12099 12090
f 12125 12122 12123
f 12124 12122 12125
f 12103 12125 12095
f 12095 12125 12123
f 12124 12105 12099
f 12105 12124 12106
f 12106 12124 12125
f 12106 12125 12103
