v 55.85593032836914 125.0 47.0
v 56.0 125.0 46.782283782958984
v 56.0 124.75371551513672 47.0
v 56.0 124.39916229248047 48.0
v 55.692543029785156 125.0 48.0
v 56.0 124.20018005371094 49.0
v 55.86026382446289 125.0 49.0
v 56.0 125.0 49.20011901855469
v 55.80594253540039 126.0 47.0
v 56.0 126.0 46.55231475830078
v 55.80147933959961 126.0 48.0
v 56.0 126.0 48.4268913269043
v 56.0 125.33406829833984 49.0
v 55.95305633544922 127.0 45.0
v 56.0 127.0 44.951011657714844
v 56.0 126.93382263183594 45.0
v 56.0 126.54609680175781 46.0
v 55.80135726928711 127.0 46.0
v 56.0 126.56758880615234 47.0
v 56.0 127.0 46.57374572753906
v 56.0 126.48951721191406 48.0
v 55.74574661254883 128.0 45.0
v 56.0 128.0 44.725189208984375
v 55.64917755126953 128.0 46.0
v 56.0 128.0 46.884727478027344
v 55.9400520324707 128.0 48.0
v 56.0 128.0 47.485958099365234
v 56.0 127.79203796386719 48.0
v 56.0 127.98080444335938 49.0
v 55.99107360839844 128.0 49.0
v 56.0 128.0 49.010162353515625
v 55.87228012084961 129.0 45.0
v 56.0 129.0 44.82923889160156
v 55.726890563964844 129.0 46.0
v 56.0 128.47409057617188 47.0
v 55.93730545043945 129.0 47.0
v 56.0 128.4119110107422 48.0
v 56.0 129.0 47.42347717285156
v 55.96009826660156 129.0 49.0
v 56.0 129.0 48.69270324707031
v 56.0 129.0 49.043575286865234
v 56.0 129.20960998535156 45.0
v 56.0 129.40234375 46.0
v 56.0 129.1147918701172 47.0
v 56.0 129.16897583007812 49.0
v 56.861297607421875 117.0 48.0
v 57.0 117.0 47.77070999145508
v 57.0 116.77420043945312 48.0
v 57.0 116.70197296142578 49.0
v 56.8151969909668 117.0 49.0
v 57.0 117.0 49.37950134277344
v 56.808292388916016 118.0 48.0
v 57.0 118.0 47.59431076049805
v 56.733795166015625 118.0 49.0
v 57.0 118.0 49.802852630615234
v 57.0 118.40959167480469 48.0
v 57.0 118.43231201171875 49.0
v 56.791717529296875 122.0 47.0
v 57.0 122.0 46.56584167480469
v 57.0 121.66561889648438 47.0
v 57.0 121.46328735351562 48.0
v 56.59532165527344 122.0 48.0
v 57.0 121.54926300048828 49.0
v 56.564632415771484 122.0 49.0
v 57.0 122.0 49.45222091674805
v 56.7948112487793 123.0 46.0
v 57.0 123.0 45.68691635131836
v 57.0 122.5690689086914 46.0
v 56.53564453125 123.0 47.0
v 56.44527816772461 123.0 48.0
v 56.44175338745117 123.0 49.0
v 57.0 123.0 49.727325439453125
v 56.641178131103516 124.0 46.0
v 57.0 124.0 45.48950958251953
v 56.374454498291016 124.0 47.0
v 56.2192497253418 124.0 48.0
v 56.040279388427734 124.0 49.0
v 57.0 123.49069213867188 50.0
v 56.744041442871094 124.0 50.0
v 57.0 124.0 50.21752166748047
v 56.497127532958984 125.0 46.0
v 57.0 125.0 45.29077911376953
v 56.61580276489258 125.0 50.0
v 57.0 125.0 50.3106689453125
v 56.668907165527344 126.0 45.0
v 57.0 126.0 44.63936996459961
v 57.0 125.42032623291016 45.0
v 56.24708938598633 126.0 46.0
v 56.25979995727539 126.0 49.0
v 56.708717346191406 126.0 50.0
v 57.0 126.0 50.272037506103516
v 57.0 127.0 44.36433792114258
v 56.15232467651367 127.0 47.0
v 56.206398010253906 127.0 48.0
v 56.368221282958984 127.0 49.0
v 56.85544204711914 127.0 50.0
v 57.0 127.0 50.13453674316406
v 57.0 128.0 44.16831970214844
v 56.05672836303711 128.0 47.0
v 57.0 127.29737854003906 50.0
v 57.0 128.0 49.6910285949707
v 56.720577239990234 129.0 44.0
v 57.0 129.0 43.74899673461914
v 57.0 128.40853881835938 44.0
v 56.085445404052734 129.0 48.0
v 57.0 129.0 49.49159240722656
v 56.66555404663086 130.0 44.0
v 57.0 130.0 43.60042953491211
v 56.414695739746094 130.0 45.0
v 56.4227294921875 130.0 46.0
v 56.397193908691406 130.0 47.0
v 56.344852447509766 130.0 48.0
v 56.26729202270508 130.0 49.0
v 57.0 130.0 49.40882110595703
v 56.97555160522461 130.0 59.0
v 57.0 130.0 58.643028259277344
v 57.0 129.9491424560547 59.0
v 57.0 130.0 59.02707290649414
v 56.801597595214844 131.0 44.0
v 57.0 131.0 43.64128875732422
v 56.740909576416016 131.0 45.0
v 56.83391189575195 131.0 46.0
v 56.588951110839844 131.0 47.0
v 56.51362609863281 131.0 48.0
v 56.803226470947266 131.0 49.0
v 57.0 131.0 49.167972564697266
v 57.0 130.14102172851562 59.0
v 57.0 131.4751434326172 44.0
v 57.0 131.50888061523438 45.0
v 56.93793487548828 132.0 46.0
v 57.0 132.0 45.82141876220703
v 56.682613372802734 132.0 47.0
v 56.69462966918945 132.0 48.0
v 57.0 132.0 48.466190338134766
v 57.0 131.2967529296875 49.0
v 57.0 132.09788513183594 46.0
v 57.0 132.5316162109375 47.0
v 57.0 132.74398803710938 48.0
v 57.863304138183594 115.0 48.0
v 58.0 115.0 47.74852752685547
v 58.0 114.854736328125 48.0
v 58.0 114.6462631225586 49.0
v 57.69874954223633 115.0 49.0
v 58.0 114.67076873779297 50.0
v 57.709774017333984 115.0 50.0
v 58.0 114.67399597167969 51.0
v 57.75052261352539 115.0 51.0
v 58.0 115.0 51.64520263671875
v 57.71703338623047 116.0 47.0
v 58.0 116.0 46.30674362182617
v 58.0 115.56922149658203 47.0
v 57.416378021240234 116.0 48.0
v 57.38009262084961 116.0 49.0
v 57.477622985839844 116.0 50.0
v 57.63856506347656 116.0 51.0
v 58.0 116.0 51.554908752441406
v 57.70303726196289 117.0 46.0
v 58.0 117.0 45.406158447265625
v 58.0 116.28400421142578 46.0
v 57.407081604003906 117.0 47.0
v 57.295623779296875 117.0 50.0
v 57.64870834350586 117.0 51.0
v 58.0 117.0 51.70644760131836
v 57.872589111328125 118.0 45.0
v 58.0 118.0 44.85188674926758
v 58.0 117.65414428710938 45.0
v 57.51496124267578 118.0 46.0
v 57.267066955566406 118.0 47.0
v 57.088375091552734 118.0 50.0
v 57.9293212890625 118.0 51.0
v 58.0 118.0 51.1029052734375
v 57.72568130493164 119.0 45.0
v 58.0 119.0 44.573509216308594
v 57.43961715698242 119.0 46.0
v 57.16973876953125 119.0 47.0
v 57.26214599609375 119.0 48.0
v 57.33232116699219 119.0 49.0
v 57.41240692138672 119.0 50.0
v 57.77596664428711 119.0 51.0
v 58.0 119.0 51.27130889892578
v 57.72920227050781 120.0 45.0
v 58.0 120.0 44.66865921020508
v 57.4840087890625 120.0 46.0
v 57.40654373168945 120.0 47.0
v 57.45767593383789 120.0 48.0
v 57.48591995239258 120.0 49.0
v 57.502479553222656 120.0 50.0
v 57.72713851928711 120.0 51.0
v 58.0 120.0 51.29066848754883
v 57.730533599853516 121.0 45.0
v 58.0 121.0 44.71294021606445
v 57.470787048339844 121.0 46.0
v 57.364383697509766 121.0 47.0
v 57.31999588012695 121.0 48.0
v 57.339168548583984 121.0 49.0
v 57.467227935791016 121.0 50.0
v 57.73741912841797 121.0 51.0
v 58.0 121.0 51.26298904418945
v 57.65284729003906 122.0 45.0
v 58.0 122.0 44.594268798828125
v 57.2625732421875 122.0 46.0
v 57.34318542480469 122.0 50.0
v 57.73905944824219 122.0 51.0
v 58.0 122.0 51.257137298583984
v 57.44023132324219 123.0 45.0
v 58.0 123.0 44.11723327636719
v 57.213226318359375 123.0 50.0
v 57.85264205932617 123.0 51.0
v 58.0 123.0 51.136138916015625
v 57.939239501953125 123.0 60.0
v 58.0 123.0 59.68678283691406
v 58.0 122.91568756103516 60.0
v 58.0 123.0 60.08620834350586
v 57.7822151184082 124.0 44.0
v 58.0 124.0 43.788360595703125
v 58.0 123.27088928222656 44.0
v 57.342864990234375 124.0 45.0
v 58.0 123.30172729492188 51.0
v 58.0 124.0 50.70698165893555
v 57.76689910888672 124.0 60.0
v 58.0 124.0 59.423011779785156
v 58.0 124.0 60.43619155883789
v 57.70417785644531 125.0 44.0
v 58.0 125.0 43.724185943603516
v 57.20903778076172 125.0 45.0
v 58.0 125.0 50.52799606323242
v 57.88236618041992 125.0 59.0
v 58.0 125.0 58.88142395019531
v 58.0 124.62040710449219 59.0
v 57.61643600463867 125.0 60.0
v 58.0 124.99388885498047 61.0
v 57.997798919677734 125.0 61.0
v 58.0 125.0 61.00270080566406
v 57.593650817871094 126.0 44.0
v 58.0 126.0 43.679779052734375
v 58.0 126.0 50.49193572998047
v 57.75189971923828 126.0 59.0
v 58.0 126.0 58.748329162597656
v 57.64716339111328 126.0 60.0
v 58.0 126.0 60.56986618041992
v 58.0 125.00628662109375 61.0
v 57.45357131958008 127.0 44.0
v 58.0 127.0 43.54566955566406
v 58.0 127.0 50.4548454284668
v 57.746070861816406 127.0 59.0
v 58.0 127.0 58.74176025390625
v 57.68247985839844 127.0 60.0
v 58.0 127.0 60.42866897583008
v 57.1932487487793 128.0 44.0
v 58.0 128.0 43.10942840576172
v 57.5902214050293 128.0 50.0
v 58.0 128.0 50.203922271728516
v 57.712928771972656 128.0 59.0
v 58.0 128.0 58.706787109375
v 57.689022064208984 128.0 60.0
v 58.0 128.0 60.41355895996094
v 58.0 129.0 43.098934173583984
v 58.0 128.32618713378906 50.0
v 58.0 129.0 49.62901306152344
v 57.50379943847656 129.0 59.0
v 58.0 129.0 58.437156677246094
v 57.84364700317383 129.0 60.0
v 58.0 129.0 60.18513488769531
v 57.707664489746094 130.0 43.0
v 58.0 130.0 42.78507614135742
v 58.0 129.28517150878906 43.0
v 58.0 130.0 49.50048065185547
v 57.105953216552734 130.0 58.0
v 58.0 130.0 57.69853591918945
v 58.0 129.48434448242188 58.0
v 58.0 129.2438507080078 60.0
v 58.0 130.0 59.55381774902344
v 57.43088150024414 131.0 43.0
v 58.0 131.0 42.52248764038086
v 58.0 131.0 49.45587158203125
v 57.50028991699219 131.0 58.0
v 58.0 131.0 57.627262115478516
v 57.212093353271484 131.0 59.0
v 58.0 131.0 59.41762161254883
v 57.850868225097656 132.0 42.0
v 58.0 132.0 41.886878967285156
v 58.0 131.82894897460938 42.0
v 57.052433013916016 132.0 43.0
v 57.216766357421875 132.0 44.0
v 57.251495361328125 132.0 45.0
v 57.652957916259766 132.0 49.0
v 58.0 132.0 49.19948959350586
v 57.666175842285156 132.0 58.0
v 58.0 132.0 57.60445785522461
v 57.66706085205078 132.0 59.0
v 58.0 132.0 59.2889518737793
v 57.78960418701172 133.0 42.0
v 58.0 133.0 41.833805084228516
v 57.11951446533203 133.0 43.0
v 57.40907287597656 133.0 44.0
v 57.58432388305664 133.0 45.0
v 57.53437805175781 133.0 46.0
v 57.35313415527344 133.0 47.0
v 57.18310546875 133.0 48.0
v 58.0 133.0 48.524009704589844
v 58.0 132.30381774902344 49.0
v 57.746490478515625 133.0 58.0
v 58.0 133.0 57.63692855834961
v 57.95835494995117 133.0 59.0
v 58.0 133.0 59.04073715209961
v 58.0 133.28143310546875 42.0
v 57.737728118896484 134.0 43.0
v 58.0 134.0 42.64118576049805
v 57.727378845214844 134.0 44.0
v 58.0 134.0 44.825992584228516
v 58.0 133.8887481689453 45.0
v 58.0 133.60679626464844 46.0
v 58.0 133.74057006835938 47.0
v 58.0 133.9073486328125 48.0
v 58.0 133.7333221435547 58.0
v 58.0 133.05567932128906 59.0
v 58.0 134.2856903076172 43.0
v 58.0 134.43365478515625 44.0
v 58.8192024230957 114.0 49.0
v 59.0 114.0 48.698486328125
v 59.0 113.8320541381836 49.0
v 59.0 113.94573211669922 50.0
v 58.94561767578125 114.0 50.0
v 59.0 113.62999725341797 51.0
v 58.634613037109375 114.0 51.0
v 59.0 113.57386016845703 52.0
v 58.614742279052734 114.0 52.0
v 59.0 114.0 52.781856536865234
v 58.960514068603516 115.0 46.0
v 59.0 115.0 45.88420104980469
v 59.0 114.96993255615234 46.0
v 59.0 114.77434539794922 47.0
v 58.63752365112305 115.0 47.0
v 59.0 114.31533813476562 48.0
v 58.224998474121094 115.0 52.0
v 59.0 115.0 52.60079574584961
v 58.420372009277344 116.0 45.0
v 59.0 116.0 44.645721435546875
v 59.0 115.35530090332031 45.0
v 58.15160369873047 116.0 46.0
v 58.709651947021484 116.0 52.0
v 59.0 116.0 52.17247772216797
v 58.2944450378418 117.0 45.0
v 59.0 117.0 44.485347747802734
v 58.29443359375 117.0 52.0
v 59.0 117.0 52.3488655090332
v 59.0 118.0 44.41938400268555
v 58.57579803466797 118.0 52.0
v 59.0 118.0 52.32373809814453
v 59.0 119.0 44.44694900512695
v 58.75685119628906 119.0 52.0
v 59.0 119.0 52.18720626831055
v 59.0 120.0 44.186370849609375
v 59.0 119.40240478515625 52.0
v 59.0 120.0 51.734703063964844
v 59.0 121.0 44.18068313598633
v 59.0 121.0 51.52794647216797
v 59.0 122.0 44.06749725341797
v 59.0 122.0 51.49155044555664
v 58.9190673828125 122.0 59.0
v 59.0 122.0 58.93596267700195
v 59.0 121.93142700195312 59.0
v 59.0 121.6875991821289 60.0
v 58.71019744873047 122.0 60.0
v 59.0 122.0 60.422672271728516
v 58.37403869628906 123.0 44.0
v 59.0 123.0 43.796775817871094
v 59.0 122.3014907836914 44.0
v 59.0 123.0 51.45487976074219
v 58.20026397705078 123.0 59.0
v 59.0 123.0 58.58717727661133
v 59.0 122.5569076538086 61.0
v 58.68758010864258 123.0 61.0
v 59.0 123.0 61.315006256103516
v 59.0 124.0 43.55889892578125
v 58.58842086791992 124.0 51.0
v 59.0 124.0 51.20399475097656
v 58.269561767578125 124.0 59.0
v 59.0 124.0 58.58359909057617
v 58.35646438598633 124.0 61.0
v 59.0 124.0 61.64711380004883
v 59.0 125.0 43.503387451171875
v 59.0 124.32640075683594 51.0
v 59.0 125.0 50.6303596496582
v 59.0 125.0 58.4744873046875
v 59.0 125.0 61.93508529663086
v 59.0 126.0 43.49380111694336
v 59.0 126.0 50.50505828857422
v 59.0 126.0 58.36640548706055
v 58.37777328491211 126.0 61.0
v 59.0 126.0 61.49393081665039
v 59.0 127.0 43.33349609375
v 59.0 127.0 50.492061614990234
v 59.0 127.0 58.33818817138672
v 58.5567626953125 127.0 61.0
v 59.0 127.0 61.3355827331543
v 58.21000289916992 128.0 43.0
v 59.0 128.0 42.71590805053711
v 59.0 127.54766082763672 43.0
v 59.0 128.0 50.327117919921875
v 59.0 128.0 58.32914733886719
v 58.5759162902832 128.0 61.0
v 59.0 128.0 61.320228576660156
v 58.15443420410156 129.0 43.0
v 59.0 129.0 42.596839904785156
v 59.0 128.49998474121094 50.0
v 59.0 129.0 49.67285919189453
v 59.0 129.0 58.14938735961914
v 58.83061599731445 129.0 61.0
v 59.0 129.0 61.132843017578125
v 59.0 130.0 42.5247688293457
v 59.0 130.0 49.507808685302734
v 59.0 130.0 57.50245666503906
v 59.0 129.2057647705078 58.0
v 59.0 129.89947509765625 60.0
v 59.0 130.0 59.89997863769531
v 59.0 129.17637634277344 61.0
v 59.0 131.0 42.36984634399414
v 59.0 131.0 49.49213790893555
v 59.0 131.0 57.22370529174805
v 59.0 131.0 59.54478454589844
v 59.0 132.0 41.79612731933594
v 59.0 131.67100524902344 42.0
v 59.0 132.0 49.32701873779297
v 58.71574401855469 132.0 57.0
v 59.0 132.0 56.78965759277344
v 59.0 131.51145935058594 57.0
v 59.0 132.0 59.4931640625
v 59.0 133.0 41.58243942260742
v 59.0 132.49778747558594 49.0
v 59.0 133.0 48.661746978759766
v 58.51530838012695 133.0 57.0
v 59.0 133.0 56.5452995300293
v 59.0 133.0 59.363590240478516
v 58.638240814208984 134.0 42.0
v 59.0 134.0 41.77080535888672
v 58.06307601928711 134.0 45.0
v 58.27679443359375 134.0 46.0
v 58.20107650756836 134.0 47.0
v 58.09341049194336 134.0 48.0
v 59.0 134.0 48.43199157714844
v 58.93404006958008 134.0 56.0
v 59.0 134.0 55.934730529785156
v 59.0 133.90176391601562 56.0
v 58.431453704833984 134.0 57.0
v 58.1339111328125 134.0 58.0
v 59.0 134.0 58.71889877319336
v 59.0 133.62928771972656 59.0
v 59.0 134.36399841308594 42.0
v 58.68666458129883 135.0 43.0
v 59.0 135.0 42.60802459716797
v 58.39267349243164 135.0 44.0
v 58.189697265625 135.0 45.0
v 58.405860900878906 135.0 46.0
v 58.472869873046875 135.0 47.0
v 58.6545295715332 135.0 48.0
v 59.0 135.0 48.298500061035156
v 58.73834991455078 135.0 56.0
v 59.0 135.0 55.71870040893555
v 58.52481460571289 135.0 57.0
v 58.77824783325195 135.0 58.0
v 59.0 135.0 58.20432662963867
v 59.0 135.32395935058594 43.0
v 59.0 135.77638244628906 44.0
v 58.55084991455078 136.0 45.0
v 59.0 136.0 44.253170013427734
v 58.51390838623047 136.0 46.0
v 58.637752532958984 136.0 47.0
v 58.9453010559082 136.0 48.0
v 59.0 136.0 48.055389404296875
v 58.875545501708984 136.0 56.0
v 59.0 136.0 55.83231735229492
v 58.8071174621582 136.0 57.0
v 59.0 136.0 57.34164047241211
v 59.0 135.33172607421875 58.0
v 58.87311553955078 137.0 45.0
v 59.0 137.0 44.82408142089844
v 58.806217193603516 137.0 46.0
v 59.0 137.0 46.44111633300781
v 59.0 136.62673950195312 47.0
v 59.0 136.0748748779297 48.0
v 59.0 136.21133422851562 56.0
v 59.0 136.30563354492188 57.0
v 59.0 137.1667022705078 45.0
v 59.0 137.263427734375 46.0
v 59.79996871948242 113.0 49.0
v 60.0 113.0 48.72997283935547
v 60.0 112.8343505859375 49.0
v 60.0 112.6834945678711 50.0
v 59.65987014770508 113.0 50.0
v 60.0 112.56266021728516 51.0
v 59.55371856689453 113.0 51.0
v 60.0 112.52444458007812 52.0
v 59.51888656616211 113.0 52.0
v 60.0 112.84056854248047 53.0
v 59.84131622314453 113.0 53.0
v 60.0 113.0 53.12837600708008
v 59.514915466308594 114.0 48.0
v 60.0 114.0 47.6930046081543
v 60.0 113.60545349121094 48.0
v 59.16969680786133 114.0 53.0
v 60.0 114.0 53.409908294677734
v 59.071746826171875 115.0 46.0
v 60.0 115.0 46.814571380615234
v 60.0 114.8914794921875 47.0
v 59.452701568603516 115.0 53.0
v 60.0 115.0 53.34796905517578
v 60.0 116.0 44.68467712402344
v 60.0 115.693603515625 45.0
v 60.0 115.33008575439453 46.0
v 59.86907958984375 116.0 53.0
v 60.0 116.0 53.10346603393555
v 59.79690170288086 117.0 44.0
v 60.0 117.0 43.867713928222656
v 60.0 116.81942749023438 44.0
v 60.0 116.17507934570312 53.0
v 60.0 117.0 52.59630584716797
v 59.51573181152344 118.0 44.0
v 60.0 118.0 43.64687728881836
v 60.0 118.0 52.496116638183594
v 59.38178253173828 119.0 44.0
v 60.0 119.0 43.378562927246094
v 60.0 119.0 52.456241607666016
v 59.503196716308594 120.0 43.0
v 60.0 120.0 42.611934661865234
v 60.0 119.46166229248047 43.0
v 59.16259765625 120.0 44.0
v 59.567623138427734 120.0 52.0
v 60.0 120.0 52.20692443847656
v 59.477012634277344 121.0 43.0
v 60.0 121.0 42.48341751098633
v 59.17281723022461 121.0 44.0
v 60.0 120.3338394165039 52.0
v 60.0 121.0 51.6351318359375
v 59.60939025878906 121.0 60.0
v 60.0 121.0 59.53817367553711
v 60.0 120.25078582763672 60.0
v 60.0 120.73050689697266 61.0
v 59.83980941772461 121.0 61.0
v 60.0 121.0 61.170654296875
v 59.35323715209961 122.0 43.0
v 60.0 122.0 42.44786071777344
v 59.06501007080078 122.0 44.0
v 60.0 122.0 51.50641632080078
v 60.0 122.0 58.62144088745117
v 60.0 121.5142822265625 59.0
v 59.38610076904297 122.0 61.0
v 60.0 122.0 61.64462661743164
v 59.635536193847656 123.0 43.0
v 60.0 123.0 42.62957763671875
v 60.0 123.0 51.49213409423828
v 60.0 123.0 58.36204528808594
v 60.0 122.5866928100586 62.0
v 59.73696517944336 123.0 62.0
v 60.0 123.0 62.215476989746094
v 60.0 123.6660385131836 43.0
v 60.0 124.0 43.161563873291016
v 60.0 124.0 51.3271484375
v 60.0 124.0 58.23703384399414
v 59.429935455322266 124.0 62.0
v 60.0 124.0 62.35706329345703
v 60.0 125.0 43.308380126953125
v 60.0 124.5000228881836 51.0
v 60.0 125.0 50.67289352416992
v 59.931358337402344 125.0 58.0
v 60.0 125.0 57.864646911621094
v 60.0 124.85309600830078 58.0
v 59.12631607055664 125.0 62.0
v 60.0 125.0 62.32356643676758
v 60.0 126.0 43.31997299194336
v 60.0 126.0 50.5079345703125
v 59.52728271484375 126.0 58.0
v 60.0 126.0 57.50273132324219
v 60.0 125.62618255615234 62.0
v 60.0 126.0 61.787872314453125
v 60.0 127.0 43.15230178833008
v 60.0 127.0 50.49493408203125
v 59.443546295166016 127.0 58.0
v 60.0 127.0 57.48740005493164
v 60.0 127.0 61.53727340698242
v 60.0 128.0 42.598350524902344
v 60.0 127.24903106689453 43.0
v 60.0 128.0 50.3694953918457
v 59.437591552734375 128.0 58.0
v 60.0 128.0 57.48794937133789
v 60.0 128.0 61.499595642089844
v 60.0 129.0 42.38014602661133
v 60.0 128.6696319580078 50.0
v 60.0 129.0 49.79292678833008
v 59.19338607788086 129.0 58.0
v 60.0 129.0 57.402992248535156
v 60.0 129.0 61.45204162597656
v 60.0 130.0 42.33171844482422
v 60.0 130.0 49.53791046142578
v 59.751224517822266 130.0 57.0
v 60.0 130.0 56.803504943847656
v 60.0 129.68565368652344 57.0
v 59.12026596069336 130.0 60.0
v 59.880393981933594 130.0 61.0
v 60.0 130.0 61.08967208862305
v 60.0 131.0 42.281246185302734
v 60.0 131.0 49.496238708496094
v 59.340152740478516 131.0 57.0
v 60.0 131.0 56.589988708496094
v 60.0 130.82318115234375 60.0
v 60.0 131.0 59.86627960205078
v 60.0 130.098388671875 61.0
v 60.0 132.0 41.99079132080078
v 60.0 131.97369384765625 42.0
v 60.0 132.0 49.36946105957031
v 60.0 132.0 56.446468353271484
v 60.0 132.0 59.67729187011719
v 60.0 133.0 41.59549331665039
v 60.0 132.66949462890625 49.0
v 60.0 133.0 48.79259490966797
v 60.0 133.0 56.12580871582031
v 60.0 133.0 59.631134033203125
v 60.0 134.0 41.5454216003418
v 60.0 134.0 48.5350341796875
v 60.0 134.0 55.41352844238281
v 60.0 133.1804656982422 56.0
v 59.45429992675781 134.0 59.0
v 60.0 134.0 59.332584381103516
v 59.630615234375 135.0 42.0
v 60.0 135.0 41.76621627807617
v 60.0 135.0 48.49253463745117
v 60.0 135.0 55.133583068847656
v 60.0 134.4107666015625 59.0
v 60.0 135.0 58.61256790161133
v 60.0 135.40562438964844 42.0
v 59.6187629699707 136.0 43.0
v 60.0 136.0 42.50872802734375
v 59.17561721801758 136.0 44.0
v 60.0 136.0 48.444366455078125
v 59.671287536621094 136.0 55.0
v 60.0 136.0 54.6439208984375
v 60.0 135.29490661621094 55.0
v 59.47738265991211 136.0 58.0
v 60.0 136.0 58.36537551879883
v 60.0 136.48358154296875 43.0
v 59.676971435546875 137.0 44.0
v 60.0 137.0 43.575496673583984
v 59.27732849121094 137.0 47.0
v 59.8508186340332 137.0 48.0
v 60.0 137.0 48.1129150390625
v 59.61373519897461 137.0 55.0
v 60.0 137.0 54.41691589355469
v 59.38615036010742 137.0 56.0
v 59.38657760620117 137.0 57.0
v 59.71360778808594 137.0 58.0
v 60.0 137.0 58.26905059814453
v 60.0 137.32301330566406 44.0
v 59.83094024658203 138.0 45.0
v 60.0 138.0 44.821632385253906
v 59.666629791259766 138.0 46.0
v 60.0 138.0 46.763248443603516
v 60.0 137.88388061523438 47.0
v 60.0 137.1340789794922 48.0
v 59.71957015991211 138.0 55.0
v 60.0 138.0 54.1535758972168
v 59.66941452026367 138.0 56.0
v 59.690067291259766 138.0 57.0
v 60.0 138.0 57.96525192260742
v 60.0 137.9583740234375 58.0
v 60.0 138.1283721923828 45.0
v 60.0 138.2606658935547 46.0
v 60.0 138.42666625976562 55.0
v 60.0 138.447021484375 56.0
v 60.0 138.38609313964844 57.0
v 60.800697326660156 112.0 52.0
v 61.0 112.0 51.36650085449219
v 61.0 111.8727798461914 52.0
v 61.0 112.0 52.82717514038086
v 60.81789779663086 113.0 48.0
v 61.0 113.0 47.892974853515625
v 61.0 112.89415740966797 48.0
v 61.0 112.54415893554688 49.0
v 61.0 112.41857147216797 50.0
v 61.0 112.07697296142578 51.0
v 61.0 112.04681396484375 53.0
v 61.0 113.0 53.43259811401367
v 61.0 114.0 47.41000747680664
v 61.0 114.0 53.494380950927734
v 61.0 115.0 46.5942268371582
v 61.0 114.58234405517578 47.0
v 61.0 115.0 53.48775100708008
v 60.820709228515625 116.0 45.0
v 61.0 116.0 45.09199523925781
v 61.0 115.45376586914062 46.0
v 61.0 116.0 53.32370376586914
v 61.0 117.0 43.67623519897461
v 61.0 116.65858459472656 44.0
v 61.0 116.06378173828125 45.0
v 61.0 116.49581146240234 53.0
v 61.0 117.0 52.67155075073242
v 61.0 118.0 43.26323699951172
v 61.0 118.0 52.509132385253906
v 60.46062088012695 119.0 43.0
v 61.0 119.0 42.62322235107422
v 61.0 118.44188690185547 43.0
v 61.0 119.0 52.497283935546875
v 60.8120002746582 119.0 60.0
v 61.0 119.0 59.81291580200195
v 61.0 118.73211669921875 60.0
v 61.0 118.39591217041016 61.0
v 60.77201843261719 119.0 61.0
v 61.0 119.0 61.239139556884766
v 60.806697845458984 120.0 42.0
v 61.0 120.0 41.86419677734375
v 61.0 119.8146743774414 42.0
v 61.0 120.0 52.366111755371094
v 60.191383361816406 120.0 60.0
v 61.0 120.0 59.50259017944336
v 60.481422424316406 120.0 61.0
v 61.0 120.0 61.49592971801758
v 60.550106048583984 121.0 42.0
v 61.0 121.0 41.672603607177734
v 61.0 120.66376495361328 52.0
v 61.0 121.0 51.79079818725586
v 61.0 121.0 59.12934112548828
v 61.0 121.0 61.89491653442383
v 60.529136657714844 122.0 42.0
v 61.0 122.0 41.66010665893555
v 61.0 122.0 51.53797149658203
v 61.0 122.0 58.079105377197266
v 61.0 121.15227508544922 59.0
v 61.0 121.14328002929688 62.0
v 60.37136459350586 122.0 62.0
v 61.0 122.0 62.78335952758789
v 60.539859771728516 123.0 42.0
v 61.0 123.0 41.55658721923828
v 61.0 123.0 51.49776077270508
v 60.51673126220703 123.0 58.0
v 61.0 123.0 57.41004943847656
v 61.0 122.11829376220703 58.0
v 61.0 123.0 62.58867263793945
v 60.61427688598633 124.0 42.0
v 61.0 124.0 41.05757522583008
v 60.16239929199219 124.0 43.0
v 61.0 124.0 51.37467575073242
v 60.706668853759766 124.0 57.0
v 61.0 124.0 56.657135009765625
v 61.0 123.49796295166016 57.0
v 60.24981689453125 124.0 58.0
v 61.0 124.0 62.5051155090332
v 61.0 124.93385314941406 42.0
v 60.38151550292969 125.0 43.0
v 61.0 125.0 42.05125427246094
v 61.0 124.67804718017578 51.0
v 61.0 125.0 50.798011779785156
v 60.323326110839844 125.0 57.0
v 61.0 125.0 56.42624282836914
v 61.0 125.0 62.49861526489258
v 60.43636703491211 126.0 43.0
v 61.0 126.0 42.491966247558594
v 61.0 126.0 50.543949127197266
v 60.42298889160156 126.0 57.0
v 61.0 126.0 56.43440628051758
v 60.39384841918945 126.0 62.0
v 61.0 126.0 62.34701919555664
v 60.24641418457031 127.0 43.0
v 61.0 127.0 42.58974075317383
v 61.0 127.0 50.506595611572266
v 60.46066665649414 127.0 57.0
v 61.0 127.0 56.35847091674805
v 61.0 126.6410903930664 62.0
v 61.0 127.0 61.81413269042969
v 61.0 128.0 42.40153884887695
v 61.0 128.0 50.46862030029297
v 60.933937072753906 128.0 56.0
v 61.0 128.0 55.93193435668945
v 61.0 127.83367156982422 56.0
v 60.45541000366211 128.0 57.0
v 61.0 128.0 61.676429748535156
v 60.744422912597656 129.0 42.0
v 61.0 129.0 41.84700012207031
v 61.0 128.74989318847656 42.0
v 60.49578857421875 129.0 50.0
v 61.0 129.0 50.2119026184082
v 60.934879302978516 129.0 56.0
v 61.0 129.0 55.916202545166016
v 60.53577423095703 129.0 57.0
v 61.0 129.0 61.664337158203125
v 60.50730514526367 130.0 42.0
v 61.0 130.0 41.67654037475586
v 61.0 129.3346405029297 50.0
v 61.0 130.0 49.631103515625
v 61.0 129.9741668701172 56.0
v 61.0 130.0 56.00239562988281
v 61.0 130.0 61.523197174072266
v 60.44664764404297 131.0 42.0
v 61.0 131.0 41.66596603393555
v 61.0 131.0 49.50381088256836
v 60.99739074707031 131.0 55.0
v 61.0 131.0 54.99711608886719
v 61.0 130.98641967773438 55.0
v 61.0 130.50938415527344 56.0
v 60.99775695800781 131.0 56.0
v 60.16984558105469 131.0 60.0
v 61.0 131.0 60.79510498046875
v 61.0 130.76052856445312 61.0
v 61.0 132.0 41.62397766113281
v 61.0 132.0 49.46213150024414
v 60.90126037597656 132.0 55.0
v 61.0 132.0 54.88584518432617
v 60.755882263183594 132.0 56.0
v 60.43892288208008 132.0 60.0
v 61.0 132.0 60.47788619995117
v 61.0 133.0 41.52972412109375
v 60.50008010864258 133.0 49.0
v 61.0 133.0 49.20712661743164
v 60.63876724243164 133.0 55.0
v 61.0 133.0 54.50284194946289
v 60.150814056396484 133.0 56.0
v 60.510711669921875 133.0 60.0
v 61.0 133.0 60.35472106933594
v 61.0 134.0 41.50040817260742
v 61.0 133.3304443359375 49.0
v 61.0 134.0 48.630550384521484
v 60.88020324707031 134.0 54.0
v 61.0 134.0 53.88203048706055
v 61.0 133.77590942382812 54.0
v 60.35799026489258 134.0 55.0
v 60.82094192504883 134.0 60.0
v 61.0 134.0 60.136104583740234
v 61.0 135.0 41.5346565246582
v 61.0 135.0 48.50507354736328
v 60.703887939453125 135.0 54.0
v 61.0 135.0 53.721370697021484
v 60.131980895996094 135.0 55.0
v 61.0 134.9727020263672 59.0
v 61.0 135.0 58.975868225097656
v 61.0 134.18515014648438 60.0
v 60.4619255065918 136.0 42.0
v 61.0 136.0 41.6234130859375
v 61.0 136.0 48.49061584472656
v 60.58111572265625 136.0 54.0
v 61.0 136.0 53.64228820800781
v 61.0 136.0 58.6455078125
v 60.920021057128906 137.0 42.0
v 61.0 137.0 41.91190719604492
v 60.43394088745117 137.0 43.0
v 61.0 137.0 48.286109924316406
v 60.35505676269531 137.0 54.0
v 61.0 137.0 53.39202117919922
v 61.0 137.0 58.52476119995117
v 61.0 137.08026123046875 42.0
v 61.0 137.4849090576172 43.0
v 61.0 137.81089782714844 44.0
v 61.0 138.0 44.288063049316406
v 61.0 137.9501953125 47.0
v 61.0 138.0 46.922428131103516
v 61.0 137.3262481689453 48.0
v 60.99579620361328 138.0 53.0
v 61.0 138.0 52.99655532836914
v 61.0 137.99168395996094 53.0
v 60.068058013916016 138.0 54.0
v 60.02967834472656 138.0 58.0
v 61.0 138.0 58.3538818359375
v 61.0 138.39610290527344 45.0
v 61.0 138.48753356933594 46.0
v 61.0 138.0097198486328 53.0
v 60.51972961425781 139.0 54.0
v 61.0 139.0 53.38653564453125
v 60.377235412597656 139.0 55.0
v 60.46737289428711 139.0 56.0
v 60.65467071533203 139.0 57.0
v 61.0 139.0 57.441715240478516
v 61.0 138.526123046875 58.0
v 60.87266540527344 140.0 54.0
v 61.0 140.0 53.82896423339844
v 60.816776275634766 140.0 55.0
v 61.0 140.0 55.38078308105469
v 61.0 139.63893127441406 56.0
v 61.0 139.3270263671875 57.0
v 61.0 140.16770935058594 54.0
v 61.0 140.2328643798828 55.0
v 61.33642578125 112.0 52.0
v 62.0 113.0 47.88642883300781
v 62.0 112.88796997070312 48.0
v 62.0 112.54011535644531 49.0
v 62.0 112.47064208984375 50.0
v 62.0 112.3731918334961 51.0
v 62.0 112.23544311523438 52.0
v 62.0 112.2009048461914 53.0
v 62.0 113.0 53.42007064819336
v 62.0 114.0 47.369747161865234
v 62.0 114.0 53.49691390991211
v 62.0 115.0 46.47004699707031
v 62.0 114.4586181640625 47.0
v 62.0 115.0 53.494754791259766
v 61.489864349365234 116.0 45.0
v 62.0 116.0 44.904048919677734
v 62.0 115.93426513671875 45.0
v 62.0 115.39791107177734 46.0
v 62.0 116.0 53.36957550048828
v 62.0 117.0 43.445396423339844
v 62.0 116.54934692382812 44.0
v 62.0 116.67526245117188 53.0
v 62.0 117.0 52.79743194580078
v 61.71208953857422 117.0 58.0
v 62.0 117.0 57.51070785522461
v 62.0 116.35807800292969 58.0
v 62.0 116.57782745361328 59.0
v 61.837608337402344 117.0 59.0
v 62.0 116.86380767822266 60.0
v 61.961402893066406 117.0 60.0
v 62.0 117.0 60.46998977661133
v 61.50534439086914 118.0 43.0
v 62.0 118.0 42.744686126708984
v 62.0 117.58293151855469 43.0
v 62.0 118.0 52.57551956176758
v 61.3839225769043 118.0 57.0
v 62.0 118.0 56.5732536315918
v 62.0 117.4433822631836 57.0
v 61.55291748046875 118.0 58.0
v 61.96272277832031 118.0 59.0
v 61.509124755859375 118.0 60.0
v 62.0 117.07115173339844 61.0
v 61.225399017333984 118.0 61.0
v 62.0 118.0 61.47719192504883
v 62.0 119.0 42.35929489135742
v 62.0 119.0 52.59403610229492
v 61.20812225341797 119.0 57.0
v 62.0 119.0 56.28826904296875
v 61.53635787963867 119.0 58.0
v 62.0 119.0 58.9976806640625
v 62.0 118.9672622680664 59.0
v 62.0 119.0 59.00157165527344
v 62.0 119.0 61.59975814819336
v 62.0 120.0 41.55475616455078
v 62.0 119.4656753540039 42.0
v 62.0 120.0 52.498653411865234
v 61.85204315185547 120.0 56.0
v 62.0 120.0 55.859806060791016
v 62.0 119.65438842773438 56.0
v 61.42097091674805 120.0 57.0
v 61.527099609375 120.0 58.0
v 62.0 119.02385711669922 59.0
v 61.91956329345703 120.0 59.0
v 62.0 119.8473129272461 62.0
v 61.84564208984375 120.0 62.0
v 62.0 120.0 62.764869689941406
v 62.0 121.0 41.3470344543457
v 61.494476318359375 121.0 52.0
v 62.0 121.0 52.21650314331055
v 61.68351745605469 121.0 56.0
v 62.0 121.0 55.61886215209961
v 61.41887664794922 121.0 57.0
v 61.240901947021484 121.0 58.0
v 61.26764678955078 121.0 59.0
v 61.110755920410156 121.0 62.0
v 62.0 120.06795501708984 63.0
v 61.552947998046875 121.0 63.0
v 62.0 121.0 63.311065673828125
v 62.0 122.0 41.331905364990234
v 62.0 121.34566497802734 52.0
v 62.0 122.0 51.63995361328125
v 61.58081817626953 122.0 56.0
v 62.0 122.0 55.16633605957031
v 61.430580139160156 122.0 57.0
v 61.06028747558594 122.0 58.0
v 61.28608703613281 122.0 63.0
v 62.0 122.0 63.315189361572266
v 62.0 123.0 41.21257781982422
v 62.0 123.0 51.54366683959961
v 61.597373962402344 123.0 56.0
v 62.0 123.0 55.35784912109375
v 61.252113342285156 123.0 57.0
v 62.0 122.68901824951172 63.0
v 62.0 123.0 62.84186935424805
v 61.098899841308594 124.0 41.0
v 62.0 124.0 40.77464294433594
v 62.0 123.48126983642578 41.0
v 62.0 124.0 51.59531021118164
v 61.5268440246582 124.0 56.0
v 62.0 124.0 55.442779541015625
v 62.0 124.0 62.68272399902344
v 61.45241928100586 125.0 41.0
v 62.0 125.0 40.78427505493164
v 61.037410736083984 125.0 42.0
v 61.36898422241211 125.0 51.0
v 62.0 125.0 51.383460998535156
v 61.44045639038086 125.0 56.0
v 62.0 125.0 55.366939544677734
v 62.0 125.0 62.78798294067383
v 62.0 125.28196716308594 41.0
v 61.63690948486328 126.0 42.0
v 62.0 126.0 41.68353271484375
v 62.0 125.655517578125 51.0
v 62.0 126.0 50.81486511230469
v 61.405975341796875 126.0 56.0
v 62.0 126.0 55.23554611206055
v 62.0 125.86335754394531 63.0
v 61.94802474975586 126.0 63.0
v 62.0 126.0 63.04317092895508
v 62.0 126.38223266601562 42.0
v 62.0 127.0 42.36025619506836
v 62.0 127.0 50.67578125
v 61.34206771850586 127.0 56.0
v 62.0 127.0 55.383811950683594
v 61.24663162231445 127.0 62.0
v 62.0 127.0 62.636104583740234
v 62.0 126.09539031982422 63.0
v 62.0 128.0 42.326602935791016
v 62.0 128.0 50.66014099121094
v 62.0 128.0 55.364952087402344
v 61.459190368652344 128.0 62.0
v 62.0 128.0 62.44321060180664
v 62.0 129.0 41.68162536621094
v 62.0 128.5073699951172 42.0
v 62.0 129.0 50.45679473876953
v 62.0 129.0 55.20314407348633
v 61.46138000488281 129.0 62.0
v 62.0 129.0 62.47573471069336
v 62.0 130.0 41.514652252197266
v 62.0 129.56825256347656 50.0
v 62.0 130.0 49.690093994140625
v 61.305667877197266 130.0 55.0
v 62.0 130.0 54.65021514892578
v 62.0 129.3294219970703 55.0
v 61.00180435180664 130.0 56.0
v 61.55208206176758 130.0 62.0
v 62.0 130.0 62.391056060791016
v 62.0 131.0 41.50664520263672
v 62.0 131.0 49.51389694213867
v 62.0 131.0 54.41657257080078
v 61.18177032470703 131.0 61.0
v 61.876502990722656 131.0 62.0
v 62.0 131.0 62.14773178100586
v 61.6404914855957 131.0 65.0
v 62.0 131.0 64.5283203125
v 62.0 130.50860595703125 65.0
v 62.0 130.34017944335938 66.0
v 61.61952590942383 131.0 66.0
v 62.0 131.0 66.28022003173828
v 62.0 132.0 41.503761291503906
v 62.0 132.0 49.49877166748047
v 62.0 132.0 54.23469161987305
v 61.6800651550293 132.0 61.0
v 62.0 132.0 61.31306076049805
v 62.0 131.16510009765625 62.0
v 61.7036018371582 132.0 64.0
v 62.0 132.0 63.66877365112305
v 62.0 131.56112670898438 64.0
v 61.13930892944336 132.0 65.0
v 62.0 132.0 65.6031494140625
v 62.0 131.4033966064453 66.0
v 62.0 133.0 41.47048568725586
v 62.0 133.0 49.333675384521484
v 61.587276458740234 133.0 54.0
v 62.0 133.0 53.74748611450195
v 62.0 132.4539031982422 54.0
v 62.0 132.3576202392578 61.0
v 62.0 133.0 60.62935256958008
v 61.61074447631836 133.0 64.0
v 62.0 133.0 63.61624526977539
v 61.224342346191406 133.0 65.0
v 62.0 133.0 65.3100814819336
v 62.0 134.0 41.409637451171875
v 62.0 133.5074920654297 49.0
v 62.0 134.0 48.67701721191406
v 62.0 134.0 53.510005950927734
v 62.0 134.0 60.453617095947266
v 62.0 133.77423095703125 64.0
v 62.0 133.45968627929688 65.0
v 62.0 135.0 41.466590881347656
v 62.0 135.0 48.51357650756836
v 62.0 135.0 53.37501907348633
v 61.02729415893555 135.0 59.0
v 61.81589126586914 135.0 60.0
v 62.0 135.0 60.13496780395508
v 62.0 136.0 41.42479705810547
v 62.0 136.0 48.4997444152832
v 62.0 136.0 53.21326446533203
v 61.57497024536133 136.0 59.0
v 62.0 136.0 59.334266662597656
v 62.0 135.17807006835938 60.0
v 62.0 137.0 41.407989501953125
v 62.0 137.0 48.35762405395508
v 61.574440002441406 137.0 53.0
v 62.0 137.0 52.746524810791016
v 62.0 136.44894409179688 53.0
v 62.0 136.5848846435547 59.0
v 62.0 137.0 58.794349670410156
v 62.0 137.49998474121094 42.0
v 61.74812316894531 138.0 43.0
v 62.0 138.0 42.74043273925781
v 61.259857177734375 138.0 44.0
v 61.09697723388672 138.0 47.0
v 62.0 138.0 47.541324615478516
v 62.0 137.53944396972656 48.0
v 62.0 138.0 52.5385856628418
v 62.0 138.0 58.63492965698242
v 62.0 138.180908203125 43.0
v 62.0 138.50901794433594 44.0
v 62.0 138.8192138671875 45.0
v 61.81601333618164 139.0 46.0
v 62.0 139.0 45.570919036865234
v 62.0 139.0 46.269920349121094
v 62.0 138.54986572265625 47.0
v 61.38188934326172 139.0 53.0
v 62.0 139.0 52.50864791870117
v 61.57288360595703 139.0 58.0
v 62.0 139.0 58.31013107299805
v 62.0 139.17300415039062 46.0
v 61.6746711730957 140.0 53.0
v 62.0 140.0 52.655948638916016
v 61.33700180053711 140.0 56.0
v 61.72944259643555 140.0 57.0
v 62.0 140.0 57.28420639038086
v 62.0 139.3289337158203 58.0
v 62.0 140.45436096191406 53.0
v 61.70193099975586 141.0 54.0
v 62.0 141.0 53.57114791870117
v 61.68074417114258 141.0 55.0
v 62.0 141.0 55.58415222167969
v 62.0 140.74417114257812 56.0
v 62.0 140.2920684814453 57.0
v 62.0 141.30052185058594 54.0
v 62.0 141.34332275390625 55.0
v 62.25275421142578 113.0 48.0
v 63.0 113.0 48.418094635009766
v 63.0 112.63299560546875 49.0
v 63.0 112.50753021240234 50.0
v 63.0 112.49491882324219 51.0
v 63.0 112.47218322753906 52.0
v 63.0 112.64521026611328 53.0
v 63.0 113.0 53.3093147277832
v 63.0 114.0 47.4528923034668
v 63.0 113.36500549316406 48.0
v 63.0 114.0 53.494293212890625
v 63.0 115.0 46.485591888427734
v 63.0 114.4816665649414 47.0
v 63.0 115.0 53.500022888183594
v 62.223873138427734 116.0 45.0
v 63.0 116.0 45.281776428222656
v 63.0 115.45692443847656 46.0
v 63.0 116.0 53.46889114379883
v 62.28145980834961 116.0 58.0
v 63.0 116.0 57.45945358276367
v 63.0 115.55846405029297 58.0
v 63.0 115.31361389160156 59.0
v 62.2691535949707 116.0 59.0
v 63.0 115.10154724121094 60.0
v 62.302001953125 116.0 60.0
v 63.0 116.0 60.52995300292969
v 62.781314849853516 117.0 43.0
v 63.0 117.0 42.88670349121094
v 63.0 116.88626861572266 43.0
v 63.0 116.50244140625 44.0
v 63.0 116.2048110961914 45.0
v 62.42110824584961 117.0 53.0
v 63.0 117.0 53.26950454711914
v 62.47466278076172 117.0 57.0
v 63.0 117.0 56.628662109375
v 63.0 116.51167297363281 57.0
v 63.0 116.541259765625 61.0
v 62.09283447265625 117.0 61.0
v 63.0 117.0 61.37387466430664
v 63.0 118.0 42.53646469116211
v 63.0 117.84618377685547 53.0
v 63.0 118.0 52.94384002685547
v 62.803157806396484 118.0 56.0
v 63.0 118.0 55.86542510986328
v 63.0 117.81928253173828 56.0
v 63.0 118.0 61.83587646484375
v 63.0 119.0 42.295616149902344
v 63.0 118.44667053222656 53.0
v 62.88359451293945 119.0 53.0
v 63.0 119.0 53.071449279785156
v 62.371700286865234 119.0 56.0
v 63.0 119.0 55.62797546386719
v 62.00122833251953 119.0 59.0
v 63.0 119.0 61.98735427856445
v 63.0 120.0 41.15364074707031
v 63.0 119.34293365478516 42.0
v 63.0 119.22433471679688 53.0
v 63.0 120.0 52.782508850097656
v 63.0 120.0 55.52321243286133
v 63.0 119.01653289794922 62.0
v 63.0 119.7298355102539 63.0
v 62.09125518798828 120.0 63.0
v 63.0 120.0 63.23921585083008
v 62.56306457519531 121.0 41.0
v 63.0 121.0 40.72200012207031
v 63.0 120.26783752441406 41.0
v 63.0 121.0 52.50751876831055
v 63.0 121.0 55.367958068847656
v 63.0 121.0 63.513587951660156
v 62.50324630737305 122.0 41.0
v 63.0 122.0 40.67473220825195
v 63.0 121.81070709228516 52.0
v 63.0 122.0 51.87566375732422
v 62.30126190185547 122.0 55.0
v 63.0 122.0 54.71377182006836
v 63.0 121.64336395263672 55.0
v 63.0 122.0 63.59497833251953
v 62.43485641479492 123.0 41.0
v 63.0 123.0 40.73807907104492
v 63.0 123.0 51.813697814941406
v 62.93023681640625 123.0 54.0
v 63.0 123.0 53.91999435424805
v 63.0 122.91090393066406 54.0
v 62.27851867675781 123.0 55.0
v 62.232608795166016 123.0 63.0
v 63.0 123.0 63.50364303588867
v 63.0 124.0 40.84073257446289
v 63.0 123.45890045166016 52.0
v 62.6724739074707 124.0 52.0
v 63.0 124.0 52.336692810058594
v 62.73614501953125 124.0 54.0
v 63.0 124.0 53.6193733215332
v 62.333580017089844 124.0 55.0
v 62.46427917480469 124.0 63.0
v 63.0 124.0 63.40595245361328
v 63.0 125.0 40.747215270996094
v 62.74617004394531 125.0 52.0
v 63.0 125.0 52.28248596191406
v 62.894840240478516 125.0 54.0
v 63.0 125.0 53.844696044921875
v 62.336666107177734 125.0 55.0
v 62.31657409667969 125.0 63.0
v 63.0 125.0 63.55773162841797
v 63.0 125.4706039428711 41.0
v 63.0 126.0 41.342308044433594
v 62.24591064453125 126.0 51.0
v 63.0 126.0 51.62218475341797
v 63.0 125.35853576660156 52.0
v 63.0 125.1821060180664 54.0
v 62.40798568725586 126.0 55.0
v 63.0 126.0 54.6125373840332
v 63.0 126.0 63.854305267333984
v 63.0 126.76811981201172 42.0
v 63.0 127.0 42.17589569091797
v 62.476287841796875 127.0 51.0
v 63.0 127.0 51.370880126953125
v 62.482547760009766 127.0 55.0
v 63.0 127.0 54.569969177246094
v 62.421302795410156 127.0 63.0
v 63.0 126.851318359375 64.0
v 62.97806930541992 127.0 64.0
v 63.0 126.29557800292969 65.0
v 62.935543060302734 127.0 65.0
v 63.0 127.0 65.0705337524414
v 63.0 128.0 42.31520462036133
v 62.51177978515625 128.0 51.0
v 63.0 128.0 51.327369689941406
v 62.4476203918457 128.0 55.0
v 63.0 128.0 54.501163482666016
v 62.66647720336914 128.0 63.0
v 62.69879150390625 128.0 64.0
v 62.78889465332031 128.0 65.0
v 63.0 128.0 65.21946716308594
v 63.0 129.0 41.78836441040039
v 63.0 128.61715698242188 42.0
v 62.80370330810547 129.0 51.0
v 63.0 129.0 51.13872528076172
v 62.25751876831055 129.0 55.0
v 63.0 129.0 54.48979949951172
v 62.522830963134766 129.0 63.0
v 62.56507110595703 129.0 64.0
v 62.66341781616211 129.0 65.0
v 63.0 129.0 65.40144348144531
v 63.0 130.0 41.53790283203125
v 63.0 129.98095703125 50.0
v 63.0 130.0 49.98310852050781
v 63.0 129.18820190429688 51.0
v 63.0 130.0 54.355491638183594
v 62.774818420410156 130.0 63.0
v 62.5784912109375 130.0 64.0
v 62.31795883178711 130.0 65.0
v 63.0 129.67401123046875 66.0
v 62.31597900390625 130.0 66.0
v 63.0 130.0 66.3587417602539
v 63.0 131.0 41.50145721435547
v 63.0 131.0 49.69209289550781
v 62.728607177734375 131.0 54.0
v 63.0 131.0 53.83283996582031
v 63.0 130.70091247558594 54.0
v 62.85243225097656 131.0 63.0
v 62.35323715209961 131.0 64.0
v 63.0 130.826904296875 67.0
v 62.860145568847656 131.0 67.0
v 63.0 131.0 67.10111999511719
v 63.0 132.0 41.494876861572266
v 63.0 132.0 49.66590881347656
v 62.341148376464844 132.0 54.0
v 63.0 132.0 53.62145233154297
v 63.0 131.81585693359375 62.0
v 63.0 132.0 61.81585693359375
v 62.624473571777344 132.0 63.0
v 63.0 132.0 62.28768539428711
v 62.71763229370117 132.0 66.0
v 63.0 132.0 66.46727752685547
v 63.0 131.38632202148438 67.0
v 63.0 133.0 41.377655029296875
v 63.0 133.0 49.54235076904297
v 63.0 133.0 53.49075698852539
v 63.0 132.7367706298828 61.0
v 63.0 133.0 60.80870819091797
v 62.718048095703125 133.0 63.0
v 63.0 133.0 62.74638366699219
v 63.0 132.3000946044922 66.0
v 63.0 133.0 65.69434356689453
v 63.0 134.0 41.071163177490234
v 63.0 133.8822021484375 49.0
v 63.0 134.0 48.921695709228516
v 63.0 134.0 53.31897735595703
v 63.0 134.0 60.53834915161133
v 63.0 133.4591064453125 63.0
v 62.143409729003906 134.0 64.0
v 63.0 134.0 63.29897689819336
v 62.48591995239258 134.0 65.0
v 63.0 134.0 65.52606201171875
v 63.0 135.0 41.371395111083984
v 63.0 135.0 48.69078063964844
v 62.6980094909668 135.0 53.0
v 63.0 135.0 52.78550720214844
v 63.0 134.6490936279297 53.0
v 63.0 135.0 60.332008361816406
v 62.98543167114258 135.0 64.0
v 63.0 135.0 63.98172378540039
v 63.0 135.0 64.08456420898438
v 63.0 134.76858520507812 65.0
v 63.0 136.0 41.47026443481445
v 63.0 136.0 48.632232666015625
v 62.33415222167969 136.0 53.0
v 63.0 136.0 52.589290618896484
v 63.0 135.48406982421875 60.0
v 63.0 136.0 59.63642883300781
v 63.0 135.0152130126953 64.0
v 63.0 137.0 41.58789825439453
v 63.0 137.0 48.5014762878418
v 63.0 137.0 52.44707107543945
v 62.32497024536133 137.0 59.0
v 63.0 137.0 59.377315521240234
v 63.0 137.47959899902344 42.0
v 63.0 138.0 42.511383056640625
v 62.64299011230469 138.0 48.0
v 63.0 138.0 48.199058532714844
v 63.0 138.0 52.195556640625
v 62.52158737182617 138.0 59.0
v 63.0 138.0 59.32266616821289
v 63.0 138.448974609375 43.0
v 62.690155029296875 139.0 44.0
v 63.0 139.0 43.710567474365234
v 62.189964294433594 139.0 45.0
v 62.416954040527344 139.0 47.0
v 63.0 139.0 47.47881317138672
v 63.0 138.27407836914062 48.0
v 62.68789291381836 139.0 52.0
v 63.0 139.0 51.746826171875
v 63.0 138.45106506347656 52.0
v 62.89137268066406 139.0 59.0
v 63.0 139.0 59.0793571472168
v 63.0 139.26268005371094 44.0
v 62.89365005493164 140.0 45.0
v 63.0 140.0 44.87325668334961
v 62.62126922607422 140.0 46.0
v 62.98369216918945 140.0 47.0
v 63.0 140.0 47.01527786254883
v 62.61775207519531 140.0 52.0
v 63.0 140.0 51.68522262573242
v 63.0 139.8796844482422 58.0
v 63.0 140.0 57.88399124145508
v 63.0 139.09132385253906 59.0
v 63.0 140.10330200195312 45.0
v 63.0 140.37681579589844 46.0
v 63.0 140.01626586914062 47.0
v 63.0 140.99282836914062 52.0
v 62.416316986083984 141.0 53.0
v 63.0 141.0 52.005035400390625
v 62.20133590698242 141.0 56.0
v 62.54082489013672 141.0 57.0
v 63.0 141.0 57.499263763427734
v 63.0 141.49411010742188 53.0
v 62.740291595458984 142.0 54.0
v 63.0 142.0 53.70069885253906
v 62.54987716674805 142.0 55.0
v 62.64207458496094 142.0 56.0
v 62.848323822021484 142.0 57.0
v 63.0 142.0 57.213531494140625
v 63.0 142.25425720214844 54.0
v 63.0 142.47813415527344 55.0
v 63.0 142.44613647460938 56.0
v 63.0 142.21456909179688 57.0
v 64.0 113.0 48.44492721557617
v 64.0 112.67180633544922 49.0
v 64.0 112.5965576171875 50.0
v 64.0 112.53083801269531 51.0
v 64.0 112.50582885742188 52.0
v 64.0 112.68748474121094 53.0
v 64.0 113.0 53.3553352355957
v 64.0 114.0 47.330657958984375
v 64.0 113.33621978759766 48.0
v 64.0 114.0 53.525508880615234
v 63.66868591308594 114.0 60.0
v 64.0 114.0 59.59696578979492
v 64.0 113.1400375366211 60.0
v 64.0 113.60301971435547 61.0
v 63.951026916503906 114.0 61.0
v 64.0 114.0 61.04490280151367
v 64.0 115.0 46.446346282958984
v 64.0 114.35272979736328 47.0
v 64.0 115.0 53.537837982177734
v 63.73606491088867 115.0 58.0
v 64.0 115.0 57.69773483276367
v 64.0 114.80885314941406 58.0
v 64.0 114.47624969482422 59.0
v 63.35816192626953 115.0 59.0
v 63.096981048583984 115.0 60.0
v 64.0 115.0 60.528076171875
v 64.0 114.0809097290039 61.0
v 64.0 116.0 45.27251434326172
v 64.0 115.4435043334961 46.0
v 64.0 116.0 53.62841033935547
v 63.592002868652344 116.0 57.0
v 64.0 116.0 56.761268615722656
v 64.0 115.6412124633789 57.0
v 64.0 116.0 60.669395446777344
v 64.0 117.0 42.745548248291016
v 64.0 116.74484252929688 43.0
v 64.0 116.47046661376953 44.0
v 64.0 116.1974105834961 45.0
v 64.0 117.0 53.649208068847656
v 64.0 117.0 56.39521026611328
v 64.0 116.46186828613281 61.0
v 64.0 117.0 61.39796829223633
v 64.0 118.0 42.5029411315918
v 63.080501556396484 118.0 53.0
v 64.0 118.0 53.635459899902344
v 64.0 118.0 55.61785125732422
v 64.0 117.59584045410156 56.0
v 64.0 118.0 61.89655685424805
v 64.0 119.0 42.31536102294922
v 64.0 119.0 53.68142318725586
v 64.0 119.0 55.29258728027344
v 64.0 118.1666030883789 62.0
v 63.02199935913086 119.0 62.0
v 64.0 119.0 62.593013763427734
v 64.0 120.0 41.37998580932617
v 64.0 119.39740753173828 42.0
v 63.296791076660156 120.0 53.0
v 64.0 120.0 53.61061096191406
v 64.0 120.0 55.25090408325195
v 64.0 119.43546295166016 63.0
v 64.0 120.0 63.390960693359375
v 64.0 121.0 40.64142608642578
v 64.0 120.43923950195312 41.0
v 63.63710403442383 121.0 53.0
v 64.0 121.0 53.395572662353516
v 64.0 121.0 55.20766830444336
v 64.0 121.0 63.7393798828125
v 64.0 122.0 40.513221740722656
v 63.170188903808594 122.0 52.0
v 64.0 122.0 52.731693267822266
v 64.0 121.5697021484375 53.0
v 64.0 122.0 54.737186431884766
v 64.0 121.5997314453125 55.0
v 64.0 121.54881286621094 64.0
v 63.66830062866211 122.0 64.0
v 64.0 122.0 64.23168182373047
v 64.0 123.0 40.5350227355957
v 63.28099822998047 123.0 52.0
v 64.0 123.0 52.64065933227539
v 64.0 123.0 53.432518005371094
v 64.0 122.52196502685547 54.0
v 63.638919830322266 123.0 64.0
v 64.0 123.0 64.32936096191406
v 64.0 124.0 40.58940887451172
v 64.0 124.0 52.767024993896484
v 64.0 124.0 53.222652435302734
v 64.0 123.90373992919922 64.0
v 64.0 124.0 63.963863372802734
v 64.0 125.0 40.56855392456055
v 64.0 125.0 52.73725891113281
v 64.0 125.0 53.26614761352539
v 64.0 124.14422607421875 64.0
v 63.672584533691406 125.0 64.0
v 64.0 124.77297973632812 65.0
v 63.68305206298828 125.0 65.0
v 64.0 125.0 65.1650619506836
v 63.55316162109375 126.0 41.0
v 64.0 126.0 40.765411376953125
v 63.58338165283203 126.0 52.0
v 64.0 126.0 52.41777801513672
v 63.49662780761719 126.0 54.0
v 64.0 126.0 53.455806732177734
v 63.13432312011719 126.0 64.0
v 63.04181671142578 126.0 65.0
v 64.0 126.0 65.55199432373047
v 64.0 126.37371063232422 41.0
v 63.29800033569336 127.0 42.0
v 64.0 127.0 41.4976806640625
v 64.0 126.42156982421875 52.0
v 64.0 127.0 51.68228530883789
v 63.53340530395508 127.0 54.0
v 64.0 127.0 53.49831008911133
v 64.0 127.0 65.62936401367188
v 64.0 127.701171875 42.0
v 64.0 128.0 42.17631149291992
v 64.0 128.0 51.54850769042969
v 63.506309509277344 128.0 54.0
v 64.0 128.0 53.496307373046875
v 64.0 128.0 65.61593627929688
v 63.60251235961914 129.0 42.0
v 64.0 129.0 42.146385192871094
v 64.0 129.0 51.4967041015625
v 63.6075553894043 129.0 54.0
v 64.0 129.0 53.61280059814453
v 64.0 129.0 65.60433197021484
v 64.0 130.0 41.62872314453125
v 64.0 129.2490234375 42.0
v 63.01902389526367 130.0 50.0
v 63.783016204833984 130.0 51.0
v 64.0 130.0 51.1939811706543
v 63.78120803833008 130.0 54.0
v 64.0 130.0 53.841880798339844
v 64.0 129.83045959472656 66.0
v 64.0 130.0 66.4482650756836
v 64.0 131.0 41.50516128540039
v 63.423824310302734 131.0 50.0
v 64.0 131.0 50.50727844238281
v 64.0 130.25863647460938 51.0
v 64.0 131.0 53.40835952758789
v 64.0 130.2005615234375 67.0
v 64.0 131.0 67.3922348022461
v 64.0 132.0 41.49350357055664
v 63.494293212890625 132.0 50.0
v 64.0 132.0 50.396156311035156
v 64.0 132.0 53.23019790649414
v 63.34256362915039 132.0 62.0
v 63.346893310546875 132.0 67.0
v 64.0 132.0 67.26598358154297
v 64.0 133.0 41.339088439941406
v 63.5562858581543 133.0 50.0
v 64.0 133.0 50.45206069946289
v 64.0 133.0 53.06546401977539
v 63.373416900634766 133.0 61.0
v 64.0 133.0 61.56980895996094
v 64.0 132.48902893066406 62.0
v 64.0 133.0 62.2803840637207
v 63.385738372802734 133.0 66.0
v 64.0 133.0 66.50582885742188
v 64.0 132.37168884277344 67.0
v 63.318397521972656 134.0 41.0
v 64.0 134.0 40.85517883300781
v 64.0 133.7306671142578 41.0
v 63.089115142822266 134.0 49.0
v 63.805938720703125 134.0 50.0
v 64.0 134.0 50.35814666748047
v 63.99234390258789 134.0 52.0
v 64.0 134.0 51.98002243041992
v 64.0 133.9581756591797 52.0
v 64.0 133.25367736816406 53.0
v 63.6844596862793 134.0 53.0
v 64.0 133.62696838378906 61.0
v 64.0 134.0 60.80712127685547
v 63.36414337158203 134.0 63.0
v 64.0 134.0 62.555320739746094
v 63.460227966308594 134.0 66.0
v 64.0 134.0 66.36188507080078
v 64.0 134.386962890625 41.0
v 64.0 135.0 41.2176628112793
v 63.42275619506836 135.0 49.0
v 64.0 135.0 49.665313720703125
v 64.0 134.41867065429688 50.0
v 64.0 134.62725830078125 52.0
v 64.0 135.0 52.00608444213867
v 64.0 135.0 60.514686584472656
v 63.755130767822266 135.0 63.0
v 64.0 135.0 62.788883209228516
v 63.147212982177734 135.0 65.0
v 63.24047088623047 135.0 66.0
v 64.0 135.0 66.38422393798828
v 64.0 136.0 41.463348388671875
v 63.64434051513672 136.0 49.0
v 64.0 136.0 49.35486602783203
v 63.982200622558594 136.0 51.0
v 64.0 136.0 50.96561050415039
v 64.0 135.82522583007812 51.0
v 64.0 135.8746795654297 52.0
v 63.9991569519043 136.0 52.0
v 64.0 135.73512268066406 60.0
v 64.0 136.0 59.81439971923828
v 64.0 135.3179931640625 63.0
v 63.908878326416016 136.0 64.0
v 64.0 136.0 63.85199737548828
v 64.0 136.0 64.55419158935547
v 64.0 135.92315673828125 65.0
v 63.92953872680664 136.0 66.0
v 64.0 136.0 65.70137786865234
v 64.0 136.0 66.02994537353516
v 64.0 137.0 41.6666145324707
v 64.0 136.54403686523438 49.0
v 64.0 137.0 48.80195617675781
v 63.92353820800781 137.0 51.0
v 64.0 137.0 50.894691467285156
v 63.76115417480469 137.0 52.0
v 64.0 137.0 59.54035186767578
v 64.0 136.09115600585938 64.0
v 64.0 136.02806091308594 66.0
v 64.0 137.43798828125 42.0
v 64.0 138.0 42.51929473876953
v 64.0 138.0 48.501182556152344
v 63.84282302856445 138.0 51.0
v 64.0 138.0 50.79893112182617
v 63.246604919433594 138.0 52.0
v 64.0 138.0 59.49626159667969
v 64.0 138.4542999267578 43.0
v 64.0 139.0 43.63429260253906
v 64.0 138.57015991210938 48.0
v 64.0 139.0 47.6829948425293
v 64.0 138.69224548339844 51.0
v 64.0 139.0 51.076534271240234
v 64.0 139.0 59.35560607910156
v 64.0 139.3737030029297 44.0
v 64.0 140.0 44.52382278442383
v 64.0 140.0 47.353248596191406
v 64.0 140.0 51.26365661621094
v 63.142173767089844 140.0 58.0
v 64.0 140.0 58.66777420043945
v 64.0 139.5780029296875 59.0
v 64.0 140.54025268554688 45.0
v 63.967315673828125 141.0 46.0
v 64.0 141.0 45.95138168334961
v 64.0 141.0 46.0482177734375
v 64.0 140.49424743652344 47.0
v 63.00572204589844 141.0 52.0
v 64.0 141.0 51.54216003417969
v 63.52936935424805 141.0 58.0
v 64.0 141.0 58.366580963134766
v 64.0 141.02255249023438 46.0
v 64.0 141.4520721435547 52.0
v 64.0 141.90887451171875 53.0
v 64.0 142.0 53.101959228515625
v 63.61637878417969 142.0 58.0
v 64.0 142.0 58.30834197998047
v 63.783905029296875 143.0 54.0
v 64.0 143.0 53.794219970703125
v 63.51129913330078 143.0 55.0
v 63.504146575927734 143.0 56.0
v 63.55433654785156 143.0 57.0
v 63.924312591552734 143.0 58.0
v 64.0 143.0 58.07215881347656
v 64.0 143.22999572753906 54.0
v 64.0 143.48812866210938 55.0
v 64.0 143.4972381591797 56.0
v 64.0 143.4746856689453 57.0
v 64.0 143.09323120117188 58.0
v 64.9464340209961 113.0 48.0
v 65.0 113.0 47.97496795654297
v 65.0 112.98123168945312 48.0
v 65.0 112.71011352539062 49.0
v 65.0 112.92440032958984 50.0
v 65.0 112.61925506591797 51.0
v 65.0 112.47748565673828 52.0
v 65.0 112.49374389648438 53.0
v 65.0 113.0 53.782894134521484
v 64.17073822021484 113.0 60.0
v 65.0 113.0 59.76000213623047
v 65.0 112.76518249511719 60.0
v 65.0 112.77483367919922 61.0
v 64.21219635009766 113.0 61.0
v 65.0 113.0 61.225215911865234
v 64.62837219238281 114.0 47.0
v 65.0 114.0 46.82402420043945
v 65.0 113.79261779785156 47.0
v 65.0 114.0 53.666168212890625
v 65.0 114.0 59.319026947021484
v 65.0 114.0 61.30218505859375
v 65.0 115.0 46.316036224365234
v 65.0 115.0 53.7535514831543
v 64.81233215332031 115.0 57.0
v 65.0 115.0 56.889434814453125
v 65.0 114.89026641845703 57.0
v 65.0 114.53777313232422 58.0
v 65.0 114.28024291992188 59.0
v 65.0 114.52076721191406 61.0
v 65.0 115.0 60.68830871582031
v 64.47738647460938 116.0 45.0
v 65.0 116.0 44.66135025024414
v 65.0 115.78372955322266 45.0
v 65.0 115.31536865234375 46.0
v 65.0 115.54810333251953 54.0
v 64.66773986816406 116.0 54.0
v 65.0 116.0 54.21624755859375
v 65.0 116.0 56.53300094604492
v 65.0 116.0 60.80814743041992
v 65.0 117.0 42.74300765991211
v 65.0 116.7398681640625 43.0
v 65.0 116.3742904663086 44.0
v 64.45372772216797 117.0 54.0
v 65.0 117.0 54.4945182800293
v 65.0 117.0 56.3751220703125
v 65.0 116.27264404296875 61.0
v 65.0 117.0 61.50844955444336
v 65.0 118.0 42.50327682495117
v 64.33541870117188 118.0 54.0
v 65.0 117.61038970947266 55.0
v 64.61727905273438 118.0 55.0
v 65.0 117.61883544921875 56.0
v 65.0 117.62663269042969 62.0
v 64.24520111083984 118.0 62.0
v 65.0 118.0 62.335960388183594
v 65.0 119.0 42.3289794921875
v 64.28165435791016 119.0 54.0
v 64.28846740722656 119.0 55.0
v 65.0 118.75279998779297 63.0
v 64.63212585449219 119.0 63.0
v 65.0 119.0 63.19499206542969
v 65.0 120.0 41.50193405151367
v 65.0 119.44120025634766 42.0
v 64.30776977539062 120.0 54.0
v 64.24993896484375 120.0 55.0
v 65.0 120.0 63.599246978759766
v 65.0 121.0 40.67631149291992
v 65.0 120.5656967163086 41.0
v 64.42234802246094 121.0 54.0
v 64.22320556640625 121.0 55.0
v 65.0 120.65380096435547 64.0
v 64.53816223144531 121.0 64.0
v 65.0 121.0 64.24026489257812
v 65.0 122.0 40.50806427001953
v 64.28872680664062 122.0 53.0
v 64.57294464111328 122.0 54.0
v 65.0 122.0 64.70133209228516
v 65.0 123.0 40.50148010253906
v 64.57341766357422 123.0 53.0
v 65.0 122.59326934814453 65.0
v 64.73768615722656 123.0 65.0
v 65.0 123.0 65.2147216796875
v 65.0 124.0 40.503822326660156
v 64.7452392578125 124.0 53.0
v 64.03556823730469 124.0 64.0
v 64.5320816040039 124.0 65.0
v 65.0 124.0 65.41703033447266
v 65.0 125.0 40.504188537597656
v 65.0 124.3951644897461 53.0
v 65.0 125.0 52.87672424316406
v 65.0 125.0 53.121517181396484
v 65.0 125.0 65.60311126708984
v 65.0 126.0 40.54283905029297
v 65.0 126.0 52.91065216064453
v 65.0 126.0 53.05874252319336
v 65.0 125.73548126220703 66.0
v 64.75555419921875 126.0 66.0
v 65.0 126.0 66.14783477783203
v 64.68840026855469 127.0 41.0
v 65.0 127.0 40.81515884399414
v 65.0 126.88980102539062 52.0
v 65.0 127.0 51.929805755615234
v 65.0 126.14794158935547 53.0
v 64.61955261230469 127.0 53.0
v 65.0 127.0 52.179771423339844
v 64.52482604980469 127.0 66.0
v 65.0 127.0 66.3143539428711
v 65.0 127.24190521240234 41.0
v 64.36266326904297 128.0 42.0
v 65.0 128.0 41.65234375
v 65.0 128.0 51.72908020019531
v 64.54287719726562 128.0 53.0
v 65.0 128.0 52.39663314819336
v 64.73573303222656 128.0 66.0
v 65.0 128.0 66.15850067138672
v 65.0 128.68736267089844 42.0
v 65.0 129.0 42.143272399902344
v 65.0 129.0 51.716026306152344
v 64.57615661621094 129.0 53.0
v 65.0 129.0 52.41178894042969
v 65.0 128.31478881835938 66.0
v 65.0 129.0 65.6870346069336
v 65.0 130.0 41.66581344604492
v 65.0 129.2703857421875 42.0
v 65.0 130.0 51.68295669555664
v 64.59403991699219 130.0 53.0
v 65.0 130.0 52.344032287597656
v 64.59114837646484 130.0 66.0
v 65.0 130.0 65.92449188232422
v 65.0 131.0 41.50785827636719
v 65.0 130.78411865234375 51.0
v 65.0 131.0 50.861637115478516
v 64.97664642333984 131.0 52.0
v 65.0 131.0 51.87743377685547
v 65.0 130.92349243164062 52.0
v 64.38509368896484 131.0 53.0
v 65.0 130.07688903808594 66.0
v 65.0 130.39329528808594 67.0
v 65.0 131.0 67.3004150390625
v 65.0 132.0 41.493553161621094
v 65.0 132.0 50.72150421142578
v 64.66179656982422 132.0 52.0
v 65.0 132.0 51.4697151184082
v 64.23126220703125 132.0 53.0
v 65.0 132.0 67.32524108886719
v 65.0 133.0 41.3341178894043
v 65.0 133.0 50.78487777709961
v 64.21727752685547 133.0 52.0
v 65.0 133.0 51.26264190673828
v 64.061767578125 133.0 53.0
v 64.48521423339844 133.0 62.0
v 65.0 132.62405395507812 67.0
v 65.0 133.0 66.78463745117188
v 65.0 134.0 40.7244873046875
v 65.0 133.5595703125 41.0
v 65.0 134.0 50.926490783691406
v 65.0 134.0 51.064212799072266
v 64.25968933105469 134.0 61.0
v 64.93440246582031 134.0 62.0
v 65.0 134.0 66.53193664550781
v 64.4714126586914 135.0 41.0
v 65.0 135.0 40.76000213623047
v 64.66897583007812 135.0 50.0
v 65.0 134.11692810058594 51.0
v 64.18672943115234 135.0 51.0
v 64.0049819946289 135.0 52.0
v 64.62321472167969 135.0 61.0
v 65.0 135.0 61.71751403808594
v 65.0 134.2476348876953 62.0
v 65.0 135.0 62.14647674560547
v 65.0 135.0 66.4835205078125
v 65.0 135.47201538085938 41.0
v 65.0 136.0 41.266632080078125
v 65.0 135.5869598388672 50.0
v 65.0 136.0 49.88948440551758
v 65.0 136.0 50.12977981567383
v 64.30799865722656 136.0 60.0
v 65.0 136.0 60.588829040527344
v 65.0 135.5021209716797 61.0
v 64.53840637207031 136.0 63.0
v 65.0 136.0 62.50973129272461
v 64.08247375488281 136.0 65.0
v 65.0 136.0 66.28102111816406
v 65.0 137.0 41.650421142578125
v 64.27315521240234 137.0 49.0
v 65.0 137.0 49.954345703125
v 65.0 137.0 50.03678512573242
v 65.0 136.7079315185547 60.0
v 65.0 137.0 59.826107025146484
v 65.0 136.72935485839844 63.0
v 64.8746566772461 137.0 64.0
v 65.0 137.0 63.56174087524414
v 65.0 137.0 64.27613067626953
v 65.0 136.7049560546875 65.0
v 65.0 136.34417724609375 66.0
v 65.0 137.41162109375 42.0
v 65.0 138.0 42.671119689941406
v 64.6183853149414 138.0 49.0
v 65.0 138.0 49.97274398803711
v 65.0 138.0 50.01106643676758
v 65.0 138.0 59.67701721191406
v 65.0 137.18931579589844 64.0
v 65.0 138.27667236328125 43.0
v 65.0 139.0 43.97096252441406
v 65.0 138.9419403076172 48.0
v 65.0 139.0 47.946285247802734
v 65.0 138.48355102539062 49.0
v 65.0 139.0 49.94113540649414
v 64.95986938476562 139.0 50.0
v 65.0 138.29550170898438 50.0
v 64.08689880371094 139.0 51.0
v 65.0 139.0 59.59478759765625
v 65.0 139.0343475341797 44.0
v 65.0 140.0 44.513328552246094
v 65.0 140.0 47.49551010131836
v 64.89279174804688 140.0 50.0
v 65.0 140.0 49.87419128417969
v 64.29023742675781 140.0 51.0
v 64.55359649658203 140.0 59.0
v 65.0 140.0 59.24224090576172
v 65.0 140.82122802734375 45.0
v 65.0 141.0 45.34870910644531
v 65.0 140.81690979003906 47.0
v 65.0 141.0 46.65153884887695
v 65.0 140.16123962402344 50.0
v 64.65168762207031 141.0 51.0
v 65.0 141.0 50.62274932861328
v 65.0 140.36029052734375 59.0
v 65.0 141.0 58.63312911987305
v 65.0 141.21461486816406 46.0
v 65.0 141.31781005859375 51.0
v 64.7835922241211 142.0 52.0
v 65.0 142.0 51.80232620239258
v 64.13185119628906 142.0 53.0
v 65.0 142.0 58.50337600708008
v 65.0 142.15545654296875 52.0
v 65.0 142.71046447753906 53.0
v 65.0 143.0 53.24074172973633
v 65.0 143.0 58.45022201538086
v 64.73695373535156 144.0 54.0
v 65.0 144.0 53.65302276611328
v 64.56856536865234 144.0 55.0
v 64.54739379882812 144.0 56.0
v 64.53692626953125 144.0 57.0
v 64.89990997314453 144.0 58.0
v 65.0 144.0 58.07855224609375
v 65.0 144.20443725585938 54.0
v 65.0 144.3256378173828 55.0
v 65.0 144.36180114746094 56.0
v 65.0 144.4103240966797 57.0
v 65.0 144.0819091796875 58.0
v 65.0665054321289 113.0 48.0
v 66.0 113.0 48.5171012878418
v 66.0 112.78690338134766 49.0
v 66.0 112.92906188964844 50.0
v 66.0 112.61555480957031 51.0
v 66.0 112.38414764404297 52.0
v 66.0 112.09249114990234 53.0
v 66.0 112.8219223022461 54.0
v 65.5502700805664 113.0 54.0
v 66.0 113.0 54.12709426879883
v 66.0 113.0 59.754234313964844
v 66.0 112.75955963134766 60.0
v 66.0 112.76392364501953 61.0
v 66.0 113.0 61.236541748046875
v 66.0 114.0 46.72078323364258
v 66.0 113.7066879272461 47.0
v 66.0 113.22993469238281 48.0
v 66.0 113.95806121826172 54.0
v 66.0 114.0 53.99398422241211
v 66.0 114.0 59.3017692565918
v 66.0 114.0 61.35483169555664
v 66.0 115.0 46.271881103515625
v 66.0 114.01853942871094 54.0
v 65.47991943359375 115.0 54.0
v 66.0 115.0 54.269554138183594
v 66.0 115.0 56.74684524536133
v 66.0 114.75276947021484 57.0
v 66.0 114.5067367553711 58.0
v 66.0 114.2707748413086 59.0
v 65.97691345214844 115.0 61.0
v 66.0 115.0 61.008060455322266
v 66.0 116.0 44.3686408996582
v 66.0 115.6294937133789 45.0
v 66.0 115.2702407836914 46.0
v 66.0 116.0 54.52165985107422
v 66.0 116.0 56.448944091796875
v 65.38597869873047 116.0 61.0
v 66.0 116.0 61.29893112182617
v 66.0 117.0 42.862152099609375
v 66.0 116.85171508789062 43.0
v 66.0 116.25226593017578 44.0
v 66.0 117.0 54.935394287109375
v 66.0 117.0 56.094852447509766
v 66.0 117.0 61.754852294921875
v 66.0 118.0 42.53434371948242
v 66.0 117.06697845458984 55.0
v 66.0 117.10894775390625 56.0
v 66.0 117.31517791748047 62.0
v 66.0 118.0 62.54893493652344
v 66.0 119.0 42.368995666503906
v 66.0 118.49071502685547 63.0
v 66.0 119.0 63.4593620300293
v 66.0 120.0 41.67039108276367
v 66.0 119.5958023071289 42.0
v 66.0 120.0 63.8394660949707
v 66.0 121.0 40.8154182434082
v 66.0 120.76206970214844 41.0
v 66.0 120.23570251464844 64.0
v 66.0 121.0 64.49860382080078
v 66.0 122.0 40.538841247558594
v 66.0 121.70964050292969 65.0
v 65.59109497070312 122.0 65.0
v 66.0 122.0 65.20602416992188
v 66.0 123.0 40.50151824951172
v 66.0 123.0 65.57881164550781
v 66.0 124.0 40.5001335144043
v 66.0 124.0 65.93042755126953
v 66.0 125.0 40.501495361328125
v 65.5572280883789 125.0 53.0
v 66.0 125.0 65.78456115722656
v 66.0 126.0 40.510440826416016
v 65.95295715332031 126.0 53.0
v 66.0 125.50172424316406 66.0
v 66.0 126.0 66.21294403076172
v 66.0 127.0 40.6400146484375
v 65.31785583496094 127.0 52.0
v 66.0 127.0 66.44950866699219
v 66.0 127.57026672363281 41.0
v 66.0 128.0 41.369239807128906
v 66.0 127.53416442871094 52.0
v 66.0 128.0 51.86601638793945
v 66.0 128.0 52.14839172363281
v 66.0 128.0 66.32645416259766
v 66.0 128.81199645996094 42.0
v 66.0 129.0 42.12890625
v 66.0 129.0 51.81612777709961
v 66.0 129.0 52.18526840209961
v 66.0 128.53915405273438 66.0
v 66.0 129.0 65.7100830078125
v 66.0 130.0 41.77978515625
v 66.0 129.35299682617188 42.0
v 66.0 130.0 51.744441986083984
v 66.0 130.0 52.19413375854492
v 66.0 130.0 65.79702758789062
v 66.0 131.0 41.53779602050781
v 66.0 130.9490203857422 51.0
v 66.0 131.0 50.969520568847656
v 65.33567810058594 131.0 52.0
v 66.0 131.0 52.039894104003906
v 66.0 130.2368621826172 66.0
v 65.88715362548828 131.0 67.0
v 66.0 131.0 66.93952941894531
v 66.0 132.0 41.496246337890625
v 66.0 132.0 50.87248229980469
v 66.0 132.0 51.17695999145508
v 66.0 131.06398010253906 52.0
v 66.0 131.08836364746094 67.0
v 66.0 132.0 67.36212921142578
v 66.0 133.0 41.36959457397461
v 66.0 132.62686157226562 51.0
v 65.74185943603516 133.0 51.0
v 65.51692962646484 133.0 67.0
v 66.0 133.0 67.20092010498047
v 66.0 134.0 40.7998161315918
v 66.0 133.6782684326172 41.0
v 65.20518493652344 134.0 51.0
v 66.0 133.3227081298828 67.0
v 66.0 134.0 66.63045501708984
v 66.0 135.0 40.619102478027344
v 65.14395904541016 135.0 62.0
v 66.0 135.0 66.50296020507812
v 65.87052917480469 136.0 41.0
v 66.0 136.0 40.95414352416992
v 65.17454528808594 136.0 50.0
v 65.36699676513672 136.0 61.0
v 65.51913452148438 136.0 62.0
v 66.0 136.0 66.44934844970703
v 66.0 136.06613159179688 41.0
v 66.0 137.0 41.614646911621094
v 65.03428649902344 137.0 50.0
v 65.22616577148438 137.0 60.0
v 65.94152069091797 137.0 61.0
v 65.39167785644531 137.0 62.0
v 65.14256286621094 137.0 63.0
v 65.3458251953125 137.0 65.0
v 65.91524505615234 137.0 66.0
v 66.0 137.0 66.05863189697266
v 66.0 137.37123107910156 42.0
v 65.9884033203125 138.0 43.0
v 66.0 137.99644470214844 43.0
v 66.0 138.0 43.004066467285156
v 65.00923156738281 138.0 50.0
v 65.46495056152344 138.0 60.0
v 66.0 138.0 60.59669876098633
v 66.0 137.12576293945312 61.0
v 65.6756591796875 138.0 62.0
v 66.0 138.0 61.48537826538086
v 65.51067352294922 138.0 63.0
v 65.51066589355469 138.0 64.0
v 66.0 138.0 64.4952621459961
v 66.0 137.54251098632812 65.0
v 66.0 137.0583953857422 66.0
v 66.0 139.0 43.87972640991211
v 65.06993103027344 139.0 48.0
v 65.3055191040039 139.0 49.0
v 65.66461181640625 139.0 60.0
v 66.0 139.0 60.322410583496094
v 66.0 138.74461364746094 62.0
v 66.0 138.9923858642578 63.0
v 65.49553680419922 139.0 64.0
v 66.0 139.0 63.01578140258789
v 66.0 139.0 64.26800537109375
v 66.0 139.15066528320312 44.0
v 66.0 140.0 44.58476257324219
v 66.0 139.75030517578125 48.0
v 66.0 140.0 47.681575775146484
v 65.74079132080078 140.0 49.0
v 66.0 140.0 48.5003547668457
v 66.0 139.44337463378906 60.0
v 66.0 140.0 59.671207427978516
v 65.43988037109375 140.0 64.0
v 66.0 140.0 63.72945022583008
v 66.0 140.0 64.1995620727539
v 66.0 140.4261474609375 45.0
v 65.3597183227539 141.0 46.0
v 66.0 140.64816284179688 46.0
v 66.0 140.4479217529297 47.0
v 66.0 140.25799560546875 49.0
v 65.68318176269531 141.0 50.0
v 66.0 141.0 49.74351119995117
v 66.0 140.89015197753906 59.0
v 66.0 141.0 58.920745849609375
v 66.0 140.78929138183594 64.0
v 66.0 141.2137451171875 50.0
v 66.0 141.7512969970703 51.0
v 66.0 142.0 51.35015869140625
v 66.0 142.0 58.690128326416016
v 66.0 142.41387939453125 52.0
v 66.0 142.93475341796875 53.0
v 66.0 143.0 53.06402587890625
v 66.0 143.0 58.661319732666016
v 66.0 144.0 53.5616455078125
v 66.0 144.0 58.47809982299805
v 66.0 144.352294921875 54.0
v 66.0 144.5301513671875 55.0
v 66.0 144.73370361328125 56.0
v 65.93899536132812 145.0 57.0
v 66.0 145.0 56.879634857177734
v 66.0 145.0 57.09549331665039
v 66.0 144.5635223388672 58.0
v 66.0 145.0423126220703 57.0
v 66.49974822998047 112.0 53.0
v 67.0 112.0 52.8323860168457
v 67.0 111.91648864746094 53.0
v 67.0 112.0 53.136192321777344
v 67.0 113.0 48.540897369384766
v 67.0 112.70952606201172 49.0
v 67.0 112.59815979003906 50.0
v 67.0 112.52447509765625 51.0
v 67.0 112.34271240234375 52.0
v 67.0 112.61931610107422 54.0
v 67.0 113.0 54.28301239013672
v 67.0 113.0 59.89655303955078
v 67.0 112.89893341064453 60.0
v 67.0 112.80632781982422 61.0
v 67.0 113.0 61.19811248779297
v 67.0 114.0 46.734535217285156
v 67.0 113.73505401611328 47.0
v 67.0 113.33656311035156 48.0
v 66.01091766357422 114.0 54.0
v 67.0 114.0 54.40816879272461
v 67.0 114.0 59.32882308959961
v 67.0 114.0 61.442649841308594
v 67.0 115.0 46.27306365966797
v 67.0 115.0 54.52430725097656
v 67.0 115.0 56.90155792236328
v 67.0 114.91586303710938 57.0
v 67.0 114.62476348876953 58.0
v 67.0 114.31025695800781 59.0
v 67.0 115.0 61.40877151489258
v 67.0 116.0 44.05735397338867
v 67.0 115.57048034667969 45.0
v 67.0 115.2716293334961 46.0
v 67.0 116.0 54.878360748291016
v 67.0 116.0 56.16128921508789
v 67.0 116.0 61.559478759765625
v 66.33535766601562 117.0 43.0
v 67.0 117.0 43.27599334716797
v 67.0 116.04427337646484 44.0
v 67.0 116.14979553222656 55.0
v 66.08171081542969 117.0 55.0
v 67.0 116.17874908447266 56.0
v 66.11898040771484 117.0 56.0
v 67.0 116.87092590332031 62.0
v 66.76104736328125 117.0 62.0
v 67.0 117.0 62.08671951293945
v 67.0 118.0 42.6302375793457
v 67.0 117.3761215209961 43.0
v 67.0 118.0 62.79365158081055
v 67.0 119.0 42.46833801269531
v 67.0 118.1989517211914 63.0
v 67.0 118.88744354248047 64.0
v 66.84735107421875 119.0 64.0
v 67.0 119.0 64.1082763671875
v 66.54240417480469 120.0 42.0
v 67.0 120.0 42.23589324951172
v 66.24508666992188 120.0 64.0
v 67.0 120.0 64.46052551269531
v 66.34221649169922 121.0 41.0
v 67.0 121.0 41.45425796508789
v 67.0 120.3652114868164 42.0
v 67.0 121.0 64.6780776977539
v 67.0 122.0 40.65266036987305
v 67.0 121.47384643554688 41.0
v 67.0 121.47725677490234 65.0
v 67.0 122.0 65.33289337158203
v 67.0 123.0 40.51263427734375
v 67.0 123.0 65.64952087402344
v 67.0 124.0 40.50803756713867
v 67.0 123.8236083984375 66.0
v 66.42912292480469 124.0 66.0
v 67.0 124.0 66.08982849121094
v 67.0 125.0 40.536434173583984
v 67.0 124.24752044677734 66.0
v 67.0 125.0 65.75556945800781
v 67.0 126.0 40.5938606262207
v 66.83136749267578 126.0 66.0
v 67.0 126.0 65.95154571533203
v 67.0 127.0 40.57192611694336
v 67.0 126.08550262451172 66.0
v 67.0 127.0 66.3988265991211
v 66.6556167602539 128.0 41.0
v 67.0 128.0 40.829376220703125
v 66.32588195800781 128.0 52.0
v 67.0 128.0 66.3768081665039
v 67.0 128.20899963378906 41.0
v 67.0 128.80929565429688 42.0
v 67.0 129.0 42.17460250854492
v 66.5483627319336 129.0 52.0
v 67.0 128.7857666015625 66.0
v 67.0 129.0 65.8757095336914
v 66.5627670288086 130.0 42.0
v 67.0 130.0 42.177120208740234
v 66.60232543945312 130.0 52.0
v 67.0 130.0 65.99214935302734
v 67.0 131.0 41.629127502441406
v 67.0 130.29002380371094 42.0
v 66.050537109375 131.0 51.0
v 66.13542175292969 131.0 52.0
v 67.0 130.0081329345703 66.0
v 67.0 130.32485961914062 67.0
v 66.10851287841797 131.0 67.0
v 67.0 131.0 67.31180572509766
v 67.0 132.0 41.503753662109375
v 66.22396087646484 132.0 51.0
v 67.0 132.0 67.4586181640625
v 67.0 133.0 41.46226501464844
v 67.0 133.0 67.32528686523438
v 66.47472381591797 134.0 41.0
v 67.0 134.0 41.21900939941406
v 67.0 133.4981689453125 67.0
v 67.0 134.0 66.67279052734375
v 67.0 135.0 40.80815124511719
v 67.0 134.53761291503906 41.0
v 67.0 135.0 66.50641632080078
v 67.0 135.44883728027344 41.0
v 66.14952087402344 136.0 41.0
v 67.0 136.0 41.23289489746094
v 67.0 136.0 66.48599243164062
v 67.0 137.0 41.66798782348633
v 67.0 137.0 66.25373840332031
v 67.0 137.36741638183594 42.0
v 66.03878784179688 138.0 43.0
v 67.0 138.0 42.88679122924805
v 66.50749206542969 138.0 61.0
v 67.0 137.72976684570312 65.0
v 67.0 138.0 64.72782897949219
v 67.0 137.25875854492188 66.0
v 67.0 138.08668518066406 43.0
v 67.0 138.80340576171875 44.0
v 66.37677001953125 139.0 44.0
v 67.0 139.0 44.1742057800293
v 66.87522888183594 139.0 61.0
v 66.15311431884766 139.0 62.0
v 66.00570678710938 139.0 63.0
v 67.0 139.0 64.44624328613281
v 67.0 140.0 44.708465576171875
v 67.0 139.899169921875 48.0
v 67.0 140.0 47.79944610595703
v 67.0 140.0 48.16657257080078
v 66.35731506347656 140.0 60.0
v 67.0 140.0 60.81048583984375
v 67.0 139.3620147705078 61.0
v 66.89936828613281 140.0 62.0
v 67.0 140.0 61.606292724609375
v 66.80545806884766 140.0 63.0
v 67.0 140.0 64.32903289794922
v 67.0 140.27427673339844 45.0
v 67.0 140.48497009277344 46.0
v 67.0 140.3365936279297 47.0
v 67.0 140.50155639648438 49.0
v 67.0 141.0 49.51688003540039
v 66.08998107910156 141.0 59.0
v 66.81224822998047 141.0 60.0
v 67.0 141.0 60.261348724365234
v 67.0 140.14341735839844 62.0
v 67.0 140.50332641601562 63.0
v 66.26725006103516 141.0 64.0
v 67.0 141.0 63.467498779296875
v 67.0 141.0 64.14307403564453
v 67.0 141.4521484375 50.0
v 66.51058197021484 142.0 51.0
v 67.0 142.0 50.697628021240234
v 66.42594909667969 142.0 59.0
v 67.0 142.0 59.48006820678711
v 67.0 141.2485809326172 60.0
v 66.88780975341797 142.0 63.0
v 67.0 142.0 62.930362701416016
v 67.0 141.6861114501953 63.0
v 67.0 141.26820373535156 64.0
v 67.0 142.0 63.128318786621094
v 67.0 142.23704528808594 51.0
v 67.0 142.7312774658203 52.0
v 66.1124496459961 143.0 53.0
v 67.0 143.0 52.375606536865234
v 66.50415802001953 143.0 59.0
v 67.0 143.0 59.33686447143555
v 67.0 142.15977478027344 63.0
v 67.0 143.7955322265625 53.0
v 67.0 144.0 53.16709518432617
v 66.73303985595703 144.0 59.0
v 67.0 144.0 59.18893814086914
v 67.0 144.6546630859375 54.0
v 67.0 144.7960968017578 55.0
v 66.51317596435547 145.0 56.0
v 67.0 145.0 55.43550491333008
v 66.60536193847656 145.0 58.0
v 67.0 145.0 58.353363037109375
v 67.0 144.3008270263672 59.0
v 67.0 145.25216674804688 56.0
v 67.0 145.4197235107422 57.0
v 67.0 145.23048400878906 58.0
v 68.0 112.0 52.832427978515625
v 68.0 111.91650390625 53.0
v 68.0 112.0 53.13640213012695
v 68.0 113.0 48.52330017089844
v 68.0 112.6745834350586 49.0
v 68.0 112.51566314697266 50.0
v 68.0 112.50003051757812 51.0
v 68.0 112.3425521850586 52.0
v 68.0 112.56981658935547 54.0
v 68.0 113.0 54.348899841308594
v 67.21688079833984 113.0 60.0
v 68.0 113.0 60.91496276855469
v 68.0 112.96450805664062 61.0
v 68.0 113.0 61.03861618041992
v 68.0 114.0 46.877891540527344
v 68.0 113.87812042236328 47.0
v 68.0 113.3734130859375 48.0
v 68.0 114.0 54.62433624267578
v 68.0 114.0 59.445716857910156
v 68.0 113.39794921875 60.0
v 68.0 114.0 61.447486877441406
v 68.0 115.0 46.36125564575195
v 68.0 115.0 54.86643981933594
v 67.16693878173828 115.0 57.0
v 68.0 115.0 57.97625732421875
v 68.0 114.98944091796875 58.0
v 68.0 114.4065170288086 59.0
v 68.0 115.0 61.49413299560547
v 68.0 116.0 44.65188217163086
v 68.0 115.79541015625 45.0
v 68.0 115.41532135009766 46.0
v 68.0 115.17298126220703 55.0
v 67.15497589111328 116.0 55.0
v 68.0 115.54346466064453 56.0
v 67.2193374633789 116.0 56.0
v 68.0 115.35472106933594 57.0
v 68.0 116.0 61.53657913208008
v 68.0 117.0 43.48074722290039
v 68.0 116.43924713134766 44.0
v 67.35124969482422 117.0 62.0
v 68.0 117.0 61.85346603393555
v 68.0 118.0 42.67734146118164
v 68.0 117.55750274658203 43.0
v 68.0 117.15849304199219 62.0
v 68.0 117.76902770996094 63.0
v 67.44498443603516 118.0 63.0
v 68.0 118.0 63.29250717163086
v 68.0 119.0 42.50554275512695
v 68.0 118.57189178466797 64.0
v 68.0 119.0 64.42176055908203
v 68.0 120.0 42.45764923095703
v 68.0 120.0 64.92321014404297
v 67.69668579101562 121.0 42.0
v 68.0 121.0 42.18866729736328
v 68.0 121.0 64.83985137939453
v 68.0 122.0 40.98114776611328
v 68.0 121.97914123535156 41.0
v 68.0 121.24812316894531 42.0
v 68.0 121.28952026367188 65.0
v 68.0 122.0 65.34390258789062
v 68.0 123.0 40.69194030761719
v 68.0 123.0 65.61750793457031
v 68.0 124.0 40.67533874511719
v 67.9290771484375 124.0 66.0
v 68.0 124.0 65.99275970458984
v 68.0 125.0 40.78529739379883
v 68.0 125.0 65.87411499023438
v 68.0 126.0 40.99381637573242
v 68.0 125.50019073486328 66.0
v 67.26766967773438 126.0 66.0
v 68.0 126.0 66.12579345703125
v 68.0 127.0 40.634124755859375
v 68.0 127.0 66.4270248413086
v 68.0 128.0 40.64082336425781
v 68.0 128.0 66.4867172241211
v 68.0 128.55728149414062 41.0
v 68.0 128.8826141357422 42.0
v 68.0 129.0 42.119590759277344
v 67.25872039794922 129.0 66.0
v 68.0 129.0 66.4687271118164
v 68.0 130.0 42.27896499633789
v 67.0272445678711 130.0 66.0
v 68.0 129.7533416748047 67.0
v 67.56404876708984 130.0 67.0
v 68.0 130.0 67.16622924804688
v 68.0 131.0 41.669132232666016
v 68.0 130.44374084472656 42.0
v 68.0 131.0 67.44734191894531
v 68.0 132.0 41.50789260864258
v 68.0 132.0 67.49140930175781
v 68.0 133.0 41.49636459350586
v 68.0 133.0 67.3692855834961
v 68.0 134.0 41.40760040283203
v 68.0 133.6674041748047 67.0
v 68.0 134.0 66.790283203125
v 67.60971069335938 135.0 41.0
v 68.0 135.0 41.15122985839844
v 68.0 135.0 66.50249481201172
v 68.0 136.0 41.45009231567383
v 68.0 136.0 66.39669036865234
v 68.0 137.0 41.864654541015625
v 68.0 137.0 66.22402954101562
v 68.0 137.14346313476562 42.0
v 67.20135498046875 138.0 43.0
v 68.0 137.70167541503906 43.0
v 68.0 138.0 43.44800567626953
v 68.0 137.87245178222656 65.0
v 68.0 138.0 64.87814331054688
v 68.0 137.24661254882812 66.0
v 68.0 138.46292114257812 44.0
v 68.0 139.0 44.40556716918945
v 68.0 139.0 64.5302505493164
v 68.0 140.0 44.945587158203125
v 68.0 139.8495635986328 48.0
v 68.0 140.0 47.521949768066406
v 68.0 140.0 48.23244094848633
v 67.12786102294922 140.0 61.0
v 68.0 140.0 64.46550750732422
v 68.0 140.05247497558594 45.0
v 68.0 140.3106689453125 46.0
v 68.0 140.16233825683594 47.0
v 68.0 140.5152587890625 49.0
v 68.0 141.0 49.49142837524414
v 67.49335479736328 141.0 61.0
v 67.47322082519531 141.0 62.0
v 67.12974548339844 141.0 63.0
v 68.0 141.0 64.42172241210938
v 68.0 141.50460815429688 50.0
v 68.0 142.0 50.51154327392578
v 68.0 141.98138427734375 60.0
v 68.0 142.0 59.983177185058594
v 68.0 141.55418395996094 61.0
v 68.0 141.83541870117188 62.0
v 68.0 142.0 62.154624938964844
v 67.66809844970703 142.0 64.0
v 68.0 142.0 64.1720962524414
v 68.0 142.45591735839844 51.0
v 67.4793472290039 143.0 52.0
v 68.0 143.0 51.64751434326172
v 68.0 143.0 59.684532165527344
v 67.9110107421875 143.0 63.0
v 68.0 143.0 62.95299530029297
v 68.0 143.0 63.04426956176758
v 68.0 142.2333221435547 64.0
v 68.0 143.36038208007812 52.0
v 67.19377899169922 144.0 53.0
v 68.0 144.0 52.5202522277832
v 68.0 144.0 59.58457565307617
v 68.0 143.02955627441406 63.0
v 68.0 144.9675750732422 53.0
v 67.46954345703125 145.0 54.0
v 68.0 145.0 53.044837951660156
v 67.32463073730469 145.0 55.0
v 67.7755355834961 145.0 59.0
v 68.0 145.0 59.14278793334961
v 68.0 145.30728149414062 54.0
v 68.0 145.3688507080078 55.0
v 68.0 145.4635467529297 56.0
v 68.0 145.49575805664062 57.0
v 68.0 145.46090698242188 58.0
v 68.0 145.13504028320312 59.0
v 68.44181060791016 112.0 53.0
v 69.0 113.0 48.64887237548828
v 69.0 112.73638153076172 49.0
v 69.0 112.63910675048828 50.0
v 69.0 112.62432861328125 51.0
v 69.0 112.41683197021484 52.0
v 69.0 112.11260223388672 53.0
v 69.0 112.70295715332031 54.0
v 69.0 113.0 54.29963684082031
v 68.14653015136719 113.0 61.0
v 68.23052215576172 114.0 47.0
v 69.0 114.0 47.50660705566406
v 69.0 113.58683776855469 48.0
v 69.0 113.82807922363281 55.0
v 68.77591705322266 114.0 55.0
v 69.0 114.0 55.13201904296875
v 69.0 114.0 59.48859786987305
v 69.0 113.56600952148438 60.0
v 69.0 113.28560638427734 61.0
v 69.0 114.0 61.39665222167969
v 69.0 115.0 46.60590362548828
v 69.0 114.4702377319336 47.0
v 68.19392395019531 115.0 55.0
v 69.0 115.0 55.606040954589844
v 69.0 115.0 57.64783477783203
v 69.0 114.7846908569336 58.0
v 69.0 114.37225341796875 59.0
v 69.0 115.0 61.48822784423828
v 68.28153991699219 116.0 45.0
v 68.79470825195312 116.0 46.0
v 69.0 116.0 46.149009704589844
v 69.0 115.3160171508789 56.0
v 69.0 115.35269927978516 57.0
v 69.0 116.0 61.507476806640625
v 69.0 117.0 43.895599365234375
v 69.0 116.91477966308594 44.0
v 69.0 116.5866928100586 45.0
v 69.0 116.18692779541016 46.0
v 69.0 117.0 61.72713088989258
v 69.0 118.0 42.86787414550781
v 69.0 117.83221435546875 43.0
v 69.0 117.29327392578125 62.0
v 69.0 117.81128692626953 63.0
v 69.0 118.0 63.2380256652832
v 69.0 119.0 42.5498161315918
v 69.0 118.69390106201172 64.0
v 69.0 119.0 64.30254364013672
v 69.0 120.0 42.50044250488281
v 69.0 120.0 64.96006774902344
v 69.0 121.0 42.449466705322266
v 69.0 121.0 64.9833755493164
v 68.02123260498047 122.0 41.0
v 68.81177520751953 122.0 42.0
v 69.0 122.0 42.13751220703125
v 69.0 121.03340148925781 65.0
v 69.0 122.0 65.370849609375
v 68.4260025024414 123.0 41.0
v 69.0 123.0 41.462032318115234
v 69.0 122.19698333740234 42.0
v 69.0 123.0 65.5282974243164
v 68.48966217041016 124.0 41.0
v 69.0 124.0 41.33864974975586
v 69.0 124.0 65.6943130493164
v 68.33522033691406 125.0 41.0
v 69.0 125.0 41.3919563293457
v 69.0 125.0 65.88897705078125
v 68.01473236083984 126.0 41.0
v 69.0 126.0 41.375186920166016
v 68.5001449584961 126.0 66.0
v 69.0 126.0 65.87427520751953
v 69.0 127.0 40.740516662597656
v 69.0 126.57396697998047 41.0
v 69.0 126.30908203125 66.0
v 69.0 127.0 66.2558822631836
v 69.0 128.0 40.845829010009766
v 69.0 128.0 66.46399688720703
v 69.0 128.18507385253906 41.0
v 69.0 128.7493438720703 42.0
v 69.0 129.0 42.23112869262695
v 69.0 129.0 66.5248031616211
v 69.0 130.0 42.34762191772461
v 69.0 129.9649200439453 67.0
v 69.0 130.0 67.0212173461914
v 69.0 131.0 41.791717529296875
v 69.0 130.64907836914062 42.0
v 69.0 131.0 67.42150115966797
v 69.0 132.0 41.54096221923828
v 69.0 132.0 67.48902130126953
v 69.0 133.0 41.540611267089844
v 69.0 133.0 67.45454406738281
v 69.0 134.0 41.711177825927734
v 68.54643249511719 134.0 67.0
v 69.0 134.0 67.17867279052734
v 69.0 134.9884033203125 42.0
v 68.99503326416016 135.0 42.0
v 69.0 135.0 42.00404739379883
v 69.0 134.23818969726562 67.0
v 69.0 135.0 66.37132263183594
v 69.0 136.0 41.94403076171875
v 69.0 135.06748962402344 42.0
v 68.8016586303711 136.0 66.0
v 69.0 135.7427215576172 66.0
v 69.0 136.0 65.8573989868164
v 69.0 136.0982666015625 42.0
v 68.22208404541016 137.0 42.0
v 69.0 137.0 42.628028869628906
v 68.81587982177734 137.0 66.0
v 69.0 137.0 65.93641662597656
v 69.0 137.26780700683594 43.0
v 68.63302612304688 138.0 44.0
v 69.0 137.7698974609375 44.0
v 69.0 138.0 44.27724075317383
v 68.29093933105469 138.0 65.0
v 69.0 138.0 65.31350708007812
v 69.0 139.0 44.89000701904297
v 69.0 138.3890380859375 65.0
v 69.0 139.0 64.62525177001953
v 69.0 139.129150390625 45.0
v 68.0697021484375 140.0 45.0
v 68.41564178466797 140.0 46.0
v 69.0 139.47462463378906 46.0
v 68.24336242675781 140.0 47.0
v 69.0 139.50477600097656 47.0
v 69.0 139.6945037841797 48.0
v 69.0 140.0 48.3701171875
v 69.0 140.0 64.49700927734375
v 69.0 140.64244079589844 49.0
v 69.0 141.0 49.33761978149414
v 69.0 141.0 64.48301696777344
v 69.0 141.6614990234375 50.0
v 69.0 142.0 50.36124038696289
v 68.01821899414062 142.0 60.0
v 68.41553497314453 142.0 61.0
v 68.1245346069336 142.0 62.0
v 69.0 142.0 64.29886627197266
v 69.0 142.53704833984375 51.0
v 69.0 143.0 51.49400329589844
v 68.42715454101562 143.0 60.0
v 69.0 143.0 60.674072265625
v 69.0 142.70877075195312 61.0
v 68.86996459960938 143.0 62.0
v 69.0 143.0 61.73994445800781
v 69.0 142.37335205078125 64.0
v 69.0 143.0 63.1721076965332
v 69.0 143.50502014160156 52.0
v 69.0 144.0 52.467613220214844
v 68.75642395019531 144.0 60.0
v 69.0 144.0 60.166526794433594
v 69.0 143.08621215820312 62.0
v 69.0 143.1190185546875 63.0
v 69.0 144.6161651611328 53.0
v 69.0 145.0 53.44281768798828
v 69.0 144.2206573486328 60.0
v 69.0 145.0 59.441001892089844
v 69.0 145.35330200195312 54.0
v 69.0 145.48439025878906 55.0
v 69.0 145.4984588623047 56.0
v 69.0 145.5306396484375 57.0
v 69.0 145.61227416992188 58.0
v 69.0 145.42843627929688 59.0
v 69.71278381347656 113.0 49.0
v 69.5995101928711 113.0 50.0
v 69.6565170288086 113.0 51.0
v 70.0 113.0 51.50635528564453
v 70.0 112.77338409423828 52.0
v 70.0 112.73619842529297 53.0
v 69.43084716796875 113.0 54.0
v 70.0 113.0 53.41112518310547
v 69.68354034423828 114.0 48.0
v 70.0 114.0 48.22133255004883
v 70.0 113.15977478027344 49.0
v 70.0 113.30550384521484 50.0
v 70.0 113.23316192626953 51.0
v 70.0 113.38103485107422 54.0
v 70.0 113.91940307617188 55.0
v 70.0 114.0 55.079776763916016
v 70.0 114.0 59.90336227416992
v 70.0 113.93183898925781 60.0
v 70.0 113.98027038574219 61.0
v 70.0 114.0 61.016544342041016
v 70.0 115.0 46.91743850708008
v 70.0 114.90840911865234 47.0
v 70.0 114.19255828857422 48.0
v 70.0 115.0 55.741004943847656
v 70.0 115.0 57.55712890625
v 70.0 114.79647064208984 58.0
v 70.0 114.54844665527344 59.0
v 70.0 115.0 61.30986785888672
v 70.0 116.0 46.59157180786133
v 70.0 115.22650909423828 56.0
v 70.0 115.24594116210938 57.0
v 70.0 116.0 61.4602165222168
v 69.08216094970703 117.0 44.0
v 69.35498046875 117.0 45.0
v 69.7427978515625 117.0 46.0
v 70.0 117.0 46.22102355957031
v 70.0 117.0 61.68037796020508
v 69.18668365478516 118.0 43.0
v 69.64614868164062 118.0 44.0
v 69.86036682128906 118.0 45.0
v 70.0 118.0 45.22323989868164
v 70.0 117.31207275390625 46.0
v 70.0 117.40260314941406 62.0
v 69.38629913330078 118.0 63.0
v 70.0 118.0 62.6394157409668
v 70.0 119.0 42.74106216430664
v 70.0 118.6756362915039 43.0
v 70.0 118.40741729736328 44.0
v 70.0 118.15080261230469 45.0
v 70.0 118.33853912353516 63.0
v 69.48995971679688 119.0 64.0
v 70.0 119.0 63.67861557006836
v 70.0 120.0 42.55198669433594
v 70.0 119.33441162109375 64.0
v 70.0 120.0 64.56861114501953
v 70.0 121.0 42.525794982910156
v 70.0 120.8946304321289 65.0
v 69.2352294921875 121.0 65.0
v 70.0 121.0 65.05270385742188
v 70.0 122.0 42.333309173583984
v 70.0 122.0 65.32727813720703
v 70.0 123.0 41.669166564941406
v 70.0 122.49810028076172 42.0
v 70.0 123.0 65.46874237060547
v 70.0 124.0 41.51336669921875
v 70.0 124.0 65.53211212158203
v 70.0 125.0 41.622802734375
v 70.0 125.0 65.59090423583984
v 70.0 126.0 41.89459228515625
v 70.0 126.0 65.57231140136719
v 69.61668395996094 127.0 41.0
v 70.0 127.0 41.278839111328125
v 69.50390625 127.0 66.0
v 70.0 127.0 65.7476806640625
v 69.24002838134766 128.0 41.0
v 70.0 128.0 41.62487030029297
v 70.0 127.5594253540039 66.0
v 70.0 128.0 66.20643615722656
v 70.0 128.4082794189453 42.0
v 70.0 129.0 42.354278564453125
v 70.0 129.0 66.36369323730469
v 70.0 130.0 42.4571418762207
v 69.04515075683594 130.0 67.0
v 70.0 130.0 66.6169662475586
v 69.4908218383789 131.0 42.0
v 70.0 131.0 42.21634292602539
v 70.0 130.65667724609375 67.0
v 70.0 131.0 67.18439483642578
v 70.0 132.0 41.68458557128906
v 70.0 131.3865966796875 42.0
v 70.0 132.0 67.3217544555664
v 70.0 133.0 41.75959396362305
v 70.0 133.0 67.31642150878906
v 70.0 133.46542358398438 42.0
v 69.50643157958984 134.0 42.0
v 70.0 134.0 42.28715133666992
v 70.0 134.0 67.06593322753906
v 70.0 135.0 42.5749626159668
v 69.55815887451172 135.0 66.0
v 70.0 134.719970703125 66.0
v 70.0 135.0 65.62335205078125
v 70.0 134.0730743408203 67.0
v 69.06922912597656 136.0 42.0
v 70.0 136.0 42.774688720703125
v 69.99417877197266 136.0 65.0
v 70.0 135.9907684326172 65.0
v 70.0 136.0 64.99527740478516
v 69.37724304199219 137.0 43.0
v 70.0 136.3035430908203 43.0
v 70.0 137.0 43.67472457885742
v 70.0 136.01524353027344 65.0
v 70.0 137.0 65.28968811035156
v 70.0 137.2291259765625 44.0
v 69.69911193847656 138.0 45.0
v 70.0 137.72531127929688 45.0
v 70.0 138.0 45.5059814453125
v 70.0 138.0 65.14928436279297
v 69.10740661621094 139.0 45.0
v 70.0 138.30836486816406 46.0
v 69.45331573486328 139.0 46.0
v 69.6388931274414 139.0 47.0
v 70.0 138.6362762451172 47.0
v 70.0 139.0 47.44988250732422
v 70.0 138.21168518066406 65.0
v 70.0 139.0 64.50350952148438
v 70.0 139.43997192382812 48.0
v 70.0 140.0 48.42594909667969
v 70.0 140.0 64.3390121459961
v 69.97782135009766 141.0 49.0
v 70.0 141.0 48.99227523803711
v 70.0 141.0 64.32125854492188
v 70.0 141.00933837890625 49.0
v 69.97525787353516 142.0 50.0
v 70.0 142.0 49.98951721191406
v 70.0 142.0 64.07880401611328
v 70.0 142.0086669921875 50.0
v 70.0 142.59913635253906 51.0
v 70.0 143.0 51.473365783691406
v 69.63053894042969 143.0 61.0
v 69.31629943847656 143.0 63.0
v 70.0 142.74365234375 63.0
v 70.0 143.0 62.465728759765625
v 70.0 142.08753967285156 64.0
v 70.0 143.49424743652344 52.0
v 70.0 144.0 52.51785659790039
v 70.0 143.1685791015625 61.0
v 70.0 144.0 60.270057678222656
v 70.0 143.21035766601562 62.0
v 70.0 144.45474243164062 53.0
v 70.0 145.0 53.774688720703125
v 70.0 144.3321533203125 60.0
v 70.0 145.0 59.53746032714844
v 70.0 145.15628051757812 54.0
v 70.0 145.369384765625 55.0
v 70.0 145.4712677001953 56.0
v 70.0 145.5852813720703 57.0
v 70.0 145.9119110107422 58.0
v 70.0 145.75637817382812 59.0
v 70.31478118896484 113.0 52.0
v 70.29216766357422 113.0 53.0
v 70.92680358886719 114.0 49.0
v 70.8465576171875 114.0 50.0
v 71.0 114.0 50.291481018066406
v 71.0 113.72040557861328 51.0
v 71.0 113.45084381103516 52.0
v 71.0 113.63630676269531 53.0
v 70.68567657470703 114.0 54.0
v 71.0 114.0 53.564876556396484
v 70.1104965209961 114.0 55.0
v 70.06645202636719 114.0 60.0
v 70.01632690429688 114.0 61.0
v 70.10891723632812 115.0 47.0
v 71.0 115.0 47.82883834838867
v 71.0 114.82133483886719 48.0
v 71.0 114.08252716064453 49.0
v 71.0 114.15571594238281 50.0
v 71.0 114.28237915039062 54.0
v 71.0 114.5770034790039 55.0
v 71.0 115.0 55.73703384399414
v 70.98479461669922 115.0 57.0
v 71.0 115.0 56.97269821166992
v 71.0 114.99549865722656 57.0
v 70.47825622558594 115.0 58.0
v 71.0 115.0 57.01749038696289
v 70.55879974365234 115.0 59.0
v 70.6642074584961 115.0 60.0
v 70.3904037475586 115.0 61.0
v 70.57788848876953 116.0 47.0
v 71.0 116.0 47.432621002197266
v 71.0 115.14645385742188 56.0
v 71.0 115.2195053100586 58.0
v 71.0 115.31954193115234 59.0
v 71.0 115.32656860351562 60.0
v 71.0 115.73468780517578 61.0
v 71.0 116.0 61.1926383972168
v 71.0 117.0 46.82129669189453
v 71.0 116.66917419433594 47.0
v 71.0 117.0 61.587928771972656
v 70.68250274658203 118.0 46.0
v 71.0 118.0 46.271812438964844
v 71.0 117.65923309326172 62.0
v 71.0 118.0 62.2833366394043
v 70.58322143554688 119.0 43.0
v 70.64862060546875 119.0 44.0
v 71.0 119.0 44.553436279296875
v 71.0 118.75780487060547 45.0
v 71.0 118.22649383544922 46.0
v 71.0 118.7154541015625 63.0
v 71.0 119.0 63.31013870239258
v 71.0 120.0 42.77165985107422
v 71.0 119.47334289550781 43.0
v 71.0 119.84893798828125 44.0
v 71.0 119.59119415283203 64.0
v 71.0 120.0 64.34516906738281
v 71.0 121.0 42.66034698486328
v 70.1010971069336 121.0 65.0
v 71.0 121.0 64.62566375732422
v 71.0 122.0 42.43546676635742
v 70.70704650878906 122.0 65.0
v 71.0 122.0 64.84544372558594
v 71.0 123.0 41.86886978149414
v 71.0 122.77777862548828 42.0
v 71.0 122.26258850097656 65.0
v 71.0 123.0 65.36820220947266
v 71.0 124.0 41.73774337768555
v 71.0 124.0 65.4948501586914
v 71.0 125.0 41.93540573120117
v 71.0 125.0 65.50373077392578
v 71.0 125.11470031738281 42.0
v 70.15095520019531 126.0 42.0
v 71.0 126.0 42.480979919433594
v 71.0 126.0 65.504150390625
v 70.4973373413086 127.0 42.0
v 71.0 127.0 42.46294021606445
v 71.0 127.0 65.53652954101562
v 70.38933563232422 128.0 42.0
v 71.0 128.0 42.39610290527344
v 70.33381652832031 128.0 66.0
v 71.0 128.0 65.63692474365234
v 71.0 129.0 42.47225570678711
v 70.71333312988281 129.0 66.0
v 71.0 129.0 65.84066009521484
v 71.0 130.0 42.528961181640625
v 71.0 129.2866973876953 66.0
v 71.0 130.0 66.36278533935547
v 71.0 131.0 42.50357437133789
v 70.26466369628906 131.0 67.0
v 71.0 131.0 66.49816131591797
v 70.76273345947266 132.0 42.0
v 71.0 132.0 42.153419494628906
v 70.43101501464844 132.0 67.0
v 71.0 132.0 66.5011978149414
v 70.39566040039062 133.0 42.0
v 71.0 133.0 42.44795227050781
v 70.42269897460938 133.0 67.0
v 71.0 133.0 66.48696899414062
v 71.0 134.0 42.8270378112793
v 70.0877914428711 134.0 67.0
v 71.0 134.0 66.19446563720703
v 71.0 134.29322814941406 43.0
v 70.54369354248047 135.0 43.0
v 71.0 135.0 43.56122970581055
v 70.68597412109375 135.0 65.0
v 71.0 134.77517700195312 65.0
v 71.0 135.0 64.75151824951172
v 71.0 134.17169189453125 66.0
v 70.20321655273438 136.0 43.0
v 71.0 135.54690551757812 44.0
v 70.74991607666016 136.0 44.0
v 71.0 136.0 44.385921478271484
v 71.0 136.0 64.45844268798828
v 70.25906372070312 137.0 44.0
v 71.0 136.81407165527344 45.0
v 70.87822723388672 137.0 45.0
v 70.77698516845703 137.0 46.0
v 71.0 136.72491455078125 46.0
v 70.92575073242188 137.0 47.0
v 71.0 136.9191131591797 47.0
v 71.0 137.0 47.09779739379883
v 70.3698501586914 137.0 65.0
v 71.0 137.0 64.59740447998047
v 70.24235534667969 138.0 46.0
v 70.50568389892578 138.0 47.0
v 71.0 138.0 47.62139129638672
v 70.21746826171875 138.0 65.0
v 71.0 138.0 64.53413391113281
v 70.58412170410156 139.0 48.0
v 71.0 138.54478454589844 48.0
v 71.0 139.0 48.24308395385742
v 71.0 139.0 64.03529357910156
v 71.0 140.0 48.609188079833984
v 70.5564193725586 140.0 64.0
v 71.0 139.0904083251953 64.0
v 71.0 140.0 63.71940231323242
v 71.0 140.54434204101562 49.0
v 70.01837921142578 141.0 49.0
v 71.0 141.0 49.46109390258789
v 70.48783874511719 141.0 64.0
v 71.0 141.0 63.663204193115234
v 70.02059173583984 142.0 50.0
v 71.0 141.53884887695312 50.0
v 71.0 142.0 50.43027114868164
v 70.12196350097656 142.0 64.0
v 71.0 142.0 63.49037170410156
v 71.0 142.48037719726562 51.0
v 71.0 143.0 51.64229965209961
v 71.0 142.6219940185547 63.0
v 71.0 143.0 62.5504264831543
v 71.0 143.3266143798828 52.0
v 71.0 144.0 52.73988342285156
v 71.0 143.47634887695312 61.0
v 71.0 144.0 60.04795455932617
v 71.0 143.33021545410156 62.0
v 71.0 144.21591186523438 53.0
v 70.28012084960938 145.0 54.0
v 71.0 144.6312713623047 54.0
v 70.98006439208984 145.0 55.0
v 71.0 144.99017333984375 55.0
v 71.0 145.0 55.02021408081055
v 71.0 144.04608154296875 60.0
v 71.0 145.0 59.3880615234375
v 71.0 145.3660888671875 56.0
v 71.0 145.43408203125 57.0
v 71.0 145.5818328857422 58.0
v 71.0 145.41148376464844 59.0
v 71.43604278564453 114.0 51.0
v 72.0 114.0 51.90310287475586
v 72.0 113.95709991455078 52.0
v 71.48110961914062 114.0 53.0
v 72.0 114.0 52.09908676147461
v 71.13400268554688 115.0 48.0
v 71.450927734375 115.0 49.0
v 71.69624328613281 115.0 50.0
v 72.0 115.0 50.36288070678711
v 72.0 114.43084716796875 51.0
v 72.0 114.38072204589844 53.0
v 72.0 114.96852111816406 54.0
v 72.0 114.9795150756836 55.0
v 72.0 115.0 55.09303665161133
v 72.0 115.0 56.7320671081543
v 72.0 114.92952728271484 57.0
v 72.0 115.0 57.12366485595703
v 71.37055969238281 116.0 48.0
v 71.63127899169922 116.0 49.0
v 72.0 116.0 49.62212371826172
v 72.0 115.51447296142578 50.0
v 72.0 115.1785659790039 56.0
v 72.0 115.46743774414062 58.0
v 72.0 115.66316223144531 59.0
v 72.0 115.81267547607422 60.0
v 71.30093383789062 116.0 61.0
v 72.0 116.0 60.29716491699219
v 71.17672729492188 117.0 47.0
v 71.61199951171875 117.0 48.0
v 71.89790344238281 117.0 49.0
v 72.0 117.0 49.15137481689453
v 72.0 116.67898559570312 61.0
v 72.0 117.0 61.2154426574707
v 71.7237548828125 118.0 47.0
v 72.0 118.0 47.37008285522461
v 72.0 117.53526306152344 48.0
v 72.0 117.12166595458984 49.0
v 71.35719299316406 118.0 62.0
v 72.0 118.0 61.55421829223633
v 71.38054656982422 119.0 45.0
v 72.0 119.0 45.56245803833008
v 72.0 118.70875549316406 46.0
v 72.0 118.23136901855469 47.0
v 72.0 118.75386047363281 62.0
v 71.38985443115234 119.0 63.0
v 72.0 119.0 62.271785736083984
v 71.50532531738281 120.0 43.0
v 71.11280822753906 120.0 44.0
v 72.0 120.0 44.486934661865234
v 72.0 119.47109985351562 45.0
v 72.0 119.35478973388672 63.0
v 72.0 119.85464477539062 64.0
v 72.0 120.0 64.13652801513672
v 72.0 121.0 42.84257888793945
v 72.0 120.60755920410156 43.0
v 72.0 121.0 43.46883773803711
v 71.63358306884766 121.0 44.0
v 72.0 121.0 44.17989730834961
v 72.0 121.0 64.50048065185547
v 72.0 122.0 42.7022819519043
v 72.0 121.79508972167969 44.0
v 72.0 122.0 64.74627685546875
v 71.1922607421875 123.0 42.0
v 72.0 123.0 42.71595001220703
v 72.0 122.50098419189453 65.0
v 72.0 123.0 65.25228881835938
v 71.28797149658203 124.0 42.0
v 72.0 123.6047592163086 43.0
v 71.84925079345703 124.0 43.0
v 72.0 124.0 43.18426513671875
v 72.0 124.0 65.45954132080078
v 71.06725311279297 125.0 42.0
v 71.69845581054688 125.0 43.0
v 72.0 125.0 43.27834701538086
v 72.0 125.0 65.49720001220703
v 71.58344268798828 126.0 43.0
v 72.0 126.0 43.312530517578125
v 72.0 126.0 65.5
v 71.71455383300781 127.0 43.0
v 72.0 127.0 43.203407287597656
v 72.0 127.0 65.50148010253906
v 72.0 128.0 42.74531555175781
v 72.0 127.43547058105469 43.0
v 72.0 128.0 65.51180267333984
v 72.0 129.0 42.58100891113281
v 72.0 129.0 65.67144775390625
v 72.0 130.0 42.76503372192383
v 72.0 129.6344757080078 66.0
v 72.0 130.0 66.2082748413086
v 72.0 130.47430419921875 43.0
v 71.65274810791016 131.0 43.0
v 72.0 131.0 43.31302261352539
v 71.99507904052734 131.0 66.0
v 72.0 130.98834228515625 66.0
v 72.0 131.0 65.99716186523438
v 71.59513854980469 132.0 43.0
v 72.0 132.0 43.463844299316406
v 71.59484100341797 132.0 66.0
v 72.0 132.0 65.68632507324219
v 71.48148345947266 133.0 43.0
v 72.0 133.0 43.62510681152344
v 71.5020751953125 133.0 66.0
v 72.0 133.0 65.53292083740234
v 71.17227935791016 134.0 43.0
v 72.0 133.58380126953125 44.0
v 71.76580047607422 134.0 44.0
v 72.0 134.0 44.280792236328125
v 71.19591522216797 134.0 66.0
v 72.0 134.0 65.22301483154297
v 71.29591369628906 135.0 44.0
v 72.0 134.7274627685547 45.0
v 71.77593231201172 135.0 45.0
v 72.0 135.0 45.32865905761719
v 72.0 134.22254943847656 65.0
v 72.0 135.0 64.20352935791016
v 71.36195373535156 136.0 45.0
v 72.0 135.5692901611328 46.0
v 71.63414764404297 136.0 46.0
v 72.0 136.0 46.53684997558594
v 72.0 136.0 64.087890625
v 72.0 136.2913360595703 47.0
v 71.89874267578125 137.0 48.0
v 72.0 136.91603088378906 48.0
v 72.0 137.0 48.07609939575195
v 72.0 137.0 64.41309356689453
v 71.42080688476562 138.0 48.0
v 72.0 138.0 48.35896301269531
v 72.0 138.0 64.46461486816406
v 72.0 139.0 48.47244644165039
v 72.0 139.0 64.21589660644531
v 72.0 140.0 48.723052978515625
v 72.0 139.34469604492188 64.0
v 72.0 140.0 63.6323356628418
v 72.0 140.29832458496094 49.0
v 71.75848388671875 141.0 50.0
v 72.0 140.85687255859375 50.0
v 72.0 141.0 50.15545654296875
v 72.0 141.0 63.47235107421875
v 72.0 142.0 50.878292083740234
v 72.0 142.0 63.32487487792969
v 72.0 142.11766052246094 51.0
v 71.51298522949219 143.0 52.0
v 72.0 142.68138122558594 52.0
v 72.0 143.0 52.33149337768555
v 72.0 142.76004028320312 63.0
v 72.0 143.0 62.81190872192383
v 71.37289428710938 144.0 53.0
v 72.0 143.61099243164062 53.0
v 72.0 144.0 53.51649856567383
v 72.0 143.62098693847656 61.0
v 72.0 144.0 60.41728591918945
v 72.0 143.41384887695312 62.0
v 72.0 144.34439086914062 54.0
v 72.0 144.9599609375 55.0
v 72.0 145.0 55.18208694458008
v 72.0 144.3680419921875 60.0
v 72.0 145.0 59.382781982421875
v 72.0 145.15406799316406 56.0
v 72.0 145.00042724609375 57.0
v 72.0 145.36508178710938 58.0
v 72.0 145.3050994873047 59.0
v 72.06246185302734 114.0 52.0
v 72.80110931396484 115.0 51.0
v 73.0 115.0 51.23582077026367
v 73.0 114.6024169921875 52.0
v 73.0 114.68672180175781 53.0
v 72.07710266113281 115.0 54.0
v 73.0 115.0 53.50738525390625
v 72.0369644165039 115.0 55.0
v 72.23942565917969 115.0 57.0
v 72.27318572998047 116.0 50.0
v 72.9883041381836 116.0 51.0
v 73.0 116.0 51.01188659667969
v 73.0 115.2939224243164 54.0
v 73.0 115.41104888916016 55.0
v 73.0 115.40448760986328 56.0
v 73.0 115.32135009765625 57.0
v 72.70922088623047 116.0 58.0
v 73.0 116.0 57.66960144042969
v 72.44258880615234 116.0 59.0
v 72.23657989501953 116.0 60.0
v 72.54721069335938 117.0 50.0
v 73.0 117.0 50.57605743408203
v 73.0 116.02818298339844 51.0
v 73.0 116.26819610595703 58.0
v 73.0 116.50252532958984 59.0
v 73.0 116.74268341064453 60.0
v 72.2679443359375 117.0 61.0
v 73.0 117.0 60.26791763305664
v 72.49040222167969 118.0 48.0
v 72.97254180908203 118.0 49.0
v 73.0 118.0 49.894981384277344
v 73.0 117.994873046875 50.0
v 72.81576538085938 118.0 61.0
v 73.0 118.0 60.860172271728516
v 72.43321990966797 119.0 46.0
v 73.0 119.0 46.7347297668457
v 73.0 118.84552764892578 47.0
v 73.0 118.48761749267578 48.0
v 73.0 118.03502655029297 49.0
v 73.0 118.14684295654297 61.0
v 73.0 118.92015838623047 62.0
v 73.0 119.0 62.09758377075195
v 73.0 120.0 44.97540283203125
v 73.0 119.9774169921875 45.0
v 73.0 119.4430923461914 46.0
v 73.0 119.65226745605469 63.0
v 72.2561264038086 120.0 64.0
v 73.0 120.0 63.467994689941406
v 72.32998657226562 121.0 43.0
v 73.0 121.0 44.5615348815918
v 73.0 120.45093536376953 64.0
v 73.0 121.0 64.43794250488281
v 72.70063018798828 122.0 43.0
v 72.09312438964844 122.0 44.0
v 73.0 122.0 44.49946212768555
v 73.0 122.0 64.83000946044922
v 72.47427368164062 123.0 43.0
v 72.51879119873047 123.0 44.0
v 73.0 123.0 44.32479476928711
v 72.69075775146484 123.0 65.0
v 73.0 123.0 64.87517547607422
v 73.0 123.46588897705078 44.0
v 73.0 124.0 43.70240020751953
v 73.0 123.30442810058594 65.0
v 73.0 124.0 65.2571792602539
v 73.0 125.0 43.56956100463867
v 73.0 125.0 65.45953369140625
v 73.0 126.0 43.544891357421875
v 73.0 126.0 65.4971694946289
v 73.0 127.0 43.532894134521484
v 73.0 127.0 65.49993896484375
v 72.42684173583984 128.0 43.0
v 73.0 128.0 43.39915466308594
v 73.0 128.0 65.50653839111328
v 72.8997802734375 129.0 43.0
v 73.0 129.0 43.08406066894531
v 73.0 129.0 65.66581726074219
v 72.35762786865234 130.0 43.0
v 73.0 130.0 43.5597038269043
v 73.0 129.56321716308594 66.0
v 73.0 130.0 66.2723388671875
v 72.75689697265625 131.0 44.0
v 73.0 130.64395141601562 44.0
v 73.0 131.0 44.19240951538086
v 72.01435089111328 131.0 66.0
v 73.0 131.0 66.17420196533203
v 72.54915618896484 132.0 44.0
v 73.0 132.0 44.36962127685547
v 73.0 131.23570251464844 66.0
v 73.0 132.0 65.37067413330078
v 72.37416076660156 133.0 44.0
v 73.0 133.0 44.53927993774414
v 72.64437866210938 133.0 65.0
v 73.0 132.53660583496094 65.0
v 73.0 133.0 64.67442321777344
v 73.0 134.0 44.906795501708984
v 72.25169372558594 134.0 65.0
v 73.0 134.0 64.46862030029297
v 73.0 134.09645080566406 45.0
v 72.66851043701172 135.0 46.0
v 73.0 134.7551727294922 46.0
v 73.0 135.0 46.26545715332031
v 73.0 135.0 64.369384765625
v 72.49576568603516 136.0 47.0
v 73.0 135.67393493652344 47.0
v 73.0 136.0 47.34678649902344
v 73.0 136.0 64.37260437011719
v 73.0 136.6136016845703 48.0
v 73.0 137.0 48.3074836730957
v 73.0 137.0 64.46204376220703
v 73.0 138.0 48.49061965942383
v 73.0 138.0 64.48357391357422
v 73.0 139.0 48.542964935302734
v 73.0 139.0 64.30438995361328
v 73.0 140.0 48.88481140136719
v 73.0 139.42027282714844 64.0
v 73.0 140.0 63.53135681152344
v 73.0 140.11721801757812 49.0
v 73.0 140.64500427246094 50.0
v 73.0 141.0 50.44880294799805
v 73.0 141.0 63.21095657348633
v 73.0 141.4683837890625 51.0
v 72.16452026367188 142.0 51.0
v 72.91191101074219 142.0 52.0
v 73.0 141.9364776611328 52.0
v 73.0 142.0 52.06532287597656
v 72.5925521850586 142.0 63.0
v 73.0 141.46316528320312 63.0
v 73.0 142.0 62.73925018310547
v 73.0 143.0 52.67778396606445
v 73.0 143.0 62.17546844482422
v 73.0 143.3131866455078 53.0
v 72.55770111083984 144.0 54.0
v 73.0 143.74728393554688 54.0
v 73.0 144.0 54.47895431518555
v 73.0 143.49313354492188 61.0
v 73.0 144.0 60.336822509765625
v 73.0 143.1365966796875 62.0
v 73.0 144.3180389404297 55.0
v 72.22284698486328 145.0 56.0
v 73.0 144.45718383789062 56.0
v 72.00084686279297 145.0 57.0
v 73.0 144.54315185546875 57.0
v 73.0 145.0 57.7869873046875
v 73.0 144.30348205566406 60.0
v 73.0 145.0 59.157012939453125
v 73.0 145.12603759765625 58.0
v 73.0 145.11691284179688 59.0
v 73.48326873779297 115.0 52.0
v 73.73517608642578 115.0 53.0
v 74.0 116.0 51.82862091064453
v 74.0 115.74182891845703 52.0
v 74.0 115.19290924072266 53.0
v 74.0 115.611083984375 54.0
v 74.0 115.77629852294922 55.0
v 73.95569610595703 116.0 56.0
v 74.0 116.0 55.883277893066406
v 73.50450897216797 116.0 57.0
v 73.38300323486328 117.0 51.0
v 74.0 117.0 51.58617401123047
v 74.0 116.1292495727539 56.0
v 74.0 116.73475646972656 57.0
v 73.68344116210938 117.0 58.0
v 74.0 117.0 57.362457275390625
v 73.49812316894531 117.0 59.0
v 73.25328826904297 117.0 60.0
v 73.00275421142578 118.0 50.0
v 73.68888092041016 118.0 51.0
v 74.0 118.0 51.32206344604492
v 74.0 117.31869506835938 58.0
v 74.0 117.49996948242188 59.0
v 74.0 117.72708129882812 60.0
v 74.0 118.0 60.31896209716797
v 73.14405822753906 119.0 47.0
v 73.35496520996094 119.0 48.0
v 73.44007110595703 119.0 49.0
v 73.5453109741211 119.0 50.0
v 74.0 119.0 50.63437271118164
v 74.0 118.493408203125 51.0
v 74.0 118.49486541748047 61.0
v 73.1810531616211 119.0 62.0
v 74.0 119.0 61.62285614013672
v 73.0221939086914 120.0 45.0
v 73.47579956054688 120.0 46.0
v 73.62886047363281 120.0 47.0
v 73.66287231445312 120.0 48.0
v 73.673828125 120.0 49.0
v 73.84503173828125 120.0 50.0
v 74.0 120.0 50.22307205200195
v 74.0 119.34262084960938 62.0
v 73.60269927978516 120.0 63.0
v 74.0 120.0 62.72755432128906
v 73.39134216308594 121.0 45.0
v 74.0 121.0 45.79891586303711
v 74.0 120.79183959960938 46.0
v 74.0 120.52690887451172 47.0
v 74.0 120.50145721435547 48.0
v 74.0 120.49150085449219 49.0
v 74.0 120.24848937988281 50.0
v 74.0 120.22823333740234 63.0
v 74.0 120.83483123779297 64.0
v 74.0 121.0 64.16097259521484
v 73.41452026367188 122.0 45.0
v 74.0 122.0 45.72344970703125
v 74.0 122.0 64.51345825195312
v 73.46839141845703 123.0 45.0
v 74.0 122.5712661743164 46.0
v 73.84481811523438 123.0 46.0
v 74.0 123.0 46.23501968383789
v 74.0 123.0 64.48116302490234
v 73.33748626708984 124.0 44.0
v 73.86006927490234 124.0 45.0
v 73.94615936279297 124.0 46.0
v 74.0 124.0 46.096282958984375
v 73.4876480102539 124.0 65.0
v 74.0 124.0 64.71778106689453
v 73.817138671875 125.0 44.0
v 73.92134857177734 125.0 45.0
v 74.0 125.0 45.20578384399414
v 74.0 124.15069580078125 46.0
v 74.0 124.51985168457031 65.0
v 74.0 125.0 65.25086212158203
v 73.97929382324219 126.0 44.0
v 73.89128875732422 126.0 45.0
v 74.0 126.0 45.2086067199707
v 74.0 126.0 65.4579849243164
v 73.83782196044922 127.0 44.0
v 73.99518585205078 127.0 45.0
v 74.0 127.0 45.008934020996094
v 74.0 127.0 65.49201202392578
v 73.60574340820312 128.0 44.0
v 74.0 128.0 44.54736328125
v 74.0 127.0143051147461 45.0
v 74.0 128.0 65.49855041503906
v 73.59798431396484 129.0 44.0
v 74.0 129.0 44.48069763183594
v 74.0 129.0 65.62069702148438
v 73.40318298339844 130.0 44.0
v 74.0 130.0 44.53031539916992
v 74.0 129.79769897460938 66.0
v 74.0 130.0 66.11689758300781
v 74.0 131.0 44.65369415283203
v 73.96826171875 131.0 66.0
v 74.0 130.9515838623047 66.0
v 74.0 131.0 65.9893798828125
v 74.0 132.0 44.90745162963867
v 73.50276947021484 132.0 65.0
v 74.0 131.6177978515625 65.0
v 74.0 132.0 64.55977630615234
v 74.0 132.14892578125 45.0
v 73.483154296875 133.0 45.0
v 74.0 133.0 45.831085205078125
v 73.77091217041016 133.0 64.0
v 74.0 132.702880859375 64.0
v 74.0 133.0 63.82185363769531
v 73.10624694824219 134.0 45.0
v 74.0 134.0 45.89869689941406
v 73.75213623046875 134.0 64.0
v 74.0 134.0 63.844722747802734
v 74.0 134.12619018554688 46.0
v 74.0 135.0 46.539859771728516
v 74.0 134.29893493652344 64.0
v 74.0 135.0 64.31915283203125
v 74.0 135.48446655273438 47.0
v 74.0 136.0 47.49954605102539
v 74.0 136.0 64.3559799194336
v 74.0 136.5575714111328 48.0
v 74.0 137.0 48.33191680908203
v 74.0 137.0 64.32801055908203
v 74.0 138.0 48.53593444824219
v 74.0 138.0 64.3182601928711
v 74.0 139.0 48.76905059814453
v 74.0 139.0 64.07463836669922
v 74.0 139.35650634765625 49.0
v 73.19839477539062 140.0 49.0
v 74.0 140.0 49.557334899902344
v 73.77133178710938 140.0 63.0
v 74.0 139.81744384765625 63.0
v 74.0 140.0 62.80058288574219
v 74.0 139.0849151611328 64.0
v 74.0 140.39955139160156 50.0
v 74.0 141.0 50.59794998168945
v 73.29127502441406 141.0 63.0
v 74.0 141.0 62.45127868652344
v 74.0 141.32009887695312 51.0
v 74.0 141.71429443359375 52.0
v 74.0 142.0 52.30992889404297
v 74.0 142.0 62.11306381225586
v 74.0 143.0 52.94131851196289
v 73.69650268554688 143.0 61.0
v 74.0 142.7260284423828 61.0
v 74.0 143.0 60.71311569213867
v 73.17437744140625 143.0 62.0
v 74.0 142.13641357421875 62.0
v 74.0 143.05645751953125 53.0
v 74.0 143.3563690185547 54.0
v 73.34890747070312 144.0 55.0
v 74.0 143.46815490722656 55.0
v 73.49188995361328 144.0 56.0
v 74.0 143.51470947265625 56.0
v 73.66423034667969 144.0 57.0
v 74.0 143.68955993652344 57.0
v 74.0 144.0 57.50687789916992
v 73.43685913085938 144.0 60.0
v 74.0 143.61680603027344 60.0
v 74.0 144.0 59.44866180419922
v 73.1679458618164 145.0 58.0
v 74.0 144.3036346435547 58.0
v 73.15656280517578 145.0 59.0
v 74.0 144.31295776367188 59.0
v 74.14892578125 116.0 52.0
v 74.4135971069336 116.0 53.0
v 74.32233428955078 116.0 54.0
v 74.21778869628906 116.0 55.0
v 74.3475570678711 117.0 52.0
v 74.62035369873047 117.0 53.0
v 74.65410614013672 117.0 54.0
v 74.5303726196289 117.0 55.0
v 74.2116928100586 117.0 56.0
v 74.18537139892578 117.0 57.0
v 74.61431884765625 118.0 52.0
v 75.0 118.0 52.633758544921875
v 75.0 117.6814956665039 53.0
v 75.0 117.55933380126953 54.0
v 75.0 117.91114044189453 55.0
v 75.0 118.0 55.22359085083008
v 74.80426788330078 118.0 56.0
v 75.0 118.0 56.90422821044922
v 75.0 117.97451782226562 57.0
v 74.67776489257812 118.0 58.0
v 75.0 118.0 57.060394287109375
v 74.53282928466797 118.0 59.0
v 74.3069076538086 118.0 60.0
v 74.31784057617188 119.0 51.0
v 75.0 119.0 51.76005172729492
v 75.0 118.65513610839844 52.0
v 75.0 118.28984832763672 56.0
v 75.0 118.32269287109375 58.0
v 75.0 118.39592742919922 59.0
v 75.0 118.51118469238281 60.0
v 75.0 118.83757781982422 61.0
v 75.0 119.0 61.20381546020508
v 74.5408935546875 120.0 51.0
v 75.0 120.0 51.53435516357422
v 75.0 119.68661499023438 62.0
v 75.0 120.0 62.3232421875
v 74.13997650146484 121.0 46.0
v 74.32220458984375 121.0 47.0
v 74.33387756347656 121.0 48.0
v 74.33502197265625 121.0 49.0
v 74.4093017578125 121.0 50.0
v 74.78313446044922 121.0 51.0
v 75.0 121.0 51.26755905151367
v 75.0 120.63688659667969 63.0
v 74.25080871582031 121.0 64.0
v 75.0 121.0 63.42190170288086
v 74.19834899902344 122.0 46.0
v 74.48462677001953 122.0 47.0
v 74.57970428466797 122.0 48.0
v 74.53390502929688 122.0 49.0
v 74.6362533569336 122.0 50.0
v 75.0 122.0 50.58075714111328
v 75.0 121.40950775146484 51.0
v 75.0 121.83686828613281 64.0
v 75.0 122.0 64.09175109863281
v 74.46006774902344 123.0 47.0
v 74.8239974975586 123.0 48.0
v 74.74134826660156 123.0 49.0
v 74.8704605102539 123.0 50.0
v 75.0 123.0 50.174171447753906
v 75.0 123.0 64.09952545166016
v 74.4105224609375 124.0 47.0
v 74.69800567626953 124.0 48.0
v 75.0 124.0 48.792152404785156
v 75.0 123.7611083984375 49.0
v 75.0 123.19567108154297 50.0
v 75.0 124.0 64.33868408203125
v 74.26138305664062 125.0 46.0
v 74.49933624267578 125.0 47.0
v 74.69252014160156 125.0 48.0
v 75.0 125.0 48.70524597167969
v 74.4719009399414 125.0 65.0
v 75.0 125.0 64.70670318603516
v 74.3439712524414 126.0 46.0
v 74.62850189208984 126.0 47.0
v 75.0 126.0 47.63361740112305
v 75.0 125.57711791992188 48.0
v 75.0 125.59162139892578 65.0
v 75.0 126.0 65.2012939453125
v 74.41819763183594 127.0 46.0
v 74.8106689453125 127.0 47.0
v 75.0 127.0 47.24321746826172
v 75.0 127.0 65.32465362548828
v 74.28700256347656 128.0 45.0
v 74.73069763183594 128.0 46.0
v 75.0 128.0 46.39554977416992
v 75.0 127.31488800048828 47.0
v 75.0 128.0 65.33104705810547
v 74.4668197631836 129.0 45.0
v 75.0 129.0 45.599422454833984
v 75.0 128.4396209716797 46.0
v 75.0 129.0 65.35478973388672
v 74.51712036132812 130.0 45.0
v 75.0 130.0 45.40779113769531
v 74.15726470947266 130.0 66.0
v 75.0 130.0 65.3197250366211
v 74.41422271728516 131.0 45.0
v 75.0 131.0 45.586734771728516
v 74.65660858154297 131.0 65.0
v 75.0 130.5040283203125 65.0
v 75.0 131.0 64.67063903808594
v 74.09709930419922 132.0 45.0
v 75.0 131.6304931640625 46.0
v 74.73487091064453 132.0 46.0
v 75.0 132.0 46.245391845703125
v 74.66812896728516 132.0 64.0
v 75.0 131.7315673828125 64.0
v 75.0 132.0 63.78532791137695
v 74.14086151123047 133.0 46.0
v 75.0 133.0 46.60398864746094
v 75.0 133.0 63.42230224609375
v 74.11178588867188 134.0 46.0
v 75.0 134.0 46.63248062133789
v 75.0 134.0 63.50359344482422
v 75.0 135.0 46.86350631713867
v 74.9172592163086 135.0 64.0
v 75.0 135.0 63.96210479736328
v 75.0 135.17173767089844 47.0
v 75.0 136.0 47.67578887939453
v 74.62245178222656 136.0 64.0
v 75.0 136.0 63.74739074707031
v 75.0 136.38475036621094 48.0
v 75.0 137.0 48.41783905029297
v 74.45247650146484 137.0 64.0
v 75.0 137.0 63.5432014465332
v 75.0 138.0 48.80943298339844
v 74.42497253417969 138.0 64.0
v 75.0 138.0 63.48883056640625
v 75.0 138.3021240234375 49.0
v 74.35790252685547 139.0 49.0
v 75.0 139.0 49.568389892578125
v 74.09894561767578 139.0 64.0
v 75.0 139.0 63.21693801879883
v 74.5503158569336 140.0 50.0
v 75.0 139.53765869140625 50.0
v 75.0 140.0 50.30766677856445
v 75.0 139.21078491210938 63.0
v 75.0 140.0 62.07882308959961
v 75.0 141.0 50.933170318603516
v 74.4916763305664 141.0 62.0
v 75.0 140.11000061035156 62.0
v 75.0 141.0 61.46829605102539
v 75.0 141.06114196777344 51.0
v 75.0 141.4717254638672 52.0
v 75.0 142.0 52.70075988769531
v 74.72766876220703 142.0 61.0
v 75.0 141.6440887451172 61.0
v 75.0 142.0 60.762718200683594
v 74.1117172241211 142.0 62.0
v 75.0 142.25772094726562 53.0
v 74.07548522949219 143.0 53.0
v 74.48847961425781 143.0 54.0
v 75.0 142.57611083984375 54.0
v 74.7166976928711 143.0 55.0
v 75.0 142.80824279785156 55.0
v 74.76373291015625 143.0 56.0
v 75.0 142.8458251953125 56.0
v 74.88603973388672 143.0 57.0
v 75.0 142.91708374023438 57.0
v 75.0 143.0 57.146697998046875
v 75.0 143.0 60.11899185180664
v 74.32884979248047 144.0 58.0
v 75.0 143.45562744140625 58.0
v 74.3451919555664 144.0 59.0
v 75.0 143.48289489746094 59.0
v 75.0 143.11239624023438 60.0
v 75.2009506225586 118.0 53.0
v 75.2827377319336 118.0 54.0
v 75.05316162109375 118.0 55.0
v 75.02035522460938 118.0 57.0
v 75.18687438964844 119.0 52.0
v 75.48696899414062 119.0 53.0
v 75.49825286865234 119.0 54.0
v 75.22566986083984 119.0 55.0
v 75.43115997314453 119.0 56.0
v 75.60091400146484 119.0 57.0
v 75.659912109375 119.0 58.0
v 75.93267822265625 119.0 59.0
v 75.60380554199219 119.0 60.0
v 75.20353698730469 119.0 61.0
v 75.36527252197266 120.0 52.0
v 75.73362731933594 120.0 53.0
v 76.0 120.0 53.88151931762695
v 76.0 119.93560028076172 54.0
v 76.0 120.0 54.249290466308594
v 75.86266326904297 120.0 55.0
v 76.0 120.0 55.339744567871094
v 76.0 119.7111587524414 56.0
v 76.0 119.49256896972656 57.0
v 76.0 119.38937377929688 58.0
v 76.0 119.06957244873047 59.0
v 76.0 119.38568115234375 60.0
v 76.0 119.69066619873047 61.0
v 75.40400695800781 120.0 62.0
v 76.0 120.0 61.399871826171875
v 75.67736053466797 121.0 52.0
v 76.0 121.0 52.44466018676758
v 76.0 120.45195007324219 53.0
v 76.0 120.181640625 55.0
v 76.0 120.55277252197266 62.0
v 75.4386215209961 121.0 63.0
v 76.0 121.0 62.4385871887207
v 75.37528991699219 122.0 51.0
v 76.0 122.0 51.51245880126953
v 76.0 121.36345672607422 52.0
v 76.0 121.64759826660156 63.0
v 75.14620208740234 122.0 64.0
v 76.0 122.0 63.30867004394531
v 75.75841522216797 123.0 51.0
v 76.0 123.0 51.19163513183594
v 75.3154525756836 123.0 64.0
v 76.0 123.0 63.70610809326172
v 75.09880065917969 124.0 49.0
v 75.60099029541016 124.0 50.0
v 76.0 124.0 50.45008850097656
v 76.0 123.31175231933594 51.0
v 75.6468734741211 124.0 64.0
v 76.0 124.0 63.75520324707031
v 75.2490463256836 125.0 49.0
v 76.0 125.0 49.535179138183594
v 76.0 124.4796371459961 50.0
v 76.0 124.47084045410156 64.0
v 76.0 125.0 64.22689819335938
v 75.32091522216797 126.0 48.0
v 76.0 126.0 48.551475524902344
v 76.0 125.49982452392578 49.0
v 75.28536224365234 126.0 65.0
v 76.0 126.0 64.49266052246094
v 75.74909973144531 127.0 48.0
v 76.0 127.0 48.19933319091797
v 75.47567749023438 127.0 65.0
v 76.0 127.0 64.62876892089844
v 75.50677490234375 128.0 47.0
v 76.0 128.0 47.53129196166992
v 76.0 127.35810089111328 48.0
v 75.48284149169922 128.0 65.0
v 76.0 128.0 64.63099670410156
v 75.45043182373047 129.0 46.0
v 76.0 129.0 46.56513977050781
v 76.0 128.5541229248047 47.0
v 75.45751190185547 129.0 65.0
v 76.0 129.0 64.53853607177734
v 76.0 130.0 45.97602462768555
v 76.0 129.95159912109375 46.0
v 75.3454818725586 130.0 65.0
v 76.0 130.0 64.45651245117188
v 76.0 130.0648956298828 46.0
v 75.54309844970703 131.0 46.0
v 76.0 131.0 46.32087326049805
v 76.0 131.0 64.18614959716797
v 76.0 132.0 46.922271728515625
v 76.0 131.2563934326172 64.0
v 76.0 132.0 63.50105667114258
v 76.0 132.09982299804688 47.0
v 75.4088363647461 133.0 47.0
v 75.84647369384766 133.0 48.0
v 76.0 132.70346069335938 48.0
v 76.0 133.0 48.15119171142578
v 75.76758575439453 133.0 63.0
v 76.0 132.78187561035156 63.0
v 76.0 133.0 62.8550910949707
v 75.33598327636719 134.0 47.0
v 75.87496948242188 134.0 48.0
v 76.0 134.0 48.12309265136719
v 75.73807525634766 134.0 63.0
v 76.0 134.0 62.81690216064453
v 75.15910339355469 135.0 47.0
v 76.0 135.0 47.83682632446289
v 76.0 134.4735565185547 48.0
v 76.0 134.4131317138672 63.0
v 76.0 135.0 63.28437805175781
v 75.498291015625 136.0 48.0
v 76.0 135.30670166015625 48.0
v 76.0 136.0 48.29482650756836
v 76.0 136.0 63.21418380737305
v 76.0 137.0 48.83222961425781
v 75.6485595703125 137.0 63.0
v 76.0 136.41522216796875 63.0
v 76.0 137.0 62.6715087890625
v 76.0 137.19964599609375 49.0
v 75.23876953125 138.0 49.0
v 75.67860412597656 138.0 50.0
v 76.0 137.58607482910156 50.0
v 76.0 138.0 50.85945510864258
v 75.4959487915039 138.0 63.0
v 76.0 138.0 62.491943359375
v 75.36752319335938 139.0 50.0
v 76.0 139.0 50.72369384765625
v 75.23416900634766 139.0 63.0
v 76.0 139.0 62.35281753540039
v 75.98219299316406 140.0 51.0
v 76.0 139.94931030273438 51.0
v 76.0 140.0 51.03681945800781
v 75.28693389892578 140.0 62.0
v 76.0 139.6912841796875 62.0
v 76.0 140.0 61.767086029052734
v 75.07733154296875 141.0 51.0
v 76.0 140.48419189453125 52.0
v 75.58287048339844 141.0 52.0
v 76.0 141.0 52.41421890258789
v 75.62358093261719 141.0 61.0
v 76.0 140.65548706054688 61.0
v 76.0 141.0 60.74660110473633
v 75.29682159423828 142.0 53.0
v 76.0 141.4718475341797 53.0
v 75.84038543701172 142.0 54.0
v 76.0 141.8870849609375 54.0
v 76.0 142.0 54.14079284667969
v 76.0 142.0 60.17670440673828
v 76.0 142.81005859375 55.0
v 76.0 142.9064483642578 56.0
v 76.0 142.65408325195312 57.0
v 75.91703796386719 143.0 58.0
v 76.0 142.9498291015625 58.0
v 75.61182403564453 143.0 59.0
v 76.0 142.6484375 59.0
v 75.137939453125 143.0 60.0
v 76.0 142.2023468017578 60.0
v 76.04163360595703 120.0 54.0
v 76.22802734375 120.0 56.0
v 76.4196548461914 120.0 57.0
v 76.43488311767578 120.0 58.0
v 76.55960845947266 120.0 59.0
v 76.5267105102539 120.0 60.0
v 76.30673217773438 120.0 61.0
v 76.37144470214844 121.0 53.0
v 76.4614028930664 121.0 54.0
v 76.44651794433594 121.0 55.0
v 76.7080078125 121.0 56.0
v 77.0 121.0 56.842063903808594
v 77.0 120.9134750366211 57.0
v 77.0 121.0 57.48869705200195
v 76.93634033203125 121.0 58.0
v 77.0 121.0 58.208126068115234
v 77.0 120.68112182617188 59.0
v 77.0 120.56587982177734 60.0
v 77.0 120.82628631591797 61.0
v 76.3573226928711 121.0 62.0
v 77.0 121.0 61.17869567871094
v 77.0 122.0 51.953392028808594
v 77.0 121.95121002197266 52.0
v 77.0 121.80305480957031 53.0
v 77.0 122.0 53.29422378540039
v 76.69011688232422 122.0 54.0
v 76.8143539428711 122.0 55.0
v 77.0 122.0 55.33158493041992
v 77.0 121.44933319091797 56.0
v 77.0 121.09042358398438 58.0
v 76.63262176513672 122.0 62.0
v 77.0 122.0 61.4947395324707
v 76.22140502929688 122.0 63.0
v 77.0 123.0 51.55580139160156
v 77.0 122.78273010253906 54.0
v 77.0 122.24032592773438 55.0
v 76.79427337646484 123.0 62.0
v 77.0 123.0 61.71226501464844
v 76.43778228759766 123.0 63.0
v 76.67988586425781 124.0 51.0
v 77.0 124.0 51.22008514404297
v 77.0 123.41546630859375 62.0
v 77.0 124.0 62.46946716308594
v 76.64427947998047 124.0 63.0
v 76.57579803466797 125.0 50.0
v 77.0 125.0 50.328224182128906
v 77.0 124.26016998291016 51.0
v 77.0 124.62945556640625 63.0
v 76.27253723144531 125.0 64.0
v 77.0 125.0 63.25051498413086
v 77.0 126.0 48.980018615722656
v 77.0 125.97840118408203 49.0
v 77.0 125.33002471923828 50.0
v 76.62586212158203 126.0 64.0
v 77.0 126.0 63.626705169677734
v 77.0 127.0 48.6563720703125
v 77.0 126.61968231201172 64.0
v 77.0 127.0 64.18541717529297
v 76.41397857666016 128.0 48.0
v 77.0 128.0 48.522499084472656
v 77.0 128.0 64.20260620117188
v 76.3621597290039 129.0 47.0
v 76.82901000976562 129.0 48.0
v 77.0 129.0 48.209388732910156
v 76.71414947509766 129.0 64.0
v 77.0 128.48995971679688 64.0
v 77.0 129.0 63.79025650024414
v 76.0311279296875 130.0 46.0
v 77.0 130.0 46.86720275878906
v 77.0 129.84825134277344 47.0
v 77.0 129.2398223876953 48.0
v 76.54652404785156 130.0 64.0
v 77.0 130.0 63.667144775390625
v 77.0 131.0 46.88506317138672
v 76.27458190917969 131.0 64.0
v 77.0 131.0 63.58626937866211
v 77.0 131.16342163085938 47.0
v 76.10818481445312 132.0 47.0
v 77.0 132.0 47.78532791137695
v 77.0 132.0 63.23655319213867
v 77.0 132.23316955566406 48.0
v 77.0 133.0 48.39826583862305
v 77.0 132.35617065429688 63.0
v 77.0 133.0 62.63282012939453
v 77.0 134.0 48.49927520751953
v 77.0 134.0 62.505950927734375
v 76.19676971435547 135.0 48.0
v 77.0 135.0 48.49442672729492
v 76.33563995361328 135.0 63.0
v 77.0 135.0 62.494773864746094
v 77.0 136.0 48.856109619140625
v 76.25698852539062 136.0 63.0
v 77.0 136.0 62.331390380859375
v 77.0 136.16734313964844 49.0
v 76.1934585571289 137.0 49.0
v 76.4985580444336 137.0 50.0
v 77.0 136.44906616210938 50.0
v 76.6998062133789 137.0 51.0
v 77.0 136.6642303466797 51.0
v 77.0 137.0 51.3797721862793
v 76.7330093383789 137.0 62.0
v 77.0 136.5774383544922 62.0
v 77.0 137.0 61.77457809448242
v 76.06754302978516 138.0 51.0
v 77.0 137.98658752441406 52.0
v 76.991943359375 138.0 52.0
v 77.0 138.0 52.006629943847656
v 76.47513580322266 138.0 62.0
v 77.0 138.0 61.42589569091797
v 76.26058197021484 139.0 51.0
v 77.0 139.0 51.72518539428711
v 77.0 138.0243682861328 52.0
v 76.86735534667969 139.0 61.0
v 77.0 138.7576904296875 61.0
v 77.0 139.0 60.87109375
v 76.3070297241211 139.0 62.0
v 77.0 140.0 51.93907928466797
v 76.54375457763672 140.0 61.0
v 77.0 140.0 60.6276969909668
v 77.0 140.06529235839844 52.0
v 77.0 141.0 52.84709930419922
v 77.0 141.0 60.175567626953125
v 77.0 141.1212615966797 53.0
v 77.0 141.46629333496094 54.0
v 77.0 142.0 54.7815055847168
v 76.96117401123047 142.0 57.0
v 77.0 141.970458984375 57.0
v 77.0 142.0 56.911685943603516
v 77.0 142.0 57.21733856201172
v 76.66629791259766 142.0 59.0
v 77.0 141.65966796875 59.0
v 77.0 142.0 58.24260330200195
v 76.20327758789062 142.0 60.0
v 77.0 141.2003173828125 60.0
v 77.0 142.18316650390625 55.0
v 77.0 142.3009490966797 56.0
v 77.0 142.11419677734375 58.0
v 77.06111907958984 121.0 57.0
v 77.21785736083984 121.0 59.0
v 77.3212890625 121.0 60.0
v 77.13036346435547 121.0 61.0
v 77.05448150634766 122.0 52.0
v 77.1535873413086 122.0 53.0
v 77.41413879394531 122.0 56.0
v 77.5968246459961 122.0 57.0
v 77.57636260986328 122.0 58.0
v 77.64561462402344 122.0 59.0
v 77.64672088623047 122.0 60.0
v 77.36297607421875 122.0 61.0
v 77.7315902709961 123.0 52.0
v 77.48931884765625 123.0 53.0
v 77.12647247314453 123.0 54.0
v 78.0 123.0 54.969017028808594
v 78.0 122.97349548339844 55.0
v 78.0 122.60304260253906 56.0
v 78.0 122.52847290039062 57.0
v 78.0 122.5208511352539 58.0
v 78.0 122.44230651855469 59.0
v 78.0 122.54371643066406 60.0
v 78.0 123.0 60.419002532958984
v 77.53361511230469 123.0 61.0
v 78.0 124.0 51.894004821777344
v 78.0 123.733154296875 52.0
v 78.0 124.0 52.16291046142578
v 77.68124389648438 124.0 53.0
v 77.71825408935547 124.0 54.0
v 78.0 124.0 54.37850570678711
v 77.77611541748047 124.0 61.0
v 78.0 124.0 60.72045135498047
v 77.28882598876953 124.0 62.0
v 78.0 125.0 50.91481399536133
v 78.0 124.88764190673828 51.0
v 78.0 124.9752426147461 53.0
v 78.0 124.45536041259766 54.0
v 78.0 124.47049713134766 61.0
v 78.0 125.0 61.351470947265625
v 77.5962905883789 125.0 62.0
v 77.1969223022461 125.0 63.0
v 77.02146911621094 126.0 49.0
v 77.66339111328125 126.0 50.0
v 78.0 126.0 50.38068771362305
v 77.85922241210938 126.0 62.0
v 78.0 126.0 61.807926177978516
v 77.4980239868164 126.0 63.0
v 77.40202331542969 127.0 49.0
v 78.0 127.0 49.65666198730469
v 78.0 126.49949645996094 50.0
v 78.0 126.19336700439453 62.0
v 78.0 126.76802825927734 63.0
v 77.23420715332031 127.0 64.0
v 78.0 127.0 63.2029914855957
v 77.49346923828125 128.0 49.0
v 78.0 128.0 49.51320266723633
v 77.2749252319336 128.0 64.0
v 78.0 128.0 63.43647766113281
v 77.6698226928711 129.0 49.0
v 78.0 129.0 49.3916015625
v 78.0 129.0 63.36406707763672
v 77.10848236083984 130.0 47.0
v 77.490966796875 130.0 48.0
v 78.0 130.0 48.726837158203125
v 78.0 129.60110473632812 49.0
v 78.0 130.0 63.330081939697266
v 77.10840606689453 131.0 47.0
v 77.60835266113281 131.0 48.0
v 78.0 131.0 48.482723236083984
v 78.0 131.0 63.20506286621094
v 77.2276382446289 132.0 48.0
v 78.0 132.0 48.483646392822266
v 77.43942260742188 132.0 63.0
v 78.0 131.41091918945312 63.0
v 78.0 132.0 62.70656204223633
v 78.0 133.0 48.70317077636719
v 78.0 133.0 62.39822006225586
v 78.0 134.0 48.93744659423828
v 78.0 134.0 62.20819854736328
v 78.0 134.23057556152344 49.0
v 77.75617980957031 135.0 49.0
v 77.66166687011719 135.0 50.0
v 78.0 134.03366088867188 50.0
v 77.80223846435547 135.0 51.0
v 78.0 134.6348419189453 51.0
v 78.0 135.0 51.27488327026367
v 77.69841766357422 135.0 62.0
v 78.0 134.49417114257812 62.0
v 78.0 135.0 61.7846794128418
v 77.15398406982422 136.0 49.0
v 77.35734558105469 136.0 50.0
v 77.50724792480469 136.0 51.0
v 78.0 136.0 51.630592346191406
v 77.39464569091797 136.0 62.0
v 78.0 136.0 61.58549499511719
v 77.6112060546875 137.0 52.0
v 78.0 136.5200653076172 52.0
v 78.0 137.0 52.27796936035156
v 78.0 137.0 61.22629165649414
v 78.0 138.0 52.603084564208984
v 77.50487518310547 138.0 61.0
v 78.0 137.3690643310547 61.0
v 78.0 138.0 60.58336639404297
v 77.29939270019531 139.0 52.0
v 78.0 139.0 52.612579345703125
v 78.0 139.0 60.346588134765625
v 77.06694030761719 140.0 52.0
v 78.0 140.0 52.836952209472656
v 78.0 140.0 60.072784423828125
v 77.15778350830078 141.0 53.0
v 78.0 140.16448974609375 53.0
v 77.49308776855469 141.0 54.0
v 78.0 140.44187927246094 54.0
v 77.7496566772461 141.0 55.0
v 78.0 140.64163208007812 55.0
v 78.0 141.0 55.565460205078125
v 77.60865783691406 141.0 59.0
v 78.0 140.47386169433594 59.0
v 78.0 141.0 58.04015350341797
v 77.19847869873047 141.0 60.0
v 78.0 140.09359741210938 60.0
v 77.15904998779297 142.0 55.0
v 78.0 141.2376251220703 56.0
v 77.30559539794922 142.0 56.0
v 78.0 141.2744903564453 57.0
v 77.121826171875 142.0 58.0
v 78.0 141.02207946777344 58.0
v 78.024169921875 123.0 55.0
v 78.31149291992188 123.0 56.0
v 78.33631896972656 123.0 57.0
v 78.36836242675781 123.0 58.0
v 78.51795959472656 123.0 59.0
v 78.480224609375 123.0 60.0
v 78.07142639160156 124.0 52.0
v 78.38577270507812 124.0 55.0
v 78.61812591552734 124.0 56.0
v 78.66635131835938 124.0 57.0
v 78.78065490722656 124.0 58.0
v 79.0 124.0 58.84461212158203
v 79.0 123.91480255126953 59.0
v 79.0 124.0 59.10171127319336
v 78.60345458984375 124.0 60.0
v 78.07807159423828 125.0 51.0
v 78.31466674804688 125.0 52.0
v 78.00947570800781 125.0 53.0
v 78.30113220214844 125.0 54.0
v 78.7113037109375 125.0 55.0
v 79.0 125.0 55.580406188964844
v 79.0 124.67384338378906 56.0
v 79.0 124.50016021728516 57.0
v 79.0 124.34569549560547 58.0
v 78.76347351074219 125.0 60.0
v 79.0 125.0 59.613651275634766
v 78.24870300292969 125.0 61.0
v 78.44107055664062 126.0 51.0
v 78.49913024902344 126.0 52.0
v 78.45148468017578 126.0 53.0
v 78.7177734375 126.0 54.0
v 79.0 126.0 54.496070861816406
v 79.0 125.5023422241211 55.0
v 79.0 125.4148178100586 60.0
v 79.0 126.0 60.499263763427734
v 78.63441467285156 126.0 61.0
v 78.31733703613281 127.0 50.0
v 78.95184326171875 127.0 51.0
v 78.78659057617188 127.0 52.0
v 78.81536102294922 127.0 53.0
v 79.0 127.0 53.34298324584961
v 79.0 126.448974609375 54.0
v 79.0 126.46399688720703 61.0
v 78.62983703613281 127.0 62.0
v 79.0 127.0 61.53317642211914
v 78.1659164428711 127.0 63.0
v 78.45060729980469 128.0 50.0
v 79.0 128.0 50.794734954833984
v 79.0 127.22794342041016 51.0
v 79.0 127.37381744384766 52.0
v 79.0 127.26463317871094 53.0
v 79.0 127.5581283569336 62.0
v 79.0 128.0 62.328495025634766
v 78.43840789794922 128.0 63.0
v 78.40496063232422 129.0 50.0
v 79.0 128.3890380859375 51.0
v 78.78581237792969 129.0 51.0
v 79.0 129.0 51.33963394165039
v 78.44996643066406 129.0 63.0
v 79.0 129.0 62.44541549682617
v 78.19316864013672 130.0 49.0
v 78.47235870361328 130.0 50.0
v 78.67847442626953 130.0 51.0
v 79.0 130.0 51.48435974121094
v 78.43201446533203 130.0 63.0
v 79.0 130.0 62.43617630004883
v 78.4095458984375 131.0 49.0
v 78.56149291992188 131.0 50.0
v 78.7928237915039 131.0 51.0
v 79.0 131.0 51.33179473876953
v 78.27787017822266 131.0 63.0
v 79.0 131.0 62.389678955078125
v 78.6069107055664 132.0 49.0
v 78.72565460205078 132.0 50.0
v 79.0 132.0 50.6536750793457
v 79.0 131.58038330078125 51.0
v 79.0 132.0 62.151710510253906
v 78.31837463378906 133.0 49.0
v 78.55841064453125 133.0 50.0
v 79.0 132.85250854492188 51.0
v 78.96874237060547 133.0 51.0
v 78.9972915649414 133.0 52.0
v 79.0 132.994384765625 52.0
v 79.0 133.0 52.00458526611328
v 78.58195495605469 133.0 62.0
v 79.0 132.2965850830078 62.0
v 79.0 133.0 61.58586502075195
v 78.05805206298828 134.0 49.0
v 78.01542663574219 134.0 50.0
v 78.36099243164062 134.0 51.0
v 78.68232727050781 134.0 52.0
v 79.0 134.0 52.451412200927734
v 78.28614044189453 134.0 62.0
v 79.0 134.0 61.40085220336914
v 78.53663635253906 135.0 52.0
v 79.0 135.0 52.54804611206055
v 79.0 135.0 61.290122985839844
v 78.35238647460938 136.0 52.0
v 79.0 136.0 52.61069107055664
v 79.0 136.0 61.05863952636719
v 79.0 137.0 52.91351318359375
v 78.81108856201172 137.0 60.0
v 79.0 136.70484924316406 60.0
v 79.0 137.0 59.7398567199707
v 78.26576232910156 137.0 61.0
v 79.0 136.0791473388672 61.0
v 79.0 137.1171417236328 53.0
v 78.42404174804688 138.0 53.0
v 78.66102600097656 138.0 54.0
v 79.0 137.50120544433594 54.0
v 78.67176055908203 138.0 55.0
v 79.0 137.55059814453125 55.0
v 78.6780014038086 138.0 56.0
v 79.0 137.57049560546875 56.0
v 78.81344604492188 138.0 57.0
v 79.0 137.75843811035156 57.0
v 79.0 138.0 57.372562408447266
v 78.53076934814453 138.0 60.0
v 79.0 138.0 59.41360092163086
v 78.31179809570312 139.0 53.0
v 78.492919921875 139.0 54.0
v 78.50138854980469 139.0 55.0
v 78.5052490234375 139.0 56.0
v 78.51270294189453 139.0 57.0
v 79.0 138.4846954345703 58.0
v 78.65477752685547 139.0 58.0
v 78.95465850830078 139.0 59.0
v 79.0 138.89234924316406 59.0
v 78.3955307006836 139.0 60.0
v 78.12389373779297 140.0 53.0
v 78.32221984863281 140.0 54.0
v 78.36884307861328 140.0 55.0
v 78.45769500732422 140.0 56.0
v 78.4043960571289 140.0 57.0
v 78.19013977050781 140.0 58.0
v 78.33515930175781 140.0 59.0
v 78.0745849609375 140.0 60.0
v 78.18433380126953 141.0 56.0
v 78.23628234863281 141.0 57.0
v 78.01673889160156 141.0 58.0
v 79.04515075683594 124.0 59.0
v 79.2088851928711 125.0 56.0
v 79.33338928222656 125.0 57.0
v 79.36820983886719 125.0 58.0
v 79.32736206054688 125.0 59.0
v 79.28695678710938 126.0 55.0
v 79.58892822265625 126.0 56.0
v 79.65815734863281 126.0 57.0
v 79.62393951416016 126.0 58.0
v 79.52745819091797 126.0 59.0
v 79.34166717529297 126.0 60.0
v 79.38385009765625 127.0 54.0
v 79.75277709960938 127.0 55.0
v 80.0 127.0 55.53511047363281
v 80.0 126.68550872802734 56.0
v 80.0 126.5188217163086 57.0
v 80.0 126.7259521484375 58.0
v 80.0 127.0 58.43370819091797
v 79.79020690917969 127.0 59.0
v 79.96638488769531 127.0 60.0
v 79.46704864501953 127.0 61.0
v 79.14250946044922 128.0 51.0
v 79.32838439941406 128.0 52.0
v 79.49815368652344 128.0 53.0
v 80.0 128.0 53.798004150390625
v 80.0 127.81270599365234 54.0
v 80.0 127.36643981933594 55.0
v 80.0 127.78687286376953 59.0
v 80.0 127.0847396850586 60.0
v 80.0 127.97386932373047 61.0
v 79.28707122802734 128.0 62.0
v 80.0 128.0 61.01747512817383
v 79.36946105957031 129.0 52.0
v 79.6575927734375 129.0 53.0
v 80.0 129.0 53.513893127441406
v 79.777099609375 129.0 61.0
v 80.0 128.0482177734375 61.0
v 80.0 129.0 60.6188850402832
v 79.35809326171875 129.0 62.0
v 79.34038543701172 130.0 52.0
v 79.66324615478516 130.0 53.0
v 80.0 130.0 53.503074645996094
v 79.66807556152344 130.0 61.0
v 80.0 130.0 60.50159454345703
v 79.3346176147461 130.0 62.0
v 79.37126922607422 131.0 52.0
v 79.66321563720703 131.0 53.0
v 80.0 131.0 53.50310134887695
v 79.65971374511719 131.0 61.0
v 80.0 131.0 60.489688873291016
v 79.31562805175781 131.0 62.0
v 79.155517578125 132.0 51.0
v 79.36947631835938 132.0 52.0
v 79.63594818115234 132.0 53.0
v 80.0 132.0 53.521446228027344
v 79.59156799316406 132.0 61.0
v 80.0 132.0 60.316688537597656
v 79.1425552368164 132.0 62.0
v 79.50642395019531 133.0 53.0
v 80.0 133.0 53.7085075378418
v 79.7857894897461 133.0 60.0
v 80.0 132.49147033691406 60.0
v 80.0 133.0 59.65795135498047
v 79.40386199951172 133.0 61.0
v 79.37068939208984 134.0 53.0
v 80.0 133.49049377441406 54.0
v 79.7868423461914 134.0 54.0
v 80.0 134.0 54.335105895996094
v 79.62671661376953 134.0 60.0
v 80.0 134.0 59.270687103271484
v 79.32273864746094 134.0 61.0
v 79.33540344238281 135.0 53.0
v 79.66626739501953 135.0 54.0
v 80.0 135.0 54.505104064941406
v 79.67318725585938 135.0 59.0
v 80.0 134.3035125732422 59.0
v 80.0 135.0 58.007869720458984
v 79.52072143554688 135.0 60.0
v 79.2713623046875 135.0 61.0
v 79.31243133544922 136.0 53.0
v 79.61531066894531 136.0 54.0
v 80.0 136.0 54.75016784667969
v 79.6012954711914 136.0 59.0
v 80.0 136.0 58.253997802734375
v 79.36809539794922 136.0 60.0
v 79.05668640136719 136.0 61.0
v 79.07845306396484 137.0 53.0
v 79.35284423828125 137.0 54.0
v 80.0 136.2160186767578 55.0
v 79.4582748413086 137.0 55.0
v 79.50496673583984 137.0 56.0
v 80.0 136.43309020996094 56.0
v 79.65703582763672 137.0 57.0
v 80.0 136.54043579101562 57.0
v 79.9487075805664 137.0 58.0
v 80.0 136.7776641845703 58.0
v 79.48946380615234 137.0 59.0
v 79.33114624023438 138.0 58.0
v 79.3044204711914 138.0 59.0
v 80.20548248291016 127.0 56.0
v 80.3183364868164 127.0 57.0
v 80.16510772705078 127.0 58.0
v 80.13472747802734 128.0 54.0
v 80.3618392944336 128.0 55.0
v 80.46196746826172 128.0 56.0
v 80.48683166503906 128.0 57.0
v 80.37115478515625 128.0 58.0
v 80.06266784667969 128.0 59.0
v 80.28177642822266 128.0 60.0
v 80.01299285888672 128.0 61.0
v 80.32283782958984 129.0 54.0
v 80.48815155029297 129.0 55.0
v 80.49850463867188 129.0 56.0
v 80.49848937988281 129.0 57.0
v 80.46900939941406 129.0 58.0
v 80.4033203125 129.0 59.0
v 80.3284683227539 129.0 60.0
v 80.33030700683594 130.0 54.0
v 80.49334716796875 130.0 55.0
v 80.49995422363281 130.0 56.0
v 80.49993896484375 130.0 57.0
v 80.49860382080078 130.0 58.0
v 80.4896240234375 130.0 59.0
v 80.33030700683594 130.0 60.0
v 80.33029174804688 131.0 54.0
v 80.49337005615234 131.0 55.0
v 80.49996185302734 131.0 56.0
v 80.5 131.0 57.0
v 80.49988555908203 131.0 58.0
v 80.49198150634766 131.0 59.0
v 80.32525634765625 131.0 60.0
v 80.32469940185547 132.0 54.0
v 80.49200439453125 132.0 55.0
v 80.49989318847656 132.0 56.0
v 80.49998474121094 132.0 57.0
v 80.49851989746094 132.0 58.0
v 80.46202087402344 132.0 59.0
v 80.2062759399414 132.0 60.0
v 80.20427703857422 133.0 54.0
v 80.46205139160156 133.0 55.0
v 80.49848937988281 133.0 56.0
v 80.49855041503906 133.0 57.0
v 80.4896469116211 133.0 58.0
v 80.3630142211914 133.0 59.0
v 80.36942291259766 134.0 55.0
v 80.49339294433594 134.0 56.0
v 80.46891021728516 134.0 57.0
v 80.36955261230469 134.0 58.0
v 80.16105651855469 134.0 59.0
v 80.32514953613281 135.0 55.0
v 80.48298645019531 135.0 56.0
v 80.40165710449219 135.0 57.0
v 80.00325775146484 135.0 58.0
v 80.14991760253906 136.0 55.0
v 80.32054138183594 136.0 56.0
v 80.32119750976562 136.0 57.0
v 80.15454864501953 136.0 58.0
v 82.80182647705078 110.0 113.0
v 83.0 110.0 112.6190185546875
v 83.0 109.64331817626953 113.0
v 83.0 109.5560302734375 114.0
v 82.67767333984375 110.0 114.0
v 83.0 109.59025573730469 115.0
v 82.69340515136719 110.0 115.0
v 83.0 109.99079895019531 116.0
v 82.99166870117188 110.0 116.0
v 83.0 110.0 116.00900268554688
v 82.67704772949219 111.0 113.0
v 83.0 111.0 112.5542984008789
v 82.51334381103516 111.0 114.0
v 82.51554870605469 111.0 115.0
v 82.69844055175781 111.0 116.0
v 83.0 111.0 116.41194152832031
v 82.67242431640625 112.0 113.0
v 83.0 112.0 112.56238555908203
v 82.5081558227539 112.0 114.0
v 82.5384750366211 112.0 115.0
v 82.8028793334961 112.0 116.0
v 83.0 112.0 116.38961029052734
v 82.67071533203125 113.0 113.0
v 83.0 113.0 112.55703735351562
v 82.51325225830078 113.0 114.0
v 82.63726806640625 113.0 115.0
v 83.0 113.0 115.59947204589844
v 83.0 112.4151611328125 116.0
v 82.63782501220703 114.0 113.0
v 83.0 114.0 112.41758728027344
v 82.5476303100586 114.0 114.0
v 82.79573059082031 114.0 115.0
v 83.0 114.0 115.29631805419922
v 82.97621154785156 115.0 112.0
v 83.0 115.0 111.96814727783203
v 83.0 114.93376159667969 112.0
v 82.61788177490234 115.0 113.0
v 82.7528305053711 115.0 114.0
v 83.0 115.0 114.488037109375
v 83.0 114.43254089355469 115.0
v 83.0 115.06781768798828 112.0
v 82.95301818847656 116.0 113.0
v 83.0 116.0 112.87175750732422
v 83.0 116.0 113.12612915039062
v 83.0 115.46662139892578 114.0
v 83.0 116.08021545410156 113.0
v 83.96885681152344 108.0 112.0
v 84.0 108.0 111.94976806640625
v 84.0 107.965087890625 112.0
v 84.0 108.0 112.08577728271484
v 83.34012603759766 109.0 112.0
v 84.0 109.0 111.26717376708984
v 84.0 108.31266021728516 113.0
v 83.39566802978516 109.0 113.0
v 84.0 108.33197784423828 114.0
v 83.46454620361328 109.0 114.0
v 84.0 108.3026351928711 115.0
v 83.56095123291016 109.0 115.0
v 84.0 109.0 115.4543685913086
v 83.97984313964844 110.0 111.0
v 84.0 110.0 110.97734069824219
v 84.0 109.92115020751953 111.0
v 83.33322143554688 110.0 112.0
v 84.0 109.52101135253906 116.0
v 84.0 110.0 116.43938446044922
v 84.0 110.06610107421875 111.0
v 83.4591064453125 111.0 112.0
v 84.0 111.0 111.30724334716797
v 84.0 110.7103042602539 117.0
v 83.6832275390625 111.0 117.0
v 84.0 111.0 117.26506805419922
v 83.49810791015625 112.0 112.0
v 84.0 112.0 111.43157196044922
v 83.38970184326172 112.0 117.0
v 84.0 111.91796112060547 118.0
v 83.8285903930664 112.0 118.0
v 84.0 112.0 118.06885528564453
v 83.49295806884766 113.0 112.0
v 84.0 113.0 111.42890930175781
v 83.31625366210938 113.0 116.0
v 83.81283569335938 113.0 117.0
v 83.53733825683594 113.0 118.0
v 84.0 113.0 118.34697723388672
v 83.33845520019531 114.0 112.0
v 84.0 114.0 111.24250793457031
v 83.48356628417969 114.0 116.0
v 83.90804290771484 114.0 117.0
v 83.84050750732422 114.0 118.0
v 84.0 114.0 118.25289916992188
v 83.70414733886719 115.0 111.0
v 84.0 115.0 110.60977172851562
v 84.0 114.40852355957031 111.0
v 83.25934600830078 115.0 115.0
v 83.49883270263672 115.0 116.0
v 83.6404800415039 115.0 117.0
v 83.929443359375 115.0 118.0
v 84.0 115.0 118.10803985595703
v 83.80149841308594 116.0 107.0
v 84.0 116.0 106.52488708496094
v 84.0 115.68310546875 107.0
v 84.0 115.74849700927734 108.0
v 83.85029602050781 116.0 108.0
v 84.0 116.0 108.2626724243164
v 83.64037322998047 116.0 111.0
v 84.0 116.0 110.48178100585938
v 83.27530670166016 116.0 112.0
v 83.28970336914062 116.0 114.0
v 83.5519790649414 116.0 115.0
v 83.56877899169922 116.0 116.0
v 83.77320098876953 116.0 117.0
v 84.0 116.0 117.34980010986328
v 84.0 115.12649536132812 118.0
v 83.67963409423828 117.0 106.0
v 84.0 117.0 105.22515869140625
v 84.0 116.38440704345703 106.0
v 83.54906463623047 117.0 107.0
v 83.64044189453125 117.0 108.0
v 84.0 117.0 108.67498016357422
v 83.66507720947266 117.0 111.0
v 84.0 117.0 110.43907928466797
v 83.47552490234375 117.0 112.0
v 83.41426086425781 117.0 113.0
v 83.5923843383789 117.0 114.0
v 83.93566131591797 117.0 115.0
v 83.78697204589844 117.0 116.0
v 84.0 117.0 116.41565704345703
v 84.0 116.43328094482422 117.0
v 83.64578247070312 118.0 106.0
v 84.0 118.0 105.28063201904297
v 83.60174560546875 118.0 107.0
v 83.57559967041016 118.0 108.0
v 84.0 117.4278335571289 109.0
v 83.74781036376953 118.0 109.0
v 84.0 118.0 109.98493957519531
v 83.66964721679688 118.0 111.0
v 84.0 118.0 110.01085662841797
v 83.6002197265625 118.0 112.0
v 83.57157897949219 118.0 113.0
v 83.77992248535156 118.0 114.0
v 84.0 118.0 114.63831329345703
v 84.0 117.31556701660156 115.0
v 83.8343276977539 118.0 116.0
v 84.0 118.0 115.4808578491211
v 84.0 118.0 116.21034240722656
v 83.84474182128906 119.0 106.0
v 84.0 119.0 105.19007873535156
v 84.0 119.0 106.73638153076172
v 84.0 118.89651489257812 107.0
v 83.79132843017578 119.0 108.0
v 84.0 119.0 107.20391845703125
v 83.72228240966797 119.0 109.0
v 84.0 118.0197982788086 110.0
v 83.80128479003906 119.0 110.0
v 83.83724975585938 119.0 111.0
v 84.0 119.0 111.72283935546875
v 84.0 118.88494110107422 112.0
v 83.93601989746094 119.0 113.0
v 84.0 119.0 112.51082611083984
v 84.0 119.0 113.22264099121094
v 84.0 118.5224838256836 114.0
v 83.63858795166016 119.0 116.0
v 84.0 119.0 115.31356811523438
v 84.0 119.0 116.28290557861328
v 84.0 119.26051330566406 106.0
v 84.0 119.33307647705078 108.0
v 84.0 119.44226837158203 109.0
v 84.0 119.34466552734375 110.0
v 84.0 119.27254486083984 111.0
v 84.0 119.11090850830078 113.0
v 83.82478332519531 120.0 115.0
v 84.0 120.0 114.68863677978516
v 84.0 119.3929214477539 115.0
v 83.80079650878906 120.0 116.0
v 84.0 120.0 116.22815704345703
v 83.86154174804688 121.0 115.0
v 84.0 121.0 114.74073791503906
v 84.0 121.0 115.36450958251953
v 84.0 120.42094421386719 116.0
v 84.0 121.606689453125 115.0
v 84.85942840576172 107.0 112.0
v 85.0 107.0 111.47592163085938
v 85.0 106.88642120361328 112.0
v 85.0 107.0 112.42882537841797
v 84.94148254394531 108.0 110.0
v 85.0 108.0 109.92679595947266
v 85.0 107.93049621582031 110.0
v 85.0 107.14698791503906 111.0
v 84.44242095947266 108.0 111.0
v 85.0 107.1825180053711 113.0
v 84.283203125 108.0 113.0
v 85.0 107.03630828857422 114.0
v 84.27873229980469 108.0 114.0
v 85.0 107.4826431274414 115.0
v 84.30413818359375 108.0 115.0
v 85.0 108.0 115.380126953125
v 84.76702880859375 109.0 110.0
v 85.0 109.0 109.55250549316406
v 84.20883178710938 109.0 111.0
v 85.0 109.0 115.7835693359375
v 84.97815704345703 110.0 108.0
v 85.0 110.0 107.9556655883789
v 85.0 109.89422607421875 108.0
v 85.0 110.0 108.11161041259766
v 84.90619659423828 110.0 110.0
v 85.0 110.0 109.67674255371094
v 85.0 109.28473663330078 116.0
v 85.0 110.0 116.5581283569336
v 85.0 110.23443603515625 108.0
v 85.0 110.40786743164062 109.0
v 84.78121185302734 111.0 109.0
v 85.0 111.0 108.22032928466797
v 84.59257507324219 111.0 110.0
v 84.23789978027344 111.0 111.0
v 85.0 110.47452545166016 117.0
v 85.0 111.0 117.54655456542969
v 84.89260864257812 112.0 107.0
v 85.0 112.0 106.7994155883789
v 85.0 111.21592712402344 107.0
v 85.0 112.0 107.51945495605469
v 84.6640625 112.0 109.0
v 85.0 112.0 108.19947814941406
v 84.50361633300781 112.0 110.0
v 84.32389068603516 112.0 111.0
v 85.0 111.82723236083984 118.0
v 85.0 112.0 118.13793182373047
v 84.78680419921875 113.0 107.0
v 85.0 113.0 106.50642395019531
v 85.0 112.61636352539062 108.0
v 84.93634796142578 113.0 108.0
v 84.62223052978516 113.0 109.0
v 84.49716186523438 113.0 110.0
v 84.3219223022461 113.0 111.0
v 85.0 113.0 118.88461303710938
v 84.74982452392578 114.0 106.0
v 85.0 114.0 105.58552551269531
v 85.0 113.46065521240234 106.0
v 84.56443786621094 114.0 107.0
v 84.58705139160156 114.0 108.0
v 84.52806091308594 114.0 109.0
v 84.46297454833984 114.0 110.0
v 84.1875 114.0 111.0
v 85.0 113.48531341552734 119.0
v 84.83804321289062 114.0 119.0
v 85.0 113.0251693725586 120.0
v 84.31954193115234 114.0 120.0
v 85.0 114.0 120.27161407470703
v 84.8774642944336 115.0 105.0
v 85.0 115.0 104.8772201538086
v 85.0 114.7679672241211 105.0
v 84.50618743896484 115.0 106.0
v 84.37538146972656 115.0 107.0
v 84.37669372558594 115.0 108.0
v 84.46337890625 115.0 109.0
v 84.36628723144531 115.0 110.0
v 85.0 114.4994888305664 119.0
v 85.0 115.0 118.89842224121094
v 84.90716552734375 115.0 120.0
v 85.0 115.0 119.68980407714844
v 85.0 115.0 120.04228210449219
v 84.612060546875 116.0 105.0
v 85.0 116.0 104.6797866821289
v 84.22020721435547 116.0 106.0
v 84.35823822021484 116.0 109.0
v 84.32276153564453 116.0 110.0
v 84.664306640625 116.0 118.0
v 85.0 116.0 118.27394104003906
v 85.0 115.04737854003906 120.0
v 84.16918182373047 117.0 105.0
v 85.0 117.0 104.57036590576172
v 84.19657135009766 117.0 109.0
v 84.27379608154297 117.0 110.0
v 84.38053131103516 117.0 117.0
v 85.0 117.0 117.51049041748047
v 85.0 116.31509399414062 118.0
v 84.22130584716797 118.0 105.0
v 85.0 118.0 104.46485900878906
v 84.00458526611328 118.0 110.0
v 84.13349151611328 118.0 115.0
v 84.75325775146484 118.0 117.0
v 85.0 118.0 117.19015502929688
v 84.86701202392578 119.0 104.0
v 85.0 119.0 103.89263916015625
v 85.0 118.827880859375 104.0
v 84.04366302490234 119.0 105.0
v 84.0593490600586 119.0 107.0
v 84.06668853759766 119.0 112.0
v 84.20287322998047 119.0 114.0
v 84.11527252197266 119.0 115.0
v 85.0 118.455078125 117.0
v 85.0 119.0 116.7796630859375
v 84.86670684814453 120.0 104.0
v 85.0 120.0 103.87491607666016
v 84.4189682006836 120.0 105.0
v 84.37413024902344 120.0 106.0
v 84.4327163696289 120.0 107.0
v 84.3692855834961 120.0 108.0
v 84.33541107177734 120.0 109.0
v 84.34088134765625 120.0 110.0
v 84.37081909179688 120.0 111.0
v 84.43045806884766 120.0 112.0
v 84.39846801757812 120.0 113.0
v 84.32662963867188 120.0 114.0
v 85.0 119.63919067382812 117.0
v 84.83365631103516 120.0 117.0
v 85.0 120.0 117.14259338378906
v 85.0 120.27416229248047 104.0
v 84.62997436523438 121.0 105.0
v 85.0 121.0 104.42139434814453
v 84.5353012084961 121.0 106.0
v 84.59086608886719 121.0 107.0
v 84.53123474121094 121.0 108.0
v 84.5273208618164 121.0 109.0
v 84.5839614868164 121.0 110.0
v 84.52423095703125 121.0 111.0
v 84.4935302734375 121.0 112.0
v 84.48583221435547 121.0 113.0
v 84.34083557128906 121.0 114.0
v 84.24175262451172 121.0 116.0
v 84.71762084960938 121.0 117.0
v 85.0 121.0 117.38938903808594
v 84.682861328125 122.0 105.0
v 85.0 122.0 104.47270965576172
v 84.74837493896484 122.0 106.0
v 85.0 122.0 106.84326934814453
v 85.0 121.90819549560547 107.0
v 84.74827575683594 122.0 108.0
v 85.0 122.0 107.15666961669922
v 84.67086029052734 122.0 109.0
v 84.92215728759766 122.0 110.0
v 84.5879135131836 122.0 111.0
v 84.38919830322266 122.0 112.0
v 84.40756225585938 122.0 113.0
v 84.42756652832031 122.0 114.0
v 84.09839630126953 122.0 115.0
v 84.39093780517578 122.0 116.0
v 84.6022720336914 122.0 117.0
v 85.0 122.0 117.85127258300781
v 84.96826171875 123.0 104.0
v 85.0 123.0 103.96748352050781
v 85.0 122.91957092285156 104.0
v 84.81410217285156 123.0 105.0
v 85.0 123.0 105.39033508300781
v 85.0 122.47725677490234 106.0
v 85.0 122.4744873046875 108.0
v 84.93595886230469 123.0 109.0
v 85.0 123.0 108.83302307128906
v 84.97837829589844 123.0 110.0
v 84.47709655761719 123.0 111.0
v 84.14295959472656 123.0 112.0
v 84.29939270019531 123.0 113.0
v 84.78052520751953 123.0 114.0
v 84.65105438232422 123.0 115.0
v 84.65121459960938 123.0 116.0
v 84.82289123535156 123.0 117.0
v 85.0 123.0 117.28079223632812
v 85.0 123.11946868896484 104.0
v 85.0 123.32368469238281 105.0
v 85.0 123.15216064453125 109.0
v 84.88452911376953 124.0 110.0
v 85.0 124.0 109.7785873413086
v 84.54549407958984 124.0 111.0
v 85.0 124.0 111.6506576538086
v 85.0 123.80125427246094 112.0
v 85.0 123.64537048339844 113.0
v 85.0 123.6386489868164 114.0
v 85.0 123.53179168701172 115.0
v 85.0 123.45345306396484 116.0
v 85.0 123.22706604003906 117.0
v 85.0 124.15708923339844 110.0
v 85.0 124.35545349121094 111.0
v 86.0 107.0 111.13896179199219
v 86.0 106.63172149658203 112.0
v 86.0 106.59352111816406 113.0
v 85.2293472290039 107.0 113.0
v 86.0 106.56378936767578 114.0
v 85.04576873779297 107.0 114.0
v 86.0 106.66378784179688 115.0
v 85.50801849365234 107.0 115.0
v 86.0 107.0 115.67928314208984
v 85.98148345947266 108.0 108.0
v 86.0 108.0 107.97601318359375
v 86.0 107.98112487792969 108.0
v 86.0 108.0 108.24378967285156
v 86.0 108.0 109.08540344238281
v 86.0 107.56928253173828 110.0
v 86.0 107.07488250732422 111.0
v 86.0 108.0 115.7589111328125
v 85.22274017333984 109.0 108.0
v 86.0 109.0 107.22218322753906
v 86.0 108.06251525878906 109.0
v 85.30460357666016 109.0 109.0
v 86.0 108.479736328125 116.0
v 85.45631408691406 109.0 116.0
v 86.0 109.0 116.26444244384766
v 85.51163482666016 110.0 107.0
v 86.0 110.0 106.40387725830078
v 86.0 109.29053497314453 107.0
v 85.15872955322266 110.0 109.0
v 86.0 110.0 116.88983917236328
v 85.63108825683594 111.0 106.0
v 86.0 111.0 105.52315521240234
v 86.0 110.44550323486328 106.0
v 85.03351593017578 111.0 107.0
v 85.06890106201172 111.0 108.0
v 86.0 110.10938262939453 117.0
v 86.0 110.53741455078125 118.0
v 85.4744873046875 111.0 118.0
v 86.0 110.90719604492188 119.0
v 85.91222381591797 111.0 119.0
v 86.0 111.0 119.11209106445312
v 85.87528228759766 112.0 105.0
v 86.0 112.0 104.87503814697266
v 86.0 111.76456451416016 105.0
v 85.37867736816406 112.0 106.0
v 85.09980773925781 112.0 108.0
v 85.52227783203125 112.0 119.0
v 86.0 112.0 119.64179992675781
v 85.68637084960938 113.0 105.0
v 86.0 113.0 104.68829345703125
v 85.22157287597656 113.0 106.0
v 85.08451080322266 113.0 119.0
v 86.0 112.42064666748047 120.0
v 85.01789093017578 113.0 120.0
v 86.0 113.0 120.3486099243164
v 85.4343490600586 114.0 105.0
v 86.0 114.0 104.513427734375
v 86.0 114.0 120.5846176147461
v 86.0 115.0 104.37079620361328
v 85.09970092773438 115.0 119.0
v 86.0 115.0 120.56484985351562
v 86.0 116.0 104.33584594726562
v 85.91887664794922 116.0 119.0
v 85.9168930053711 116.0 120.0
v 86.0 116.0 120.10240936279297
v 86.0 117.0 104.32433319091797
v 85.98404693603516 117.0 118.0
v 86.0 117.0 118.022705078125
v 86.0 116.13367462158203 119.0
v 86.0 116.11664581298828 120.0
v 86.0 118.0 104.1590347290039
v 86.0 117.05817413330078 118.0
v 86.0 118.0 117.81517028808594
v 86.0 119.0 103.63668060302734
v 86.0 118.2713394165039 104.0
v 85.53536224365234 119.0 117.0
v 86.0 119.0 117.45623779296875
v 85.91316223144531 119.0 119.0
v 86.0 119.0 118.72237396240234
v 86.0 118.3942642211914 119.0
v 86.0 119.0 119.14012145996094
v 86.0 120.0 103.54135131835938
v 86.0 120.0 117.93866729736328
v 86.0 119.74044799804688 119.0
v 85.41983032226562 121.0 104.0
v 86.0 121.0 103.63013458251953
v 86.0 120.10810852050781 118.0
v 85.63024139404297 121.0 118.0
v 86.0 121.0 118.3806381225586
v 85.4262466430664 122.0 104.0
v 86.0 122.0 103.6324234008789
v 85.05416870117188 122.0 107.0
v 85.14501953125 122.0 118.0
v 86.0 122.0 118.42438507080078
v 86.0 123.0 103.5566635131836
v 85.28710174560547 123.0 106.0
v 85.51249694824219 123.0 107.0
v 85.28738403320312 123.0 108.0
v 85.71627044677734 123.0 118.0
v 86.0 123.0 118.17941284179688
v 85.42635345458984 124.0 104.0
v 86.0 124.0 103.72814178466797
v 85.44864654541016 124.0 105.0
v 85.75021362304688 124.0 106.0
v 85.99014282226562 124.0 107.0
v 85.58602142333984 124.0 108.0
v 85.30311584472656 124.0 109.0
v 85.20894622802734 124.0 112.0
v 85.31221008300781 124.0 113.0
v 85.11296081542969 124.0 114.0
v 85.28839874267578 124.0 115.0
v 85.47550964355469 124.0 116.0
v 85.79940795898438 124.0 117.0
v 86.0 124.0 117.20226287841797
v 86.0 123.2314682006836 118.0
v 86.0 124.33037567138672 104.0
v 86.0 124.51100158691406 105.0
v 86.0 124.32142639160156 106.0
v 86.0 124.02204132080078 107.0
v 85.68567657470703 125.0 108.0
v 86.0 125.0 107.52841186523438
v 85.51000213623047 125.0 109.0
v 85.50127410888672 125.0 110.0
v 85.6423110961914 125.0 111.0
v 86.0 125.0 111.71366882324219
v 86.0 124.83380889892578 112.0
v 85.9610366821289 125.0 113.0
v 86.0 125.0 112.78412628173828
v 85.51061248779297 125.0 114.0
v 85.61333465576172 125.0 115.0
v 86.0 125.0 115.5904541015625
v 86.0 124.62977600097656 116.0
v 86.0 124.16378784179688 117.0
v 85.92899322509766 126.0 108.0
v 86.0 126.0 107.91812896728516
v 85.8050537109375 126.0 109.0
v 86.0 126.0 109.48027801513672
v 86.0 125.70135498046875 110.0
v 86.0 125.41816711425781 111.0
v 85.93425750732422 126.0 113.0
v 86.0 126.0 112.87358856201172
v 85.58232116699219 126.0 114.0
v 85.73394012451172 126.0 115.0
v 86.0 126.0 115.28516387939453
v 86.0 126.10319519042969 108.0
v 86.0 126.28351593017578 109.0
v 86.0 126.15797424316406 113.0
v 85.86175537109375 127.0 114.0
v 86.0 127.0 113.71102142333984
v 85.9815444946289 127.0 115.0
v 86.0 127.0 115.01897430419922
v 86.0 127.15975189208984 114.0
v 86.0 127.02289581298828 115.0
v 86.94153594970703 106.0 116.0
v 87.0 106.0 115.747802734375
v 87.0 105.91143798828125 116.0
v 87.0 106.0 116.07952880859375
v 86.99922943115234 107.0 108.0
v 87.0 107.0 107.99871063232422
v 87.0 106.99937438964844 108.0
v 87.0 107.0 108.00201416015625
v 86.18241119384766 107.0 111.0
v 87.0 107.0 110.41426849365234
v 87.0 106.69264221191406 111.0
v 87.0 106.35529327392578 112.0
v 87.0 106.26751708984375 113.0
v 87.0 106.25757598876953 114.0
v 87.0 106.14949035644531 115.0
v 86.34202575683594 107.0 116.0
v 87.0 107.0 116.31913757324219
v 86.6372299194336 108.0 107.0
v 87.0 108.0 106.57630920410156
v 87.0 107.57363891601562 107.0
v 87.0 107.29629516601562 109.0
v 86.0615463256836 108.0 109.0
v 87.0 107.22164916992188 110.0
v 86.73555755615234 108.0 116.0
v 87.0 108.0 116.09855651855469
v 86.77193450927734 109.0 106.0
v 87.0 109.0 105.73532104492188
v 87.0 108.66993713378906 106.0
v 86.18275451660156 109.0 107.0
v 87.0 109.0 116.7353744506836
v 86.88343048095703 110.0 105.0
v 87.0 110.0 104.88357543945312
v 87.0 109.85662078857422 105.0
v 86.28234100341797 110.0 106.0
v 87.0 109.25660705566406 117.0
v 86.13304901123047 110.0 117.0
v 87.0 109.66192626953125 118.0
v 86.62902069091797 110.0 118.0
v 87.0 110.0 118.57262420654297
v 86.43734741210938 111.0 105.0
v 87.0 111.0 104.48847961425781
v 87.0 110.23766326904297 119.0
v 87.0 110.79452514648438 120.0
v 86.80021667480469 111.0 120.0
v 87.0 111.0 120.16846466064453
v 87.0 112.0 104.352783203125
v 86.34009552001953 112.0 120.0
v 87.0 112.0 120.50843048095703
v 87.0 113.0 104.21172332763672
v 87.0 113.0 120.80712890625
v 86.70511627197266 114.0 104.0
v 87.0 114.0 103.78837585449219
v 87.0 113.49911499023438 104.0
v 87.0 113.43382263183594 121.0
v 86.65245056152344 114.0 121.0
v 87.0 114.0 121.2376480102539
v 86.50635528564453 115.0 104.0
v 87.0 115.0 103.63811492919922
v 86.51226806640625 115.0 121.0
v 87.0 115.0 121.35909271240234
v 86.45257568359375 116.0 104.0
v 87.0 116.0 103.5417251586914
v 86.57097625732422 116.0 121.0
v 87.0 116.0 121.39875793457031
v 86.44310760498047 117.0 104.0
v 87.0 117.0 103.54134368896484
v 86.30523681640625 117.0 119.0
v 86.41507720947266 117.0 120.0
v 86.89167785644531 117.0 121.0
v 87.0 117.0 121.10682678222656
v 86.25485229492188 118.0 104.0
v 87.0 118.0 103.5933609008789
v 86.13280487060547 118.0 118.0
v 86.05809020996094 118.0 119.0
v 86.55025482177734 118.0 120.0
v 87.0 118.0 120.44547271728516
v 87.0 117.14826202392578 121.0
v 87.0 119.0 103.49447631835938
v 86.20916748046875 119.0 118.0
v 86.58291625976562 119.0 120.0
v 87.0 119.0 120.32455444335938
v 87.0 120.0 103.40682983398438
v 86.03385162353516 120.0 118.0
v 86.03508758544922 120.0 119.0
v 86.828857421875 120.0 120.0
v 87.0 120.0 120.13262939453125
v 87.0 121.0 103.46711730957031
v 86.6002426147461 121.0 119.0
v 87.0 121.0 119.31268310546875
v 87.0 120.17728424072266 120.0
v 87.0 122.0 103.49678802490234
v 87.0 121.38006591796875 119.0
v 87.0 122.0 118.6171875
v 87.0 123.0 103.47110748291016
v 87.0 123.0 118.36736297607422
v 87.0 124.0 103.42453002929688
v 87.0 123.56842803955078 118.0
v 87.0 124.0 117.60948944091797
v 86.73169708251953 125.0 104.0
v 87.0 125.0 103.73895263671875
v 86.49905395507812 125.0 105.0
v 86.52875518798828 125.0 106.0
v 86.40963745117188 125.0 107.0
v 86.1252212524414 125.0 112.0
v 86.48719787597656 125.0 116.0
v 87.0 125.0 116.38078308105469
v 87.0 124.49755859375 117.0
v 87.0 125.26407623291016 104.0
v 87.0 125.53636932373047 105.0
v 87.0 125.56112670898438 106.0
v 87.0 125.88520050048828 107.0
v 87.0 126.0 107.09150695800781
v 86.20911407470703 126.0 110.0
v 86.36295318603516 126.0 111.0
v 86.36573791503906 126.0 112.0
v 87.0 125.4178695678711 116.0
v 87.0 126.0 115.6220703125
v 86.58856201171875 127.0 108.0
v 87.0 127.0 107.47956848144531
v 86.4739990234375 127.0 109.0
v 86.53177642822266 127.0 110.0
v 86.62097930908203 127.0 111.0
v 86.58966827392578 127.0 112.0
v 86.32759857177734 127.0 113.0
v 87.0 127.0 115.42166137695312
v 86.9326400756836 128.0 108.0
v 87.0 128.0 107.84676361083984
v 87.0 128.0 108.50192260742188
v 87.0 127.89991760253906 109.0
v 86.9356918334961 128.0 110.0
v 87.0 128.0 109.50850677490234
v 87.0 128.0 110.27010345458984
v 87.0 127.73191833496094 111.0
v 87.0 127.88787078857422 112.0
v 86.84917449951172 128.0 113.0
v 87.0 128.0 112.29617309570312
v 86.98974609375 128.0 114.0
v 87.0 128.0 114.18627166748047
v 87.0 127.94014739990234 115.0
v 87.0 128.24986267089844 108.0
v 87.0 128.09664916992188 110.0
v 87.0 128.2908172607422 113.0
v 87.0 128.0128936767578 114.0
v 87.78351593017578 102.0 111.0
v 88.0 102.0 110.75602722167969
v 88.0 101.3576431274414 111.0
v 88.0 101.54175567626953 112.0
v 87.7532958984375 102.0 112.0
v 88.0 102.0 112.83038330078125
v 87.79572296142578 102.0 114.0
v 88.0 102.0 113.20288848876953
v 88.0 101.7095718383789 114.0
v 88.0 101.70149993896484 115.0
v 87.80559539794922 102.0 115.0
v 88.0 102.0 115.34760284423828
v 87.65379333496094 103.0 111.0
v 88.0 103.0 110.4386215209961
v 87.54252624511719 103.0 112.0
v 88.0 102.09818267822266 113.0
v 87.59386444091797 103.0 113.0
v 87.53797149658203 103.0 114.0
v 87.54369354248047 103.0 115.0
v 88.0 102.63752746582031 116.0
v 87.77886962890625 103.0 116.0
v 88.0 103.0 116.31864929199219
v 87.67596435546875 104.0 111.0
v 88.0 104.0 110.08499145507812
v 87.53538513183594 104.0 112.0
v 87.50516510009766 104.0 113.0
v 87.50133514404297 104.0 114.0
v 87.49811553955078 104.0 115.0
v 87.45524597167969 104.0 116.0
v 88.0 103.4867172241211 117.0
v 87.39932250976562 104.0 117.0
v 88.0 103.95527648925781 118.0
v 87.94944763183594 104.0 118.0
v 88.0 104.0 118.05542755126953
v 88.0 104.71175384521484 111.0
v 87.61927795410156 105.0 112.0
v 88.0 105.0 111.25045776367188
v 87.49664306640625 105.0 113.0
v 87.49012756347656 105.0 114.0
v 87.46028137207031 105.0 115.0
v 87.37511444091797 105.0 116.0
v 87.41443634033203 105.0 117.0
v 87.73091888427734 105.0 118.0
v 88.0 105.0 118.3400650024414
v 87.40623474121094 106.0 112.0
v 88.0 106.0 111.10565948486328
v 87.2672119140625 106.0 113.0
v 87.25533294677734 106.0 114.0
v 87.13375091552734 106.0 115.0
v 87.49887084960938 106.0 117.0
v 87.63805389404297 106.0 118.0
v 88.0 105.79608917236328 119.0
v 87.78270721435547 106.0 119.0
v 88.0 106.0 119.13313293457031
v 87.69512939453125 107.0 107.0
v 88.0 107.0 106.75797271728516
v 88.0 106.81096649169922 107.0
v 88.0 106.56787872314453 108.0
v 88.0 106.58187103271484 109.0
v 87.37366485595703 107.0 109.0
v 88.0 106.43817138671875 110.0
v 87.29379272460938 107.0 110.0
v 88.0 106.07821655273438 111.0
v 88.0 106.79228973388672 117.0
v 88.0 107.0 116.8477783203125
v 88.0 106.54391479492188 118.0
v 88.0 106.49797058105469 119.0
v 87.66984558105469 108.0 106.0
v 88.0 108.0 105.77597045898438
v 88.0 107.73379516601562 106.0
v 88.0 108.0 116.66783905029297
v 88.0 109.0 105.22537231445312
v 88.0 108.36914825439453 117.0
v 87.28888702392578 109.0 117.0
v 88.0 108.74752807617188 118.0
v 87.73646545410156 109.0 118.0
v 88.0 109.0 118.44217681884766
v 87.91998291015625 110.0 100.0
v 88.0 110.0 99.85399627685547
v 88.0 109.37703704833984 100.0
v 88.0 110.0 100.63142395019531
v 88.0 110.0 104.27786254882812
v 88.0 109.27460479736328 105.0
v 88.0 109.31111907958984 119.0
v 87.27607727050781 110.0 119.0
v 88.0 109.72579193115234 120.0
v 87.76825714111328 110.0 120.0
v 88.0 110.0 120.20890045166016
v 88.0 110.14573669433594 100.0
v 87.50939178466797 111.0 104.0
v 88.0 111.0 103.15245819091797
v 88.0 110.32904815673828 104.0
v 88.0 111.0 120.70276641845703
v 87.4418716430664 112.0 104.0
v 88.0 112.0 103.48683166503906
v 88.0 111.5041275024414 121.0
v 87.62802124023438 112.0 121.0
v 88.0 112.0 121.326904296875
v 87.29310607910156 113.0 104.0
v 88.0 113.0 103.48817443847656
v 87.21973419189453 113.0 121.0
v 88.0 113.0 121.81906127929688
v 88.0 114.0 103.358642578125
v 88.0 114.0 121.6377944946289
v 88.0 115.0 103.20797729492188
v 88.0 115.0 121.74082946777344
v 87.72398376464844 116.0 103.0
v 88.0 116.0 102.79180908203125
v 88.0 115.50701141357422 103.0
v 88.0 115.86774444580078 122.0
v 87.93478393554688 116.0 122.0
v 88.0 116.0 122.0455322265625
v 87.77989959716797 117.0 103.0
v 88.0 117.0 102.84327697753906
v 88.0 116.12042999267578 122.0
v 88.0 117.0 121.63157653808594
v 88.0 117.31023406982422 103.0
v 88.0 118.0 103.30907440185547
v 88.0 117.66571044921875 121.0
v 88.0 118.0 120.74201965332031
v 88.0 119.0 103.19117736816406
v 88.0 119.0 120.5826644897461
v 87.7650146484375 120.0 103.0
v 88.0 120.0 102.79813385009766
v 88.0 119.55713653564453 103.0
v 88.0 120.0 120.54705047607422
v 88.0 120.51522827148438 103.0
v 88.0 121.0 103.14722442626953
v 88.0 120.70476531982422 120.0
v 88.0 121.0 119.71727752685547
v 88.0 122.0 103.34320068359375
v 88.0 121.62751770019531 119.0
v 88.0 122.0 118.7053451538086
v 88.0 123.0 103.35964965820312
v 88.0 123.0 118.50286102294922
v 87.97761535644531 124.0 103.0
v 88.0 124.0 102.9869155883789
v 88.0 123.97480010986328 103.0
v 87.69817352294922 124.0 118.0
v 88.0 124.0 118.15787506103516
v 87.7670669555664 125.0 103.0
v 88.0 125.0 102.79267120361328
v 88.0 124.76273345947266 117.0
v 88.0 125.0 116.69847869873047
v 88.0 124.15746307373047 118.0
v 88.0 125.34453582763672 103.0
v 87.62425231933594 126.0 104.0
v 88.0 126.0 103.49364471435547
v 87.37065124511719 126.0 105.0
v 87.32532501220703 126.0 106.0
v 87.07966613769531 126.0 107.0
v 88.0 125.61011505126953 116.0
v 88.0 126.0 115.6900863647461
v 88.0 126.55805206298828 104.0
v 87.78446197509766 127.0 105.0
v 88.0 127.0 104.55255889892578
v 87.61399841308594 127.0 106.0
v 87.33871459960938 127.0 107.0
v 88.0 127.0 115.4969253540039
v 88.0 127.37764739990234 105.0
v 87.965576171875 128.0 106.0
v 88.0 128.0 105.92508697509766
v 87.35429382324219 128.0 107.0
v 87.06644439697266 128.0 109.0
v 87.16324615478516 128.0 111.0
v 87.06315612792969 128.0 112.0
v 87.0592269897461 128.0 115.0
v 88.0 128.0 115.42127990722656
v 87.7085189819336 129.0 106.0
v 88.0 129.0 105.61077880859375
v 87.15766143798828 129.0 107.0
v 87.18617248535156 129.0 108.0
v 87.43065643310547 129.0 109.0
v 87.52892303466797 129.0 110.0
v 87.49876403808594 129.0 111.0
v 87.19489288330078 129.0 112.0
v 87.31128692626953 129.0 113.0
v 87.47355651855469 129.0 114.0
v 87.80284881591797 129.0 115.0
v 88.0 129.0 115.16663360595703
v 87.82494354248047 130.0 106.0
v 88.0 130.0 105.73797607421875
v 87.45201873779297 130.0 107.0
v 87.23762512207031 130.0 108.0
v 87.67515563964844 130.0 109.0
v 88.0 130.0 109.5451889038086
v 88.0 129.66061401367188 110.0
v 88.0 129.71319580078125 111.0
v 87.72911834716797 130.0 112.0
v 88.0 130.0 111.45735168457031
v 87.702392578125 130.0 113.0
v 87.88683319091797 130.0 114.0
v 88.0 130.0 114.18379211425781
v 88.0 129.2576904296875 115.0
v 88.0 130.23753356933594 106.0
v 88.0 130.65078735351562 107.0
v 87.90351867675781 131.0 108.0
v 88.0 131.0 107.78553009033203
v 88.0 131.0 108.18480682373047
v 88.0 130.47412109375 109.0
v 88.0 130.3194580078125 112.0
v 88.0 130.3032989501953 113.0
v 88.0 130.11265563964844 114.0
v 88.0 131.10549926757812 108.0
v 88.9502182006836 100.0 111.0
v 89.0 100.0 110.958251953125
v 89.0 99.95629119873047 111.0
v 89.0 99.74620056152344 112.0
v 88.79293060302734 100.0 112.0
v 89.0 100.0 112.4891586303711
v 88.84947967529297 100.0 115.0
v 89.0 100.0 114.60807800292969
v 89.0 99.82452392578125 115.0
v 89.0 99.94365692138672 116.0
v 88.95404052734375 100.0 116.0
v 89.0 100.0 116.05108642578125
v 88.1985092163086 101.0 111.0
v 89.0 101.0 110.57662200927734
v 88.30492401123047 101.0 112.0
v 89.0 100.29889678955078 113.0
v 88.55400848388672 101.0 113.0
v 89.0 100.30279541015625 114.0
v 88.498779296875 101.0 114.0
v 88.417236328125 101.0 115.0
v 88.65937042236328 101.0 116.0
v 89.0 101.0 116.40239715576172
v 88.96724700927734 102.0 99.0
v 89.0 102.0 98.934326171875
v 89.0 101.95491027832031 99.0
v 89.0 102.0 99.31538391113281
v 88.84708404541016 102.0 101.0
v 89.0 102.0 100.29800415039062
v 89.0 101.74275970458984 101.0
v 89.0 102.0 101.78236389160156
v 88.94822692871094 102.0 108.0
v 89.0 102.0 107.73521423339844
v 89.0 101.93150329589844 108.0
v 89.0 102.0 108.0842056274414
v 89.0 102.0 110.32549285888672
v 88.05807495117188 102.0 113.0
v 88.42086791992188 102.0 116.0
v 89.0 102.0 116.54975128173828
v 88.81719970703125 103.0 98.0
v 89.0 103.0 97.73784637451172
v 89.0 102.69668579101562 98.0
v 88.57642364501953 103.0 99.0
v 89.0 102.11839294433594 100.0
v 88.60032653808594 103.0 100.0
v 88.67517852783203 103.0 101.0
v 89.0 103.0 101.54370880126953
v 88.82706451416016 103.0 108.0
v 89.0 103.0 107.69224548339844
v 89.0 102.62462615966797 109.0
v 88.69810485839844 103.0 109.0
v 89.0 102.39891815185547 110.0
v 88.37718200683594 103.0 110.0
v 89.0 103.0 116.98121643066406
v 88.6753921508789 104.0 98.0
v 89.0 104.0 97.51036071777344
v 88.50811004638672 104.0 99.0
v 88.48101043701172 104.0 100.0
v 88.58683013916016 104.0 101.0
v 89.0 104.0 101.49929809570312
v 89.0 103.38562774658203 108.0
v 88.667236328125 104.0 109.0
v 89.0 104.0 108.46309661865234
v 88.04016876220703 104.0 110.0
v 89.0 103.01871490478516 117.0
v 89.0 103.4469223022461 118.0
v 89.0 103.72611999511719 119.0
v 88.78555297851562 104.0 119.0
v 89.0 104.0 119.49750518798828
v 88.6677474975586 105.0 98.0
v 89.0 105.0 97.49160766601562
v 88.50293731689453 105.0 99.0
v 88.42195129394531 105.0 100.0
v 88.39173126220703 105.0 101.0
v 89.0 105.0 101.59972381591797
v 89.0 104.64407348632812 109.0
v 88.48919677734375 105.0 110.0
v 89.0 105.0 109.25176239013672
v 88.15106964111328 105.0 111.0
v 89.0 104.86482238769531 119.0
v 89.0 105.0 118.94288635253906
v 88.62874603271484 106.0 98.0
v 89.0 106.0 97.26302337646484
v 88.50530242919922 106.0 99.0
v 88.50845336914062 106.0 100.0
v 88.71158599853516 106.0 101.0
v 89.0 106.0 101.39138793945312
v 88.42613220214844 106.0 110.0
v 89.0 106.0 109.07001495361328
v 88.07119750976562 106.0 111.0
v 89.0 105.06610107421875 119.0
v 89.0 106.0 119.3848648071289
v 88.84368133544922 107.0 96.0
v 89.0 107.0 95.73948669433594
v 89.0 106.7330093383789 96.0
v 89.0 106.26753234863281 97.0
v 88.63526153564453 107.0 97.0
v 88.53242492675781 107.0 98.0
v 88.5051498413086 107.0 99.0
v 88.62377166748047 107.0 100.0
v 89.0 107.0 100.68407440185547
v 89.0 106.57023620605469 101.0
v 89.0 107.0 106.28733825683594
v 89.0 106.40339660644531 107.0
v 89.0 106.2576675415039 108.0
v 89.0 106.0482177734375 109.0
v 88.16932678222656 107.0 117.0
v 88.34858703613281 107.0 118.0
v 88.23966979980469 107.0 119.0
v 89.0 107.0 119.57389831542969
v 88.67462921142578 108.0 96.0
v 89.0 108.0 95.50312805175781
v 88.5117416381836 108.0 97.0
v 88.50007629394531 108.0 98.0
v 88.47421264648438 108.0 99.0
v 88.53709411621094 108.0 100.0
v 89.0 108.0 100.73316955566406
v 89.0 108.0 105.31680297851562
v 89.0 107.27227783203125 106.0
v 88.54048156738281 108.0 117.0
v 88.95597076416016 108.0 118.0
v 88.89876556396484 108.0 119.0
v 89.0 107.51969909667969 120.0
v 88.73421478271484 108.0 120.0
v 89.0 107.78491973876953 121.0
v 88.87953186035156 108.0 121.0
v 89.0 108.0 121.12000274658203
v 88.62879943847656 109.0 96.0
v 89.0 109.0 95.2686996459961
v 88.50519561767578 109.0 97.0
v 88.49494171142578 109.0 98.0
v 88.37915802001953 109.0 99.0
v 88.05278015136719 109.0 100.0
v 89.0 108.3074722290039 101.0
v 88.51600646972656 109.0 101.0
v 89.0 109.0 101.68512725830078
v 88.32929992675781 109.0 105.0
v 89.0 109.0 104.29763793945312
v 89.0 108.37706756591797 105.0
v 88.30329132080078 109.0 119.0
v 88.44810485839844 109.0 120.0
v 88.9118423461914 109.0 121.0
v 89.0 109.0 121.08116149902344
v 88.92000579833984 110.0 94.0
v 89.0 110.0 93.91166687011719
v 89.0 109.8779296875 94.0
v 89.0 109.27497863769531 95.0
v 88.6373519897461 110.0 95.0
v 88.53247833251953 110.0 96.0
v 88.50138854980469 110.0 97.0
v 88.49488830566406 110.0 98.0
v 88.37483215332031 110.0 99.0
v 88.05110931396484 110.0 101.0
v 89.0 109.2702407836914 102.0
v 88.5082778930664 110.0 102.0
v 89.0 109.43985748291016 103.0
v 88.53838348388672 110.0 103.0
v 89.0 109.23701477050781 104.0
v 88.2678451538086 110.0 104.0
v 89.0 109.26451873779297 121.0
v 89.0 110.0 120.78004455566406
v 88.71367645263672 111.0 94.0
v 89.0 111.0 93.6603012084961
v 88.51789855957031 111.0 95.0
v 88.50291442871094 111.0 96.0
v 88.50015258789062 111.0 97.0
v 88.49859619140625 111.0 98.0
v 88.46766662597656 111.0 99.0
v 88.37620544433594 111.0 100.0
v 88.40656280517578 111.0 101.0
v 88.50298309326172 111.0 102.0
v 88.10630798339844 111.0 103.0
v 89.0 110.40115356445312 121.0
v 88.48978424072266 111.0 121.0
v 89.0 111.0 121.34619903564453
v 88.92264556884766 112.0 94.0
v 89.0 112.0 93.9142837524414
v 88.63968658447266 112.0 95.0
v 88.5379409790039 112.0 96.0
v 88.50656127929688 112.0 97.0
v 88.5013656616211 112.0 98.0
v 88.4986801147461 112.0 99.0
v 88.50005340576172 112.0 100.0
v 88.62052154541016 112.0 101.0
v 89.0 112.0 101.88218688964844
v 89.0 111.89627075195312 102.0
v 88.71884155273438 112.0 103.0
v 89.0 112.0 102.25235748291016
v 89.0 112.0 121.81407165527344
v 89.0 112.10761260986328 94.0
v 89.0 112.63452911376953 95.0
v 88.79138946533203 113.0 96.0
v 89.0 113.0 95.52803802490234
v 88.63348388671875 113.0 97.0
v 88.532470703125 113.0 98.0
v 88.50145721435547 113.0 99.0
v 88.50651550292969 113.0 100.0
v 88.66073608398438 113.0 101.0
v 89.0 113.0 101.7423095703125
v 88.5908203125 113.0 103.0
v 89.0 113.0 102.2823715209961
v 89.0 112.37359619140625 122.0
v 88.32840728759766 113.0 122.0
v 89.0 113.0 122.32660675048828
v 89.0 113.33540344238281 96.0
v 89.0 113.73051452636719 97.0
v 88.63347625732422 114.0 98.0
v 89.0 114.0 97.26947784423828
v 88.50667572021484 114.0 99.0
v 88.50807189941406 114.0 100.0
v 88.66581726074219 114.0 101.0
v 89.0 114.0 101.8062973022461
v 88.44151306152344 114.0 103.0
v 89.0 114.0 102.15750122070312
v 88.83489990234375 114.0 122.0
v 89.0 114.0 122.10330200195312
v 88.7907943725586 115.0 98.0
v 89.0 115.0 97.66291809082031
v 88.54090881347656 115.0 99.0
v 88.54350280761719 115.0 100.0
v 88.78312683105469 115.0 101.0
v 89.0 115.0 101.64363861083984
v 88.2772216796875 115.0 103.0
v 89.0 115.0 102.1845932006836
v 88.4734878540039 115.0 122.0
v 89.0 115.0 122.29610443115234
v 89.0 115.49449157714844 98.0
v 88.6817855834961 116.0 99.0
v 89.0 116.0 98.38195037841797
v 88.755615234375 116.0 100.0
v 89.0 116.0 100.50337982177734
v 89.0 115.46773529052734 101.0
v 89.0 116.0 102.25005340576172
v 89.0 116.0 122.43595886230469
v 89.0 116.9715805053711 99.0
v 89.0 116.47931671142578 100.0
v 89.0 117.0 102.38457489013672
v 88.41453552246094 117.0 122.0
v 89.0 117.0 122.4521255493164
v 88.66132354736328 118.0 103.0
v 89.0 118.0 102.66295623779297
v 88.52469635009766 118.0 121.0
v 88.69264221191406 118.0 122.0
v 89.0 118.0 122.62439727783203
v 88.80571746826172 119.0 102.0
v 89.0 119.0 101.70313262939453
v 89.0 118.64958190917969 102.0
v 88.24004364013672 119.0 103.0
v 88.73696899414062 119.0 121.0
v 88.84920501708984 119.0 122.0
v 89.0 119.0 122.20221710205078
v 88.5852279663086 120.0 102.0
v 89.0 120.0 101.47061157226562
v 88.42713165283203 120.0 121.0
v 88.78369903564453 120.0 122.0
v 89.0 120.0 122.22160339355469
v 88.71161651611328 121.0 102.0
v 89.0 121.0 101.48480987548828
v 88.15943145751953 121.0 103.0
v 88.26578521728516 121.0 120.0
v 88.53592681884766 121.0 121.0
v 88.8896255493164 121.0 122.0
v 89.0 121.0 122.11165618896484
v 89.0 121.83040618896484 102.0
v 88.49955749511719 122.0 103.0
v 89.0 122.0 102.13330841064453
v 88.93244934082031 122.0 119.0
v 89.0 122.0 119.35277557373047
v 89.0 121.93244171142578 120.0
v 88.9107894897461 122.0 121.0
v 89.0 122.0 120.33636474609375
v 89.0 122.0 121.1593017578125
v 89.0 121.18836212158203 122.0
v 89.0 122.79273986816406 103.0
v 89.0 123.0 103.10993957519531
v 89.0 122.08123016357422 119.0
v 89.0 123.0 118.72565460205078
v 89.0 122.18413543701172 121.0
v 88.20255279541016 124.0 103.0
v 89.0 124.0 103.04776763916016
v 89.0 124.0 118.50286865234375
v 89.0 125.0 102.10945129394531
v 89.0 124.0657958984375 103.0
v 88.39700317382812 125.0 117.0
v 89.0 125.0 117.50127410888672
v 89.0 124.54625701904297 118.0
v 88.38612365722656 126.0 103.0
v 89.0 126.0 102.4027328491211
v 89.0 125.91381072998047 116.0
v 89.0 126.0 115.91851043701172
v 89.0 125.38617706298828 117.0
v 88.68053436279297 127.0 103.0
v 89.0 127.0 102.68047332763672
v 88.25894927978516 127.0 104.0
v 89.0 127.0 115.54854583740234
v 88.74403381347656 128.0 103.0
v 89.0 128.0 102.74424743652344
v 88.47223663330078 128.0 104.0
v 88.32300567626953 128.0 105.0
v 89.0 128.0 115.49754333496094
v 88.8970947265625 129.0 103.0
v 89.0 129.0 102.89738464355469
v 88.5390853881836 129.0 104.0
v 88.36620330810547 129.0 105.0
v 89.0 129.0 115.45378112792969
v 89.0 129.1766357421875 103.0
v 88.76448059082031 130.0 104.0
v 89.0 130.0 103.64424896240234
v 88.41477966308594 130.0 105.0
v 88.27909851074219 130.0 110.0
v 88.21466827392578 130.0 111.0
v 88.821533203125 130.0 115.0
v 89.0 130.0 115.10868072509766
v 89.0 130.37094116210938 104.0
v 88.7877426147461 131.0 105.0
v 89.0 131.0 104.6684341430664
v 88.54254913330078 131.0 106.0
v 88.32479095458984 131.0 107.0
v 88.37345123291016 131.0 109.0
v 88.89683532714844 131.0 110.0
v 88.61186218261719 131.0 111.0
v 88.59858703613281 131.0 112.0
v 89.0 131.0 112.4783706665039
v 89.0 130.65225219726562 113.0
v 89.0 130.45848083496094 114.0
v 89.0 130.1086883544922 115.0
v 89.0 131.2552032470703 105.0
v 89.0 131.4873809814453 106.0
v 89.0 131.68458557128906 107.0
v 88.73274993896484 132.0 108.0
v 89.0 132.0 107.53148651123047
v 88.81507873535156 132.0 109.0
v 89.0 132.0 109.42904663085938
v 89.0 131.28065490722656 110.0
v 88.98540496826172 132.0 111.0
v 89.0 132.0 110.94917297363281
v 89.0 132.0 111.05884552001953
v 89.0 131.63784790039062 112.0
v 89.0 132.28587341308594 108.0
v 89.0 132.242919921875 109.0
v 89.0 132.01576232910156 111.0
v 89.81795501708984 97.0 102.0
v 90.0 97.0 101.69348907470703
v 90.0 96.76260375976562 102.0
v 90.0 96.4446029663086 103.0
v 89.65613555908203 97.0 103.0
v 90.0 96.41609954833984 104.0
v 89.80662536621094 97.0 104.0
v 90.0 97.0 104.1993408203125
v 89.77000427246094 98.0 101.0
v 90.0 98.0 100.63287353515625
v 90.0 97.63343811035156 101.0
v 89.57845306396484 98.0 102.0
v 89.65800476074219 98.0 103.0
v 90.0 98.0 103.98322296142578
v 90.0 97.96631622314453 104.0
v 89.89903259277344 98.0 113.0
v 90.0 98.0 112.86454010009766
v 90.0 97.88070678710938 113.0
v 90.0 97.99003601074219 114.0
v 89.99073791503906 98.0 114.0
v 90.0 98.0 114.01139068603516
v 89.81465148925781 99.0 100.0
v 90.0 99.0 99.75226593017578
v 90.0 98.68854522705078 100.0
v 89.54832458496094 99.0 101.0
v 89.6320571899414 99.0 102.0
v 90.0 99.0 102.67451477050781
v 90.0 98.65166473388672 103.0
v 89.7393798828125 99.0 112.0
v 90.0 99.0 111.7267074584961
v 90.0 98.74251556396484 112.0
v 89.52008819580078 99.0 113.0
v 89.60761260986328 99.0 114.0
v 90.0 99.0 114.98172760009766
v 89.63357543945312 100.0 100.0
v 90.0 100.0 99.35958862304688
v 89.50662231445312 100.0 101.0
v 89.62435913085938 100.0 102.0
v 90.0 100.0 102.66185760498047
v 90.0 100.0 110.69649505615234
v 90.0 99.62321472167969 111.0
v 89.20311737060547 100.0 113.0
v 89.22733306884766 100.0 114.0
v 90.0 99.01005554199219 115.0
v 90.0 99.11256408691406 116.0
v 90.0 100.0 116.73501586914062
v 89.65670013427734 101.0 99.0
v 90.0 101.0 98.49987030029297
v 90.0 100.42137145996094 99.0
v 89.4668960571289 101.0 100.0
v 89.37419891357422 101.0 101.0
v 89.41668701171875 101.0 102.0
v 90.0 100.49713897705078 103.0
v 89.77102661132812 101.0 103.0
v 90.0 101.0 103.33881378173828
v 89.85154724121094 101.0 107.0
v 90.0 101.0 106.85224914550781
v 90.0 100.85627746582031 107.0
v 90.0 100.92750549316406 108.0
v 89.91680908203125 101.0 108.0
v 90.0 101.0 108.06983947753906
v 90.0 101.0 110.46126556396484
v 90.0 100.42312622070312 117.0
v 89.6332015991211 101.0 117.0
v 90.0 101.0 117.38362884521484
v 89.52252960205078 102.0 98.0
v 90.0 102.0 97.41118621826172
v 90.0 101.45980834960938 98.0
v 89.06910705566406 102.0 100.0
v 89.04915618896484 102.0 102.0
v 89.71208190917969 102.0 103.0
v 90.0 102.0 103.37958526611328
v 89.18721008300781 102.0 107.0
v 90.0 102.0 106.40440368652344
v 90.0 102.0 108.72994995117188
v 90.0 102.0 110.10063171386719
v 89.439697265625 102.0 117.0
v 90.0 102.0 117.7696533203125
v 89.79179382324219 103.0 96.0
v 90.0 103.0 95.57177734375
v 90.0 102.71226501464844 96.0
v 90.0 102.34850311279297 97.0
v 89.50670623779297 103.0 97.0
v 89.3405990600586 103.0 102.0
v 90.0 103.0 102.76476287841797
v 90.0 102.59347534179688 103.0
v 89.43252563476562 103.0 107.0
v 90.0 103.0 106.40607452392578
v 90.0 102.23412322998047 109.0
v 90.0 102.10138702392578 110.0
v 89.0184326171875 103.0 117.0
v 90.0 102.22747802734375 118.0
v 89.40544128417969 103.0 118.0
v 90.0 102.34737396240234 119.0
v 89.4687728881836 103.0 119.0
v 90.0 102.32953643798828 120.0
v 89.67652893066406 103.0 120.0
v 90.0 103.0 120.26886749267578
v 89.79662322998047 104.0 95.0
v 90.0 104.0 94.71695709228516
v 90.0 103.5760269165039 95.0
v 89.53681945800781 104.0 96.0
v 89.33858489990234 104.0 97.0
v 89.44160461425781 104.0 102.0
v 90.0 104.0 102.72936248779297
v 89.59063720703125 104.0 107.0
v 90.0 104.0 106.31517028808594
v 89.25901794433594 104.0 108.0
v 89.26900482177734 104.0 120.0
v 90.0 104.0 120.3980712890625
v 89.63639068603516 105.0 95.0
v 90.0 105.0 94.42923736572266
v 89.49479675292969 105.0 96.0
v 89.32360076904297 105.0 97.0
v 89.33470153808594 105.0 102.0
v 90.0 104.47896575927734 103.0
v 89.78610229492188 105.0 103.0
v 90.0 105.0 103.34058380126953
v 89.79121398925781 105.0 106.0
v 90.0 105.0 105.66314697265625
v 90.0 104.49633026123047 106.0
v 89.52845001220703 105.0 107.0
v 89.44991302490234 105.0 108.0
v 89.17561340332031 105.0 109.0
v 89.03443145751953 105.0 119.0
v 89.77259826660156 105.0 120.0
v 90.0 105.0 120.15992736816406
v 89.86000061035156 106.0 94.0
v 90.0 106.0 93.84937286376953
v 90.0 105.70426177978516 94.0
v 89.50706481933594 106.0 95.0
v 89.36618041992188 106.0 96.0
v 89.15637969970703 106.0 97.0
v 89.36608123779297 106.0 102.0
v 89.6673583984375 106.0 103.0
v 90.0 106.0 103.51313781738281
v 89.62796783447266 106.0 106.0
v 90.0 106.0 105.47118377685547
v 89.32875061035156 106.0 107.0
v 89.2536392211914 106.0 108.0
v 89.0464859008789 106.0 109.0
v 90.0 105.31831359863281 120.0
v 90.0 106.0 119.67536163330078
v 89.68563079833984 107.0 94.0
v 90.0 107.0 93.61041259765625
v 89.37945556640625 107.0 95.0
v 89.19815063476562 107.0 101.0
v 89.46533203125 107.0 102.0
v 89.62710571289062 107.0 103.0
v 90.0 107.0 103.7563247680664
v 89.26763916015625 107.0 106.0
v 90.0 107.0 105.16448974609375
v 90.0 107.0 119.98532104492188
v 89.66155242919922 108.0 94.0
v 90.0 108.0 93.55966186523438
v 89.33187103271484 108.0 95.0
v 89.17958068847656 108.0 101.0
v 89.45556640625 108.0 102.0
v 89.52288055419922 108.0 103.0
v 90.0 107.23165893554688 104.0
v 89.58352661132812 108.0 104.0
v 90.0 107.16422271728516 105.0
v 89.3113021850586 108.0 105.0
v 90.0 107.01425170898438 120.0
v 90.0 107.48628997802734 121.0
v 90.0 108.0 121.35294342041016
v 89.53580474853516 109.0 94.0
v 90.0 109.0 93.49471282958984
v 89.16227722167969 109.0 95.0
v 89.18521118164062 109.0 102.0
v 89.31814575195312 109.0 103.0
v 89.185302734375 109.0 104.0
v 90.0 109.0 121.40518951416016
v 90.0 110.0 93.2357177734375
v 89.50343322753906 110.0 121.0
v 90.0 110.0 121.2958984375
v 89.82553100585938 111.0 93.0
v 90.0 111.0 92.83638000488281
v 90.0 110.63656616210938 93.0
v 90.0 110.75032043457031 122.0
v 89.7830581665039 111.0 122.0
v 90.0 111.0 122.1758041381836
v 90.0 111.45386505126953 93.0
v 90.0 112.0 93.17578125
v 89.06397247314453 112.0 102.0
v 89.2356185913086 112.0 122.0
v 90.0 112.0 122.60958099365234
v 89.67276000976562 113.0 94.0
v 90.0 113.0 93.62861633300781
v 89.24368286132812 113.0 95.0
v 89.1374282836914 113.0 102.0
v 90.0 112.69054412841797 123.0
v 89.78779602050781 113.0 123.0
v 90.0 113.0 123.16314697265625
v 90.0 113.70758819580078 94.0
v 89.56354522705078 114.0 95.0
v 90.0 114.0 94.18943786621094
v 89.36817169189453 114.0 96.0
v 89.15870666503906 114.0 97.0
v 89.09600830078125 114.0 102.0
v 89.82410430908203 114.0 123.0
v 90.0 114.0 123.14846801757812
v 89.6766357421875 115.0 95.0
v 90.0 115.0 94.11629486083984
v 89.52796173095703 115.0 96.0
v 89.36579132080078 115.0 97.0
v 89.12874603271484 115.0 102.0
v 90.0 114.37027740478516 123.0
v 90.0 115.0 122.7541732788086
v 90.0 115.54830932617188 95.0
v 89.76024627685547 116.0 96.0
v 90.0 116.0 95.54398345947266
v 89.50299835205078 116.0 97.0
v 89.21420288085938 116.0 98.0
v 89.24185180664062 116.0 101.0
v 89.2253189086914 116.0 102.0
v 90.0 116.0 122.67535400390625
v 90.0 116.4155044555664 96.0
v 89.74663543701172 117.0 97.0
v 90.0 117.0 96.56954956054688
v 89.41172790527344 117.0 98.0
v 89.01165771484375 117.0 99.0
v 89.261962890625 117.0 100.0
v 89.45082092285156 117.0 101.0
v 89.3108139038086 117.0 102.0
v 90.0 117.0 122.8228530883789
v 90.0 117.43103790283203 97.0
v 89.73409271240234 118.0 98.0
v 90.0 118.0 97.56743621826172
v 89.44862365722656 118.0 99.0
v 89.46635437011719 118.0 100.0
v 89.46268463134766 118.0 101.0
v 89.30852508544922 118.0 102.0
v 90.0 117.54772186279297 123.0
v 89.5594253540039 118.0 123.0
v 90.0 118.0 123.14503479003906
v 90.0 118.43331146240234 98.0
v 89.74527740478516 119.0 99.0
v 90.0 119.0 98.5651626586914
v 89.52987670898438 119.0 100.0
v 89.37193298339844 119.0 101.0
v 90.0 118.30326080322266 123.0
v 90.0 119.0 122.67707061767578
v 90.0 119.53304290771484 99.0
v 89.62326049804688 120.0 100.0
v 90.0 120.0 99.35087585449219
v 89.33252716064453 120.0 101.0
v 90.0 120.0 122.62176513671875
v 89.63997650146484 121.0 100.0
v 90.0 121.0 99.53780364990234
v 89.2612533569336 121.0 101.0
v 90.0 121.0 122.62446594238281
v 89.69066619873047 122.0 100.0
v 90.0 122.0 99.68643188476562
v 89.03978729248047 122.0 101.0
v 89.06519317626953 122.0 102.0
v 89.04908752441406 122.0 120.0
v 89.56047821044922 122.0 122.0
v 90.0 122.0 122.40116119384766
v 90.0 122.805908203125 100.0
v 89.19039916992188 123.0 101.0
v 90.0 123.0 100.0933837890625
v 89.43107604980469 123.0 102.0
v 89.14051818847656 123.0 103.0
v 89.5074462890625 123.0 119.0
v 89.09598541259766 123.0 120.0
v 89.40131378173828 123.0 121.0
v 90.0 123.0 121.71929168701172
v 90.0 122.61602020263672 122.0
v 89.85591888427734 124.0 100.0
v 90.0 124.0 99.88298034667969
v 90.0 123.38066864013672 100.0
v 89.63277435302734 124.0 101.0
v 89.83595275878906 124.0 102.0
v 89.13517761230469 124.0 103.0
v 89.98011016845703 124.0 119.0
v 89.27051544189453 124.0 120.0
v 89.69180297851562 124.0 121.0
v 90.0 124.0 121.34771728515625
v 89.77685546875 125.0 100.0
v 90.0 125.0 99.85963439941406
v 90.0 125.0 100.5157699584961
v 90.0 124.73115539550781 101.0
v 89.15824890136719 125.0 102.0
v 90.0 125.0 101.22091674804688
v 89.55327606201172 125.0 118.0
v 90.0 125.0 118.40768432617188
v 90.0 124.02017211914062 119.0
v 90.0 124.83291625976562 120.0
v 90.0 124.41835021972656 121.0
v 90.0 125.361328125 100.0
v 89.5695571899414 126.0 102.0
v 90.0 126.0 101.62633514404297
v 89.12040710449219 126.0 116.0
v 89.7421875 126.0 117.0
v 90.0 126.0 117.31018829345703
v 90.0 125.39549255371094 118.0
v 90.0 126.50101470947266 102.0
v 90.0 127.0 102.25834655761719
v 90.0 126.60554504394531 116.0
v 90.0 127.0 115.68093872070312
v 90.0 126.19657135009766 117.0
v 90.0 128.0 102.50308990478516
v 90.0 128.0 115.50696563720703
v 90.0 129.0 102.63706970214844
v 90.0 129.0 115.49009704589844
v 89.70411682128906 130.0 103.0
v 90.0 130.0 102.81572723388672
v 90.0 130.0 115.25440979003906
v 90.0 130.30792236328125 103.0
v 89.52257537841797 131.0 104.0
v 90.0 131.0 103.52471160888672
v 90.0 130.6903533935547 113.0
v 90.0 131.0 112.60462951660156
v 90.0 130.502197265625 114.0
v 90.0 130.25509643554688 115.0
v 90.0 131.47645568847656 104.0
v 89.74246978759766 132.0 105.0
v 90.0 132.0 104.6666030883789
v 89.51210021972656 132.0 106.0
v 89.31446075439453 132.0 107.0
v 89.24090576171875 132.0 110.0
v 90.0 131.6378631591797 112.0
v 90.0 132.0 111.61637878417969
v 90.0 132.21591186523438 105.0
v 90.0 132.4588165283203 106.0
v 90.0 132.6807098388672 107.0
v 89.70762634277344 133.0 108.0
v 90.0 133.0 107.52915954589844
v 89.60433197021484 133.0 109.0
v 89.82647705078125 133.0 110.0
v 90.0 132.56060791015625 111.0
v 90.0 133.0 110.28256225585938
v 90.0 133.27293395996094 108.0
v 90.0 133.3376922607422 109.0
v 90.0 133.15335083007812 110.0
v 90.97309112548828 95.0 104.0
v 91.0 95.0 103.93293762207031
v 91.0 94.96990203857422 104.0
v 91.0 95.0 104.03680419921875
v 90.66989135742188 96.0 102.0
v 91.0 96.0 101.53199005126953
v 91.0 95.6458969116211 102.0
v 91.0 95.33367919921875 103.0
v 90.35774230957031 96.0 103.0
v 90.20230865478516 96.0 104.0
v 91.0 96.0 104.56655883789062
v 90.51616668701172 97.0 101.0
v 91.0 97.0 100.4383316040039
v 91.0 96.45899963378906 101.0
v 91.0 97.0 104.61124420166016
v 90.50389862060547 98.0 100.0
v 91.0 98.0 99.38150024414062
v 91.0 97.4268798828125 100.0
v 90.0143051147461 98.0 104.0
v 91.0 98.0 104.4407730102539
v 91.0 98.0 112.27791595458984
v 91.0 97.13448333740234 113.0
v 91.0 97.41107940673828 114.0
v 91.0 98.0 114.72899627685547
v 90.61673736572266 99.0 99.0
v 91.0 99.0 98.45435333251953
v 91.0 98.41569519042969 99.0
v 90.23480987548828 99.0 103.0
v 90.90607452392578 99.0 104.0
v 91.0 99.0 104.1331558227539
v 91.0 99.0 111.50076293945312
v 91.0 98.32673645019531 112.0
v 91.0 98.22932434082031 115.0
v 90.01204681396484 99.0 115.0
v 91.0 98.59532165527344 116.0
v 90.1763687133789 99.0 116.0
v 91.0 99.0 116.46153259277344
v 90.75694274902344 100.0 98.0
v 91.0 100.0 97.67977905273438
v 91.0 99.55236053466797 98.0
v 90.24417114257812 100.0 99.0
v 90.22677612304688 100.0 103.0
v 90.58989715576172 100.0 104.0
v 91.0 99.8302230834961 105.0
v 90.9011001586914 100.0 105.0
v 91.0 100.0 105.17339324951172
v 91.0 100.0 110.75202178955078
v 91.0 99.6752700805664 111.0
v 91.0 99.46510314941406 117.0
v 90.31204986572266 100.0 117.0
v 91.0 99.97240447998047 118.0
v 90.97038269042969 100.0 118.0
v 91.0 100.0 118.03301239013672
v 90.36585235595703 101.0 98.0
v 91.0 101.0 97.20774841308594
v 90.38203430175781 101.0 104.0
v 90.66291046142578 101.0 105.0
v 91.0 101.0 105.83633422851562
v 91.0 101.0 106.11378479003906
v 91.0 100.1030044555664 107.0
v 91.0 100.49362182617188 108.0
v 91.0 101.0 108.37042236328125
v 91.0 101.0 110.273193359375
v 90.5024642944336 101.0 118.0
v 91.0 101.0 118.88961029052734
v 90.65914916992188 102.0 95.0
v 91.0 102.0 94.02510833740234
v 91.0 101.59846496582031 95.0
v 91.0 101.49249267578125 96.0
v 90.53533172607422 102.0 96.0
v 91.0 101.20014953613281 97.0
v 90.31114196777344 102.0 97.0
v 90.37142944335938 102.0 104.0
v 90.52728271484375 102.0 105.0
v 91.0 101.11686706542969 106.0
v 90.41184997558594 102.0 106.0
v 91.0 102.0 108.96996307373047
v 90.18877410888672 102.0 110.0
v 91.0 102.0 109.05547332763672
v 91.0 101.4096908569336 110.0
v 90.1697006225586 102.0 118.0
v 91.0 101.088134765625 119.0
v 90.30142211914062 102.0 119.0
v 91.0 101.22465515136719 120.0
v 90.23802947998047 102.0 120.0
v 91.0 102.0 120.38462829589844
v 90.69654083251953 103.0 94.0
v 91.0 103.0 93.69622802734375
v 91.0 102.0295639038086 94.0
v 90.27030181884766 103.0 95.0
v 90.18121337890625 103.0 103.0
v 90.46015930175781 103.0 104.0
v 90.49180603027344 103.0 105.0
v 90.31514739990234 103.0 106.0
v 91.0 102.02669525146484 109.0
v 91.0 103.0 120.48240661621094
v 90.550048828125 104.0 94.0
v 91.0 104.0 93.55128479003906
v 90.19652557373047 104.0 103.0
v 90.45901489257812 104.0 104.0
v 90.4604263305664 104.0 105.0
v 90.20557403564453 104.0 106.0
v 91.0 104.0 120.50257873535156
v 90.37413787841797 105.0 94.0
v 91.0 105.0 93.45696258544922
v 90.36286163330078 105.0 104.0
v 90.36285400390625 105.0 105.0
v 91.0 105.0 120.44084167480469
v 91.0 106.0 93.23936462402344
v 90.31635284423828 106.0 104.0
v 90.31513214111328 106.0 105.0
v 90.68389892578125 106.0 120.0
v 91.0 106.0 120.27725982666016
v 90.69854736328125 107.0 93.0
v 91.0 107.0 92.76069641113281
v 91.0 106.50006866455078 93.0
v 90.14299774169922 107.0 104.0
v 90.11931610107422 107.0 105.0
v 90.01742553710938 107.0 120.0
v 91.0 106.61286163330078 121.0
v 90.59354400634766 107.0 121.0
v 91.0 107.0 121.37714385986328
v 90.51920318603516 108.0 93.0
v 91.0 108.0 92.54544830322266
v 91.0 108.0 121.69843292236328
v 90.48347473144531 109.0 93.0
v 91.0 109.0 92.49372100830078
v 91.0 109.0 121.85255432128906
v 90.2732162475586 110.0 93.0
v 91.0 110.0 92.31365966796875
v 91.0 109.30694580078125 122.0
v 90.61801147460938 110.0 122.0
v 91.0 110.0 122.34530639648438
v 90.72374725341797 111.0 92.0
v 91.0 111.0 91.70610809326172
v 91.0 110.52183532714844 92.0
v 91.0 111.0 122.62315368652344
v 90.66153717041016 112.0 92.0
v 91.0 112.0 91.60491943359375
v 90.16150665283203 112.0 93.0
v 91.0 111.65595245361328 123.0
v 90.63052368164062 112.0 123.0
v 91.0 112.0 123.20477294921875
v 90.91297912597656 113.0 92.0
v 91.0 113.0 91.90508270263672
v 90.48419952392578 113.0 93.0
v 91.0 113.0 123.45787811279297
v 91.0 113.13070678710938 92.0
v 90.97531127929688 114.0 93.0
v 91.0 114.0 92.9642333984375
v 90.14315795898438 114.0 94.0
v 91.0 114.0 123.43401336669922
v 90.92700958251953 115.0 93.0
v 91.0 115.0 92.92964172363281
v 90.05947875976562 115.0 94.0
v 90.46461486816406 115.0 123.0
v 91.0 115.0 123.2641830444336
v 91.0 115.13270568847656 93.0
v 90.69243621826172 116.0 94.0
v 91.0 116.0 93.57903289794922
v 90.33815002441406 116.0 95.0
v 90.52739715576172 116.0 123.0
v 91.0 116.0 123.29583740234375
v 91.0 116.32249450683594 94.0
v 91.0 116.78837585449219 95.0
v 90.38479614257812 117.0 96.0
v 91.0 117.0 95.21793365478516
v 90.28938293457031 117.0 123.0
v 91.0 117.0 123.36447143554688
v 90.8260269165039 118.0 96.0
v 91.0 118.0 95.77783203125
v 90.38383483886719 118.0 97.0
v 91.0 118.0 123.34024047851562
v 91.0 118.24061584472656 96.0
v 91.0 118.80654907226562 97.0
v 90.38162994384766 119.0 98.0
v 91.0 119.0 97.19246673583984
v 90.97280883789062 119.0 123.0
v 91.0 119.0 123.01026916503906
v 90.75492858886719 120.0 98.0
v 91.0 120.0 97.65239715576172
v 90.24043273925781 120.0 99.0
v 90.65364074707031 120.0 123.0
v 91.0 120.0 123.21924591064453
v 91.0 120.44889831542969 98.0
v 90.4734878540039 121.0 99.0
v 91.0 121.0 98.36846160888672
v 90.50919342041016 121.0 123.0
v 91.0 121.0 123.3598403930664
v 90.78833770751953 122.0 99.0
v 91.0 122.0 98.82308959960938
v 90.54869842529297 122.0 123.0
v 91.0 122.0 123.4385757446289
v 91.0 122.24632263183594 99.0
v 90.10289764404297 123.0 100.0
v 91.0 123.0 99.46134185791016
v 90.22346496582031 123.0 122.0
v 90.77848815917969 123.0 123.0
v 91.0 123.0 123.26158142089844
v 91.0 124.0 99.56864166259766
v 90.5039291381836 124.0 122.0
v 91.0 124.0 122.62606811523438
v 91.0 123.41634368896484 123.0
v 91.0 125.0 99.67138671875
v 90.32648468017578 125.0 101.0
v 90.79249572753906 125.0 119.0
v 90.19330596923828 125.0 120.0
v 90.47657775878906 125.0 121.0
v 90.91261291503906 125.0 122.0
v 91.0 125.0 122.10762786865234
v 90.61864471435547 126.0 100.0
v 91.0 126.0 99.84519958496094
v 91.0 126.0 100.43207550048828
v 91.0 125.57489013671875 101.0
v 91.0 126.0 101.21475982666016
v 90.66468811035156 126.0 118.0
v 91.0 126.0 118.28707122802734
v 91.0 125.16573333740234 119.0
v 91.0 125.44568634033203 120.0
v 91.0 125.38677978515625 121.0
v 91.0 125.08414459228516 122.0
v 91.0 126.32435607910156 100.0
v 90.54743957519531 127.0 102.0
v 91.0 127.0 101.69184112548828
v 91.0 126.79231262207031 116.0
v 91.0 127.0 115.79071807861328
v 91.0 126.59707641601562 117.0
v 91.0 126.26850128173828 118.0
v 91.0 127.31603240966797 102.0
v 91.0 128.0 102.45337677001953
v 91.0 128.0 115.52008819580078
v 91.0 129.0 102.77848815917969
v 91.0 129.0 115.49278259277344
v 91.0 130.0 102.6363525390625
v 91.0 130.0 115.27520751953125
v 90.70333862304688 131.0 103.0
v 91.0 131.0 102.8242416381836
v 91.0 130.87033081054688 113.0
v 91.0 131.0 112.82874298095703
v 91.0 130.6282196044922 114.0
v 91.0 130.2917938232422 115.0
v 91.0 131.22708129882812 103.0
v 90.66390991210938 132.0 104.0
v 91.0 132.0 103.74020385742188
v 91.0 131.81199645996094 112.0
v 91.0 132.0 111.8453140258789
v 91.0 132.2196044921875 104.0
v 91.0 132.70346069335938 105.0
v 90.71410369873047 133.0 106.0
v 91.0 133.0 105.58712005615234
v 90.35626983642578 133.0 107.0
v 90.58183288574219 133.0 111.0
v 91.0 133.0 111.3482437133789
v 91.0 133.20758056640625 106.0
v 91.0 133.4867401123047 107.0
v 91.0 133.95713806152344 108.0
v 91.0 133.7307586669922 109.0
v 91.0 133.53086853027344 110.0
v 91.0 133.31837463378906 111.0
v 91.71894836425781 94.0 104.0
v 92.0 94.0 103.45787048339844
v 92.0 93.64407348632812 104.0
v 92.0 93.89887237548828 105.0
v 91.92745208740234 94.0 105.0
v 92.0 94.0 105.07147216796875
v 91.88371276855469 95.0 101.0
v 92.0 95.0 100.82283020019531
v 92.0 94.88044738769531 101.0
v 92.0 94.54190063476562 102.0
v 91.55254364013672 95.0 102.0
v 92.0 94.26909637451172 103.0
v 91.32498931884766 95.0 103.0
v 91.59749603271484 95.0 105.0
v 92.0 95.0 105.3576889038086
v 91.96415710449219 96.0 99.0
v 92.0 96.0 98.931884765625
v 92.0 95.95218658447266 99.0
v 92.0 95.95890045166016 100.0
v 91.97586822509766 96.0 100.0
v 91.36576843261719 96.0 101.0
v 91.47838592529297 96.0 105.0
v 92.0 96.0 105.46306610107422
v 91.86363220214844 97.0 98.0
v 92.0 97.0 97.85211181640625
v 92.0 96.7740478515625 98.0
v 91.53633880615234 97.0 99.0
v 91.32331848144531 97.0 100.0
v 91.57369995117188 97.0 105.0
v 92.0 97.0 105.38256072998047
v 91.25000762939453 97.0 113.0
v 92.0 97.0 112.64344024658203
v 92.0 96.71063232421875 113.0
v 92.0 96.6850357055664 114.0
v 91.55661010742188 97.0 114.0
v 92.0 97.0 114.47116088867188
v 91.60877227783203 98.0 98.0
v 92.0 98.0 97.45220947265625
v 91.24223327636719 98.0 99.0
v 91.8705825805664 98.0 105.0
v 92.0 98.0 105.1578140258789
v 91.51018524169922 98.0 112.0
v 92.0 98.0 111.7604751586914
v 92.0 97.69477844238281 112.0
v 92.0 97.36953735351562 115.0
v 91.25878143310547 98.0 115.0
v 92.0 97.8802719116211 116.0
v 91.84136962890625 98.0 116.0
v 92.0 98.0 116.12320709228516
v 91.776123046875 99.0 97.0
v 92.0 99.0 96.70050048828125
v 92.0 98.6203842163086 97.0
v 91.28787994384766 99.0 98.0
v 91.49127197265625 99.0 105.0
v 92.0 99.0 105.95556640625
v 92.0 99.0 111.35823059082031
v 92.0 99.0 116.84343719482422
v 91.49592590332031 100.0 97.0
v 92.0 100.0 96.23165130615234
v 92.0 100.0 105.98326110839844
v 91.19749450683594 100.0 107.0
v 92.0 100.0 106.04241180419922
v 92.0 99.48460388183594 107.0
v 92.0 100.0 107.84285736083984
v 92.0 100.0 110.88314819335938
v 92.0 99.81774139404297 111.0
v 92.0 99.14382934570312 117.0
v 92.0 99.6026840209961 118.0
v 92.0 100.0 118.66471862792969
v 91.63470458984375 101.0 95.0
v 92.0 101.0 94.49413299560547
v 92.0 100.59181213378906 95.0
v 92.0 100.22425842285156 96.0
v 91.45345306396484 101.0 96.0
v 91.16062927246094 101.0 97.0
v 92.0 100.03990173339844 106.0
v 91.20518493652344 101.0 106.0
v 92.0 100.09756469726562 108.0
v 92.0 101.0 108.54405975341797
v 91.60382843017578 101.0 110.0
v 92.0 101.0 109.67686462402344
v 92.0 100.78365325927734 110.0
v 92.0 100.25066375732422 119.0
v 91.08596801757812 101.0 119.0
v 92.0 100.65873718261719 120.0
v 91.30487823486328 101.0 120.0
v 92.0 101.0 120.27753448486328
v 91.02143859863281 102.0 94.0
v 92.0 102.0 93.61103820800781
v 92.0 101.41609191894531 94.0
v 92.0 101.79049682617188 109.0
v 91.18852233886719 102.0 109.0
v 92.0 102.0 120.48670196533203
v 92.0 103.0 93.24893951416016
v 92.0 103.0 120.51197814941406
v 91.64893341064453 104.0 93.0
v 92.0 104.0 92.67180633544922
v 92.0 103.47039031982422 93.0
v 92.0 104.0 120.56938171386719
v 91.48802947998047 105.0 93.0
v 92.0 105.0 92.49279022216797
v 92.0 105.0 120.84632873535156
v 91.8551025390625 105.0 122.0
v 92.0 105.0 121.48084259033203
v 92.0 104.81563568115234 122.0
v 92.0 104.78258514404297 123.0
v 91.83067321777344 105.0 123.0
v 92.0 105.0 123.27313232421875
v 91.30191040039062 106.0 93.0
v 92.0 106.0 92.40414428710938
v 92.0 105.18978881835938 121.0
v 91.4244155883789 106.0 121.0
v 91.51385498046875 106.0 122.0
v 91.5799789428711 106.0 123.0
v 92.0 106.0 123.93130493164062
v 92.0 107.0 92.15157318115234
v 91.36373138427734 107.0 122.0
v 91.62743377685547 107.0 123.0
v 92.0 107.0 123.63619232177734
v 91.6286392211914 108.0 92.0
v 92.0 108.0 91.57952880859375
v 92.0 107.29902648925781 92.0
v 91.27893829345703 108.0 122.0
v 91.65896606445312 108.0 123.0
v 92.0 108.0 123.50569915771484
v 91.49503326416016 109.0 92.0
v 92.0 109.0 91.43737030029297
v 91.14054107666016 109.0 122.0
v 91.6385498046875 109.0 123.0
v 92.0 109.0 123.48941040039062
v 91.31239318847656 110.0 92.0
v 92.0 110.0 91.24578857421875
v 91.71446228027344 110.0 123.0
v 92.0 110.0 123.27799224853516
v 91.69327545166016 111.0 91.0
v 92.0 111.0 90.69161987304688
v 92.0 110.42410278320312 91.0
v 92.0 110.63967895507812 123.0
v 92.0 111.0 122.86808776855469
v 91.68949127197266 112.0 91.0
v 92.0 112.0 90.7379150390625
v 92.0 111.24238586425781 123.0
v 92.0 112.0 123.364013671875
v 92.0 112.5743179321289 91.0
v 92.0 113.0 91.20207977294922
v 92.0 113.0 123.61585235595703
v 91.61872863769531 114.0 92.0
v 92.0 114.0 91.59858703613281
v 92.0 114.0 123.57890319824219
v 92.0 114.98785400390625 92.0
v 92.0 115.0 92.00533294677734
v 92.0 115.0 123.33631134033203
v 91.4206314086914 116.0 93.0
v 92.0 116.0 92.00119018554688
v 92.0 116.0 123.44012451171875
v 92.0 116.71659088134766 93.0
v 91.61083221435547 117.0 94.0
v 92.0 117.0 93.35890197753906
v 91.17064666748047 117.0 95.0
v 92.0 117.0 123.52352905273438
v 92.0 117.55374908447266 94.0
v 91.6142578125 118.0 95.0
v 92.0 118.0 94.44754028320312
v 92.0 118.0 123.59485626220703
v 92.0 118.61775207519531 95.0
v 91.5 119.0 96.0
v 92.0 119.0 95.30122375488281
v 91.14085388183594 119.0 97.0
v 92.0 119.0 123.53865814208984
v 91.80512237548828 120.0 96.0
v 92.0 120.0 95.74490356445312
v 91.40557861328125 120.0 97.0
v 92.0 120.0 123.53909301757812
v 92.0 120.31869506835938 96.0
v 91.78016662597656 121.0 97.0
v 92.0 121.0 96.66230773925781
v 91.3365249633789 121.0 98.0
v 92.0 121.0 123.74017333984375
v 92.0 121.2660903930664 97.0
v 92.0 121.7312240600586 98.0
v 92.0 122.0 98.27288818359375
v 92.0 121.5809326171875 124.0
v 91.73209381103516 122.0 124.0
v 92.0 122.0 124.19429016113281
v 92.0 122.75172424316406 99.0
v 92.0 123.0 99.18807983398438
v 91.77122497558594 123.0 124.0
v 92.0 123.0 124.17776489257812
v 92.0 124.0 99.46708679199219
v 91.3500747680664 124.0 123.0
v 92.0 124.0 123.60592651367188
v 92.0 123.33097839355469 124.0
v 92.0 125.0 99.56481170654297
v 91.86943054199219 125.0 123.0
v 92.0 125.0 123.10652923583984
v 92.0 126.0 99.7280502319336
v 91.8096694946289 126.0 101.0
v 91.77452087402344 126.0 119.0
v 91.63593292236328 126.0 120.0
v 92.0 126.0 120.80470275878906
v 92.0 125.91722869873047 121.0
v 92.0 125.62847900390625 122.0
v 92.0 125.11063385009766 123.0
v 92.0 126.70850372314453 100.0
v 92.0 126.09687805175781 101.0
v 92.0 127.0 101.48817443847656
v 91.5974349975586 127.0 116.0
v 91.59938049316406 127.0 117.0
v 91.73339080810547 127.0 118.0
v 92.0 127.0 118.44034576416016
v 92.0 126.36482238769531 119.0
v 92.0 126.66376495361328 120.0
v 92.0 127.49956512451172 102.0
v 92.0 128.0 102.35770416259766
v 92.0 127.23747253417969 116.0
v 92.0 128.0 115.61031341552734
v 92.0 127.34622955322266 117.0
v 92.0 127.28350830078125 118.0
v 92.0 129.0 102.57958221435547
v 92.0 129.0 115.50444030761719
v 92.0 130.0 102.53795623779297
v 92.0 130.0 115.30924224853516
v 92.0 131.0 102.67937469482422
v 91.17969512939453 131.0 113.0
v 91.7094497680664 131.0 114.0
v 92.0 131.0 114.2438735961914
v 92.0 130.38526916503906 115.0
v 92.0 131.43801879882812 103.0
v 92.0 132.0 103.47997283935547
v 91.18983459472656 132.0 112.0
v 92.0 132.0 112.74047088623047
v 92.0 131.73146057128906 113.0
v 92.0 131.19058227539062 114.0
v 92.0 132.57078552246094 104.0
v 91.53234100341797 133.0 105.0
v 92.0 133.0 104.58750915527344
v 91.53233337402344 133.0 112.0
v 92.0 133.0 112.48397827148438
v 92.0 133.24952697753906 105.0
v 92.0 133.4697723388672 106.0
v 92.0 133.66635131835938 107.0
v 91.10822296142578 134.0 108.0
v 92.0 134.0 107.55364227294922
v 91.51406860351562 134.0 109.0
v 92.0 134.0 109.85334014892578
v 92.0 133.94940185546875 110.0
v 91.73289489746094 134.0 111.0
v 92.0 134.0 110.18106079101562
v 91.8697509765625 134.0 112.0
v 92.0 134.0 112.16288757324219
v 92.0 134.2784423828125 108.0
v 92.0 134.25498962402344 109.0
v 92.0 134.2184295654297 111.0
v 92.0 134.15037536621094 112.0
v 92.71131896972656 92.0 104.0
v 93.0 92.0 103.49128723144531
v 93.0 91.42742156982422 104.0
v 93.0 91.94219207763672 105.0
v 92.95513153076172 92.0 105.0
v 93.0 92.0 105.04383850097656
v 92.7119369506836 93.0 103.0
v 93.0 93.0 102.48066711425781
v 93.0 92.50349426269531 103.0
v 92.41710662841797 93.0 104.0
v 92.6207504272461 93.0 105.0
v 93.0 93.0 105.31074523925781
v 92.57405853271484 94.0 102.0
v 93.0 94.0 101.28970336914062
v 93.0 93.42030334472656 102.0
v 92.22537231445312 94.0 103.0
v 93.0 94.0 105.48646545410156
v 92.72112274169922 95.0 99.0
v 93.0 95.0 98.57492065429688
v 93.0 94.70325469970703 99.0
v 93.0 94.47813415527344 100.0
v 92.50145721435547 95.0 100.0
v 93.0 94.17362976074219 101.0
v 93.0 95.0 105.77812957763672
v 92.56462097167969 96.0 98.0
v 93.0 96.0 97.59748840332031
v 93.0 95.496826171875 98.0
v 93.0 95.42389678955078 106.0
v 92.64606475830078 96.0 106.0
v 93.0 96.0 106.39075469970703
v 92.96588134765625 96.0 114.0
v 93.0 96.0 113.9567642211914
v 93.0 95.97017669677734 114.0
v 93.0 96.0 114.06170654296875
v 93.0 97.0 97.22209167480469
v 92.5814208984375 97.0 106.0
v 93.0 97.0 106.41326904296875
v 93.0 97.0 112.36637115478516
v 93.0 96.49690246582031 113.0
v 93.0 96.44965362548828 115.0
v 92.43978118896484 97.0 115.0
v 93.0 97.0 115.6070556640625
v 92.46192932128906 98.0 97.0
v 93.0 98.0 96.39665222167969
v 93.0 97.33771514892578 97.0
v 92.5297622680664 98.0 106.0
v 93.0 98.0 106.59207916259766
v 93.0 98.0 111.387451171875
v 93.0 97.34220123291016 112.0
v 93.0 97.33202362060547 116.0
v 93.0 98.0 116.67112731933594
v 92.8067626953125 99.0 95.0
v 93.0 99.0 94.69478607177734
v 93.0 98.75374603271484 95.0
v 93.0 98.34856414794922 96.0
v 92.5 99.0 96.0
v 92.03868865966797 99.0 106.0
v 93.0 98.67420959472656 107.0
v 92.64346313476562 99.0 107.0
v 93.0 98.01873779296875 108.0
v 92.02849578857422 99.0 108.0
v 93.0 99.0 108.4334716796875
v 92.63609313964844 99.0 111.0
v 93.0 99.0 110.76009368896484
v 93.0 98.61570739746094 111.0
v 93.0 98.3700180053711 117.0
v 92.22825622558594 99.0 117.0
v 93.0 99.0 117.75439453125
v 92.8509292602539 100.0 94.0
v 93.0 100.0 93.85945129394531
v 93.0 99.76790618896484 94.0
v 92.40567779541016 100.0 95.0
v 92.15755462646484 100.0 96.0
v 92.02696228027344 100.0 106.0
v 92.08692932128906 100.0 108.0
v 93.0 100.0 108.61658477783203
v 93.0 100.0 110.37725067138672
v 93.0 99.16292572021484 118.0
v 93.0 99.45040893554688 119.0
v 92.29378509521484 100.0 119.0
v 93.0 99.82603454589844 120.0
v 92.80963134765625 100.0 120.0
v 93.0 100.0 120.13999938964844
v 92.41183471679688 101.0 94.0
v 93.0 101.0 93.6045150756836
v 93.0 100.9818344116211 109.0
v 92.98464965820312 101.0 109.0
v 93.0 100.40909576416016 110.0
v 93.0 101.0 120.4869613647461
v 93.0 102.0 93.26248931884766
v 93.0 102.0 120.60264587402344
v 92.3833236694336 103.0 93.0
v 93.0 103.0 92.44652557373047
v 93.0 102.38933563232422 93.0
v 93.0 103.0 120.60020446777344
v 92.67181396484375 104.0 92.0
v 93.0 104.0 91.63810729980469
v 93.0 103.53548431396484 92.0
v 93.0 104.0 120.69802856445312
v 92.83318328857422 104.0 122.0
v 93.0 104.0 121.70869445800781
v 93.0 103.84134674072266 122.0
v 93.0 103.80094909667969 123.0
v 92.76287841796875 104.0 123.0
v 93.0 104.0 123.29644012451172
v 92.46403503417969 105.0 92.0
v 93.0 105.0 91.30851745605469
v 93.0 104.76825714111328 121.0
v 92.58760833740234 105.0 121.0
v 93.0 104.65906524658203 124.0
v 92.65955352783203 105.0 124.0
v 93.0 105.0 124.2298583984375
v 92.74116516113281 106.0 91.0
v 93.0 106.0 90.56657409667969
v 93.0 105.46260070800781 91.0
v 92.34513092041016 106.0 92.0
v 92.05947875976562 106.0 124.0
v 93.0 106.0 124.59231567382812
v 92.81434631347656 107.0 90.0
v 93.0 107.0 89.7616958618164
v 93.0 106.65674591064453 90.0
v 92.50294494628906 107.0 91.0
v 92.14128112792969 107.0 92.0
v 92.25550842285156 107.0 124.0
v 93.0 106.7378158569336 125.0
v 92.83781433105469 107.0 125.0
v 93.0 107.0 125.18701934814453
v 92.6731185913086 108.0 90.0
v 93.0 108.0 89.57068634033203
v 92.37487030029297 108.0 91.0
v 92.3360366821289 108.0 124.0
v 92.73107147216797 108.0 125.0
v 93.0 108.0 125.28006744384766
v 92.66478729248047 109.0 90.0
v 93.0 109.0 89.5608901977539
v 92.33023834228516 109.0 91.0
v 92.3759536743164 109.0 124.0
v 92.88106536865234 109.0 125.0
v 93.0 109.0 125.11775970458984
v 92.63945007324219 110.0 90.0
v 93.0 110.0 89.54182434082031
v 92.19412231445312 110.0 91.0
v 92.66935729980469 110.0 124.0
v 93.0 110.0 124.43135070800781
v 93.0 109.22313690185547 125.0
v 92.66425323486328 111.0 90.0
v 93.0 111.0 89.6163330078125
v 92.44608306884766 111.0 123.0
v 93.0 111.0 123.2765884399414
v 93.0 110.41221618652344 124.0
v 93.0 111.98675537109375 90.0
v 93.0 112.0 90.00495147705078
v 93.0 112.0 123.45942687988281
v 92.99591827392578 113.0 90.0
v 93.0 113.0 89.99592590332031
v 93.0 112.54866027832031 90.0
v 92.20841979980469 113.0 91.0
v 93.0 112.777587890625 124.0
v 92.7676773071289 113.0 124.0
v 93.0 113.0 124.13858795166016
v 93.0 113.01017761230469 90.0
v 92.48546600341797 114.0 91.0
v 93.0 114.0 90.38494873046875
v 92.566650390625 114.0 124.0
v 93.0 114.0 124.30322265625
v 92.6063003540039 115.0 91.0
v 93.0 115.0 90.53607940673828
v 92.00460052490234 115.0 92.0
v 92.85596466064453 115.0 124.0
v 93.0 115.0 124.10604858398438
v 92.72639465332031 116.0 91.0
v 93.0 116.0 90.70714569091797
v 92.000732421875 116.0 92.0
v 93.0 115.18540954589844 124.0
v 93.0 116.0 123.61083984375
v 93.0 116.42162322998047 91.0
v 92.52189636230469 117.0 92.0
v 93.0 117.0 91.41429901123047
v 92.19994354248047 117.0 93.0
v 93.0 117.0 123.63381958007812
v 92.97394561767578 118.0 92.0
v 93.0 118.0 91.97184753417969
v 92.60893249511719 118.0 93.0
v 92.28206634521484 118.0 94.0
v 93.0 117.75630187988281 124.0
v 92.76998901367188 118.0 124.0
v 93.0 118.0 124.13995361328125
v 93.0 118.0289535522461 92.0
v 93.0 118.59082794189453 93.0
v 92.70852661132812 119.0 94.0
v 93.0 119.0 93.5000991821289
v 92.22737121582031 119.0 95.0
v 92.70531463623047 119.0 124.0
v 93.0 119.0 124.20051574707031
v 93.0 119.50231170654297 94.0
v 92.6168441772461 120.0 95.0
v 93.0 120.0 94.45476531982422
v 93.0 119.8016128540039 124.0
v 93.0 120.0 123.94498443603516
v 93.0 120.56341552734375 95.0
v 92.50502014160156 121.0 96.0
v 93.0 121.0 95.4014892578125
v 93.0 120.15432739257812 124.0
v 92.49620056152344 121.0 124.0
v 93.0 121.0 124.25985717773438
v 93.0 121.59525299072266 96.0
v 92.66584777832031 122.0 97.0
v 93.0 122.0 96.48567962646484
v 92.26689147949219 122.0 98.0
v 93.0 122.0 124.4565200805664
v 93.0 122.35688781738281 97.0
v 93.0 122.69003295898438 98.0
v 92.30845642089844 123.0 99.0
v 93.0 123.0 98.384765625
v 93.0 123.0 124.45452880859375
v 93.0 123.69556427001953 99.0
v 93.0 124.0 99.18448638916016
v 92.63953399658203 124.0 124.0
v 93.0 124.0 124.19829559326172
v 93.0 125.0 99.39214324951172
v 93.0 124.27297973632812 124.0
v 93.0 125.0 123.4393539428711
v 93.0 126.0 99.61792755126953
v 92.0821304321289 126.0 121.0
v 92.45770263671875 126.0 122.0
v 93.0 126.0 122.49172973632812
v 93.0 125.47868347167969 123.0
v 93.0 126.95243835449219 100.0
v 93.0 126.66007995605469 101.0
v 93.0 127.0 101.25236511230469
v 92.31678771972656 127.0 119.0
v 92.20978546142578 127.0 120.0
v 92.58655548095703 127.0 121.0
v 92.96009826660156 127.0 122.0
v 93.0 127.0 122.0401382446289
v 93.0 127.57124328613281 102.0
v 93.0 128.0 102.3171157836914
v 93.0 127.87347412109375 116.0
v 93.0 128.0 115.88400268554688
v 92.74834442138672 128.0 117.0
v 93.0 128.0 116.34416961669922
v 92.62334442138672 128.0 118.0
v 93.0 128.0 118.59391784667969
v 93.0 127.72415924072266 119.0
v 93.0 127.54925537109375 120.0
v 93.0 127.37976837158203 121.0
v 93.0 127.04759979248047 122.0
v 93.0 129.0 102.49674224853516
v 93.0 129.0 115.50663757324219
v 93.0 128.21934509277344 117.0
v 93.0 128.45338439941406 118.0
v 93.0 130.0 102.5079574584961
v 93.0 130.0 115.2042007446289
v 93.0 131.0 102.67036437988281
v 93.0 130.27915954589844 115.0
v 93.0 131.0 114.44239044189453
v 93.0 131.48255920410156 103.0
v 93.0 132.0 103.36965942382812
v 92.28230285644531 132.0 113.0
v 93.0 132.0 113.54357147216797
v 93.0 131.4879150390625 114.0
v 92.77288055419922 133.0 104.0
v 93.0 133.0 103.8797836303711
v 92.56036376953125 133.0 113.0
v 93.0 133.0 113.33136749267578
v 93.0 133.11915588378906 104.0
v 93.0 133.49244689941406 105.0
v 93.0 133.6342010498047 106.0
v 93.0 133.8451690673828 107.0
v 93.0 134.0 107.25251770019531
v 92.07237243652344 134.0 110.0
v 92.77168273925781 134.0 113.0
v 93.0 134.0 113.1783676147461
v 93.0 134.4037628173828 108.0
v 93.0 134.59036254882812 109.0
v 93.0 134.58021545410156 110.0
v 93.0 134.75143432617188 111.0
v 92.96812438964844 135.0 112.0
v 93.0 135.0 111.91853332519531
v 93.0 135.0 112.04647064208984
v 93.0 134.28489685058594 113.0
v 93.0 135.0244598388672 112.0
v 93.49755859375 91.0 104.0
v 94.0 91.0 103.49400329589844
v 94.0 90.74114990234375 104.0
v 94.0 91.0 104.4732437133789
v 93.92279052734375 92.0 101.0
v 94.0 92.0 100.89398956298828
v 94.0 91.91604614257812 101.0
v 94.0 91.58898162841797 102.0
v 93.6500015258789 92.0 102.0
v 94.0 91.27950286865234 103.0
v 93.33734130859375 92.0 103.0
v 94.0 91.37449645996094 105.0
v 94.0 92.0 105.38935089111328
v 93.59495544433594 93.0 101.0
v 94.0 93.0 100.28722381591797
v 93.2596206665039 93.0 102.0
v 94.0 93.0 105.49259185791016
v 93.68653869628906 94.0 99.0
v 94.0 94.0 98.55418395996094
v 94.0 93.67662811279297 99.0
v 94.0 93.25420379638672 100.0
v 93.4474105834961 94.0 100.0
v 93.16712188720703 94.0 101.0
v 94.0 94.0 105.54957580566406
v 93.89310455322266 95.0 97.0
v 94.0 95.0 96.86807250976562
v 94.0 94.89009094238281 97.0
v 94.0 94.38385772705078 98.0
v 93.3851547241211 95.0 98.0
v 94.0 95.0 105.95975494384766
v 93.53104400634766 96.0 97.0
v 94.0 96.0 96.46983337402344
v 94.0 95.04576873779297 106.0
v 94.0 95.2874984741211 107.0
v 93.71710205078125 96.0 107.0
v 94.0 96.0 107.22418212890625
v 94.0 96.0 113.2163314819336
v 94.0 95.08575439453125 114.0
v 94.0 95.35211181640625 115.0
v 93.38671875 96.0 115.0
v 94.0 95.85943603515625 116.0
v 93.88351440429688 96.0 116.0
v 94.0 96.0 116.12178039550781
v 93.25936126708984 97.0 97.0
v 94.0 97.0 96.17919921875
v 94.0 96.60173797607422 107.0
v 94.0 97.0 106.8639907836914
v 93.52000427246094 97.0 112.0
v 94.0 97.0 111.62139892578125
v 94.0 96.72929382324219 112.0
v 94.0 96.18050384521484 113.0
v 93.33103942871094 97.0 116.0
v 94.0 97.0 116.71929168701172
v 93.68265533447266 98.0 95.0
v 94.0 98.0 94.59114074707031
v 94.0 97.64889526367188 95.0
v 94.0 97.18189239501953 96.0
v 93.31495666503906 98.0 96.0
v 94.0 97.7820816040039 107.0
v 93.8974609375 98.0 107.0
v 94.0 97.37240600585938 108.0
v 93.02293395996094 98.0 108.0
v 94.0 98.0 108.3869400024414
v 93.58704376220703 98.0 111.0
v 94.0 98.0 110.73255157470703
v 94.0 97.63915252685547 111.0
v 94.0 97.27345275878906 117.0
v 93.31995391845703 98.0 117.0
v 94.0 97.72724151611328 118.0
v 93.7697982788086 98.0 118.0
v 94.0 98.0 118.42469787597656
v 93.57874298095703 99.0 94.0
v 94.0 99.0 93.64734649658203
v 94.0 98.55389404296875 94.0
v 94.0 98.696044921875 109.0
v 93.698974609375 99.0 109.0
v 94.0 99.0 109.40357971191406
v 94.0 99.0 110.31805419921875
v 93.16471099853516 99.0 118.0
v 94.0 98.36360931396484 119.0
v 93.45217895507812 99.0 119.0
v 94.0 98.82942199707031 120.0
v 93.83021545410156 99.0 120.0
v 94.0 99.0 120.13597869873047
v 94.0 100.0 93.35682678222656
v 93.36824798583984 100.0 109.0
v 94.0 99.62300109863281 110.0
v 93.65263366699219 100.0 110.0
v 94.0 100.0 120.48352813720703
v 94.0 101.0 93.14007568359375
v 94.0 101.0 120.73513793945312
v 93.37599182128906 102.0 93.0
v 94.0 102.0 92.38143920898438
v 94.0 101.23255920410156 93.0
v 94.0 101.8016586303711 121.0
v 93.8704605102539 102.0 121.0
v 94.0 102.0 121.09717559814453
v 93.89032745361328 103.0 91.0
v 94.0 103.0 90.86732482910156
v 94.0 102.88400268554688 91.0
v 94.0 102.33123779296875 92.0
v 93.37981414794922 103.0 92.0
v 94.0 102.35924530029297 121.0
v 94.0 103.0 120.85729217529297
v 93.50469970703125 104.0 91.0
v 94.0 104.0 90.39149475097656
v 94.0 104.0 120.80008697509766
v 94.0 104.0 121.2505111694336
v 94.0 103.05229187011719 122.0
v 94.0 103.30873107910156 123.0
v 94.0 104.0 123.9468002319336
v 93.8199691772461 105.0 90.0
v 94.0 105.0 89.81907653808594
v 94.0 104.66259002685547 90.0
v 93.23992156982422 105.0 91.0
v 94.0 104.58958435058594 121.0
v 94.0 104.08887481689453 124.0
v 94.0 105.0 124.34305572509766
v 93.39751434326172 106.0 90.0
v 94.0 106.0 89.3806381225586
v 94.0 106.0 124.77715301513672
v 93.7082748413086 107.0 89.0
v 94.0 107.0 88.72704315185547
v 94.0 106.57513427734375 89.0
v 94.0 106.26091766357422 125.0
v 94.0 107.0 125.75209045410156
v 93.55638122558594 108.0 89.0
v 94.0 108.0 88.64103698730469
v 94.0 108.0 125.5727310180664
v 93.54644775390625 109.0 89.0
v 94.0 109.0 88.63139343261719
v 94.0 109.0 125.46321105957031
v 93.48674774169922 110.0 89.0
v 94.0 110.0 88.47348022460938
v 93.4917984008789 110.0 125.0
v 94.0 110.0 125.34624481201172
v 93.46881866455078 111.0 89.0
v 94.0 111.0 88.27909851074219
v 93.47156524658203 111.0 124.0
v 93.97835540771484 111.0 125.0
v 94.0 111.0 125.0197982788086
v 93.70027923583984 112.0 89.0
v 94.0 112.0 88.60723876953125
v 93.00493621826172 112.0 90.0
v 94.0 111.84632873535156 124.0
v 94.0 112.0 123.83234405517578
v 94.0 111.02479553222656 125.0
v 94.0 112.55235290527344 89.0
v 94.0 113.0 89.25682067871094
v 94.0 112.18047332763672 124.0
v 94.0 113.0 124.3432388305664
v 93.40203857421875 114.0 90.0
v 94.0 114.0 89.5489273071289
v 94.0 114.0 124.4815673828125
v 93.51546478271484 115.0 90.0
v 94.0 115.0 89.54551696777344
v 94.0 115.0 124.36146545410156
v 93.69278717041016 116.0 90.0
v 94.0 116.0 89.69468688964844
v 94.0 115.66962432861328 124.0
v 94.0 116.0 123.79772186279297
v 94.0 116.40406799316406 90.0
v 93.45580291748047 117.0 91.0
v 94.0 117.0 90.49089050292969
v 94.0 117.0 123.67646026611328
v 94.0 117.55240631103516 91.0
v 94.0 118.0 91.37557983398438
v 94.0 117.64173889160156 124.0
v 94.0 118.0 124.19876861572266
v 94.0 118.71867370605469 92.0
v 93.33665466308594 119.0 93.0
v 94.0 119.0 92.26687622070312
v 94.0 119.0 124.42292022705078
v 93.76011657714844 120.0 93.0
v 94.0 120.0 92.69248962402344
v 93.28929138183594 120.0 94.0
v 93.09437561035156 120.0 124.0
v 94.0 120.0 124.404541015625
v 94.0 120.39710235595703 93.0
v 93.72675323486328 121.0 94.0
v 94.0 121.0 93.56623077392578
v 93.27368927001953 121.0 95.0
v 94.0 121.0 124.46500396728516
v 94.0 121.39998626708984 94.0
v 93.72914123535156 122.0 95.0
v 94.0 122.0 94.60315704345703
v 93.27812957763672 122.0 96.0
v 94.0 122.0 124.49710083007812
v 94.0 122.3833999633789 95.0
v 93.83222961425781 123.0 96.0
v 94.0 123.0 95.73951721191406
v 93.55044555664062 123.0 97.0
v 93.30673217773438 123.0 98.0
v 94.0 123.0 124.49186706542969
v 94.0 123.16891479492188 96.0
v 94.0 123.46095275878906 97.0
v 94.0 123.79525756835938 98.0
v 93.23727416992188 124.0 99.0
v 94.0 124.0 98.20549774169922
v 94.0 124.0 124.32188415527344
v 93.58841705322266 125.0 99.0
v 94.0 125.0 98.65258026123047
v 94.0 124.42886352539062 124.0
v 94.0 125.0 123.49234771728516
v 94.0 125.53517150878906 99.0
v 94.0 126.0 99.26958465576172
v 94.0 125.55309295654297 123.0
v 94.0 126.0 122.66175842285156
v 93.08068084716797 127.0 100.0
v 94.0 127.0 99.76553344726562
v 93.29962921142578 127.0 101.0
v 94.0 127.0 122.42231750488281
v 94.0 127.21514129638672 100.0
v 94.0 127.33798217773438 101.0
v 94.0 127.60102844238281 102.0
v 94.0 128.0 102.31908416748047
v 93.46379852294922 128.0 116.0
v 93.33792877197266 128.0 119.0
v 93.67809295654297 128.0 120.0
v 94.0 128.0 120.75811767578125
v 94.0 127.92227935791016 121.0
v 94.0 127.81609344482422 122.0
v 94.0 129.0 102.49330139160156
v 94.0 128.16578674316406 116.0
v 94.0 129.0 115.44318389892578
v 94.0 128.2958984375 117.0
v 94.0 128.51036071777344 118.0
v 94.0 128.3905792236328 119.0
v 94.0 128.21493530273438 120.0
v 94.0 130.0 102.50659942626953
v 93.48895263671875 130.0 115.0
v 94.0 129.6776885986328 115.0
v 94.0 130.0 114.78756713867188
v 94.0 131.0 102.66970825195312
v 94.0 131.0 114.4063949584961
v 94.0 131.4961395263672 103.0
v 94.0 132.0 103.33939361572266
v 94.0 131.67901611328125 114.0
v 94.0 132.0 113.78887176513672
v 94.0 133.0 103.72280883789062
v 94.0 133.0 113.52994537353516
v 94.0 133.2917022705078 104.0
v 94.0 133.72903442382812 105.0
v 93.66729736328125 134.0 106.0
v 94.0 134.0 105.57563781738281
v 93.25334930419922 134.0 107.0
v 94.0 134.0 113.45689392089844
v 94.0 134.20614624023438 106.0
v 94.0 134.40245056152344 107.0
v 94.0 134.71255493164062 108.0
v 93.6877670288086 135.0 109.0
v 94.0 135.0 108.58657836914062
v 93.53864288330078 135.0 110.0
v 93.35245513916016 135.0 111.0
v 93.71537780761719 135.0 113.0
v 94.0 135.0 113.18147277832031
v 94.0 135.20327758789062 109.0
v 94.0 135.326904296875 110.0
v 94.0 135.39918518066406 111.0
v 94.0 135.54776000976562 112.0
v 94.0 135.2270050048828 113.0
v 94.69325256347656 91.0 102.0
v 95.0 91.0 101.65062713623047
v 95.0 90.72318267822266 102.0
v 95.0 90.39775085449219 103.0
v 94.29012298583984 91.0 103.0
v 95.0 90.2231216430664 104.0
v 95.0 90.59347534179688 105.0
v 94.3943862915039 91.0 105.0
v 95.0 91.0 105.69705963134766
v 94.75796508789062 92.0 100.0
v 95.0 92.0 99.70611572265625
v 95.0 91.8069076538086 100.0
v 95.0 91.40602111816406 101.0
v 95.0 92.0 105.69920349121094
v 94.67688751220703 93.0 99.0
v 95.0 93.0 98.66818237304688
v 95.0 92.62757110595703 99.0
v 94.1940689086914 93.0 100.0
v 95.0 93.0 105.54634857177734
v 94.49020385742188 94.0 98.0
v 95.0 94.0 97.47492218017578
v 95.0 93.6087417602539 98.0
v 95.0 94.0 105.581787109375
v 95.0 95.0 96.01094818115234
v 95.0 94.33140563964844 97.0
v 95.0 94.97359466552734 106.0
v 94.71292877197266 95.0 106.0
v 95.0 94.93138122558594 107.0
v 94.58283996582031 95.0 107.0
v 95.0 95.0 107.06324005126953
v 94.1023941040039 95.0 114.0
v 95.0 95.0 113.4852523803711
v 95.0 94.2860336303711 114.0
v 95.0 94.52794647216797 115.0
v 94.38121032714844 95.0 115.0
v 95.0 94.9192886352539 116.0
v 94.89360809326172 95.0 116.0
v 95.0 95.0 116.08834838867188
v 94.93599700927734 96.0 95.0
v 95.0 96.0 94.93396759033203
v 95.0 95.9249038696289 95.0
v 95.0 95.0116195678711 96.0
v 94.39839935302734 96.0 96.0
v 95.0 96.0 107.43965148925781
v 94.34454345703125 96.0 113.0
v 95.0 96.0 112.60123443603516
v 95.0 95.59613037109375 113.0
v 95.0 96.0 116.75861358642578
v 94.5118179321289 97.0 95.0
v 95.0 97.0 94.4261474609375
v 94.13723754882812 97.0 96.0
v 94.6240234375 97.0 107.0
v 95.0 96.81082916259766 108.0
v 94.60904693603516 97.0 108.0
v 95.0 97.0 108.17485809326172
v 95.0 97.0 111.03239440917969
v 95.0 96.44062042236328 112.0
v 95.0 96.273681640625 117.0
v 94.26788330078125 97.0 117.0
v 95.0 96.77710723876953 118.0
v 94.73224639892578 97.0 118.0
v 95.0 97.0 118.37509155273438
v 94.5627212524414 98.0 94.0
v 95.0 98.0 93.67096710205078
v 95.0 97.53813934326172 94.0
v 95.0 98.0 108.8727798461914
v 95.0 98.0 110.31050109863281
v 95.0 97.03196716308594 111.0
v 95.0 97.39161682128906 119.0
v 94.34931182861328 98.0 119.0
v 95.0 97.91414642333984 120.0
v 94.89474487304688 98.0 120.0
v 95.0 98.0 120.08050537109375
v 95.0 99.0 93.00151062011719
v 95.0 98.11092376708984 109.0
v 95.0 98.58316040039062 110.0
v 94.59622955322266 99.0 110.0
v 95.0 99.0 120.4509048461914
v 94.45592498779297 100.0 93.0
v 95.0 100.0 92.45453643798828
v 95.0 99.00274658203125 93.0
v 95.0 100.0 120.6269302368164
v 94.77185821533203 101.0 92.0
v 95.0 101.0 91.7286376953125
v 95.0 100.63382720947266 92.0
v 94.14972686767578 101.0 93.0
v 95.0 100.68286895751953 121.0
v 94.58328247070312 101.0 121.0
v 95.0 101.0 121.19992065429688
v 94.31455993652344 102.0 92.0
v 95.0 102.0 91.23470306396484
v 95.0 102.0 121.44534301757812
v 95.0 103.0 90.08385467529297
v 95.0 102.21858978271484 91.0
v 95.0 102.89156341552734 121.0
v 95.0 103.0 120.9432601928711
v 95.0 102.74813079833984 122.0
v 94.14984130859375 103.0 122.0
v 95.0 103.0 121.22484588623047
v 95.0 102.73548126220703 123.0
v 94.5109634399414 103.0 123.0
v 95.0 103.0 123.6020278930664
v 94.4194564819336 104.0 90.0
v 95.0 104.0 89.53445434570312
v 95.0 103.11683654785156 90.0
v 95.0 104.0 120.81050872802734
v 95.0 104.0 121.2184829711914
v 95.0 104.0 123.7352523803711
v 95.0 105.0 89.17387390136719
v 95.0 104.57154846191406 121.0
v 94.64116668701172 105.0 124.0
v 95.0 105.0 123.7974624633789
v 94.43936920166016 106.0 89.0
v 95.0 106.0 88.46131896972656
v 95.0 105.27007293701172 89.0
v 95.0 105.36302185058594 124.0
v 95.0 106.0 124.41764831542969
v 94.96295166015625 107.0 88.0
v 95.0 107.0 87.9720687866211
v 95.0 106.93521881103516 88.0
v 95.0 106.65625 125.0
v 95.0 107.0 125.2996597290039
v 95.0 107.10398864746094 88.0
v 95.0 108.0 88.2125015258789
v 95.0 108.0 125.49190521240234
v 95.0 109.0 88.21027374267578
v 95.0 109.0 125.4983139038086
v 94.79783630371094 110.0 88.0
v 95.0 110.0 87.88520812988281
v 95.0 109.65982055664062 88.0
v 95.0 110.0 125.48873138427734
v 94.7007827758789 111.0 88.0
v 95.0 111.0 87.90543365478516
v 95.0 111.0 125.34886932373047
v 94.64534759521484 112.0 88.0
v 95.0 112.0 87.76493072509766
v 94.12328338623047 112.0 124.0
v 95.0 112.0 124.68204498291016
v 95.0 111.5888900756836 125.0
v 94.9153823852539 113.0 88.0
v 95.0 113.0 87.92101287841797
v 94.28287506103516 113.0 89.0
v 95.0 113.0 124.49829864501953
v 95.0 113.1182632446289 88.0
v 94.87117004394531 114.0 89.0
v 95.0 114.0 88.86019134521484
v 95.0 114.0 124.4981689453125
v 94.69448852539062 115.0 89.0
v 95.0 115.0 88.75938415527344
v 95.0 115.0 124.46202850341797
v 94.77017974853516 116.0 89.0
v 95.0 116.0 88.8203353881836
v 94.4893798828125 116.0 124.0
v 95.0 116.0 124.20941925048828
v 95.0 116.30342102050781 89.0
v 94.50252532958984 117.0 90.0
v 95.0 117.0 89.51634979248047
v 95.0 116.37399291992188 124.0
v 95.0 117.0 123.67848205566406
v 95.0 117.54025268554688 90.0
v 94.44198608398438 118.0 91.0
v 95.0 118.0 90.4426040649414
v 94.49684143066406 118.0 124.0
v 95.0 118.0 123.79902648925781
v 95.0 118.66454315185547 91.0
v 94.26236724853516 119.0 92.0
v 95.0 119.0 91.2583236694336
v 95.0 118.32786560058594 124.0
v 95.0 119.0 124.36300659179688
v 94.54074096679688 120.0 92.0
v 95.0 120.0 91.5020980834961
v 95.0 120.0 124.48957061767578
v 94.8366928100586 121.0 92.0
v 95.0 121.0 91.7989273071289
v 94.38872528076172 121.0 93.0
v 95.0 121.0 124.49848937988281
v 95.0 121.20398712158203 92.0
v 95.0 121.67345428466797 93.0
v 94.51287841796875 122.0 94.0
v 95.0 122.0 93.41127014160156
v 95.0 122.0 124.49984741210938
v 95.0 122.49979400634766 94.0
v 94.57056427001953 123.0 95.0
v 95.0 123.0 94.54411315917969
v 95.0 123.0 124.49293518066406
v 95.0 123.37315368652344 95.0
v 95.0 123.82090759277344 96.0
v 94.57460021972656 124.0 97.0
v 95.0 124.0 96.30215454101562
v 94.16709899902344 124.0 98.0
v 95.0 124.0 124.31512451171875
v 95.0 124.51628112792969 97.0
v 94.63036346435547 125.0 98.0
v 95.0 125.0 97.51551818847656
v 95.0 124.39675903320312 124.0
v 95.0 125.0 123.37748718261719
v 95.0 125.44454956054688 98.0
v 94.42540740966797 126.0 99.0
v 95.0 126.0 98.5398178100586
v 95.0 125.43116760253906 123.0
v 95.0 126.0 122.63428497314453
v 95.0 126.41719818115234 99.0
v 95.0 127.0 99.55016326904297
v 95.0 127.0 122.48656463623047
v 95.0 127.3988037109375 100.0
v 95.0 127.40621185302734 101.0
v 95.0 127.26828002929688 102.0
v 95.0 128.0 102.40876770019531
v 94.1302261352539 128.0 121.0
v 94.35558319091797 128.0 122.0
v 95.0 128.0 122.20823669433594
v 95.0 129.0 102.49598693847656
v 95.0 128.56565856933594 116.0
v 95.0 129.0 115.4960708618164
v 95.0 128.21011352539062 117.0
v 95.0 128.4171142578125 118.0
v 95.0 128.49102783203125 119.0
v 95.0 128.4635467529297 120.0
v 95.0 128.3959197998047 121.0
v 95.0 128.2043914794922 122.0
v 95.0 130.0 102.50794219970703
v 95.0 129.47970581054688 115.0
v 95.0 130.0 114.65121459960938
v 95.0 131.0 102.67471313476562
v 95.0 131.0 114.46945190429688
v 95.0 131.49026489257812 103.0
v 95.0 132.0 103.33931732177734
v 94.50297546386719 132.0 114.0
v 95.0 132.0 114.2071762084961
v 95.0 133.0 103.69263458251953
v 95.0 132.33041381835938 114.0
v 95.0 133.0 113.63043212890625
v 95.0 133.3573760986328 104.0
v 94.86508178710938 134.0 105.0
v 95.0 134.0 104.93025970458984
v 95.0 134.0 113.50186920166016
v 95.0 134.0486297607422 105.0
v 95.0 134.4281768798828 106.0
v 95.0 134.62252807617188 107.0
v 94.58546447753906 135.0 108.0
v 95.0 135.0 107.67633819580078
v 95.0 135.0 113.44422149658203
v 95.0 135.20404052734375 108.0
v 95.0 135.45785522460938 109.0
v 95.0 135.5010223388672 110.0
v 95.0 135.62515258789062 111.0
v 94.78218841552734 136.0 112.0
v 95.0 136.0 111.76244354248047
v 94.94793701171875 136.0 113.0
v 95.0 136.0 113.0386734008789
v 95.0 136.138916015625 112.0
v 95.0 136.03770446777344 113.0
v 95.90743255615234 90.0 102.0
v 96.0 90.0 101.92355346679688
v 96.0 89.93130493164062 102.0
v 96.0 89.76310729980469 103.0
v 95.59525299072266 90.0 103.0
v 96.0 90.0 103.77642822265625
v 96.0 91.0 101.17095184326172
v 96.0 90.07677459716797 104.0
v 96.0 90.35273742675781 105.0
v 96.0 90.7708740234375 106.0
v 95.45071411132812 91.0 106.0
v 96.0 91.0 106.20988464355469
v 95.79293060302734 92.0 99.0
v 96.0 92.0 98.86067962646484
v 96.0 91.87434387207031 99.0
v 96.0 91.51276397705078 100.0
v 96.0 91.15341186523438 101.0
v 95.60729217529297 92.0 106.0
v 96.0 92.0 106.19755554199219
v 96.0 93.0 98.12680053710938
v 96.0 92.36705780029297 106.0
v 96.0 93.0 105.68374633789062
v 95.57406616210938 94.0 97.0
v 96.0 94.0 96.74147033691406
v 96.0 93.71501922607422 97.0
v 96.0 93.12281036376953 98.0
v 96.0 94.0 105.68375396728516
v 95.33328247070312 95.0 96.0
v 96.0 95.0 95.97828674316406
v 96.0 94.97943878173828 96.0
v 96.0 94.80206298828125 106.0
v 96.0 94.53511047363281 107.0
v 96.0 95.0 107.26187896728516
v 96.0 95.0 113.37661743164062
v 96.0 94.03532409667969 114.0
v 96.0 94.35454559326172 115.0
v 96.0 94.68121337890625 116.0
v 96.0 95.0 116.39328002929688
v 96.0 96.0 94.58100891113281
v 96.0 95.62268829345703 95.0
v 96.0 96.0 107.60031127929688
v 96.0 96.0 112.43521881103516
v 96.0 95.4449234008789 113.0
v 96.0 95.63142395019531 117.0
v 95.41300964355469 96.0 117.0
v 96.0 96.0 117.41193389892578
v 95.60726165771484 97.0 94.0
v 96.0 97.0 93.76419830322266
v 96.0 96.69776916503906 94.0
v 96.0 96.39336395263672 108.0
v 96.0 96.74710083007812 109.0
v 95.72095489501953 97.0 109.0
v 96.0 97.0 109.368408203125
v 96.0 97.0 111.00838470458984
v 96.0 96.37493133544922 112.0
v 96.0 96.4022445678711 118.0
v 96.0 96.7426986694336 119.0
v 95.56971740722656 97.0 119.0
v 96.0 97.0 119.41580963134766
v 96.0 98.0 93.36461639404297
v 95.09344482421875 98.0 109.0
v 96.0 97.39810943603516 110.0
v 95.34947204589844 98.0 110.0
v 96.0 97.00643920898438 111.0
v 96.0 97.4849624633789 120.0
v 96.0 98.0 120.35369873046875
v 95.0159912109375 99.0 93.0
v 96.0 99.0 92.89478302001953
v 96.0 98.8375244140625 93.0
v 96.0 99.0 120.50438690185547
v 95.56649780273438 100.0 92.0
v 96.0 100.0 91.59088134765625
v 96.0 99.69303131103516 92.0
v 96.0 100.0 120.66962432861328
v 95.6857681274414 101.0 91.0
v 96.0 101.0 90.68939208984375
v 96.0 100.60858917236328 91.0
v 96.0 100.51010131835938 121.0
v 96.0 101.0 121.3279800415039
v 95.24618530273438 102.0 91.0
v 96.0 102.0 90.41405487060547
v 96.0 102.0 121.46914672851562
v 95.4886703491211 103.0 90.0
v 96.0 103.0 89.91250610351562
v 96.0 102.86338806152344 90.0
v 96.0 102.92765045166016 121.0
v 96.0 103.0 120.95916748046875
v 95.56341552734375 103.0 122.0
v 96.0 103.0 122.25370788574219
v 96.0 102.60968780517578 123.0
v 96.0 103.0 123.97740936279297
v 95.68540954589844 104.0 89.0
v 96.0 104.0 88.66205596923828
v 96.0 103.73261260986328 89.0
v 96.0 104.0 120.81896209716797
v 96.0 104.0 121.25193786621094
v 96.0 103.21153259277344 122.0
v 96.0 104.0 123.63072967529297
v 95.85201263427734 105.0 88.0
v 96.0 105.0 87.86455535888672
v 96.0 104.7803955078125 88.0
v 95.1760482788086 105.0 89.0
v 96.0 104.5498275756836 121.0
v 96.0 105.0 123.54309844970703
v 95.47593688964844 106.0 88.0
v 96.0 106.0 87.64965057373047
v 95.59331512451172 106.0 124.0
v 96.0 106.0 123.76488494873047
v 96.0 107.0 87.54116821289062
v 96.0 106.37366485595703 124.0
v 95.4011459350586 107.0 125.0
v 96.0 107.0 124.5130844116211
v 95.30567169189453 108.0 88.0
v 96.0 108.0 87.53895568847656
v 96.0 107.56645965576172 125.0
v 96.0 108.0 125.31629943847656
v 95.31975555419922 109.0 88.0
v 96.0 109.0 87.59591674804688
v 96.0 109.0 125.4850845336914
v 96.0 110.0 87.56395721435547
v 96.0 110.0 125.49031066894531
v 96.0 111.0 87.5615463256836
v 96.0 111.0 125.45408630371094
v 96.0 112.0 87.44953155517578
v 95.58073425292969 112.0 125.0
v 96.0 112.0 125.19638061523438
v 96.0 113.0 87.52037811279297
v 96.0 112.3149642944336 125.0
v 96.0 113.0 124.62706756591797
v 95.71415710449219 114.0 88.0
v 96.0 114.0 87.79039764404297
v 96.0 114.0 124.50495147705078
v 96.0 114.41941833496094 88.0
v 96.0 115.0 88.28631591796875
v 96.0 115.0 124.49210357666016
v 96.0 116.0 88.47028350830078
v 96.0 116.0 124.32726287841797
v 95.57286834716797 117.0 89.0
v 96.0 117.0 88.67340850830078
v 96.0 116.50879669189453 124.0
v 96.0 117.0 123.68175506591797
v 96.0 117.48037719726562 89.0
v 95.37579345703125 118.0 90.0
v 96.0 118.0 89.37854766845703
v 96.0 118.0 123.645263671875
v 95.82276916503906 119.0 90.0
v 96.0 119.0 89.823486328125
v 95.21797180175781 119.0 91.0
v 96.0 118.6577377319336 124.0
v 96.0 119.0 124.2071304321289
v 96.0 119.29772186279297 90.0
v 95.47257232666016 120.0 91.0
v 96.0 120.0 90.4280776977539
v 96.0 120.0 124.45653533935547
v 95.7439956665039 121.0 91.0
v 96.0 121.0 90.78495788574219
v 96.0 121.0 124.4919662475586
v 96.0 121.32901000976562 91.0
v 95.6886978149414 122.0 92.0
v 96.0 122.0 91.61251831054688
v 95.31747436523438 122.0 93.0
v 96.0 122.0 124.49332427978516
v 96.0 122.31061553955078 92.0
v 96.0 122.66423797607422 93.0
v 95.54119873046875 123.0 94.0
v 96.0 123.0 93.47223663330078
v 96.0 123.0 124.48564910888672
v 96.0 123.37332153320312 94.0
v 95.67184448242188 124.0 95.0
v 96.0 124.0 94.67427062988281
v 95.17964172363281 124.0 96.0
v 96.0 124.0 124.28456115722656
v 96.0 124.36882781982422 95.0
v 95.84503936767578 125.0 96.0
v 96.0 125.0 95.77029418945312
v 95.41813659667969 125.0 97.0
v 96.0 124.32479095458984 124.0
v 96.0 125.0 123.07124328613281
v 96.0 125.14491271972656 96.0
v 96.0 125.48884582519531 97.0
v 95.65591430664062 126.0 98.0
v 96.0 126.0 97.70256805419922
v 96.0 125.08467864990234 123.0
v 96.0 126.0 122.57184600830078
v 96.0 126.22377014160156 98.0
v 96.0 126.81848907470703 99.0
v 96.0 127.0 99.20149993896484
v 96.0 127.0 122.48868560791016
v 96.0 127.87073516845703 100.0
v 96.0 127.58773803710938 101.0
v 96.0 127.09908294677734 102.0
v 96.0 128.0 102.41046905517578
v 96.0 128.0 122.24959564208984
v 96.0 129.0 102.48949432373047
v 95.70492553710938 129.0 116.0
v 96.0 129.0 116.33094024658203
v 96.0 128.67001342773438 117.0
v 96.0 128.505859375 118.0
v 96.0 128.4962158203125 119.0
v 96.0 128.49710083007812 120.0
v 96.0 128.4857177734375 121.0
v 96.0 128.2495880126953 122.0
v 96.0 130.0 102.53749084472656
v 96.0 129.4187774658203 115.0
v 96.0 130.0 114.64522552490234
v 96.0 129.187744140625 116.0
v 96.0 131.0 102.79298400878906
v 96.0 131.0 114.50593566894531
v 96.0 131.327392578125 103.0
v 96.0 132.0 103.37866973876953
v 96.0 132.0 114.32777404785156
v 96.0 133.0 103.72352600097656
v 96.0 132.5000762939453 114.0
v 96.0 133.0 113.67286682128906
v 96.0 133.29251098632812 104.0
v 95.1651611328125 134.0 105.0
v 96.0 133.7782440185547 105.0
v 96.0 134.0 105.34265899658203
v 96.0 134.0 113.50763702392578
v 96.0 134.37413024902344 106.0
v 96.0 134.6626434326172 107.0
v 96.0 135.0 107.50840759277344
v 96.0 135.0 113.48651123046875
v 96.0 135.32664489746094 108.0
v 96.0 135.52293395996094 109.0
v 96.0 135.5980224609375 110.0
v 96.0 135.70913696289062 111.0
v 96.0 136.0 111.47917175292969
v 96.0 136.0 113.23623657226562
v 96.0 136.31150817871094 112.0
v 96.0 136.23500061035156 113.0
v 97.0 90.0 101.66221618652344
v 97.0 89.71576690673828 102.0
v 97.0 89.57975006103516 103.0
v 97.0 89.75020599365234 104.0
v 96.21244049072266 90.0 104.0
v 97.0 89.90766143798828 105.0
v 96.81453704833984 90.0 105.0
v 97.0 90.0 105.13792419433594
v 96.52926635742188 91.0 101.0
v 97.0 91.0 100.81420135498047
v 97.0 90.82139587402344 101.0
v 97.0 90.6215591430664 106.0
v 97.0 91.0 106.30403900146484
v 97.0 92.0 98.80243682861328
v 97.0 91.86637878417969 99.0
v 97.0 91.54219818115234 100.0
v 97.0 92.0 106.37027740478516
v 96.92723083496094 93.0 97.0
v 97.0 93.0 96.9468002319336
v 97.0 92.94786834716797 97.0
v 97.0 92.51304626464844 98.0
v 96.1766128540039 93.0 98.0
v 97.0 92.79191589355469 106.0
v 97.0 93.0 105.8823471069336
v 97.0 94.0 96.41848754882812
v 97.0 94.0 105.83296203613281
v 97.0 95.0 95.61206817626953
v 97.0 94.58621215820312 96.0
v 97.0 94.3614273071289 106.0
v 97.0 94.08149719238281 107.0
v 97.0 95.0 107.48546600341797
v 97.0 95.0 113.38077545166016
v 97.0 94.15467071533203 114.0
v 97.0 94.2302017211914 115.0
v 97.0 94.53953552246094 116.0
v 97.0 95.0 116.51133728027344
v 97.0 96.0 94.37297058105469
v 97.0 95.50000762939453 95.0
v 97.0 96.0 107.99755859375
v 96.86278533935547 96.0 109.0
v 97.0 96.0 108.01667022705078
v 97.0 95.7670669555664 109.0
v 97.0 96.0 109.201904296875
v 96.99813842773438 96.0 112.0
v 97.0 96.0 111.98847961425781
v 97.0 95.9991683959961 112.0
v 97.0 95.40422821044922 113.0
v 97.0 95.44844055175781 117.0
v 97.0 96.0 117.78097534179688
v 97.0 97.0 93.39147186279297
v 97.0 96.35176086425781 94.0
v 97.0 96.00202178955078 108.0
v 97.0 96.68806457519531 110.0
v 96.67064666748047 97.0 110.0
v 97.0 96.09921264648438 111.0
v 96.00959014892578 97.0 111.0
v 97.0 96.1518783569336 118.0
v 97.0 96.36763763427734 119.0
v 97.0 96.74876403808594 120.0
v 96.64968872070312 97.0 120.0
v 97.0 97.0 120.2155532836914
v 96.64073944091797 98.0 93.0
v 97.0 98.0 92.78227233886719
v 97.0 97.61956024169922 93.0
v 97.0 98.0 120.5896224975586
v 97.0 99.0 92.40013122558594
v 97.0 99.0 120.63700866699219
v 96.62617492675781 100.0 91.0
v 97.0 100.0 90.63908386230469
v 97.0 99.75814056396484 91.0
v 97.0 99.3514175415039 92.0
v 97.0 100.0 120.71961212158203
v 96.74125671386719 101.0 90.0
v 97.0 101.0 89.7847671508789
v 97.0 100.67965698242188 90.0
v 97.0 100.4448471069336 121.0
v 97.0 101.0 121.36114501953125
v 96.46117401123047 102.0 90.0
v 97.0 102.0 89.53561401367188
v 97.0 102.0 121.62765502929688
v 97.0 103.0 89.19911193847656
v 96.09253692626953 103.0 121.0
v 97.0 103.0 121.84452819824219
v 97.0 103.0 122.11236572265625
v 97.0 102.2367935180664 123.0
v 97.0 102.84085845947266 124.0
v 96.0732650756836 103.0 124.0
v 97.0 103.0 124.11284637451172
v 96.792236328125 104.0 88.0
v 97.0 104.0 87.87271881103516
v 97.0 103.85939025878906 88.0
v 97.0 103.17862701416016 89.0
v 96.79427337646484 104.0 121.0
v 97.0 103.1140365600586 122.0
v 97.0 103.31587219238281 124.0
v 97.0 104.0 123.74903106689453
v 97.0 105.0 87.54302215576172
v 97.0 105.0 123.5338134765625
v 97.0 106.0 87.49686431884766
v 97.0 106.0 123.54153442382812
v 97.0 107.0 87.37874603271484
v 96.6274185180664 107.0 124.0
v 97.0 107.0 123.76593017578125
v 97.0 108.0 87.02427673339844
v 97.0 107.41948699951172 124.0
v 96.51506042480469 108.0 125.0
v 97.0 108.0 124.54580688476562
v 97.0 109.0 87.26907348632812
v 97.0 108.6361312866211 125.0
v 97.0 109.0 125.19292449951172
v 97.0 110.0 87.45838928222656
v 97.0 110.0 125.2750015258789
v 97.0 111.0 87.41278076171875
v 97.0 111.0 125.3054428100586
v 97.0 112.0 87.17265319824219
v 97.0 112.0 125.14326477050781
v 97.0 113.0 87.3087158203125
v 97.0 112.24285125732422 125.0
v 97.0 113.0 124.62557220458984
v 97.0 114.0 87.50265502929688
v 97.0 114.0 124.50498962402344
v 96.51045989990234 115.0 88.0
v 97.0 115.0 87.73799896240234
v 97.0 115.0 124.49480438232422
v 97.0 115.82843780517578 88.0
v 97.0 116.0 88.06257629394531
v 97.0 116.0 124.36946105957031
v 96.94990539550781 117.0 88.0
v 97.0 117.0 87.96305847167969
v 97.0 116.63585662841797 88.0
v 97.0 116.6725082397461 124.0
v 97.0 117.0 123.7952651977539
v 97.0 117.07353973388672 88.0
v 96.4521255493164 118.0 89.0
v 97.0 118.0 88.51101684570312
v 97.0 118.0 123.57707977294922
v 97.0 118.59379577636719 89.0
v 97.0 119.0 89.27700805664062
v 96.44026184082031 119.0 124.0
v 97.0 119.0 123.74580383300781
v 96.61544036865234 120.0 90.0
v 97.0 120.0 89.75927734375
v 97.0 119.5629653930664 124.0
v 97.0 120.0 124.20478820800781
v 97.0 120.34171295166016 90.0
v 97.0 121.0 90.40751647949219
v 97.0 121.0 124.32528686523438
v 96.690185546875 122.0 91.0
v 97.0 122.0 90.81049346923828
v 97.0 122.0 124.33027648925781
v 97.0 122.24117279052734 91.0
v 96.81686401367188 123.0 92.0
v 97.0 123.0 91.8177490234375
v 96.40718841552734 123.0 93.0
v 97.0 123.0 124.32276916503906
v 97.0 123.1375503540039 92.0
v 97.0 123.37474822998047 93.0
v 97.0 123.69139099121094 94.0
v 97.0 124.0 94.31388854980469
v 97.0 124.0 124.1322021484375
v 96.77701568603516 125.0 95.0
v 97.0 125.0 94.85975646972656
v 97.0 124.17760467529297 124.0
v 97.0 125.0 123.33572387695312
v 97.0 125.1475601196289 95.0
v 97.0 125.59078979492188 96.0
v 97.0 125.83832550048828 97.0
v 97.0 126.0 97.2381362915039
v 97.0 125.40054321289062 123.0
v 97.0 126.0 122.60206604003906
v 97.0 126.49876403808594 98.0
v 96.34735870361328 127.0 99.0
v 97.0 127.0 98.6232681274414
v 97.0 127.0 122.3671875
v 97.0 127.3636703491211 99.0
v 96.26544189453125 128.0 100.0
v 97.0 128.0 99.66880798339844
v 96.72718048095703 128.0 101.0
v 97.0 128.0 101.33189392089844
v 97.0 127.41853332519531 102.0
v 97.0 128.0 102.30170440673828
v 97.0 128.0 122.05439758300781
v 97.0 128.2532958984375 100.0
v 97.0 128.14573669433594 101.0
v 97.0 129.0 102.46892547607422
v 96.52933502197266 129.0 117.0
v 97.0 129.0 117.38249969482422
v 97.0 128.5999755859375 118.0
v 97.0 128.41165161132812 119.0
v 97.0 128.46267700195312 120.0
v 97.0 128.44735717773438 121.0
v 97.0 128.05552673339844 122.0
v 97.0 130.0 102.6292724609375
v 97.0 129.7813262939453 115.0
v 97.0 130.0 114.83251953125
v 97.0 129.91749572753906 116.0
v 97.0 129.32241821289062 117.0
v 97.0 130.66763305664062 103.0
v 96.49761962890625 131.0 103.0
v 97.0 131.0 103.2096939086914
v 97.0 131.0 114.56124114990234
v 97.0 132.0 103.50601959228516
v 97.0 132.0 114.37894439697266
v 97.0 133.0 103.88117218017578
v 97.0 132.6702880859375 114.0
v 97.0 133.0 113.79290771484375
v 97.0 133.1205291748047 104.0
v 97.0 133.6336212158203 105.0
v 97.0 134.0 105.51446533203125
v 97.0 134.0 113.53501892089844
v 97.0 134.33294677734375 106.0
v 97.0 134.661865234375 107.0
v 97.0 135.0 107.50141143798828
v 97.0 135.0 113.45531463623047
v 97.0 135.33523559570312 108.0
v 97.0 135.6140899658203 109.0
v 97.0 135.9316864013672 110.0
v 97.0 135.83212280273438 111.0
v 97.0 136.0 111.35334777832031
v 97.0 136.0 113.09992218017578
v 97.0 136.28250122070312 112.0
v 97.0 136.09951782226562 113.0
v 98.0 90.0 101.86677551269531
v 98.0 89.87692260742188 102.0
v 98.0 89.68209075927734 103.0
v 97.9285888671875 90.0 104.0
v 98.0 90.0 103.94570922851562
v 97.8311538696289 90.0 105.0
v 97.36663818359375 91.0 101.0
v 98.0 91.0 101.23627471923828
v 98.0 90.02275848388672 104.0
v 98.0 90.02027130126953 105.0
v 98.0 90.62554931640625 106.0
v 98.0 91.0 106.30989837646484
v 97.23138427734375 92.0 99.0
v 97.78319549560547 92.0 100.0
v 98.0 92.0 100.18486785888672
v 98.0 91.27667236328125 101.0
v 98.0 92.0 106.51593017578125
v 98.0 93.0 96.89064025878906
v 98.0 92.89200592041016 97.0
v 98.0 92.51714324951172 98.0
v 98.0 92.36851501464844 99.0
v 98.0 92.1373291015625 100.0
v 97.24600219726562 93.0 106.0
v 98.0 93.0 106.52922821044922
v 98.0 94.0 96.37051391601562
v 97.46453094482422 94.0 106.0
v 98.0 93.6707763671875 107.0
v 97.17335510253906 94.0 107.0
v 98.0 94.0 107.24469757080078
v 97.55128479003906 94.0 115.0
v 98.0 94.0 114.6619873046875
v 98.0 93.81104278564453 115.0
v 98.0 93.95025634765625 116.0
v 97.9228744506836 94.0 116.0
v 98.0 94.0 116.0533447265625
v 98.0 95.0 95.47075653076172
v 98.0 94.45880126953125 96.0
v 98.0 95.0 107.71646118164062
v 98.0 95.0 113.40696716308594
v 98.0 94.42183685302734 114.0
v 98.0 95.0 116.72225952148438
v 97.90654754638672 96.0 94.0
v 98.0 96.0 93.95462036132812
v 98.0 95.9652328491211 94.0
v 98.0 95.39991760253906 95.0
v 98.0 95.45282745361328 108.0
v 97.00607299804688 96.0 108.0
v 98.0 95.11878204345703 109.0
v 98.0 95.9750747680664 110.0
v 97.96944427490234 96.0 110.0
v 98.0 95.25349426269531 111.0
v 97.10209655761719 96.0 111.0
v 98.0 95.466064453125 112.0
v 98.0 95.33256530761719 113.0
v 98.0 95.26121520996094 117.0
v 98.0 95.49694061279297 118.0
v 97.22541809082031 96.0 118.0
v 98.0 95.60609436035156 119.0
v 97.51435089111328 96.0 119.0
v 98.0 96.0 119.79547882080078
v 97.6579818725586 97.0 93.0
v 98.0 97.0 92.8030776977539
v 98.0 96.77872467041016 93.0
v 98.0 96.1429672241211 120.0
v 98.0 97.0 120.54290008544922
v 98.0 98.0 92.39408874511719
v 98.0 97.74446105957031 121.0
v 97.73550415039062 98.0 121.0
v 98.0 98.0 121.17620849609375
v 97.99217224121094 99.0 92.0
v 98.0 99.0 91.99337768554688
v 98.0 98.99337005615234 92.0
v 97.60637664794922 99.0 121.0
v 98.0 99.0 121.29615783691406
v 97.75662994384766 100.0 90.0
v 98.0 100.0 89.84327697753906
v 98.0 99.84434509277344 90.0
v 98.0 99.39521789550781 91.0
v 97.90191650390625 100.0 121.0
v 98.0 100.0 121.03985595703125
v 98.0 101.0 89.30095672607422
v 98.0 101.0 121.44216918945312
v 97.71176147460938 102.0 89.0
v 98.0 102.0 88.79251098632812
v 98.0 101.59015655517578 89.0
v 98.0 102.0 121.7186279296875
v 97.73247528076172 102.0 123.0
v 98.0 102.0 122.81942749023438
v 98.0 101.92359161376953 123.0
v 98.0 102.0 123.10517883300781
v 97.23551940917969 103.0 89.0
v 98.0 103.0 88.5061264038086
v 98.0 102.89244079589844 122.0
v 97.67132568359375 103.0 122.0
v 98.0 102.63150024414062 124.0
v 98.0 103.0 124.26409149169922
v 98.0 104.0 87.78805541992188
v 98.0 103.71595764160156 88.0
v 97.54210662841797 104.0 124.0
v 98.0 104.0 124.1924057006836
v 98.0 105.0 87.41716003417969
v 98.0 104.3115234375 124.0
v 98.0 105.0 123.62699127197266
v 98.0 106.0 87.36986541748047
v 98.0 106.0 123.50759887695312
v 98.0 107.0 87.33231353759766
v 98.0 107.0 123.53253173828125
v 97.13420867919922 108.0 87.0
v 98.0 108.0 86.85689544677734
v 98.0 107.72817993164062 87.0
v 97.41072082519531 108.0 124.0
v 98.0 108.0 123.52066040039062
v 97.59219360351562 109.0 87.0
v 98.0 109.0 86.80587005615234
v 97.55374908447266 109.0 124.0
v 98.0 109.0 123.1569595336914
v 97.16786193847656 109.0 125.0
v 98.0 109.42398834228516 87.0
v 98.0 110.0 87.25249481201172
v 97.79055786132812 110.0 124.0
v 98.0 110.0 123.6021728515625
v 97.2930908203125 110.0 125.0
v 98.0 111.0 87.4218978881836
v 98.0 110.41081237792969 124.0
v 98.0 111.0 124.35491180419922
v 97.38522338867188 111.0 125.0
v 98.0 112.0 87.26353454589844
v 97.21334075927734 112.0 125.0
v 98.0 112.0 124.48946380615234
v 97.88506317138672 113.0 87.0
v 98.0 113.0 86.95189666748047
v 98.0 112.86460876464844 87.0
v 98.0 113.0 124.4935073852539
v 98.0 113.13641357421875 87.0
v 98.0 114.0 87.26278686523438
v 98.0 114.0 124.49334716796875
v 98.0 115.0 87.49309539794922
v 98.0 115.0 124.49566650390625
v 97.10185241699219 116.0 88.0
v 98.0 116.0 87.56159973144531
v 98.0 116.0 124.4615249633789
v 98.0 117.0 87.45359802246094
v 97.49661254882812 117.0 124.0
v 98.0 117.0 124.20716094970703
v 97.61744689941406 118.0 88.0
v 98.0 118.0 87.69982147216797
v 98.0 117.33324432373047 124.0
v 98.0 118.0 123.63404083251953
v 98.0 118.31974792480469 88.0
v 97.44141387939453 119.0 89.0
v 98.0 119.0 88.61408996582031
v 98.0 119.0 123.5419921875
v 98.0 119.4962158203125 89.0
v 98.0 120.0 89.3838119506836
v 97.32747650146484 120.0 124.0
v 98.0 120.0 123.63038635253906
v 98.0 120.7421875 90.0
v 98.0 121.0 90.19591522216797
v 97.49266815185547 121.0 124.0
v 98.0 121.0 123.66607666015625
v 98.0 122.0 90.6000747680664
v 97.49738311767578 122.0 124.0
v 98.0 122.0 123.66332244873047
v 98.0 122.59587860107422 91.0
v 98.0 123.0 91.37837219238281
v 97.4875717163086 123.0 124.0
v 98.0 123.0 123.65972137451172
v 98.0 123.48872375488281 92.0
v 98.0 123.66793823242188 93.0
v 98.0 123.94501495361328 94.0
v 98.0 124.0 94.05685424804688
v 97.2231674194336 124.0 124.0
v 98.0 124.0 123.61261749267578
v 98.0 125.0 94.59828186035156
v 98.0 125.0 123.34488677978516
v 98.0 125.52865600585938 95.0
v 97.68521881103516 126.0 96.0
v 98.0 126.0 95.64743041992188
v 97.26864624023438 126.0 97.0
v 98.0 125.44517517089844 123.0
v 98.0 126.0 122.53125762939453
v 98.0 126.20267486572266 96.0
v 98.0 126.37287139892578 97.0
v 98.0 126.63691711425781 98.0
v 98.0 127.0 98.46282958984375
v 97.7223892211914 127.0 122.0
v 98.0 126.76282501220703 122.0
v 98.0 127.0 121.82747650146484
v 98.0 127.48884582519531 99.0
v 98.0 128.0 99.57807922363281
v 98.0 127.79682159423828 102.0
v 98.0 128.0 101.73543548583984
v 98.0 128.0 102.18899536132812
v 97.9160385131836 128.0 119.0
v 98.0 127.93744659423828 119.0
v 98.0 128.0 118.92011260986328
v 98.0 128.0 119.15596771240234
v 97.08261108398438 128.0 122.0
v 98.0 128.0 121.33599090576172
v 98.0 128.31500244140625 100.0
v 98.0 128.31776428222656 101.0
v 98.0 129.0 102.46369171142578
v 98.0 128.53636169433594 118.0
v 98.0 129.0 117.50147247314453
v 98.0 128.2351531982422 120.0
v 98.0 128.2615509033203 121.0
v 98.0 130.0 102.67207336425781
v 98.0 129.84127807617188 115.0
v 98.0 130.0 114.89981842041016
v 97.19671630859375 130.0 116.0
v 98.0 130.0 115.24214172363281
v 98.0 130.0 116.37478637695312
v 98.0 129.51889038085938 117.0
v 98.0 130.48329162597656 103.0
v 98.0 131.0 103.36283874511719
v 98.0 131.0 114.67821502685547
v 98.0 130.5595245361328 116.0
v 98.0 132.0 103.74154663085938
v 98.0 132.0 114.52205657958984
v 98.0 132.4209747314453 104.0
v 97.22795867919922 133.0 104.0
v 98.0 133.0 104.43436431884766
v 97.5008544921875 133.0 114.0
v 98.0 133.0 114.21206665039062
v 98.0 133.48648071289062 105.0
v 98.0 134.0 105.70863342285156
v 98.0 133.3162841796875 114.0
v 98.0 134.0 113.59002685546875
v 98.0 134.20806884765625 106.0
v 98.0 134.6266326904297 107.0
v 98.0 135.0 107.52351379394531
v 98.0 135.0 113.24786376953125
v 98.0 135.3290557861328 108.0
v 98.0 135.61270141601562 109.0
v 98.0 135.93136596679688 110.0
v 98.0 135.8209686279297 111.0
v 98.0 136.0 111.59176635742188
v 97.18804168701172 136.0 113.0
v 98.0 135.39683532714844 113.0
v 98.0 136.0 112.23920440673828
v 98.0 136.12860107421875 112.0
v 98.20610809326172 90.0 102.0
v 98.86375427246094 90.0 103.0
v 99.0 91.0 101.63984680175781
v 99.0 90.58560180664062 102.0
v 99.0 90.06989288330078 103.0
v 99.0 90.4662857055664 104.0
v 99.0 90.58344268798828 105.0
v 99.0 90.92256164550781 106.0
v 99.0 91.0 106.07939147949219
v 99.0 92.0 100.59083557128906
v 99.0 91.65660858154297 101.0
v 99.0 92.0 106.56256103515625
v 98.20904541015625 93.0 97.0
v 99.0 93.0 97.59062194824219
v 99.0 92.7524185180664 98.0
v 99.0 92.53205871582031 99.0
v 99.0 92.36843872070312 100.0
v 99.0 93.0 106.76560974121094
v 99.0 94.0 96.47872924804688
v 99.0 93.43103790283203 97.0
v 99.0 93.38946533203125 107.0
v 99.0 94.0 107.42752075195312
v 99.0 94.0 114.56610870361328
v 99.0 93.69071197509766 115.0
v 99.0 93.75862121582031 116.0
v 99.0 94.0 116.26773834228516
v 99.0 95.0 95.49394226074219
v 99.0 94.49555969238281 96.0
v 99.0 94.74407958984375 108.0
v 98.66150665283203 95.0 108.0
v 99.0 94.85106658935547 109.0
v 98.33859252929688 95.0 109.0
v 99.0 95.0 109.30084228515625
v 98.720703125 95.0 111.0
v 99.0 95.0 110.7929916381836
v 99.0 94.91400146484375 111.0
v 99.0 95.0 111.20389556884766
v 99.0 95.0 113.24629974365234
v 99.0 94.45510864257812 114.0
v 99.0 95.0 116.92436981201172
v 98.88813018798828 95.0 118.0
v 99.0 95.0 117.48881530761719
v 99.0 94.93025207519531 118.0
v 99.0 95.0 118.27796936035156
v 98.1230697631836 96.0 94.0
v 99.0 96.0 94.29451751708984
v 99.0 95.46114349365234 95.0
v 99.0 95.4970932006836 110.0
v 99.0 95.25797271728516 112.0
v 99.0 95.17622375488281 113.0
v 99.0 95.06816864013672 117.0
v 99.0 95.25614166259766 119.0
v 99.0 96.0 119.59703826904297
v 99.0 97.0 92.5965576171875
v 99.0 96.65543365478516 93.0
v 99.0 96.21733856201172 94.0
v 99.0 96.38996887207031 120.0
v 99.0 97.0 120.53824615478516
v 98.65016174316406 98.0 92.0
v 99.0 98.0 91.72559356689453
v 99.0 97.70063781738281 92.0
v 99.0 97.46885681152344 121.0
v 99.0 98.0 121.5622787475586
v 98.67140197753906 99.0 91.0
v 99.0 99.0 90.7392807006836
v 99.0 98.74394989013672 91.0
v 99.0 98.93650817871094 122.0
v 98.96143341064453 99.0 122.0
v 99.0 99.0 122.03278350830078
v 99.0 100.0 89.69601440429688
v 99.0 99.6956558227539 90.0
v 99.0 99.0924301147461 122.0
v 99.0 100.0 121.7120132446289
v 98.62309265136719 101.0 89.0
v 99.0 101.0 88.81649017333984
v 99.0 100.76409912109375 89.0
v 99.0 101.0 121.6839599609375
v 99.0 102.0 88.54247283935547
v 99.0 102.0 121.78319549560547
v 99.0 102.0 122.4598159790039
v 99.0 101.48770141601562 123.0
v 99.0 102.0 123.34362030029297
v 99.0 103.0 88.46751403808594
v 99.0 102.64930725097656 122.0
v 99.0 102.55838012695312 124.0
v 99.0 103.0 124.3031005859375
v 98.56883239746094 104.0 88.0
v 99.0 104.0 88.15985107421875
v 99.0 104.0 124.31336212158203
v 99.0 105.0 87.13346099853516
v 99.0 104.19023895263672 88.0
v 99.0 104.48572540283203 124.0
v 99.0 105.0 123.67094421386719
v 98.84502410888672 106.0 87.0
v 99.0 106.0 86.91605377197266
v 99.0 105.56271362304688 87.0
v 99.0 106.0 123.50791931152344
v 99.0 106.17980194091797 87.0
v 99.0 107.0 87.32215118408203
v 99.0 107.0 123.49503326416016
v 98.40766906738281 108.0 87.0
v 99.0 108.0 87.20210266113281
v 99.0 108.0 123.34180450439453
v 99.0 109.0 86.68556213378906
v 99.0 108.36963653564453 87.0
v 98.28083038330078 109.0 123.0
v 99.0 108.61611938476562 123.0
v 99.0 109.0 122.70022583007812
v 98.52191162109375 110.0 87.0
v 99.0 110.0 86.76496124267578
v 98.82183837890625 110.0 122.0
v 99.0 109.90931701660156 122.0
v 99.0 110.0 121.93296813964844
v 98.64567565917969 110.0 123.0
v 99.0 110.48046875 87.0
v 99.0 111.0 87.25054168701172
v 98.88804626464844 111.0 122.0
v 99.0 111.0 121.94717407226562
v 99.0 111.0 122.39199829101562
v 99.0 110.72356414794922 123.0
v 98.35211944580078 111.0 124.0
v 99.0 111.0 123.10734558105469
v 99.0 112.0 87.28507232666016
v 99.0 111.07794952392578 122.0
v 98.62174987792969 112.0 124.0
v 99.0 112.0 123.57305908203125
v 99.0 113.0 86.7276611328125
v 99.0 112.51348876953125 87.0
v 99.0 112.64515686035156 124.0
v 99.0 113.0 124.16954803466797
v 98.52635192871094 114.0 87.0
v 99.0 114.0 86.76048278808594
v 99.0 114.0 124.31554412841797
v 99.0 114.49015808105469 87.0
v 99.0 115.0 87.24810791015625
v 99.0 115.0 124.42486572265625
v 99.0 116.0 87.36383056640625
v 99.0 116.0 124.47615814208984
v 99.0 117.0 87.02192687988281
v 99.0 117.0 124.32455444335938
v 99.0 118.0 87.0290756225586
v 99.0 117.49737548828125 124.0
v 99.0 118.0 123.67279815673828
v 99.0 118.66559600830078 88.0
v 99.0 119.0 88.31768035888672
v 99.0 119.0 123.50928497314453
v 98.64800262451172 120.0 89.0
v 99.0 120.0 88.80740356445312
v 99.0 120.0 123.50172424316406
v 99.0 120.24398803710938 89.0
v 98.39849090576172 121.0 90.0
v 99.0 121.0 89.66661071777344
v 99.0 121.0 123.45872497558594
v 99.0 121.39818572998047 90.0
v 99.0 122.0 90.40060424804688
v 99.0 122.0 123.32652282714844
v 98.6094970703125 123.0 91.0
v 99.0 123.0 90.805908203125
v 99.0 123.0 123.27139282226562
v 99.0 123.24642944335938 91.0
v 98.7981948852539 124.0 92.0
v 99.0 124.0 91.81847381591797
v 98.48312377929688 124.0 93.0
v 98.07542419433594 124.0 94.0
v 99.0 124.0 123.25984191894531
v 99.0 124.13617706298828 92.0
v 99.0 124.3672103881836 93.0
v 99.0 124.74081420898438 94.0
v 99.0 125.0 94.224853515625
v 99.0 125.0 123.05377960205078
v 98.74774169921875 126.0 95.0
v 99.0 126.0 94.85340881347656
v 99.0 125.07188415527344 123.0
v 99.0 126.0 122.25231170654297
v 99.0 126.13539123535156 95.0
v 99.0 126.45494079589844 96.0
v 99.0 126.49864959716797 97.0
v 99.0 126.63333129882812 98.0
v 99.0 127.0 98.57015228271484
v 98.9689712524414 127.0 119.0
v 99.0 126.93577575683594 119.0
v 99.0 127.0 118.97138977050781
v 99.0 127.0 119.0487289428711
v 99.0 126.2898178100586 122.0
v 99.0 127.0 121.4408950805664
v 99.0 127.37555694580078 99.0
v 99.0 128.0 99.61825561523438
v 99.0 127.80089569091797 102.0
v 99.0 128.0 101.72950744628906
v 99.0 128.0 102.28492736816406
v 99.0 128.0 118.42831420898438
v 98.39395141601562 128.0 120.0
v 99.0 127.52949523925781 120.0
v 98.6109619140625 128.0 121.0
v 99.0 127.69884490966797 121.0
v 99.0 128.30078125 100.0
v 99.0 128.33209228515625 101.0
v 99.0 129.0 102.52715301513672
v 99.0 128.4500274658203 118.0
v 99.0 129.0 117.46215057373047
v 99.0 130.0 102.79765319824219
v 98.77739715576172 130.0 115.0
v 99.0 129.50247192382812 117.0
v 99.0 130.0 116.42387390136719
v 99.0 130.2855987548828 103.0
v 99.0 131.0 103.50526428222656
v 99.0 130.10194396972656 115.0
v 99.0 131.0 114.76956176757812
v 98.6395034790039 131.0 116.0
v 99.0 131.0 115.64490509033203
v 99.0 131.0 116.13902282714844
v 99.0 131.698486328125 104.0
v 98.55518341064453 132.0 104.0
v 99.0 132.0 104.21637725830078
v 99.0 132.0 114.6600341796875
v 99.0 131.35264587402344 116.0
v 99.0 133.0 104.69108581542969
v 99.0 133.0 114.34915161132812
v 99.0 133.30616760253906 105.0
v 98.43305206298828 134.0 106.0
v 99.0 133.73452758789062 106.0
v 99.0 134.0 106.4427719116211
v 99.0 133.39308166503906 114.0
v 99.0 134.0 113.39836120605469
v 99.0 134.37881469726562 107.0
v 99.0 135.0 107.7535400390625
v 98.4230728149414 135.0 113.0
v 99.0 134.49301147460938 113.0
v 99.0 135.0 112.5621566772461
v 99.0 135.18637084960938 108.0
v 99.0 135.48696899414062 109.0
v 99.0 135.58712768554688 110.0
v 99.0 135.618896484375 111.0
v 98.37662506103516 136.0 112.0
v 99.0 135.68881225585938 112.0
v 99.4271469116211 91.0 102.0
v 99.99918365478516 91.0 103.0
v 99.63333129882812 91.0 104.0
v 99.47028350830078 91.0 105.0
v 99.09613037109375 91.0 106.0
v 99.45487976074219 92.0 101.0
v 100.0 92.0 101.58930206298828
v 100.0 91.63346862792969 102.0
v 100.0 91.00115966796875 103.0
v 100.0 91.40283203125 104.0
v 100.0 91.52143859863281 105.0
v 100.0 91.83428955078125 106.0
v 100.0 92.0 106.1610107421875
v 99.42326354980469 93.0 98.0
v 100.0 93.0 98.65682983398438
v 100.0 92.81430053710938 99.0
v 100.0 92.64210510253906 100.0
v 100.0 92.40861511230469 101.0
v 100.0 93.0 106.73090362548828
v 100.0 94.0 96.79501342773438
v 100.0 93.83292388916016 97.0
v 100.0 93.39018249511719 98.0
v 100.0 93.29460906982422 107.0
v 100.0 93.99805450439453 108.0
v 99.99906921386719 94.0 108.0
v 100.0 94.0 108.0009765625
v 100.0 94.0 114.5767593383789
v 100.0 93.73026275634766 115.0
v 100.0 93.89253997802734 116.0
v 100.0 94.0 116.12014770507812
v 100.0 95.0 95.64939880371094
v 100.0 94.675048828125 96.0
v 100.0 94.38912963867188 109.0
v 100.0 94.22054290771484 110.0
v 99.53988647460938 95.0 110.0
v 100.0 94.51732635498047 111.0
v 100.0 94.85418701171875 112.0
v 99.81710052490234 95.0 112.0
v 100.0 94.66104125976562 113.0
v 99.36720275878906 95.0 113.0
v 100.0 94.36571502685547 114.0
v 100.0 95.0 116.86681365966797
v 99.30728912353516 95.0 118.0
v 100.0 96.0 94.44634246826172
v 100.0 95.53644561767578 95.0
v 100.0 95.12110137939453 117.0
v 100.0 95.22142028808594 118.0
v 99.77134704589844 96.0 119.0
v 100.0 96.0 118.77996826171875
v 100.0 97.0 92.56761932373047
v 100.0 96.67037200927734 93.0
v 100.0 96.33098602294922 94.0
v 100.0 96.15283966064453 119.0
v 100.0 96.62178802490234 120.0
v 100.0 97.0 120.50210571289062
v 100.0 98.0 91.51167297363281
v 100.0 97.5117416381836 92.0
v 100.0 97.36888122558594 121.0
v 100.0 97.87103271484375 122.0
v 99.76312255859375 98.0 122.0
v 100.0 98.0 122.18218231201172
v 100.0 99.0 90.64088439941406
v 100.0 98.55596923828125 91.0
v 100.0 99.0 122.60845184326172
v 99.6881103515625 100.0 90.0
v 100.0 100.0 90.12784576416016
v 99.44434356689453 100.0 122.0
v 100.0 100.0 122.56396484375
v 100.0 101.0 88.72786712646484
v 100.0 100.7071762084961 89.0
v 100.0 100.12838745117188 90.0
v 100.0 100.84747314453125 122.0
v 100.0 101.0 121.92903900146484
v 100.0 101.0 122.48373413085938
v 99.77387237548828 101.0 123.0
v 100.0 100.8010025024414 123.0
v 100.0 101.0 123.10198211669922
v 100.0 102.0 88.5094223022461
v 100.0 102.0 121.87169647216797
v 100.0 102.0 122.26939392089844
v 100.0 102.0 123.38762664794922
v 100.0 103.0 88.49189758300781
v 100.0 102.2756118774414 122.0
v 100.0 102.70572662353516 124.0
v 100.0 103.0 124.18473052978516
v 100.0 104.0 88.31269836425781
v 100.0 104.0 124.3139419555664
v 100.0 105.0 87.440673828125
v 100.0 104.40972137451172 88.0
v 100.0 104.61551666259766 124.0
v 100.0 105.0 123.78744506835938
v 100.0 106.0 86.95856475830078
v 100.0 105.91201782226562 87.0
v 100.0 106.0 123.5377197265625
v 100.0 106.1400375366211 87.0
v 100.0 107.0 87.24149322509766
v 100.0 107.0 123.49345397949219
v 100.0 108.0 87.32544708251953
v 100.0 108.0 123.32447052001953
v 100.0 109.0 86.77742004394531
v 100.0 108.57394409179688 87.0
v 100.0 108.46641540527344 123.0
v 100.0 109.0 122.5433349609375
v 100.0 110.0 86.7179946899414
v 100.0 109.634033203125 122.0
v 100.0 110.0 121.72685241699219
v 100.0 110.98078918457031 87.0
v 100.0 111.0 87.00639343261719
v 100.0 111.0 121.58790588378906
v 99.07441711425781 111.0 123.0
v 100.0 112.0 87.28195190429688
v 99.62897491455078 112.0 122.0
v 100.0 112.0 121.69794464111328
v 99.40890502929688 112.0 123.0
v 100.0 113.0 86.83920288085938
v 100.0 112.64865112304688 87.0
v 99.8529281616211 113.0 122.0
v 100.0 113.0 121.7845687866211
v 99.80152893066406 113.0 123.0
v 99.20195770263672 113.0 124.0
v 100.0 114.0 86.59590911865234
v 99.94294738769531 114.0 121.0
v 100.0 113.95327758789062 121.0
v 100.0 114.0 120.9755859375
v 100.0 113.60111999511719 122.0
v 100.0 114.0 121.21197509765625
v 100.0 114.0 122.25848388671875
v 99.79048156738281 114.0 123.0
v 99.39058685302734 114.0 124.0
v 99.50039672851562 115.0 87.0
v 100.0 115.0 86.75271606445312
v 100.0 114.33318328857422 121.0
v 100.0 114.63323974609375 123.0
v 100.0 115.0 123.61405944824219
v 99.87007904052734 115.0 124.0
v 100.0 115.55432891845703 87.0
v 100.0 116.0 87.20513916015625
v 100.0 115.185546875 124.0
v 100.0 116.0 124.30757141113281
v 100.0 117.0 87.1748275756836
v 100.0 117.0 124.31849670410156
v 99.23867797851562 118.0 87.0
v 100.0 118.0 86.93312072753906
v 100.0 117.7417221069336 87.0
v 100.0 117.61204528808594 124.0
v 100.0 118.0 123.78108978271484
v 100.0 118.07935333251953 87.0
v 100.0 118.84774780273438 88.0
v 100.0 119.0 88.1382827758789
v 100.0 119.0 123.5340805053711
v 100.0 120.0 88.64017486572266
v 100.0 120.0 123.45341491699219
v 100.0 120.45729064941406 89.0
v 100.0 121.0 89.46632385253906
v 100.0 121.0 123.13934326171875
v 100.0 121.7088623046875 90.0
v 100.0 122.0 90.21192169189453
v 99.71280670166016 122.0 122.0
v 100.0 121.60494232177734 122.0
v 100.0 122.0 121.1023178100586
v 99.39769744873047 122.0 123.0
v 100.0 121.19511413574219 123.0
v 100.0 123.0 90.60102081298828
v 99.62885284423828 123.0 122.0
v 100.0 123.0 121.28559875488281
v 99.2730941772461 123.0 123.0
v 100.0 123.57980346679688 91.0
v 100.0 124.0 91.42074584960938
v 99.65138244628906 124.0 122.0
v 100.0 124.0 121.29248809814453
v 99.2607192993164 124.0 123.0
v 100.0 124.39977264404297 92.0
v 100.0 124.7398681640625 93.0
v 99.36261749267578 125.0 94.0
v 100.0 125.0 93.42476654052734
v 99.60853576660156 125.0 122.0
v 100.0 125.0 121.27342224121094
v 99.05553436279297 125.0 123.0
v 100.0 125.4167709350586 94.0
v 100.0 126.0 94.60116577148438
v 99.263916015625 126.0 122.0
v 100.0 126.0 121.1666488647461
v 100.0 126.30985260009766 95.0
v 100.0 126.49018096923828 96.0
v 100.0 126.49895477294922 97.0
v 100.0 126.57148742675781 98.0
v 100.0 127.0 98.9485855102539
v 99.65288543701172 127.0 103.0
v 100.0 126.7345199584961 103.0
v 100.0 127.0 102.82974243164062
v 100.0 127.0 103.1229476928711
v 100.0 126.19658660888672 119.0
v 100.0 127.0 118.55809020996094
v 99.74979400634766 127.0 120.0
v 100.0 126.59291076660156 120.0
v 99.50248718261719 127.0 121.0
v 100.0 126.22571563720703 121.0
v 100.0 127.03974151611328 99.0
v 100.0 128.0 99.83037567138672
v 100.0 127.76317596435547 102.0
v 100.0 128.0 101.695556640625
v 99.87644958496094 128.0 103.0
v 100.0 128.0 103.05581665039062
v 100.0 128.0 118.1675033569336
v 100.0 128.14572143554688 100.0
v 100.0 128.3185272216797 101.0
v 100.0 129.0 102.73992919921875
v 100.0 128.1754608154297 103.0
v 100.0 128.22146606445312 118.0
v 100.0 129.0 117.32378387451172
v 100.0 129.4740753173828 103.0
v 99.44918823242188 130.0 103.0
v 100.0 130.0 103.25666046142578
v 99.37443542480469 130.0 115.0
v 100.0 129.93930053710938 115.0
v 100.0 130.0 114.95170593261719
v 100.0 130.0 115.36360168457031
v 100.0 129.41062927246094 117.0
v 100.0 130.0 116.15676879882812
v 100.0 131.0 103.77730560302734
v 100.0 131.0 114.7322998046875
v 100.0 131.0 115.61563873291016
v 100.0 131.0 116.17918395996094
v 100.0 131.29566955566406 104.0
v 100.0 132.0 104.51681518554688
v 100.0 132.0 114.58103942871094
v 99.67925262451172 132.0 116.0
v 100.0 132.0 115.7552490234375
v 100.0 132.0 116.12068176269531
v 100.0 132.9861602783203 105.0
v 99.97871398925781 133.0 105.0
v 100.0 133.0 105.01790618896484
v 100.0 133.0 114.05055236816406
v 100.0 132.25811767578125 116.0
v 100.0 133.34927368164062 106.0
v 99.564453125 134.0 107.0
v 100.0 133.68832397460938 107.0
v 100.0 134.0 107.33308410644531
v 99.51298522949219 134.0 113.0
v 100.0 133.62063598632812 113.0
v 100.0 134.0 112.5459976196289
v 100.0 133.03555297851562 114.0
v 99.34210205078125 135.0 108.0
v 100.0 134.5996551513672 108.0
v 100.0 135.0 108.6388168334961
v 99.56346893310547 135.0 112.0
v 100.0 134.52745056152344 112.0
v 100.0 135.0 111.36840057373047
v 100.0 135.19952392578125 109.0
v 100.0 135.32179260253906 110.0
v 100.0 135.21299743652344 111.0
v 100.23778533935547 92.0 102.0
v 100.43106842041016 92.0 103.0
v 100.40306091308594 92.0 104.0
v 100.44580078125 92.0 105.0
v 100.1665267944336 92.0 106.0
v 100.23841857910156 93.0 99.0
v 100.44453430175781 93.0 100.0
v 100.52913665771484 93.0 101.0
v 100.6358871459961 93.0 102.0
v 100.67337036132812 93.0 103.0
v 100.79083251953125 93.0 104.0
v 101.0 93.0 104.5118408203125
v 101.0 92.72710418701172 105.0
v 101.0 92.80341339111328 106.0
v 101.0 93.0 106.37313842773438
v 100.2072525024414 94.0 97.0
v 100.66837310791016 94.0 98.0
v 101.0 94.0 98.52644348144531
v 101.0 93.70523071289062 99.0
v 101.0 93.54240417480469 100.0
v 101.0 93.50011444091797 101.0
v 101.0 93.45394897460938 102.0
v 101.0 93.4327621459961 103.0
v 101.0 93.28411865234375 104.0
v 101.0 93.2808837890625 107.0
v 101.0 93.3603286743164 108.0
v 101.0 94.0 108.86292266845703
v 100.1966323852539 94.0 110.0
v 101.0 94.0 109.18645477294922
v 101.0 93.51036834716797 110.0
v 101.0 94.0 110.63871002197266
v 100.94546508789062 94.0 115.0
v 100.20541381835938 94.0 116.0
v 100.5224838256836 95.0 96.0
v 101.0 95.0 96.47320556640625
v 101.0 94.66818237304688 97.0
v 101.0 94.3233871459961 98.0
v 101.0 94.07553100585938 109.0
v 101.0 94.20047760009766 111.0
v 101.0 94.32547760009766 112.0
v 101.0 94.57831573486328 113.0
v 101.0 94.40532684326172 114.0
v 101.0 94.01882934570312 115.0
v 101.0 94.4312973022461 116.0
v 101.0 95.0 116.57678985595703
v 101.0 96.0 94.51152038574219
v 101.0 95.6424331665039 95.0
v 101.0 95.25420379638672 96.0
v 101.0 95.40109252929688 117.0
v 100.77327728271484 96.0 118.0
v 101.0 96.0 117.78970336914062
v 101.0 97.0 92.7192153930664
v 101.0 96.79340362548828 93.0
v 101.0 96.37293243408203 94.0
v 101.0 96.15351104736328 118.0
v 101.0 96.4589614868164 119.0
v 101.0 96.66944122314453 120.0
v 101.0 97.0 120.49190521240234
v 101.0 98.0 91.51996612548828
v 101.0 97.54798126220703 92.0
v 101.0 97.34537506103516 121.0
v 101.0 97.73738861083984 122.0
v 101.0 98.0 122.35860443115234
v 101.0 99.0 90.66377258300781
v 101.0 98.561767578125 91.0
v 101.0 99.0 122.69711303710938
v 101.0 100.0 90.26444244384766
v 101.0 100.0 122.79741668701172
v 101.0 101.0 88.74224090576172
v 101.0 100.73719024658203 89.0
v 101.0 100.26664733886719 90.0
v 100.8711166381836 101.0 122.0
v 101.0 100.44022369384766 123.0
v 101.0 101.0 123.30622863769531
v 101.0 102.0 88.51060485839844
v 100.6437759399414 102.0 122.0
v 101.0 102.0 123.35908508300781
v 101.0 103.0 88.49726867675781
v 100.40010833740234 103.0 124.0
v 101.0 103.0 123.69528198242188
v 101.0 104.0 88.37071228027344
v 101.0 103.58638000488281 124.0
v 101.0 104.0 124.1931381225586
v 101.0 105.0 87.78443908691406
v 101.0 104.69051361083984 88.0
v 100.6150131225586 105.0 124.0
v 101.0 105.0 124.13971710205078
v 100.16028594970703 106.0 87.0
v 101.0 106.0 87.26085662841797
v 101.0 105.2369613647461 124.0
v 101.0 106.0 123.62187957763672
v 101.0 106.53437042236328 87.0
v 100.57360076904297 107.0 87.0
v 101.0 107.0 86.82186126708984
v 101.0 107.0 123.46575164794922
v 100.79327392578125 108.0 87.0
v 101.0 108.0 86.90791320800781
v 101.0 108.0 123.20360565185547
v 100.47418212890625 109.0 87.0
v 101.0 108.24046325683594 87.0
v 101.0 108.3237075805664 88.0
v 100.75960540771484 109.0 88.0
v 100.94087219238281 109.0 89.0
v 101.0 108.45679473876953 89.0
v 101.0 109.0 89.08750915527344
v 101.0 108.28211975097656 123.0
v 101.0 109.0 122.46197509765625
v 100.40339660644531 110.0 87.0
v 101.0 110.0 87.67062377929688
v 101.0 109.50542449951172 88.0
v 101.0 109.08123779296875 89.0
v 101.0 109.55426025390625 122.0
v 101.0 110.0 121.67414093017578
v 101.0 111.0 87.5240478515625
v 101.0 111.0 121.5102310180664
v 101.0 112.0 87.56236267089844
v 101.0 112.0 121.50883483886719
v 100.26945495605469 113.0 87.0
v 101.0 113.0 87.5466079711914
v 101.0 113.0 121.39179229736328
v 101.0 114.0 86.79307556152344
v 101.0 113.67108154296875 87.0
v 101.0 113.63883209228516 121.0
v 101.0 114.0 120.77217102050781
v 100.10603332519531 114.0 122.0
v 101.0 115.0 86.62215423583984
v 100.11105346679688 115.0 121.0
v 101.0 115.0 120.68575286865234
v 100.70499420166016 115.0 122.0
v 100.1883544921875 115.0 123.0
v 100.78309631347656 116.0 87.0
v 101.0 116.0 86.93721008300781
v 100.57825469970703 116.0 121.0
v 101.0 116.0 120.77721405029297
v 101.0 116.0 121.45008087158203
v 101.0 115.4026107788086 122.0
v 101.0 115.67843627929688 123.0
v 100.46410369873047 116.0 124.0
v 101.0 116.0 123.39067840576172
v 101.0 116.20850372314453 87.0
v 101.0 117.0 87.21723937988281
v 101.0 116.81259155273438 121.0
v 101.0 116.77488708496094 124.0
v 101.0 117.0 124.1167984008789
v 101.0 118.0 86.95122528076172
v 101.0 117.83385467529297 87.0
v 101.0 117.8218765258789 124.0
v 101.0 118.0 123.97021484375
v 101.0 118.06768035888672 87.0
v 100.48503112792969 119.0 88.0
v 101.0 119.0 87.81648254394531
v 101.0 119.0 123.57266998291016
v 101.0 119.18787384033203 88.0
v 101.0 120.0 88.58338165283203
v 101.0 120.0 123.31761932373047
v 101.0 120.51144409179688 89.0
v 101.0 121.0 89.37376403808594
v 100.69812774658203 121.0 121.0
v 101.0 120.6612777709961 121.0
v 101.0 121.0 120.57857513427734
v 100.54534149169922 121.0 122.0
v 101.0 120.6216812133789 122.0
v 100.19373321533203 121.0 123.0
v 101.0 120.38774871826172 123.0
v 100.51517486572266 122.0 90.0
v 101.0 122.0 89.7989730834961
v 100.77393341064453 122.0 120.0
v 101.0 121.65372467041016 120.0
v 101.0 122.0 119.79786682128906
v 100.0417709350586 122.0 121.0
v 101.0 122.30448150634766 90.0
v 101.0 123.0 90.41612243652344
v 100.55728912353516 123.0 120.0
v 101.0 123.0 119.55086517333984
v 100.17281341552734 123.0 121.0
v 100.70967102050781 124.0 91.0
v 101.0 124.0 90.86023712158203
v 100.21470642089844 124.0 120.0
v 101.0 124.0 119.40956115722656
v 100.16450500488281 124.0 121.0
v 101.0 124.14892578125 91.0
v 101.0 124.70753479003906 92.0
v 100.50008392333984 125.0 93.0
v 101.0 125.0 92.52202606201172
v 100.12016296386719 125.0 120.0
v 101.0 125.0 119.35346221923828
v 100.15950775146484 125.0 121.0
v 101.0 125.25767517089844 93.0
v 101.0 125.62979888916016 94.0
v 101.0 126.0 94.52257537841797
v 100.92339324951172 126.0 119.0
v 101.0 125.97822570800781 119.0
v 101.0 126.0 118.98786926269531
v 100.25651550292969 126.0 120.0
v 100.1222915649414 126.0 121.0
v 101.0 126.32538604736328 95.0
v 101.0 126.45793151855469 96.0
v 101.0 126.41145324707031 97.0
v 101.0 126.5964584350586 98.0
v 101.0 127.0 98.6585464477539
v 101.0 126.41243743896484 103.0
v 101.0 127.0 102.74601745605469
v 101.0 127.0 103.2083511352539
v 100.78044128417969 127.0 118.0
v 101.0 126.8231201171875 118.0
v 101.0 127.0 117.76998901367188
v 101.0 127.23953247070312 99.0
v 100.3173599243164 128.0 100.0
v 101.0 127.705078125 100.0
v 101.0 128.0 100.6826400756836
v 101.0 127.96186065673828 102.0
v 101.0 128.0 101.86971282958984
v 101.0 128.0 103.18412017822266
v 100.25361633300781 128.0 118.0
v 101.0 128.0 117.43708801269531
v 101.0 128.1444854736328 101.0
v 100.90168762207031 129.0 103.0
v 101.0 129.0 103.0300064086914
v 100.50899505615234 129.0 116.0
v 101.0 128.0803680419922 116.0
v 101.0 129.0 115.52536010742188
v 101.0 129.0 116.56660461425781
v 101.0 129.0 117.21614837646484
v 101.0 130.0 103.64020538330078
v 101.0 129.42822265625 115.0
v 101.0 130.0 114.5881118774414
v 100.1867446899414 130.0 116.0
v 101.0 129.60205078125 117.0
v 101.0 130.44264221191406 104.0
v 100.34471130371094 131.0 104.0
v 101.0 131.0 104.5150146484375
v 101.0 131.0 114.26793670654297
v 101.0 131.0 115.94735717773438
v 101.0 130.92669677734375 116.0
v 101.0 131.0 116.0412368774414
v 100.5890121459961 132.0 105.0
v 101.0 131.5353240966797 105.0
v 101.0 132.0 105.49020385742188
v 100.53599548339844 132.0 114.0
v 101.0 131.29869079589844 114.0
v 101.0 132.0 113.44645690917969
v 101.0 132.0 115.87224578857422
v 101.0 132.0 116.10096740722656
v 100.42143249511719 133.0 106.0
v 101.0 132.40711975097656 106.0
v 100.85492706298828 133.0 107.0
v 101.0 132.88311767578125 107.0
v 101.0 133.0 107.1236572265625
v 100.61894226074219 133.0 113.0
v 101.0 132.46826171875 113.0
v 101.0 133.0 112.5413589477539
v 100.03633117675781 133.0 114.0
v 101.0 132.21470642089844 116.0
v 101.0 134.0 107.8824462890625
v 100.63294219970703 134.0 112.0
v 101.0 133.63026428222656 112.0
v 101.0 134.0 111.58653259277344
v 101.0 134.1103057861328 108.0
v 100.27412414550781 135.0 109.0
v 101.0 134.4481658935547 109.0
v 100.42549133300781 135.0 110.0
v 101.0 134.4904022216797 110.0
v 100.26383972167969 135.0 111.0
v 101.0 134.36068725585938 111.0
v 101.21350860595703 93.0 105.0
v 101.20233154296875 93.0 106.0
v 101.27690124511719 94.0 99.0
v 101.39041137695312 94.0 100.0
v 101.46021270751953 94.0 101.0
v 101.4996109008789 94.0 102.0
v 101.50496673583984 94.0 103.0
v 101.55888366699219 94.0 104.0
v 101.81000518798828 94.0 105.0
v 102.0 94.0 105.36822509765625
v 102.0 93.68216705322266 106.0
v 102.0 93.6739501953125 107.0
v 102.0 93.99444580078125 108.0
v 102.0 94.0 108.017822265625
v 102.0 94.0 109.57437896728516
v 102.0 93.8167724609375 110.0
v 102.0 94.0 110.55325317382812
v 101.3560562133789 95.0 97.0
v 101.65779113769531 95.0 98.0
v 102.0 95.0 98.88644409179688
v 102.0 94.9439697265625 99.0
v 102.0 95.0 99.39280700683594
v 101.93504333496094 95.0 100.0
v 102.0 95.0 100.19776153564453
v 102.0 94.68728637695312 101.0
v 102.0 94.51659393310547 102.0
v 102.0 94.49605560302734 103.0
v 102.0 94.4403305053711 104.0
v 102.0 94.17784881591797 105.0
v 102.0 94.25569915771484 109.0
v 102.0 94.13875579833984 111.0
v 102.0 94.05014038085938 112.0
v 102.0 94.85575866699219 113.0
v 102.0 94.59173583984375 114.0
v 102.0 94.42111206054688 115.0
v 102.0 94.63880157470703 116.0
v 102.0 95.0 116.45313262939453
v 102.0 96.0 94.8453369140625
v 102.0 95.88800811767578 95.0
v 102.0 95.69368743896484 96.0
v 102.0 95.5821533203125 97.0
v 102.0 95.37257385253906 98.0
v 102.0 95.0913314819336 100.0
v 102.0 95.50159454345703 117.0
v 102.0 96.0 117.54849243164062
v 101.41677856445312 97.0 93.0
v 102.0 97.0 93.45973205566406
v 102.0 96.62549591064453 94.0
v 102.0 96.3664321899414 118.0
v 102.0 96.62834930419922 119.0
v 102.0 96.75119018554688 120.0
v 102.0 97.0 120.35762786865234
v 102.0 98.0 91.70053100585938
v 102.0 97.76477813720703 92.0
v 102.0 97.28837585449219 93.0
v 102.0 97.48991394042969 121.0
v 102.0 97.94469451904297 122.0
v 102.0 98.0 122.06127166748047
v 102.0 99.0 90.67963409423828
v 102.0 98.6058578491211 91.0
v 102.0 99.0 122.46185302734375
v 102.0 100.0 90.28639221191406
v 102.0 100.0 122.45048522949219
v 102.0 101.0 88.8816909790039
v 102.0 100.87945556640625 89.0
v 102.0 100.30547332763672 90.0
v 101.14968872070312 101.0 122.0
v 102.0 100.83670043945312 122.0
v 102.0 101.0 121.93717956542969
v 102.0 101.0 122.35021209716797
v 102.0 100.77108764648438 123.0
v 102.0 101.0 123.33274841308594
v 102.0 102.0 88.55025482177734
v 102.0 101.163330078125 122.0
v 102.0 102.0 123.40090942382812
v 102.0 103.0 88.52635955810547
v 102.0 103.0 123.51629638671875
v 102.0 104.0 88.44937133789062
v 101.95497131347656 104.0 91.0
v 102.0 103.861328125 91.0
v 102.0 104.0 90.96609497070312
v 101.35675048828125 104.0 92.0
v 102.0 103.46951293945312 92.0
v 102.0 104.0 92.14781188964844
v 101.41717529296875 104.0 124.0
v 102.0 104.0 123.74124908447266
v 101.50513458251953 105.0 88.0
v 102.0 105.0 88.2230453491211
v 102.0 104.05352020263672 91.0
v 102.0 104.38558959960938 92.0
v 101.79537200927734 105.0 124.0
v 102.0 105.0 123.95936584472656
v 102.0 106.0 87.27465057373047
v 102.0 105.49432373046875 88.0
v 102.0 106.0 123.53142547607422
v 102.0 107.0 86.74320220947266
v 102.0 106.2161636352539 87.0
v 102.0 107.0 123.34171295166016
v 102.0 108.0 86.82925415039062
v 101.50240325927734 108.0 123.0
v 102.0 107.65013885498047 123.0
v 102.0 108.0 122.79598236083984
v 102.0 108.31692504882812 87.0
v 102.0 108.49307250976562 88.0
v 102.0 108.69695281982422 89.0
v 102.0 109.0 89.35997772216797
v 102.0 109.0 122.37617492675781
v 101.26266479492188 110.0 88.0
v 102.0 110.0 88.93316650390625
v 102.0 109.82864379882812 89.0
v 102.0 109.52678680419922 122.0
v 102.0 110.0 121.67607116699219
v 101.63343811035156 111.0 88.0
v 102.0 111.0 88.29955291748047
v 102.0 111.0 121.50949096679688
v 102.0 112.0 87.85913848876953
v 102.0 111.66900634765625 88.0
v 102.0 112.0 121.50052642822266
v 102.0 113.0 87.77117156982422
v 102.0 113.0 121.37823486328125
v 101.47899627685547 114.0 87.0
v 102.0 114.0 87.29308319091797
v 102.0 113.70001983642578 121.0
v 102.0 114.0 120.8133773803711
v 102.0 115.0 86.92236328125
v 102.0 114.75843048095703 87.0
v 102.0 115.0 120.57662963867188
v 102.0 115.19277954101562 87.0
v 101.16178894042969 116.0 87.0
v 102.0 116.0 87.29712677001953
v 102.0 116.0 120.54582214355469
v 101.25505828857422 116.0 122.0
v 101.27658081054688 116.0 123.0
v 102.0 117.0 87.48187255859375
v 101.0770263671875 117.0 121.0
v 102.0 117.0 120.45990753173828
v 101.49715423583984 117.0 122.0
v 101.88433074951172 117.0 123.0
v 101.15339660644531 117.0 124.0
v 101.16046142578125 118.0 87.0
v 102.0 118.0 87.40323638916016
v 101.85932922363281 118.0 120.0
v 102.0 117.89161682128906 120.0
v 102.0 118.0 119.93702697753906
v 101.42037963867188 118.0 121.0
v 101.76612854003906 118.0 122.0
v 102.0 118.0 122.57179260253906
v 102.0 117.36656951904297 123.0
v 102.0 118.0 123.23753356933594
v 101.30647277832031 119.0 88.0
v 102.0 118.52497100830078 88.0
v 102.0 119.0 88.38190460205078
v 101.71279907226562 119.0 120.0
v 102.0 119.0 119.75658416748047
v 101.61736297607422 119.0 121.0
v 102.0 119.0 121.61784362792969
v 102.0 118.4677505493164 122.0
v 102.0 119.0 123.39382934570312
v 102.0 120.0 88.83425903320312
v 101.70931243896484 120.0 120.0
v 102.0 120.0 119.72827911376953
v 101.50614166259766 120.0 121.0
v 102.0 120.0 121.82453918457031
v 102.0 120.0 123.17529296875
v 102.0 120.22758483886719 89.0
v 102.0 121.0 89.52062225341797
v 101.45575714111328 121.0 120.0
v 102.0 121.0 119.61031341552734
v 102.0 120.11800384521484 122.0
v 102.0 120.17278289794922 123.0
v 102.0 122.0 89.92276000976562
v 102.0 122.0 119.29357147216797
v 102.0 122.11754608154297 90.0
v 102.0 123.0 90.5235595703125
v 101.71630859375 123.0 119.0
v 102.0 122.59275817871094 119.0
v 102.0 123.0 118.79888153076172
v 102.0 124.0 90.7387466430664
v 101.52532958984375 124.0 119.0
v 102.0 124.0 118.67385864257812
v 102.0 124.33332061767578 91.0
v 101.60630798339844 125.0 92.0
v 102.0 125.0 91.7401351928711
v 101.46270751953125 125.0 119.0
v 102.0 125.0 118.63211822509766
v 102.0 125.19026184082031 92.0
v 102.0 125.45744323730469 93.0
v 102.0 125.65795135498047 94.0
v 102.0 126.0 94.5646743774414
v 101.91153717041016 126.0 97.0
v 102.0 125.94743347167969 97.0
v 102.0 126.0 96.84547424316406
v 102.0 126.0 97.11823272705078
v 102.0 126.0 118.30167388916016
v 102.0 126.2742919921875 95.0
v 102.0 126.24747467041016 96.0
v 102.0 126.38532257080078 98.0
v 102.0 127.0 98.75932312011719
v 102.0 126.33734130859375 103.0
v 102.0 127.0 102.61640167236328
v 102.0 127.0 103.25365447998047
v 101.77195739746094 127.0 116.0
v 102.0 126.9185562133789 116.0
v 102.0 127.0 115.9377212524414
v 102.0 127.0 116.21514129638672
v 102.0 126.35437774658203 118.0
v 102.0 127.0 117.27268981933594
v 102.0 127.18140411376953 99.0
v 102.0 127.49239349365234 100.0
v 101.24067687988281 128.0 101.0
v 102.0 127.61653900146484 101.0
v 102.0 127.42227172851562 102.0
v 102.0 128.0 103.39503479003906
v 101.06066131591797 128.0 116.0
v 102.0 128.0 115.40812683105469
v 102.0 128.0 116.64383697509766
v 102.0 128.0 117.20779418945312
v 102.0 129.0 103.54678344726562
v 101.38609313964844 129.0 115.0
v 102.0 128.3464813232422 115.0
v 102.0 129.0 114.39929962158203
v 102.0 129.0 116.78030395507812
v 102.0 129.0 117.17586517333984
v 102.0 129.580322265625 104.0
v 101.49291229248047 130.0 104.0
v 102.0 130.0 104.4508285522461
v 101.58209228515625 130.0 114.0
v 102.0 129.43572998046875 114.0
v 102.0 130.0 113.45101165771484
v 102.0 129.72715759277344 117.0
v 101.50103759765625 131.0 105.0
v 102.0 130.51486206054688 105.0
v 102.0 131.0 105.5011978149414
v 101.70777893066406 131.0 113.0
v 102.0 130.49386596679688 113.0
v 102.0 131.0 112.50007629394531
v 101.17273712158203 131.0 114.0
v 101.08720397949219 131.0 116.0
v 101.46100616455078 132.0 106.0
v 102.0 131.48426818847656 106.0
v 102.0 132.0 106.60091400146484
v 101.83256530761719 132.0 112.0
v 102.0 131.66265869140625 112.0
v 102.0 132.0 111.8232421875
v 101.28919219970703 132.0 113.0
v 101.2142562866211 132.0 116.0
v 102.0 132.322509765625 107.0
v 102.0 133.0 107.7884292602539
v 101.57891082763672 133.0 112.0
v 102.0 133.0 111.60639953613281
v 102.0 133.19662475585938 108.0
v 101.13419342041016 134.0 108.0
v 101.47712707519531 134.0 109.0
v 102.0 133.4795684814453 109.0
v 101.50955200195312 134.0 110.0
v 102.0 133.53509521484375 110.0
v 101.49554443359375 134.0 111.0
v 102.0 133.56948852539062 111.0
v 102.33985137939453 94.0 106.0
v 102.36188507080078 94.0 107.0
v 102.00515747070312 94.0 108.0
v 102.53279113769531 94.0 110.0
v 102.04283142089844 95.0 99.0
v 102.24563598632812 95.0 101.0
v 102.46458435058594 95.0 102.0
v 102.54911041259766 95.0 103.0
v 102.69700622558594 95.0 104.0
v 103.0 95.0 104.56629180908203
v 103.0 94.8065414428711 105.0
v 103.0 94.56468200683594 106.0
v 103.0 94.67921447753906 107.0
v 103.0 95.0 107.6752700805664
v 102.7406234741211 95.0 108.0
v 103.0 94.68121337890625 109.0
v 103.0 95.0 108.32526397705078
v 103.0 94.17647552490234 110.0
v 103.0 94.21988677978516 111.0
v 103.0 94.01781463623047 112.0
v 102.4830551147461 95.0 113.0
v 103.0 95.0 112.84618377685547
v 103.0 95.0 113.34676361083984
v 103.0 94.79151153564453 114.0
v 103.0 94.54395294189453 115.0
v 103.0 94.69144439697266 116.0
v 103.0 95.0 116.38690185546875
v 102.1385726928711 96.0 95.0
v 102.30741882324219 96.0 96.0
v 102.35560607910156 96.0 97.0
v 102.49776458740234 96.0 98.0
v 102.60098266601562 96.0 99.0
v 102.5821762084961 96.0 100.0
v 102.78072357177734 96.0 101.0
v 103.0 96.0 101.37714385986328
v 103.0 95.59567260742188 102.0
v 103.0 95.36615753173828 103.0
v 103.0 95.2391586303711 104.0
v 103.0 95.13423919677734 108.0
v 103.0 95.1411361694336 113.0
v 103.0 95.6551513671875 117.0
v 103.0 96.0 117.33137512207031
v 102.564453125 97.0 94.0
v 103.0 97.0 94.71888732910156
v 103.0 96.86293029785156 95.0
v 103.0 97.0 95.35079956054688
v 102.80560302734375 97.0 96.0
v 102.81415557861328 97.0 97.0
v 103.0 97.0 97.38856506347656
v 103.0 96.63800048828125 98.0
v 103.0 96.484130859375 99.0
v 103.0 96.50100708007812 100.0
v 103.0 96.26858520507812 101.0
v 103.0 96.74432373046875 118.0
v 102.56037139892578 97.0 119.0
v 103.0 97.0 118.37401580810547
v 102.52943420410156 97.0 120.0
v 102.45225524902344 98.0 92.0
v 103.0 98.0 92.39636993408203
v 103.0 97.6106185913086 93.0
v 103.0 97.25821685791016 94.0
v 103.0 97.24420928955078 96.0
v 103.0 97.23530578613281 97.0
v 102.84346771240234 98.0 119.0
v 103.0 98.0 118.72830200195312
v 102.98120880126953 98.0 120.0
v 102.6014404296875 98.0 121.0
v 102.07190704345703 98.0 122.0
v 103.0 99.0 90.7698745727539
v 103.0 98.76020050048828 91.0
v 103.0 98.3077392578125 92.0
v 103.0 98.95281982421875 119.0
v 103.0 99.0 119.52172088623047
v 102.99203491210938 99.0 120.0
v 103.0 99.0 120.08589172363281
v 103.0 98.81461334228516 121.0
v 103.0 99.0 121.30265808105469
v 102.73473358154297 99.0 122.0
v 103.0 100.0 90.36981201171875
v 103.0 99.01116180419922 120.0
v 102.38886260986328 100.0 122.0
v 103.0 100.0 121.1930923461914
v 102.25226593017578 101.0 89.0
v 103.0 101.0 89.41792297363281
v 103.0 100.45633697509766 90.0
v 103.0 101.0 121.92338562011719
v 102.30439758300781 101.0 123.0
v 103.0 102.0 88.67415618896484
v 103.0 101.4762954711914 89.0
v 103.0 101.06895446777344 122.0
v 103.0 101.3017578125 123.0
v 103.0 102.0 123.55448913574219
v 103.0 103.0 88.57703399658203
v 103.0 103.0 123.66514587402344
v 103.0 104.0 88.43327331542969
v 103.0 103.99102783203125 91.0
v 103.0 104.0 90.9928970336914
v 102.20881652832031 104.0 92.0
v 103.0 104.0 91.00848388671875
v 103.0 104.0 123.67584991455078
v 102.7667236328125 105.0 88.0
v 103.0 105.0 87.9222640991211
v 103.0 104.89511108398438 88.0
v 103.0 104.0261001586914 91.0
v 103.0 105.0 123.55689239501953
v 102.98795318603516 105.0 129.0
v 103.0 105.0 128.9846954345703
v 103.0 104.99008178710938 129.0
v 103.0 105.0 129.008544921875
v 103.0 106.0 87.18727111816406
v 103.0 106.0 123.26028442382812
v 102.74288940429688 106.0 129.0
v 103.0 106.0 128.4720916748047
v 103.0 106.0 129.40081787109375
v 102.48653411865234 107.0 87.0
v 103.0 107.0 87.31074523925781
v 103.0 107.0 123.33165740966797
v 102.7929916381836 107.0 128.0
v 103.0 107.0 127.67134857177734
v 103.0 106.49382019042969 128.0
v 102.57376098632812 107.0 129.0
v 103.0 106.66151428222656 130.0
v 102.82182312011719 107.0 130.0
v 103.0 107.0 130.22930908203125
v 102.2192611694336 108.0 87.0
v 103.0 108.0 87.73426818847656
v 103.0 107.80741119384766 123.0
v 103.0 108.0 122.91732788085938
v 102.6529769897461 108.0 128.0
v 103.0 108.0 127.501708984375
v 102.46172332763672 108.0 129.0
v 102.76781463623047 108.0 130.0
v 103.0 108.0 130.30419921875
v 103.0 108.26738739013672 88.0
v 102.52342224121094 109.0 89.0
v 103.0 109.0 88.74339294433594
v 103.0 109.0 122.55430603027344
v 102.7116470336914 109.0 128.0
v 103.0 109.0 127.61591339111328
v 102.35165405273438 109.0 129.0
v 102.93202209472656 109.0 130.0
v 103.0 109.0 130.1039276123047
v 103.0 110.0 88.78717041015625
v 103.0 109.74217224121094 122.0
v 103.0 110.0 121.8189697265625
v 103.0 109.8846206665039 128.0
v 102.54513549804688 110.0 129.0
v 103.0 110.0 128.0670623779297
v 102.60993194580078 110.0 130.0
v 103.0 109.86835479736328 131.0
v 102.92266082763672 110.0 131.0
v 103.0 110.0 131.08544921875
v 103.0 111.0 88.5657730102539
v 103.0 111.0 121.57938385009766
v 102.79271697998047 111.0 128.0
v 103.0 111.0 127.68256378173828
v 103.0 110.14131164550781 128.0
v 102.53877258300781 111.0 129.0
v 102.54820251464844 111.0 130.0
v 102.82426452636719 111.0 131.0
v 103.0 111.0 131.2272186279297
v 102.19560241699219 112.0 88.0
v 103.0 112.0 88.60033416748047
v 103.0 112.0 121.62979125976562
v 102.81012725830078 112.0 128.0
v 103.0 112.0 127.7296142578125
v 102.5847396850586 112.0 129.0
v 102.75093078613281 112.0 130.0
v 103.0 112.0 130.48764038085938
v 103.0 111.38670349121094 131.0
v 102.27203369140625 113.0 88.0
v 103.0 113.0 88.81327819824219
v 103.0 113.0 121.59143829345703
v 103.0 112.33273315429688 128.0
v 103.0 112.93660736083984 129.0
v 103.0 112.46514129638672 130.0
v 102.82416534423828 114.0 88.0
v 103.0 114.0 88.16161346435547
v 102.43734741210938 114.0 121.0
v 103.0 114.0 121.2447738647461
v 102.12617492675781 115.0 87.0
v 103.0 115.0 87.63082122802734
v 103.0 114.2850112915039 88.0
v 103.0 114.36531829833984 121.0
v 103.0 115.0 120.63843536376953
v 103.0 116.0 87.8335189819336
v 103.0 116.0 120.5075454711914
v 103.0 116.29723358154297 88.0
v 102.585693359375 117.0 88.0
v 103.0 117.0 88.5020751953125
v 103.0 117.0 120.46736907958984
v 102.33329010009766 118.0 88.0
v 103.0 117.62722778320312 89.0
v 102.78301239013672 118.0 89.0
v 103.0 118.0 89.26612091064453
v 102.20259857177734 118.0 120.0
v 103.0 118.0 120.22457122802734
v 102.19871520996094 118.0 123.0
v 102.53787231445312 119.0 89.0
v 103.0 119.0 89.48767852783203
v 103.0 118.35462951660156 120.0
v 103.0 119.0 119.64656066894531
v 102.29585266113281 119.0 122.0
v 102.6617431640625 119.0 123.0
v 102.22160339355469 120.0 89.0
v 103.0 120.0 89.58975982666016
v 103.0 120.0 119.51094055175781
v 102.1419677734375 120.0 122.0
v 102.37576293945312 120.0 123.0
v 102.6722183227539 121.0 90.0
v 103.0 120.61589050292969 90.0
v 103.0 121.0 90.32485961914062
v 103.0 121.0 119.37545013427734
v 102.08851623535156 122.0 90.0
v 103.0 121.6460952758789 91.0
v 102.71599578857422 122.0 91.0
v 103.0 122.0 91.49944305419922
v 102.58728790283203 122.0 119.0
v 103.0 121.67438507080078 119.0
v 103.0 122.0 118.79447937011719
v 102.64171600341797 123.0 91.0
v 103.0 123.0 91.30671691894531
v 103.0 123.0 118.53661346435547
v 102.86944580078125 124.0 91.0
v 103.0 124.0 91.05082702636719
v 103.0 124.0 118.48993682861328
v 103.0 125.0 91.84521484375
v 103.0 125.0 118.4241943359375
v 103.0 125.11763000488281 92.0
v 103.0 125.32485961914062 93.0
v 103.0 125.48968505859375 94.0
v 102.83770751953125 126.0 95.0
v 103.0 125.9295883178711 95.0
v 102.42120361328125 126.0 96.0
v 103.0 125.61045837402344 96.0
v 103.0 125.41258239746094 97.0
v 102.57237243652344 126.0 98.0
v 103.0 125.68856048583984 98.0
v 103.0 126.0 98.33267211914062
v 103.0 126.0 118.14762878417969
v 102.33618927001953 127.0 99.0
v 103.0 126.60018920898438 99.0
v 103.0 127.0 99.5766830444336
v 103.0 126.3091812133789 103.0
v 103.0 127.0 102.52462768554688
v 103.0 127.0 103.27742004394531
v 103.0 126.83745574951172 116.0
v 103.0 127.0 115.7850570678711
v 103.0 127.0 116.52413940429688
v 103.0 126.26234436035156 118.0
v 103.0 127.0 117.21454620361328
v 103.0 127.24808502197266 100.0
v 103.0 127.4535903930664 101.0
v 103.0 127.27930450439453 102.0
v 103.0 128.0 103.49736022949219
v 102.77274322509766 128.0 114.0
v 103.0 127.72881317138672 114.0
v 103.0 128.0 113.57579803466797
v 102.29654693603516 128.0 115.0
v 103.0 127.43696594238281 115.0
v 103.0 127.71534729003906 117.0
v 102.81500244140625 128.0 117.0
v 103.0 129.0 103.86007690429688
v 102.96460723876953 129.0 108.0
v 103.0 128.9508056640625 108.0
v 103.0 129.0 107.96177673339844
v 102.8102035522461 129.0 109.0
v 103.0 128.70626831054688 109.0
v 103.0 129.0 109.74942016601562
v 102.93240356445312 129.0 111.0
v 103.0 128.89964294433594 111.0
v 103.0 129.0 110.50515747070312
v 103.0 129.0 111.5186996459961
v 102.70176696777344 129.0 113.0
v 103.0 128.4904327392578 113.0
v 103.0 129.0 112.16108703613281
v 102.27337646484375 129.0 114.0
v 102.53815460205078 129.0 117.0
v 103.0 129.1500244140625 104.0
v 102.59912109375 130.0 105.0
v 103.0 129.7241668701172 105.0
v 103.0 130.0 105.4101333618164
v 102.93566131591797 130.0 108.0
v 103.0 130.0 107.9110107421875
v 102.72029876708984 130.0 109.0
v 103.0 129.1396942138672 110.0
v 102.65242767333984 130.0 110.0
v 102.57443237304688 130.0 111.0
v 103.0 129.1026611328125 112.0
v 102.55720520019531 130.0 112.0
v 102.28237915039062 130.0 113.0
v 102.49293518066406 131.0 106.0
v 103.0 130.4993896484375 106.0
v 103.0 131.0 106.67659759521484
v 103.0 130.17625427246094 108.0
v 103.0 130.4954071044922 109.0
v 103.0 131.0 109.67401123046875
v 102.84725952148438 131.0 110.0
v 102.63265991210938 131.0 111.0
v 102.29419708251953 131.0 112.0
v 102.32103729248047 132.0 107.0
v 103.0 131.2473907470703 107.0
v 102.75057220458984 132.0 108.0
v 103.0 131.53343200683594 108.0
v 103.0 132.0 108.54490661621094
v 103.0 131.362548828125 110.0
v 103.0 131.70907592773438 111.0
v 103.0 132.0 111.18894958496094
v 102.16796875 133.0 108.0
v 103.0 132.2719268798828 109.0
v 102.45476531982422 133.0 109.0
v 102.61905670166016 133.0 110.0
v 103.0 132.44888305664062 110.0
v 102.86201477050781 133.0 111.0
v 103.0 132.69773864746094 111.0
v 103.20581817626953 95.0 105.0
v 103.4462661743164 95.0 106.0
v 103.35462188720703 95.0 107.0
v 103.34150695800781 95.0 109.0
v 103.71233367919922 95.0 110.0
v 104.0 95.0 110.56694793701172
v 104.0 94.7392349243164 111.0
v 104.0 94.55855560302734 112.0
v 104.0 95.0 112.27245330810547
v 103.38066101074219 95.0 114.0
v 104.0 95.0 114.514404296875
v 104.0 94.70401000976562 115.0
v 104.0 94.87863159179688 116.0
v 104.0 95.0 116.1313705444336
v 103.46014404296875 96.0 102.0
v 104.0 96.0 102.71874237060547
v 104.0 95.83485412597656 103.0
v 104.0 95.82711029052734 104.0
v 103.93955993652344 96.0 105.0
v 104.0 96.0 104.75240325927734
v 104.0 96.0 105.12859344482422
v 104.0 95.59552764892578 106.0
v 104.0 95.44444274902344 107.0
v 104.0 95.56636810302734 108.0
v 104.0 95.52465057373047 109.0
v 104.0 95.32551574707031 110.0
v 104.0 95.90873718261719 113.0
v 104.0 95.43965911865234 114.0
v 103.49605560302734 96.0 117.0
v 104.0 96.0 116.70858764648438
v 103.13818359375 97.0 95.0
v 103.32891082763672 97.0 98.0
v 103.45559692382812 97.0 99.0
v 103.40619659423828 97.0 100.0
v 103.64191436767578 97.0 101.0
v 104.0 97.0 101.45736694335938
v 104.0 96.51808166503906 102.0
v 104.0 96.07946014404297 105.0
v 104.0 96.68058013916016 117.0
v 103.2362060546875 97.0 118.0
v 104.0 97.0 117.1754150390625
v 103.99878692626953 98.0 93.0
v 104.0 98.0 93.00173950195312
v 104.0 97.70342254638672 94.0
v 104.0 97.7409439086914 95.0
v 103.69507598876953 98.0 96.0
v 104.0 98.0 95.46463775634766
v 103.697509765625 98.0 97.0
v 104.0 98.0 97.49884796142578
v 104.0 97.69396209716797 98.0
v 104.0 97.6485595703125 99.0
v 104.0 98.0 99.9829330444336
v 103.99423217773438 98.0 100.0
v 104.0 98.0 100.01190948486328
v 104.0 97.43460083007812 101.0
v 103.96922302246094 98.0 117.0
v 104.0 97.84056854248047 117.0
v 104.0 98.0 116.97052001953125
v 103.4196548461914 98.0 118.0
v 103.54498291015625 99.0 91.0
v 103.90229034423828 99.0 92.0
v 104.0 99.0 92.12178802490234
v 104.0 98.00105285644531 93.0
v 104.0 98.3061752319336 96.0
v 104.0 98.30374908447266 97.0
v 104.0 98.0069808959961 100.0
v 104.0 98.3077392578125 117.0
v 104.0 99.0 117.1842269897461
v 103.65591430664062 99.0 118.0
v 103.02345275878906 99.0 119.0
v 103.1046142578125 99.0 121.0
v 104.0 100.0 90.79975128173828
v 104.0 99.55762481689453 91.0
v 104.0 99.10831451416016 92.0
v 104.0 99.48948669433594 118.0
v 104.0 99.33674621582031 119.0
v 104.0 99.40860748291016 120.0
v 103.61651611328125 100.0 121.0
v 104.0 100.0 120.9030532836914
v 103.958251953125 101.0 90.0
v 104.0 101.0 90.08314514160156
v 104.0 100.0687255859375 121.0
v 104.0 100.38935089111328 122.0
v 103.0854263305664 101.0 122.0
v 104.0 100.49652099609375 123.0
v 103.31094360351562 101.0 123.0
v 104.0 100.85511016845703 124.0
v 103.8255386352539 101.0 124.0
v 104.0 101.0 124.12439727783203
v 104.0 102.0 88.88838195800781
v 104.0 101.85704803466797 89.0
v 104.0 101.03520965576172 90.0
v 103.47013092041016 102.0 124.0
v 104.0 102.0 124.48866271972656
v 104.0 103.0 88.57958984375
v 103.43606567382812 103.0 124.0
v 104.0 103.0 124.6011734008789
v 103.97220611572266 103.0 128.0
v 104.0 103.0 127.90157318115234
v 104.0 102.96309661865234 128.0
v 104.0 103.0 128.0647430419922
v 104.0 104.0 88.48123168945312
v 103.01371765136719 104.0 91.0
v 103.52140045166016 104.0 124.0
v 104.0 104.0 124.61820983886719
v 103.83448791503906 104.0 126.0
v 104.0 104.0 125.55355072021484
v 104.0 103.71762084960938 126.0
v 104.0 103.35216522216797 127.0
v 103.63711547851562 104.0 127.0
v 103.53846740722656 104.0 128.0
v 104.0 103.57733154296875 129.0
v 103.6949691772461 104.0 129.0
v 104.0 104.0 129.35113525390625
v 103.17768096923828 105.0 88.0
v 104.0 105.0 88.25801086425781
v 104.0 104.76103973388672 124.0
v 104.0 105.0 123.88072967529297
v 103.6717300415039 105.0 126.0
v 104.0 105.0 125.4415054321289
v 103.5042724609375 105.0 127.0
v 103.34915161132812 105.0 128.0
v 104.0 105.0 129.75294494628906
v 104.0 106.0 87.7490234375
v 104.0 105.54553985595703 88.0
v 104.0 106.0 123.72278594970703
v 103.6285629272461 106.0 126.0
v 104.0 106.0 125.3072280883789
v 103.46697998046875 106.0 127.0
v 103.20345306396484 106.0 128.0
v 104.0 105.34193420410156 130.0
v 103.46028900146484 106.0 130.0
v 104.0 106.0 130.5526123046875
v 104.0 107.0 87.90323638916016
v 104.0 106.76275634765625 124.0
v 103.89599609375 107.0 124.0
v 104.0 106.40743255615234 125.0
v 103.7364501953125 107.0 125.0
v 103.5325927734375 107.0 126.0
v 103.37094116210938 107.0 127.0
v 104.0 106.53300476074219 131.0
v 103.67402648925781 107.0 131.0
v 104.0 107.0 131.4044952392578
v 104.0 107.12175750732422 88.0
v 103.25006103515625 108.0 88.0
v 103.78617095947266 108.0 89.0
v 104.0 107.7375259399414 89.0
v 104.0 108.0 89.24641418457031
v 103.09083557128906 108.0 123.0
v 103.58770751953125 108.0 124.0
v 103.63166046142578 108.0 125.0
v 103.52742004394531 108.0 126.0
v 103.33487701416016 108.0 127.0
v 103.53672790527344 108.0 131.0
v 104.0 108.0 131.60256958007812
v 103.3044662475586 109.0 89.0
v 104.0 109.0 89.45120239257812
v 103.45122528076172 109.0 123.0
v 103.7809829711914 109.0 124.0
v 103.99340057373047 109.0 125.0
v 103.61895751953125 109.0 126.0
v 103.37147521972656 109.0 127.0
v 103.49215698242188 109.0 131.0
v 104.0 109.0 131.553955078125
v 103.53036499023438 110.0 89.0
v 104.0 110.0 89.20494842529297
v 103.28812408447266 110.0 122.0
v 104.0 110.0 122.7060775756836
v 104.0 109.73239135742188 123.0
v 104.0 109.3513412475586 124.0
v 104.0 109.018798828125 125.0
v 103.66816711425781 110.0 126.0
v 104.0 110.0 125.4520492553711
v 103.43631744384766 110.0 127.0
v 103.03852081298828 110.0 128.0
v 104.0 110.0 131.77281188964844
v 104.0 111.0 88.71228790283203
v 104.0 110.3858642578125 89.0
v 103.92969512939453 111.0 122.0
v 104.0 111.0 122.06362915039062
v 103.78789520263672 111.0 126.0
v 104.0 111.0 125.66213989257812
v 103.4073257446289 111.0 127.0
v 104.0 110.44152069091797 132.0
v 103.69014739990234 111.0 132.0
v 104.0 111.0 132.3128662109375
v 104.0 112.0 88.90680694580078
v 103.64044952392578 112.0 122.0
v 104.0 112.0 122.26945495605469
v 104.0 111.4999008178711 126.0
v 103.51780700683594 112.0 127.0
v 104.0 112.0 126.30963134765625
v 103.26339721679688 112.0 131.0
v 103.64765167236328 112.0 132.0
v 104.0 112.0 132.4388885498047
v 104.0 112.5660629272461 89.0
v 103.68995666503906 113.0 89.0
v 104.0 113.0 89.06133270263672
v 103.69116973876953 113.0 122.0
v 104.0 113.0 122.21083068847656
v 103.87921905517578 113.0 127.0
v 104.0 113.0 126.82816314697266
v 103.43856811523438 113.0 128.0
v 103.04766082763672 113.0 129.0
v 103.29669952392578 113.0 130.0
v 103.5009994506836 113.0 131.0
v 103.79712677001953 113.0 132.0
v 104.0 113.0 132.27613830566406
v 104.0 114.0 88.6296615600586
v 104.0 113.13141632080078 89.0
v 104.0 113.36929321289062 122.0
v 104.0 114.0 121.61637878417969
v 104.0 113.1478271484375 127.0
v 104.0 113.5230484008789 128.0
v 104.0 113.74712371826172 129.0
v 103.73719024658203 114.0 130.0
v 104.0 114.0 129.468505859375
v 103.69416809082031 114.0 131.0
v 104.0 114.0 131.5233917236328
v 104.0 113.40371704101562 132.0
v 103.34410095214844 115.0 88.0
v 104.0 115.0 88.68013000488281
v 104.0 114.75212860107422 121.0
v 104.0 115.0 120.81477355957031
v 104.0 114.41545867919922 130.0
v 104.0 114.77129364013672 131.0
v 103.16582489013672 116.0 88.0
v 104.0 115.52591705322266 89.0
v 103.75556945800781 116.0 89.0
v 104.0 116.0 89.30786895751953
v 104.0 116.0 120.544189453125
v 103.38458251953125 117.0 89.0
v 104.0 117.0 89.67281341552734
v 104.0 117.0 120.50017547607422
v 103.64262390136719 118.0 90.0
v 104.0 117.46056365966797 90.0
v 104.0 118.0 90.47020721435547
v 104.0 118.0 120.36692810058594
v 103.4930419921875 119.0 90.0
v 104.0 118.7818374633789 91.0
v 103.89179229736328 119.0 91.0
v 104.0 119.0 91.14601135253906
v 104.0 118.66405487060547 120.0
v 104.0 119.0 119.79093933105469
v 103.81143188476562 120.0 90.0
v 104.0 120.0 90.40641021728516
v 104.0 119.4415054321289 91.0
v 104.0 120.0 119.53141784667969
v 104.0 121.0 90.57177734375
v 104.0 121.0 119.3329849243164
v 104.0 121.41925048828125 91.0
v 104.0 122.0 91.63726806640625
v 104.0 121.49151611328125 119.0
v 104.0 122.0 118.63544464111328
v 104.0 123.0 91.6130599975586
v 104.0 123.0 118.33294677734375
v 104.0 124.0 91.7878646850586
v 104.0 124.0 118.23120880126953
v 104.0 124.22296905517578 92.0
v 103.1574935913086 125.0 92.0
v 103.43372344970703 125.0 93.0
v 104.0 124.49334716796875 93.0
v 103.64192962646484 125.0 94.0
v 104.0 124.6763916015625 94.0
v 104.0 125.0 94.76805114746094
v 103.71666717529297 125.0 96.0
v 104.0 124.7683334350586 96.0
v 104.0 125.0 95.27510070800781
v 103.49711608886719 125.0 97.0
v 104.0 124.55409240722656 97.0
v 103.73712921142578 125.0 98.0
v 104.0 124.73855590820312 98.0
v 104.0 125.0 98.3027114868164
v 104.0 125.0 118.06953430175781
v 104.0 125.1063461303711 95.0
v 104.0 126.0 98.96776580810547
v 103.52604675292969 126.0 117.0
v 104.0 125.46544647216797 117.0
v 104.0 126.0 116.7679672241211
v 103.6814956665039 126.0 118.0
v 104.0 125.46142578125 118.0
v 103.76165008544922 126.0 123.0
v 104.0 126.0 122.63770294189453
v 104.0 125.48104858398438 123.0
v 104.0 125.96159362792969 124.0
v 103.97067260742188 126.0 124.0
v 104.0 126.0 124.02901458740234
v 104.0 126.03118133544922 99.0
v 103.42137145996094 127.0 100.0
v 104.0 126.57025146484375 100.0
v 104.0 127.0 100.67965698242188
v 104.0 126.21038818359375 103.0
v 104.0 127.0 102.14897155761719
v 104.0 127.0 103.36033630371094
v 103.82132720947266 127.0 109.0
v 104.0 126.77334594726562 109.0
v 104.0 127.0 108.71219635009766
v 103.80166625976562 127.0 110.0
v 104.0 126.7294921875 110.0
v 104.0 127.0 110.46914672851562
v 103.78411102294922 127.0 113.0
v 104.0 126.73392486572266 113.0
v 104.0 127.0 112.55962371826172
v 103.66459655761719 127.0 114.0
v 104.0 126.62071228027344 114.0
v 103.83674621582031 127.0 115.0
v 104.0 126.89092254638672 115.0
v 104.0 126.5595703125 116.0
v 103.41146087646484 127.0 117.0
v 103.69219970703125 127.0 123.0
v 104.0 127.0 122.40491485595703
v 103.90684509277344 127.0 124.0
v 104.0 127.0 124.0948486328125
v 104.0 127.17098236083984 101.0
v 104.0 127.06713104248047 102.0
v 104.0 128.0 103.74346160888672
v 103.74523162841797 128.0 108.0
v 104.0 127.6796646118164 108.0
v 104.0 128.0 107.77371978759766
v 103.416015625 128.0 109.0
v 103.46981048583984 128.0 110.0
v 104.0 127.3149185180664 111.0
v 103.53263854980469 128.0 111.0
v 103.55677032470703 128.0 112.0
v 104.0 127.35392761230469 112.0
v 103.2886734008789 128.0 113.0
v 103.88150787353516 128.0 123.0
v 104.0 128.0 122.17984008789062
v 104.0 128.0 123.20570373535156
v 104.0 127.16281127929688 124.0
v 104.0 128.3596954345703 104.0
v 103.2309341430664 129.0 104.0
v 104.0 129.0 104.67742156982422
v 104.0 129.0 107.32728576660156
v 103.0692138671875 129.0 110.0
v 103.06346130371094 129.0 112.0
v 104.0 128.15921020507812 123.0
v 104.0 129.21926879882812 105.0
v 103.51630401611328 130.0 106.0
v 104.0 129.57025146484375 106.0
v 103.84420013427734 130.0 107.0
v 104.0 129.73802185058594 107.0
v 103.21825408935547 131.0 107.0
v 103.30694580078125 131.0 108.0
v 103.42643737792969 131.0 109.0
v 103.22511291503906 132.0 109.0
v 103.29534912109375 132.0 110.0
v 103.26940155029297 132.0 111.0
v 104.1985855102539 95.0 111.0
v 104.20767211914062 95.0 112.0
v 104.64580535888672 95.0 115.0
v 104.19442749023438 95.0 116.0
v 104.19508361816406 96.0 103.0
v 104.1723861694336 96.0 104.0
v 104.44393157958984 96.0 106.0
v 104.91918182373047 96.0 107.0
v 104.5939712524414 96.0 108.0
v 104.495849609375 96.0 109.0
v 104.54110717773438 96.0 110.0
v 104.6297836303711 96.0 111.0
v 104.53365325927734 96.0 112.0
v 104.08344268798828 96.0 113.0
v 104.5982666015625 96.0 114.0
v 105.0 96.0 114.4560317993164
v 105.0 95.33650207519531 115.0
v 105.0 95.73174285888672 116.0
v 105.0 96.0 116.19161224365234
v 104.47539520263672 97.0 102.0
v 105.0 97.0 102.95347595214844
v 105.0 96.96991729736328 103.0
v 105.0 97.0 103.06511688232422
v 104.71116638183594 97.0 104.0
v 104.58990478515625 97.0 105.0
v 105.0 97.0 105.66069793701172
v 105.0 96.67236328125 106.0
v 105.0 96.0811767578125 107.0
v 105.0 96.37882232666016 108.0
v 105.0 96.4948501586914 109.0
v 105.0 96.48809051513672 110.0
v 105.0 96.45674133300781 111.0
v 105.0 96.50936126708984 112.0
v 105.0 96.63484954833984 113.0
v 105.0 96.39847564697266 114.0
v 104.24266815185547 97.0 117.0
v 105.0 97.0 116.57914733886719
v 104.29734802246094 98.0 94.0
v 104.25880432128906 98.0 95.0
v 104.30476379394531 98.0 98.0
v 104.32952880859375 98.0 99.0
v 104.51174926757812 98.0 101.0
v 105.0 98.0 101.60112762451172
v 105.0 97.61385345458984 102.0
v 105.0 97.49191284179688 104.0
v 105.0 97.92250061035156 105.0
v 105.0 98.0 116.93106842041016
v 104.49356842041016 99.0 93.0
v 104.79051208496094 99.0 94.0
v 105.0 99.0 94.70567321777344
v 105.0 98.88225555419922 95.0
v 104.68856811523438 99.0 96.0
v 105.0 99.0 95.2445068359375
v 104.696044921875 99.0 97.0
v 105.0 99.0 97.4992904663086
v 105.0 98.6954116821289 98.0
v 105.0 98.67064666748047 99.0
v 104.98915100097656 99.0 100.0
v 105.0 99.0 99.97359466552734
v 105.0 99.0 100.02131652832031
v 105.0 98.52476501464844 101.0
v 105.0 98.09473419189453 117.0
v 105.0 98.48920440673828 118.0
v 104.37629699707031 99.0 118.0
v 105.0 98.46415710449219 119.0
v 104.4073715209961 99.0 119.0
v 105.0 98.64131164550781 120.0
v 104.5705337524414 99.0 120.0
v 105.0 99.0 120.5234146118164
v 104.1662826538086 100.0 91.0
v 104.6273422241211 100.0 92.0
v 105.0 100.0 92.54752349853516
v 105.0 99.64674377441406 93.0
v 105.0 99.26457977294922 94.0
v 105.0 99.3127212524414 96.0
v 105.0 99.30431365966797 97.0
v 105.0 99.00902557373047 100.0
v 105.0 99.29924011230469 121.0
v 104.08826446533203 100.0 121.0
v 105.0 99.48625946044922 122.0
v 104.42047882080078 100.0 122.0
v 105.0 99.54766845703125 123.0
v 104.5054702758789 100.0 123.0
v 105.0 99.8897705078125 124.0
v 104.86468505859375 100.0 124.0
v 105.0 100.0 124.11700439453125
v 104.27552032470703 101.0 91.0
v 105.0 101.0 91.66220092773438
v 105.0 100.53128051757812 92.0
v 105.0 101.0 124.81600952148438
v 104.15091705322266 102.0 89.0
v 104.61741638183594 102.0 90.0
v 104.92044067382812 102.0 91.0
v 105.0 102.0 91.07038879394531
v 105.0 101.22663879394531 125.0
v 104.45735931396484 102.0 125.0
v 105.0 101.54822540283203 126.0
v 104.6576156616211 102.0 126.0
v 105.0 101.55642700195312 127.0
v 104.64246368408203 102.0 127.0
v 105.0 101.7059555053711 128.0
v 104.72467803955078 102.0 128.0
v 105.0 102.0 128.4773712158203
v 105.0 103.0 88.8185043334961
v 105.0 102.76586151123047 89.0
v 105.0 102.3426513671875 90.0
v 105.0 102.06864929199219 91.0
v 104.29026794433594 103.0 125.0
v 104.36469268798828 103.0 126.0
v 104.2228012084961 103.0 127.0
v 105.0 102.3255615234375 129.0
v 104.39112854003906 103.0 129.0
v 105.0 102.59198760986328 130.0
v 104.68575286865234 103.0 130.0
v 105.0 103.0 130.85015869140625
v 105.0 104.0 88.54655456542969
v 104.20026397705078 104.0 125.0
v 104.49169921875 104.0 130.0
v 105.0 104.0 130.6514434814453
v 105.0 105.0 88.51296997070312
v 104.1119384765625 105.0 124.0
v 104.271240234375 105.0 125.0
v 104.25989532470703 105.0 130.0
v 105.0 105.0 130.8071746826172
v 104.27779388427734 106.0 88.0
v 105.0 106.0 88.69160461425781
v 104.22984313964844 106.0 124.0
v 104.18936157226562 106.0 125.0
v 105.0 105.20214080810547 131.0
v 104.3672103881836 106.0 131.0
v 105.0 105.72907257080078 132.0
v 104.7830581665039 106.0 132.0
v 105.0 106.0 132.3180389404297
v 104.0943603515625 107.0 88.0
v 105.0 106.3472900390625 89.0
v 104.50625610351562 107.0 89.0
v 104.89496612548828 107.0 90.0
v 105.0 106.86700439453125 90.0
v 105.0 107.0 90.11528778076172
v 104.4079818725586 107.0 132.0
v 105.0 106.94396209716797 133.0
v 104.96444702148438 107.0 133.0
v 105.0 107.0 133.03250122070312
v 104.62783813476562 108.0 90.0
v 105.0 108.0 90.29769897460938
v 104.33757781982422 108.0 132.0
v 105.0 108.0 132.9477081298828
v 105.0 107.44831085205078 133.0
v 104.75785064697266 109.0 90.0
v 105.0 109.0 90.19244384765625
v 104.42985534667969 109.0 132.0
v 105.0 109.0 132.7725372314453
v 105.0 110.0 89.37223815917969
v 105.0 109.2682113647461 90.0
v 104.18675994873047 110.0 123.0
v 104.3571548461914 110.0 124.0
v 104.2831039428711 110.0 125.0
v 104.26093292236328 110.0 132.0
v 105.0 110.0 132.81687927246094
v 105.0 111.0 88.44050598144531
v 105.0 110.34651184082031 89.0
v 104.51243591308594 111.0 123.0
v 104.5202865600586 111.0 124.0
v 104.36698913574219 111.0 125.0
v 105.0 110.31574249267578 133.0
v 104.66876983642578 111.0 133.0
v 105.0 111.0 133.35421752929688
v 105.0 112.0 88.13349914550781
v 104.87702941894531 112.0 123.0
v 104.7068099975586 112.0 124.0
v 104.44319152832031 112.0 125.0
v 104.24482727050781 112.0 126.0
v 104.52372741699219 112.0 133.0
v 105.0 112.0 133.44924926757812
v 104.11235046386719 113.0 89.0
v 105.0 113.0 88.55116271972656
v 105.0 112.27629089355469 123.0
v 105.0 113.0 122.73941802978516
v 105.0 112.53309631347656 124.0
v 104.6867446899414 113.0 125.0
v 105.0 113.0 124.57099914550781
v 104.79014587402344 113.0 126.0
v 104.60093688964844 113.0 133.0
v 105.0 113.0 133.33880615234375
v 105.0 114.0 88.85606384277344
v 104.51756286621094 114.0 122.0
v 105.0 114.0 122.3877182006836
v 105.0 113.2901382446289 125.0
v 105.0 113.28971862792969 126.0
v 104.72189331054688 114.0 127.0
v 105.0 114.0 126.58557891845703
v 104.49102020263672 114.0 128.0
v 104.27965545654297 114.0 129.0
v 104.37014770507812 114.0 132.0
v 104.9375 114.0 133.0
v 105.0 114.0 133.0589599609375
v 105.0 114.19503784179688 89.0
v 104.31951904296875 115.0 89.0
v 104.98284912109375 115.0 90.0
v 105.0 114.98235321044922 90.0
v 105.0 115.0 90.0156478881836
v 104.30941772460938 115.0 121.0
v 105.0 115.0 121.52242279052734
v 105.0 114.46317291259766 122.0
v 105.0 114.31471252441406 127.0
v 105.0 114.50308227539062 128.0
v 105.0 114.74089813232422 129.0
v 104.41411590576172 115.0 130.0
v 105.0 115.0 129.28515625
v 104.14913940429688 115.0 131.0
v 105.0 115.0 131.64146423339844
v 105.0 114.62105560302734 132.0
v 105.0 114.07222747802734 133.0
v 104.60858917236328 116.0 90.0
v 105.0 116.0 90.31341552734375
v 105.0 115.69061279296875 121.0
v 105.0 116.0 120.81478881835938
v 104.99446105957031 116.0 130.0
v 105.0 116.0 129.99411010742188
v 104.97427368164062 116.0 131.0
v 105.0 116.0 131.02272033691406
v 104.34820556640625 117.0 90.0
v 105.0 117.0 90.52876281738281
v 105.0 117.0 120.63485717773438
v 105.0 116.00518798828125 130.0
v 105.0 116.02101135253906 131.0
v 104.46798706054688 118.0 91.0
v 105.0 117.52651977539062 91.0
v 105.0 118.0 91.95193481445312
v 105.0 118.0 120.49850463867188
v 104.79562377929688 119.0 92.0
v 105.0 118.12042236328125 92.0
v 105.0 119.0 92.19676208496094
v 104.50164794921875 119.0 120.0
v 105.0 119.0 120.20887756347656
v 104.3514175415039 120.0 91.0
v 105.0 120.0 91.37217712402344
v 105.0 119.27613830566406 92.0
v 105.0 119.32720947265625 120.0
v 105.0 120.0 119.6188735961914
v 105.0 121.0 90.28752136230469
v 105.0 120.35693359375 91.0
v 105.0 121.0 119.32633209228516
v 104.98054504394531 122.0 91.0
v 105.0 122.0 90.98907470703125
v 105.0 121.44416809082031 119.0
v 105.0 122.0 118.51162719726562
v 105.0 122.01204681396484 91.0
v 105.0 123.0 91.83895111083984
v 104.49122619628906 123.0 118.0
v 105.0 122.56105041503906 118.0
v 105.0 123.0 117.32911682128906
v 105.0 123.16909790039062 92.0
v 104.21880340576172 124.0 92.0
v 104.49485778808594 124.0 93.0
v 105.0 123.4853744506836 93.0
v 104.6849136352539 124.0 94.0
v 105.0 123.68562316894531 94.0
v 105.0 124.0 94.5296630859375
v 104.65821075439453 124.0 97.0
v 105.0 123.67982482910156 97.0
v 105.0 124.0 96.4219741821289
v 104.69625854492188 124.0 98.0
v 105.0 123.69617462158203 98.0
v 105.0 124.0 98.48304748535156
v 104.71332550048828 124.0 117.0
v 105.0 123.4363021850586 117.0
v 105.0 124.0 116.74929809570312
v 104.25209045410156 124.0 118.0
v 104.11514282226562 125.0 95.0
v 105.0 124.26895904541016 95.0
v 105.0 124.21369171142578 96.0
v 104.49127197265625 125.0 99.0
v 105.0 124.35604858398438 99.0
v 104.85624694824219 125.0 100.0
v 105.0 124.81097412109375 100.0
v 105.0 125.0 100.19669342041016
v 104.97067260742188 125.0 114.0
v 105.0 124.95491027832031 114.0
v 105.0 125.0 113.91253662109375
v 105.0 125.0 114.05951690673828
v 104.22065734863281 125.0 117.0
v 105.0 125.0 116.58782958984375
v 104.07688903808594 125.0 118.0
v 104.9837417602539 125.0 120.0
v 105.0 125.0 119.97966766357422
v 105.0 124.98027801513672 120.0
v 105.0 124.82713317871094 121.0
v 104.84779357910156 125.0 121.0
v 105.0 125.0 121.94773864746094
v 104.46866607666016 125.0 123.0
v 105.0 125.0 122.03003692626953
v 105.0 124.69547271728516 123.0
v 105.0 125.0 123.45819091796875
v 104.02918243408203 126.0 99.0
v 104.48402404785156 126.0 100.0
v 105.0 126.0 100.78054809570312
v 104.71641540527344 126.0 103.0
v 105.0 125.95841217041016 103.0
v 105.0 126.0 102.85549926757812
v 105.0 126.0 103.04586791992188
v 104.80415344238281 126.0 109.0
v 105.0 125.83995056152344 109.0
v 105.0 126.0 108.80267333984375
v 104.56841278076172 126.0 110.0
v 105.0 125.55628967285156 110.0
v 104.75149536132812 126.0 111.0
v 105.0 125.65047454833984 111.0
v 105.0 126.0 111.91312408447266
v 104.61612701416016 126.0 113.0
v 105.0 125.4345474243164 113.0
v 105.0 126.0 112.06147003173828
v 104.4482421875 126.0 114.0
v 105.0 125.62811279296875 115.0
v 104.72071838378906 126.0 115.0
v 105.0 126.0 115.63191986083984
v 105.0 126.0 116.2793197631836
v 104.88662719726562 126.0 120.0
v 105.0 126.0 119.86829376220703
v 104.57266235351562 126.0 121.0
v 105.0 125.01351928710938 122.0
v 104.42575073242188 126.0 122.0
v 105.0 125.41594696044922 124.0
v 105.0 126.0 124.4000015258789
v 104.2189712524414 127.0 101.0
v 105.0 126.1913070678711 101.0
v 104.08985900878906 127.0 102.0
v 105.0 126.26046752929688 102.0
v 105.0 127.0 103.59115600585938
v 104.67670440673828 127.0 108.0
v 105.0 126.74087524414062 108.0
v 105.0 127.0 107.77407836914062
v 104.2327880859375 127.0 111.0
v 105.0 126.03446197509766 112.0
v 104.28721618652344 127.0 112.0
v 105.0 126.19613647460938 116.0
v 105.0 126.2674331665039 120.0
v 104.5965576171875 127.0 121.0
v 105.0 127.0 120.38493347167969
v 104.22631072998047 127.0 122.0
v 105.0 127.0 124.6264419555664
v 105.0 127.52985382080078 104.0
v 104.40657806396484 128.0 104.0
v 105.0 128.0 104.55994415283203
v 105.0 128.0 107.17561340332031
v 104.54654693603516 128.0 121.0
v 105.0 128.0 120.35063934326172
v 104.02801513671875 128.0 122.0
v 104.5589828491211 128.0 124.0
v 105.0 128.0 124.44147491455078
v 104.26039123535156 129.0 105.0
v 105.0 128.32266235351562 105.0
v 104.51058197021484 129.0 106.0
v 105.0 128.49208068847656 106.0
v 104.35472106933594 129.0 107.0
v 105.0 128.21469116210938 107.0
v 104.69149017333984 129.0 121.0
v 105.0 129.0 120.2146224975586
v 104.55596160888672 129.0 122.0
v 104.6768798828125 129.0 123.0
v 105.0 129.0 123.52590942382812
v 105.0 128.57273864746094 124.0
v 105.0 129.45716857910156 121.0
v 105.0 129.52481079101562 122.0
v 105.0 129.3592529296875 123.0
v 105.33348083496094 96.0 115.0
v 105.20929718017578 96.0 116.0
v 105.02293395996094 97.0 103.0
v 105.2214584350586 97.0 106.0
v 105.55150604248047 97.0 107.0
v 105.5339584350586 97.0 108.0
v 105.49986267089844 97.0 109.0
v 105.49999237060547 97.0 110.0
v 105.4995346069336 97.0 111.0
v 105.44977569580078 97.0 112.0
v 105.33497619628906 97.0 113.0
v 105.41136932373047 97.0 114.0
v 105.76403045654297 97.0 115.0
v 106.0 97.0 115.81959533691406
v 106.0 96.93064880371094 116.0
v 106.0 97.0 116.09162139892578
v 105.93753051757812 97.0 119.0
v 106.0 97.0 118.90727233886719
v 106.0 96.93672180175781 119.0
v 106.0 96.87643432617188 120.0
v 105.89630889892578 97.0 120.0
v 106.0 97.0 120.15654754638672
v 105.26498413085938 98.0 102.0
v 105.51326751708984 98.0 103.0
v 105.29550170898438 98.0 104.0
v 105.04129028320312 98.0 105.0
v 105.6198959350586 98.0 106.0
v 106.0 98.0 106.63128662109375
v 106.0 97.70170593261719 107.0
v 106.0 97.55744171142578 108.0
v 106.0 97.54780578613281 109.0
v 106.0 97.51250457763672 110.0
v 106.0 97.50582885742188 111.0
v 106.0 97.6442642211914 112.0
v 106.0 98.0 112.64795684814453
v 105.8349609375 98.0 113.0
v 105.9308090209961 98.0 114.0
v 106.0 98.0 114.09300231933594
v 106.0 97.27245330810547 115.0
v 106.0 97.48370361328125 117.0
v 105.10240173339844 98.0 117.0
v 106.0 97.53482818603516 118.0
v 105.47037506103516 98.0 118.0
v 105.37770080566406 98.0 119.0
v 105.50129699707031 98.0 120.0
v 106.0 98.0 120.78782653808594
v 105.10892486572266 99.0 95.0
v 105.3042221069336 99.0 98.0
v 105.34925079345703 99.0 99.0
v 105.41661071777344 99.0 101.0
v 105.75035858154297 99.0 102.0
v 106.0 99.0 102.83220672607422
v 106.0 98.91642761230469 103.0
v 106.0 99.0 103.17329406738281
v 105.76110076904297 99.0 104.0
v 105.71728515625 99.0 105.0
v 106.0 99.0 105.50382995605469
v 106.0 98.5794906616211 106.0
v 106.0 98.19361877441406 113.0
v 106.0 98.07144927978516 114.0
v 106.0 98.18412780761719 121.0
v 105.30020141601562 99.0 121.0
v 106.0 98.44979095458984 122.0
v 105.49005126953125 99.0 122.0
v 106.0 98.6272964477539 123.0
v 105.6353988647461 99.0 123.0
v 106.0 99.0 123.52486419677734
v 105.31944274902344 100.0 93.0
v 105.65522766113281 100.0 94.0
v 106.0 100.0 94.96700286865234
v 106.0 99.98558807373047 95.0
v 105.67018127441406 100.0 96.0
v 106.0 100.0 95.0345687866211
v 105.67835235595703 100.0 97.0
v 106.0 100.0 97.59536743164062
v 106.0 99.75688171386719 98.0
v 106.0 99.6085205078125 99.0
v 106.0 99.66397094726562 100.0
v 106.0 99.57134246826172 101.0
v 106.0 99.33494567871094 102.0
v 106.0 99.34172821044922 104.0
v 106.0 99.33563995361328 105.0
v 106.0 99.33563232421875 124.0
v 106.0 100.0 124.72325897216797
v 105.40434265136719 101.0 92.0
v 106.0 101.0 92.67434692382812
v 106.0 100.73719787597656 93.0
v 106.0 100.37876892089844 94.0
v 106.0 100.35326385498047 96.0
v 106.0 100.34568786621094 97.0
v 106.0 100.25428771972656 125.0
v 105.20335388183594 101.0 125.0
v 106.0 100.53131103515625 126.0
v 105.50322723388672 101.0 126.0
v 106.0 100.6396713256836 127.0
v 105.55569458007812 101.0 127.0
v 106.0 100.80579376220703 128.0
v 105.75464630126953 101.0 128.0
v 106.0 101.0 128.3990936279297
v 106.0 102.0 91.70024871826172
v 106.0 101.66683197021484 92.0
v 106.0 101.330810546875 129.0
v 105.31529998779297 102.0 129.0
v 106.0 101.50714111328125 130.0
v 105.50624084472656 102.0 130.0
v 106.0 101.76282501220703 131.0
v 105.7577133178711 102.0 131.0
v 106.0 102.0 131.248779296875
v 105.27855682373047 103.0 89.0
v 106.0 103.0 89.78053283691406
v 106.0 102.8602066040039 90.0
v 106.0 102.54267120361328 91.0
v 105.07329559326172 103.0 131.0
v 106.0 103.0 131.96087646484375
v 106.0 104.0 88.8944091796875
v 106.0 103.82521057128906 89.0
v 105.29501342773438 104.0 131.0
v 106.0 104.0 131.89183044433594
v 106.0 105.0 88.87479400634766
v 105.15638732910156 105.0 131.0
v 106.0 104.20526885986328 132.0
v 105.6478500366211 105.0 132.0
v 106.0 105.0 132.37428283691406
v 106.0 105.229248046875 89.0
v 105.39395141601562 106.0 89.0
v 106.0 106.0 89.50527954101562
v 106.0 105.70807647705078 133.0
v 105.68019104003906 106.0 133.0
v 106.0 106.0 133.21795654296875
v 106.0 106.55622100830078 90.0
v 106.0 107.0 90.30360412597656
v 106.0 107.0 133.68605041503906
v 106.0 108.0 90.3464126586914
v 105.04053497314453 108.0 133.0
v 106.0 107.54981231689453 134.0
v 105.68815612792969 108.0 134.0
v 106.0 108.0 134.27789306640625
v 106.0 109.0 90.03662109375
v 105.15807342529297 109.0 133.0
v 105.40310668945312 109.0 134.0
v 106.0 109.0 134.40821838378906
v 105.52066802978516 110.0 89.0
v 106.0 110.0 88.72234344482422
v 106.0 109.69566345214844 89.0
v 106.0 109.0401382446289 90.0
v 105.14070892333984 110.0 133.0
v 105.60507202148438 110.0 134.0
v 106.0 110.0 134.32223510742188
v 106.0 111.0 88.05949401855469
v 105.6085205078125 111.0 134.0
v 106.0 111.0 134.30938720703125
v 105.61205291748047 112.0 88.0
v 106.0 112.0 87.93062591552734
v 106.0 111.4387435913086 88.0
v 105.78297424316406 112.0 134.0
v 106.0 112.0 134.15150451660156
v 106.0 112.1088638305664 88.0
v 106.0 113.0 88.52103424072266
v 105.24964904785156 113.0 123.0
v 105.29025268554688 113.0 124.0
v 106.0 112.25654602050781 134.0
v 106.0 113.0 133.62396240234375
v 106.0 113.60790252685547 89.0
v 105.30187225341797 114.0 89.0
v 106.0 114.0 89.36902618408203
v 105.5528564453125 114.0 123.0
v 105.79586791992188 114.0 124.0
v 105.4652328491211 114.0 125.0
v 105.30715942382812 114.0 126.0
v 106.0 114.0 133.425537109375
v 106.0 114.61442565917969 90.0
v 106.0 115.0 90.30582427978516
v 105.48969268798828 115.0 122.0
v 106.0 115.0 122.73822021484375
v 106.0 114.74887084960938 123.0
v 105.9473876953125 115.0 124.0
v 106.0 115.0 123.74520874023438
v 105.6680908203125 115.0 125.0
v 105.53388977050781 115.0 126.0
v 105.49984741210938 115.0 127.0
v 105.48799133300781 115.0 128.0
v 105.25299835205078 115.0 129.0
v 105.65096282958984 115.0 132.0
v 106.0 115.0 132.8750457763672
v 106.0 114.95379638671875 133.0
v 106.0 116.0 90.49164581298828
v 105.24714660644531 116.0 121.0
v 106.0 116.0 121.64055633544922
v 106.0 115.55437469482422 122.0
v 106.0 115.07841491699219 124.0
v 106.0 115.65192413330078 125.0
v 105.80224609375 116.0 126.0
v 106.0 116.0 125.49622344970703
v 106.0 116.0 126.54806518554688
v 106.0 115.75528717041016 127.0
v 106.0 115.57843017578125 128.0
v 106.0 115.82234954833984 129.0
v 106.0 116.0 129.22056579589844
v 106.0 115.30196380615234 132.0
v 106.0 116.0 131.47860717773438
v 106.0 117.0 90.63794708251953
v 105.63825225830078 117.0 121.0
v 106.0 117.0 121.24635314941406
v 106.0 116.54461669921875 126.0
v 106.0 116.48401641845703 130.0
v 106.0 116.34725189208984 131.0
v 106.0 117.58377075195312 91.0
v 106.0 118.0 91.4234619140625
v 106.0 117.46414184570312 121.0
v 106.0 118.0 120.73716735839844
v 106.0 118.83841705322266 92.0
v 106.0 119.0 92.09186553955078
v 106.0 119.0 120.34744262695312
v 106.0 120.0 91.92378234863281
v 106.0 119.62535858154297 92.0
v 106.0 119.44573974609375 120.0
v 106.0 120.0 119.53199005126953
v 105.84142303466797 121.0 91.0
v 106.0 121.0 91.14588928222656
v 106.0 121.0 119.15690612792969
v 105.01769256591797 122.0 91.0
v 106.0 122.0 91.7048568725586
v 106.0 121.24259185791016 119.0
v 106.0 122.0 118.47817993164062
v 105.17279052734375 123.0 92.0
v 106.0 122.23580169677734 92.0
v 105.48534393310547 123.0 93.0
v 106.0 122.48468017578125 93.0
v 105.68630981445312 123.0 94.0
v 106.0 122.68582153320312 94.0
v 106.0 123.0 94.50909423828125
v 105.69279479980469 123.0 97.0
v 106.0 122.66313171386719 97.0
v 106.0 123.0 96.49531555175781
v 105.6932373046875 123.0 98.0
v 106.0 122.66326141357422 98.0
v 106.0 123.0 98.49089813232422
v 105.73182678222656 123.0 113.0
v 106.0 122.67200469970703 113.0
v 106.0 123.0 112.09846496582031
v 105.72129821777344 123.0 114.0
v 106.0 122.61560821533203 114.0
v 106.0 123.0 114.93557739257812
v 106.0 122.52324676513672 118.0
v 106.0 123.0 117.38595581054688
v 105.28679656982422 124.0 95.0
v 106.0 123.30327606201172 95.0
v 105.25466918945312 124.0 96.0
v 106.0 123.30191802978516 96.0
v 105.32373809814453 124.0 99.0
v 106.0 123.31990051269531 99.0
v 105.68492889404297 124.0 100.0
v 106.0 123.68186950683594 100.0
v 106.0 124.0 100.44824981689453
v 105.77942657470703 124.0 111.0
v 106.0 123.68771362304688 111.0
v 106.0 124.0 110.6469497680664
v 105.56583404541016 124.0 112.0
v 106.0 123.05534362792969 112.0
v 105.4853744506836 124.0 113.0
v 105.50973510742188 124.0 114.0
v 106.0 124.0 114.86856079101562
v 106.0 123.43524169921875 117.0
v 106.0 124.0 116.5433349609375
v 105.74361419677734 124.0 122.0
v 106.0 124.0 121.34903717041016
v 106.0 123.71922302246094 122.0
v 106.0 123.67483520507812 123.0
v 105.69468688964844 124.0 123.0
v 106.0 124.0 123.48400115966797
v 105.61431884765625 125.0 101.0
v 106.0 124.48651123046875 101.0
v 106.0 125.0 101.62318420410156
v 105.60287475585938 125.0 110.0
v 106.0 124.545654296875 110.0
v 106.0 125.0 109.50601959228516
v 105.40836334228516 125.0 111.0
v 105.42790222167969 125.0 112.0
v 105.2570571899414 125.0 113.0
v 105.5400161743164 125.0 115.0
v 106.0 124.18634796142578 115.0
v 106.0 125.0 115.68694305419922
v 106.0 125.0 116.38504791259766
v 106.0 125.0 119.44668579101562
v 106.0 124.33966827392578 120.0
v 106.0 124.14005279541016 121.0
v 105.0099105834961 125.0 122.0
v 106.0 124.44031524658203 124.0
v 105.4650650024414 125.0 124.0
v 106.0 125.0 124.45423889160156
v 105.15616607666016 126.0 101.0
v 106.0 125.26661682128906 102.0
v 105.26729583740234 126.0 102.0
v 106.0 125.57192993164062 103.0
v 106.0 126.0 103.47071075439453
v 106.0 125.4097900390625 109.0
v 106.0 126.0 108.45722198486328
v 105.02589416503906 126.0 112.0
v 105.97341918945312 126.0 116.0
v 106.0 125.97631072998047 116.0
v 106.0 126.0 116.03195190429688
v 106.0 125.68480682373047 117.0
v 105.7571792602539 126.0 117.0
v 106.0 126.0 117.28646087646484
v 106.0 126.0 119.29517364501953
v 106.0 126.0 124.90924835205078
v 106.0 126.99104309082031 104.0
v 105.99059295654297 127.0 104.0
v 106.0 127.0 104.01054382324219
v 106.0 126.45281982421875 108.0
v 106.0 127.0 107.30555725097656
v 106.0 126.91822814941406 117.0
v 105.32401275634766 127.0 120.0
v 106.0 127.0 119.23395538330078
v 106.0 126.12511444091797 125.0
v 105.42198944091797 127.0 125.0
v 106.0 126.74860382080078 126.0
v 105.84547424316406 127.0 126.0
v 106.0 127.0 126.24394989013672
v 105.34374237060547 128.0 105.0
v 106.0 127.40111541748047 105.0
v 105.48297119140625 128.0 106.0
v 106.0 127.47667694091797 106.0
v 105.20011138916016 128.0 107.0
v 106.0 127.26868438720703 107.0
v 105.90641021728516 128.0 119.0
v 106.0 128.0 118.83934783935547
v 106.0 127.69139099121094 119.0
v 105.27362823486328 128.0 120.0
v 105.39905548095703 128.0 125.0
v 105.79788970947266 128.0 126.0
v 106.0 128.0 126.30622100830078
v 106.0 128.31546020507812 119.0
v 105.11734008789062 129.0 120.0
v 106.0 129.0 119.20829010009766
v 105.24991607666016 129.0 124.0
v 105.60099029541016 129.0 125.0
v 106.0 129.0 125.6494369506836
v 106.0 128.46002197265625 126.0
v 105.50685119628906 130.0 120.0
v 106.0 130.0 119.34061431884766
v 105.34129333496094 130.0 121.0
v 105.36593627929688 130.0 122.0
v 105.4987564086914 130.0 123.0
v 105.64099884033203 130.0 124.0
v 105.84856414794922 130.0 125.0
v 106.0 130.0 125.22352600097656
v 105.89257049560547 131.0 119.0
v 106.0 131.0 118.87873840332031
v 106.0 130.72630310058594 119.0
v 105.54428100585938 131.0 120.0
v 105.5370864868164 131.0 121.0
v 105.74098205566406 131.0 122.0
v 106.0 131.0 122.5405044555664
v 106.0 130.6876220703125 123.0
v 106.0 130.4609832763672 124.0
v 106.0 130.21444702148438 125.0
v 106.0 131.7870330810547 119.0
v 105.70475769042969 132.0 120.0
v 106.0 132.0 119.07691192626953
v 105.80072021484375 132.0 121.0
v 106.0 132.0 121.40364074707031
v 106.0 131.47654724121094 122.0
v 106.0 132.36920166015625 120.0
v 106.0 132.2720489501953 121.0
v 106.0895004272461 97.0 116.0
v 107.0 97.0 118.62617492675781
v 107.0 96.72076416015625 119.0
v 107.0 96.30271911621094 120.0
v 107.0 96.5680923461914 121.0
v 106.55593872070312 97.0 121.0
v 107.0 96.79519653320312 122.0
v 106.8238525390625 97.0 122.0
v 107.0 97.0 122.36039733886719
v 106.20056915283203 98.0 107.0
v 106.32445526123047 98.0 108.0
v 106.3593978881836 98.0 109.0
v 106.45613098144531 98.0 110.0
v 106.50006103515625 98.0 111.0
v 106.35650634765625 98.0 112.0
v 107.0 98.0 114.52685546875
v 107.0 97.63803100585938 115.0
v 107.0 97.41532897949219 116.0
v 107.0 97.46833801269531 117.0
v 107.0 97.37281036376953 118.0
v 106.1411361694336 98.0 121.0
v 106.36016082763672 98.0 122.0
v 107.0 97.37825775146484 123.0
v 106.5081787109375 98.0 123.0
v 107.0 97.86027526855469 124.0
v 106.88602447509766 98.0 124.0
v 107.0 98.0 124.12120056152344
v 106.05364227294922 99.0 103.0
v 106.2453384399414 99.0 106.0
v 106.4642333984375 99.0 107.0
v 106.50379943847656 99.0 108.0
v 106.62877655029297 99.0 109.0
v 107.0 99.0 109.73452758789062
v 107.0 98.77544403076172 110.0
v 107.0 98.51698303222656 111.0
v 107.0 98.54835510253906 112.0
v 107.0 98.89368438720703 113.0
v 107.0 98.44143676757812 114.0
v 106.33556365966797 99.0 124.0
v 107.0 99.0 124.72337341308594
v 106.0118637084961 100.0 95.0
v 106.19207000732422 100.0 98.0
v 106.3157958984375 100.0 99.0
v 106.2999267578125 100.0 100.0
v 106.35352325439453 100.0 101.0
v 106.45846557617188 100.0 102.0
v 106.46126556396484 100.0 103.0
v 106.40253448486328 100.0 104.0
v 106.49870300292969 100.0 105.0
v 106.63227844238281 100.0 106.0
v 106.66909790039062 100.0 107.0
v 106.67922973632812 100.0 108.0
v 106.84844970703125 100.0 109.0
v 107.0 100.0 109.24734497070312
v 107.0 99.26172637939453 125.0
v 106.26177978515625 100.0 125.0
v 107.0 99.62318420410156 126.0
v 106.62161254882812 100.0 126.0
v 107.0 100.0 126.6957778930664
v 106.21761322021484 101.0 93.0
v 106.4909439086914 101.0 94.0
v 106.59688568115234 101.0 95.0
v 106.53810119628906 101.0 96.0
v 106.53974151611328 101.0 97.0
v 106.63020324707031 101.0 98.0
v 106.65650177001953 101.0 99.0
v 106.66548919677734 101.0 100.0
v 106.77821350097656 101.0 101.0
v 106.98951721191406 101.0 102.0
v 106.63417053222656 101.0 103.0
v 106.63667297363281 101.0 104.0
v 107.0 101.0 104.73153686523438
v 107.0 100.7701644897461 105.0
v 107.0 100.50800323486328 106.0
v 107.0 100.4501724243164 107.0
v 107.0 100.42955780029297 108.0
v 107.0 100.21675109863281 109.0
v 107.0 100.14620971679688 127.0
v 107.0 100.34957122802734 128.0
v 107.0 100.50260925292969 129.0
v 106.36457824707031 101.0 129.0
v 107.0 100.68437957763672 130.0
v 106.59217071533203 101.0 130.0
v 107.0 101.0 130.76531982421875
v 106.23020935058594 102.0 92.0
v 106.7049331665039 102.0 93.0
v 107.0 102.0 93.58753204345703
v 107.0 101.71155548095703 94.0
v 107.0 101.53468322753906 95.0
v 107.0 101.55247497558594 96.0
v 107.0 101.5591812133789 97.0
v 107.0 101.56652069091797 98.0
v 107.0 101.64268493652344 99.0
v 107.0 101.54383087158203 100.0
v 107.0 101.35320281982422 101.0
v 107.0 101.02481842041016 102.0
v 107.0 102.0 102.71266174316406
v 106.85027313232422 102.0 103.0
v 106.85429382324219 102.0 104.0
v 107.0 102.0 104.24083709716797
v 107.0 101.14366149902344 131.0
v 107.0 102.0 131.62359619140625
v 106.14527130126953 103.0 90.0
v 106.45254516601562 103.0 91.0
v 106.755859375 103.0 92.0
v 107.0 103.0 92.44300842285156
v 107.0 102.50323486328125 93.0
v 107.0 102.25068664550781 103.0
v 107.0 102.23546600341797 104.0
v 107.0 102.4702377319336 132.0
v 106.0678482055664 103.0 132.0
v 107.0 103.0 132.4482879638672
v 106.10702514648438 104.0 89.0
v 106.58409118652344 104.0 90.0
v 107.0 104.0 90.7236328125
v 107.0 103.74637603759766 91.0
v 107.0 103.3174819946289 92.0
v 106.09879302978516 104.0 132.0
v 107.0 104.0 132.92601013183594
v 106.13440704345703 105.0 89.0
v 106.73672485351562 105.0 90.0
v 107.0 105.0 90.3360366821289
v 107.0 105.0 132.97267150878906
v 106.82451629638672 106.0 90.0
v 107.0 106.0 90.12478637695312
v 107.0 105.0428695678711 133.0
v 107.0 106.0 133.5072784423828
v 107.0 107.0 90.46788787841797
v 107.0 106.63766479492188 134.0
v 106.51255798339844 107.0 134.0
v 107.0 107.0 134.32119750976562
v 107.0 108.0 90.00545501708984
v 107.0 108.0 134.9533233642578
v 106.86294555664062 109.0 89.0
v 107.0 109.0 88.90270233154297
v 107.0 108.8836441040039 89.0
v 107.0 108.00508880615234 90.0
v 106.04493713378906 109.0 90.0
v 107.0 109.0 134.73049926757812
v 107.0 110.0 88.57611083984375
v 107.0 110.0 134.52967834472656
v 107.0 111.0 88.54557037353516
v 107.0 111.0 134.48927307128906
v 106.10575103759766 112.0 88.0
v 107.0 112.0 88.56513214111328
v 107.0 112.0 134.36289978027344
v 107.0 113.0 88.82330322265625
v 107.0 112.66145324707031 134.0
v 107.0 113.0 133.79029846191406
v 107.0 113.2386703491211 89.0
v 107.0 114.0 89.54417419433594
v 107.0 114.0 133.52793884277344
v 107.0 114.54247283935547 90.0
v 107.0 115.0 90.33491516113281
v 106.16875457763672 115.0 123.0
v 106.04472351074219 115.0 133.0
v 107.0 115.0 133.45321655273438
v 107.0 116.0 90.50467681884766
v 106.4195327758789 116.0 122.0
v 107.0 116.0 122.99683380126953
v 107.0 115.99798583984375 123.0
v 106.60987091064453 116.0 124.0
v 107.0 116.0 123.00386047363281
v 106.20822143554688 116.0 125.0
v 106.16827392578125 116.0 127.0
v 106.31930541992188 116.0 128.0
v 106.14069366455078 116.0 129.0
v 106.4991455078125 116.0 132.0
v 106.84872436523438 116.0 133.0
v 107.0 116.0 133.16336059570312
v 107.0 117.0 90.58584594726562
v 107.0 116.67750549316406 122.0
v 107.0 117.0 121.7745590209961
v 107.0 116.55657196044922 124.0
v 106.6758804321289 117.0 125.0
v 107.0 117.0 124.50110626220703
v 106.22563171386719 117.0 126.0
v 106.55345916748047 117.0 127.0
v 106.65440368652344 117.0 128.0
v 106.55084991455078 117.0 129.0
v 106.65210723876953 117.0 130.0
v 107.0 117.0 130.4794921875
v 107.0 116.71051788330078 131.0
v 107.0 116.40084075927734 132.0
v 107.0 116.18087768554688 133.0
v 106.714599609375 118.0 91.0
v 107.0 118.0 90.8750991821289
v 106.54244232177734 118.0 121.0
v 107.0 118.0 121.24555206298828
v 107.0 117.36388397216797 125.0
v 107.0 117.61035919189453 126.0
v 107.0 117.4725112915039 127.0
v 107.0 117.44153594970703 128.0
v 107.0 117.74962615966797 129.0
v 107.0 117.308837890625 130.0
v 107.0 118.38429260253906 91.0
v 106.13648986816406 119.0 92.0
v 107.0 119.0 91.27823638916016
v 107.0 118.30662536621094 121.0
v 107.0 119.0 120.41576385498047
v 107.0 120.0 91.93228149414062
v 106.79685974121094 120.0 119.0
v 107.0 119.85553741455078 119.0
v 107.0 120.0 118.82279968261719
v 107.0 119.36133575439453 120.0
v 107.0 120.1119155883789 92.0
v 106.5526351928711 121.0 92.0
v 107.0 121.0 92.66570281982422
v 106.86760711669922 121.0 97.0
v 107.0 120.80437469482422 97.0
v 107.0 121.0 96.79092407226562
v 106.86849212646484 121.0 98.0
v 107.0 120.8063735961914 98.0
v 107.0 121.0 98.19914245605469
v 106.2291488647461 121.0 119.0
v 107.0 121.0 118.45214080810547
v 106.19696807861328 122.0 92.0
v 107.0 121.2632827758789 93.0
v 106.45478820800781 122.0 93.0
v 106.66410064697266 122.0 94.0
v 107.0 121.58763885498047 94.0
v 107.0 122.0 94.6254653930664
v 106.5118637084961 122.0 97.0
v 107.0 122.0 96.20076751708984
v 106.51194763183594 122.0 98.0
v 107.0 122.0 98.78303527832031
v 106.70092010498047 122.0 114.0
v 107.0 121.76685333251953 114.0
v 107.0 122.0 113.35271453857422
v 106.53568267822266 122.0 115.0
v 107.0 121.44112396240234 115.0
v 106.85398864746094 122.0 116.0
v 107.0 121.8379135131836 116.0
v 107.0 122.0 116.2348403930664
v 107.0 122.0 118.22152709960938
v 106.30230712890625 123.0 95.0
v 107.0 122.22903442382812 95.0
v 106.3006362915039 123.0 96.0
v 107.0 122.17118835449219 96.0
v 106.31714630126953 123.0 99.0
v 107.0 122.18897247314453 99.0
v 106.65991973876953 123.0 100.0
v 107.0 122.59749603271484 100.0
v 107.0 123.0 100.60396575927734
v 106.8411636352539 123.0 111.0
v 107.0 122.88324737548828 111.0
v 107.0 123.0 110.85479736328125
v 106.12007904052734 123.0 112.0
v 107.0 122.7340087890625 112.0
v 107.0 122.1375503540039 113.0
v 106.02519989013672 123.0 115.0
v 106.5710220336914 123.0 116.0
v 107.0 122.92961120605469 117.0
v 106.88971710205078 123.0 117.0
v 107.0 122.41036224365234 118.0
v 106.6939926147461 123.0 122.0
v 107.0 123.0 121.59234619140625
v 107.0 122.69564819335938 122.0
v 107.0 122.56794738769531 123.0
v 106.5667953491211 123.0 123.0
v 107.0 122.82958221435547 124.0
v 106.830078125 123.0 124.0
v 107.0 123.0 124.29216003417969
v 106.37073516845703 124.0 101.0
v 107.0 123.25743103027344 101.0
v 106.7547378540039 124.0 102.0
v 107.0 123.65337371826172 102.0
v 107.0 124.0 102.44906616210938
v 106.55848693847656 124.0 110.0
v 107.0 123.62823486328125 110.0
v 107.0 124.0 109.5560073852539
v 106.10124969482422 124.0 115.0
v 106.59355926513672 124.0 116.0
v 106.233642578125 124.0 121.0
v 107.0 124.0 120.31808471679688
v 107.0 123.48271942138672 121.0
v 106.27994537353516 124.0 124.0
v 107.0 123.56452941894531 125.0
v 106.71632385253906 124.0 125.0
v 107.0 124.0 125.49610137939453
v 106.2230224609375 125.0 102.0
v 107.0 124.45304870605469 103.0
v 106.58743286132812 125.0 103.0
v 107.0 125.0 103.62272644042969
v 106.51473999023438 125.0 109.0
v 107.0 124.55179595947266 109.0
v 107.0 125.0 108.6173324584961
v 106.23826599121094 125.0 116.0
v 106.47441864013672 125.0 118.0
v 107.0 125.0 117.29876708984375
v 107.0 124.33116912841797 118.0
v 107.0 124.69539642333984 119.0
v 106.7563247680664 125.0 119.0
v 107.0 124.24457550048828 120.0
v 106.38866424560547 125.0 125.0
v 107.0 124.51527404785156 126.0
v 106.7382583618164 125.0 126.0
v 107.0 125.0 126.50231170654297
v 106.45384979248047 126.0 104.0
v 107.0 125.29583740234375 104.0
v 106.78211212158203 126.0 105.0
v 107.0 125.6978759765625 105.0
v 107.0 126.0 105.48627471923828
v 107.0 126.0 108.04005432128906
v 107.0 126.0 116.5486831665039
v 107.0 125.24408721923828 117.0
v 106.30848693847656 126.0 118.0
v 106.30914306640625 126.0 119.0
v 106.08264923095703 126.0 125.0
v 106.40279388427734 126.0 126.0
v 107.0 125.48725891113281 127.0
v 106.7196273803711 126.0 127.0
v 107.0 126.0 127.44600677490234
v 106.34223937988281 127.0 105.0
v 107.0 126.30207824707031 106.0
v 106.44999694824219 127.0 106.0
v 106.29351043701172 127.0 107.0
v 107.0 126.41722869873047 107.0
v 107.0 126.03960418701172 108.0
v 106.01802825927734 127.0 117.0
v 107.0 127.0 116.41577911376953
v 106.3255844116211 127.0 118.0
v 106.18193817138672 127.0 119.0
v 106.41789245605469 127.0 127.0
v 107.0 126.77859497070312 128.0
v 106.88947296142578 127.0 128.0
v 107.0 127.0 128.10977172851562
v 106.5915298461914 128.0 116.0
v 107.0 128.0 115.87264251708984
v 107.0 127.77252197265625 116.0
v 106.32012939453125 128.0 117.0
v 106.36670684814453 128.0 118.0
v 106.4176254272461 128.0 127.0
v 106.89400482177734 128.0 128.0
v 107.0 128.0 128.1048583984375
v 106.072998046875 129.0 116.0
v 107.0 129.0 115.60609436035156
v 106.38670349121094 129.0 117.0
v 106.54520416259766 129.0 118.0
v 106.18704986572266 129.0 119.0
v 106.24908447265625 129.0 126.0
v 106.77487182617188 129.0 127.0
v 107.0 129.0 127.31590270996094
v 107.0 128.17405700683594 128.0
v 106.49747467041016 130.0 116.0
v 107.0 130.0 115.759765625
v 106.57774353027344 130.0 117.0
v 106.96025085449219 130.0 118.0
v 106.3102798461914 130.0 119.0
v 106.55281829833984 130.0 126.0
v 107.0 130.0 126.45010375976562
v 107.0 129.29342651367188 127.0
v 107.0 130.3165283203125 116.0
v 107.0 130.90011596679688 117.0
v 107.0 130.10171508789062 118.0
v 107.0 131.0 118.34362030029297
v 106.24327850341797 131.0 123.0
v 106.5013656616211 131.0 124.0
v 106.61902618408203 131.0 125.0
v 107.0 131.0 125.94751739501953
v 107.0 130.95745849609375 126.0
v 106.12876892089844 132.0 119.0
v 107.0 132.0 118.76383209228516
v 106.30520629882812 132.0 122.0
v 106.82572174072266 132.0 123.0
v 107.0 132.0 123.22297668457031
v 107.0 131.4584503173828 124.0
v 107.0 131.30746459960938 125.0
v 107.0 132.23089599609375 119.0
v 106.83174133300781 133.0 120.0
v 107.0 133.0 119.84454345703125
v 106.633544921875 133.0 121.0
v 106.9302978515625 133.0 122.0
v 107.0 133.0 122.08354187011719
v 107.0 132.1971893310547 123.0
v 107.0 133.11634826660156 120.0
v 107.0 133.28994750976562 121.0
v 107.0 133.06283569335938 122.0
v 107.8583984375 97.0 119.0
v 108.0 97.0 119.08077239990234
v 108.0 96.54472351074219 120.0
v 108.0 96.48542785644531 121.0
v 108.0 96.29139709472656 122.0
v 108.0 96.52786254882812 123.0
v 107.38629913330078 97.0 123.0
v 108.0 96.78499603271484 124.0
v 107.77069091796875 97.0 124.0
v 108.0 97.0 124.24574279785156
v 108.0 98.0 114.71623992919922
v 108.0 97.79517364501953 115.0
v 108.0 97.5342025756836 116.0
v 108.0 97.49734497070312 117.0
v 108.0 97.42994689941406 118.0
v 108.0 97.04649353027344 119.0
v 108.0 98.0 124.8753433227539
v 107.1586685180664 99.0 110.0
v 107.45497131347656 99.0 111.0
v 107.8578872680664 99.0 112.0
v 107.3792724609375 99.0 113.0
v 108.0 99.0 113.24574279785156
v 108.0 98.53089141845703 114.0
v 108.0 98.14220428466797 125.0
v 107.25372314453125 99.0 125.0
v 108.0 98.53773498535156 126.0
v 107.54813385009766 99.0 126.0
v 108.0 98.82762908935547 127.0
v 107.82743835449219 99.0 127.0
v 108.0 99.0 127.29562377929688
v 107.4189224243164 100.0 110.0
v 107.90654754638672 100.0 111.0
v 108.0 100.0 111.11017608642578
v 108.0 99.09819030761719 112.0
v 108.0 99.15573120117188 113.0
v 107.15596771240234 100.0 127.0
v 108.0 99.4217300415039 128.0
v 107.42196655273438 100.0 128.0
v 108.0 99.7584457397461 129.0
v 107.68547058105469 100.0 129.0
v 108.0 100.0 129.45901489257812
v 107.15586853027344 101.0 105.0
v 107.35848999023438 101.0 106.0
v 107.45999908447266 101.0 107.0
v 107.5011978149414 101.0 108.0
v 107.56306457519531 101.0 109.0
v 107.8958511352539 101.0 110.0
v 108.0 101.0 110.12518310546875
v 108.0 100.11697387695312 111.0
v 108.0 100.30520629882812 130.0
v 108.0 101.0 130.90615844726562
v 107.20600128173828 102.0 94.0
v 107.3289794921875 102.0 95.0
v 107.3276138305664 102.0 96.0
v 107.31954956054688 102.0 97.0
v 107.2824935913086 102.0 98.0
v 107.20869445800781 102.0 99.0
v 107.2870101928711 102.0 100.0
v 107.3595962524414 102.0 101.0
v 107.32524871826172 102.0 102.0
v 107.40477752685547 102.0 105.0
v 107.7351303100586 102.0 106.0
v 108.0 102.0 106.5694580078125
v 108.0 101.71722412109375 107.0
v 108.0 101.54912567138672 108.0
v 108.0 101.44929504394531 109.0
v 108.0 101.10304260253906 110.0
v 108.0 101.09113311767578 131.0
v 108.0 102.0 131.87649536132812
v 107.28897094726562 103.0 93.0
v 107.5871353149414 103.0 94.0
v 107.6177749633789 103.0 95.0
v 107.49453735351562 103.0 96.0
v 107.3692855834961 103.0 97.0
v 107.26487731933594 103.0 98.0
v 107.11410522460938 103.0 99.0
v 107.30805969238281 103.0 100.0
v 107.4647216796875 103.0 101.0
v 107.46745300292969 103.0 102.0
v 107.37950897216797 103.0 103.0
v 107.41455078125 103.0 104.0
v 107.71760559082031 103.0 105.0
v 108.0 103.0 105.49998474121094
v 108.0 102.49028015136719 106.0
v 108.0 102.1247787475586 132.0
v 108.0 103.0 132.87994384765625
v 107.18370819091797 104.0 91.0
v 107.49590301513672 104.0 92.0
v 107.75648498535156 104.0 93.0
v 108.0 104.0 93.54432678222656
v 108.0 103.6968994140625 94.0
v 108.0 103.7534408569336 95.0
v 108.0 104.0 95.23220825195312
v 107.54698181152344 104.0 96.0
v 107.11563873291016 104.0 97.0
v 107.1248550415039 104.0 98.0
v 107.34623718261719 104.0 99.0
v 107.32485961914062 104.0 100.0
v 107.54015350341797 104.0 101.0
v 107.5644760131836 104.0 102.0
v 107.63186645507812 104.0 103.0
v 107.78897857666016 104.0 104.0
v 108.0 104.0 104.4374008178711
v 108.0 103.51060485839844 105.0
v 108.0 103.18283081054688 133.0
v 107.12679290771484 104.0 133.0
v 108.0 104.0 133.36239624023438
v 107.48573303222656 105.0 91.0
v 108.0 105.0 91.78809356689453
v 108.0 104.78457641601562 92.0
v 108.0 104.36499786376953 93.0
v 107.82238006591797 105.0 96.0
v 108.0 105.0 95.71391296386719
v 107.68658447265625 105.0 97.0
v 108.0 105.0 97.6720962524414
v 108.0 104.82994842529297 98.0
v 108.0 104.6297836303711 99.0
v 108.0 104.68609619140625 100.0
v 108.0 104.91344451904297 101.0
v 108.0 105.0 101.3008804321289
v 107.88694763183594 105.0 102.0
v 108.0 105.0 102.3290023803711
v 108.0 104.6579360961914 103.0
v 108.0 104.32553100585938 104.0
v 107.043212890625 105.0 133.0
v 108.0 105.0 133.4459686279297
v 107.54534149169922 106.0 91.0
v 108.0 106.0 91.70509338378906
v 108.0 105.2789535522461 96.0
v 108.0 105.39256286621094 97.0
v 108.0 105.24344635009766 102.0
v 108.0 106.0 133.7676239013672
v 107.40291595458984 107.0 91.0
v 108.0 106.49420928955078 92.0
v 107.7967300415039 107.0 92.0
v 108.0 107.0 92.32156372070312
v 108.0 106.3050765991211 134.0
v 108.0 107.0 134.52896118164062
v 107.6054916381836 108.0 91.0
v 107.85454559326172 108.0 92.0
v 108.0 108.0 92.24339294433594
v 108.0 107.620849609375 135.0
v 107.1220474243164 108.0 135.0
v 108.0 108.0 135.26486206054688
v 107.71468353271484 109.0 89.0
v 108.0 109.0 89.09590911865234
v 108.0 108.61283111572266 90.0
v 108.0 108.46284484863281 91.0
v 108.0 108.20980072021484 92.0
v 107.59525299072266 109.0 135.0
v 108.0 109.0 135.19175720214844
v 108.0 110.0 88.95442962646484
v 108.0 109.47359466552734 89.0
v 108.0 109.3110122680664 135.0
v 108.0 110.0 134.6302947998047
v 108.0 110.07805633544922 89.0
v 107.48692321777344 111.0 89.0
v 108.0 111.0 89.82081604003906
v 108.0 111.0 134.50372314453125
v 107.44518280029297 112.0 89.0
v 108.0 112.0 89.62125396728516
v 108.0 112.0 134.46206665039062
v 107.23530578613281 113.0 89.0
v 108.0 113.0 89.55696105957031
v 107.50309753417969 113.0 134.0
v 108.0 113.0 134.2072296142578
v 108.0 114.0 89.83975982666016
v 108.0 113.33708190917969 134.0
v 108.0 114.0 133.6383819580078
v 108.0 114.22356414794922 90.0
v 108.0 115.0 90.51530456542969
v 108.0 115.0 133.63076782226562
v 108.0 116.0 90.72522735595703
v 107.00160217285156 116.0 123.0
v 108.0 115.87319946289062 134.0
v 107.90753173828125 116.0 134.0
v 108.0 116.0 134.06773376464844
v 108.0 117.0 90.94346618652344
v 107.27873992919922 117.0 122.0
v 107.55731201171875 117.0 123.0
v 107.28459930419922 117.0 124.0
v 107.54069519042969 117.0 131.0
v 108.0 117.0 131.48500061035156
v 108.0 116.74156951904297 132.0
v 108.0 116.9581298828125 133.0
v 108.0 116.41439056396484 134.0
v 108.0 117.09163665771484 91.0
v 107.1935806274414 118.0 91.0
v 107.97434997558594 118.0 92.0
v 108.0 117.9577407836914 92.0
v 108.0 118.0 92.04308319091797
v 108.0 117.6176528930664 122.0
v 108.0 118.0 121.60398864746094
v 108.0 117.60840606689453 123.0
v 107.82948303222656 118.0 124.0
v 108.0 118.0 123.6602554321289
v 107.54239654541016 118.0 125.0
v 107.38015747070312 118.0 126.0
v 107.56110382080078 118.0 127.0
v 107.86338806152344 118.0 128.0
v 107.4043960571289 118.0 129.0
v 108.0 118.0 129.55433654785156
v 108.0 117.78704071044922 130.0
v 108.0 117.25778198242188 131.0
v 107.92770385742188 118.0 133.0
v 108.0 118.0 132.96499633789062
v 108.0 117.5339126586914 133.0
v 108.0 118.0 133.0426025390625
v 107.90972137451172 119.0 92.0
v 108.0 119.0 92.2451400756836
v 107.94005584716797 119.0 94.0
v 108.0 118.8858413696289 94.0
v 108.0 119.0 93.73005676269531
v 108.0 119.0 94.17442321777344
v 107.84552001953125 119.0 97.0
v 108.0 118.7414779663086 97.0
v 108.0 119.0 96.70138549804688
v 107.85118103027344 119.0 98.0
v 108.0 118.75262451171875 98.0
v 108.0 119.0 98.22378540039062
v 108.0 118.62100219726562 121.0
v 108.0 119.0 120.58028411865234
v 108.0 118.17417907714844 124.0
v 108.0 118.44713592529297 125.0
v 108.0 118.95181274414062 126.0
v 108.0 118.55773162841797 127.0
v 108.0 118.10553741455078 128.0
v 108.0 118.26046752929688 129.0
v 107.50407409667969 119.0 133.0
v 108.0 119.0 132.83438110351562
v 108.0 119.0 133.16659545898438
v 107.07357788085938 120.0 92.0
v 108.0 119.2424545288086 93.0
v 107.5534439086914 120.0 93.0
v 107.56730651855469 120.0 94.0
v 108.0 119.48233032226562 95.0
v 107.73728942871094 120.0 95.0
v 107.96480560302734 120.0 96.0
v 108.0 119.92171478271484 96.0
v 107.5101547241211 120.0 97.0
v 107.51554107666016 120.0 98.0
v 108.0 120.0 98.7574691772461
v 107.89739990234375 120.0 118.0
v 108.0 119.9208984375 118.0
v 108.0 120.0 117.91228485107422
v 108.0 119.55101013183594 119.0
v 108.0 119.37403106689453 120.0
v 107.92081451416016 120.0 133.0
v 108.0 120.0 132.96707153320312
v 108.0 120.0 133.0328826904297
v 107.18989562988281 121.0 93.0
v 107.36625671386719 121.0 94.0
v 107.49105072021484 121.0 95.0
v 107.45406341552734 121.0 96.0
v 107.49830627441406 121.0 99.0
v 108.0 120.23633575439453 99.0
v 107.78453826904297 121.0 100.0
v 108.0 120.69747924804688 100.0
v 108.0 121.0 100.4736099243164
v 107.45970153808594 121.0 118.0
v 108.0 121.0 117.29115295410156
v 108.0 120.05339050292969 133.0
v 107.178466796875 122.0 95.0
v 107.12959289550781 122.0 96.0
v 107.14234161376953 122.0 99.0
v 107.39795684814453 122.0 100.0
v 108.0 121.351318359375 101.0
v 107.5985107421875 122.0 101.0
v 107.8085708618164 122.0 102.0
v 108.0 121.74801635742188 102.0
v 108.0 122.0 102.31770324707031
v 108.0 121.78926086425781 114.0
v 108.0 122.0 113.56379699707031
v 108.0 121.26249694824219 115.0
v 108.0 121.31555938720703 116.0
v 107.4347152709961 122.0 117.0
v 108.0 121.27757263183594 117.0
v 107.19438171386719 122.0 118.0
v 107.77246856689453 122.0 122.0
v 108.0 122.0 121.71196746826172
v 108.0 121.81897735595703 122.0
v 108.0 121.78581237792969 123.0
v 107.72612762451172 122.0 123.0
v 108.0 122.0 123.46454620361328
v 107.19584655761719 123.0 101.0
v 107.40595245361328 123.0 102.0
v 108.0 122.60376739501953 103.0
v 107.73086547851562 123.0 103.0
v 108.0 123.0 103.43413543701172
v 108.0 122.13941955566406 111.0
v 108.0 123.0 110.05000305175781
v 108.0 122.37654113769531 112.0
v 108.0 122.20450592041016 113.0
v 107.5916976928711 123.0 121.0
v 108.0 123.0 120.62179565429688
v 108.0 122.6240234375 121.0
v 108.0 122.24154663085938 124.0
v 108.0 122.45921325683594 125.0
v 107.42498016357422 123.0 125.0
v 108.0 122.64745330810547 126.0
v 107.7498550415039 123.0 126.0
v 108.0 123.0 126.7885513305664
v 107.28988647460938 124.0 103.0
v 108.0 123.54281616210938 104.0
v 107.70851135253906 124.0 104.0
v 108.0 124.0 104.55747985839844
v 107.54975128173828 124.0 109.0
v 108.0 123.59085083007812 109.0
v 108.0 124.0 108.494140625
v 108.0 123.0400619506836 110.0
v 107.55953979492188 124.0 119.0
v 108.0 124.0 118.49575805664062
v 108.0 123.34900665283203 119.0
v 108.0 123.97874450683594 120.0
v 107.9530258178711 124.0 120.0
v 107.28640747070312 124.0 126.0
v 108.0 123.11599731445312 127.0
v 107.56163024902344 124.0 127.0
v 108.0 123.27611541748047 128.0
v 107.73054504394531 124.0 128.0
v 108.0 124.0 128.33505249023438
v 107.22280883789062 125.0 104.0
v 108.0 124.31558990478516 105.0
v 107.4998550415039 125.0 105.0
v 107.75179290771484 125.0 106.0
v 108.0 124.67206573486328 106.0
v 108.0 125.0 106.8449478149414
v 107.59532928466797 125.0 108.0
v 108.0 124.47317504882812 108.0
v 108.0 125.0 107.1108627319336
v 107.46588897705078 125.0 117.0
v 108.0 125.0 116.82986450195312
v 108.0 124.80387115478516 117.0
v 108.0 124.24539947509766 118.0
v 107.25846099853516 125.0 127.0
v 107.55554962158203 125.0 128.0
v 108.0 125.0 128.74647521972656
v 107.2365951538086 126.0 106.0
v 108.0 125.06976318359375 107.0
v 107.39273071289062 126.0 107.0
v 107.03982543945312 126.0 108.0
v 108.0 126.0 116.53372192382812
v 107.42318725585938 126.0 128.0
v 108.0 126.0 128.48289489746094
v 108.0 127.0 116.46529388427734
v 108.0 127.0 128.46461486816406
v 107.35600280761719 128.0 116.0
v 108.0 128.0 116.21340942382812
v 108.0 128.0 128.45140075683594
v 108.0 129.0 115.64407348632812
v 108.0 128.34593200683594 116.0
v 107.78484344482422 129.0 128.0
v 108.0 129.0 128.1327362060547
v 108.0 130.0 115.69223022460938
v 108.0 129.8152618408203 127.0
v 108.0 130.0 126.8150863647461
v 108.0 129.1438446044922 128.0
v 108.0 130.41310119628906 116.0
v 107.27485656738281 131.0 117.0
v 108.0 131.0 116.8053207397461
v 108.0 131.0 117.48458862304688
v 108.0 130.8463592529297 118.0
v 108.0 131.0 118.1907730102539
v 107.13703918457031 131.0 126.0
v 108.0 131.0 126.13461303710938
v 108.0 131.1420440673828 117.0
v 108.0 131.69598388671875 119.0
v 107.44026947021484 132.0 119.0
v 108.0 132.0 119.2435531616211
v 108.0 131.65499877929688 124.0
v 108.0 132.0 123.52677917480469
v 108.0 131.45384216308594 125.0
v 108.0 131.12403869628906 126.0
v 108.0 133.0 119.92501068115234
v 108.0 132.4395294189453 123.0
v 108.0 133.0 122.19288635253906
v 108.0 133.06747436523438 120.0
v 108.0 133.30377197265625 121.0
v 108.0 133.13427734375 122.0
v 108.457275390625 97.0 119.0
v 109.0 97.0 118.90643310546875
v 109.0 96.94537353515625 119.0
v 109.0 96.70664978027344 120.0
v 109.0 96.97225952148438 121.0
v 109.0 96.69883728027344 122.0
v 109.0 96.52571105957031 123.0
v 109.0 96.34089660644531 124.0
v 109.0 96.9083023071289 125.0
v 108.88626098632812 97.0 125.0
v 109.0 97.0 125.1391372680664
v 108.4874038696289 98.0 115.0
v 109.0 98.0 115.34303283691406
v 109.0 97.63697052001953 116.0
v 109.0 97.50654602050781 117.0
v 109.0 97.40608215332031 118.0
v 108.12848663330078 98.0 125.0
v 109.0 97.5679702758789 126.0
v 108.59819793701172 98.0 126.0
v 109.0 98.0 126.6617431640625
v 109.0 99.0 113.45208740234375
v 109.0 98.6294174194336 114.0
v 109.0 98.21548461914062 115.0
v 109.0 98.18921661376953 127.0
v 109.0 98.61715698242188 128.0
v 108.51846313476562 99.0 128.0
v 109.0 99.0 128.6015167236328
v 109.0 100.0 111.64630126953125
v 109.0 99.69841003417969 112.0
v 109.0 99.31901550292969 113.0
v 109.0 99.23509216308594 129.0
v 109.0 99.53392791748047 130.0
v 108.37755584716797 100.0 130.0
v 109.0 100.0 130.92535400390625
v 109.0 101.0 110.53650665283203
v 109.0 100.5384292602539 111.0
v 109.0 100.09796905517578 131.0
v 108.16146087646484 101.0 131.0
v 109.0 101.0 131.3953399658203
v 108.20734405517578 102.0 107.0
v 108.3639907836914 102.0 108.0
v 108.59981536865234 102.0 109.0
v 109.0 102.0 109.49270629882812
v 109.0 101.58529663085938 110.0
v 109.0 101.584228515625 132.0
v 108.1990966796875 102.0 132.0
v 109.0 102.0 132.6169891357422
v 108.28242492675781 103.0 106.0
v 108.59197998046875 103.0 107.0
v 108.78909301757812 103.0 108.0
v 109.0 103.0 108.37684631347656
v 109.0 102.4920654296875 109.0
v 109.0 102.32592010498047 133.0
v 108.15632629394531 103.0 133.0
v 109.0 103.0 133.62002563476562
v 108.19715118408203 104.0 94.0
v 108.14744567871094 104.0 95.0
v 108.26348114013672 104.0 105.0
v 108.59521484375 104.0 106.0
v 109.0 104.0 106.74124145507812
v 109.0 103.74275207519531 107.0
v 109.0 103.32212829589844 108.0
v 109.0 104.0 133.70840454101562
v 108.14335632324219 105.0 92.0
v 108.360595703125 105.0 93.0
v 108.45642852783203 105.0 94.0
v 108.36251831054688 105.0 95.0
v 108.14227294921875 105.0 98.0
v 108.29573059082031 105.0 99.0
v 108.24494934082031 105.0 100.0
v 108.05097198486328 105.0 101.0
v 108.21449279785156 105.0 103.0
v 108.39693450927734 105.0 104.0
v 108.5997085571289 105.0 105.0
v 108.84253692626953 105.0 106.0
v 109.0 105.0 106.25533294677734
v 109.0 105.0 133.79421997070312
v 108.1971664428711 106.0 92.0
v 108.45654296875 106.0 93.0
v 108.49567413330078 106.0 94.0
v 108.46745300292969 106.0 95.0
v 108.3724136352539 106.0 96.0
v 108.36932373046875 106.0 97.0
v 108.46049499511719 106.0 98.0
v 108.48743438720703 106.0 99.0
v 108.40325164794922 106.0 100.0
v 108.16182708740234 106.0 101.0
v 108.30492401123047 106.0 102.0
v 108.46993255615234 106.0 103.0
v 108.62922668457031 106.0 104.0
v 109.0 106.0 104.7067642211914
v 109.0 105.7160873413086 105.0
v 109.0 105.23528289794922 106.0
v 109.0 105.43106079101562 134.0
v 108.45352172851562 106.0 134.0
v 109.0 106.0 134.2606964111328
v 108.37124633789062 107.0 93.0
v 108.49479675292969 107.0 94.0
v 108.49855041503906 107.0 95.0
v 108.49493408203125 107.0 96.0
v 108.49626922607422 107.0 97.0
v 108.503662109375 107.0 98.0
v 108.50367736816406 107.0 99.0
v 108.47181701660156 107.0 100.0
v 108.4137954711914 107.0 101.0
v 108.49899291992188 107.0 102.0
v 108.63243103027344 107.0 103.0
v 108.84095764160156 107.0 104.0
v 109.0 107.0 104.2488784790039
v 109.0 107.0 134.5943145751953
v 108.37808990478516 108.0 93.0
v 108.49632263183594 108.0 94.0
v 108.50006103515625 108.0 95.0
v 108.50139617919922 108.0 96.0
v 108.53238677978516 108.0 97.0
v 108.62694549560547 108.0 98.0
v 108.62690734863281 108.0 99.0
v 108.53120422363281 108.0 100.0
v 108.5042724609375 108.0 101.0
v 108.63214111328125 108.0 102.0
v 109.0 108.0 102.73418426513672
v 109.0 107.73347473144531 103.0
v 109.0 107.29888153076172 104.0
v 109.0 107.69878387451172 135.0
v 109.0 108.0 135.19329833984375
v 108.32136535644531 109.0 90.0
v 108.45506286621094 109.0 91.0
v 108.53775024414062 109.0 92.0
v 108.59845733642578 109.0 93.0
v 108.53645324707031 109.0 94.0
v 108.506591796875 109.0 95.0
v 108.50666046142578 109.0 96.0
v 108.62881469726562 109.0 97.0
v 109.0 109.0 97.75299835205078
v 109.0 108.75421905517578 98.0
v 109.0 108.75088500976562 99.0
v 109.0 109.0 99.2558364868164
v 108.636962890625 109.0 100.0
v 108.5489730834961 109.0 101.0
v 108.79293060302734 109.0 102.0
v 109.0 109.0 102.33924865722656
v 109.0 109.0 135.2755126953125
v 108.04509735107422 110.0 89.0
v 108.48487091064453 110.0 90.0
v 109.0 110.0 90.80402374267578
v 109.0 109.8088150024414 91.0
v 109.0 109.56592559814453 92.0
v 109.0 109.68157196044922 93.0
v 109.0 110.0 93.49565124511719
v 108.79066467285156 110.0 94.0
v 108.63531494140625 110.0 95.0
v 108.54492950439453 110.0 96.0
v 108.67640686035156 110.0 97.0
v 109.0 110.0 97.50696563720703
v 108.84778594970703 110.0 100.0
v 109.0 110.0 99.72903442382812
v 108.80350494384766 110.0 101.0
v 109.0 110.0 101.42286682128906
v 109.0 109.43761444091797 102.0
v 109.0 109.4451675415039 135.0
v 109.0 110.0 134.6708984375
v 108.14250946044922 111.0 90.0
v 109.0 111.0 90.66719818115234
v 109.0 110.33687591552734 94.0
v 109.0 110.66307067871094 95.0
v 109.0 111.0 95.51508331298828
v 108.80137634277344 111.0 96.0
v 108.85021209716797 111.0 97.0
v 109.0 111.0 97.28340148925781
v 109.0 110.28416442871094 100.0
v 109.0 110.31710815429688 101.0
v 109.0 111.0 134.5078125
v 108.37554168701172 112.0 90.0
v 109.0 112.0 90.60292053222656
v 109.0 111.31851196289062 96.0
v 109.0 111.25704193115234 97.0
v 109.0 112.0 134.4921875
v 108.4706039428711 113.0 90.0
v 109.0 113.0 90.57377624511719
v 109.0 113.0 134.32908630371094
v 108.19883728027344 114.0 90.0
v 109.0 114.0 90.76507568359375
v 109.0 113.55467987060547 134.0
v 109.0 114.0 133.72434997558594
v 108.5750503540039 115.0 91.0
v 109.0 114.3388442993164 91.0
v 109.0 115.0 91.63440704345703
v 108.7991714477539 115.0 98.0
v 109.0 114.64677429199219 98.0
v 109.0 115.0 97.51170349121094
v 108.84611511230469 115.0 99.0
v 109.0 114.64466094970703 99.0
v 109.0 115.0 99.26071166992188
v 109.0 115.0 133.8013153076172
v 108.2905044555664 116.0 91.0
v 109.0 115.3193588256836 92.0
v 108.6171875 116.0 92.0
v 108.67008972167969 116.0 93.0
v 109.0 115.49858093261719 93.0
v 108.75919342041016 116.0 94.0
v 109.0 115.64054870605469 94.0
v 108.99585723876953 116.0 95.0
v 109.0 115.99402618408203 95.0
v 108.757080078125 116.0 96.0
v 109.0 115.63420867919922 96.0
v 108.63392639160156 116.0 97.0
v 109.0 115.33621978759766 97.0
v 108.54495239257812 116.0 98.0
v 108.67842102050781 116.0 99.0
v 109.0 116.0 99.48966217041016
v 109.0 115.34300994873047 134.0
v 109.0 116.0 134.34158325195312
v 108.05565643310547 117.0 91.0
v 108.3711929321289 117.0 92.0
v 108.47138977050781 117.0 93.0
v 108.4442367553711 117.0 94.0
v 108.30823516845703 117.0 95.0
v 108.44847869873047 117.0 96.0
v 108.49769592285156 117.0 97.0
v 108.50294494628906 117.0 98.0
v 108.66836547851562 117.0 99.0
v 109.0 117.0 99.50060272216797
v 108.73387145996094 117.0 132.0
v 108.05103302001953 117.0 133.0
v 108.21392822265625 117.0 134.0
v 109.0 117.0 134.29864501953125
v 108.36239624023438 118.0 93.0
v 108.36781311035156 118.0 94.0
v 108.37486267089844 118.0 95.0
v 108.43447875976562 118.0 96.0
v 108.37137603759766 118.0 97.0
v 108.37948608398438 118.0 98.0
v 108.63594055175781 118.0 99.0
v 109.0 118.0 99.5232925415039
v 108.66583251953125 118.0 122.0
v 108.37395477294922 118.0 123.0
v 108.35149383544922 118.0 130.0
v 109.0 118.0 130.45700073242188
v 109.0 117.54689025878906 131.0
v 109.0 117.14485168457031 132.0
v 109.0 118.0 132.80995178222656
v 109.0 117.5020751953125 134.0
v 109.0 118.0 133.29322814941406
v 108.15133666992188 119.0 93.0
v 108.2464828491211 119.0 95.0
v 108.31782531738281 119.0 96.0
v 108.49298858642578 119.0 99.0
v 109.0 119.0 99.77798461914062
v 108.64676666259766 119.0 121.0
v 109.0 119.0 121.31192779541016
v 109.0 118.30917358398438 122.0
v 108.97806549072266 119.0 123.0
v 109.0 119.0 122.95612335205078
v 109.0 118.63424682617188 124.0
v 109.0 119.0 123.04338836669922
v 109.0 118.72122192382812 125.0
v 108.0484619140625 119.0 126.0
v 109.0 119.0 125.32591247558594
v 108.3058853149414 119.0 127.0
v 108.77693176269531 119.0 128.0
v 109.0 119.0 128.3621826171875
v 109.0 118.67185974121094 129.0
v 109.0 118.490478515625 130.0
v 109.0 119.0 132.85110473632812
v 109.0 119.0 133.15882873535156
v 108.16893768310547 120.0 99.0
v 109.0 119.22411346435547 100.0
v 108.49592590332031 120.0 100.0
v 108.75946807861328 120.0 101.0
v 109.0 119.6412582397461 101.0
v 109.0 120.0 101.42301177978516
v 108.96351623535156 120.0 115.0
v 109.0 119.95520782470703 115.0
v 109.0 120.0 114.90255737304688
v 109.0 120.0 115.09647369384766
v 109.0 119.64556121826172 118.0
v 109.0 120.0 117.35934448242188
v 109.0 119.53648376464844 119.0
v 109.0 119.55451202392578 120.0
v 109.0 119.18882751464844 121.0
v 109.0 119.06185150146484 123.0
v 108.67535400390625 120.0 126.0
v 109.0 120.0 125.70883178710938
v 108.70244598388672 120.0 127.0
v 109.0 120.0 127.34602355957031
v 109.0 119.2519760131836 128.0
v 109.0 119.92477416992188 133.0
v 108.718017578125 120.0 133.0
v 108.24794006347656 121.0 101.0
v 109.0 120.49242401123047 102.0
v 108.63011932373047 121.0 102.0
v 109.0 121.0 102.52581787109375
v 108.6562271118164 121.0 114.0
v 109.0 120.48639678955078 114.0
v 109.0 121.0 113.4621353149414
v 108.26997375488281 121.0 115.0
v 109.0 120.34659576416016 116.0
v 108.36695861816406 121.0 116.0
v 108.25140380859375 121.0 117.0
v 109.0 120.2696762084961 117.0
v 108.7260513305664 121.0 126.0
v 109.0 121.0 125.62122344970703
v 108.81111907958984 121.0 127.0
v 109.0 121.0 127.22745513916016
v 108.50101470947266 122.0 103.0
v 109.0 121.42353057861328 103.0
v 109.0 122.0 103.68545532226562
v 108.85243225097656 122.0 109.0
v 109.0 121.78486633300781 109.0
v 109.0 122.0 108.77359008789062
v 108.5411376953125 122.0 110.0
v 109.0 121.4549789428711 110.0
v 108.1767578125 122.0 111.0
v 109.0 121.44842529296875 111.0
v 108.76862335205078 122.0 112.0
v 109.0 121.81700134277344 112.0
v 108.33007049560547 122.0 113.0
v 109.0 121.3912124633789 113.0
v 108.79779052734375 122.0 121.0
v 109.0 122.0 120.86600494384766
v 109.0 121.87586212158203 121.0
v 109.0 121.479248046875 122.0
v 109.0 121.31745910644531 123.0
v 109.0 121.56095123291016 124.0
v 108.33943939208984 122.0 124.0
v 109.0 121.4979476928711 125.0
v 108.48509216308594 122.0 125.0
v 108.41905975341797 122.0 126.0
v 108.50870513916016 122.0 127.0
v 109.0 121.87394714355469 128.0
v 108.88593292236328 122.0 128.0
v 109.0 122.0 128.09339904785156
v 108.38260650634766 123.0 104.0
v 109.0 122.24874114990234 104.0
v 108.75150299072266 123.0 105.0
v 109.0 122.63483428955078 105.0
v 109.0 123.0 105.53899383544922
v 108.48441314697266 123.0 109.0
v 109.0 123.0 108.20709228515625
v 108.03765106201172 123.0 110.0
v 109.0 123.0 120.28316497802734
v 108.07234954833984 123.0 127.0
v 108.17705535888672 123.0 128.0
v 109.0 123.0 128.4234619140625
v 108.23883056640625 124.0 105.0
v 109.0 123.28759765625 106.0
v 108.49285125732422 124.0 106.0
v 108.59103393554688 124.0 107.0
v 109.0 123.45311737060547 107.0
v 108.3599624633789 124.0 108.0
v 109.0 123.18773651123047 108.0
v 109.0 124.0 118.4018783569336
v 109.0 123.14146423339844 119.0
v 109.0 123.48822021484375 120.0
v 109.0 124.0 128.64430236816406
v 108.04949951171875 125.0 107.0
v 109.0 125.0 116.74674224853516
v 109.0 124.74111938476562 117.0
v 109.0 124.28177642822266 118.0
v 109.0 124.74072265625 129.0
v 108.5544662475586 125.0 129.0
v 109.0 125.0 129.14056396484375
v 109.0 126.0 116.51109313964844
v 109.0 125.37235260009766 129.0
v 109.0 126.0 128.77503967285156
v 109.0 127.0 116.49237060546875
v 109.0 127.0 128.5361785888672
v 109.0 128.0 116.33059692382812
v 109.0 128.0 128.49151611328125
v 109.0 129.0 115.727783203125
v 109.0 128.55953979492188 116.0
v 109.0 129.0 128.30332946777344
v 109.0 130.0 115.83390808105469
v 108.42510986328125 130.0 127.0
v 109.0 130.0 127.2907943725586
v 109.0 129.37901306152344 128.0
v 109.0 130.21192932128906 116.0
v 108.58050537109375 131.0 117.0
v 109.0 130.90196228027344 117.0
v 109.0 130.83035278320312 118.0
v 109.0 131.0 118.25714874267578
v 108.2799301147461 131.0 126.0
v 109.0 130.70582580566406 126.0
v 109.0 131.0 125.4177017211914
v 109.0 130.22943115234375 127.0
v 109.0 131.51651000976562 119.0
v 109.0 132.0 119.50566864013672
v 109.0 131.49386596679688 124.0
v 109.0 132.0 123.22747802734375
v 109.0 131.21087646484375 125.0
v 109.0 132.44786071777344 120.0
v 108.10167694091797 133.0 120.0
v 108.45064544677734 133.0 121.0
v 109.0 132.62158203125 121.0
v 108.20093536376953 133.0 122.0
v 109.0 132.49037170410156 122.0
v 109.0 132.16380310058594 123.0
v 109.17357635498047 97.0 119.0
v 110.0 97.0 119.6247329711914
v 110.0 96.85356903076172 120.0
v 109.06944274902344 97.0 121.0
v 110.0 97.0 120.31140899658203
v 109.4050521850586 97.0 122.0
v 109.70063018798828 97.0 123.0
v 110.0 97.0 123.70714569091797
v 110.0 96.8938217163086 124.0
v 109.27181243896484 97.0 125.0
v 110.0 97.0 124.30944061279297
v 110.0 98.0 115.739990234375
v 110.0 97.84528350830078 116.0
v 110.0 97.63764953613281 117.0
v 110.0 97.50194549560547 118.0
v 110.0 97.23182678222656 119.0
v 110.0 97.29143524169922 121.0
v 110.0 97.35960388183594 122.0
v 110.0 97.20520782470703 123.0
v 110.0 97.23670959472656 125.0
v 110.0 97.16392517089844 126.0
v 110.0 97.28825378417969 127.0
v 109.25428771972656 98.0 127.0
v 110.0 97.99951934814453 128.0
v 109.99935913085938 98.0 128.0
v 110.0 98.0 128.00054931640625
v 110.0 99.0 113.41754150390625
v 110.0 98.63430786132812 114.0
v 110.0 98.37825775146484 115.0
v 110.0 98.71453094482422 129.0
v 109.4657974243164 99.0 129.0
v 110.0 99.0 129.78118896484375
v 109.56183624267578 100.0 112.0
v 110.0 100.0 112.26744079589844
v 110.0 99.3392333984375 113.0
v 110.0 99.08524322509766 130.0
v 110.0 99.77571868896484 131.0
v 109.17168426513672 100.0 131.0
v 110.0 100.0 131.1917724609375
v 110.0 101.0 110.8306655883789
v 110.0 100.83067321777344 111.0
v 110.0 100.22579956054688 112.0
v 110.0 101.0 131.53359985351562
v 109.61965942382812 102.0 110.0
v 110.0 102.0 110.22776794433594
v 110.0 101.33649444580078 132.0
v 110.0 102.0 132.99241638183594
v 109.42483520507812 103.0 109.0
v 110.0 103.0 109.48219299316406
v 110.0 102.29632568359375 110.0
v 110.0 102.00724792480469 133.0
v 110.0 103.0 133.67076110839844
v 109.15960693359375 104.0 107.0
v 109.40634155273438 104.0 108.0
v 109.85072326660156 104.0 109.0
v 110.0 104.0 109.14036560058594
v 110.0 103.60515594482422 134.0
v 109.58677673339844 104.0 134.0
v 110.0 104.0 134.20477294921875
v 109.40625 105.0 107.0
v 109.74217224121094 105.0 108.0
v 110.0 105.0 108.41561126708984
v 110.0 104.2582778930664 109.0
v 109.32980346679688 105.0 134.0
v 110.0 105.0 134.3661346435547
v 109.18601989746094 106.0 105.0
v 109.4934310913086 106.0 106.0
v 109.76178741455078 106.0 107.0
v 110.0 106.0 107.44146728515625
v 110.0 105.47480010986328 108.0
v 110.0 106.0 134.46878051757812
v 109.4515609741211 107.0 105.0
v 109.98238372802734 107.0 106.0
v 110.0 107.0 106.03927612304688
v 110.0 106.38273620605469 107.0
v 110.0 107.0 134.53651428222656
v 109.1563491821289 108.0 103.0
v 109.32854461669922 108.0 104.0
v 109.41047668457031 108.0 105.0
v 109.7109603881836 108.0 106.0
v 110.0 108.0 106.46630859375
v 109.46592712402344 108.0 135.0
v 110.0 108.0 134.78240966796875
v 109.14486694335938 109.0 98.0
v 109.1472396850586 109.0 99.0
v 109.35832977294922 109.0 103.0
v 109.40193939208984 109.0 104.0
v 109.22286224365234 109.0 105.0
v 109.46351623535156 109.0 106.0
v 110.0 108.77396392822266 107.0
v 109.89138793945312 109.0 107.0
v 110.0 109.0 107.10968017578125
v 110.0 108.52969360351562 135.0
v 110.0 109.0 135.19622802734375
v 109.13130950927734 110.0 91.0
v 109.3154296875 110.0 92.0
v 109.20623779296875 110.0 93.0
v 109.31649780273438 110.0 98.0
v 109.35165405273438 110.0 99.0
v 109.25642395019531 110.0 102.0
v 109.46211242675781 110.0 103.0
v 109.47036743164062 110.0 104.0
v 109.44670104980469 110.0 105.0
v 109.62179565429688 110.0 106.0
v 110.0 110.0 106.98001098632812
v 110.0 109.92127990722656 107.0
v 110.0 109.47017669677734 135.0
v 110.0 110.0 134.78233337402344
v 109.28520202636719 111.0 91.0
v 109.4842529296875 111.0 92.0
v 109.46198272705078 111.0 93.0
v 109.36473846435547 111.0 94.0
v 109.2093276977539 111.0 95.0
v 109.33036804199219 111.0 98.0
v 109.36473846435547 111.0 99.0
v 109.33403778076172 111.0 100.0
v 109.36957550048828 111.0 101.0
v 109.46357727050781 111.0 102.0
v 109.4971923828125 111.0 103.0
v 109.50371551513672 111.0 104.0
v 109.62480163574219 111.0 105.0
v 110.0 111.0 105.67877960205078
v 110.0 110.66863250732422 106.0
v 110.0 111.0 134.5377960205078
v 109.31514739990234 112.0 91.0
v 109.49287414550781 112.0 92.0
v 109.49849700927734 112.0 93.0
v 109.4934310913086 112.0 94.0
v 109.4621353149414 112.0 95.0
v 109.37123107910156 112.0 96.0
v 109.36656188964844 112.0 97.0
v 109.33895111083984 112.0 98.0
v 109.07557678222656 112.0 99.0
v 109.3730239868164 112.0 100.0
v 109.48971557617188 112.0 101.0
v 109.49852752685547 112.0 102.0
v 109.49996185302734 112.0 103.0
v 109.505126953125 112.0 104.0
v 109.62925720214844 112.0 105.0
v 110.0 112.0 105.65560913085938
v 110.0 112.0 134.496337890625
v 109.3212661743164 113.0 91.0
v 109.49192810058594 113.0 92.0
v 109.49984741210938 113.0 93.0
v 109.49987030029297 113.0 94.0
v 109.49853515625 113.0 95.0
v 109.49473571777344 113.0 96.0
v 109.48825073242188 113.0 97.0
v 109.37125396728516 113.0 98.0
v 109.07103729248047 113.0 99.0
v 109.37760925292969 113.0 100.0
v 109.49480438232422 113.0 101.0
v 109.49996185302734 113.0 102.0
v 109.50000762939453 113.0 103.0
v 109.50151062011719 113.0 104.0
v 109.53941345214844 113.0 105.0
v 110.0 112.53202819824219 106.0
v 109.80337524414062 113.0 106.0
v 110.0 113.0 106.27102661132812
v 110.0 113.0 134.3772735595703
v 109.18338012695312 114.0 91.0
v 109.45601654052734 114.0 92.0
v 109.49203491210938 114.0 93.0
v 109.49472045898438 114.0 94.0
v 109.49711608886719 114.0 95.0
v 109.49332427978516 114.0 96.0
v 109.4605941772461 114.0 97.0
v 109.33226776123047 114.0 98.0
v 109.25847625732422 114.0 99.0
v 109.43472290039062 114.0 100.0
v 109.4971694946289 114.0 101.0
v 109.49998474121094 114.0 102.0
v 109.50000762939453 114.0 103.0
v 109.50151062011719 114.0 104.0
v 109.53942108154297 114.0 105.0
v 109.80343627929688 114.0 106.0
v 110.0 114.0 106.27098083496094
v 109.9559555053711 114.0 134.0
v 110.0 114.0 134.015380859375
v 109.2018051147461 115.0 92.0
v 109.32706451416016 115.0 93.0
v 109.36722564697266 115.0 94.0
v 109.42758178710938 115.0 95.0
v 109.36248779296875 115.0 96.0
v 109.20917510986328 115.0 97.0
v 109.36959075927734 115.0 100.0
v 109.49474334716797 115.0 101.0
v 109.49996948242188 115.0 102.0
v 109.50003051757812 115.0 103.0
v 109.50520324707031 115.0 104.0
v 109.6310806274414 115.0 105.0
v 110.0 115.0 105.64360809326172
v 110.0 114.4563980102539 106.0
v 109.41503143310547 115.0 134.0
v 110.0 115.0 134.26528930664062
v 109.33226776123047 116.0 100.0
v 109.49343872070312 116.0 101.0
v 109.49996185302734 116.0 102.0
v 109.50003814697266 116.0 103.0
v 109.5065689086914 116.0 104.0
v 109.66996765136719 116.0 105.0
v 110.0 116.0 105.45509338378906
v 110.0 116.0 134.45953369140625
v 109.33030700683594 117.0 100.0
v 109.49334716796875 117.0 101.0
v 109.49996185302734 117.0 102.0
v 109.50006103515625 117.0 103.0
v 109.50663757324219 117.0 104.0
v 109.67178344726562 117.0 105.0
v 110.0 117.0 105.44940185546875
v 110.0 117.0 134.4195556640625
v 109.32284545898438 118.0 100.0
v 109.48823547363281 118.0 101.0
v 109.49986267089844 118.0 102.0
v 109.50370788574219 118.0 103.0
v 109.50798797607422 118.0 104.0
v 109.67031860351562 118.0 105.0
v 110.0 118.0 105.48283386230469
v 110.0 117.77750396728516 131.0
v 110.0 118.0 130.6896209716797
v 110.0 117.533447265625 132.0
v 109.81482696533203 118.0 133.0
v 110.0 117.96028900146484 133.0
v 110.0 117.96322631835938 134.0
v 109.15008544921875 119.0 100.0
v 109.36376190185547 119.0 101.0
v 109.49299621582031 119.0 102.0
v 109.58332061767578 119.0 103.0
v 109.53634643554688 119.0 104.0
v 109.6695785522461 119.0 105.0
v 110.0 119.0 105.50299835205078
v 109.93812561035156 119.0 111.0
v 110.0 118.89968872070312 111.0
v 110.0 119.0 110.8121337890625
v 110.0 119.0 111.47679901123047
v 109.78797912597656 119.0 113.0
v 110.0 118.7105712890625 113.0
v 110.0 119.0 112.22480010986328
v 109.64913940429688 119.0 114.0
v 110.0 118.56368255615234 114.0
v 109.72760009765625 119.0 115.0
v 110.0 118.7103042602539 115.0
v 110.0 119.0 115.42655181884766
v 110.0 118.88658905029297 122.0
v 110.0 119.0 121.8321533203125
v 110.0 119.0 122.23749542236328
v 110.0 118.71295928955078 124.0
v 110.0 119.0 123.48594665527344
v 110.0 118.73414611816406 125.0
v 110.0 119.0 125.29328155517578
v 110.0 118.70208740234375 129.0
v 110.0 119.0 128.5786590576172
v 110.0 118.45570373535156 130.0
v 110.0 119.0 132.96627807617188
v 110.0 118.54491424560547 133.0
v 110.0 119.0 133.0445098876953
v 109.33416748046875 120.0 102.0
v 109.740478515625 120.0 103.0
v 109.58930206298828 120.0 104.0
v 109.63336181640625 120.0 105.0
v 110.0 120.0 105.7294692993164
v 109.90693664550781 120.0 109.0
v 110.0 119.8724365234375 109.0
v 110.0 120.0 108.87178802490234
v 109.634521484375 120.0 110.0
v 110.0 119.37194061279297 110.0
v 109.56343841552734 120.0 111.0
v 110.0 119.11397552490234 112.0
v 109.59083557128906 120.0 112.0
v 109.4958724975586 120.0 113.0
v 109.2674331665039 120.0 114.0
v 109.33467864990234 120.0 116.0
v 110.0 119.36567687988281 116.0
v 109.31924438476562 120.0 117.0
v 110.0 119.55522155761719 117.0
v 110.0 119.44480895996094 118.0
v 110.0 119.60491180419922 119.0
v 110.0 119.985107421875 120.0
v 110.0 119.47061920166016 121.0
v 110.0 119.85195922851562 123.0
v 110.0 120.0 125.7114028930664
v 110.0 119.46961975097656 128.0
v 110.0 120.0 127.3518295288086
v 109.10100555419922 120.0 133.0
v 110.0 120.0 132.89065551757812
v 110.0 120.0 133.11041259765625
v 109.31747436523438 121.0 103.0
v 109.48821258544922 121.0 104.0
v 109.52727508544922 121.0 105.0
v 110.0 120.2705307006836 106.0
v 109.63253784179688 121.0 106.0
v 109.79727172851562 121.0 107.0
v 110.0 120.7035140991211 107.0
v 110.0 121.0 107.8716049194336
v 109.51211547851562 121.0 109.0
v 110.0 121.0 108.05815124511719
v 109.33177185058594 121.0 110.0
v 109.33601379394531 121.0 111.0
v 109.41575622558594 121.0 112.0
v 109.2440414428711 121.0 113.0
v 109.67326354980469 121.0 123.0
v 110.0 121.0 122.71142578125
v 110.0 120.25177764892578 123.0
v 110.0 121.0 123.29486846923828
v 110.0 121.0 125.56495666503906
v 109.99061584472656 121.0 127.0
v 110.0 120.9940185546875 127.0
v 110.0 121.0 126.99401092529297
v 110.0 120.28221130371094 133.0
v 109.18668365478516 122.0 104.0
v 109.3650894165039 122.0 105.0
v 109.46853637695312 122.0 106.0
v 109.52355194091797 122.0 107.0
v 110.0 121.05020904541016 108.0
v 109.45702362060547 122.0 108.0
v 110.0 122.0 120.66266632080078
v 110.0 121.66903686523438 121.0
v 110.0 121.33577728271484 122.0
v 110.0 121.3252182006836 124.0
v 110.0 121.32948303222656 125.0
v 110.0 121.00216674804688 127.0
v 110.0 121.69178009033203 128.0
v 110.0 122.0 128.26097106933594
v 109.2034912109375 123.0 106.0
v 109.31786346435547 123.0 107.0
v 109.13803100585938 123.0 108.0
v 110.0 123.0 120.07827758789062
v 110.0 123.0 128.4899444580078
v 110.0 124.0 118.34339141845703
v 110.0 123.01710510253906 119.0
v 110.0 123.08341979980469 120.0
v 110.0 124.0 128.66575622558594
v 110.0 125.0 116.88578796386719
v 110.0 124.88362121582031 117.0
v 110.0 124.312255859375 118.0
v 110.0 124.5549087524414 129.0
v 110.0 125.0 129.2789764404297
v 110.0 126.0 116.54598236083984
v 109.53475952148438 126.0 129.0
v 110.0 126.0 129.19761657714844
v 110.0 127.0 116.5042953491211
v 110.0 126.31978607177734 129.0
v 110.0 127.0 128.62864685058594
v 110.0 128.0 116.41436767578125
v 110.0 128.0 128.4622039794922
v 109.75394439697266 129.0 116.0
v 110.0 129.0 116.13228607177734
v 110.0 129.0 128.1812286376953
v 109.26651000976562 130.0 116.0
v 110.0 130.0 116.70893859863281
v 110.0 129.23178100585938 128.0
v 110.0 130.0 127.22743225097656
v 110.0 130.22195434570312 117.0
v 110.0 130.51467895507812 118.0
v 110.0 131.0 118.63179016113281
v 109.72147369384766 131.0 124.0
v 110.0 130.8055419921875 124.0
v 110.0 131.0 123.64411926269531
v 109.3340835571289 131.0 125.0
v 110.0 130.6278076171875 125.0
v 110.0 130.4906005859375 126.0
v 110.0 130.17807006835938 127.0
v 110.0 131.30885314941406 119.0
v 110.0 132.0 119.83255004882812
v 109.6751937866211 132.0 122.0
v 110.0 131.7540740966797 122.0
v 110.0 132.0 121.45550537109375
v 109.21219635009766 132.0 123.0
v 110.0 131.3841094970703 123.0
v 110.0 132.1256866455078 120.0
v 110.0 132.19940185546875 121.0
v 110.60814666748047 97.0 120.0
v 110.12684631347656 97.0 124.0
v 110.22463989257812 98.0 116.0
v 110.58582305908203 98.0 117.0
v 111.0 98.0 117.60244750976562
v 111.0 97.80418395996094 118.0
v 111.0 97.50948333740234 119.0
v 111.0 97.10457611083984 120.0
v 111.0 97.41488647460938 121.0
v 111.0 97.61774444580078 122.0
v 111.0 97.600341796875 123.0
v 111.0 97.58051300048828 124.0
v 110.84971618652344 98.0 125.0
v 111.0 98.0 124.79627227783203
v 110.8114242553711 98.0 126.0
v 111.0 98.0 126.55953979492188
v 111.0 97.86039733886719 127.0
v 110.00101470947266 98.0 128.0
v 111.0 98.0 127.23593139648438
v 111.0 99.0 113.27715301513672
v 111.0 98.72376251220703 114.0
v 111.0 98.6419906616211 115.0
v 111.0 98.53561401367188 116.0
v 111.0 98.33422088623047 117.0
v 111.0 98.11566925048828 125.0
v 111.0 98.14509582519531 126.0
v 111.0 98.38551330566406 128.0
v 110.64501190185547 99.0 129.0
v 111.0 99.0 128.7960662841797
v 111.0 100.0 112.44120788574219
v 111.0 99.16639709472656 113.0
v 111.0 99.14805603027344 129.0
v 111.0 99.42212677001953 130.0
v 111.0 99.83953094482422 131.0
v 111.0 100.0 131.1908416748047
v 110.26374816894531 101.0 111.0
v 111.0 101.0 111.5513687133789
v 111.0 100.56592559814453 112.0
v 111.0 100.8083267211914 132.0
v 110.68424987792969 101.0 132.0
v 111.0 101.0 132.16290283203125
v 111.0 102.0 110.59710693359375
v 111.0 101.55323028564453 111.0
v 111.0 102.0 132.7646484375
v 111.0 103.0 109.68507385253906
v 111.0 102.59698486328125 110.0
v 111.0 102.27300262451172 133.0
v 111.0 103.0 133.669921875
v 111.0 104.0 109.47401428222656
v 111.0 103.40716552734375 134.0
v 111.0 104.0 134.36538696289062
v 110.48448181152344 105.0 109.0
v 111.0 105.0 109.35663604736328
v 111.0 105.0 134.52455139160156
v 110.29541015625 106.0 108.0
v 110.84882354736328 106.0 109.0
v 111.0 106.0 109.14141845703125
v 111.0 106.0 134.59066772460938
v 110.3536376953125 107.0 107.0
v 110.72660064697266 107.0 108.0
v 111.0 107.0 108.387451171875
v 111.0 106.23619079589844 109.0
v 111.0 107.0 134.53785705566406
v 110.37419128417969 108.0 107.0
v 111.0 108.0 107.6821060180664
v 111.0 107.50554656982422 108.0
v 111.0 108.0 134.6351318359375
v 111.0 109.0 107.63311004638672
v 111.0 108.74895477294922 135.0
v 111.0 109.0 135.14476013183594
v 110.01656341552734 110.0 107.0
v 111.0 110.0 107.52784729003906
v 110.62530517578125 110.0 135.0
v 111.0 110.0 135.1381378173828
v 110.235107421875 111.0 106.0
v 110.96090698242188 111.0 107.0
v 111.0 111.0 107.04340362548828
v 111.0 110.23623657226562 135.0
v 111.0 111.0 134.626953125
v 110.23265838623047 112.0 106.0
v 110.74964141845703 112.0 107.0
v 111.0 112.0 107.31665802001953
v 111.0 112.0 134.50503540039062
v 110.5488510131836 113.0 107.0
v 111.0 113.0 107.49449157714844
v 111.0 113.0 134.49844360351562
v 110.54740142822266 114.0 107.0
v 111.0 114.0 107.53184509277344
v 111.0 114.0 134.4922332763672
v 110.24251556396484 115.0 106.0
v 110.7574691772461 115.0 107.0
v 111.0 115.0 107.36121368408203
v 111.0 115.0 134.4886016845703
v 110.45318603515625 116.0 106.0
v 111.0 116.0 106.72906494140625
v 111.0 115.54370880126953 107.0
v 110.8591537475586 116.0 110.0
v 111.0 115.40989685058594 110.0
v 111.0 116.0 109.73551940917969
v 111.0 116.0 110.30783081054688
v 111.0 116.0 134.48880004882812
v 110.45834350585938 117.0 106.0
v 111.0 117.0 106.72731018066406
v 110.71627807617188 117.0 110.0
v 111.0 117.0 109.54295349121094
v 111.0 116.5645523071289 111.0
v 110.76806640625 117.0 111.0
v 111.0 117.0 111.40769958496094
v 111.0 117.0 134.43902587890625
v 110.36749267578125 118.0 106.0
v 111.0 117.47686004638672 107.0
v 110.78429412841797 118.0 107.0
v 111.0 118.0 107.37982940673828
v 110.59799194335938 118.0 110.0
v 111.0 118.0 109.3057861328125
v 110.44718170166016 118.0 111.0
v 111.0 117.43427276611328 112.0
v 110.57479095458984 118.0 112.0
v 110.58656311035156 118.0 113.0
v 111.0 117.64439392089844 113.0
v 110.57565307617188 118.0 114.0
v 111.0 117.67794036865234 114.0
v 110.82778930664062 118.0 115.0
v 111.0 117.87095642089844 115.0
v 111.0 118.0 115.17877197265625
v 110.80447387695312 118.0 131.0
v 111.0 118.0 131.11676025390625
v 111.0 117.64125061035156 132.0
v 111.0 117.82192993164062 133.0
v 110.269775390625 118.0 134.0
v 111.0 118.0 133.75747680664062
v 111.0 118.0 134.0618438720703
v 110.3311538696289 119.0 106.0
v 110.65293884277344 119.0 107.0
v 111.0 119.0 107.7608413696289
v 110.65171813964844 119.0 109.0
v 111.0 118.38999938964844 109.0
v 111.0 119.0 108.28205108642578
v 110.25090026855469 119.0 110.0
v 110.06829833984375 119.0 112.0
v 110.48026275634766 119.0 116.0
v 111.0 118.616943359375 116.0
v 111.0 119.0 116.85643005371094
v 111.0 118.85416412353516 122.0
v 111.0 119.0 121.77210998535156
v 110.9588851928711 119.0 123.0
v 111.0 118.98512268066406 123.0
v 111.0 118.55375671386719 124.0
v 111.0 118.65834045410156 125.0
v 111.0 119.0 125.45187377929688
v 111.0 118.66558074951172 129.0
v 111.0 119.0 128.5041046142578
v 111.0 118.43734741210938 130.0
v 111.0 118.05784606933594 131.0
v 110.13263702392578 119.0 133.0
v 111.0 118.0843505859375 134.0
v 110.16087341308594 120.0 106.0
v 110.47842407226562 120.0 107.0
v 111.0 119.41658020019531 108.0
v 110.77176666259766 120.0 108.0
v 111.0 119.06453704833984 117.0
v 111.0 119.0047607421875 118.0
v 111.0 119.57540893554688 119.0
v 110.04367065429688 120.0 120.0
v 111.0 120.0 119.5826187133789
v 111.0 120.0 120.41716766357422
v 111.0 119.54692840576172 121.0
v 111.0 119.48651885986328 126.0
v 110.37615203857422 120.0 126.0
v 110.3986587524414 120.0 127.0
v 111.0 119.62830352783203 127.0
v 111.0 119.35810089111328 128.0
v 111.0 120.0 132.90171813964844
v 111.0 119.67848205566406 133.0
v 111.0 120.0 133.09945678710938
v 110.03961944580078 121.0 108.0
v 111.0 120.64459991455078 120.0
v 111.0 121.0 122.90786743164062
v 111.0 120.92341613769531 123.0
v 111.0 121.0 123.12537384033203
v 110.3543930053711 121.0 126.0
v 110.94661712646484 121.0 133.0
v 111.0 121.0 132.98333740234375
v 111.0 121.0 133.01666259765625
v 111.0 122.0 120.51799774169922
v 111.0 121.55341339111328 121.0
v 111.0 121.36841583251953 122.0
v 111.0 121.28841400146484 124.0
v 111.0 121.55302429199219 125.0
v 111.0 121.53256225585938 126.0
v 111.0 121.6227798461914 127.0
v 110.96345520019531 122.0 128.0
v 111.0 122.0 127.97235107421875
v 111.0 121.02690887451172 133.0
v 110.13855743408203 123.0 119.0
v 111.0 123.0 118.92118835449219
v 111.0 122.90601348876953 119.0
v 111.0 122.95873260498047 120.0
v 110.79450988769531 123.0 120.0
v 111.0 122.02530670166016 128.0
v 111.0 123.0 128.3519744873047
v 111.0 124.0 118.40174865722656
v 111.0 124.0 128.62864685058594
v 110.19635009765625 125.0 117.0
v 111.0 125.0 117.55551147460938
v 111.0 124.5457763671875 118.0
v 111.0 124.53860473632812 129.0
v 111.0 125.0 129.31033325195312
v 111.0 126.0 116.81596374511719
v 111.0 125.70153045654297 117.0
v 111.0 126.0 129.33274841308594
v 111.0 127.0 116.68051147460938
v 111.0 126.54723358154297 129.0
v 111.0 127.0 128.6501922607422
v 111.0 128.0 116.77476501464844
v 111.0 128.0 128.2181396484375
v 111.0 128.46539306640625 117.0
v 110.71292114257812 129.0 117.0
v 111.0 129.0 117.4368896484375
v 110.30430603027344 129.0 128.0
v 111.0 128.33558654785156 128.0
v 111.0 129.0 127.475830078125
v 110.20327758789062 130.0 117.0
v 111.0 129.48345947265625 118.0
v 110.58098602294922 130.0 118.0
v 111.0 130.0 118.6471939086914
v 110.29862976074219 130.0 127.0
v 111.0 129.47525024414062 127.0
v 111.0 130.0 126.30609893798828
v 110.39864349365234 131.0 119.0
v 111.0 130.32168579101562 119.0
v 111.0 131.0 119.60889434814453
v 110.54682922363281 131.0 123.0
v 111.0 130.71160888671875 123.0
v 111.0 131.0 122.4407730102539
v 111.0 130.40884399414062 124.0
v 111.0 130.33013916015625 125.0
v 111.0 130.18333435058594 126.0
v 110.16634368896484 132.0 120.0
v 111.0 131.3004913330078 120.0
v 110.27066802978516 132.0 121.0
v 111.0 131.44447326660156 121.0
v 111.0 131.23573303222656 122.0
v 111.25801849365234 98.0 118.0
v 111.6921615600586 98.0 119.0
v 112.0 98.0 119.46348571777344
v 112.0 97.7181396484375 120.0
v 112.0 97.7746810913086 121.0
v 111.65806579589844 98.0 122.0
v 112.0 98.0 121.49092864990234
v 111.61837005615234 98.0 123.0
v 111.89960479736328 98.0 124.0
v 111.16380310058594 98.0 127.0
v 111.37915802001953 99.0 114.0
v 111.46111297607422 99.0 115.0
v 111.54144287109375 99.0 116.0
v 111.75593566894531 99.0 117.0
v 112.0 99.0 117.35272216796875
v 112.0 98.61654663085938 118.0
v 112.0 98.23297882080078 119.0
v 112.0 98.23416137695312 122.0
v 112.0 98.29901885986328 123.0
v 112.0 98.05831909179688 124.0
v 112.0 98.46382141113281 125.0
v 112.0 98.53462219238281 126.0
v 112.0 98.53820037841797 127.0
v 112.0 98.69823455810547 128.0
v 112.0 99.0 128.43736267089844
v 112.0 100.0 112.9166259765625
v 112.0 99.90190887451172 113.0
v 112.0 99.56021881103516 114.0
v 112.0 99.47250366210938 115.0
v 112.0 99.36166381835938 116.0
v 112.0 99.19267272949219 117.0
v 112.0 99.37838745117188 129.0
v 112.0 99.80004119873047 130.0
v 111.27808380126953 100.0 131.0
v 112.0 100.0 130.33920288085938
v 111.5111083984375 101.0 112.0
v 112.0 101.0 112.40841674804688
v 112.0 100.43755340576172 131.0
v 112.0 100.92450714111328 132.0
v 112.0 101.0 132.07318115234375
v 111.5104751586914 102.0 111.0
v 112.0 102.0 111.4610824584961
v 112.0 101.46231842041016 112.0
v 112.0 102.0 132.67945861816406
v 112.0 103.0 109.98664855957031
v 112.0 102.98546600341797 110.0
v 112.0 102.38232421875 111.0
v 112.0 102.31070709228516 133.0
v 112.0 102.88246154785156 134.0
v 111.73110961914062 103.0 134.0
v 112.0 103.0 134.1151885986328
v 112.0 104.0 109.6928939819336
v 112.0 104.0 134.49346923828125
v 112.0 105.0 109.6656723022461
v 112.0 105.0 134.72674560546875
v 112.0 106.0 109.62550354003906
v 112.0 106.0 134.97674560546875
v 111.56928253173828 107.0 109.0
v 112.0 107.0 109.36154174804688
v 112.0 107.0 134.6240234375
v 111.31076049804688 108.0 108.0
v 112.0 108.0 108.68644714355469
v 112.0 107.54694366455078 109.0
v 112.0 108.0 134.54168701171875
v 111.44908905029297 109.0 108.0
v 112.0 109.0 108.50719451904297
v 111.33141326904297 109.0 135.0
v 112.0 109.0 134.73248291015625
v 111.49860382080078 110.0 108.0
v 112.0 110.0 108.49031066894531
v 111.8596420288086 110.0 135.0
v 112.0 110.0 134.9753875732422
v 111.59312438964844 111.0 108.0
v 112.0 111.0 108.46807098388672
v 112.0 111.0 134.6150360107422
v 111.53780364990234 112.0 108.0
v 112.0 112.0 108.49607849121094
v 112.0 112.0 134.50314331054688
v 111.4598159790039 113.0 108.0
v 112.0 113.0 108.6987533569336
v 112.0 113.0 134.5802001953125
v 111.36029815673828 114.0 108.0
v 112.0 113.34738159179688 109.0
v 111.60826873779297 114.0 109.0
v 111.77833557128906 114.0 110.0
v 112.0 113.79141998291016 110.0
v 112.0 114.0 110.30208587646484
v 112.0 114.0 134.74063110351562
v 111.36381530761719 115.0 108.0
v 111.37802124023438 115.0 109.0
v 111.10926818847656 115.0 110.0
v 112.0 114.67634582519531 111.0
v 111.74342346191406 115.0 111.0
v 112.0 115.0 111.22039031982422
v 112.0 115.0 134.44448852539062
v 111.19650268554688 116.0 107.0
v 111.45355224609375 116.0 108.0
v 111.33717346191406 116.0 109.0
v 111.35835266113281 116.0 111.0
v 112.0 116.0 111.63248443603516
v 112.0 116.0 134.29461669921875
v 111.1971435546875 117.0 107.0
v 111.4520034790039 117.0 108.0
v 111.32518768310547 117.0 109.0
v 111.46037292480469 117.0 112.0
v 112.0 116.44200897216797 112.0
v 112.0 117.0 112.62483978271484
v 112.0 117.0 134.23362731933594
v 111.3207778930664 118.0 108.0
v 111.19510650634766 118.0 109.0
v 112.0 117.23793029785156 113.0
v 112.0 117.46878814697266 114.0
v 112.0 117.66824340820312 115.0
v 112.0 118.0 115.48699188232422
v 111.14794921875 118.0 131.0
v 112.0 117.65107727050781 131.0
v 112.0 118.0 130.5290069580078
v 112.0 117.4761734008789 132.0
v 112.0 117.57237243652344 133.0
v 111.19330596923828 118.0 134.0
v 112.0 117.52226257324219 134.0
v 111.12670135498047 119.0 108.0
v 112.0 118.35893249511719 116.0
v 111.10832977294922 119.0 117.0
v 112.0 118.5866928100586 117.0
v 111.01123809814453 119.0 118.0
v 112.0 118.67024993896484 118.0
v 112.0 119.0 118.55976104736328
v 112.0 118.63157653808594 122.0
v 112.0 119.0 121.41897583007812
v 112.0 118.35624694824219 123.0
v 112.0 118.03182983398438 124.0
v 112.0 118.46076202392578 125.0
v 112.0 119.0 125.88096618652344
v 112.0 118.57539367675781 129.0
v 112.0 119.0 128.1344451904297
v 112.0 118.31607818603516 130.0
v 112.0 119.35650634765625 119.0
v 112.0 120.0 119.84935760498047
v 112.0 119.35675048828125 121.0
v 112.0 120.0 120.15226745605469
v 112.0 119.08016204833984 126.0
v 112.0 119.25454711914062 127.0
v 112.0 119.07958984375 128.0
v 111.21075439453125 120.0 133.0
v 112.0 120.31986236572266 120.0
v 111.08619689941406 121.0 123.0
v 111.04035949707031 121.0 133.0
v 112.0 122.0 120.85050201416016
v 112.0 121.89537048339844 121.0
v 112.0 121.68960571289062 122.0
v 112.0 121.49343872070312 123.0
v 112.0 121.47806549072266 124.0
v 111.66668701171875 122.0 125.0
v 112.0 122.0 124.60386657714844
v 111.48258972167969 122.0 126.0
v 111.4011459350586 122.0 127.0
v 112.0 123.0 118.83435821533203
v 112.0 122.70872497558594 119.0
v 111.32835388183594 123.0 120.0
v 112.0 123.0 119.81256866455078
v 112.0 123.0 120.06698608398438
v 112.0 122.2869644165039 125.0
v 112.0 122.50970458984375 126.0
v 112.0 122.70539093017578 127.0
v 111.51136779785156 123.0 128.0
v 112.0 123.0 127.37335205078125
v 112.0 124.0 118.55243682861328
v 112.0 123.04043579101562 120.0
v 112.0 123.64530181884766 128.0
v 112.0 124.0 128.25804138183594
v 111.56001281738281 125.0 118.0
v 112.0 125.0 118.31888580322266
v 112.0 124.93531036376953 129.0
v 112.0 125.0 129.0467529296875
v 111.26106262207031 126.0 117.0
v 112.0 126.0 117.56845092773438
v 112.0 125.40745544433594 118.0
v 112.0 126.0 129.1453857421875
v 111.46207427978516 127.0 117.0
v 112.0 127.0 117.44686126708984
v 111.89217376708984 127.0 128.0
v 112.0 126.88379669189453 128.0
v 112.0 127.0 127.88072967529297
v 112.0 126.29234313964844 129.0
v 111.2933349609375 128.0 117.0
v 112.0 128.0 117.75923156738281
v 111.28276062011719 128.0 128.0
v 112.0 128.0 127.26832580566406
v 111.57041931152344 129.0 118.0
v 112.0 128.40658569335938 118.0
v 111.51652526855469 129.0 119.0
v 112.0 128.23870849609375 119.0
v 112.0 129.0 119.40662384033203
v 111.4759292602539 129.0 127.0
v 112.0 128.3197479248047 127.0
v 112.0 129.0 126.33010864257812
v 111.249755859375 130.0 119.0
v 112.0 130.0 119.8128662109375
v 111.59326171875 130.0 124.0
v 112.0 129.6295166015625 124.0
v 112.0 130.0 123.33390808105469
v 111.43682098388672 130.0 125.0
v 112.0 129.48292541503906 125.0
v 111.23479461669922 130.0 126.0
v 112.0 129.25474548339844 126.0
v 111.30147552490234 131.0 120.0
v 112.0 130.18057250976562 120.0
v 111.4738540649414 131.0 121.0
v 112.0 130.4754638671875 121.0
v 111.30026245117188 131.0 122.0
v 112.0 130.4395294189453 122.0
v 112.0 130.17233276367188 123.0
v 112.32452392578125 98.0 120.0
v 112.2913589477539 98.0 121.0
v 112.4870834350586 99.0 118.0
v 113.0 99.0 118.70414733886719
v 113.0 98.8287124633789 119.0
v 113.0 98.56077575683594 120.0
v 113.0 98.54966735839844 121.0
v 113.0 98.75371551513672 122.0
v 112.94336700439453 99.0 123.0
v 113.0 99.0 122.86180877685547
v 113.0 99.0 123.24293518066406
v 113.0 98.85369110107422 124.0
v 112.9131088256836 99.0 125.0
v 113.0 99.0 124.6919174194336
v 112.97734832763672 99.0 126.0
v 112.6114273071289 99.0 127.0
v 112.65480041503906 99.0 128.0
v 112.07652282714844 100.0 113.0
v 112.35909271240234 100.0 114.0
v 112.57899475097656 100.0 115.0
v 113.0 100.0 115.76268005371094
v 113.0 99.87509155273438 116.0
v 113.0 99.68594360351562 117.0
v 113.0 99.42925262451172 118.0
v 113.0 99.04338073730469 123.0
v 113.0 99.05986785888672 125.0
v 113.0 99.01786804199219 126.0
v 113.0 99.61213684082031 127.0
v 113.0 99.3074722290039 128.0
v 113.0 99.83843231201172 129.0
v 112.2491226196289 100.0 130.0
v 113.0 100.0 129.16770935058594
v 112.48558807373047 101.0 113.0
v 112.80127716064453 101.0 114.0
v 113.0 101.0 114.36168670654297
v 113.0 100.51546478271484 115.0
v 112.81229400634766 101.0 130.0
v 113.0 101.0 129.71888732910156
v 112.52119445800781 101.0 131.0
v 112.09654235839844 101.0 132.0
v 112.48709106445312 102.0 112.0
v 113.0 102.0 112.65204620361328
v 113.0 101.70130920410156 113.0
v 113.0 101.2591323852539 114.0
v 113.0 101.24568176269531 130.0
v 113.0 101.48936462402344 131.0
v 113.0 101.67829132080078 132.0
v 113.0 102.0 132.4934539794922
v 112.01451873779297 103.0 110.0
v 112.61388397216797 103.0 111.0
v 113.0 103.0 111.50663757324219
v 113.0 102.55432891845703 112.0
v 113.0 102.29234313964844 133.0
v 113.0 102.86425018310547 134.0
v 113.0 103.0 134.12730407714844
v 112.38516235351562 104.0 110.0
v 113.0 104.0 110.6539306640625
v 113.0 103.54070281982422 111.0
v 113.0 104.0 134.5437774658203
v 112.44972229003906 105.0 110.0
v 113.0 105.0 110.4677505493164
v 113.0 105.0 134.969970703125
v 112.51013946533203 106.0 110.0
v 113.0 106.0 110.36116027832031
v 113.0 105.26990509033203 135.0
v 112.22518920898438 106.0 135.0
v 113.0 106.0 135.07733154296875
v 112.80716705322266 107.0 110.0
v 113.0 107.0 110.14409637451172
v 113.0 106.14021301269531 135.0
v 113.0 107.0 134.6174774169922
v 112.34395599365234 108.0 109.0
v 113.0 108.0 109.51850128173828
v 113.0 107.22332000732422 110.0
v 113.0 108.0 134.4980926513672
v 112.5348129272461 109.0 109.0
v 113.0 109.0 109.40465545654297
v 113.0 109.0 134.4950408935547
v 112.50962829589844 110.0 109.0
v 113.0 110.0 109.51303100585938
v 113.0 110.0 134.4498291015625
v 112.49935150146484 111.0 109.0
v 113.0 111.0 109.56011199951172
v 113.0 111.0 134.32908630371094
v 112.48890686035156 112.0 109.0
v 113.0 112.0 109.57456970214844
v 113.0 112.0 134.3565673828125
v 112.271484375 113.0 109.0
v 113.0 113.0 109.89371490478516
v 113.0 113.0 134.44224548339844
v 113.0 113.09002685546875 110.0
v 112.6113510131836 114.0 111.0
v 113.0 113.6248779296875 111.0
v 113.0 114.0 111.36344146728516
v 113.0 114.0 134.31854248046875
v 113.0 115.0 111.84626770019531
v 112.70213317871094 115.0 134.0
v 113.0 114.59673309326172 134.0
v 113.0 115.0 133.6306915283203
v 113.0 115.23678588867188 112.0
v 112.42749786376953 116.0 112.0
v 113.0 116.0 112.64289855957031
v 112.81079864501953 116.0 133.0
v 113.0 115.64823150634766 133.0
v 113.0 116.0 132.27098083496094
v 112.35105895996094 116.0 134.0
v 112.3590316772461 117.0 113.0
v 113.0 116.35472106933594 113.0
v 113.0 117.0 113.80091094970703
v 112.66983032226562 117.0 131.0
v 113.0 116.57860565185547 131.0
v 113.0 117.0 130.04730224609375
v 112.8375473022461 117.0 132.0
v 113.0 116.39823913574219 132.0
v 112.78363037109375 117.0 133.0
v 112.27325439453125 117.0 134.0
v 113.0 117.11808776855469 114.0
v 113.0 117.44589233398438 115.0
v 113.0 118.0 115.80467987060547
v 112.50110626220703 118.0 123.0
v 113.0 117.6305160522461 123.0
v 113.0 118.0 122.38699340820312
v 112.0566177368164 118.0 124.0
v 113.0 117.54492950439453 124.0
v 112.94270324707031 118.0 125.0
v 113.0 117.9651870727539 125.0
v 112.76029968261719 118.0 126.0
v 113.0 117.72550964355469 126.0
v 112.67362976074219 118.0 127.0
v 113.0 117.58004760742188 127.0
v 112.75270080566406 118.0 128.0
v 113.0 117.69281005859375 128.0
v 113.0 118.0 128.77630615234375
v 112.6771469116211 118.0 130.0
v 113.0 117.07856750488281 130.0
v 113.0 118.0 129.2952423095703
v 113.0 118.13152313232422 116.0
v 113.0 118.3243408203125 117.0
v 113.0 118.35457611083984 118.0
v 112.45690155029297 119.0 119.0
v 113.0 118.59529876708984 119.0
v 113.0 119.0 119.85147094726562
v 112.45394897460938 119.0 121.0
v 113.0 118.61619567871094 121.0
v 113.0 119.0 120.14849090576172
v 113.0 118.22232818603516 122.0
v 112.08660888671875 119.0 126.0
v 112.25557708740234 119.0 127.0
v 112.0875244140625 119.0 128.0
v 113.0 118.08148193359375 129.0
v 112.12342834472656 120.0 120.0
v 113.0 119.08357238769531 120.0
v 112.07302856445312 122.0 121.0
v 112.30675506591797 122.0 122.0
v 112.46530151367188 122.0 123.0
v 112.39949035644531 122.0 124.0
v 112.40963745117188 123.0 119.0
v 112.5098876953125 123.0 121.0
v 112.78023529052734 123.0 122.0
v 113.0 123.0 122.52401733398438
v 113.0 122.72150421142578 123.0
v 113.0 122.7480697631836 124.0
v 112.66545104980469 123.0 125.0
v 113.0 123.0 124.3818588256836
v 112.45890045166016 123.0 126.0
v 112.23136901855469 123.0 127.0
v 113.0 124.0 118.97472381591797
v 113.0 123.90718078613281 119.0
v 113.0 123.6043472290039 120.0
v 113.0 123.5551986694336 121.0
v 113.0 123.33949279785156 122.0
v 113.0 123.4127197265625 125.0
v 113.0 123.7181167602539 126.0
v 113.0 124.0 126.40707397460938
v 112.70217895507812 124.0 127.0
v 112.22137451171875 124.0 128.0
v 113.0 124.08061218261719 119.0
v 112.7073745727539 125.0 119.0
v 113.0 125.0 119.36546325683594
v 113.0 124.60462951660156 127.0
v 113.0 125.0 127.29739379882812
v 112.57177734375 125.0 128.0
v 112.04828643798828 125.0 129.0
v 112.63993072509766 126.0 118.0
v 112.8025894165039 126.0 119.0
v 113.0 126.0 119.32608795166016
v 112.51244354248047 126.0 128.0
v 113.0 126.0 127.20130920410156
v 112.14723205566406 126.0 129.0
v 112.73090362548828 127.0 118.0
v 112.73870086669922 127.0 119.0
v 113.0 127.0 119.39403533935547
v 112.83522033691406 127.0 126.0
v 113.0 126.72163391113281 126.0
v 113.0 127.0 125.72332763671875
v 112.50407409667969 127.0 127.0
v 113.0 126.20067596435547 127.0
v 112.20126342773438 128.0 118.0
v 112.14189147949219 128.0 119.0
v 113.0 128.0 119.8139419555664
v 112.5914535522461 128.0 126.0
v 113.0 128.0 125.24790954589844
v 112.19628143310547 128.0 127.0
v 112.54782104492188 129.0 120.0
v 113.0 128.26463317871094 120.0
v 113.0 129.0 120.66045379638672
v 112.75643157958984 129.0 123.0
v 113.0 128.64340209960938 123.0
v 113.0 129.0 122.45609283447266
v 112.54078674316406 129.0 124.0
v 113.0 128.44627380371094 124.0
v 112.45169830322266 129.0 125.0
v 113.0 128.21751403808594 125.0
v 112.21212005615234 129.0 126.0
v 112.1456298828125 130.0 120.0
v 113.0 129.2641143798828 121.0
v 112.44676208496094 130.0 121.0
v 112.43795013427734 130.0 122.0
v 113.0 129.27047729492188 122.0
v 112.17283630371094 130.0 123.0
v 113.17127227783203 99.0 119.0
v 113.43921661376953 99.0 120.0
v 113.47769165039062 99.0 121.0
v 113.31143951416016 99.0 122.0
v 113.17059326171875 99.0 124.0
v 113.12477111816406 100.0 116.0
v 113.31209564208984 100.0 117.0
v 113.49340057373047 100.0 118.0
v 113.75753021240234 100.0 119.0
v 114.0 100.0 119.527587890625
v 114.0 99.71707153320312 120.0
v 114.0 99.56861114501953 121.0
v 114.0 99.60175323486328 122.0
v 114.0 99.66609954833984 123.0
v 114.0 99.62410736083984 124.0
v 114.0 99.63902282714844 125.0
v 114.0 99.83574676513672 126.0
v 113.28282928466797 100.0 127.0
v 114.0 100.0 126.2127914428711
v 113.34843444824219 100.0 128.0
v 113.1260986328125 100.0 129.0
v 113.37818145751953 101.0 115.0
v 113.63121795654297 101.0 116.0
v 113.80428314208984 101.0 117.0
v 114.0 101.0 117.39875793457031
v 114.0 100.6320571899414 118.0
v 114.0 100.31103515625 119.0
v 114.0 100.69332122802734 127.0
v 114.0 101.0 127.42243957519531
v 113.71138763427734 101.0 128.0
v 113.40365600585938 101.0 129.0
v 113.22653198242188 102.0 113.0
v 113.61343383789062 102.0 114.0
v 114.0 102.0 114.65467071533203
v 114.0 101.7532958984375 115.0
v 114.0 101.50242614746094 116.0
v 114.0 101.25428009033203 117.0
v 114.0 101.51757049560547 128.0
v 114.0 102.0 128.54205322265625
v 113.76563262939453 102.0 129.0
v 113.54645538330078 102.0 130.0
v 113.49837493896484 102.0 131.0
v 113.4234619140625 102.0 132.0
v 113.36466217041016 103.0 112.0
v 113.75313568115234 103.0 113.0
v 114.0 103.0 113.47423553466797
v 114.0 102.56993865966797 114.0
v 114.0 102.33637237548828 129.0
v 114.0 102.54120635986328 130.0
v 114.0 102.5444107055664 131.0
v 114.0 102.4584732055664 132.0
v 114.0 102.52902221679688 133.0
v 113.2269058227539 103.0 134.0
v 114.0 103.0 133.42225646972656
v 113.32595825195312 104.0 111.0
v 114.0 104.0 111.81961822509766
v 114.0 103.81442260742188 112.0
v 114.0 103.36370086669922 113.0
v 114.0 103.76006317138672 134.0
v 114.0 104.0 134.1436309814453
v 113.61906433105469 105.0 111.0
v 114.0 105.0 111.43415832519531
v 114.0 105.0 134.3943328857422
v 114.0 106.0 110.87442016601562
v 114.0 105.73648834228516 111.0
v 113.11762237548828 106.0 135.0
v 114.0 106.0 134.4253387451172
v 114.0 107.0 110.61410522460938
v 114.0 107.0 134.30845642089844
v 113.97338104248047 108.0 110.0
v 114.0 108.0 110.03179931640625
v 114.0 108.0 134.2598114013672
v 113.84355926513672 109.0 110.0
v 114.0 108.97863006591797 111.0
v 113.99018096923828 109.0 111.0
v 114.0 109.0 111.01659393310547
v 114.0 109.0 134.1376190185547
v 113.42477416992188 110.0 110.0
v 113.67041015625 110.0 111.0
v 114.0 110.0 111.55213165283203
v 113.61640167236328 110.0 134.0
v 114.0 109.30842590332031 134.0
v 114.0 110.0 133.66693115234375
v 113.33270263671875 111.0 110.0
v 113.5346450805664 111.0 111.0
v 114.0 110.62194061279297 112.0
v 113.81885528564453 111.0 112.0
v 114.0 111.0 112.2406005859375
v 113.38947296142578 111.0 134.0
v 114.0 111.0 133.3269500732422
v 113.31986236572266 112.0 110.0
v 113.52568817138672 112.0 111.0
v 113.79086303710938 112.0 112.0
v 114.0 112.0 112.32351684570312
v 113.53089904785156 112.0 134.0
v 114.0 112.0 133.53952026367188
v 113.08073425292969 113.0 110.0
v 113.44300842285156 113.0 111.0
v 113.967529296875 113.0 112.0
v 114.0 113.0 112.07091522216797
v 113.82756805419922 113.0 134.0
v 114.0 113.0 133.78173828125
v 113.48222351074219 114.0 112.0
v 114.0 113.62010192871094 113.0
v 113.78209686279297 114.0 113.0
v 114.0 114.0 113.50834655761719
v 113.73248291015625 114.0 133.0
v 114.0 113.59467315673828 133.0
v 114.0 114.0 132.37738037109375
v 113.3954849243164 114.0 134.0
v 113.14244842529297 115.0 112.0
v 113.49398803710938 115.0 113.0
v 114.0 114.33720397949219 114.0
v 113.63423919677734 115.0 114.0
v 113.84364318847656 115.0 115.0
v 114.0 114.7342758178711 115.0
v 114.0 115.0 115.26253509521484
v 113.41393280029297 115.0 133.0
v 114.0 115.0 132.02694702148438
v 113.2320556640625 116.0 113.0
v 113.46729278564453 116.0 114.0
v 113.6669692993164 116.0 115.0
v 114.0 116.0 115.50399017333984
v 113.5220947265625 116.0 131.0
v 114.0 115.6333236694336 131.0
v 114.0 116.0 130.2098388671875
v 113.09453582763672 116.0 132.0
v 114.0 115.01988983154297 132.0
v 113.11808776855469 117.0 114.0
v 113.44586944580078 117.0 115.0
v 114.0 117.0 115.80593872070312
v 113.7374038696289 117.0 123.0
v 114.0 116.78450775146484 123.0
v 114.0 117.0 122.58638763427734
v 113.68071746826172 117.0 124.0
v 114.0 116.72068786621094 124.0
v 114.0 117.0 124.73724365234375
v 113.80125427246094 117.0 126.0
v 114.0 116.84744262695312 126.0
v 114.0 117.0 125.37808227539062
v 113.68395233154297 117.0 127.0
v 114.0 116.76595306396484 127.0
v 113.63919067382812 117.0 128.0
v 114.0 116.67432403564453 128.0
v 113.6955337524414 117.0 129.0
v 114.0 116.72158813476562 129.0
v 113.02523803710938 117.0 130.0
v 114.0 116.14827728271484 130.0
v 113.17384338378906 118.0 116.0
v 114.0 117.1727066040039 116.0
v 113.42491912841797 118.0 117.0
v 114.0 117.41816711425781 117.0
v 113.41728973388672 118.0 118.0
v 114.0 117.2938232421875 118.0
v 113.52577209472656 118.0 119.0
v 114.0 117.04473114013672 119.0
v 113.94271087646484 118.0 120.0
v 114.0 117.90735626220703 120.0
v 113.64288330078125 118.0 121.0
v 114.0 117.62504577636719 121.0
v 113.26773071289062 118.0 122.0
v 114.0 117.33287811279297 122.0
v 114.0 117.11172485351562 125.0
v 113.08273315429688 118.0 129.0
v 113.07759857177734 119.0 120.0
v 113.19722747802734 123.0 123.0
v 113.18234252929688 123.0 124.0
v 113.02438354492188 124.0 119.0
v 113.27891540527344 124.0 120.0
v 113.31859588623047 124.0 121.0
v 113.36888885498047 124.0 122.0
v 113.46057891845703 124.0 123.0
v 113.46014404296875 124.0 124.0
v 113.36267852783203 124.0 125.0
v 113.2026138305664 124.0 126.0
v 113.36112213134766 125.0 120.0
v 113.48783111572266 125.0 121.0
v 113.4947509765625 125.0 122.0
v 113.49848937988281 125.0 123.0
v 113.4984130859375 125.0 124.0
v 113.49195861816406 125.0 125.0
v 113.4509506225586 125.0 126.0
v 113.19403076171875 125.0 127.0
v 113.33769989013672 126.0 120.0
v 113.49340057373047 126.0 121.0
v 113.49992370605469 126.0 122.0
v 113.49995422363281 126.0 123.0
v 113.49853515625 126.0 124.0
v 113.4674072265625 126.0 125.0
v 113.36241149902344 126.0 126.0
v 113.13106536865234 126.0 127.0
v 113.31924438476562 127.0 120.0
v 113.49153900146484 127.0 121.0
v 113.49844360351562 127.0 122.0
v 113.49476623535156 127.0 123.0
v 113.48824310302734 127.0 124.0
v 113.36467742919922 127.0 125.0
v 113.1421127319336 128.0 120.0
v 113.4533920288086 128.0 121.0
v 113.46053314208984 128.0 122.0
v 113.3688735961914 128.0 123.0
v 113.32308959960938 128.0 124.0
v 113.15164184570312 128.0 125.0
v 113.1912841796875 129.0 121.0
v 113.19649505615234 129.0 122.0
v 114.2088394165039 100.0 120.0
v 114.32865905761719 100.0 121.0
v 114.32271575927734 100.0 122.0
v 114.3006820678711 100.0 123.0
v 114.33953094482422 100.0 124.0
v 114.37612915039062 100.0 125.0
v 114.14681243896484 100.0 126.0
v 114.33174133300781 101.0 118.0
v 114.53475189208984 101.0 119.0
v 114.63567352294922 101.0 120.0
v 114.67753601074219 101.0 121.0
v 114.71533966064453 101.0 122.0
v 114.7341079711914 101.0 123.0
v 114.8452377319336 101.0 124.0
v 115.0 101.0 124.9136962890625
v 115.0 100.97737884521484 125.0
v 115.0 101.0 125.02930450439453
v 114.58090209960938 101.0 126.0
v 114.21493530273438 101.0 127.0
v 114.18659210205078 102.0 115.0
v 114.36164093017578 102.0 116.0
v 114.61701202392578 102.0 117.0
v 115.0 102.0 117.63076782226562
v 115.0 101.74028778076172 118.0
v 115.0 101.50790405273438 119.0
v 115.0 101.45263671875 120.0
v 115.0 101.3988037109375 121.0
v 115.0 101.3022232055664 122.0
v 115.0 101.26776123046875 123.0
v 115.0 101.16635131835938 124.0
v 114.858154296875 102.0 126.0
v 115.0 102.0 125.7956314086914
v 114.51261901855469 102.0 127.0
v 114.25977325439453 102.0 128.0
v 114.25238800048828 103.0 114.0
v 114.46795654296875 103.0 115.0
v 114.6291275024414 103.0 116.0
v 115.0 103.0 116.66533660888672
v 115.0 102.62181854248047 117.0
v 115.0 102.18644714355469 126.0
v 115.0 103.0 126.88033294677734
v 114.9111557006836 103.0 127.0
v 114.61251068115234 103.0 128.0
v 114.40689849853516 103.0 129.0
v 114.33782958984375 103.0 130.0
v 114.36063385009766 103.0 131.0
v 114.43846130371094 103.0 132.0
v 114.29534149169922 103.0 133.0
v 114.13397979736328 104.0 112.0
v 114.36471557617188 104.0 113.0
v 114.4999771118164 104.0 114.0
v 114.63469696044922 104.0 115.0
v 114.8453140258789 104.0 116.0
v 115.0 104.0 116.24955749511719
v 115.0 103.10462188720703 127.0
v 115.0 103.6070327758789 128.0
v 115.0 104.0 128.55990600585938
v 114.78804779052734 104.0 129.0
v 114.63521575927734 104.0 130.0
v 114.65961456298828 104.0 131.0
v 114.92117309570312 104.0 132.0
v 114.58326721191406 104.0 133.0
v 114.13688659667969 104.0 134.0
v 114.3613052368164 105.0 112.0
v 114.52601623535156 105.0 113.0
v 114.74288177490234 105.0 114.0
v 115.0 105.0 114.53925323486328
v 115.0 104.6439208984375 115.0
v 115.0 104.23163604736328 116.0
v 115.0 104.33670043945312 129.0
v 115.0 104.65306091308594 130.0
v 115.0 105.0 130.7889404296875
v 114.93594360351562 105.0 131.0
v 115.0 105.0 131.52456665039062
v 115.0 104.574951171875 132.0
v 115.0 105.0 132.1553497314453
v 114.72441101074219 105.0 133.0
v 114.3406982421875 105.0 134.0
v 114.12268829345703 106.0 111.0
v 114.46528625488281 106.0 112.0
v 114.6290054321289 106.0 113.0
v 115.0 106.0 113.6703109741211
v 115.0 105.56253051757812 114.0
v 115.0 105.15165710449219 131.0
v 114.88554382324219 106.0 133.0
v 115.0 106.0 132.28433227539062
v 114.40152740478516 106.0 134.0
v 114.31088256835938 107.0 111.0
v 114.49852752685547 107.0 112.0
v 114.67271423339844 107.0 113.0
v 115.0 107.0 113.49943542480469
v 114.73469543457031 107.0 133.0
v 115.0 107.0 132.49327087402344
v 114.30997467041016 107.0 134.0
v 114.34974670410156 108.0 111.0
v 114.50495147705078 108.0 112.0
v 114.79154968261719 108.0 113.0
v 115.0 108.0 113.33142852783203
v 114.66862487792969 108.0 133.0
v 115.0 108.0 132.50343322753906
v 114.26360321044922 108.0 134.0
v 114.49992370605469 109.0 112.0
v 115.0 109.0 112.71873474121094
v 115.0 108.51542663574219 113.0
v 114.75385284423828 109.0 133.0
v 115.0 109.0 132.65489196777344
v 114.14795684814453 109.0 134.0
v 114.33488464355469 110.0 112.0
v 115.0 110.0 112.76924133300781
v 115.0 109.72032928466797 133.0
v 115.0 110.0 133.10752868652344
v 114.6180191040039 111.0 113.0
v 115.0 110.33441162109375 113.0
v 115.0 111.0 113.6231918334961
v 115.0 111.0 133.01380920410156
v 114.40072631835938 112.0 113.0
v 115.0 111.33436584472656 114.0
v 114.63069915771484 112.0 114.0
v 114.85759735107422 112.0 115.0
v 115.0 111.79417419433594 115.0
v 115.0 112.0 115.21131134033203
v 114.55902862548828 112.0 133.0
v 115.0 111.03491973876953 133.0
v 115.0 112.0 132.62547302246094
v 114.32418823242188 113.0 113.0
v 114.467529296875 113.0 114.0
v 114.54112243652344 113.0 115.0
v 115.0 112.5964584350586 116.0
v 114.68363189697266 113.0 116.0
v 114.93653106689453 113.0 117.0
v 115.0 112.9332275390625 117.0
v 115.0 113.0 117.09759521484375
v 114.4135971069336 113.0 133.0
v 115.0 113.0 132.30543518066406
v 114.20930480957031 114.0 114.0
v 114.36832427978516 114.0 115.0
v 114.47936248779297 114.0 116.0
v 114.63634490966797 114.0 117.0
v 115.0 114.0 117.72171020507812
v 114.2992172241211 114.0 132.0
v 115.0 113.39187622070312 132.0
v 115.0 114.0 131.63587951660156
v 114.37265014648438 115.0 116.0
v 114.52721405029297 115.0 117.0
v 115.0 114.27616119384766 118.0
v 114.63381958007812 115.0 118.0
v 114.83863067626953 115.0 119.0
v 115.0 114.7308120727539 119.0
v 115.0 115.0 119.26395416259766
v 114.02027893066406 115.0 132.0
v 115.0 115.0 131.2090606689453
v 114.32470703125 116.0 116.0
v 114.4868392944336 116.0 117.0
v 114.47388458251953 116.0 118.0
v 114.54345703125 116.0 119.0
v 115.0 116.0 119.78296661376953
v 114.83001708984375 116.0 124.0
v 115.0 115.78738403320312 124.0
v 115.0 116.0 123.51468658447266
v 115.0 116.0 124.4013442993164
v 114.96501159667969 116.0 128.0
v 115.0 115.9608383178711 128.0
v 115.0 116.0 127.93962097167969
v 115.0 116.0 128.0781707763672
v 115.0 115.2229995727539 131.0
v 115.0 116.0 130.14337158203125
v 114.13025665283203 117.0 116.0
v 114.31471252441406 117.0 117.0
v 114.21298217773438 117.0 118.0
v 114.0250473022461 117.0 119.0
v 115.0 116.1999740600586 120.0
v 114.45713806152344 117.0 120.0
v 114.524169921875 117.0 121.0
v 115.0 116.43773651123047 121.0
v 114.35153198242188 117.0 122.0
v 115.0 116.38938903808594 122.0
v 115.0 116.15869140625 123.0
v 114.12218475341797 117.0 125.0
v 115.0 116.2353744506836 125.0
v 115.0 116.42980194091797 126.0
v 115.0 116.48955535888672 127.0
v 115.0 116.52445220947266 129.0
v 115.0 116.23936462402344 130.0
v 115.01653289794922 101.0 125.0
v 115.21544647216797 102.0 118.0
v 115.45268249511719 102.0 119.0
v 115.504638671875 102.0 120.0
v 115.62969970703125 102.0 121.0
v 116.0 102.0 121.73635864257812
v 116.0 101.8773193359375 122.0
v 116.0 101.74047088623047 123.0
v 116.0 101.85000610351562 124.0
v 115.62032318115234 102.0 125.0
v 116.0 102.0 124.29230499267578
v 115.21577453613281 103.0 117.0
v 115.6363754272461 103.0 118.0
v 116.0 103.0 118.60578918457031
v 116.0 102.68513488769531 119.0
v 116.0 102.51557159423828 120.0
v 116.0 102.40939331054688 121.0
v 116.0 102.43190002441406 125.0
v 116.0 102.90959930419922 126.0
v 116.0 103.0 126.11000061035156
v 115.442138671875 104.0 117.0
v 116.0 104.0 117.92169189453125
v 116.0 103.88450622558594 118.0
v 115.96229553222656 104.0 127.0
v 116.0 104.0 126.94922637939453
v 115.29889678955078 104.0 128.0
v 115.2359390258789 105.0 115.0
v 115.49697875976562 105.0 116.0
v 115.82445526123047 105.0 117.0
v 116.0 105.0 117.24302673339844
v 115.92051696777344 105.0 127.0
v 116.0 105.0 126.8666763305664
v 115.53018188476562 105.0 128.0
v 115.36746978759766 105.0 129.0
v 115.21529388427734 105.0 130.0
v 115.05828094482422 105.0 132.0
v 115.20825958251953 106.0 114.0
v 115.54887390136719 106.0 115.0
v 115.98934173583984 106.0 116.0
v 116.0 106.0 116.02403259277344
v 116.0 105.29586029052734 117.0
v 116.0 105.94639587402344 127.0
v 116.0 106.0 127.00849151611328
v 115.593994140625 106.0 128.0
v 115.50105285644531 106.0 129.0
v 115.46099853515625 106.0 130.0
v 115.30158233642578 106.0 131.0
v 115.04694366455078 106.0 132.0
v 115.3284683227539 107.0 114.0
v 115.52841186523438 107.0 115.0
v 115.78246307373047 107.0 116.0
v 116.0 107.0 116.35165405273438
v 115.67848205566406 107.0 127.0
v 116.0 106.01144409179688 127.0
v 116.0 107.0 126.01625061035156
v 115.5711669921875 107.0 128.0
v 115.59364318847656 107.0 129.0
v 115.52826690673828 107.0 130.0
v 115.46235656738281 107.0 131.0
v 115.25585174560547 107.0 132.0
v 115.36959838867188 108.0 114.0
v 115.5027847290039 108.0 115.0
v 115.64170837402344 108.0 116.0
v 116.0 108.0 116.64788818359375
v 115.80974578857422 108.0 127.0
v 116.0 108.0 126.59465789794922
v 115.79302215576172 108.0 128.0
v 115.9937744140625 108.0 129.0
v 115.63032531738281 108.0 130.0
v 115.50247192382812 108.0 131.0
v 115.33035278320312 108.0 132.0
v 115.1973648071289 109.0 113.0
v 115.46196746826172 109.0 114.0
v 115.53242492675781 109.0 115.0
v 115.67473602294922 109.0 116.0
v 116.0 109.0 116.98207092285156
v 116.0 108.30790710449219 127.0
v 116.0 108.33397674560547 128.0
v 116.0 108.01498413085938 129.0
v 116.0 109.0 129.6957550048828
v 115.83888244628906 109.0 130.0
v 115.6317367553711 109.0 131.0
v 115.40442657470703 109.0 132.0
v 115.17800903320312 110.0 113.0
v 115.45982360839844 110.0 114.0
v 115.62224578857422 110.0 115.0
v 116.0 110.0 115.73591613769531
v 116.0 109.69939422607422 116.0
v 116.0 109.27294921875 130.0
v 116.0 109.67037963867188 131.0
v 116.0 110.0 131.40428161621094
v 115.69242858886719 110.0 132.0
v 115.10905456542969 110.0 133.0
v 115.2101821899414 111.0 114.0
v 115.53118133544922 111.0 115.0
v 116.0 111.0 115.58283233642578
v 116.0 110.9383544921875 132.0
v 116.0 111.0 132.0296173095703
v 115.01776885986328 111.0 133.0
v 115.98928833007812 112.0 116.0
v 116.0 111.98369598388672 116.0
v 116.0 112.0 116.01789855957031
v 115.97017669677734 112.0 123.0
v 116.0 111.9530029296875 123.0
v 116.0 112.0 122.9252700805664
v 116.0 112.0 123.0880126953125
v 115.64512634277344 112.0 132.0
v 116.0 111.06229400634766 132.0
v 116.0 112.0 131.58180236816406
v 116.0 112.310546875 117.0
v 115.53665924072266 113.0 118.0
v 116.0 112.4725112915039 118.0
v 115.66696166992188 113.0 119.0
v 116.0 112.5164794921875 119.0
v 115.83351135253906 113.0 120.0
v 116.0 112.72333526611328 120.0
v 116.0 113.0 120.44830322265625
v 115.78888702392578 113.0 122.0
v 116.0 112.60519409179688 122.0
v 116.0 113.0 121.48394775390625
v 115.58173370361328 113.0 123.0
v 116.0 112.51005554199219 124.0
v 115.7479476928711 113.0 124.0
v 116.0 113.0 124.55716705322266
v 115.31076049804688 113.0 132.0
v 116.0 113.0 131.38816833496094
v 115.1648178100586 114.0 118.0
v 115.37641143798828 114.0 119.0
v 115.5966796875 114.0 120.0
v 116.0 113.75891876220703 121.0
v 115.93040466308594 114.0 121.0
v 115.62703704833984 114.0 122.0
v 115.50798034667969 114.0 123.0
v 115.53419494628906 114.0 124.0
v 116.0 113.36244201660156 125.0
v 115.66818237304688 114.0 125.0
v 115.832275390625 114.0 126.0
v 116.0 113.69185638427734 126.0
v 115.83354187011719 114.0 127.0
v 116.0 113.69817352294922 127.0
v 115.71317291259766 114.0 128.0
v 116.0 113.54915618896484 128.0
v 115.79349517822266 114.0 129.0
v 116.0 113.67120361328125 129.0
v 116.0 114.0 129.51626586914062
v 116.0 114.0 131.0717315673828
v 115.394775390625 115.0 120.0
v 115.57868957519531 115.0 121.0
v 115.52253723144531 115.0 122.0
v 115.46345520019531 115.0 123.0
v 115.40955352783203 115.0 124.0
v 115.55951690673828 115.0 125.0
v 115.92445373535156 115.0 126.0
v 115.90360260009766 115.0 127.0
v 115.50675964355469 115.0 128.0
v 115.49854278564453 115.0 129.0
v 116.0 114.2989730834961 130.0
v 115.55541229248047 115.0 130.0
v 115.21937561035156 115.0 131.0
v 116.0 114.08890533447266 131.0
v 115.13833618164062 116.0 120.0
v 115.32369232177734 116.0 121.0
v 115.31067657470703 116.0 122.0
v 115.14656829833984 116.0 123.0
v 115.20686340332031 116.0 125.0
v 115.43151092529297 116.0 126.0
v 115.38829040527344 116.0 127.0
v 115.26383972167969 116.0 129.0
v 115.11637115478516 116.0 130.0
v 116.12078857421875 102.0 122.0
v 116.25699615478516 102.0 123.0
v 116.1402816772461 102.0 124.0
v 116.30120849609375 103.0 119.0
v 116.44577026367188 103.0 120.0
v 116.40440368652344 103.0 121.0
v 116.49940490722656 103.0 122.0
v 116.61788177490234 103.0 123.0
v 116.5876235961914 103.0 124.0
v 116.38225555419922 103.0 125.0
v 116.08216094970703 103.0 126.0
v 116.17707824707031 104.0 118.0
v 117.0 104.0 118.8182601928711
v 117.0 103.91803741455078 119.0
v 117.0 104.0 119.78461456298828
v 116.98416137695312 104.0 120.0
v 116.74434661865234 104.0 121.0
v 116.79523468017578 104.0 122.0
v 117.0 104.0 122.51139831542969
v 117.0 103.68769073486328 123.0
v 117.0 103.7718276977539 124.0
v 117.0 104.0 124.23609161376953
v 116.61846160888672 104.0 125.0
v 116.41753387451172 104.0 126.0
v 116.7627182006836 105.0 118.0
v 117.0 104.16758728027344 119.0
v 116.74600219726562 105.0 119.0
v 116.78919982910156 105.0 120.0
v 117.0 105.0 120.504638671875
v 117.0 104.55924987792969 121.0
v 117.0 104.33216857910156 122.0
v 116.62348175048828 105.0 125.0
v 117.0 105.0 124.31379699707031
v 116.40306091308594 105.0 126.0
v 116.35310363769531 106.0 117.0
v 116.55431365966797 106.0 118.0
v 116.54048156738281 106.0 119.0
v 116.67457580566406 106.0 120.0
v 117.0 106.0 120.5050277709961
v 116.79149627685547 106.0 124.0
v 117.0 105.4833755493164 124.0
v 117.0 106.0 123.66687774658203
v 116.50548553466797 106.0 125.0
v 116.33358764648438 106.0 126.0
v 116.00466918945312 106.0 127.0
v 116.35957336425781 107.0 117.0
v 116.49578857421875 107.0 118.0
v 116.50643157958984 107.0 119.0
v 116.63062286376953 107.0 120.0
v 117.0 107.0 120.66981506347656
v 116.66918182373047 107.0 124.0
v 117.0 107.0 123.49629211425781
v 116.41574096679688 107.0 125.0
v 116.00666046142578 107.0 126.0
v 116.21746063232422 108.0 117.0
v 116.46369171142578 108.0 118.0
v 116.50007629394531 108.0 119.0
v 116.53785705566406 108.0 120.0
v 117.0 107.49346160888672 121.0
v 116.78839874267578 108.0 121.0
v 117.0 108.0 121.38159942626953
v 116.62906646728516 108.0 124.0
v 117.0 108.0 123.31651306152344
v 116.47029113769531 108.0 125.0
v 116.26411437988281 108.0 126.0
v 116.00747680664062 109.0 117.0
v 116.41157531738281 109.0 118.0
v 116.49766540527344 109.0 119.0
v 116.50663757324219 109.0 120.0
v 116.63041687011719 109.0 121.0
v 117.0 108.99603271484375 122.0
v 116.99842071533203 109.0 122.0
v 116.73792266845703 109.0 123.0
v 117.0 108.41637420654297 123.0
v 116.536376953125 109.0 124.0
v 116.49867248535156 109.0 125.0
v 116.46363067626953 109.0 126.0
v 116.37126922607422 109.0 127.0
v 116.36474609375 109.0 128.0
v 116.32530212402344 109.0 129.0
v 116.15901947021484 110.0 116.0
v 116.39854431152344 110.0 117.0
v 116.55512237548828 110.0 118.0
v 116.52812194824219 110.0 119.0
v 116.50408172607422 110.0 120.0
v 116.56221008300781 110.0 121.0
v 116.69305419921875 110.0 122.0
v 116.56263732910156 110.0 123.0
v 116.50273895263672 110.0 124.0
v 116.49993896484375 110.0 125.0
v 116.4985580444336 110.0 126.0
v 116.49485778808594 110.0 127.0
v 116.4934310913086 110.0 128.0
v 116.46601867675781 110.0 129.0
v 116.36634826660156 110.0 130.0
v 116.20401763916016 110.0 131.0
v 116.30382537841797 111.0 116.0
v 116.56590270996094 111.0 117.0
v 116.77098083496094 111.0 118.0
v 116.57948303222656 111.0 119.0
v 116.50231170654297 111.0 120.0
v 116.58350372314453 111.0 121.0
v 116.7519760131836 111.0 122.0
v 116.49397277832031 111.0 123.0
v 116.46882629394531 111.0 124.0
v 116.49722290039062 111.0 125.0
v 116.4998779296875 111.0 126.0
v 116.49993133544922 111.0 127.0
v 116.49986267089844 111.0 128.0
v 116.49852752685547 111.0 129.0
v 116.49197387695312 111.0 130.0
v 116.42244720458984 111.0 131.0
v 116.02261352539062 111.0 132.0
v 116.29798126220703 112.0 117.0
v 116.40221405029297 112.0 118.0
v 116.36054992675781 112.0 119.0
v 116.3720932006836 112.0 120.0
v 116.45829010009766 112.0 121.0
v 116.3431396484375 112.0 122.0
v 116.2612075805664 112.0 124.0
v 116.45806121826172 112.0 125.0
v 116.49201202392578 112.0 126.0
v 116.49340057373047 112.0 127.0
v 116.49344635009766 112.0 128.0
v 116.49475860595703 112.0 129.0
v 116.49320983886719 112.0 130.0
v 116.36503601074219 112.0 131.0
v 116.19994354248047 113.0 121.0
v 116.2071762084961 113.0 125.0
v 116.3321304321289 113.0 126.0
v 116.33712768554688 113.0 127.0
v 116.33405303955078 113.0 128.0
v 116.3695068359375 113.0 129.0
v 116.45462036132812 113.0 130.0
v 116.3067626953125 113.0 131.0
v 116.19475555419922 114.0 130.0
v 116.06503295898438 114.0 131.0
v 117.05662536621094 104.0 119.0
v 117.19631958007812 104.0 123.0
v 117.13967895507812 104.0 124.0
v 117.20693969726562 105.0 121.0
v 117.36280059814453 105.0 122.0
v 117.42135620117188 105.0 123.0
v 117.19633483886719 105.0 124.0
v 117.32023620605469 106.0 121.0
v 117.48151397705078 106.0 122.0
v 117.36750030517578 106.0 123.0
v 117.20686340332031 107.0 121.0
v 117.4534912109375 107.0 122.0
v 117.32514190673828 107.0 123.0
v 117.31634521484375 108.0 122.0
v 117.19639587402344 108.0 123.0
f 3 2 1
f 5 4 1
f 1 4 3
f 7 6 5
f 5 6 4
f 7 8 6
f 1 2 9
f 9 2 10
f 1 11 5
f 1 9 11
f 13 7 12
f 7 11 12
f 7 5 11
f 7 13 8
f 16 15 14
f 18 17 14
f 14 17 16
f 20 19 18
f 19 9 18
f 10 17 18
f 10 18 9
f 9 19 11
f 11 19 21
f 11 21 12
f 14 15 22
f 22 15 23
f 14 24 18
f 14 22 24
f 20 18 25
f 25 18 24
f 28 27 26
f 30 29 26
f 26 29 28
f 30 31 29
f 22 23 32
f 32 23 33
f 22 34 24
f 22 32 34
f 25 24 35
f 24 36 35
f 24 34 36
f 37 26 27
f 36 38 35
f 40 39 37
f 39 26 37
f 39 30 26
f 31 30 41
f 41 30 39
f 33 42 32
f 32 42 34
f 34 42 43
f 34 43 36
f 36 43 44
f 36 44 38
f 40 45 39
f 39 45 41
f 48 47 46
f 50 49 46
f 46 49 48
f 50 51 49
f 46 47 52
f 52 47 53
f 46 54 50
f 46 52 54
f 51 50 55
f 55 50 54
f 53 56 52
f 52 56 54
f 54 56 57
f 54 57 55
f 60 59 58
f 62 61 58
f 58 61 60
f 64 63 62
f 62 63 61
f 64 65 63
f 68 67 66
f 68 66 59
f 66 58 59
f 66 69 58
f 58 70 62
f 58 69 70
f 62 71 64
f 62 70 71
f 65 64 72
f 72 64 71
f 66 67 73
f 73 67 74
f 66 75 69
f 66 73 75
f 69 76 70
f 69 75 76
f 70 77 71
f 70 76 77
f 72 71 78
f 71 79 78
f 71 77 79
f 79 80 78
f 73 74 81
f 81 74 82
f 81 2 3
f 75 81 3
f 73 81 75
f 75 3 4
f 75 4 76
f 76 4 6
f 76 6 77
f 77 6 8
f 83 77 8
f 79 77 83
f 80 79 84
f 84 79 83
f 87 86 85
f 87 85 82
f 85 81 82
f 85 88 81
f 88 10 2
f 88 2 81
f 12 89 13
f 83 8 13
f 89 83 13
f 90 83 89
f 84 83 91
f 91 83 90
f 85 86 16
f 86 15 16
f 86 92 15
f 85 16 17
f 85 17 88
f 10 88 17
f 19 20 93
f 94 21 19
f 94 19 93
f 89 12 21
f 94 89 21
f 95 89 94
f 89 96 90
f 89 95 96
f 91 90 97
f 97 90 96
f 92 23 15
f 98 23 92
f 25 99 93
f 25 93 20
f 99 27 28
f 94 99 28
f 93 99 94
f 94 28 29
f 94 29 95
f 96 95 100
f 95 31 100
f 31 101 100
f 31 95 29
f 96 100 97
f 104 103 102
f 98 104 102
f 33 98 102
f 23 98 33
f 35 99 25
f 105 35 38
f 105 99 35
f 105 37 27
f 99 105 27
f 105 40 37
f 41 101 31
f 41 106 101
f 102 103 107
f 107 103 108
f 109 42 33
f 102 109 33
f 107 109 102
f 110 43 42
f 110 42 109
f 111 44 43
f 111 43 110
f 105 38 44
f 111 105 44
f 112 105 111
f 113 45 40
f 105 113 40
f 112 113 105
f 113 114 45
f 114 41 45
f 114 106 41
f 117 116 115
f 115 118 117
f 107 108 119
f 119 108 120
f 107 121 109
f 107 119 121
f 109 122 110
f 109 121 122
f 110 123 111
f 110 122 123
f 111 124 112
f 111 123 124
f 112 125 113
f 112 124 125
f 114 113 126
f 126 113 125
f 116 127 115
f 115 127 118
f 120 128 119
f 119 128 121
f 121 128 129
f 131 130 129
f 130 121 129
f 130 122 121
f 122 132 123
f 122 130 132
f 123 133 124
f 123 132 133
f 135 125 134
f 125 133 134
f 125 124 133
f 125 135 126
f 131 136 130
f 130 136 132
f 132 136 137
f 132 137 133
f 133 137 138
f 133 138 134
f 141 140 139
f 143 142 139
f 139 142 141
f 145 144 143
f 143 144 142
f 147 146 145
f 145 146 144
f 147 148 146
f 151 150 149
f 151 149 140
f 149 139 140
f 149 152 139
f 139 153 143
f 139 152 153
f 143 154 145
f 143 153 154
f 145 155 147
f 145 154 155
f 148 147 156
f 156 147 155
f 159 158 157
f 159 157 150
f 157 149 150
f 157 160 149
f 160 47 48
f 152 160 48
f 149 160 152
f 152 48 49
f 152 49 153
f 153 49 51
f 161 153 51
f 154 153 161
f 154 162 155
f 154 161 162
f 156 155 163
f 163 155 162
f 166 165 164
f 166 164 158
f 164 157 158
f 164 167 157
f 157 168 160
f 157 167 168
f 168 53 47
f 168 47 160
f 55 169 161
f 55 161 51
f 161 170 162
f 161 169 170
f 163 162 171
f 171 162 170
f 164 165 172
f 172 165 173
f 164 174 167
f 164 172 174
f 167 175 168
f 167 174 175
f 176 56 53
f 168 176 53
f 175 176 168
f 177 57 56
f 177 56 176
f 169 55 57
f 177 169 57
f 178 169 177
f 169 179 170
f 169 178 179
f 171 170 180
f 180 170 179
f 172 173 181
f 181 173 182
f 172 183 174
f 172 181 183
f 174 184 175
f 174 183 184
f 175 185 176
f 175 184 185
f 176 186 177
f 176 185 186
f 177 187 178
f 177 186 187
f 178 188 179
f 178 187 188
f 180 179 189
f 189 179 188
f 181 182 190
f 190 182 191
f 181 192 183
f 181 190 192
f 183 193 184
f 183 192 193
f 184 194 185
f 184 193 194
f 185 195 186
f 185 194 195
f 186 196 187
f 186 195 196
f 187 197 188
f 187 196 197
f 189 188 198
f 198 188 197
f 190 191 199
f 199 191 200
f 190 201 192
f 190 199 201
f 201 59 60
f 193 201 60
f 192 201 193
f 193 60 61
f 193 61 194
f 194 61 63
f 194 63 195
f 195 63 65
f 202 195 65
f 196 195 202
f 196 203 197
f 196 202 203
f 198 197 204
f 204 197 203
f 199 200 205
f 205 200 206
f 205 67 68
f 201 205 68
f 199 205 201
f 201 68 59
f 72 207 202
f 72 202 65
f 202 208 203
f 202 207 208
f 204 203 209
f 209 203 208
f 212 211 210
f 210 213 212
f 216 215 214
f 216 214 206
f 214 205 206
f 214 217 205
f 217 74 67
f 217 67 205
f 78 207 72
f 208 207 218
f 207 80 218
f 80 219 218
f 80 207 78
f 208 218 209
f 210 211 220
f 220 211 221
f 213 210 222
f 222 210 220
f 214 215 223
f 223 215 224
f 214 225 217
f 214 223 225
f 225 82 74
f 225 74 217
f 84 219 80
f 84 226 219
f 229 228 227
f 229 227 221
f 227 220 221
f 227 230 220
f 222 220 231
f 220 232 231
f 220 230 232
f 232 233 231
f 223 224 234
f 234 224 235
f 234 86 87
f 225 234 87
f 223 234 225
f 225 87 82
f 91 226 84
f 91 236 226
f 227 228 237
f 237 228 238
f 227 239 230
f 227 237 239
f 241 232 240
f 232 239 240
f 232 230 239
f 232 241 233
f 234 235 242
f 242 235 243
f 242 92 86
f 242 86 234
f 97 236 91
f 97 244 236
f 237 238 245
f 245 238 246
f 237 247 239
f 237 245 247
f 240 239 248
f 248 239 247
f 242 243 249
f 249 243 250
f 249 98 92
f 249 92 242
f 101 251 100
f 251 252 100
f 252 97 100
f 252 244 97
f 245 246 253
f 253 246 254
f 245 255 247
f 245 253 255
f 248 247 256
f 256 247 255
f 249 250 104
f 250 103 104
f 250 257 103
f 249 104 98
f 259 258 251
f 101 259 251
f 106 259 101
f 251 258 252
f 253 254 260
f 260 254 261
f 253 262 255
f 253 260 262
f 256 255 263
f 263 255 262
f 266 265 264
f 257 266 264
f 108 257 264
f 103 257 108
f 114 259 106
f 114 267 259
f 270 269 268
f 270 268 261
f 261 268 260
f 268 116 260
f 116 117 260
f 262 260 271
f 260 118 271
f 118 272 271
f 118 260 117
f 262 271 263
f 264 265 273
f 273 265 274
f 273 120 108
f 273 108 264
f 126 267 114
f 126 275 267
f 268 269 276
f 276 269 277
f 278 127 116
f 268 278 116
f 276 278 268
f 278 279 127
f 279 118 127
f 279 272 118
f 282 281 280
f 282 280 274
f 280 273 274
f 280 283 273
f 284 128 120
f 273 284 120
f 283 284 273
f 285 129 128
f 285 128 284
f 285 131 129
f 134 286 135
f 286 287 135
f 287 126 135
f 287 275 126
f 276 277 288
f 288 277 289
f 276 290 278
f 276 288 290
f 279 278 291
f 291 278 290
f 280 281 292
f 292 281 293
f 280 294 283
f 280 292 294
f 283 295 284
f 283 294 295
f 284 296 285
f 284 295 296
f 297 136 131
f 285 297 131
f 296 297 285
f 298 137 136
f 298 136 297
f 299 138 137
f 299 137 298
f 299 300 138
f 138 300 134
f 300 301 134
f 301 286 134
f 286 301 287
f 288 289 302
f 302 289 303
f 288 304 290
f 288 302 304
f 291 290 305
f 305 290 304
f 293 306 292
f 308 307 306
f 307 292 306
f 307 294 292
f 294 309 295
f 294 307 309
f 311 296 310
f 296 309 310
f 296 295 309
f 296 311 297
f 297 311 312
f 297 312 298
f 298 312 313
f 298 313 299
f 299 313 314
f 299 314 300
f 303 315 302
f 302 315 304
f 304 315 316
f 304 316 305
f 308 317 307
f 307 317 309
f 309 317 318
f 309 318 310
f 321 320 319
f 323 322 319
f 319 322 321
f 325 324 323
f 323 324 322
f 327 326 325
f 325 326 324
f 327 328 326
f 331 330 329
f 333 332 329
f 329 332 331
f 140 141 333
f 141 332 333
f 141 334 332
f 142 319 320
f 334 142 320
f 141 142 334
f 319 142 144
f 319 144 323
f 323 144 146
f 323 146 325
f 325 146 148
f 335 325 148
f 327 325 335
f 328 327 336
f 336 327 335
f 339 338 337
f 339 337 330
f 337 329 330
f 337 340 329
f 340 150 151
f 333 340 151
f 329 340 333
f 333 151 140
f 156 341 335
f 156 335 148
f 336 335 342
f 342 335 341
f 337 338 343
f 343 338 344
f 343 158 159
f 340 343 159
f 337 343 340
f 340 159 150
f 163 345 341
f 163 341 156
f 342 341 346
f 346 341 345
f 343 344 166
f 344 165 166
f 344 347 165
f 343 166 158
f 171 348 345
f 171 345 163
f 346 345 349
f 349 345 348
f 347 173 165
f 350 173 347
f 180 351 348
f 180 348 171
f 349 348 352
f 352 348 351
f 350 182 173
f 353 182 350
f 355 354 351
f 180 355 351
f 189 355 180
f 351 354 352
f 353 191 182
f 356 191 353
f 198 355 189
f 198 357 355
f 356 200 191
f 358 200 356
f 204 357 198
f 204 359 357
f 362 361 360
f 364 363 360
f 360 363 362
f 364 365 363
f 368 367 366
f 358 368 366
f 206 358 366
f 200 358 206
f 209 359 204
f 209 369 359
f 360 361 370
f 370 361 371
f 370 211 212
f 364 370 212
f 360 370 364
f 373 372 213
f 213 372 212
f 372 365 212
f 365 364 212
f 373 374 372
f 366 367 216
f 367 215 216
f 367 375 215
f 366 216 206
f 219 376 218
f 376 377 218
f 377 209 218
f 377 369 209
f 370 371 378
f 378 371 379
f 378 221 211
f 378 211 370
f 222 380 373
f 222 373 213
f 374 373 381
f 381 373 380
f 375 224 215
f 382 224 375
f 384 383 376
f 219 384 376
f 226 384 219
f 376 383 377
f 378 379 229
f 379 228 229
f 379 385 228
f 378 229 221
f 231 380 222
f 231 233 380
f 233 381 380
f 233 386 381
f 382 235 224
f 387 235 382
f 236 384 226
f 236 388 384
f 385 238 228
f 389 238 385
f 240 390 241
f 390 391 241
f 391 233 241
f 391 386 233
f 387 243 235
f 392 243 387
f 244 388 236
f 244 393 388
f 389 246 238
f 394 246 389
f 248 395 390
f 248 390 240
f 391 390 396
f 396 390 395
f 399 398 397
f 392 399 397
f 250 392 397
f 243 392 250
f 252 393 244
f 252 400 393
f 394 254 246
f 401 254 394
f 256 402 395
f 256 395 248
f 396 395 403
f 403 395 402
f 397 398 404
f 404 398 405
f 404 257 250
f 404 250 397
f 407 406 258
f 407 258 259
f 252 258 400
f 400 258 406
f 401 261 254
f 408 261 401
f 263 409 402
f 263 402 256
f 403 402 410
f 410 402 409
f 404 405 266
f 405 265 266
f 405 411 265
f 404 266 257
f 267 407 259
f 267 412 407
f 414 413 270
f 270 413 269
f 270 261 408
f 270 408 414
f 416 415 271
f 416 271 272
f 263 271 409
f 271 417 409
f 271 415 417
f 409 417 410
f 411 274 265
f 418 274 411
f 275 412 267
f 275 419 412
f 413 277 269
f 420 277 413
f 279 416 272
f 279 421 416
f 423 422 282
f 282 422 281
f 282 274 418
f 282 418 423
f 287 419 275
f 287 424 419
f 427 426 425
f 420 427 425
f 289 420 425
f 277 420 289
f 291 421 279
f 291 428 421
f 422 293 281
f 429 293 422
f 431 430 301
f 431 301 300
f 287 301 424
f 424 301 430
f 425 426 432
f 432 426 433
f 432 303 289
f 432 289 425
f 305 428 291
f 305 434 428
f 306 293 435
f 293 436 435
f 293 429 436
f 435 308 306
f 310 437 311
f 438 312 311
f 438 311 437
f 439 313 312
f 439 312 438
f 440 314 313
f 440 313 439
f 440 441 314
f 441 300 314
f 441 431 300
f 444 443 442
f 444 442 433
f 442 432 433
f 442 445 432
f 446 315 303
f 432 446 303
f 445 446 432
f 315 446 447
f 448 315 447
f 316 315 448
f 305 316 434
f 434 316 448
f 436 449 435
f 449 451 450
f 449 450 317
f 435 449 317
f 308 435 317
f 452 318 317
f 452 317 450
f 437 310 318
f 452 437 318
f 453 437 452
f 437 454 438
f 437 453 454
f 438 455 439
f 438 454 455
f 439 456 440
f 439 455 456
f 441 440 457
f 457 440 456
f 442 443 458
f 458 443 459
f 442 460 445
f 442 458 460
f 445 461 446
f 445 460 461
f 447 446 462
f 462 446 461
f 451 463 450
f 450 463 452
f 452 463 464
f 466 465 464
f 465 452 464
f 465 453 452
f 453 467 454
f 453 465 467
f 454 468 455
f 454 467 468
f 455 469 456
f 455 468 469
f 457 456 470
f 470 456 469
f 458 459 471
f 471 459 472
f 458 473 460
f 458 471 473
f 475 461 474
f 461 473 474
f 461 460 473
f 461 475 462
f 465 466 476
f 476 466 477
f 465 478 467
f 465 476 478
f 480 468 479
f 468 478 479
f 468 467 478
f 468 480 469
f 469 480 481
f 469 481 470
f 472 482 471
f 471 482 473
f 473 482 483
f 473 483 474
f 477 484 476
f 476 484 478
f 478 484 485
f 478 485 479
f 488 487 486
f 490 489 486
f 486 489 488
f 492 491 490
f 490 491 489
f 494 493 492
f 492 493 491
f 496 495 494
f 494 495 493
f 496 497 495
f 500 499 498
f 500 498 487
f 487 498 486
f 498 320 486
f 320 321 486
f 486 321 322
f 486 322 490
f 490 322 324
f 490 324 492
f 492 324 326
f 492 326 494
f 494 326 328
f 501 494 328
f 496 494 501
f 497 496 502
f 502 496 501
f 503 330 331
f 503 331 504
f 331 505 504
f 331 332 505
f 334 498 499
f 505 334 499
f 332 334 505
f 498 334 320
f 336 506 501
f 336 501 328
f 502 501 507
f 507 501 506
f 509 508 339
f 339 508 338
f 339 330 503
f 510 339 503
f 509 339 510
f 510 503 504
f 342 511 506
f 342 506 336
f 507 506 512
f 512 506 511
f 515 514 513
f 508 515 513
f 344 508 513
f 338 508 344
f 517 516 511
f 342 517 511
f 346 517 342
f 511 516 512
f 513 514 518
f 518 514 519
f 518 347 344
f 518 344 513
f 349 517 346
f 349 520 517
f 518 519 521
f 521 519 522
f 521 350 347
f 521 347 518
f 352 520 349
f 352 523 520
f 526 525 524
f 526 524 522
f 524 521 522
f 524 527 521
f 527 353 350
f 527 350 521
f 355 528 354
f 528 529 354
f 529 352 354
f 529 523 352
f 524 525 530
f 530 525 531
f 524 532 527
f 524 530 532
f 532 356 353
f 532 353 527
f 534 533 528
f 355 534 528
f 357 534 355
f 528 533 529
f 537 536 535
f 539 538 535
f 535 538 537
f 539 540 538
f 530 531 541
f 541 531 542
f 530 543 532
f 530 541 543
f 543 358 356
f 543 356 532
f 359 534 357
f 359 544 534
f 546 545 362
f 362 545 361
f 363 535 536
f 546 363 536
f 362 363 546
f 535 363 365
f 547 535 365
f 539 535 547
f 540 539 548
f 548 539 547
f 541 542 549
f 549 542 550
f 549 367 368
f 543 549 368
f 541 549 543
f 543 368 358
f 369 544 359
f 369 551 544
f 545 371 361
f 552 371 545
f 372 547 365
f 554 553 374
f 374 553 372
f 553 548 372
f 548 547 372
f 554 555 553
f 550 556 549
f 367 549 556
f 557 367 556
f 375 367 557
f 377 551 369
f 377 558 551
f 552 379 371
f 559 379 552
f 381 560 554
f 381 554 374
f 555 554 561
f 561 554 560
f 557 382 375
f 562 382 557
f 564 563 383
f 564 383 384
f 377 383 558
f 558 383 563
f 567 566 565
f 559 567 565
f 385 559 565
f 379 559 385
f 386 568 560
f 386 560 381
f 561 560 569
f 569 560 568
f 562 387 382
f 570 387 562
f 388 564 384
f 388 571 564
f 565 566 572
f 572 566 573
f 572 389 385
f 572 385 565
f 575 574 568
f 386 575 568
f 391 575 386
f 568 574 569
f 570 392 387
f 576 392 570
f 393 571 388
f 393 577 571
f 572 573 578
f 578 573 579
f 578 394 389
f 578 389 572
f 396 575 391
f 396 580 575
f 582 581 399
f 399 581 398
f 399 392 576
f 399 576 582
f 400 577 393
f 400 583 577
f 578 579 584
f 584 579 585
f 584 401 394
f 584 394 578
f 403 580 396
f 403 586 580
f 581 405 398
f 587 405 581
f 589 588 406
f 589 406 407
f 400 406 583
f 583 406 588
f 584 585 590
f 590 585 591
f 590 408 401
f 590 401 584
f 410 586 403
f 410 592 586
f 587 411 405
f 593 411 587
f 412 589 407
f 412 594 589
f 597 596 595
f 597 595 591
f 591 595 590
f 595 413 590
f 413 414 590
f 590 414 408
f 416 598 415
f 599 417 415
f 599 415 598
f 599 600 417
f 600 410 417
f 600 592 410
f 593 418 411
f 601 418 593
f 419 594 412
f 419 602 594
f 595 596 603
f 603 596 604
f 603 420 413
f 603 413 595
f 606 605 598
f 416 606 598
f 421 606 416
f 598 605 599
f 599 605 607
f 599 607 600
f 609 608 423
f 423 608 422
f 423 418 601
f 423 601 609
f 424 602 419
f 424 610 602
f 603 604 427
f 604 426 427
f 604 611 426
f 603 427 420
f 428 606 421
f 428 612 606
f 608 429 422
f 613 429 608
f 615 614 430
f 615 430 431
f 424 430 610
f 610 430 614
f 611 433 426
f 616 433 611
f 434 612 428
f 434 617 612
f 613 436 429
f 618 436 613
f 441 615 431
f 441 619 615
f 621 620 444
f 444 620 443
f 444 433 616
f 444 616 621
f 447 622 448
f 622 623 448
f 623 434 448
f 623 617 434
f 449 436 624
f 436 625 624
f 436 618 625
f 624 451 449
f 457 619 441
f 457 626 619
f 620 459 443
f 627 459 620
f 629 628 622
f 447 629 622
f 462 629 447
f 622 628 623
f 625 630 624
f 630 632 631
f 630 631 463
f 624 630 463
f 451 624 463
f 633 464 463
f 633 463 631
f 633 466 464
f 470 626 457
f 470 634 626
f 637 636 635
f 627 637 635
f 472 627 635
f 459 627 472
f 474 638 475
f 638 639 475
f 639 462 475
f 639 629 462
f 632 640 631
f 642 641 640
f 641 631 640
f 641 633 631
f 641 477 466
f 641 466 633
f 479 643 480
f 644 481 480
f 644 480 643
f 644 645 481
f 645 470 481
f 645 634 470
f 635 636 646
f 646 636 647
f 648 482 472
f 635 648 472
f 646 648 635
f 649 483 482
f 649 482 648
f 638 474 483
f 649 638 483
f 650 638 649
f 639 638 651
f 651 638 650
f 642 652 641
f 652 654 653
f 652 653 484
f 641 652 484
f 477 641 484
f 655 485 484
f 655 484 653
f 655 656 485
f 485 656 479
f 656 657 479
f 657 643 479
f 643 657 644
f 644 657 658
f 644 658 645
f 646 647 659
f 659 647 660
f 646 661 648
f 646 659 661
f 648 662 649
f 648 661 662
f 664 650 663
f 650 662 663
f 650 649 662
f 650 664 651
f 654 665 653
f 653 665 655
f 655 665 666
f 655 666 656
f 660 667 659
f 659 667 661
f 661 667 668
f 661 668 662
f 662 668 669
f 662 669 663
f 672 671 670
f 670 673 672
f 676 675 674
f 487 488 674
f 488 676 674
f 488 677 676
f 678 488 489
f 678 677 488
f 679 489 491
f 679 678 489
f 493 670 671
f 679 493 671
f 491 493 679
f 680 673 670
f 493 680 670
f 495 680 493
f 495 497 680
f 680 497 681
f 674 675 500
f 675 499 500
f 675 682 499
f 674 500 487
f 502 681 497
f 502 683 681
f 685 684 505
f 505 684 504
f 505 499 682
f 505 682 685
f 507 683 502
f 507 686 683
f 687 508 509
f 687 509 688
f 509 689 688
f 509 510 689
f 510 504 684
f 510 684 689
f 512 686 507
f 512 690 686
f 692 691 515
f 515 691 514
f 515 508 687
f 693 515 687
f 692 515 693
f 693 687 688
f 695 694 516
f 695 516 517
f 512 516 690
f 690 516 694
f 691 519 514
f 696 519 691
f 520 695 517
f 520 697 695
f 700 699 698
f 696 700 698
f 522 696 698
f 519 696 522
f 523 697 520
f 523 701 697
f 704 703 702
f 706 705 702
f 702 705 704
f 706 707 705
f 710 709 708
f 710 708 699
f 699 708 698
f 708 525 698
f 525 526 698
f 698 526 522
f 529 701 523
f 529 711 701
f 702 703 712
f 712 703 713
f 702 714 706
f 702 712 714
f 707 706 715
f 715 706 714
f 708 709 716
f 716 709 717
f 716 531 525
f 716 525 708
f 719 718 533
f 719 533 534
f 529 533 711
f 711 533 718
f 712 713 537
f 713 536 537
f 713 720 536
f 712 537 538
f 712 538 714
f 538 540 714
f 540 715 714
f 540 721 715
f 716 717 722
f 722 717 723
f 722 542 531
f 722 531 716
f 544 719 534
f 544 724 719
f 726 725 546
f 546 725 545
f 546 536 720
f 546 720 726
f 548 728 727
f 721 548 727
f 540 548 721
f 728 729 727
f 722 723 730
f 730 723 731
f 730 550 542
f 730 542 722
f 551 724 544
f 551 732 724
f 735 734 733
f 725 735 733
f 552 725 733
f 545 725 552
f 553 728 548
f 553 555 728
f 555 729 728
f 555 736 729
f 730 731 737
f 737 731 738
f 739 556 550
f 730 739 550
f 737 739 730
f 739 557 556
f 558 732 551
f 558 740 732
f 743 742 741
f 743 741 734
f 741 733 734
f 741 744 733
f 744 559 552
f 744 552 733
f 561 736 555
f 561 745 736
f 738 746 737
f 748 747 746
f 747 737 746
f 747 739 737
f 747 562 557
f 747 557 739
f 750 749 563
f 750 563 564
f 558 563 740
f 740 563 749
f 741 742 751
f 751 742 752
f 751 566 567
f 744 751 567
f 741 751 744
f 744 567 559
f 569 745 561
f 569 753 745
f 747 748 754
f 754 748 755
f 754 570 562
f 754 562 747
f 571 750 564
f 571 756 750
f 751 752 757
f 757 752 758
f 757 573 566
f 757 566 751
f 575 759 574
f 759 760 574
f 760 569 574
f 760 753 569
f 754 755 761
f 761 755 762
f 761 576 570
f 761 570 754
f 577 756 571
f 577 763 756
f 757 758 764
f 764 758 765
f 764 579 573
f 764 573 757
f 767 766 759
f 575 767 759
f 580 767 575
f 759 766 760
f 761 762 582
f 762 581 582
f 762 768 581
f 761 582 576
f 583 763 577
f 583 769 763
f 772 771 770
f 772 770 765
f 770 764 765
f 770 773 764
f 773 585 579
f 773 579 764
f 586 767 580
f 586 774 767
f 777 776 775
f 768 777 775
f 587 768 775
f 581 768 587
f 589 778 588
f 778 779 588
f 779 583 588
f 779 769 583
f 770 771 780
f 780 771 781
f 770 782 773
f 770 780 782
f 782 591 585
f 782 585 773
f 592 774 586
f 592 783 774
f 775 776 784
f 784 776 785
f 784 593 587
f 784 587 775
f 787 786 778
f 589 787 778
f 594 787 589
f 778 786 779
f 781 788 780
f 789 596 597
f 780 789 597
f 782 780 597
f 788 789 780
f 782 597 591
f 600 783 592
f 600 790 783
f 784 785 791
f 791 785 792
f 791 601 593
f 791 593 784
f 602 787 594
f 602 793 787
f 796 795 794
f 798 797 794
f 794 797 796
f 789 797 798
f 604 789 798
f 596 789 604
f 606 799 605
f 605 799 800
f 801 605 800
f 607 605 801
f 600 607 790
f 790 607 801
f 791 792 609
f 792 608 609
f 792 802 608
f 791 609 601
f 610 793 602
f 610 803 793
f 794 795 804
f 804 795 805
f 794 806 798
f 794 804 806
f 806 611 604
f 806 604 798
f 612 807 799
f 612 799 606
f 800 799 808
f 808 799 807
f 802 613 608
f 809 613 802
f 615 810 614
f 810 811 614
f 811 610 614
f 811 803 610
f 804 805 812
f 812 805 813
f 804 814 806
f 804 812 814
f 814 616 611
f 814 611 806
f 617 815 807
f 617 807 612
f 808 807 816
f 816 807 815
f 809 618 613
f 817 618 809
f 819 818 810
f 615 819 810
f 619 819 615
f 810 818 811
f 822 821 820
f 822 820 813
f 820 812 813
f 820 823 812
f 823 620 621
f 814 823 621
f 812 823 814
f 814 621 616
f 623 824 815
f 623 815 617
f 816 815 825
f 825 815 824
f 817 625 618
f 826 625 817
f 626 819 619
f 626 827 819
f 820 821 828
f 828 821 829
f 820 830 823
f 820 828 830
f 830 627 620
f 830 620 823
f 832 831 628
f 832 628 629
f 623 628 824
f 628 833 824
f 628 831 833
f 824 833 825
f 630 625 834
f 625 835 834
f 625 826 835
f 834 632 630
f 634 827 626
f 634 836 827
f 828 829 837
f 837 829 838
f 837 636 637
f 830 837 637
f 828 837 830
f 830 637 627
f 639 832 629
f 639 839 832
f 834 835 840
f 840 835 841
f 842 640 632
f 834 842 632
f 840 842 834
f 842 642 640
f 645 836 634
f 645 843 836
f 837 838 844
f 844 838 845
f 844 647 636
f 844 636 837
f 651 839 639
f 651 846 839
f 841 847 840
f 840 847 842
f 842 847 848
f 842 848 642
f 848 652 642
f 848 849 652
f 654 652 849
f 654 849 850
f 852 851 657
f 852 657 656
f 657 853 658
f 851 853 657
f 645 658 843
f 843 658 853
f 856 855 854
f 856 854 845
f 854 844 845
f 854 857 844
f 857 660 647
f 857 647 844
f 663 858 664
f 858 859 664
f 859 651 664
f 859 846 651
f 850 860 654
f 654 860 665
f 665 861 666
f 860 861 665
f 656 666 852
f 852 666 861
f 855 862 854
f 864 863 862
f 863 854 862
f 863 857 854
f 865 667 660
f 857 865 660
f 863 865 857
f 866 668 667
f 866 667 865
f 867 669 668
f 867 668 866
f 867 868 669
f 669 868 663
f 868 869 663
f 869 858 663
f 858 869 859
f 863 864 870
f 870 864 871
f 863 872 865
f 863 870 872
f 874 866 873
f 866 872 873
f 866 865 872
f 866 874 867
f 867 874 875
f 867 875 868
f 871 876 870
f 870 876 872
f 872 876 877
f 872 877 873
f 878 671 672
f 673 878 672
f 880 879 676
f 676 879 675
f 881 676 677
f 881 880 676
f 882 677 678
f 882 881 677
f 883 678 679
f 883 882 678
f 679 671 878
f 884 679 878
f 883 679 884
f 884 878 673
f 680 884 673
f 885 884 680
f 680 681 885
f 885 681 886
f 879 682 675
f 887 682 879
f 683 886 681
f 683 888 886
f 890 889 685
f 685 889 684
f 685 682 887
f 685 887 890
f 686 888 683
f 686 891 888
f 894 893 892
f 688 689 892
f 689 894 892
f 689 895 894
f 689 684 889
f 689 889 895
f 690 891 686
f 690 896 891
f 898 897 692
f 692 897 691
f 693 892 893
f 898 693 893
f 692 693 898
f 892 693 688
f 900 899 694
f 900 694 695
f 690 694 896
f 896 694 899
f 903 902 901
f 905 904 901
f 901 904 903
f 907 906 905
f 905 906 904
f 907 908 906
f 911 910 909
f 897 911 909
f 696 897 909
f 691 897 696
f 697 900 695
f 697 912 900
f 915 914 913
f 915 913 902
f 913 901 902
f 913 916 901
f 901 917 905
f 901 916 917
f 905 918 907
f 905 917 918
f 908 907 919
f 907 920 919
f 907 918 920
f 920 921 919
f 909 910 700
f 910 699 700
f 910 922 699
f 909 700 696
f 701 912 697
f 701 923 912
f 913 914 924
f 924 914 925
f 913 926 916
f 913 924 926
f 928 917 927
f 917 926 927
f 917 916 926
f 929 703 704
f 917 929 704
f 918 917 704
f 928 929 917
f 918 704 705
f 918 705 920
f 705 707 920
f 707 921 920
f 707 930 921
f 932 931 710
f 710 931 709
f 710 699 922
f 710 922 932
f 711 923 701
f 711 933 923
f 936 935 934
f 936 934 925
f 934 924 925
f 934 937 924
f 924 938 926
f 924 937 938
f 927 926 939
f 926 940 939
f 926 938 940
f 929 939 940
f 713 929 940
f 703 929 713
f 715 942 941
f 930 715 941
f 707 715 930
f 942 943 941
f 931 717 709
f 944 717 931
f 719 945 718
f 945 946 718
f 946 711 718
f 946 933 711
f 934 935 947
f 947 935 948
f 934 949 937
f 934 947 949
f 937 950 938
f 937 949 950
f 938 951 940
f 938 950 951
f 951 720 713
f 951 713 940
f 721 952 942
f 721 942 715
f 943 942 953
f 942 954 953
f 942 952 954
f 954 955 953
f 944 723 717
f 956 723 944
f 958 957 945
f 719 958 945
f 724 958 719
f 945 957 946
f 947 948 959
f 959 948 960
f 947 961 949
f 947 959 961
f 949 962 950
f 949 961 962
f 962 725 726
f 951 962 726
f 950 962 951
f 951 726 720
f 727 952 721
f 952 727 729
f 963 952 729
f 954 952 963
f 955 954 964
f 964 954 963
f 956 731 723
f 965 731 956
f 732 958 724
f 732 966 958
f 959 960 967
f 967 960 968
f 959 969 961
f 959 967 969
f 969 734 735
f 962 969 735
f 961 969 962
f 962 735 725
f 971 970 963
f 729 971 963
f 736 971 729
f 963 970 964
f 974 973 972
f 965 974 972
f 738 965 972
f 731 965 738
f 740 966 732
f 740 975 966
f 967 968 976
f 976 968 977
f 976 742 743
f 969 976 743
f 967 976 969
f 969 743 734
f 745 971 736
f 745 978 971
f 972 973 979
f 979 973 980
f 981 746 738
f 972 981 738
f 979 981 972
f 981 748 746
f 750 982 749
f 982 983 749
f 983 740 749
f 983 975 740
f 976 977 984
f 984 977 985
f 984 752 742
f 984 742 976
f 753 978 745
f 753 986 978
f 980 987 979
f 989 988 987
f 988 979 987
f 988 981 979
f 988 755 748
f 988 748 981
f 991 990 982
f 750 991 982
f 756 991 750
f 982 990 983
f 984 985 992
f 992 985 993
f 992 758 752
f 992 752 984
f 760 995 994
f 986 760 994
f 753 760 986
f 995 996 994
f 989 997 988
f 755 988 997
f 998 755 997
f 762 755 998
f 763 991 756
f 763 999 991
f 992 993 1000
f 1000 993 1001
f 1000 765 758
f 1000 758 992
f 767 1002 766
f 1002 1003 766
f 766 1003 760
f 1003 1004 760
f 1004 995 760
f 995 1004 996
f 998 768 762
f 1005 768 998
f 769 999 763
f 769 1006 999
f 1000 1001 772
f 1001 771 772
f 1001 1007 771
f 1000 772 765
f 774 1008 1002
f 774 1002 767
f 1003 1002 1009
f 1009 1002 1008
f 1011 1010 777
f 777 1010 776
f 777 768 1005
f 777 1005 1011
f 779 1006 769
f 779 1012 1006
f 1007 781 771
f 1013 781 1007
f 783 1014 1008
f 783 1008 774
f 1009 1008 1015
f 1015 1008 1014
f 1010 785 776
f 1016 785 1010
f 1018 1017 786
f 1018 786 787
f 779 786 1012
f 1012 786 1017
f 1021 1020 1019
f 1019 1022 788
f 1013 1019 788
f 781 1013 788
f 1019 1013 1021
f 1022 789 788
f 790 1023 1014
f 790 1014 783
f 1015 1014 1024
f 1024 1014 1023
f 1016 792 785
f 1025 792 1016
f 793 1018 787
f 793 1026 1018
f 1019 1020 796
f 1020 795 796
f 1020 1027 795
f 1019 796 797
f 1019 797 1022
f 1022 797 789
f 800 1028 801
f 1023 790 801
f 1028 1023 801
f 1029 1023 1028
f 1024 1023 1030
f 1030 1023 1029
f 1033 1032 1031
f 1035 1034 1031
f 1031 1034 1033
f 1035 1036 1034
f 1025 802 792
f 1037 802 1025
f 803 1026 793
f 803 1038 1026
f 1027 805 795
f 1039 805 1027
f 808 1040 1028
f 808 1028 800
f 1042 1029 1041
f 1029 1040 1041
f 1029 1028 1040
f 1029 1042 1030
f 1045 1044 1043
f 1045 1043 1032
f 1043 1031 1032
f 1043 1046 1031
f 1048 1035 1047
f 1035 1046 1047
f 1035 1031 1046
f 1035 1048 1036
f 1037 809 802
f 1049 809 1037
f 811 1038 803
f 811 1050 1038
f 1053 1052 1051
f 1039 1053 1051
f 813 1039 1051
f 805 1039 813
f 1055 1054 1040
f 808 1055 1040
f 816 1055 808
f 1040 1054 1041
f 1043 1044 1056
f 1056 1044 1057
f 1043 1058 1046
f 1043 1056 1058
f 1047 1046 1059
f 1059 1046 1058
f 1049 817 809
f 1060 817 1049
f 1062 1061 818
f 1062 818 819
f 811 818 1050
f 1050 818 1061
f 1051 1052 822
f 1052 821 822
f 1052 1063 821
f 1051 822 813
f 825 1055 816
f 825 1064 1055
f 1057 1065 1056
f 1056 1065 1058
f 1058 1065 1066
f 1058 1066 1059
f 1060 826 817
f 1067 826 1060
f 827 1062 819
f 827 1068 1062
f 1063 829 821
f 1069 829 1063
f 832 1070 831
f 1071 833 831
f 1071 831 1070
f 1071 1072 833
f 1072 825 833
f 1072 1064 825
f 1067 835 826
f 1073 835 1067
f 836 1068 827
f 836 1074 1068
f 1069 838 829
f 1075 838 1069
f 839 1076 1070
f 839 1070 832
f 1078 1071 1077
f 1071 1076 1077
f 1071 1070 1076
f 1071 1078 1072
f 1073 841 835
f 1079 841 1073
f 843 1074 836
f 843 1080 1074
f 1083 1082 1081
f 1075 1083 1081
f 845 1075 1081
f 838 1075 845
f 1085 1084 1076
f 839 1085 1076
f 846 1085 839
f 1076 1084 1077
f 1079 1086 841
f 841 1086 847
f 1086 1088 1087
f 848 1086 1087
f 847 1086 848
f 1089 849 848
f 1089 848 1087
f 1089 850 849
f 852 1090 851
f 851 1090 1091
f 1092 851 1091
f 853 851 1092
f 843 853 1080
f 1080 853 1092
f 1081 1082 856
f 1082 855 856
f 1082 1093 855
f 1081 856 845
f 859 1085 846
f 859 1094 1085
f 1088 1095 1087
f 1087 1095 1089
f 1089 1095 1096
f 1089 1096 850
f 1096 860 850
f 1096 1097 860
f 1097 1099 1098
f 861 1097 1098
f 860 1097 861
f 1098 1100 861
f 861 1100 852
f 1100 1101 852
f 1101 1090 852
f 1090 1101 1091
f 862 855 1102
f 855 1103 1102
f 855 1093 1103
f 1102 864 862
f 868 1104 869
f 1104 1105 869
f 1105 859 869
f 1105 1094 859
f 1099 1106 1098
f 1098 1106 1100
f 1102 1103 1107
f 1107 1103 1108
f 1107 871 864
f 1107 864 1102
f 873 1109 874
f 1110 875 874
f 1110 874 1109
f 1110 1111 875
f 875 1111 868
f 1111 1112 868
f 1112 1104 868
f 1104 1112 1105
f 1108 1113 1107
f 1113 1115 1114
f 1113 1114 876
f 1107 1113 876
f 871 1107 876
f 1116 877 876
f 1116 876 1114
f 1116 1117 877
f 877 1117 873
f 1117 1118 873
f 1118 1109 873
f 1109 1118 1110
f 1110 1118 1119
f 1110 1119 1111
f 1115 1120 1114
f 1114 1120 1116
f 1116 1120 1121
f 1116 1121 1117
f 1122 879 880
f 1122 880 1123
f 880 1124 1123
f 880 881 1124
f 1125 881 882
f 1125 1124 881
f 1126 882 883
f 1126 1125 882
f 1127 883 884
f 1127 1126 883
f 1128 884 885
f 1128 1127 884
f 885 886 1128
f 1128 886 1129
f 1131 1130 1122
f 1130 879 1122
f 1130 887 879
f 1131 1122 1123
f 888 1129 886
f 888 1132 1129
f 1134 1133 890
f 890 1133 889
f 890 887 1130
f 890 1130 1134
f 891 1132 888
f 891 1135 1132
f 1136 893 894
f 1136 894 1137
f 894 1138 1137
f 894 895 1138
f 895 889 1133
f 895 1133 1138
f 896 1135 891
f 896 1139 1135
f 1142 1141 1140
f 1144 1143 1140
f 1140 1143 1142
f 1146 1145 1144
f 1144 1145 1143
f 1146 1147 1145
f 1150 1149 1148
f 897 898 1148
f 898 1150 1148
f 898 1151 1150
f 898 893 1136
f 1152 898 1136
f 1151 898 1152
f 1152 1136 1137
f 900 1153 899
f 1153 1154 899
f 1154 896 899
f 1154 1139 896
f 1157 1156 1155
f 1157 1155 1141
f 1141 1155 1140
f 1155 902 1140
f 902 903 1140
f 1140 903 904
f 1140 904 1144
f 1144 904 906
f 1144 906 1146
f 1159 1158 908
f 908 1158 906
f 1158 1147 906
f 1147 1146 906
f 1159 1160 1158
f 1148 1149 911
f 1149 910 911
f 1149 1161 910
f 1148 911 897
f 1163 1162 1153
f 900 1163 1153
f 912 1163 900
f 1153 1162 1154
f 1166 1165 1164
f 1166 1164 1156
f 1156 1164 1155
f 1164 914 1155
f 914 915 1155
f 1155 915 902
f 919 1159 908
f 919 921 1159
f 921 1160 1159
f 921 1167 1160
f 1161 922 910
f 1168 922 1161
f 923 1170 1169
f 1163 923 1169
f 912 923 1163
f 1170 1171 1169
f 1164 1165 1172
f 1172 1165 1173
f 1172 925 914
f 1172 914 1164
f 927 1174 928
f 1174 929 928
f 930 1167 921
f 930 1175 1167
f 1177 1176 932
f 932 1176 931
f 932 922 1168
f 932 1168 1177
f 1179 1178 1170
f 923 1179 1170
f 933 1179 923
f 1170 1178 1171
f 1172 1173 936
f 1173 935 936
f 1173 1180 935
f 1172 936 925
f 939 1174 927
f 1174 939 929
f 1181 1175 930
f 1181 930 941
f 1183 1182 943
f 1182 941 943
f 1182 1181 941
f 1183 1184 1182
f 1187 1186 1185
f 1176 1187 1185
f 944 1176 1185
f 931 1176 944
f 946 1179 933
f 946 1188 1179
f 1180 948 935
f 1189 948 1180
f 953 1183 943
f 953 955 1183
f 955 1184 1183
f 955 1190 1184
f 1185 1186 1191
f 1191 1186 1192
f 1191 956 944
f 1191 944 1185
f 1194 1193 957
f 1194 957 958
f 946 957 1188
f 1188 957 1193
f 1197 1196 1195
f 1189 1197 1195
f 960 1189 1195
f 948 1189 960
f 964 1190 955
f 964 1198 1190
f 1191 1192 1199
f 1199 1192 1200
f 1199 965 956
f 1199 956 1191
f 966 1194 958
f 966 1201 1194
f 1204 1203 1202
f 1204 1202 1196
f 1202 1195 1196
f 1202 1205 1195
f 1205 968 960
f 1205 960 1195
f 971 1206 970
f 1206 1207 970
f 1207 964 970
f 1207 1198 964
f 1199 1200 974
f 1200 973 974
f 1200 1208 973
f 1199 974 965
f 975 1210 1209
f 1201 975 1209
f 966 975 1201
f 1210 1211 1209
f 1202 1203 1212
f 1212 1203 1213
f 1202 1214 1205
f 1202 1212 1214
f 1214 977 968
f 1214 968 1205
f 978 1215 1206
f 978 1206 971
f 1207 1206 1216
f 1216 1206 1215
f 1208 980 973
f 1217 980 1208
f 983 1218 1210
f 983 1210 975
f 1211 1210 1219
f 1219 1210 1218
f 1212 1213 1220
f 1220 1213 1221
f 1212 1222 1214
f 1212 1220 1222
f 1222 985 977
f 1222 977 1214
f 986 1223 1215
f 986 1215 978
f 1216 1215 1224
f 1224 1215 1223
f 1217 1225 980
f 980 1225 987
f 989 987 1225
f 989 1225 1226
f 991 1227 990
f 1227 1228 990
f 990 1228 983
f 1228 1229 983
f 1229 1218 983
f 1218 1229 1219
f 1221 1230 1220
f 1232 1231 1230
f 1231 1220 1230
f 1231 1222 1220
f 1231 993 985
f 1231 985 1222
f 994 1223 986
f 994 996 1223
f 996 1224 1223
f 996 1233 1224
f 1226 1234 989
f 989 1234 997
f 998 997 1234
f 998 1234 1235
f 999 1236 1227
f 999 1227 991
f 1228 1227 1237
f 1237 1227 1236
f 1231 1232 1238
f 1238 1232 1239
f 1238 1001 993
f 1238 993 1231
f 1003 1240 1004
f 1233 996 1241
f 996 1240 1241
f 1240 1242 1241
f 996 1004 1240
f 1244 1243 1242
f 1242 1243 1241
f 1244 1245 1243
f 1235 1005 998
f 1246 1005 1235
f 1006 1247 1236
f 1006 1236 999
f 1237 1236 1248
f 1248 1236 1247
f 1238 1239 1249
f 1249 1239 1250
f 1249 1007 1001
f 1249 1001 1238
f 1009 1251 1240
f 1009 1240 1003
f 1240 1252 1242
f 1240 1251 1252
f 1242 1253 1244
f 1242 1252 1253
f 1245 1244 1254
f 1254 1244 1253
f 1256 1255 1011
f 1011 1255 1010
f 1011 1005 1246
f 1011 1246 1256
f 1012 1257 1247
f 1012 1247 1006
f 1248 1247 1258
f 1258 1247 1257
f 1249 1250 1259
f 1259 1250 1260
f 1259 1013 1007
f 1259 1007 1249
f 1015 1261 1251
f 1015 1251 1009
f 1251 1262 1252
f 1251 1261 1262
f 1252 1263 1253
f 1252 1262 1263
f 1254 1253 1264
f 1264 1253 1263
f 1255 1016 1010
f 1265 1016 1255
f 1267 1266 1017
f 1267 1017 1018
f 1012 1017 1257
f 1017 1268 1257
f 1017 1266 1268
f 1257 1268 1258
f 1259 1260 1021
f 1260 1020 1021
f 1260 1269 1020
f 1259 1021 1013
f 1024 1270 1261
f 1024 1261 1015
f 1261 1271 1262
f 1261 1270 1271
f 1262 1272 1263
f 1262 1271 1272
f 1264 1263 1273
f 1263 1274 1273
f 1263 1272 1274
f 1274 1275 1273
f 1265 1025 1016
f 1276 1025 1265
f 1026 1267 1018
f 1026 1277 1267
f 1280 1279 1278
f 1269 1280 1278
f 1027 1269 1278
f 1020 1269 1027
f 1030 1281 1270
f 1030 1270 1024
f 1270 1282 1271
f 1270 1281 1282
f 1282 1032 1033
f 1272 1282 1033
f 1271 1282 1272
f 1272 1033 1034
f 1272 1034 1274
f 1284 1283 1036
f 1036 1283 1034
f 1283 1275 1034
f 1275 1274 1034
f 1284 1285 1283
f 1276 1037 1025
f 1286 1037 1276
f 1038 1277 1026
f 1038 1287 1277
f 1278 1279 1288
f 1288 1279 1289
f 1288 1039 1027
f 1288 1027 1278
f 1291 1290 1042
f 1291 1042 1041
f 1042 1290 1030
f 1290 1292 1030
f 1292 1281 1030
f 1292 1290 1293
f 1292 1044 1045
f 1282 1292 1045
f 1281 1292 1282
f 1282 1045 1032
f 1047 1294 1048
f 1294 1295 1048
f 1048 1295 1036
f 1295 1296 1036
f 1296 1284 1036
f 1284 1296 1285
f 1286 1049 1037
f 1297 1049 1286
f 1050 1287 1038
f 1050 1298 1287
f 1288 1289 1053
f 1289 1052 1053
f 1289 1299 1052
f 1288 1053 1039
f 1301 1300 1054
f 1301 1054 1055
f 1041 1054 1291
f 1291 1054 1300
f 1292 1293 1302
f 1302 1293 1303
f 1302 1057 1044
f 1302 1044 1292
f 1305 1304 1294
f 1047 1305 1294
f 1059 1305 1047
f 1294 1304 1295
f 1297 1060 1049
f 1306 1060 1297
f 1308 1307 1061
f 1308 1061 1062
f 1050 1061 1298
f 1298 1061 1307
f 1299 1063 1052
f 1309 1063 1299
f 1064 1301 1055
f 1064 1310 1301
f 1303 1311 1302
f 1311 1313 1312
f 1311 1312 1065
f 1302 1311 1065
f 1057 1302 1065
f 1314 1066 1065
f 1314 1065 1312
f 1314 1315 1066
f 1315 1059 1066
f 1315 1305 1059
f 1306 1067 1060
f 1316 1067 1306
f 1068 1308 1062
f 1068 1317 1308
f 1320 1319 1318
f 1309 1320 1318
f 1069 1309 1318
f 1063 1309 1069
f 1072 1310 1064
f 1072 1321 1310
f 1312 1313 1322
f 1322 1313 1323
f 1325 1314 1324
f 1314 1322 1324
f 1314 1312 1322
f 1314 1325 1315
f 1316 1073 1067
f 1326 1073 1316
f 1074 1317 1068
f 1074 1327 1317
f 1318 1319 1328
f 1328 1319 1329
f 1328 1075 1069
f 1328 1069 1318
f 1331 1330 1078
f 1331 1078 1077
f 1072 1078 1321
f 1321 1078 1330
f 1323 1332 1322
f 1322 1332 1324
f 1326 1079 1073
f 1333 1079 1326
f 1080 1327 1074
f 1080 1334 1327
f 1328 1329 1083
f 1329 1082 1083
f 1329 1335 1082
f 1328 1083 1075
f 1085 1336 1084
f 1336 1337 1084
f 1337 1077 1084
f 1337 1331 1077
f 1333 1338 1079
f 1079 1338 1086
f 1088 1086 1338
f 1088 1338 1339
f 1091 1340 1092
f 1340 1341 1092
f 1341 1080 1092
f 1341 1334 1080
f 1335 1093 1082
f 1342 1093 1335
f 1094 1343 1336
f 1094 1336 1085
f 1337 1336 1344
f 1344 1336 1343
f 1339 1345 1088
f 1088 1345 1095
f 1345 1347 1346
f 1096 1345 1346
f 1095 1345 1096
f 1348 1097 1096
f 1348 1096 1346
f 1348 1099 1097
f 1100 1349 1101
f 1349 1350 1101
f 1101 1350 1091
f 1350 1351 1091
f 1351 1340 1091
f 1340 1351 1341
f 1354 1353 1352
f 1342 1354 1352
f 1103 1342 1352
f 1093 1342 1103
f 1105 1355 1343
f 1105 1343 1094
f 1344 1343 1356
f 1356 1343 1355
f 1347 1357 1346
f 1359 1358 1357
f 1358 1346 1357
f 1358 1348 1346
f 1360 1106 1099
f 1348 1360 1099
f 1358 1360 1348
f 1349 1100 1106
f 1360 1349 1106
f 1361 1349 1360
f 1350 1349 1362
f 1362 1349 1361
f 1352 1353 1363
f 1363 1353 1364
f 1363 1108 1103
f 1363 1103 1352
f 1366 1365 1112
f 1366 1112 1111
f 1105 1112 1355
f 1112 1367 1355
f 1112 1365 1367
f 1355 1367 1356
f 1359 1368 1358
f 1358 1368 1360
f 1360 1368 1369
f 1360 1369 1361
f 1361 1369 1370
f 1361 1370 1362
f 1364 1371 1363
f 1371 1373 1372
f 1371 1372 1113
f 1363 1371 1113
f 1108 1363 1113
f 1372 1115 1113
f 1117 1374 1118
f 1375 1119 1118
f 1375 1118 1374
f 1375 1376 1119
f 1376 1111 1119
f 1376 1366 1111
f 1373 1377 1372
f 1377 1379 1378
f 1377 1378 1120
f 1372 1377 1120
f 1115 1372 1120
f 1380 1121 1120
f 1380 1120 1378
f 1374 1117 1121
f 1380 1374 1121
f 1381 1374 1380
f 1374 1382 1375
f 1374 1381 1382
f 1376 1375 1383
f 1383 1375 1382
f 1379 1384 1378
f 1378 1384 1380
f 1380 1384 1385
f 1380 1385 1381
f 1381 1385 1386
f 1381 1386 1382
f 1382 1386 1387
f 1382 1387 1383
f 1389 1388 1124
f 1124 1388 1123
f 1390 1124 1125
f 1390 1389 1124
f 1391 1125 1126
f 1391 1390 1125
f 1392 1126 1127
f 1392 1391 1126
f 1393 1127 1128
f 1393 1392 1127
f 1128 1129 1393
f 1393 1129 1394
f 1396 1395 1131
f 1131 1395 1130
f 1131 1123 1388
f 1131 1388 1396
f 1132 1394 1129
f 1132 1397 1394
f 1400 1399 1398
f 1402 1401 1398
f 1398 1401 1400
f 1402 1403 1401
f 1405 1404 1134
f 1134 1404 1133
f 1134 1130 1395
f 1134 1395 1405
f 1135 1397 1132
f 1135 1406 1397
f 1409 1408 1407
f 1411 1410 1407
f 1407 1410 1409
f 1410 1411 1399
f 1411 1398 1399
f 1411 1412 1398
f 1414 1402 1413
f 1402 1412 1413
f 1402 1398 1412
f 1402 1414 1403
f 1416 1415 1138
f 1138 1415 1137
f 1138 1133 1404
f 1138 1404 1416
f 1139 1406 1135
f 1139 1417 1406
f 1420 1419 1418
f 1420 1418 1408
f 1408 1418 1407
f 1418 1141 1407
f 1141 1142 1407
f 1407 1142 1143
f 1407 1143 1411
f 1411 1143 1145
f 1411 1145 1412
f 1145 1147 1412
f 1147 1413 1412
f 1147 1421 1413
f 1423 1422 1150
f 1150 1422 1149
f 1424 1150 1151
f 1424 1423 1150
f 1425 1151 1152
f 1425 1424 1151
f 1152 1137 1415
f 1152 1415 1425
f 1154 1417 1139
f 1154 1426 1417
f 1418 1419 1157
f 1419 1156 1157
f 1419 1427 1156
f 1418 1157 1141
f 1428 1421 1147
f 1428 1147 1158
f 1158 1160 1428
f 1428 1160 1429
f 1422 1161 1149
f 1430 1161 1422
f 1163 1431 1162
f 1431 1432 1162
f 1432 1154 1162
f 1432 1426 1154
f 1434 1433 1166
f 1166 1433 1165
f 1166 1156 1427
f 1166 1427 1434
f 1167 1429 1160
f 1167 1435 1429
f 1430 1168 1161
f 1436 1168 1430
f 1169 1431 1163
f 1169 1171 1431
f 1171 1432 1431
f 1171 1437 1432
f 1433 1173 1165
f 1438 1173 1433
f 1175 1440 1439
f 1435 1175 1439
f 1167 1175 1435
f 1440 1441 1439
f 1443 1442 1177
f 1177 1442 1176
f 1177 1168 1436
f 1177 1436 1443
f 1179 1444 1178
f 1444 1445 1178
f 1445 1171 1178
f 1445 1437 1171
f 1438 1180 1173
f 1446 1180 1438
f 1181 1440 1175
f 1447 1441 1440
f 1181 1447 1440
f 1182 1447 1181
f 1182 1184 1447
f 1447 1184 1448
f 1450 1449 1187
f 1187 1449 1186
f 1187 1176 1442
f 1187 1442 1450
f 1188 1451 1444
f 1188 1444 1179
f 1445 1444 1452
f 1452 1444 1451
f 1446 1189 1180
f 1453 1189 1446
f 1190 1448 1184
f 1190 1454 1448
f 1449 1192 1186
f 1455 1192 1449
f 1194 1456 1193
f 1456 1457 1193
f 1193 1457 1188
f 1457 1458 1188
f 1458 1451 1188
f 1451 1458 1452
f 1460 1459 1197
f 1197 1459 1196
f 1197 1189 1453
f 1197 1453 1460
f 1198 1462 1461
f 1454 1198 1461
f 1190 1198 1454
f 1462 1463 1461
f 1455 1200 1192
f 1464 1200 1455
f 1201 1465 1456
f 1201 1456 1194
f 1457 1456 1466
f 1466 1456 1465
f 1468 1467 1204
f 1204 1467 1203
f 1204 1196 1459
f 1204 1459 1468
f 1207 1469 1462
f 1207 1462 1198
f 1463 1462 1470
f 1470 1462 1469
f 1464 1208 1200
f 1471 1208 1464
f 1209 1465 1201
f 1209 1211 1465
f 1211 1466 1465
f 1211 1472 1466
f 1467 1213 1203
f 1473 1213 1467
f 1475 1474 1469
f 1207 1475 1469
f 1216 1475 1207
f 1469 1474 1470
f 1471 1217 1208
f 1476 1217 1471
f 1219 1472 1211
f 1219 1477 1472
f 1473 1221 1213
f 1478 1221 1473
f 1224 1480 1479
f 1475 1224 1479
f 1216 1224 1475
f 1482 1481 1480
f 1480 1481 1479
f 1482 1483 1481
f 1225 1217 1484
f 1217 1485 1484
f 1217 1476 1485
f 1484 1226 1225
f 1228 1486 1229
f 1486 1487 1229
f 1487 1219 1229
f 1487 1477 1219
f 1230 1221 1488
f 1221 1489 1488
f 1221 1478 1489
f 1488 1232 1230
f 1233 1490 1480
f 1233 1480 1224
f 1480 1491 1482
f 1480 1490 1491
f 1483 1482 1492
f 1492 1482 1491
f 1485 1493 1484
f 1493 1495 1494
f 1493 1494 1234
f 1484 1493 1234
f 1226 1484 1234
f 1494 1235 1234
f 1497 1496 1486
f 1228 1497 1486
f 1237 1497 1228
f 1486 1496 1487
f 1488 1489 1498
f 1498 1489 1499
f 1498 1239 1232
f 1498 1232 1488
f 1241 1490 1233
f 1490 1241 1243
f 1490 1243 1491
f 1243 1245 1491
f 1245 1492 1491
f 1245 1500 1492
f 1495 1501 1494
f 1235 1494 1501
f 1502 1235 1501
f 1246 1235 1502
f 1248 1497 1237
f 1248 1503 1497
f 1498 1499 1504
f 1504 1499 1505
f 1504 1250 1239
f 1504 1239 1498
f 1254 1500 1245
f 1254 1506 1500
f 1507 1255 1256
f 1508 1507 1256
f 1246 1508 1256
f 1502 1508 1246
f 1258 1503 1248
f 1258 1509 1503
f 1504 1505 1510
f 1510 1505 1511
f 1510 1260 1250
f 1510 1250 1504
f 1264 1506 1254
f 1264 1512 1506
f 1514 1513 1507
f 1513 1255 1507
f 1513 1265 1255
f 1514 1507 1508
f 1267 1515 1266
f 1516 1268 1266
f 1516 1266 1515
f 1516 1517 1268
f 1517 1258 1268
f 1517 1509 1258
f 1510 1511 1518
f 1518 1511 1519
f 1518 1269 1260
f 1518 1260 1510
f 1520 1512 1264
f 1520 1264 1273
f 1273 1275 1520
f 1520 1275 1521
f 1513 1276 1265
f 1522 1276 1513
f 1277 1523 1515
f 1277 1515 1267
f 1525 1516 1524
f 1516 1523 1524
f 1516 1515 1523
f 1516 1525 1517
f 1518 1519 1280
f 1519 1279 1280
f 1519 1526 1279
f 1518 1280 1269
f 1527 1521 1275
f 1527 1275 1283
f 1283 1285 1527
f 1527 1285 1528
f 1522 1286 1276
f 1529 1286 1522
f 1287 1530 1523
f 1287 1523 1277
f 1524 1523 1531
f 1531 1523 1530
f 1526 1289 1279
f 1532 1289 1526
f 1291 1533 1290
f 1533 1293 1290
f 1295 1534 1296
f 1534 1535 1296
f 1535 1285 1296
f 1535 1528 1285
f 1529 1297 1286
f 1536 1297 1529
f 1298 1537 1530
f 1298 1530 1287
f 1531 1530 1538
f 1538 1530 1537
f 1532 1299 1289
f 1539 1299 1532
f 1301 1540 1300
f 1540 1541 1300
f 1300 1541 1291
f 1541 1542 1291
f 1542 1533 1291
f 1293 1533 1542
f 1543 1293 1542
f 1303 1293 1543
f 1305 1544 1304
f 1544 1545 1304
f 1304 1545 1295
f 1545 1546 1295
f 1546 1534 1295
f 1534 1546 1535
f 1549 1548 1547
f 1536 1549 1547
f 1306 1536 1547
f 1297 1536 1306
f 1308 1550 1307
f 1537 1298 1307
f 1550 1537 1307
f 1551 1537 1550
f 1538 1537 1552
f 1552 1537 1551
f 1555 1554 1553
f 1557 1556 1553
f 1553 1556 1555
f 1539 1556 1557
f 1309 1539 1557
f 1299 1539 1309
f 1559 1558 1540
f 1301 1559 1540
f 1310 1559 1301
f 1540 1558 1541
f 1311 1303 1560
f 1303 1561 1560
f 1303 1543 1561
f 1560 1313 1311
f 1315 1562 1544
f 1315 1544 1305
f 1545 1544 1563
f 1563 1544 1562
f 1548 1564 1547
f 1306 1547 1564
f 1565 1306 1564
f 1316 1306 1565
f 1317 1566 1550
f 1317 1550 1308
f 1568 1551 1567
f 1551 1566 1567
f 1551 1550 1566
f 1551 1568 1552
f 1554 1569 1553
f 1570 1319 1320
f 1553 1570 1320
f 1557 1553 1320
f 1569 1570 1553
f 1557 1320 1309
f 1321 1559 1310
f 1321 1571 1559
f 1560 1561 1572
f 1572 1561 1573
f 1572 1323 1313
f 1572 1313 1560
f 1324 1574 1325
f 1562 1315 1325
f 1574 1562 1325
f 1575 1562 1574
f 1563 1562 1576
f 1576 1562 1575
f 1565 1326 1316
f 1577 1326 1565
f 1327 1578 1566
f 1327 1566 1317
f 1567 1566 1579
f 1579 1566 1578
f 1582 1581 1580
f 1584 1583 1580
f 1580 1583 1582
f 1570 1583 1584
f 1329 1570 1584
f 1319 1570 1329
f 1586 1585 1330
f 1586 1330 1331
f 1321 1330 1571
f 1571 1330 1585
f 1573 1587 1572
f 1587 1589 1588
f 1587 1588 1332
f 1572 1587 1332
f 1323 1572 1332
f 1588 1590 1332
f 1332 1590 1324
f 1590 1591 1324
f 1591 1574 1324
f 1593 1592 1591
f 1592 1574 1591
f 1592 1575 1574
f 1576 1575 1594
f 1594 1575 1592
f 1577 1333 1326
f 1595 1333 1577
f 1597 1596 1578
f 1327 1597 1578
f 1334 1597 1327
f 1578 1596 1579
f 1580 1581 1598
f 1598 1581 1599
f 1580 1600 1584
f 1580 1598 1600
f 1600 1335 1329
f 1600 1329 1584
f 1337 1586 1331
f 1337 1601 1586
f 1589 1602 1588
f 1588 1602 1590
f 1593 1603 1592
f 1592 1603 1594
f 1595 1604 1333
f 1333 1604 1338
f 1339 1338 1604
f 1339 1604 1605
f 1341 1597 1334
f 1341 1606 1597
f 1598 1599 1607
f 1607 1599 1608
f 1598 1609 1600
f 1598 1607 1609
f 1609 1342 1335
f 1609 1335 1600
f 1344 1601 1337
f 1344 1610 1601
f 1605 1611 1339
f 1339 1611 1345
f 1347 1345 1611
f 1347 1611 1612
f 1614 1613 1351
f 1614 1351 1350
f 1341 1351 1606
f 1606 1351 1613
f 1608 1615 1607
f 1616 1353 1354
f 1607 1616 1354
f 1609 1607 1354
f 1615 1616 1607
f 1609 1354 1342
f 1356 1610 1344
f 1356 1617 1610
f 1612 1618 1347
f 1347 1618 1357
f 1359 1357 1618
f 1359 1618 1619
f 1362 1614 1350
f 1362 1620 1614
f 1616 1364 1353
f 1621 1364 1616
f 1366 1622 1365
f 1365 1622 1623
f 1624 1365 1623
f 1367 1365 1624
f 1356 1367 1617
f 1617 1367 1624
f 1619 1625 1359
f 1359 1625 1368
f 1625 1627 1626
f 1369 1625 1626
f 1368 1625 1369
f 1369 1626 1628
f 1629 1369 1628
f 1370 1369 1629
f 1362 1370 1620
f 1620 1370 1629
f 1371 1364 1630
f 1364 1631 1630
f 1364 1621 1631
f 1630 1373 1371
f 1376 1632 1622
f 1376 1622 1366
f 1623 1622 1633
f 1633 1622 1632
f 1627 1634 1626
f 1626 1634 1628
f 1631 1635 1630
f 1630 1635 1373
f 1635 1377 1373
f 1635 1636 1377
f 1379 1377 1636
f 1379 1636 1637
f 1383 1638 1632
f 1383 1632 1376
f 1633 1632 1639
f 1639 1632 1638
f 1384 1379 1640
f 1379 1641 1640
f 1379 1637 1641
f 1642 1385 1384
f 1642 1384 1640
f 1643 1386 1385
f 1643 1385 1642
f 1644 1387 1386
f 1644 1386 1643
f 1638 1383 1387
f 1644 1638 1387
f 1645 1638 1644
f 1639 1638 1646
f 1646 1638 1645
f 1641 1647 1640
f 1640 1647 1642
f 1642 1647 1648
f 1642 1648 1643
f 1643 1648 1649
f 1643 1649 1644
f 1644 1649 1650
f 1644 1650 1645
f 1645 1650 1651
f 1645 1651 1646
f 1654 1653 1652
f 1388 1389 1652
f 1389 1654 1652
f 1389 1655 1654
f 1656 1389 1390
f 1656 1655 1389
f 1657 1390 1391
f 1657 1656 1390
f 1658 1391 1392
f 1658 1657 1391
f 1659 1392 1393
f 1659 1658 1392
f 1393 1394 1659
f 1659 1394 1660
f 1663 1662 1661
f 1665 1664 1661
f 1661 1664 1663
f 1665 1666 1664
f 1669 1668 1667
f 1669 1667 1653
f 1653 1667 1652
f 1667 1395 1652
f 1395 1396 1652
f 1652 1396 1388
f 1397 1660 1394
f 1397 1670 1660
f 1661 1662 1400
f 1662 1399 1400
f 1662 1671 1399
f 1661 1400 1401
f 1661 1401 1665
f 1401 1403 1665
f 1403 1666 1665
f 1403 1672 1666
f 1667 1668 1405
f 1668 1404 1405
f 1668 1673 1404
f 1667 1405 1395
f 1406 1670 1397
f 1406 1674 1670
f 1677 1676 1675
f 1408 1409 1675
f 1409 1677 1675
f 1409 1678 1677
f 1679 1409 1410
f 1679 1678 1409
f 1410 1399 1671
f 1410 1671 1679
f 1681 1680 1414
f 1681 1414 1413
f 1403 1414 1672
f 1672 1414 1680
f 1684 1683 1682
f 1415 1416 1682
f 1416 1684 1682
f 1416 1685 1684
f 1416 1404 1673
f 1416 1673 1685
f 1417 1687 1686
f 1674 1417 1686
f 1406 1417 1674
f 1687 1688 1686
f 1675 1676 1420
f 1676 1419 1420
f 1676 1689 1419
f 1675 1420 1408
f 1421 1681 1413
f 1421 1690 1681
f 1692 1691 1423
f 1423 1691 1422
f 1693 1423 1424
f 1693 1692 1423
f 1425 1682 1683
f 1693 1425 1683
f 1424 1425 1693
f 1682 1425 1415
f 1426 1694 1687
f 1426 1687 1417
f 1688 1687 1695
f 1695 1687 1694
f 1689 1427 1419
f 1696 1427 1689
f 1697 1690 1421
f 1697 1421 1428
f 1428 1429 1697
f 1697 1429 1698
f 1691 1430 1422
f 1699 1430 1691
f 1432 1700 1694
f 1432 1694 1426
f 1695 1694 1701
f 1694 1702 1701
f 1694 1700 1702
f 1433 1434 1702
f 1434 1701 1702
f 1434 1703 1701
f 1434 1427 1696
f 1434 1696 1703
f 1435 1705 1704
f 1698 1435 1704
f 1429 1435 1698
f 1705 1706 1704
f 1699 1436 1430
f 1707 1436 1699
f 1437 1708 1700
f 1437 1700 1432
f 1700 1709 1702
f 1700 1708 1709
f 1709 1438 1433
f 1709 1433 1702
f 1439 1705 1435
f 1711 1710 1441
f 1441 1710 1439
f 1710 1706 1439
f 1706 1705 1439
f 1711 1712 1710
f 1714 1713 1443
f 1443 1713 1442
f 1443 1436 1707
f 1443 1707 1714
f 1445 1715 1708
f 1445 1708 1437
f 1708 1716 1709
f 1708 1715 1716
f 1716 1446 1438
f 1716 1438 1709
f 1447 1711 1441
f 1447 1448 1711
f 1448 1712 1711
f 1448 1717 1712
f 1719 1718 1450
f 1450 1718 1449
f 1450 1442 1713
f 1450 1713 1719
f 1452 1720 1715
f 1452 1715 1445
f 1715 1721 1716
f 1715 1720 1721
f 1721 1453 1446
f 1721 1446 1716
f 1454 1723 1722
f 1717 1454 1722
f 1448 1454 1717
f 1723 1724 1722
f 1718 1455 1449
f 1725 1455 1718
f 1457 1726 1458
f 1720 1452 1458
f 1726 1720 1458
f 1727 1720 1726
f 1727 1459 1460
f 1721 1727 1460
f 1720 1727 1721
f 1721 1460 1453
f 1461 1723 1454
f 1461 1463 1723
f 1463 1724 1723
f 1463 1728 1724
f 1725 1464 1455
f 1729 1464 1725
f 1466 1730 1726
f 1466 1726 1457
f 1730 1467 1468
f 1727 1730 1468
f 1726 1730 1727
f 1727 1468 1459
f 1470 1732 1731
f 1728 1470 1731
f 1463 1470 1728
f 1732 1733 1731
f 1729 1471 1464
f 1734 1471 1729
f 1472 1735 1730
f 1472 1730 1466
f 1735 1473 1467
f 1735 1467 1730
f 1475 1736 1474
f 1732 1470 1474
f 1736 1732 1474
f 1737 1732 1736
f 1733 1732 1738
f 1738 1732 1737
f 1734 1476 1471
f 1739 1476 1734
f 1741 1740 1735
f 1472 1741 1735
f 1477 1741 1472
f 1473 1735 1740
f 1742 1473 1740
f 1478 1473 1742
f 1479 1736 1475
f 1736 1479 1481
f 1736 1481 1737
f 1481 1483 1737
f 1483 1738 1737
f 1483 1743 1738
f 1739 1485 1476
f 1744 1485 1739
f 1487 1741 1477
f 1487 1745 1741
f 1742 1489 1478
f 1746 1489 1742
f 1492 1748 1747
f 1743 1492 1747
f 1483 1492 1743
f 1748 1749 1747
f 1493 1485 1750
f 1485 1751 1750
f 1485 1744 1751
f 1750 1495 1493
f 1753 1752 1496
f 1753 1496 1497
f 1487 1754 1745
f 1754 1487 1755
f 1496 1755 1487
f 1755 1496 1756
f 1752 1756 1496
f 1746 1754 1755
f 1499 1746 1755
f 1489 1746 1499
f 1500 1757 1748
f 1500 1748 1492
f 1749 1748 1758
f 1758 1748 1757
f 1751 1759 1750
f 1759 1761 1760
f 1759 1760 1501
f 1750 1759 1501
f 1495 1750 1501
f 1760 1502 1501
f 1503 1753 1497
f 1503 1762 1753
f 1755 1756 1763
f 1763 1756 1764
f 1763 1505 1499
f 1763 1499 1755
f 1506 1765 1757
f 1506 1757 1500
f 1758 1757 1766
f 1766 1757 1765
f 1761 1767 1760
f 1502 1760 1767
f 1768 1502 1767
f 1508 1502 1768
f 1509 1762 1503
f 1509 1769 1762
f 1763 1764 1770
f 1770 1764 1771
f 1770 1511 1505
f 1770 1505 1763
f 1773 1772 1765
f 1506 1773 1765
f 1512 1773 1506
f 1765 1772 1766
f 1775 1774 1514
f 1514 1774 1513
f 1514 1508 1768
f 1514 1768 1775
f 1517 1769 1509
f 1517 1776 1769
f 1770 1771 1777
f 1777 1771 1778
f 1777 1519 1511
f 1777 1511 1770
f 1512 1520 1779
f 1780 1512 1779
f 1773 1512 1780
f 1521 1779 1520
f 1774 1522 1513
f 1781 1522 1774
f 1783 1782 1525
f 1783 1525 1524
f 1786 1785 1784
f 1525 1776 1517
f 1776 1525 1782
f 1786 1784 1778
f 1784 1777 1778
f 1784 1787 1777
f 1787 1526 1519
f 1787 1519 1777
f 1788 1780 1779
f 1788 1779 1521
f 1527 1788 1521
f 1789 1788 1527
f 1527 1528 1789
f 1789 1528 1790
f 1781 1529 1522
f 1791 1529 1781
f 1531 1783 1524
f 1531 1792 1783
f 1784 1785 1793
f 1793 1785 1794
f 1784 1795 1787
f 1784 1793 1795
f 1795 1532 1526
f 1795 1526 1787
f 1535 1790 1528
f 1535 1796 1790
f 1791 1536 1529
f 1797 1536 1791
f 1538 1792 1531
f 1538 1798 1792
f 1793 1794 1799
f 1799 1794 1800
f 1793 1801 1795
f 1793 1799 1801
f 1801 1539 1532
f 1801 1532 1795
f 1541 1802 1542
f 1802 1543 1542
f 1804 1803 1546
f 1804 1546 1545
f 1535 1546 1796
f 1796 1546 1803
f 1806 1805 1549
f 1549 1805 1548
f 1549 1536 1797
f 1549 1797 1806
f 1552 1798 1538
f 1552 1807 1798
f 1799 1800 1555
f 1800 1554 1555
f 1800 1808 1554
f 1799 1555 1556
f 1799 1556 1801
f 1801 1556 1539
f 1559 1809 1558
f 1802 1541 1558
f 1809 1802 1558
f 1810 1802 1809
f 1810 1561 1543
f 1810 1543 1802
f 1563 1804 1545
f 1563 1811 1804
f 1564 1548 1812
f 1548 1813 1812
f 1548 1805 1813
f 1812 1565 1564
f 1567 1814 1568
f 1807 1552 1815
f 1552 1814 1815
f 1814 1816 1815
f 1552 1568 1814
f 1816 1817 1569
f 1808 1816 1569
f 1554 1808 1569
f 1816 1808 1815
f 1817 1570 1569
f 1571 1818 1809
f 1571 1809 1559
f 1820 1810 1819
f 1810 1818 1819
f 1810 1809 1818
f 1561 1810 1820
f 1821 1561 1820
f 1573 1561 1821
f 1576 1811 1563
f 1576 1822 1811
f 1813 1823 1812
f 1565 1812 1823
f 1824 1565 1823
f 1577 1565 1824
f 1826 1825 1814
f 1567 1826 1814
f 1579 1826 1567
f 1827 1581 1582
f 1814 1827 1582
f 1816 1814 1582
f 1825 1827 1814
f 1816 1582 1583
f 1816 1583 1817
f 1817 1583 1570
f 1586 1828 1585
f 1828 1829 1585
f 1585 1829 1571
f 1829 1830 1571
f 1830 1818 1571
f 1818 1830 1819
f 1587 1573 1831
f 1573 1832 1831
f 1573 1821 1832
f 1831 1589 1587
f 1590 1833 1591
f 1833 1593 1591
f 1594 1822 1576
f 1594 1834 1822
f 1824 1595 1577
f 1835 1595 1824
f 1597 1836 1596
f 1836 1837 1596
f 1837 1579 1596
f 1837 1826 1579
f 1827 1599 1581
f 1838 1599 1827
f 1840 1839 1828
f 1586 1840 1828
f 1601 1840 1586
f 1828 1839 1829
f 1832 1841 1831
f 1841 1843 1842
f 1841 1842 1602
f 1831 1841 1602
f 1589 1831 1602
f 1842 1844 1602
f 1602 1844 1590
f 1844 1845 1590
f 1845 1833 1590
f 1833 1845 1593
f 1845 1603 1593
f 1845 1846 1603
f 1594 1603 1834
f 1834 1603 1846
f 1835 1847 1595
f 1595 1847 1604
f 1605 1604 1847
f 1605 1847 1848
f 1606 1849 1836
f 1606 1836 1597
f 1837 1836 1850
f 1850 1836 1849
f 1838 1608 1599
f 1851 1608 1838
f 1610 1840 1601
f 1610 1852 1840
f 1843 1853 1842
f 1842 1853 1844
f 1848 1854 1605
f 1605 1854 1611
f 1612 1611 1854
f 1612 1854 1855
f 1857 1856 1613
f 1857 1613 1614
f 1606 1613 1849
f 1613 1858 1849
f 1613 1856 1858
f 1858 1859 1849
f 1859 1860 1849
f 1861 1850 1849
f 1861 1849 1860
f 1860 1862 1615
f 1851 1860 1615
f 1608 1851 1615
f 1860 1851 1861
f 1862 1616 1615
f 1617 1852 1610
f 1617 1863 1852
f 1855 1864 1612
f 1612 1864 1618
f 1619 1618 1864
f 1619 1864 1865
f 1620 1857 1614
f 1620 1866 1857
f 1860 1859 1867
f 1867 1859 1868
f 1860 1869 1862
f 1860 1867 1869
f 1869 1621 1616
f 1869 1616 1862
f 1623 1870 1624
f 1870 1871 1624
f 1871 1617 1624
f 1871 1863 1617
f 1865 1872 1619
f 1619 1872 1625
f 1627 1625 1872
f 1627 1872 1873
f 1875 1874 1629
f 1875 1629 1628
f 1620 1629 1866
f 1866 1629 1874
f 1868 1876 1867
f 1878 1877 1876
f 1877 1867 1876
f 1877 1869 1867
f 1877 1631 1621
f 1877 1621 1869
f 1880 1879 1870
f 1623 1880 1870
f 1633 1880 1623
f 1870 1879 1871
f 1873 1881 1627
f 1627 1881 1634
f 1628 1634 1875
f 1875 1634 1881
f 1878 1882 1877
f 1882 1884 1883
f 1882 1883 1635
f 1877 1882 1635
f 1631 1877 1635
f 1885 1636 1635
f 1885 1635 1883
f 1885 1637 1636
f 1639 1880 1633
f 1639 1886 1880
f 1884 1887 1883
f 1883 1887 1885
f 1885 1887 1888
f 1637 1885 1888
f 1889 1637 1888
f 1641 1637 1889
f 1646 1886 1639
f 1646 1890 1886
f 1647 1641 1891
f 1641 1892 1891
f 1641 1889 1892
f 1893 1648 1647
f 1893 1647 1891
f 1894 1649 1648
f 1894 1648 1893
f 1895 1650 1649
f 1895 1649 1894
f 1896 1651 1650
f 1896 1650 1895
f 1896 1897 1651
f 1897 1646 1651
f 1897 1890 1646
f 1892 1898 1891
f 1891 1898 1893
f 1893 1898 1899
f 1893 1899 1894
f 1894 1899 1900
f 1894 1900 1895
f 1895 1900 1901
f 1895 1901 1896
f 1896 1901 1902
f 1896 1902 1897
f 1903 1653 1654
f 1903 1654 1904
f 1654 1905 1904
f 1654 1655 1905
f 1906 1655 1656
f 1906 1905 1655
f 1907 1656 1657
f 1907 1906 1656
f 1908 1657 1658
f 1908 1907 1657
f 1909 1658 1659
f 1909 1908 1658
f 1911 1910 1660
f 1910 1659 1660
f 1910 1909 1659
f 1911 1912 1910
f 1914 1913 1663
f 1663 1913 1662
f 1915 1663 1664
f 1915 1914 1663
f 1664 1666 1915
f 1915 1666 1916
f 1918 1917 1669
f 1669 1917 1668
f 1669 1653 1903
f 1919 1669 1903
f 1918 1669 1919
f 1919 1903 1904
f 1921 1920 1911
f 1660 1921 1911
f 1670 1921 1660
f 1911 1920 1912
f 1913 1671 1662
f 1922 1671 1913
f 1672 1916 1666
f 1672 1923 1916
f 1917 1673 1668
f 1924 1673 1917
f 1674 1926 1925
f 1921 1674 1925
f 1670 1674 1921
f 1926 1927 1925
f 1929 1928 1677
f 1677 1928 1676
f 1930 1677 1678
f 1930 1929 1677
f 1931 1678 1679
f 1931 1930 1678
f 1679 1671 1922
f 1679 1922 1931
f 1681 1932 1680
f 1932 1933 1680
f 1933 1672 1680
f 1933 1923 1672
f 1935 1934 1684
f 1684 1934 1683
f 1936 1684 1685
f 1936 1935 1684
f 1685 1673 1924
f 1685 1924 1936
f 1686 1926 1674
f 1686 1688 1926
f 1688 1927 1926
f 1688 1937 1927
f 1928 1689 1676
f 1938 1689 1928
f 1690 1939 1932
f 1690 1932 1681
f 1933 1932 1940
f 1940 1932 1939
f 1942 1941 1692
f 1692 1941 1691
f 1943 1692 1693
f 1943 1942 1692
f 1693 1683 1934
f 1693 1934 1943
f 1695 1937 1688
f 1695 1944 1937
f 1938 1696 1689
f 1945 1696 1938
f 1697 1939 1690
f 1697 1698 1939
f 1698 1940 1939
f 1698 1946 1940
f 1941 1699 1691
f 1947 1699 1941
f 1948 1944 1695
f 1948 1695 1701
f 1949 1701 1703
f 1949 1948 1701
f 1703 1696 1945
f 1703 1945 1949
f 1950 1946 1698
f 1950 1698 1704
f 1704 1706 1950
f 1950 1706 1951
f 1947 1707 1699
f 1952 1707 1947
f 1953 1951 1706
f 1953 1706 1710
f 1710 1712 1953
f 1953 1712 1954
f 1956 1955 1714
f 1714 1955 1713
f 1714 1707 1952
f 1714 1952 1956
f 1717 1954 1712
f 1717 1957 1954
f 1959 1958 1719
f 1719 1958 1718
f 1719 1713 1955
f 1719 1955 1959
f 1960 1957 1717
f 1960 1717 1722
f 1722 1724 1960
f 1960 1724 1961
f 1958 1725 1718
f 1962 1725 1958
f 1728 1964 1963
f 1961 1728 1963
f 1724 1728 1961
f 1964 1965 1963
f 1962 1729 1725
f 1966 1729 1962
f 1731 1964 1728
f 1731 1733 1964
f 1733 1965 1964
f 1733 1967 1965
f 1966 1734 1729
f 1968 1734 1966
f 1738 1967 1733
f 1738 1969 1967
f 1968 1739 1734
f 1970 1739 1968
f 1741 1971 1740
f 1971 1742 1740
f 1743 1969 1738
f 1743 1972 1969
f 1970 1744 1739
f 1973 1744 1970
f 1745 1974 1971
f 1745 1971 1741
f 1974 1746 1742
f 1974 1742 1971
f 1975 1972 1743
f 1975 1743 1747
f 1747 1749 1975
f 1975 1749 1976
f 1973 1751 1744
f 1977 1751 1973
f 1753 1978 1752
f 1754 1974 1745
f 1756 1752 1978
f 1974 1754 1746
f 1758 1976 1749
f 1758 1979 1976
f 1977 1980 1751
f 1751 1980 1759
f 1761 1759 1980
f 1761 1980 1981
f 1983 1982 1978
f 1753 1983 1978
f 1762 1983 1753
f 1756 1978 1982
f 1984 1756 1982
f 1764 1756 1984
f 1766 1979 1758
f 1766 1985 1979
f 1981 1986 1761
f 1761 1986 1767
f 1768 1767 1986
f 1768 1986 1987
f 1769 1983 1762
f 1769 1988 1983
f 1984 1771 1764
f 1989 1771 1984
f 1991 1990 1772
f 1991 1772 1773
f 1766 1772 1985
f 1985 1772 1990
f 1993 1992 1775
f 1775 1992 1774
f 1775 1768 1987
f 1775 1987 1993
f 1776 1988 1769
f 1776 1994 1988
f 1989 1778 1771
f 1995 1778 1989
f 1780 1991 1773
f 1780 1996 1991
f 1992 1781 1774
f 1997 1781 1992
f 1999 1998 1782
f 1999 1782 1783
f 2000 1785 1786
f 1994 1776 1998
f 1782 1998 1776
f 2001 2000 1786
f 1778 2001 1786
f 1995 2001 1778
f 2002 1996 1780
f 2002 1780 1788
f 2004 2002 2003
f 2002 1789 2003
f 2002 1788 1789
f 1790 2003 1789
f 1997 1791 1781
f 2005 1791 1997
f 1792 1999 1783
f 1792 2006 1999
f 2008 2007 2000
f 2007 1785 2000
f 2007 1794 1785
f 2008 2000 2001
f 2009 2004 2003
f 2003 1790 2009
f 1790 2010 2009
f 1790 1796 2010
f 2005 1797 1791
f 2011 1797 2005
f 1798 2013 2012
f 2006 1798 2012
f 1792 1798 2006
f 2007 2012 2013
f 1800 2007 2013
f 1794 2007 1800
f 1804 2014 1803
f 2014 2015 1803
f 2015 1796 1803
f 2015 2010 1796
f 2017 2016 1806
f 1806 2016 1805
f 1806 1797 2011
f 1806 2011 2017
f 1807 2018 2013
f 1807 2013 1798
f 2018 1808 1800
f 2018 1800 2013
f 2020 2019 2014
f 1804 2020 2014
f 1811 2020 1804
f 2014 2019 2015
f 2016 1813 1805
f 2021 1813 2016
f 1815 2018 1807
f 2018 1815 1808
f 1819 2022 1820
f 2022 1821 1820
f 1822 2020 1811
f 1822 2023 2020
f 1823 1813 2024
f 1813 2025 2024
f 1813 2021 2025
f 2024 1824 1823
f 1826 2026 1825
f 2026 1827 1825
f 1829 2027 1830
f 2022 1819 1830
f 2027 2022 1830
f 2028 2022 2027
f 2028 1832 1821
f 2028 1821 2022
f 1834 2023 1822
f 1834 2029 2023
f 2025 2030 2024
f 1824 2024 2030
f 2031 1824 2030
f 1835 1824 2031
f 1837 2032 2026
f 1837 2026 1826
f 2032 1838 1827
f 2032 1827 2026
f 1840 2033 1839
f 2027 1829 1839
f 2033 2027 1839
f 2034 2027 2033
f 2027 2035 2028
f 2027 2034 2035
f 2036 1841 1832
f 2028 2036 1832
f 2035 2036 2028
f 2036 1843 1841
f 1844 2037 1845
f 2038 1846 1845
f 2038 1845 2037
f 2038 2039 1846
f 2039 1834 1846
f 2039 2029 1834
f 2031 2040 1835
f 1835 2040 1847
f 2042 2041 1848
f 1847 2042 1848
f 2040 2042 1847
f 2043 2041 2042
f 1850 2044 2032
f 1850 2032 1837
f 2044 1851 1838
f 2044 1838 2032
f 1852 2045 2033
f 1852 2033 1840
f 2047 2034 2046
f 2034 2045 2046
f 2034 2033 2045
f 2049 2048 2047
f 2048 2034 2047
f 2048 2035 2034
f 2035 2050 2036
f 2035 2048 2050
f 2051 1853 1843
f 2036 2051 1843
f 2050 2051 2036
f 2051 2052 1853
f 1853 2052 1844
f 2052 2053 1844
f 2053 2037 1844
f 2037 2053 2038
f 2038 2053 2054
f 2038 2054 2039
f 2041 1854 1848
f 1855 1854 2041
f 2043 1855 2041
f 2055 1855 2043
f 1857 2056 1856
f 2057 1858 1856
f 2057 1856 2056
f 1861 2044 1850
f 1859 1858 2057
f 2044 1861 1851
f 1863 2058 2045
f 1863 2045 1852
f 2046 2045 2059
f 2059 2045 2058
f 2049 2060 2048
f 2048 2060 2050
f 2050 2060 2061
f 2063 2062 2061
f 2062 2050 2061
f 2062 2051 2050
f 2052 2051 2064
f 2064 2051 2062
f 2055 2065 1855
f 1855 2065 1864
f 1865 1864 2065
f 1865 2065 2066
f 2068 2067 2056
f 1857 2068 2056
f 1866 2068 1857
f 2070 2069 2067
f 2069 2056 2067
f 2069 2057 2056
f 2069 1868 1859
f 2069 1859 2057
f 2072 2071 2058
f 1863 2072 2058
f 1871 2072 1863
f 2058 2071 2059
f 2062 2063 2073
f 2073 2063 2074
f 2064 2062 2075
f 2075 2062 2073
f 2066 2076 1865
f 1865 2076 1872
f 2078 2077 1873
f 1872 2078 1873
f 2076 2078 1872
f 1874 1875 2077
f 2078 1874 2077
f 2079 1874 2078
f 1866 1874 2068
f 2068 1874 2079
f 2070 2080 2069
f 2080 2082 2081
f 2080 2081 1876
f 2069 2080 1876
f 1868 2069 1876
f 2081 1878 1876
f 2084 2083 1879
f 2084 1879 1880
f 1871 1879 2072
f 2072 1879 2083
f 2074 2085 2073
f 2073 2085 2075
f 2077 1881 1873
f 1881 2077 1875
f 2082 2086 2081
f 2081 2086 1878
f 2086 1882 1878
f 2086 2087 1882
f 1884 1882 2087
f 1884 2087 2088
f 1886 2084 1880
f 1886 2089 2084
f 2088 2090 1884
f 1884 2090 1887
f 1887 2091 1888
f 2090 2091 1887
f 1889 1888 2091
f 1889 2091 2092
f 1890 2089 1886
f 1890 2093 2089
f 2092 1892 1889
f 2094 1892 2092
f 1897 2093 1890
f 1897 2095 2093
f 2094 2096 1892
f 1892 2096 1898
f 1898 2097 1899
f 2096 2097 1898
f 1899 2098 1900
f 2097 2098 1899
f 2098 2100 2099
f 1901 2098 2099
f 1900 2098 1901
f 1901 2099 2101
f 2102 1901 2101
f 1902 1901 2102
f 1897 1902 2095
f 2095 1902 2102
f 2100 2103 2099
f 2099 2103 2101
f 2106 2105 2104
f 2104 2107 2106
f 2109 2108 1905
f 1905 2108 1904
f 2110 1905 1906
f 2110 2109 1905
f 2111 1906 1907
f 2111 2110 1906
f 2112 1907 1908
f 2112 2111 1907
f 1909 2104 2105
f 2112 1909 2105
f 1908 1909 2112
f 2113 2107 2104
f 1909 2113 2104
f 1910 2113 1909
f 1910 1912 2113
f 2113 1912 2114
f 2116 2115 1914
f 1914 2115 1913
f 2117 1914 1915
f 2117 2116 1914
f 1915 1916 2117
f 2117 1916 2118
f 2120 2119 1918
f 1918 2119 1917
f 2121 1918 1919
f 2121 2120 1918
f 1919 1904 2108
f 1919 2108 2121
f 1921 2122 1920
f 2122 2123 1920
f 2123 1912 1920
f 2123 2114 1912
f 2115 1922 1913
f 2124 1922 2115
f 1923 2118 1916
f 1923 2125 2118
f 2119 1924 1917
f 2126 1924 2119
f 1925 2122 1921
f 1925 1927 2122
f 1927 2123 2122
f 1927 2127 2123
f 2129 2128 1929
f 1929 2128 1928
f 2130 1929 1930
f 2130 2129 1929
f 2131 1930 1931
f 2131 2130 1930
f 1931 1922 2124
f 1931 2124 2131
f 1933 2125 1923
f 1933 2132 2125
f 2134 2133 1935
f 1935 2133 1934
f 2135 1935 1936
f 2135 2134 1935
f 1936 1924 2126
f 1936 2126 2135
f 1937 2127 1927
f 1937 2136 2127
f 2128 1938 1928
f 2137 1938 2128
f 1940 2132 1933
f 1940 2138 2132
f 2139 1941 1942
f 2139 1942 2140
f 1942 2141 2140
f 1942 1943 2141
f 1943 1934 2133
f 1943 2133 2141
f 1944 2143 2142
f 2136 1944 2142
f 1937 1944 2136
f 2145 2144 2143
f 2143 2144 2142
f 2137 2144 2145
f 1945 2137 2145
f 1938 2137 1945
f 1946 2147 2146
f 2138 1946 2146
f 1940 1946 2138
f 2147 2148 2146
f 2150 2149 2139
f 2149 1941 2139
f 2149 1947 1941
f 2150 2139 2140
f 1948 2143 1944
f 2143 1948 1949
f 2143 1949 2145
f 2145 1949 1945
f 1950 2147 1946
f 1950 1951 2147
f 1951 2148 2147
f 1951 2151 2148
f 2149 1952 1947
f 2152 1952 2149
f 2153 2151 1951
f 2153 1951 1953
f 2155 2154 1954
f 2154 1953 1954
f 2154 2153 1953
f 2155 2156 2154
f 2157 1955 1956
f 2158 2157 1956
f 1952 2158 1956
f 2152 2158 1952
f 1957 2159 2155
f 1957 2155 1954
f 2156 2155 2160
f 2160 2155 2159
f 2161 1958 1959
f 2162 2161 1959
f 2162 1959 1955
f 2163 2162 1955
f 2157 2163 1955
f 2163 2157 2158
f 1960 2159 1957
f 1960 1961 2159
f 1961 2160 2159
f 1961 2164 2160
f 2166 2165 2161
f 2165 1958 2161
f 2165 1962 1958
f 2166 2161 2162
f 2167 2164 1961
f 2167 1961 1963
f 1963 1965 2167
f 2167 1965 2168
f 2165 1966 1962
f 2169 1966 2165
f 1967 2168 1965
f 1967 2170 2168
f 2169 1968 1966
f 2171 1968 2169
f 1969 2173 2172
f 2170 1969 2172
f 1967 1969 2170
f 2173 2174 2172
f 2171 1970 1968
f 2175 1970 2171
f 2177 2176 2173
f 1969 2177 2173
f 1972 2177 1969
f 2173 2176 2174
f 2175 1973 1970
f 2178 1973 2175
f 1972 1975 2179
f 2180 1972 2179
f 2177 1972 2180
f 1976 2179 1975
f 2178 1977 1973
f 2181 1977 2178
f 2182 2180 2179
f 2179 1976 2182
f 1976 2183 2182
f 1976 1979 2183
f 1980 1977 2184
f 1977 2185 2184
f 1977 2181 2185
f 2184 1981 1980
f 1983 2186 1982
f 2186 1984 1982
f 1985 2183 1979
f 1985 2187 2183
f 2185 2188 2184
f 2184 2188 1981
f 2188 1986 1981
f 2188 2189 1986
f 1987 1986 2189
f 1987 2189 2190
f 1988 2191 2186
f 1988 2186 1983
f 2191 1989 1984
f 2191 1984 2186
f 2193 2192 1990
f 2193 1990 1991
f 1985 1990 2187
f 2187 1990 2192
f 2194 1992 1993
f 2195 2194 1993
f 1987 2195 1993
f 2190 2195 1987
f 1994 2196 2191
f 1994 2191 1988
f 2196 1995 1989
f 2196 1989 2191
f 1996 2193 1991
f 1996 2197 2193
f 2199 2198 2194
f 2198 1992 2194
f 2198 1997 1992
f 2199 2194 2195
f 1999 2200 1998
f 2196 1994 1998
f 2200 2196 1998
f 2201 2196 2200
f 2201 2001 1995
f 2201 1995 2196
f 2202 2197 1996
f 2202 1996 2002
f 2204 2203 2004
f 2203 2002 2004
f 2203 2202 2002
f 2204 2205 2203
f 2198 2005 1997
f 2206 2005 2198
f 2006 2207 2200
f 2006 2200 1999
f 2207 2007 2008
f 2201 2207 2008
f 2200 2207 2201
f 2201 2008 2001
f 2009 2204 2004
f 2009 2010 2204
f 2010 2205 2204
f 2010 2208 2205
f 2206 2011 2005
f 2209 2011 2206
f 2012 2207 2006
f 2207 2012 2007
f 2015 2208 2010
f 2015 2210 2208
f 2211 2016 2017
f 2212 2211 2017
f 2011 2212 2017
f 2209 2212 2011
f 2214 2213 2019
f 2214 2019 2020
f 2015 2019 2210
f 2210 2019 2213
f 2216 2215 2211
f 2215 2016 2211
f 2215 2021 2016
f 2216 2211 2212
f 2023 2214 2020
f 2023 2217 2214
f 2219 2025 2218
f 2025 2215 2218
f 2025 2021 2215
f 2220 2219 2218
f 2029 2217 2023
f 2029 2221 2217
f 2219 2030 2025
f 2031 2030 2219
f 2220 2031 2219
f 2222 2031 2220
f 2039 2221 2029
f 2039 2223 2221
f 2222 2224 2031
f 2031 2224 2040
f 2224 2226 2225
f 2042 2224 2225
f 2040 2224 2042
f 2225 2043 2042
f 2046 2227 2047
f 2227 2049 2047
f 2229 2228 2053
f 2229 2053 2052
f 2053 2230 2054
f 2228 2230 2053
f 2039 2054 2223
f 2223 2054 2230
f 2226 2231 2225
f 2055 2043 2225
f 2232 2055 2225
f 2231 2232 2225
f 2055 2232 2233
f 2234 2233 2232
f 2059 2235 2227
f 2059 2227 2046
f 2236 2060 2049
f 2227 2236 2049
f 2235 2236 2227
f 2237 2061 2060
f 2237 2060 2236
f 2237 2063 2061
f 2064 2229 2052
f 2064 2238 2229
f 2233 2065 2055
f 2066 2065 2233
f 2234 2066 2233
f 2239 2066 2234
f 2241 2240 2067
f 2241 2067 2068
f 2070 2067 2240
f 2070 2240 2242
f 2072 2243 2071
f 2243 2244 2071
f 2071 2244 2059
f 2244 2245 2059
f 2245 2235 2059
f 2247 2246 2245
f 2246 2235 2245
f 2246 2236 2235
f 2236 2248 2237
f 2236 2246 2248
f 2248 2074 2063
f 2248 2063 2237
f 2075 2238 2064
f 2075 2249 2238
f 2239 2250 2066
f 2066 2250 2076
f 2076 2251 2078
f 2250 2251 2076
f 2078 2252 2079
f 2251 2252 2078
f 2068 2079 2241
f 2241 2079 2252
f 2242 2253 2070
f 2070 2253 2080
f 2082 2080 2253
f 2082 2253 2254
f 2084 2255 2083
f 2243 2072 2083
f 2255 2243 2083
f 2256 2243 2255
f 2244 2243 2257
f 2257 2243 2256
f 2247 2258 2246
f 2246 2258 2248
f 2248 2258 2259
f 2259 2261 2260
f 2259 2260 2085
f 2248 2259 2085
f 2074 2248 2085
f 2260 2262 2085
f 2262 2075 2085
f 2262 2249 2075
f 2254 2263 2082
f 2082 2263 2086
f 2263 2265 2264
f 2087 2263 2264
f 2086 2263 2087
f 2264 2088 2087
f 2089 2266 2255
f 2089 2255 2084
f 2268 2256 2267
f 2256 2266 2267
f 2256 2255 2266
f 2256 2268 2257
f 2271 2270 2269
f 2272 2260 2261
f 2269 2273 2271
f 2260 2272 2262
f 2265 2274 2264
f 2264 2274 2088
f 2274 2090 2088
f 2274 2275 2090
f 2275 2277 2276
f 2091 2275 2276
f 2090 2275 2091
f 2276 2092 2091
f 2093 2278 2266
f 2093 2266 2089
f 2267 2266 2279
f 2279 2266 2278
f 2270 2280 2269
f 2269 2280 2273
f 2277 2281 2276
f 2092 2276 2281
f 2282 2092 2281
f 2094 2092 2282
f 2095 2283 2278
f 2095 2278 2093
f 2279 2278 2284
f 2284 2278 2283
f 2282 2285 2094
f 2094 2285 2096
f 2096 2286 2097
f 2285 2286 2096
f 2286 2288 2287
f 2098 2286 2287
f 2097 2286 2098
f 2287 2100 2098
f 2101 2289 2102
f 2289 2290 2102
f 2102 2290 2095
f 2290 2291 2095
f 2291 2283 2095
f 2283 2291 2284
f 2288 2292 2287
f 2287 2292 2100
f 2292 2103 2100
f 2292 2293 2103
f 2101 2103 2289
f 2103 2294 2289
f 2103 2293 2294
f 2289 2294 2290
f 2296 2295 2106
f 2106 2295 2105
f 2106 2107 2296
f 2296 2107 2297
f 2299 2298 2109
f 2109 2298 2108
f 2300 2109 2110
f 2300 2299 2109
f 2301 2110 2111
f 2301 2300 2110
f 2302 2111 2112
f 2302 2301 2111
f 2112 2105 2295
f 2112 2295 2302
f 2303 2297 2107
f 2303 2107 2113
f 2113 2114 2303
f 2303 2114 2304
f 2305 2115 2116
f 2305 2116 2306
f 2116 2307 2306
f 2116 2117 2307
f 2117 2118 2307
f 2307 2118 2308
f 2310 2309 2120
f 2120 2309 2119
f 2311 2120 2121
f 2311 2310 2120
f 2121 2108 2298
f 2121 2298 2311
f 2123 2304 2114
f 2123 2312 2304
f 2314 2313 2305
f 2313 2115 2305
f 2313 2124 2115
f 2314 2305 2306
f 2125 2308 2118
f 2125 2315 2308
f 2309 2126 2119
f 2316 2126 2309
f 2127 2312 2123
f 2127 2317 2312
f 2318 2128 2129
f 2318 2129 2319
f 2129 2320 2319
f 2129 2130 2320
f 2321 2130 2131
f 2321 2320 2130
f 2131 2124 2313
f 2131 2313 2321
f 2132 2315 2125
f 2132 2322 2315
f 2324 2323 2134
f 2134 2323 2133
f 2325 2134 2135
f 2325 2324 2134
f 2135 2126 2316
f 2135 2316 2325
f 2136 2327 2326
f 2317 2136 2326
f 2127 2136 2317
f 2329 2328 2327
f 2327 2328 2326
f 2330 2328 2318
f 2328 2137 2318
f 2137 2128 2318
f 2328 2329 2137
f 2330 2318 2319
f 2138 2322 2132
f 2138 2331 2322
f 2333 2332 2141
f 2141 2332 2140
f 2141 2133 2323
f 2141 2323 2333
f 2142 2327 2136
f 2327 2142 2144
f 2327 2144 2329
f 2329 2144 2137
f 2138 2146 2334
f 2335 2138 2334
f 2331 2138 2335
f 2148 2334 2146
f 2337 2336 2150
f 2150 2336 2149
f 2150 2140 2332
f 2150 2332 2337
f 2338 2335 2334
f 2148 2151 2334
f 2151 2339 2334
f 2339 2338 2334
f 2339 2151 2340
f 2340 2341 2339
f 2336 2152 2149
f 2342 2152 2336
f 2153 2340 2151
f 2343 2341 2340
f 2153 2343 2340
f 2154 2343 2153
f 2154 2156 2343
f 2343 2156 2344
f 2342 2158 2152
f 2345 2158 2342
f 2160 2344 2156
f 2160 2346 2344
f 2347 2162 2163
f 2348 2347 2163
f 2158 2348 2163
f 2345 2348 2158
f 2164 2346 2160
f 2164 2349 2346
f 2351 2350 2166
f 2166 2350 2165
f 2166 2162 2347
f 2352 2166 2347
f 2351 2166 2352
f 2352 2347 2348
f 2353 2349 2164
f 2353 2164 2167
f 2167 2168 2353
f 2353 2168 2354
f 2350 2169 2165
f 2355 2169 2350
f 2170 2354 2168
f 2170 2356 2354
f 2355 2171 2169
f 2357 2171 2355
f 2170 2172 2358
f 2359 2170 2358
f 2356 2170 2359
f 2174 2358 2172
f 2357 2175 2171
f 2360 2175 2357
f 2359 2358 2176
f 2177 2359 2176
f 2361 2359 2177
f 2176 2358 2174
f 2360 2178 2175
f 2362 2178 2360
f 2180 2364 2363
f 2361 2180 2363
f 2177 2180 2361
f 2364 2365 2363
f 2362 2181 2178
f 2366 2181 2362
f 2182 2364 2180
f 2182 2183 2364
f 2183 2365 2364
f 2183 2367 2365
f 2366 2185 2181
f 2368 2185 2366
f 2187 2367 2183
f 2187 2369 2367
f 2368 2370 2185
f 2185 2370 2188
f 2188 2371 2189
f 2370 2371 2188
f 2190 2189 2371
f 2190 2371 2372
f 2193 2373 2192
f 2373 2374 2192
f 2374 2187 2192
f 2374 2369 2187
f 2372 2195 2190
f 2375 2195 2372
f 2197 2376 2373
f 2197 2373 2193
f 2374 2373 2377
f 2373 2378 2377
f 2373 2376 2378
f 2378 2379 2377
f 2381 2380 2199
f 2199 2380 2198
f 2199 2195 2375
f 2199 2375 2381
f 2202 2376 2197
f 2376 2202 2203
f 2376 2203 2378
f 2203 2205 2378
f 2205 2379 2378
f 2205 2382 2379
f 2380 2206 2198
f 2383 2206 2380
f 2208 2382 2205
f 2208 2384 2382
f 2383 2209 2206
f 2385 2209 2383
f 2210 2384 2208
f 2210 2386 2384
f 2385 2212 2209
f 2387 2212 2385
f 2389 2388 2213
f 2389 2213 2214
f 2210 2213 2386
f 2386 2213 2388
f 2390 2215 2216
f 2391 2390 2216
f 2212 2391 2216
f 2387 2391 2212
f 2217 2389 2214
f 2217 2392 2389
f 2390 2218 2215
f 2220 2218 2390
f 2391 2220 2390
f 2393 2220 2391
f 2221 2392 2217
f 2221 2394 2392
f 2393 2222 2220
f 2395 2222 2393
f 2223 2394 2221
f 2223 2396 2394
f 2395 2397 2222
f 2222 2397 2224
f 2399 2398 2226
f 2224 2399 2226
f 2397 2399 2224
f 2400 2398 2399
f 2402 2401 2228
f 2402 2228 2229
f 2228 2403 2230
f 2401 2403 2228
f 2223 2230 2396
f 2396 2230 2403
f 2398 2231 2226
f 2400 2404 2398
f 2404 2231 2398
f 2404 2232 2231
f 2234 2232 2404
f 2234 2404 2405
f 2238 2402 2229
f 2238 2406 2402
f 2405 2239 2234
f 2407 2239 2405
f 2409 2408 2240
f 2409 2240 2241
f 2242 2240 2408
f 2242 2408 2410
f 2244 2411 2245
f 2411 2247 2245
f 2249 2406 2238
f 2249 2412 2406
f 2407 2413 2239
f 2239 2413 2250
f 2250 2414 2251
f 2413 2414 2250
f 2251 2415 2252
f 2414 2415 2251
f 2241 2252 2409
f 2409 2252 2415
f 2410 2416 2242
f 2242 2416 2253
f 2254 2253 2416
f 2254 2416 2417
f 2257 2418 2411
f 2257 2411 2244
f 2419 2258 2247
f 2411 2419 2247
f 2418 2419 2411
f 2420 2259 2258
f 2420 2258 2419
f 2420 2261 2259
f 2262 2412 2249
f 2262 2421 2412
f 2417 2422 2254
f 2254 2422 2263
f 2265 2263 2422
f 2265 2422 2423
f 2425 2424 2268
f 2425 2268 2267
f 2257 2268 2418
f 2268 2426 2418
f 2268 2424 2426
f 2418 2426 2419
f 2419 2426 2427
f 2428 2270 2271
f 2419 2428 2271
f 2420 2419 2271
f 2427 2428 2419
f 2429 2271 2273
f 2429 2420 2271
f 2429 2272 2261
f 2420 2429 2261
f 2429 2430 2272
f 2430 2262 2272
f 2430 2421 2262
f 2423 2431 2265
f 2265 2431 2274
f 2431 2433 2432
f 2275 2431 2432
f 2274 2431 2275
f 2432 2277 2275
f 2279 2425 2267
f 2279 2434 2425
f 2280 2270 2435
f 2270 2436 2435
f 2270 2428 2436
f 2435 2437 2280
f 2280 2437 2273
f 2437 2438 2273
f 2438 2429 2273
f 2429 2438 2430
f 2433 2439 2432
f 2439 2441 2440
f 2439 2440 2281
f 2432 2439 2281
f 2277 2432 2281
f 2440 2282 2281
f 2284 2434 2279
f 2284 2442 2434
f 2436 2443 2435
f 2435 2443 2437
f 2441 2444 2440
f 2444 2446 2445
f 2444 2445 2285
f 2440 2444 2285
f 2282 2440 2285
f 2447 2286 2285
f 2447 2285 2445
f 2447 2288 2286
f 2290 2448 2291
f 2448 2449 2291
f 2449 2284 2291
f 2449 2442 2284
f 2446 2450 2445
f 2445 2450 2447
f 2447 2450 2451
f 2447 2451 2288
f 2451 2292 2288
f 2451 2452 2292
f 2292 2453 2293
f 2452 2453 2292
f 2293 2454 2294
f 2453 2454 2293
f 2290 2294 2448
f 2294 2455 2448
f 2294 2454 2455
f 2448 2455 2449
f 2456 2295 2296
f 2297 2456 2296
f 2458 2457 2299
f 2299 2457 2298
f 2459 2299 2300
f 2459 2458 2299
f 2460 2300 2301
f 2460 2459 2300
f 2461 2301 2302
f 2461 2460 2301
f 2302 2295 2456
f 2462 2302 2456
f 2461 2302 2462
f 2462 2456 2297
f 2303 2462 2297
f 2463 2462 2303
f 2303 2304 2463
f 2463 2304 2464
f 2465 2306 2307
f 2308 2465 2307
f 2466 2309 2310
f 2466 2310 2467
f 2310 2468 2467
f 2310 2311 2468
f 2311 2298 2457
f 2311 2457 2468
f 2312 2470 2469
f 2464 2312 2469
f 2304 2312 2464
f 2470 2471 2469
f 2473 2472 2314
f 2314 2472 2313
f 2314 2306 2465
f 2474 2314 2465
f 2473 2314 2474
f 2465 2308 2474
f 2308 2475 2474
f 2308 2315 2475
f 2477 2476 2466
f 2476 2309 2466
f 2476 2316 2309
f 2477 2466 2467
f 2317 2478 2470
f 2317 2470 2312
f 2471 2470 2479
f 2479 2470 2478
f 2481 2480 2320
f 2320 2480 2319
f 2482 2320 2321
f 2482 2481 2320
f 2321 2313 2472
f 2321 2472 2482
f 2322 2475 2315
f 2322 2483 2475
f 2484 2323 2324
f 2325 2485 2324
f 2324 2485 2484
f 2486 2485 2325
f 2316 2486 2325
f 2476 2486 2316
f 2326 2478 2317
f 2487 2479 2478
f 2326 2487 2478
f 2328 2487 2326
f 2488 2328 2330
f 2488 2487 2328
f 2330 2319 2480
f 2330 2480 2488
f 2331 2483 2322
f 2331 2489 2483
f 2491 2490 2333
f 2333 2490 2332
f 2333 2323 2484
f 2492 2333 2484
f 2491 2333 2492
f 2492 2484 2485
f 2492 2485 2493
f 2493 2485 2486
f 2335 2489 2331
f 2335 2494 2489
f 2496 2495 2337
f 2337 2495 2336
f 2337 2332 2490
f 2337 2490 2496
f 2497 2494 2335
f 2497 2335 2338
f 2498 2338 2339
f 2498 2497 2338
f 2339 2341 2498
f 2498 2341 2499
f 2495 2342 2336
f 2500 2342 2495
f 2501 2499 2341
f 2501 2341 2343
f 2343 2344 2501
f 2501 2344 2502
f 2500 2345 2342
f 2503 2345 2500
f 2346 2502 2344
f 2346 2504 2502
f 2503 2348 2345
f 2505 2348 2503
f 2349 2504 2346
f 2349 2506 2504
f 2507 2350 2351
f 2352 2508 2351
f 2351 2508 2507
f 2509 2508 2352
f 2348 2509 2352
f 2505 2509 2348
f 2510 2506 2349
f 2510 2349 2353
f 2353 2354 2510
f 2510 2354 2511
f 2512 2355 2507
f 2507 2355 2350
f 2508 2514 2513
f 2512 2508 2513
f 2507 2508 2512
f 2514 2508 2509
f 2356 2511 2354
f 2356 2515 2511
f 2516 2357 2512
f 2512 2357 2355
f 2512 2513 2517
f 2512 2517 2516
f 2359 2515 2356
f 2359 2518 2515
f 2519 2360 2516
f 2516 2360 2357
f 2516 2517 2520
f 2516 2520 2519
f 2361 2518 2359
f 2361 2521 2518
f 2522 2362 2519
f 2519 2362 2360
f 2519 2520 2523
f 2519 2523 2522
f 2361 2363 2524
f 2525 2361 2524
f 2521 2361 2525
f 2365 2524 2363
f 2527 2526 2522
f 2526 2362 2522
f 2526 2366 2362
f 2527 2522 2523
f 2528 2525 2524
f 2524 2365 2528
f 2365 2529 2528
f 2365 2367 2529
f 2526 2368 2366
f 2530 2368 2526
f 2369 2529 2367
f 2369 2531 2529
f 2530 2532 2368
f 2368 2532 2370
f 2370 2533 2371
f 2532 2533 2370
f 2372 2371 2533
f 2372 2533 2534
f 2374 2531 2369
f 2374 2535 2531
f 2534 2375 2372
f 2536 2375 2534
f 2537 2535 2374
f 2537 2374 2377
f 2377 2379 2537
f 2537 2379 2538
f 2540 2539 2381
f 2381 2539 2380
f 2381 2375 2536
f 2381 2536 2540
f 2382 2538 2379
f 2382 2541 2538
f 2539 2383 2380
f 2542 2383 2539
f 2384 2541 2382
f 2384 2543 2541
f 2542 2385 2383
f 2544 2385 2542
f 2386 2543 2384
f 2386 2545 2543
f 2544 2387 2385
f 2546 2387 2544
f 2389 2547 2388
f 2547 2548 2388
f 2548 2386 2388
f 2548 2545 2386
f 2550 2391 2549
f 2391 2546 2549
f 2391 2387 2546
f 2551 2550 2549
f 2553 2552 2547
f 2389 2553 2547
f 2392 2553 2389
f 2547 2552 2548
f 2555 2554 2550
f 2554 2391 2550
f 2554 2393 2391
f 2555 2550 2551
f 2558 2557 2556
f 2557 2553 2556
f 2553 2394 2556
f 2553 2392 2394
f 2560 2395 2559
f 2395 2554 2559
f 2395 2393 2554
f 2561 2560 2559
f 2558 2556 2562
f 2558 2562 2563
f 2396 2562 2394
f 2394 2562 2556
f 2560 2397 2395
f 2561 2564 2560
f 2564 2397 2560
f 2564 2399 2397
f 2566 2565 2400
f 2399 2566 2400
f 2564 2566 2399
f 2567 2565 2566
f 2402 2568 2401
f 2569 2563 2562
f 2401 2569 2562
f 2403 2401 2562
f 2569 2401 2568
f 2403 2562 2396
f 2565 2404 2400
f 2405 2404 2565
f 2567 2405 2565
f 2570 2405 2567
f 2572 2571 2568
f 2402 2572 2568
f 2406 2572 2402
f 2568 2571 2569
f 2574 2407 2573
f 2407 2570 2573
f 2407 2405 2570
f 2576 2575 2574
f 2576 2574 2573
f 2578 2577 2575
f 2578 2575 2576
f 2408 2409 2577
f 2578 2408 2577
f 2579 2408 2578
f 2410 2408 2579
f 2410 2579 2580
f 2412 2572 2406
f 2412 2581 2572
f 2574 2413 2407
f 2413 2574 2414
f 2414 2574 2575
f 2414 2575 2415
f 2415 2575 2577
f 2415 2577 2409
f 2580 2582 2410
f 2410 2582 2416
f 2417 2416 2582
f 2417 2582 2583
f 2421 2581 2412
f 2421 2584 2581
f 2583 2585 2417
f 2417 2585 2422
f 2423 2422 2585
f 2423 2585 2586
f 2425 2587 2424
f 2588 2426 2424
f 2588 2424 2587
f 2589 2427 2426
f 2589 2426 2588
f 2589 2428 2427
f 2430 2584 2421
f 2430 2590 2584
f 2586 2591 2423
f 2423 2591 2431
f 2433 2431 2591
f 2433 2591 2592
f 2434 2593 2587
f 2434 2587 2425
f 2595 2588 2594
f 2588 2593 2594
f 2588 2587 2593
f 2597 2596 2595
f 2596 2588 2595
f 2596 2589 2588
f 2596 2436 2428
f 2596 2428 2589
f 2599 2598 2438
f 2599 2438 2437
f 2430 2438 2590
f 2590 2438 2598
f 2592 2600 2433
f 2433 2600 2439
f 2441 2439 2600
f 2441 2600 2601
f 2442 2602 2593
f 2442 2593 2434
f 2594 2593 2603
f 2603 2593 2602
f 2597 2604 2596
f 2596 2604 2436
f 2604 2443 2436
f 2604 2605 2443
f 2437 2443 2599
f 2599 2443 2605
f 2601 2606 2441
f 2441 2606 2444
f 2446 2444 2606
f 2446 2606 2607
f 2609 2608 2602
f 2442 2609 2602
f 2449 2609 2442
f 2602 2608 2603
f 2607 2610 2446
f 2446 2610 2450
f 2450 2611 2451
f 2610 2611 2450
f 2451 2612 2452
f 2611 2612 2451
f 2452 2613 2453
f 2612 2613 2452
f 2453 2614 2454
f 2613 2614 2453
f 2454 2615 2455
f 2614 2615 2454
f 2449 2455 2609
f 2609 2455 2615
f 2616 2457 2458
f 2459 2617 2458
f 2458 2617 2616
f 2460 2618 2459
f 2459 2618 2617
f 2618 2460 2619
f 2460 2620 2619
f 2460 2461 2620
f 2621 2461 2462
f 2621 2620 2461
f 2623 2621 2622
f 2621 2463 2622
f 2621 2462 2463
f 2464 2622 2463
f 2624 2467 2468
f 2625 2624 2468
f 2625 2468 2457
f 2626 2625 2457
f 2616 2626 2457
f 2626 2616 2617
f 2626 2617 2627
f 2627 2617 2618
f 2627 2618 2628
f 2628 2618 2619
f 2629 2623 2622
f 2629 2622 2464
f 2469 2629 2464
f 2630 2629 2469
f 2469 2471 2630
f 2630 2471 2631
f 2633 2632 2473
f 2473 2632 2472
f 2634 2473 2474
f 2634 2633 2473
f 2474 2475 2634
f 2634 2475 2635
f 2637 2636 2477
f 2477 2636 2476
f 2477 2467 2624
f 2638 2477 2624
f 2637 2477 2638
f 2638 2624 2625
f 2479 2631 2471
f 2479 2639 2631
f 2641 2640 2481
f 2481 2640 2480
f 2642 2481 2482
f 2642 2641 2481
f 2482 2472 2632
f 2482 2632 2642
f 2483 2635 2475
f 2483 2643 2635
f 2636 2486 2476
f 2644 2486 2636
f 2645 2639 2479
f 2645 2479 2487
f 2646 2487 2488
f 2646 2645 2487
f 2488 2480 2640
f 2488 2640 2646
f 2489 2643 2483
f 2489 2647 2643
f 2648 2490 2491
f 2492 2649 2491
f 2491 2649 2648
f 2493 2650 2492
f 2492 2650 2649
f 2651 2650 2493
f 2486 2651 2493
f 2644 2651 2486
f 2494 2647 2489
f 2494 2652 2647
f 2653 2495 2496
f 2490 2648 2496
f 2648 2653 2496
f 2648 2654 2653
f 2655 2648 2649
f 2654 2648 2655
f 2650 2657 2656
f 2655 2650 2656
f 2649 2650 2655
f 2657 2650 2651
f 2658 2652 2494
f 2658 2494 2497
f 2660 2658 2659
f 2658 2498 2659
f 2658 2497 2498
f 2499 2659 2498
f 2662 2661 2653
f 2661 2495 2653
f 2661 2500 2495
f 2662 2653 2654
f 2662 2654 2663
f 2663 2654 2655
f 2663 2655 2664
f 2664 2655 2656
f 2665 2660 2659
f 2667 2665 2666
f 2666 2665 2501
f 2665 2659 2501
f 2659 2499 2501
f 2502 2666 2501
f 2661 2503 2500
f 2668 2503 2661
f 2669 2667 2666
f 2666 2502 2669
f 2502 2670 2669
f 2502 2504 2670
f 2668 2505 2503
f 2671 2505 2668
f 2506 2673 2672
f 2670 2506 2672
f 2504 2506 2670
f 2673 2674 2672
f 2671 2509 2505
f 2675 2509 2671
f 2510 2673 2506
f 2510 2511 2673
f 2511 2674 2673
f 2511 2676 2674
f 2678 2677 2514
f 2514 2677 2513
f 2514 2509 2675
f 2514 2675 2678
f 2515 2676 2511
f 2515 2679 2676
f 2677 2517 2513
f 2680 2517 2677
f 2518 2679 2515
f 2518 2681 2679
f 2680 2520 2517
f 2682 2520 2680
f 2521 2681 2518
f 2521 2683 2681
f 2682 2523 2520
f 2684 2523 2682
f 2525 2683 2521
f 2525 2685 2683
f 2686 2526 2527
f 2687 2686 2527
f 2523 2687 2527
f 2684 2687 2523
f 2525 2528 2688
f 2689 2525 2688
f 2685 2525 2689
f 2529 2688 2528
f 2690 2530 2686
f 2686 2530 2526
f 2686 2687 2691
f 2686 2691 2690
f 2692 2689 2688
f 2688 2529 2692
f 2529 2693 2692
f 2529 2531 2693
f 2690 2532 2530
f 2691 2694 2690
f 2694 2532 2690
f 2694 2533 2532
f 2534 2533 2694
f 2534 2694 2695
f 2535 2693 2531
f 2535 2696 2693
f 2695 2536 2534
f 2697 2536 2695
f 2535 2537 2698
f 2699 2535 2698
f 2696 2535 2699
f 2538 2698 2537
f 2700 2539 2540
f 2701 2700 2540
f 2536 2701 2540
f 2697 2701 2536
f 2702 2699 2698
f 2698 2538 2702
f 2538 2703 2702
f 2538 2541 2703
f 2705 2704 2700
f 2704 2539 2700
f 2704 2542 2539
f 2705 2700 2701
f 2543 2703 2541
f 2543 2706 2703
f 2704 2544 2542
f 2707 2544 2704
f 2545 2706 2543
f 2545 2708 2706
f 2710 2546 2709
f 2546 2707 2709
f 2546 2544 2707
f 2711 2710 2709
f 2548 2708 2545
f 2548 2712 2708
f 2710 2549 2546
f 2551 2549 2710
f 2711 2551 2710
f 2713 2551 2711
f 2716 2715 2714
f 2552 2553 2714
f 2715 2552 2714
f 2717 2552 2715
f 2548 2552 2712
f 2712 2552 2717
f 2718 2554 2555
f 2719 2718 2555
f 2551 2719 2555
f 2713 2719 2551
f 2722 2721 2720
f 2720 2721 2716
f 2720 2716 2714
f 2558 2720 2714
f 2557 2558 2714
f 2557 2714 2553
f 2718 2559 2554
f 2724 2723 2561
f 2724 2561 2559
f 2719 2724 2559
f 2718 2719 2559
f 2725 2723 2724
f 2726 2722 2720
f 2720 2558 2726
f 2558 2727 2726
f 2558 2563 2727
f 2723 2564 2561
f 2725 2728 2723
f 2728 2564 2723
f 2728 2566 2564
f 2730 2729 2567
f 2566 2730 2567
f 2728 2730 2566
f 2731 2729 2730
f 2569 2727 2563
f 2569 2732 2727
f 2733 2570 2729
f 2729 2570 2567
f 2729 2731 2734
f 2735 2729 2734
f 2733 2729 2735
f 2737 2736 2735
f 2737 2735 2734
f 2738 2736 2737
f 2740 2739 2571
f 2740 2571 2572
f 2569 2571 2732
f 2732 2571 2739
f 2733 2573 2570
f 2573 2733 2576
f 2576 2733 2735
f 2576 2735 2578
f 2578 2735 2736
f 2738 2741 2736
f 2741 2578 2736
f 2741 2579 2578
f 2580 2579 2741
f 2580 2741 2742
f 2581 2740 2572
f 2581 2743 2740
f 2582 2580 2744
f 2580 2745 2744
f 2580 2742 2745
f 2744 2583 2582
f 2584 2743 2581
f 2584 2746 2743
f 2745 2747 2744
f 2747 2749 2748
f 2747 2748 2585
f 2744 2747 2585
f 2583 2744 2585
f 2748 2586 2585
f 2590 2746 2584
f 2590 2750 2746
f 2749 2751 2748
f 2748 2751 2586
f 2751 2591 2586
f 2751 2752 2591
f 2592 2591 2752
f 2592 2752 2753
f 2594 2754 2595
f 2754 2597 2595
f 2757 2756 2755
f 2598 2599 2755
f 2756 2598 2755
f 2758 2598 2756
f 2590 2598 2750
f 2750 2598 2758
f 2753 2759 2592
f 2592 2759 2600
f 2601 2600 2759
f 2601 2759 2760
f 2762 2761 2754
f 2594 2762 2754
f 2603 2762 2594
f 2754 2761 2597
f 2761 2604 2597
f 2761 2763 2604
f 2755 2605 2757
f 2605 2763 2757
f 2605 2604 2763
f 2605 2755 2599
f 2760 2764 2601
f 2601 2764 2606
f 2607 2606 2764
f 2607 2764 2765
f 2767 2766 2608
f 2767 2608 2609
f 2603 2608 2762
f 2762 2608 2766
f 2765 2768 2607
f 2607 2768 2610
f 2610 2769 2611
f 2768 2769 2610
f 2611 2770 2612
f 2769 2770 2611
f 2612 2771 2613
f 2770 2771 2612
f 2613 2772 2614
f 2771 2772 2613
f 2614 2773 2615
f 2772 2773 2614
f 2609 2615 2767
f 2767 2615 2773
f 2774 2619 2620
f 2621 2775 2620
f 2620 2775 2774
f 2623 2775 2621
f 2776 2625 2626
f 2627 2777 2626
f 2626 2777 2776
f 2777 2627 2778
f 2627 2779 2778
f 2627 2628 2779
f 2628 2619 2774
f 2780 2628 2774
f 2779 2628 2780
f 2780 2774 2775
f 2780 2775 2781
f 2783 2781 2782
f 2782 2781 2629
f 2781 2775 2629
f 2775 2623 2629
f 2630 2784 2629
f 2629 2784 2782
f 2631 2784 2630
f 2785 2632 2633
f 2634 2786 2633
f 2633 2786 2785
f 2635 2786 2634
f 2787 2636 2637
f 2787 2637 2788
f 2637 2789 2788
f 2637 2638 2789
f 2638 2625 2776
f 2790 2638 2776
f 2789 2638 2790
f 2790 2776 2777
f 2790 2777 2791
f 2791 2777 2778
f 2792 2783 2782
f 2792 2782 2784
f 2792 2784 2793
f 2784 2631 2793
f 2631 2794 2793
f 2631 2639 2794
f 2797 2796 2795
f 2640 2641 2798
f 2797 2795 2799
f 2642 2800 2641
f 2641 2800 2798
f 2632 2785 2642
f 2785 2800 2642
f 2785 2801 2800
f 2802 2785 2786
f 2801 2785 2802
f 2643 2802 2635
f 2635 2802 2786
f 2803 2644 2787
f 2787 2644 2636
f 2787 2788 2804
f 2787 2804 2803
f 2805 2794 2639
f 2805 2639 2645
f 2646 2795 2796
f 2805 2646 2796
f 2645 2646 2805
f 2646 2799 2795
f 2646 2806 2799
f 2646 2640 2798
f 2806 2646 2798
f 2806 2798 2800
f 2806 2800 2807
f 2807 2800 2801
f 2807 2801 2808
f 2808 2801 2802
f 2808 2802 2809
f 2802 2643 2809
f 2643 2810 2809
f 2643 2647 2810
f 2812 2811 2803
f 2811 2644 2803
f 2811 2651 2644
f 2812 2803 2804
f 2652 2810 2647
f 2652 2813 2810
f 2814 2656 2657
f 2815 2814 2657
f 2651 2815 2657
f 2811 2815 2651
f 2816 2813 2652
f 2816 2652 2658
f 2658 2660 2816
f 2816 2660 2817
f 2818 2661 2662
f 2663 2819 2662
f 2662 2819 2818
f 2819 2663 2820
f 2663 2821 2820
f 2663 2664 2821
f 2664 2656 2814
f 2822 2664 2814
f 2821 2664 2822
f 2822 2814 2815
f 2823 2817 2660
f 2823 2660 2665
f 2665 2667 2823
f 2823 2667 2824
f 2826 2825 2818
f 2825 2661 2818
f 2825 2668 2661
f 2826 2818 2819
f 2826 2819 2827
f 2827 2819 2820
f 2828 2824 2667
f 2828 2667 2669
f 2669 2670 2828
f 2828 2670 2829
f 2825 2671 2668
f 2830 2671 2825
f 2670 2672 2831
f 2832 2670 2831
f 2829 2670 2832
f 2674 2831 2672
f 2830 2675 2671
f 2833 2675 2830
f 2832 2831 2834
f 2832 2834 2835
f 2676 2834 2674
f 2674 2834 2831
f 2837 2836 2678
f 2678 2836 2677
f 2678 2675 2833
f 2678 2833 2837
f 2838 2835 2834
f 2834 2676 2838
f 2676 2839 2838
f 2676 2679 2839
f 2836 2680 2677
f 2840 2680 2836
f 2681 2839 2679
f 2681 2841 2839
f 2840 2682 2680
f 2842 2682 2840
f 2683 2841 2681
f 2683 2843 2841
f 2845 2684 2844
f 2684 2842 2844
f 2684 2682 2842
f 2846 2845 2844
f 2685 2843 2683
f 2685 2847 2843
f 2848 2687 2845
f 2845 2687 2684
f 2845 2846 2849
f 2845 2849 2848
f 2689 2847 2685
f 2689 2850 2847
f 2851 2691 2848
f 2848 2691 2687
f 2848 2849 2852
f 2848 2852 2851
f 2689 2692 2853
f 2854 2689 2853
f 2850 2689 2854
f 2693 2853 2692
f 2851 2694 2691
f 2695 2694 2851
f 2852 2695 2851
f 2855 2695 2852
f 2854 2853 2856
f 2854 2856 2857
f 2696 2856 2693
f 2693 2856 2853
f 2855 2697 2695
f 2858 2697 2855
f 2859 2857 2856
f 2856 2696 2859
f 2696 2860 2859
f 2696 2699 2860
f 2858 2701 2697
f 2861 2701 2858
f 2699 2702 2862
f 2863 2699 2862
f 2860 2699 2863
f 2703 2862 2702
f 2864 2704 2705
f 2865 2864 2705
f 2701 2865 2705
f 2861 2865 2701
f 2863 2862 2866
f 2863 2866 2867
f 2706 2866 2703
f 2703 2866 2862
f 2868 2707 2864
f 2864 2707 2704
f 2864 2865 2869
f 2864 2869 2868
f 2867 2866 2870
f 2867 2870 2871
f 2708 2870 2706
f 2706 2870 2866
f 2868 2709 2707
f 2711 2709 2868
f 2869 2711 2868
f 2872 2711 2869
f 2871 2870 2873
f 2871 2873 2874
f 2712 2873 2708
f 2708 2873 2870
f 2876 2713 2875
f 2713 2872 2875
f 2713 2711 2872
f 2877 2876 2875
f 2880 2879 2878
f 2715 2716 2878
f 2879 2715 2878
f 2881 2715 2879
f 2873 2717 2874
f 2717 2881 2874
f 2717 2715 2881
f 2717 2873 2712
f 2882 2719 2876
f 2876 2719 2713
f 2876 2877 2883
f 2884 2876 2883
f 2882 2876 2884
f 2885 2884 2883
f 2880 2878 2721
f 2722 2880 2721
f 2886 2880 2722
f 2721 2878 2716
f 2882 2724 2719
f 2724 2882 2725
f 2882 2887 2725
f 2882 2884 2887
f 2884 2885 2888
f 2889 2884 2888
f 2887 2884 2889
f 2891 2890 2889
f 2891 2889 2888
f 2893 2892 2890
f 2893 2890 2891
f 2894 2892 2893
f 2722 2726 2895
f 2896 2722 2895
f 2886 2722 2896
f 2727 2895 2726
f 2887 2728 2725
f 2728 2887 2730
f 2730 2887 2889
f 2730 2889 2731
f 2889 2897 2731
f 2889 2890 2897
f 2898 2890 2892
f 2897 2890 2898
f 2892 2894 2899
f 2892 2899 2898
f 2896 2895 2900
f 2896 2900 2901
f 2732 2900 2727
f 2727 2900 2895
f 2897 2734 2731
f 2734 2897 2737
f 2737 2897 2898
f 2903 2902 2738
f 2903 2738 2737
f 2899 2903 2737
f 2898 2899 2737
f 2904 2902 2903
f 2901 2900 2739
f 2740 2901 2739
f 2905 2901 2740
f 2739 2900 2732
f 2902 2741 2738
f 2742 2741 2902
f 2904 2742 2902
f 2906 2742 2904
f 2909 2908 2907
f 2908 2905 2907
f 2905 2743 2907
f 2905 2740 2743
f 2911 2745 2910
f 2745 2906 2910
f 2745 2742 2906
f 2912 2911 2910
f 2909 2907 2913
f 2909 2913 2914
f 2746 2913 2743
f 2743 2913 2907
f 2911 2747 2745
f 2916 2915 2749
f 2916 2749 2747
f 2912 2916 2747
f 2911 2912 2747
f 2917 2915 2916
f 2914 2913 2918
f 2914 2918 2919
f 2750 2918 2746
f 2746 2918 2913
f 2915 2751 2749
f 2917 2920 2915
f 2920 2751 2915
f 2920 2752 2751
f 2753 2752 2920
f 2753 2920 2921
f 2923 2922 2756
f 2923 2756 2757
f 2918 2758 2919
f 2758 2922 2919
f 2758 2756 2922
f 2758 2918 2750
f 2921 2924 2753
f 2753 2924 2759
f 2760 2759 2924
f 2760 2924 2925
f 2927 2926 2761
f 2927 2761 2762
f 2761 2928 2763
f 2926 2928 2761
f 2757 2763 2923
f 2923 2763 2928
f 2925 2929 2760
f 2760 2929 2764
f 2931 2930 2765
f 2764 2931 2765
f 2929 2931 2764
f 2933 2932 2930
f 2933 2930 2931
f 2934 2932 2933
f 2936 2935 2766
f 2936 2766 2767
f 2762 2766 2927
f 2927 2766 2935
f 2930 2768 2765
f 2768 2930 2769
f 2769 2930 2932
f 2934 2937 2932
f 2937 2769 2932
f 2937 2770 2769
f 2770 2938 2771
f 2937 2938 2770
f 2771 2939 2772
f 2938 2939 2771
f 2772 2940 2773
f 2939 2940 2772
f 2767 2773 2936
f 2936 2773 2940
f 2941 2778 2779
f 2941 2779 2942
f 2779 2943 2942
f 2779 2780 2943
f 2945 2943 2944
f 2943 2781 2944
f 2943 2780 2781
f 2783 2944 2781
f 2946 2788 2789
f 2790 2947 2789
f 2789 2947 2946
f 2791 2948 2790
f 2790 2948 2947
f 2949 2948 2791
f 2949 2791 2778
f 2950 2949 2778
f 2941 2950 2778
f 2950 2941 2942
f 2951 2945 2944
f 2951 2944 2783
f 2792 2951 2783
f 2952 2951 2792
f 2953 2792 2793
f 2953 2952 2792
f 2793 2794 2953
f 2953 2794 2954
f 2956 2955 2797
f 2797 2955 2796
f 2797 2799 2956
f 2956 2799 2957
f 2958 2804 2946
f 2946 2804 2788
f 2959 2946 2947
f 2958 2946 2959
f 2948 2961 2960
f 2959 2948 2960
f 2947 2948 2959
f 2961 2948 2949
f 2962 2954 2794
f 2962 2794 2805
f 2805 2796 2955
f 2805 2955 2962
f 2963 2957 2799
f 2963 2799 2806
f 2964 2806 2807
f 2964 2963 2806
f 2965 2807 2808
f 2965 2964 2807
f 2967 2965 2966
f 2965 2809 2966
f 2965 2808 2809
f 2810 2966 2809
f 2968 2811 2812
f 2804 2958 2812
f 2958 2968 2812
f 2958 2969 2968
f 2970 2958 2959
f 2969 2958 2970
f 2959 2960 2971
f 2959 2971 2970
f 2972 2967 2966
f 2966 2810 2972
f 2810 2973 2972
f 2810 2813 2973
f 2974 2815 2968
f 2968 2815 2811
f 2969 2976 2975
f 2974 2969 2975
f 2968 2969 2974
f 2976 2969 2970
f 2976 2970 2977
f 2977 2970 2971
f 2813 2816 2978
f 2979 2813 2978
f 2973 2813 2979
f 2817 2978 2816
f 2980 2820 2821
f 2980 2821 2981
f 2821 2982 2981
f 2821 2822 2982
f 2822 2815 2974
f 2983 2822 2974
f 2982 2822 2983
f 2983 2974 2975
f 2984 2979 2978
f 2986 2984 2985
f 2985 2984 2823
f 2984 2978 2823
f 2978 2817 2823
f 2824 2985 2823
f 2987 2825 2826
f 2827 2988 2826
f 2826 2988 2987
f 2989 2988 2827
f 2989 2827 2820
f 2990 2989 2820
f 2980 2990 2820
f 2990 2980 2981
f 2991 2986 2985
f 2991 2985 2824
f 2828 2991 2824
f 2992 2991 2828
f 2828 2829 2992
f 2992 2829 2993
f 2995 2994 2987
f 2994 2825 2987
f 2994 2830 2825
f 2997 2996 2995
f 2987 2997 2995
f 2988 2997 2987
f 2988 2989 2998
f 2988 2998 2997
f 2832 2993 2829
f 2832 2999 2993
f 2994 2833 2830
f 3000 2833 2994
f 3001 2996 2997
f 3001 2997 2998
f 2835 2999 2832
f 2835 3002 2999
f 3003 2836 2837
f 3004 3003 2837
f 2833 3004 2837
f 3000 3004 2833
f 3005 3002 2835
f 3005 2835 2838
f 2838 2839 3005
f 3005 2839 3006
f 3007 2840 3003
f 3003 2840 2836
f 3003 3004 3008
f 3009 3003 3008
f 3007 3003 3009
f 3010 3009 3008
f 2841 3006 2839
f 2841 3011 3006
f 3012 2842 3007
f 3007 2842 2840
f 3013 3007 3009
f 3012 3007 3013
f 3009 3010 3014
f 3009 3014 3013
f 2843 3011 2841
f 2843 3015 3011
f 3012 2844 2842
f 2844 3012 2846
f 3012 3016 2846
f 3012 3013 3016
f 3013 3014 3017
f 3013 3017 3016
f 2847 3015 2843
f 2847 3018 3015
f 3019 2849 3016
f 3016 2849 2846
f 3016 3017 3020
f 3016 3020 3019
f 2850 3018 2847
f 2850 3021 3018
f 3023 3022 3019
f 3022 2849 3019
f 3022 2852 2849
f 3023 3019 3020
f 2854 3021 2850
f 2854 3024 3021
f 3022 2855 2852
f 3025 2855 3022
f 2857 3024 2854
f 2857 3026 3024
f 3025 2858 2855
f 3027 2858 3025
f 3028 3026 2857
f 3028 2857 2859
f 2859 2860 3028
f 3028 2860 3029
f 3031 2861 3030
f 2861 3027 3030
f 2861 2858 3027
f 3032 3031 3030
f 3035 3034 3033
f 3034 3029 3033
f 3029 2863 3033
f 3029 2860 2863
f 3036 2865 3031
f 3031 2865 2861
f 3031 3032 3037
f 3031 3037 3036
f 3035 3033 3038
f 3035 3038 3039
f 2867 3038 2863
f 2863 3038 3033
f 3040 2869 3036
f 3036 2869 2865
f 3036 3037 3041
f 3036 3041 3040
f 3039 3038 3042
f 3039 3042 3043
f 2871 3042 2867
f 2867 3042 3038
f 3044 2872 3040
f 3040 2872 2869
f 3040 3041 3045
f 3046 3040 3045
f 3044 3040 3046
f 3047 3046 3045
f 3043 3042 3048
f 3043 3048 3049
f 2874 3048 2871
f 2871 3048 3042
f 3044 2875 2872
f 2875 3044 2877
f 3044 3050 2877
f 3044 3046 3050
f 3046 3047 3051
f 3052 3046 3051
f 3050 3046 3052
f 3053 3052 3051
f 3055 3054 2879
f 3055 2879 2880
f 3048 2881 3049
f 2881 3054 3049
f 2881 2879 3054
f 2881 3048 2874
f 3050 2883 2877
f 2883 3050 2885
f 3050 3056 2885
f 3050 3052 3056
f 3052 3053 3057
f 3058 3052 3057
f 3056 3052 3058
f 3059 3058 3057
f 2886 3055 2880
f 2886 3060 3055
f 3056 2888 2885
f 2888 3056 2891
f 2891 3056 3058
f 3059 3061 3058
f 3061 2891 3058
f 3061 2893 2891
f 3063 3062 2894
f 2893 3063 2894
f 3061 3063 2893
f 3064 3062 3063
f 2896 3060 2886
f 2896 3065 3060
f 3066 2899 3062
f 3062 2899 2894
f 3062 3064 3067
f 3062 3067 3066
f 2901 3065 2896
f 2901 3068 3065
f 3066 2903 2899
f 2904 2903 3066
f 3067 2904 3066
f 3069 2904 3067
f 2905 3068 2901
f 2905 3070 3068
f 3069 2906 2904
f 3071 2906 3069
f 3073 3072 2908
f 3073 2908 2909
f 2905 2908 3070
f 3070 2908 3072
f 3071 3074 2906
f 2906 3074 2910
f 3076 3075 2912
f 2910 3076 2912
f 3074 3076 2910
f 3077 3075 3076
f 2914 3073 2909
f 2914 3078 3073
f 3075 2916 2912
f 2917 2916 3075
f 3077 2917 3075
f 3079 2917 3077
f 2919 3078 2914
f 2919 3080 3078
f 3079 3081 2917
f 2917 3081 2920
f 3083 3082 2921
f 2920 3083 2921
f 3081 3083 2920
f 3084 3082 3083
f 3086 3085 2922
f 3086 2922 2923
f 2919 2922 3080
f 3080 2922 3085
f 3082 2924 2921
f 3088 3087 2925
f 3088 2925 2924
f 3084 3088 2924
f 3082 3084 2924
f 3089 3087 3088
f 3091 3090 2926
f 3091 2926 2927
f 2926 3092 2928
f 3090 3092 2926
f 2923 2928 3086
f 3086 2928 3092
f 3087 2929 2925
f 3089 3093 3087
f 3093 2929 3087
f 3093 2931 2929
f 2931 3094 2933
f 3093 3094 2931
f 2934 2933 3094
f 2934 3094 3095
f 3097 3096 2935
f 3097 2935 2936
f 2927 2935 3091
f 3091 2935 3096
f 3095 3098 2934
f 2934 3098 2937
f 2937 3099 2938
f 3098 3099 2937
f 2938 3100 2939
f 3099 3100 2938
f 2939 3101 2940
f 3100 3101 2939
f 2936 2940 3097
f 3097 2940 3101
f 3102 2942 2943
f 2945 3102 2943
f 3103 2949 2950
f 3104 3103 2950
f 3104 2950 2942
f 3105 3104 2942
f 3102 3105 2942
f 3105 3102 2945
f 2951 3105 2945
f 3106 3105 2951
f 3108 3106 3107
f 3106 2952 3107
f 3106 2951 2952
f 2953 3109 2952
f 2952 3109 3107
f 2954 3109 2953
f 3110 2955 2956
f 2957 3110 2956
f 3111 2960 2961
f 2949 3103 2961
f 3103 3111 2961
f 3103 3112 3111
f 3103 3104 3113
f 3103 3113 3112
f 3114 3108 3107
f 3114 3107 3109
f 3114 3109 3115
f 3115 3109 2954
f 2962 3115 2954
f 3116 3115 2962
f 2962 2955 3110
f 3117 2962 3110
f 3116 2962 3117
f 3119 3117 3118
f 3118 3117 2963
f 3117 3110 2963
f 3110 2957 2963
f 2964 3120 2963
f 2963 3120 3118
f 2965 3121 2964
f 2964 3121 3120
f 2967 3121 2965
f 3122 2971 3111
f 3111 2971 2960
f 3112 3124 3123
f 3122 3112 3123
f 3111 3112 3122
f 3124 3112 3113
f 3125 3119 3118
f 3125 3118 3120
f 3125 3120 3126
f 3126 3120 3121
f 3126 3121 3127
f 3129 3127 3128
f 3128 3127 2972
f 3127 3121 2972
f 3121 2967 2972
f 2973 3128 2972
f 3130 2975 2976
f 2977 3131 2976
f 2976 3131 3130
f 3132 3131 2977
f 3132 2977 2971
f 3133 3132 2971
f 3122 3133 2971
f 3133 3122 3123
f 3129 3128 3134
f 3129 3134 3135
f 2979 3134 2973
f 2973 3134 3128
f 3136 2981 2982
f 3136 2982 3137
f 2982 3138 3137
f 2982 2983 3138
f 2983 2975 3130
f 3139 2983 3130
f 3138 2983 3139
f 3139 3130 3131
f 3139 3131 3140
f 3140 3131 3132
f 3141 3135 3134
f 3141 3134 2979
f 2984 3141 2979
f 3142 3141 2984
f 2984 2986 3142
f 3142 2986 3143
f 3145 3144 2990
f 2990 3144 2989
f 2990 2981 3136
f 3146 2990 3136
f 3145 2990 3146
f 3146 3136 3137
f 3147 3143 2986
f 3147 2986 2991
f 3149 3147 3148
f 3147 2992 3148
f 3147 2991 2992
f 2993 3148 2992
f 3150 2994 2995
f 2996 3150 2995
f 3144 2998 2989
f 3151 2998 3144
f 3152 3149 3148
f 3148 2993 3152
f 2993 3153 3152
f 2993 2999 3153
f 3154 3000 3150
f 3150 3000 2994
f 3001 3155 2996
f 3155 3150 2996
f 3155 3154 3150
f 3156 3155 3001
f 2998 3156 3001
f 3151 3156 2998
f 3002 3153 2999
f 3002 3157 3153
f 3158 3004 3154
f 3154 3004 3000
f 3159 3154 3155
f 3158 3154 3159
f 3155 3156 3160
f 3155 3160 3159
f 3002 3005 3161
f 3162 3002 3161
f 3157 3002 3162
f 3006 3161 3005
f 3158 3008 3004
f 3158 3159 3163
f 3010 3158 3163
f 3164 3010 3163
f 3158 3010 3008
f 3163 3159 3160
f 3165 3162 3161
f 3161 3006 3165
f 3006 3166 3165
f 3006 3011 3166
f 3164 3014 3010
f 3167 3014 3164
f 3015 3166 3011
f 3015 3168 3166
f 3167 3017 3014
f 3169 3017 3167
f 3018 3168 3015
f 3018 3170 3168
f 3169 3020 3017
f 3171 3020 3169
f 3021 3170 3018
f 3021 3172 3170
f 3173 3022 3023
f 3174 3173 3023
f 3020 3174 3023
f 3171 3174 3020
f 3024 3172 3021
f 3024 3175 3172
f 3176 3025 3173
f 3173 3025 3022
f 3173 3174 3177
f 3173 3177 3176
f 3026 3175 3024
f 3026 3178 3175
f 3179 3027 3176
f 3176 3027 3025
f 3176 3177 3180
f 3176 3180 3179
f 3181 3178 3026
f 3181 3026 3028
f 3028 3029 3181
f 3181 3029 3182
f 3179 3030 3027
f 3184 3183 3032
f 3184 3032 3030
f 3180 3184 3030
f 3179 3180 3030
f 3185 3183 3184
f 3035 3186 3034
f 3186 3187 3034
f 3187 3029 3034
f 3187 3182 3029
f 3188 3037 3183
f 3183 3037 3032
f 3183 3185 3189
f 3183 3189 3188
f 3191 3190 3186
f 3035 3191 3186
f 3039 3191 3035
f 3186 3190 3187
f 3192 3041 3188
f 3188 3041 3037
f 3188 3189 3193
f 3188 3193 3192
f 3196 3195 3194
f 3195 3191 3194
f 3191 3043 3194
f 3191 3039 3043
f 3192 3045 3041
f 3047 3045 3192
f 3193 3047 3192
f 3197 3047 3193
f 3196 3194 3198
f 3196 3198 3199
f 3049 3198 3043
f 3043 3198 3194
f 3197 3200 3047
f 3047 3200 3051
f 3202 3201 3053
f 3051 3202 3053
f 3200 3202 3051
f 3203 3201 3202
f 3199 3198 3054
f 3055 3199 3054
f 3204 3199 3055
f 3054 3198 3049
f 3201 3057 3053
f 3206 3205 3059
f 3206 3059 3057
f 3203 3206 3057
f 3201 3203 3057
f 3207 3205 3206
f 3060 3204 3055
f 3060 3208 3204
f 3205 3061 3059
f 3207 3209 3205
f 3209 3061 3205
f 3209 3063 3061
f 3064 3063 3209
f 3064 3209 3210
f 3065 3208 3060
f 3065 3211 3208
f 3210 3067 3064
f 3212 3067 3210
f 3068 3211 3065
f 3068 3213 3211
f 3212 3069 3067
f 3214 3069 3212
f 3070 3213 3068
f 3070 3215 3213
f 3214 3071 3069
f 3216 3071 3214
f 3218 3217 3072
f 3218 3072 3073
f 3070 3072 3215
f 3215 3072 3217
f 3216 3219 3071
f 3071 3219 3074
f 3074 3220 3076
f 3219 3220 3074
f 3077 3076 3220
f 3077 3220 3221
f 3078 3218 3073
f 3078 3222 3218
f 3224 3079 3223
f 3079 3221 3223
f 3079 3077 3221
f 3226 3225 3224
f 3226 3224 3223
f 3227 3225 3226
f 3230 3229 3228
f 3229 3222 3228
f 3222 3080 3228
f 3222 3078 3080
f 3224 3081 3079
f 3081 3224 3083
f 3083 3224 3225
f 3084 3083 3225
f 3227 3084 3225
f 3231 3084 3227
f 3230 3228 3085
f 3086 3230 3085
f 3232 3230 3086
f 3085 3228 3080
f 3231 3233 3084
f 3084 3233 3088
f 3235 3234 3089
f 3088 3235 3089
f 3233 3235 3088
f 3236 3234 3235
f 3238 3237 3090
f 3238 3090 3091
f 3090 3239 3092
f 3237 3239 3090
f 3086 3092 3232
f 3232 3092 3239
f 3234 3093 3089
f 3236 3240 3234
f 3240 3093 3234
f 3240 3094 3093
f 3242 3241 3095
f 3094 3242 3095
f 3240 3242 3094
f 3244 3243 3241
f 3244 3241 3242
f 3245 3243 3244
f 3247 3246 3096
f 3247 3096 3097
f 3091 3096 3238
f 3238 3096 3246
f 3241 3098 3095
f 3098 3241 3099
f 3099 3241 3243
f 3245 3248 3243
f 3248 3099 3243
f 3248 3100 3099
f 3100 3249 3101
f 3248 3249 3100
f 3097 3101 3247
f 3247 3101 3249
f 3250 3104 3105
f 3106 3251 3105
f 3105 3251 3250
f 3108 3251 3106
f 3253 3252 3250
f 3252 3104 3250
f 3252 3113 3104
f 3253 3250 3251
f 3253 3251 3254
f 3254 3251 3108
f 3114 3254 3108
f 3255 3254 3114
f 3256 3114 3115
f 3256 3255 3114
f 3258 3256 3257
f 3256 3116 3257
f 3256 3115 3116
f 3117 3259 3116
f 3116 3259 3257
f 3119 3259 3117
f 3260 3123 3124
f 3261 3260 3124
f 3113 3261 3124
f 3252 3261 3113
f 3262 3258 3257
f 3262 3257 3259
f 3262 3259 3263
f 3265 3263 3264
f 3264 3263 3125
f 3263 3259 3125
f 3259 3119 3125
f 3126 3266 3125
f 3125 3266 3264
f 3127 3267 3126
f 3126 3267 3266
f 3129 3267 3127
f 3268 3132 3133
f 3123 3260 3133
f 3260 3268 3133
f 3260 3269 3268
f 3260 3261 3270
f 3260 3270 3269
f 3271 3265 3264
f 3271 3264 3266
f 3271 3266 3272
f 3272 3266 3267
f 3272 3267 3273
f 3267 3129 3273
f 3129 3274 3273
f 3129 3135 3274
f 3275 3137 3138
f 3139 3276 3138
f 3138 3276 3275
f 3140 3277 3139
f 3139 3277 3276
f 3132 3268 3140
f 3268 3277 3140
f 3268 3278 3277
f 3269 3280 3279
f 3278 3269 3279
f 3268 3269 3278
f 3280 3269 3270
f 3281 3274 3135
f 3281 3135 3141
f 3283 3281 3282
f 3281 3142 3282
f 3281 3141 3142
f 3143 3282 3142
f 3284 3144 3145
f 3146 3285 3145
f 3145 3285 3284
f 3137 3275 3146
f 3275 3285 3146
f 3275 3286 3285
f 3287 3275 3276
f 3286 3275 3287
f 3288 3276 3277
f 3287 3276 3288
f 3289 3277 3278
f 3288 3277 3289
f 3278 3279 3290
f 3278 3290 3289
f 3291 3283 3282
f 3293 3291 3292
f 3292 3291 3147
f 3291 3282 3147
f 3282 3143 3147
f 3149 3292 3147
f 3294 3151 3284
f 3284 3151 3144
f 3285 3296 3295
f 3294 3285 3295
f 3284 3285 3294
f 3296 3285 3286
f 3296 3286 3297
f 3297 3286 3287
f 3297 3287 3298
f 3298 3287 3288
f 3298 3288 3299
f 3299 3288 3289
f 3299 3289 3300
f 3300 3289 3290
f 3301 3293 3292
f 3301 3292 3149
f 3152 3301 3149
f 3302 3301 3152
f 3152 3153 3302
f 3302 3153 3303
f 3304 3156 3294
f 3294 3156 3151
f 3294 3295 3305
f 3294 3305 3304
f 3157 3303 3153
f 3157 3306 3303
f 3307 3160 3304
f 3304 3160 3156
f 3304 3305 3308
f 3309 3304 3308
f 3307 3304 3309
f 3310 3309 3308
f 3162 3306 3157
f 3162 3311 3306
f 3312 3164 3163
f 3160 3307 3163
f 3307 3312 3163
f 3307 3313 3312
f 3314 3307 3309
f 3313 3307 3314
f 3309 3310 3315
f 3309 3315 3314
f 3162 3165 3316
f 3317 3162 3316
f 3311 3162 3317
f 3166 3316 3165
f 3318 3167 3312
f 3312 3167 3164
f 3319 3312 3313
f 3318 3312 3319
f 3314 3321 3320
f 3319 3314 3320
f 3313 3314 3319
f 3321 3314 3315
f 3322 3317 3316
f 3316 3166 3322
f 3166 3323 3322
f 3166 3168 3323
f 3324 3169 3318
f 3318 3169 3167
f 3325 3318 3319
f 3324 3318 3325
f 3319 3320 3326
f 3319 3326 3325
f 3170 3323 3168
f 3170 3327 3323
f 3328 3171 3324
f 3324 3171 3169
f 3329 3324 3325
f 3328 3324 3329
f 3325 3326 3330
f 3325 3330 3329
f 3172 3327 3170
f 3172 3331 3327
f 3332 3174 3328
f 3328 3174 3171
f 3329 3334 3333
f 3332 3329 3333
f 3328 3329 3332
f 3334 3329 3330
f 3175 3331 3172
f 3175 3335 3331
f 3336 3177 3332
f 3332 3177 3174
f 3332 3333 3337
f 3332 3337 3336
f 3178 3335 3175
f 3178 3338 3335
f 3339 3180 3336
f 3336 3180 3177
f 3336 3337 3340
f 3336 3340 3339
f 3341 3338 3178
f 3341 3178 3181
f 3181 3182 3341
f 3341 3182 3342
f 3339 3184 3180
f 3185 3184 3339
f 3340 3185 3339
f 3343 3185 3340
f 3346 3345 3344
f 3345 3342 3344
f 3342 3187 3344
f 3342 3182 3187
f 3343 3189 3185
f 3347 3189 3343
f 3350 3349 3348
f 3348 3349 3346
f 3348 3346 3344
f 3191 3348 3344
f 3190 3191 3344
f 3190 3344 3187
f 3352 3193 3351
f 3193 3347 3351
f 3193 3189 3347
f 3353 3352 3351
f 3356 3355 3354
f 3354 3355 3350
f 3354 3350 3348
f 3196 3354 3348
f 3195 3196 3348
f 3195 3348 3191
f 3357 3197 3352
f 3352 3197 3193
f 3352 3353 3358
f 3352 3358 3357
f 3356 3354 3359
f 3356 3359 3360
f 3199 3359 3196
f 3196 3359 3354
f 3357 3200 3197
f 3358 3361 3357
f 3361 3200 3357
f 3361 3202 3200
f 3203 3202 3361
f 3203 3361 3362
f 3363 3360 3359
f 3359 3199 3363
f 3199 3364 3363
f 3199 3204 3364
f 3362 3365 3203
f 3203 3365 3206
f 3207 3206 3365
f 3207 3365 3366
f 3208 3364 3204
f 3208 3367 3364
f 3366 3368 3207
f 3207 3368 3209
f 3210 3209 3368
f 3210 3368 3369
f 3211 3367 3208
f 3211 3370 3367
f 3369 3212 3210
f 3371 3212 3369
f 3213 3370 3211
f 3213 3372 3370
f 3371 3214 3212
f 3373 3214 3371
f 3215 3372 3213
f 3215 3374 3372
f 3376 3216 3375
f 3216 3373 3375
f 3216 3214 3373
f 3377 3376 3375
f 3380 3379 3378
f 3217 3218 3378
f 3379 3217 3378
f 3381 3217 3379
f 3215 3217 3374
f 3374 3217 3381
f 3376 3219 3216
f 3377 3382 3376
f 3382 3219 3376
f 3382 3220 3219
f 3221 3220 3382
f 3221 3382 3383
f 3380 3378 3384
f 3380 3384 3385
f 3222 3384 3218
f 3218 3384 3378
f 3383 3386 3221
f 3221 3386 3223
f 3223 3387 3226
f 3386 3387 3223
f 3227 3226 3387
f 3227 3387 3388
f 3385 3384 3229
f 3230 3385 3229
f 3389 3385 3230
f 3229 3384 3222
f 3388 3231 3227
f 3390 3231 3388
f 3393 3392 3391
f 3395 3394 3391
f 3395 3391 3392
f 3395 3389 3394
f 3389 3232 3394
f 3389 3230 3232
f 3390 3396 3231
f 3231 3396 3233
f 3233 3397 3235
f 3396 3397 3233
f 3399 3398 3236
f 3235 3399 3236
f 3397 3399 3235
f 3401 3400 3398
f 3401 3398 3399
f 3403 3402 3400
f 3403 3400 3401
f 3404 3402 3403
f 3407 3406 3405
f 3405 3406 3393
f 3405 3393 3391
f 3238 3405 3391
f 3237 3238 3391
f 3237 3391 3239
f 3239 3391 3394
f 3239 3394 3232
f 3398 3240 3236
f 3240 3398 3242
f 3242 3398 3400
f 3242 3400 3244
f 3244 3400 3402
f 3409 3408 3245
f 3409 3245 3244
f 3404 3409 3244
f 3402 3404 3244
f 3411 3410 3408
f 3411 3408 3409
f 3410 3411 3407
f 3410 3407 3405
f 3247 3410 3405
f 3246 3247 3405
f 3246 3405 3238
f 3408 3248 3245
f 3248 3408 3249
f 3249 3408 3410
f 3249 3410 3247
f 3412 3252 3253
f 3254 3413 3253
f 3253 3413 3412
f 3255 3414 3254
f 3254 3414 3413
f 3256 3415 3255
f 3255 3415 3414
f 3258 3415 3256
f 3416 3261 3412
f 3412 3261 3252
f 3417 3412 3413
f 3416 3412 3417
f 3418 3413 3414
f 3417 3413 3418
f 3419 3414 3415
f 3418 3414 3419
f 3262 3420 3258
f 3420 3415 3258
f 3420 3419 3415
f 3263 3421 3262
f 3262 3421 3420
f 3265 3421 3263
f 3422 3270 3416
f 3416 3270 3261
f 3417 3424 3423
f 3422 3417 3423
f 3416 3417 3422
f 3424 3417 3418
f 3424 3418 3425
f 3425 3418 3419
f 3425 3419 3426
f 3428 3427 3426
f 3419 3428 3426
f 3420 3428 3419
f 3421 3430 3429
f 3428 3421 3429
f 3420 3421 3428
f 3432 3430 3431
f 3431 3430 3271
f 3430 3421 3271
f 3421 3265 3271
f 3272 3433 3271
f 3271 3433 3431
f 3273 3434 3272
f 3272 3434 3433
f 3274 3434 3273
f 3435 3279 3280
f 3436 3435 3280
f 3436 3280 3270
f 3437 3436 3270
f 3422 3437 3270
f 3437 3422 3423
f 3438 3427 3428
f 3438 3428 3429
f 3439 3432 3431
f 3439 3431 3433
f 3439 3433 3440
f 3440 3433 3434
f 3440 3434 3441
f 3441 3434 3274
f 3281 3441 3274
f 3442 3441 3281
f 3281 3283 3442
f 3442 3283 3443
f 3444 3290 3435
f 3435 3290 3279
f 3435 3436 3445
f 3435 3445 3444
f 3446 3443 3283
f 3446 3283 3291
f 3291 3293 3446
f 3446 3293 3447
f 3448 3295 3296
f 3297 3449 3296
f 3296 3449 3448
f 3298 3450 3297
f 3297 3450 3449
f 3299 3451 3298
f 3298 3451 3450
f 3300 3452 3299
f 3299 3452 3451
f 3290 3444 3300
f 3444 3452 3300
f 3444 3453 3452
f 3444 3445 3454
f 3444 3454 3453
f 3455 3447 3293
f 3455 3293 3301
f 3457 3455 3456
f 3455 3302 3456
f 3455 3301 3302
f 3303 3456 3302
f 3458 3305 3448
f 3448 3305 3295
f 3459 3448 3449
f 3458 3448 3459
f 3460 3449 3450
f 3459 3449 3460
f 3461 3450 3451
f 3460 3450 3461
f 3462 3451 3452
f 3461 3451 3462
f 3453 3464 3463
f 3462 3453 3463
f 3452 3453 3462
f 3464 3453 3454
f 3465 3457 3456
f 3456 3303 3465
f 3303 3466 3465
f 3303 3306 3466
f 3458 3308 3305
f 3308 3458 3310
f 3458 3467 3310
f 3458 3459 3467
f 3468 3459 3460
f 3467 3459 3468
f 3469 3460 3461
f 3468 3460 3469
f 3470 3461 3462
f 3469 3461 3470
f 3462 3463 3471
f 3462 3471 3470
f 3311 3466 3306
f 3311 3472 3466
f 3473 3315 3467
f 3467 3315 3310
f 3474 3467 3468
f 3473 3467 3474
f 3469 3476 3475
f 3474 3469 3475
f 3468 3469 3474
f 3476 3469 3470
f 3476 3470 3477
f 3477 3470 3471
f 3317 3472 3311
f 3317 3478 3472
f 3479 3320 3321
f 3315 3473 3321
f 3473 3479 3321
f 3473 3480 3479
f 3481 3473 3474
f 3480 3473 3481
f 3474 3475 3482
f 3474 3482 3481
f 3317 3322 3483
f 3484 3317 3483
f 3478 3317 3484
f 3323 3483 3322
f 3485 3326 3479
f 3479 3326 3320
f 3486 3479 3480
f 3485 3479 3486
f 3481 3488 3487
f 3486 3481 3487
f 3480 3481 3486
f 3488 3481 3482
f 3489 3484 3483
f 3483 3323 3489
f 3323 3490 3489
f 3323 3327 3490
f 3491 3330 3485
f 3485 3330 3326
f 3492 3485 3486
f 3491 3485 3492
f 3486 3487 3493
f 3486 3493 3492
f 3331 3490 3327
f 3331 3494 3490
f 3495 3333 3334
f 3330 3491 3334
f 3491 3495 3334
f 3491 3496 3495
f 3492 3498 3497
f 3496 3492 3497
f 3491 3492 3496
f 3498 3492 3493
f 3335 3494 3331
f 3335 3499 3494
f 3500 3337 3495
f 3495 3337 3333
f 3496 3502 3501
f 3500 3496 3501
f 3495 3496 3500
f 3502 3496 3497
f 3338 3499 3335
f 3338 3503 3499
f 3504 3340 3500
f 3500 3340 3337
f 3500 3501 3505
f 3500 3505 3504
f 3338 3341 3506
f 3507 3338 3506
f 3503 3338 3507
f 3342 3506 3341
f 3508 3343 3504
f 3504 3343 3340
f 3504 3505 3509
f 3504 3509 3508
f 3512 3511 3510
f 3510 3511 3507
f 3510 3507 3506
f 3346 3510 3506
f 3345 3346 3506
f 3345 3506 3342
f 3513 3347 3508
f 3508 3347 3343
f 3508 3509 3514
f 3515 3508 3514
f 3513 3508 3515
f 3516 3515 3514
f 3519 3518 3517
f 3517 3518 3512
f 3517 3512 3510
f 3350 3517 3510
f 3349 3350 3510
f 3349 3510 3346
f 3513 3351 3347
f 3351 3513 3353
f 3513 3520 3353
f 3513 3515 3520
f 3515 3516 3521
f 3515 3521 3520
f 3519 3517 3355
f 3356 3519 3355
f 3522 3519 3356
f 3355 3517 3350
f 3523 3358 3520
f 3520 3358 3353
f 3520 3521 3524
f 3520 3524 3523
f 3360 3522 3356
f 3360 3525 3522
f 3523 3361 3358
f 3362 3361 3523
f 3524 3362 3523
f 3526 3362 3524
f 3360 3363 3527
f 3528 3360 3527
f 3525 3360 3528
f 3364 3527 3363
f 3526 3529 3362
f 3362 3529 3365
f 3366 3365 3529
f 3366 3529 3530
f 3528 3527 3531
f 3528 3531 3532
f 3367 3531 3364
f 3364 3531 3527
f 3530 3533 3366
f 3366 3533 3368
f 3369 3368 3533
f 3369 3533 3534
f 3532 3531 3535
f 3532 3535 3536
f 3370 3535 3367
f 3367 3535 3531
f 3534 3371 3369
f 3537 3371 3534
f 3536 3535 3538
f 3536 3538 3539
f 3372 3538 3370
f 3370 3538 3535
f 3541 3373 3540
f 3373 3537 3540
f 3373 3371 3537
f 3542 3541 3540
f 3539 3538 3543
f 3539 3543 3544
f 3374 3543 3372
f 3372 3543 3538
f 3541 3375 3373
f 3546 3545 3377
f 3546 3377 3375
f 3542 3546 3375
f 3541 3542 3375
f 3547 3545 3546
f 3549 3548 3379
f 3549 3379 3380
f 3543 3381 3544
f 3381 3548 3544
f 3381 3379 3548
f 3381 3543 3374
f 3545 3382 3377
f 3383 3382 3545
f 3547 3383 3545
f 3550 3383 3547
f 3553 3552 3551
f 3552 3549 3551
f 3549 3385 3551
f 3549 3380 3385
f 3550 3554 3383
f 3383 3554 3386
f 3386 3555 3387
f 3554 3555 3386
f 3388 3387 3555
f 3388 3555 3556
f 3559 3558 3557
f 3557 3558 3553
f 3551 3557 3553
f 3560 3557 3551
f 3389 3560 3385
f 3385 3560 3551
f 3562 3390 3561
f 3390 3556 3561
f 3390 3388 3556
f 3564 3563 3562
f 3564 3562 3561
f 3566 3565 3563
f 3566 3563 3564
f 3568 3567 3565
f 3568 3565 3566
f 3570 3569 3567
f 3570 3567 3568
f 3571 3569 3570
f 3559 3557 3392
f 3393 3559 3392
f 3572 3559 3393
f 3392 3557 3395
f 3395 3557 3560
f 3395 3560 3389
f 3562 3396 3390
f 3396 3562 3397
f 3397 3562 3563
f 3397 3563 3399
f 3399 3563 3565
f 3399 3565 3401
f 3401 3565 3567
f 3401 3567 3403
f 3403 3567 3569
f 3574 3573 3404
f 3574 3404 3403
f 3571 3574 3403
f 3569 3571 3403
f 3576 3575 3573
f 3576 3573 3574
f 3406 3407 3575
f 3576 3406 3575
f 3577 3406 3576
f 3393 3406 3572
f 3572 3406 3577
f 3573 3409 3404
f 3409 3573 3411
f 3411 3573 3575
f 3411 3575 3407
f 3578 3423 3424
f 3425 3579 3424
f 3424 3579 3578
f 3426 3580 3425
f 3425 3580 3579
f 3427 3580 3426
f 3581 3429 3430
f 3432 3581 3430
f 3582 3436 3437
f 3423 3578 3437
f 3578 3582 3437
f 3578 3583 3582
f 3584 3578 3579
f 3583 3578 3584
f 3585 3579 3580
f 3584 3579 3585
f 3438 3586 3427
f 3586 3580 3427
f 3586 3585 3580
f 3429 3581 3438
f 3581 3586 3438
f 3581 3587 3586
f 3439 3588 3432
f 3588 3581 3432
f 3588 3587 3581
f 3440 3589 3439
f 3439 3589 3588
f 3441 3590 3440
f 3440 3590 3589
f 3442 3591 3441
f 3441 3591 3590
f 3443 3591 3442
f 3592 3445 3582
f 3582 3445 3436
f 3593 3582 3583
f 3592 3582 3593
f 3584 3595 3594
f 3593 3584 3594
f 3583 3584 3593
f 3597 3596 3595
f 3584 3597 3595
f 3585 3597 3584
f 3586 3599 3598
f 3597 3586 3598
f 3585 3586 3597
f 3599 3586 3587
f 3599 3587 3600
f 3600 3587 3588
f 3600 3588 3601
f 3601 3588 3589
f 3601 3589 3602
f 3602 3589 3590
f 3602 3590 3603
f 3603 3590 3591
f 3603 3591 3604
f 3606 3604 3605
f 3605 3604 3446
f 3604 3591 3446
f 3591 3443 3446
f 3447 3605 3446
f 3607 3454 3592
f 3592 3454 3445
f 3593 3609 3608
f 3607 3593 3608
f 3592 3593 3607
f 3609 3593 3594
f 3610 3596 3597
f 3610 3597 3598
f 3611 3606 3605
f 3613 3611 3612
f 3612 3611 3455
f 3611 3605 3455
f 3605 3447 3455
f 3457 3612 3455
f 3614 3463 3464
f 3615 3614 3464
f 3615 3464 3454
f 3616 3615 3454
f 3607 3616 3454
f 3616 3607 3608
f 3617 3613 3612
f 3619 3617 3618
f 3618 3617 3465
f 3617 3612 3465
f 3612 3457 3465
f 3466 3618 3465
f 3620 3471 3614
f 3614 3471 3463
f 3614 3615 3621
f 3614 3621 3620
f 3619 3618 3622
f 3619 3622 3623
f 3472 3622 3466
f 3466 3622 3618
f 3624 3475 3476
f 3477 3625 3476
f 3476 3625 3624
f 3626 3625 3477
f 3626 3477 3471
f 3627 3626 3471
f 3620 3627 3471
f 3627 3620 3621
f 3623 3622 3628
f 3623 3628 3629
f 3478 3628 3472
f 3472 3628 3622
f 3630 3482 3624
f 3624 3482 3475
f 3625 3632 3631
f 3630 3625 3631
f 3624 3625 3630
f 3632 3625 3626
f 3633 3629 3628
f 3628 3478 3633
f 3478 3634 3633
f 3478 3484 3634
f 3635 3487 3488
f 3636 3635 3488
f 3636 3488 3482
f 3637 3636 3482
f 3630 3637 3482
f 3637 3630 3631
f 3484 3489 3638
f 3639 3484 3638
f 3634 3484 3639
f 3490 3638 3489
f 3640 3493 3635
f 3635 3493 3487
f 3635 3636 3641
f 3635 3641 3640
f 3639 3638 3642
f 3639 3642 3643
f 3494 3642 3490
f 3490 3642 3638
f 3644 3497 3498
f 3645 3644 3498
f 3645 3498 3493
f 3646 3645 3493
f 3640 3646 3493
f 3646 3640 3641
f 3643 3642 3647
f 3643 3647 3648
f 3499 3647 3494
f 3494 3647 3642
f 3649 3501 3502
f 3650 3649 3502
f 3650 3502 3497
f 3651 3650 3497
f 3644 3651 3497
f 3651 3644 3645
f 3648 3647 3652
f 3648 3652 3653
f 3503 3652 3499
f 3499 3652 3647
f 3655 3654 3649
f 3654 3501 3649
f 3654 3505 3501
f 3655 3649 3650
f 3653 3652 3656
f 3653 3656 3657
f 3507 3656 3503
f 3503 3656 3652
f 3659 3509 3658
f 3509 3654 3658
f 3509 3505 3654
f 3660 3659 3658
f 3657 3656 3511
f 3512 3657 3511
f 3661 3657 3512
f 3511 3656 3507
f 3659 3514 3509
f 3516 3514 3659
f 3660 3516 3659
f 3662 3516 3660
f 3664 3663 3518
f 3664 3518 3519
f 3512 3518 3661
f 3661 3518 3663
f 3666 3521 3665
f 3521 3662 3665
f 3521 3516 3662
f 3668 3667 3666
f 3668 3666 3665
f 3669 3667 3668
f 3672 3671 3670
f 3671 3664 3670
f 3664 3522 3670
f 3664 3519 3522
f 3673 3524 3666
f 3666 3524 3521
f 3674 3666 3667
f 3673 3666 3674
f 3667 3669 3675
f 3667 3675 3674
f 3672 3670 3676
f 3672 3676 3677
f 3525 3676 3522
f 3522 3676 3670
f 3678 3526 3673
f 3673 3526 3524
f 3674 3680 3679
f 3678 3674 3679
f 3673 3674 3678
f 3680 3674 3675
f 3681 3677 3676
f 3676 3525 3681
f 3525 3682 3681
f 3525 3528 3682
f 3678 3529 3526
f 3684 3683 3530
f 3684 3530 3529
f 3679 3684 3529
f 3678 3679 3529
f 3685 3683 3684
f 3532 3682 3528
f 3532 3686 3682
f 3683 3533 3530
f 3534 3533 3683
f 3685 3534 3683
f 3687 3534 3685
f 3690 3689 3688
f 3689 3686 3688
f 3686 3536 3688
f 3686 3532 3536
f 3692 3537 3691
f 3537 3687 3691
f 3537 3534 3687
f 3694 3693 3692
f 3694 3692 3691
f 3695 3693 3694
f 3690 3688 3696
f 3690 3696 3697
f 3539 3696 3536
f 3536 3696 3688
f 3692 3540 3537
f 3540 3692 3542
f 3692 3698 3542
f 3692 3693 3698
f 3693 3695 3699
f 3693 3699 3698
f 3697 3696 3700
f 3697 3700 3701
f 3544 3700 3539
f 3539 3700 3696
f 3698 3546 3542
f 3703 3702 3547
f 3703 3547 3546
f 3699 3703 3546
f 3698 3699 3546
f 3704 3702 3703
f 3707 3706 3705
f 3705 3706 3701
f 3705 3701 3700
f 3549 3705 3700
f 3548 3549 3700
f 3548 3700 3544
f 3708 3550 3702
f 3702 3550 3547
f 3702 3704 3709
f 3710 3702 3709
f 3708 3702 3710
f 3711 3710 3709
f 3714 3713 3712
f 3712 3713 3707
f 3712 3707 3705
f 3553 3712 3705
f 3552 3553 3705
f 3552 3705 3549
f 3708 3554 3550
f 3554 3708 3555
f 3555 3708 3710
f 3716 3715 3556
f 3716 3556 3555
f 3711 3716 3555
f 3710 3711 3555
f 3718 3717 3715
f 3718 3715 3716
f 3719 3717 3718
f 3714 3712 3558
f 3559 3714 3558
f 3720 3714 3559
f 3558 3712 3553
f 3715 3561 3556
f 3561 3715 3564
f 3564 3715 3717
f 3719 3721 3717
f 3721 3564 3717
f 3721 3566 3564
f 3566 3722 3568
f 3721 3722 3566
f 3568 3723 3570
f 3722 3723 3568
f 3725 3724 3571
f 3570 3725 3571
f 3723 3725 3570
f 3727 3726 3724
f 3727 3724 3725
f 3729 3728 3726
f 3729 3726 3727
f 3729 3720 3728
f 3720 3572 3728
f 3720 3559 3572
f 3724 3574 3571
f 3574 3724 3576
f 3576 3724 3726
f 3576 3726 3577
f 3577 3726 3728
f 3577 3728 3572
f 3730 3594 3595
f 3596 3730 3595
f 3731 3598 3599
f 3600 3732 3599
f 3599 3732 3731
f 3601 3733 3600
f 3600 3733 3732
f 3602 3734 3601
f 3601 3734 3733
f 3603 3735 3602
f 3602 3735 3734
f 3604 3736 3603
f 3603 3736 3735
f 3606 3736 3604
f 3737 3608 3609
f 3594 3730 3609
f 3730 3737 3609
f 3730 3738 3737
f 3610 3739 3596
f 3739 3730 3596
f 3739 3738 3730
f 3598 3731 3610
f 3731 3739 3610
f 3731 3740 3739
f 3732 3742 3741
f 3740 3732 3741
f 3731 3732 3740
f 3744 3743 3742
f 3732 3744 3742
f 3733 3744 3732
f 3734 3746 3745
f 3744 3734 3745
f 3733 3734 3744
f 3746 3734 3735
f 3746 3735 3747
f 3747 3735 3736
f 3747 3736 3748
f 3750 3748 3749
f 3749 3748 3611
f 3748 3736 3611
f 3736 3606 3611
f 3613 3749 3611
f 3752 3751 3616
f 3616 3751 3615
f 3616 3608 3737
f 3753 3616 3737
f 3752 3616 3753
f 3755 3754 3753
f 3737 3755 3753
f 3738 3755 3737
f 3756 3738 3739
f 3755 3738 3756
f 3740 3758 3757
f 3756 3740 3757
f 3739 3740 3756
f 3758 3740 3741
f 3759 3743 3744
f 3759 3744 3745
f 3750 3749 3760
f 3750 3760 3761
f 3617 3762 3613
f 3762 3749 3613
f 3762 3760 3749
f 3619 3762 3617
f 3751 3621 3615
f 3763 3621 3751
f 3764 3754 3755
f 3764 3755 3756
f 3764 3756 3765
f 3765 3756 3757
f 3761 3760 3766
f 3761 3766 3767
f 3768 3760 3762
f 3766 3760 3768
f 3623 3768 3619
f 3619 3768 3762
f 3769 3626 3627
f 3770 3769 3627
f 3621 3770 3627
f 3763 3770 3621
f 3771 3767 3766
f 3773 3772 3771
f 3766 3773 3771
f 3768 3773 3766
f 3629 3773 3623
f 3623 3773 3768
f 3774 3631 3632
f 3775 3774 3632
f 3775 3632 3626
f 3776 3775 3626
f 3769 3776 3626
f 3776 3769 3770
f 3777 3772 3773
f 3779 3777 3778
f 3778 3777 3633
f 3777 3773 3633
f 3773 3629 3633
f 3634 3778 3633
f 3781 3780 3637
f 3637 3780 3636
f 3637 3631 3774
f 3782 3637 3774
f 3781 3637 3782
f 3782 3774 3775
f 3779 3778 3783
f 3779 3783 3784
f 3639 3783 3634
f 3634 3783 3778
f 3780 3641 3636
f 3785 3641 3780
f 3786 3784 3783
f 3783 3639 3786
f 3639 3787 3786
f 3639 3643 3787
f 3788 3645 3646
f 3789 3788 3646
f 3641 3789 3646
f 3785 3789 3641
f 3648 3787 3643
f 3648 3790 3787
f 3791 3650 3651
f 3645 3788 3651
f 3788 3791 3651
f 3788 3792 3791
f 3788 3789 3793
f 3788 3793 3792
f 3796 3795 3794
f 3795 3790 3794
f 3790 3653 3794
f 3790 3648 3653
f 3797 3654 3655
f 3798 3797 3655
f 3798 3655 3650
f 3799 3798 3650
f 3791 3799 3650
f 3799 3791 3792
f 3799 3792 3800
f 3800 3792 3793
f 3796 3794 3801
f 3796 3801 3802
f 3657 3801 3653
f 3653 3801 3794
f 3797 3658 3654
f 3660 3658 3797
f 3798 3660 3797
f 3803 3660 3798
f 3802 3801 3804
f 3802 3804 3805
f 3661 3804 3657
f 3657 3804 3801
f 3807 3662 3806
f 3662 3803 3806
f 3662 3660 3803
f 3808 3807 3806
f 3805 3804 3663
f 3664 3805 3663
f 3809 3805 3664
f 3663 3804 3661
f 3807 3665 3662
f 3808 3810 3807
f 3810 3665 3807
f 3810 3668 3665
f 3669 3668 3810
f 3669 3810 3811
f 3813 3812 3671
f 3813 3671 3672
f 3664 3671 3809
f 3809 3671 3812
f 3811 3675 3669
f 3814 3675 3811
f 3677 3813 3672
f 3677 3815 3813
f 3816 3679 3680
f 3817 3816 3680
f 3675 3817 3680
f 3814 3817 3675
f 3677 3681 3818
f 3819 3677 3818
f 3815 3677 3819
f 3682 3818 3681
f 3816 3684 3679
f 3685 3684 3816
f 3817 3685 3816
f 3820 3685 3817
f 3819 3818 3821
f 3819 3821 3822
f 3686 3821 3682
f 3682 3821 3818
f 3824 3687 3823
f 3687 3820 3823
f 3687 3685 3820
f 3826 3825 3824
f 3826 3824 3823
f 3828 3827 3825
f 3828 3825 3826
f 3829 3827 3828
f 3832 3831 3830
f 3830 3831 3822
f 3830 3822 3821
f 3690 3830 3821
f 3689 3690 3821
f 3689 3821 3686
f 3824 3691 3687
f 3691 3824 3694
f 3694 3824 3825
f 3694 3825 3695
f 3825 3833 3695
f 3825 3827 3833
f 3827 3829 3834
f 3835 3827 3834
f 3833 3827 3835
f 3836 3835 3834
f 3832 3830 3837
f 3832 3837 3838
f 3697 3837 3690
f 3690 3837 3830
f 3839 3699 3833
f 3833 3699 3695
f 3835 3841 3840
f 3839 3835 3840
f 3833 3835 3839
f 3841 3835 3836
f 3844 3843 3842
f 3842 3843 3838
f 3837 3842 3838
f 3845 3842 3837
f 3701 3845 3697
f 3697 3845 3837
f 3839 3703 3699
f 3704 3703 3839
f 3840 3704 3839
f 3846 3704 3840
f 3844 3842 3847
f 3844 3847 3848
f 3707 3847 3706
f 3847 3845 3706
f 3847 3842 3845
f 3706 3845 3701
f 3846 3849 3704
f 3704 3849 3709
f 3711 3709 3849
f 3711 3849 3850
f 3848 3847 3713
f 3714 3848 3713
f 3851 3848 3714
f 3713 3847 3707
f 3850 3852 3711
f 3711 3852 3716
f 3716 3853 3718
f 3852 3853 3716
f 3719 3718 3853
f 3719 3853 3854
f 3857 3856 3855
f 3858 3855 3856
f 3861 3860 3859
f 3863 3862 3859
f 3863 3859 3860
f 3863 3851 3862
f 3851 3720 3862
f 3851 3714 3720
f 3854 3864 3719
f 3719 3864 3721
f 3721 3865 3722
f 3864 3865 3721
f 3855 3723 3857
f 3723 3865 3857
f 3723 3722 3865
f 3858 3866 3855
f 3866 3723 3855
f 3866 3725 3723
f 3859 3727 3861
f 3727 3866 3861
f 3727 3725 3866
f 3727 3859 3729
f 3729 3859 3862
f 3729 3862 3720
f 3867 3741 3742
f 3743 3867 3742
f 3868 3745 3746
f 3747 3869 3746
f 3746 3869 3868
f 3748 3870 3747
f 3747 3870 3869
f 3750 3870 3748
f 3871 3751 3752
f 3753 3872 3752
f 3752 3872 3871
f 3754 3872 3753
f 3873 3757 3758
f 3741 3867 3758
f 3867 3873 3758
f 3867 3874 3873
f 3759 3875 3743
f 3875 3867 3743
f 3875 3874 3867
f 3745 3868 3759
f 3868 3875 3759
f 3868 3876 3875
f 3877 3868 3869
f 3876 3868 3877
f 3878 3869 3870
f 3877 3869 3878
f 3761 3878 3750
f 3750 3878 3870
f 3879 3763 3871
f 3871 3763 3751
f 3880 3871 3872
f 3879 3871 3880
f 3764 3881 3754
f 3881 3872 3754
f 3881 3880 3872
f 3881 3764 3882
f 3764 3883 3882
f 3764 3765 3883
f 3765 3757 3873
f 3884 3765 3873
f 3883 3765 3884
f 3884 3873 3874
f 3884 3874 3885
f 3885 3874 3875
f 3885 3875 3886
f 3886 3875 3876
f 3886 3876 3887
f 3887 3876 3877
f 3887 3877 3888
f 3890 3889 3888
f 3877 3890 3888
f 3878 3890 3877
f 3767 3890 3761
f 3761 3890 3878
f 3892 3891 3879
f 3891 3763 3879
f 3891 3770 3763
f 3894 3893 3892
f 3879 3894 3892
f 3880 3894 3879
f 3895 3880 3881
f 3894 3880 3895
f 3881 3882 3896
f 3881 3896 3895
f 3889 3890 3897
f 3889 3897 3898
f 3771 3899 3767
f 3899 3890 3767
f 3899 3897 3890
f 3772 3899 3771
f 3901 3900 3776
f 3776 3900 3775
f 3776 3770 3891
f 3776 3891 3901
f 3902 3893 3894
f 3902 3894 3895
f 3902 3895 3903
f 3903 3895 3896
f 3904 3898 3897
f 3906 3905 3904
f 3897 3906 3904
f 3899 3906 3897
f 3777 3907 3772
f 3907 3899 3772
f 3907 3906 3899
f 3779 3907 3777
f 3908 3780 3781
f 3782 3909 3781
f 3781 3909 3908
f 3910 3909 3782
f 3775 3910 3782
f 3900 3910 3775
f 3905 3906 3911
f 3905 3911 3912
f 3913 3906 3907
f 3911 3906 3913
f 3784 3913 3779
f 3779 3913 3907
f 3914 3785 3908
f 3908 3785 3780
f 3909 3916 3915
f 3914 3909 3915
f 3908 3909 3914
f 3916 3909 3910
f 3917 3912 3911
f 3917 3911 3913
f 3917 3913 3918
f 3920 3918 3919
f 3919 3918 3786
f 3918 3913 3786
f 3913 3784 3786
f 3787 3919 3786
f 3921 3789 3914
f 3914 3789 3785
f 3914 3915 3922
f 3914 3922 3921
f 3920 3919 3923
f 3920 3923 3924
f 3790 3923 3787
f 3787 3923 3919
f 3925 3793 3921
f 3921 3793 3789
f 3921 3922 3926
f 3921 3926 3925
f 3924 3923 3795
f 3796 3924 3795
f 3927 3924 3796
f 3795 3923 3790
f 3928 3798 3799
f 3800 3929 3799
f 3799 3929 3928
f 3930 3929 3800
f 3930 3800 3793
f 3931 3930 3793
f 3925 3931 3793
f 3931 3925 3926
f 3802 3927 3796
f 3802 3932 3927
f 3933 3803 3928
f 3928 3803 3798
f 3934 3928 3929
f 3933 3928 3934
f 3929 3930 3935
f 3929 3935 3934
f 3805 3932 3802
f 3805 3936 3932
f 3933 3806 3803
f 3806 3933 3808
f 3933 3937 3808
f 3933 3934 3937
f 3934 3935 3938
f 3934 3938 3937
f 3941 3940 3939
f 3940 3936 3939
f 3936 3809 3939
f 3936 3805 3809
f 3937 3810 3808
f 3811 3810 3937
f 3938 3811 3937
f 3942 3811 3938
f 3941 3939 3812
f 3813 3941 3812
f 3943 3941 3813
f 3812 3939 3809
f 3942 3814 3811
f 3944 3814 3942
f 3815 3943 3813
f 3815 3945 3943
f 3947 3817 3946
f 3817 3944 3946
f 3817 3814 3944
f 3949 3948 3947
f 3949 3947 3946
f 3951 3950 3948
f 3951 3948 3949
f 3952 3950 3951
f 3955 3954 3953
f 3954 3945 3953
f 3945 3819 3953
f 3945 3815 3819
f 3956 3820 3947
f 3947 3820 3817
f 3957 3947 3948
f 3956 3947 3957
f 3958 3948 3950
f 3957 3948 3958
f 3950 3952 3959
f 3950 3959 3958
f 3955 3953 3960
f 3955 3960 3961
f 3822 3960 3819
f 3819 3960 3953
f 3956 3823 3820
f 3823 3956 3826
f 3826 3956 3957
f 3826 3957 3828
f 3828 3957 3958
f 3963 3962 3829
f 3963 3829 3828
f 3959 3963 3828
f 3958 3959 3828
f 3964 3962 3963
f 3961 3960 3831
f 3832 3961 3831
f 3965 3961 3832
f 3831 3960 3822
f 3962 3834 3829
f 3836 3834 3962
f 3964 3836 3962
f 3966 3836 3964
f 3969 3968 3967
f 3968 3965 3967
f 3965 3838 3967
f 3965 3832 3838
f 3970 3840 3841
f 3971 3970 3841
f 3836 3971 3841
f 3966 3971 3836
f 3969 3967 3843
f 3844 3969 3843
f 3972 3969 3844
f 3843 3967 3838
f 3973 3846 3970
f 3970 3846 3840
f 3970 3971 3974
f 3970 3974 3973
f 3848 3972 3844
f 3848 3975 3972
f 3973 3849 3846
f 3977 3976 3850
f 3977 3850 3849
f 3974 3977 3849
f 3973 3974 3849
f 3979 3978 3976
f 3979 3976 3977
f 3981 3980 3978
f 3981 3978 3979
f 3982 3980 3981
f 3985 3984 3983
f 3987 3986 3983
f 3987 3983 3984
f 3987 3975 3986
f 3975 3851 3986
f 3975 3848 3851
f 3976 3852 3850
f 3852 3976 3853
f 3853 3976 3978
f 3853 3978 3854
f 3978 3988 3854
f 3978 3980 3988
f 3980 3982 3989
f 3990 3980 3989
f 3988 3980 3990
f 3856 3857 3990
f 3989 3856 3990
f 3991 3856 3989
f 3993 3992 3858
f 3856 3993 3858
f 3991 3993 3856
f 3992 3993 3985
f 3992 3985 3983
f 3861 3992 3983
f 3860 3861 3983
f 3860 3983 3863
f 3863 3983 3986
f 3863 3986 3851
f 3988 3864 3854
f 3864 3988 3865
f 3865 3988 3990
f 3865 3990 3857
f 3992 3866 3858
f 3866 3992 3861
f 3994 3882 3883
f 3884 3995 3883
f 3883 3995 3994
f 3885 3996 3884
f 3884 3996 3995
f 3886 3997 3885
f 3885 3997 3996
f 3887 3998 3886
f 3886 3998 3997
f 3888 3999 3887
f 3887 3999 3998
f 3889 3999 3888
f 4000 3891 3892
f 3893 4000 3892
f 4001 3896 3994
f 3994 3896 3882
f 4002 3994 3995
f 4001 3994 4002
f 4003 3995 3996
f 4002 3995 4003
f 4004 3996 3997
f 4003 3996 4004
f 3998 4006 4005
f 4004 3998 4005
f 3997 3998 4004
f 4008 4007 4006
f 3998 4008 4006
f 3999 4008 3998
f 3898 4008 3889
f 3889 4008 3999
f 4009 3900 3901
f 3891 4000 3901
f 4000 4009 3901
f 4000 4010 4009
f 3902 4011 3893
f 4011 4000 3893
f 4011 4010 4000
f 3903 4012 3902
f 3902 4012 4011
f 3896 4001 3903
f 4001 4012 3903
f 4001 4013 4012
f 4002 4015 4014
f 4013 4002 4014
f 4001 4002 4013
f 4015 4002 4003
f 4015 4003 4016
f 4016 4003 4004
f 4016 4004 4017
f 4017 4004 4005
f 4007 4008 4018
f 4007 4018 4019
f 3904 4020 3898
f 4020 4008 3898
f 4020 4018 4008
f 3905 4020 3904
f 4021 3910 4009
f 4009 3910 3900
f 4022 4009 4010
f 4021 4009 4022
f 4023 4010 4011
f 4022 4010 4023
f 4024 4011 4012
f 4023 4011 4024
f 4013 4026 4025
f 4024 4013 4025
f 4012 4013 4024
f 4026 4013 4014
f 4027 4019 4018
f 4029 4028 4027
f 4018 4029 4027
f 4020 4029 4018
f 3912 4029 3905
f 3905 4029 4020
f 4030 3915 3916
f 3910 4021 3916
f 4021 4030 3916
f 4021 4031 4030
f 4032 4021 4022
f 4031 4021 4032
f 4033 4022 4023
f 4032 4022 4033
f 4024 4035 4034
f 4033 4024 4034
f 4023 4024 4033
f 4035 4024 4025
f 4036 4028 4029
f 4038 4036 4037
f 4037 4036 3917
f 4036 4029 3917
f 4029 3912 3917
f 3918 4039 3917
f 3917 4039 4037
f 3920 4039 3918
f 4040 3922 4030
f 4030 3922 3915
f 4031 4042 4041
f 4040 4031 4041
f 4030 4031 4040
f 4042 4031 4032
f 4042 4032 4043
f 4043 4032 4033
f 4043 4033 4044
f 4044 4033 4034
f 4045 4038 4037
f 4047 4046 4045
f 4037 4047 4045
f 4039 4047 4037
f 3924 4047 3920
f 3920 4047 4039
f 4048 3926 4040
f 4040 3926 3922
f 4040 4041 4049
f 4050 4040 4049
f 4048 4040 4050
f 4051 4050 4049
f 4046 4047 4052
f 4046 4052 4053
f 3927 4052 3924
f 3924 4052 4047
f 4054 3930 3931
f 3926 4048 3931
f 4048 4054 3931
f 4048 4055 4054
f 4056 4048 4050
f 4055 4048 4056
f 4050 4051 4057
f 4050 4057 4056
f 4053 4052 4058
f 4053 4058 4059
f 3932 4058 3927
f 3927 4058 4052
f 4060 3935 4054
f 4054 3935 3930
f 4061 4054 4055
f 4060 4054 4061
f 4062 4055 4056
f 4061 4055 4062
f 4056 4057 4063
f 4056 4063 4062
f 4059 4058 4064
f 4059 4064 4065
f 3936 4064 3932
f 3932 4064 4058
f 4066 3938 4060
f 4060 3938 3935
f 4067 4060 4061
f 4066 4060 4067
f 4062 4069 4068
f 4067 4062 4068
f 4061 4062 4067
f 4069 4062 4063
f 4065 4064 3940
f 3941 4065 3940
f 4070 4065 3941
f 3940 4064 3936
f 4071 3942 4066
f 4066 3942 3938
f 4072 4066 4067
f 4071 4066 4072
f 4067 4068 4073
f 4074 4067 4073
f 4072 4067 4074
f 4076 4075 4074
f 4076 4074 4073
f 4077 4075 4076
f 4080 4079 4078
f 4079 4070 4078
f 4070 3943 4078
f 4070 3941 3943
f 4081 3944 4071
f 4071 3944 3942
f 4082 4071 4072
f 4081 4071 4082
f 4083 4072 4074
f 4082 4072 4083
f 4084 4074 4075
f 4083 4074 4084
f 4075 4077 4085
f 4075 4085 4084
f 4080 4078 4086
f 4080 4086 4087
f 3945 4086 3943
f 3943 4086 4078
f 4081 3946 3944
f 3946 4081 3949
f 3949 4081 4082
f 3949 4082 3951
f 3951 4082 4083
f 3951 4083 3952
f 4083 4088 3952
f 4083 4084 4088
f 4084 4085 4089
f 4084 4089 4088
f 4087 4086 3954
f 3955 4087 3954
f 4090 4087 3955
f 3954 4086 3945
f 4091 3959 4088
f 4088 3959 3952
f 4088 4089 4092
f 4088 4092 4091
f 3961 4090 3955
f 3961 4093 4090
f 4091 3963 3959
f 3964 3963 4091
f 4092 3964 4091
f 4094 3964 4092
f 4097 4096 4095
f 4099 4098 4095
f 4099 4095 4096
f 4099 4093 4098
f 4093 3965 4098
f 4093 3961 3965
f 4101 3966 4100
f 3966 4094 4100
f 3966 3964 4094
f 4103 4102 4101
f 4103 4101 4100
f 4105 4104 4102
f 4105 4102 4103
f 4107 4106 4104
f 4107 4104 4105
f 4109 4108 4106
f 4109 4106 4107
f 4110 4108 4109
f 4097 4095 4111
f 4097 4111 4112
f 3969 4111 3968
f 4111 4098 3968
f 4111 4095 4098
f 3968 4098 3965
f 4113 3971 4101
f 4101 3971 3966
f 4114 4101 4102
f 4113 4101 4114
f 4115 4102 4104
f 4114 4102 4115
f 4116 4104 4106
f 4115 4104 4116
f 4117 4106 4108
f 4116 4106 4117
f 4108 4110 4118
f 4119 4108 4118
f 4117 4108 4119
f 4121 4120 4119
f 4121 4119 4118
f 4120 4121 4112
f 4111 4120 4112
f 4122 4120 4111
f 3972 4122 3969
f 3969 4122 4111
f 4123 3974 4113
f 4113 3974 3971
f 4124 4113 4114
f 4123 4113 4124
f 4125 4114 4115
f 4124 4114 4125
f 4126 4115 4116
f 4125 4115 4126
f 4127 4116 4117
f 4126 4116 4127
f 4128 4117 4119
f 4127 4117 4128
f 4129 4119 4120
f 4128 4119 4129
f 4130 4120 4122
f 4129 4120 4130
f 3975 4130 3972
f 3972 4130 4122
f 4123 3977 3974
f 3977 4123 3979
f 3979 4123 4124
f 3979 4124 3981
f 3981 4124 4125
f 3981 4125 3982
f 4125 4131 3982
f 4125 4126 4131
f 4132 4126 4127
f 4131 4126 4132
f 4133 4127 4128
f 4132 4127 4133
f 3985 4133 3984
f 4133 4129 3984
f 4133 4128 4129
f 3984 4129 3987
f 3987 4129 4130
f 3987 4130 3975
f 4131 3989 3982
f 3989 4131 3991
f 3991 4131 4132
f 3991 4132 3993
f 3993 4132 4133
f 3993 4133 3985
f 4134 4005 4006
f 4007 4134 4006
f 4135 4014 4015
f 4016 4136 4015
f 4015 4136 4135
f 4017 4137 4016
f 4016 4137 4136
f 4005 4134 4017
f 4134 4137 4017
f 4134 4138 4137
f 4019 4138 4007
f 4007 4138 4134
f 4139 4025 4026
f 4014 4135 4026
f 4135 4139 4026
f 4135 4140 4139
f 4141 4135 4136
f 4140 4135 4141
f 4142 4136 4137
f 4141 4136 4142
f 4143 4137 4138
f 4142 4137 4143
f 4027 4144 4019
f 4144 4138 4019
f 4144 4143 4138
f 4028 4144 4027
f 4145 4034 4035
f 4025 4139 4035
f 4139 4145 4035
f 4139 4146 4145
f 4140 4148 4147
f 4146 4140 4147
f 4139 4140 4146
f 4148 4140 4141
f 4148 4141 4149
f 4149 4141 4142
f 4149 4142 4150
f 4152 4151 4150
f 4142 4152 4150
f 4143 4152 4142
f 4153 4143 4144
f 4152 4143 4153
f 4036 4154 4028
f 4154 4144 4028
f 4154 4153 4144
f 4038 4154 4036
f 4155 4041 4042
f 4043 4156 4042
f 4042 4156 4155
f 4044 4157 4043
f 4043 4157 4156
f 4158 4157 4044
f 4158 4044 4034
f 4159 4158 4034
f 4145 4159 4034
f 4159 4145 4146
f 4159 4146 4160
f 4160 4146 4147
f 4161 4151 4152
f 4161 4152 4153
f 4161 4153 4162
f 4162 4153 4154
f 4162 4154 4163
f 4165 4163 4164
f 4164 4163 4045
f 4163 4154 4045
f 4154 4038 4045
f 4046 4164 4045
f 4155 4049 4041
f 4049 4155 4051
f 4155 4166 4051
f 4155 4156 4166
f 4167 4156 4157
f 4166 4156 4167
f 4157 4158 4168
f 4157 4168 4167
f 4171 4170 4169
f 4169 4170 4165
f 4164 4169 4165
f 4172 4169 4164
f 4053 4172 4046
f 4046 4172 4164
f 4173 4057 4166
f 4166 4057 4051
f 4174 4166 4167
f 4173 4166 4174
f 4167 4168 4175
f 4167 4175 4174
f 4171 4169 4176
f 4171 4176 4177
f 4178 4169 4172
f 4176 4169 4178
f 4059 4178 4053
f 4053 4178 4172
f 4179 4063 4173
f 4173 4063 4057
f 4180 4173 4174
f 4179 4173 4180
f 4174 4175 4181
f 4174 4181 4180
f 4177 4176 4182
f 4177 4182 4183
f 4184 4176 4178
f 4182 4176 4184
f 4065 4184 4059
f 4059 4184 4178
f 4185 4068 4069
f 4063 4179 4069
f 4179 4185 4069
f 4179 4186 4185
f 4187 4179 4180
f 4186 4179 4187
f 4180 4181 4188
f 4180 4188 4187
f 4183 4182 4189
f 4183 4189 4190
f 4191 4182 4184
f 4189 4182 4191
f 4070 4191 4065
f 4065 4191 4184
f 4185 4073 4068
f 4073 4185 4076
f 4076 4185 4186
f 4076 4186 4077
f 4186 4192 4077
f 4186 4187 4192
f 4187 4188 4193
f 4187 4193 4192
f 4196 4195 4194
f 4194 4195 4190
f 4189 4194 4190
f 4197 4194 4189
f 4080 4197 4079
f 4197 4191 4079
f 4197 4189 4191
f 4079 4191 4070
f 4198 4085 4192
f 4192 4085 4077
f 4192 4193 4199
f 4200 4192 4199
f 4198 4192 4200
f 4201 4200 4199
f 4196 4194 4202
f 4196 4202 4203
f 4204 4194 4197
f 4202 4194 4204
f 4087 4204 4080
f 4080 4204 4197
f 4205 4089 4198
f 4198 4089 4085
f 4206 4198 4200
f 4205 4198 4206
f 4200 4201 4207
f 4200 4207 4206
f 4210 4209 4208
f 4208 4209 4203
f 4202 4208 4203
f 4211 4208 4202
f 4212 4202 4204
f 4211 4202 4212
f 4090 4212 4087
f 4087 4212 4204
f 4213 4092 4205
f 4205 4092 4089
f 4214 4205 4206
f 4213 4205 4214
f 4206 4207 4215
f 4206 4215 4214
f 4210 4208 4216
f 4210 4216 4217
f 4218 4208 4211
f 4216 4208 4218
f 4219 4211 4212
f 4218 4211 4219
f 4093 4219 4090
f 4090 4219 4212
f 4220 4094 4213
f 4213 4094 4092
f 4221 4213 4214
f 4220 4213 4221
f 4214 4215 4222
f 4223 4214 4222
f 4221 4214 4223
f 4225 4224 4223
f 4225 4223 4222
f 4227 4226 4224
f 4227 4224 4225
f 4229 4228 4226
f 4229 4226 4227
f 4228 4229 4217
f 4216 4228 4217
f 4230 4228 4216
f 4097 4230 4096
f 4230 4218 4096
f 4230 4216 4218
f 4096 4218 4099
f 4099 4218 4219
f 4099 4219 4093
f 4220 4100 4094
f 4100 4220 4103
f 4103 4220 4221
f 4103 4221 4105
f 4105 4221 4223
f 4105 4223 4107
f 4107 4223 4224
f 4107 4224 4109
f 4109 4224 4226
f 4109 4226 4110
f 4226 4231 4110
f 4226 4228 4231
f 4232 4228 4230
f 4231 4228 4232
f 4112 4232 4097
f 4097 4232 4230
f 4231 4118 4110
f 4118 4231 4121
f 4121 4231 4232
f 4121 4232 4112
f 4233 4147 4148
f 4149 4234 4148
f 4148 4234 4233
f 4150 4235 4149
f 4149 4235 4234
f 4151 4235 4150
f 4236 4158 4159
f 4160 4237 4159
f 4159 4237 4236
f 4147 4233 4160
f 4233 4237 4160
f 4233 4238 4237
f 4239 4233 4234
f 4238 4233 4239
f 4240 4234 4235
f 4239 4234 4240
f 4161 4241 4151
f 4241 4235 4151
f 4241 4240 4235
f 4162 4242 4161
f 4161 4242 4241
f 4163 4243 4162
f 4162 4243 4242
f 4165 4243 4163
f 4244 4168 4236
f 4236 4168 4158
f 4245 4236 4237
f 4244 4236 4245
f 4246 4237 4238
f 4245 4237 4246
f 4247 4238 4239
f 4246 4238 4247
f 4248 4239 4240
f 4247 4239 4248
f 4249 4240 4241
f 4248 4240 4249
f 4250 4241 4242
f 4249 4241 4250
f 4171 4250 4170
f 4250 4243 4170
f 4250 4242 4243
f 4170 4243 4165
f 4251 4175 4244
f 4244 4175 4168
f 4252 4244 4245
f 4251 4244 4252
f 4253 4245 4246
f 4252 4245 4253
f 4254 4246 4247
f 4253 4246 4254
f 4255 4247 4248
f 4254 4247 4255
f 4256 4248 4249
f 4255 4248 4256
f 4257 4249 4250
f 4256 4249 4257
f 4177 4257 4171
f 4171 4257 4250
f 4258 4181 4251
f 4251 4181 4175
f 4259 4251 4252
f 4258 4251 4259
f 4260 4252 4253
f 4259 4252 4260
f 4261 4253 4254
f 4260 4253 4261
f 4262 4254 4255
f 4261 4254 4262
f 4263 4255 4256
f 4262 4255 4263
f 4264 4256 4257
f 4263 4256 4264
f 4183 4264 4177
f 4177 4264 4257
f 4265 4188 4258
f 4258 4188 4181
f 4266 4258 4259
f 4265 4258 4266
f 4267 4259 4260
f 4266 4259 4267
f 4268 4260 4261
f 4267 4260 4268
f 4269 4261 4262
f 4268 4261 4269
f 4270 4262 4263
f 4269 4262 4270
f 4271 4263 4264
f 4270 4263 4271
f 4190 4271 4183
f 4183 4271 4264
f 4272 4193 4265
f 4265 4193 4188
f 4273 4265 4266
f 4272 4265 4273
f 4274 4266 4267
f 4273 4266 4274
f 4275 4267 4268
f 4274 4267 4275
f 4276 4268 4269
f 4275 4268 4276
f 4277 4269 4270
f 4276 4269 4277
f 4196 4277 4195
f 4277 4271 4195
f 4277 4270 4271
f 4195 4271 4190
f 4272 4199 4193
f 4199 4272 4201
f 4272 4278 4201
f 4272 4273 4278
f 4279 4273 4274
f 4278 4273 4279
f 4280 4274 4275
f 4279 4274 4280
f 4281 4275 4276
f 4280 4275 4281
f 4282 4276 4277
f 4281 4276 4282
f 4203 4282 4196
f 4196 4282 4277
f 4283 4207 4278
f 4278 4207 4201
f 4284 4278 4279
f 4283 4278 4284
f 4285 4279 4280
f 4284 4279 4285
f 4286 4280 4281
f 4285 4280 4286
f 4210 4286 4209
f 4286 4282 4209
f 4286 4281 4282
f 4209 4282 4203
f 4287 4215 4283
f 4283 4215 4207
f 4288 4283 4284
f 4287 4283 4288
f 4289 4284 4285
f 4288 4284 4289
f 4290 4285 4286
f 4289 4285 4290
f 4217 4290 4210
f 4210 4290 4286
f 4287 4222 4215
f 4222 4287 4225
f 4225 4287 4288
f 4225 4288 4227
f 4227 4288 4289
f 4227 4289 4229
f 4229 4289 4290
f 4229 4290 4217
f 4293 4292 4291
f 4295 4294 4291
f 4291 4294 4293
f 4297 4296 4295
f 4295 4296 4294
f 4299 4298 4297
f 4297 4298 4296
f 4299 4300 4298
f 4291 4292 4301
f 4301 4292 4302
f 4291 4303 4295
f 4291 4301 4303
f 4295 4304 4297
f 4295 4303 4304
f 4297 4305 4299
f 4297 4304 4305
f 4300 4299 4306
f 4306 4299 4305
f 4301 4302 4307
f 4307 4302 4308
f 4301 4309 4303
f 4301 4307 4309
f 4303 4310 4304
f 4303 4309 4310
f 4304 4311 4305
f 4304 4310 4311
f 4306 4305 4312
f 4312 4305 4311
f 4307 4308 4313
f 4313 4308 4314
f 4307 4315 4309
f 4307 4313 4315
f 4309 4316 4310
f 4309 4315 4316
f 4318 4311 4317
f 4311 4316 4317
f 4311 4310 4316
f 4311 4318 4312
f 4313 4314 4319
f 4319 4314 4320
f 4313 4321 4315
f 4313 4319 4321
f 4315 4322 4316
f 4315 4321 4322
f 4317 4316 4323
f 4323 4316 4322
f 4326 4325 4324
f 4326 4324 4320
f 4324 4319 4320
f 4324 4327 4319
f 4319 4328 4321
f 4319 4327 4328
f 4330 4322 4329
f 4322 4328 4329
f 4322 4321 4328
f 4322 4330 4323
f 4325 4331 4324
f 4333 4332 4331
f 4332 4324 4331
f 4332 4327 4324
f 4335 4328 4334
f 4328 4332 4334
f 4328 4327 4332
f 4328 4335 4329
f 4333 4336 4332
f 4332 4336 4334
f 4339 4338 4337
f 4337 4340 4339
f 4337 4338 4341
f 4341 4338 4342
f 4340 4337 4343
f 4337 4344 4343
f 4337 4341 4344
f 4346 4345 4344
f 4344 4345 4343
f 4348 4347 4346
f 4346 4347 4345
f 4348 4349 4347
f 4352 4351 4350
f 4352 4350 4342
f 4350 4341 4342
f 4350 4353 4341
f 4353 4292 4293
f 4344 4353 4293
f 4341 4353 4344
f 4344 4293 4294
f 4344 4294 4346
f 4346 4294 4296
f 4346 4296 4348
f 4354 4349 4348
f 4296 4354 4348
f 4298 4354 4296
f 4298 4300 4354
f 4354 4300 4355
f 4351 4356 4350
f 4358 4357 4356
f 4357 4350 4356
f 4357 4353 4350
f 4357 4302 4292
f 4357 4292 4353
f 4306 4360 4359
f 4355 4306 4359
f 4300 4306 4355
f 4360 4361 4359
f 4357 4358 4362
f 4362 4358 4363
f 4362 4308 4302
f 4362 4302 4357
f 4312 4364 4360
f 4312 4360 4306
f 4361 4360 4365
f 4360 4366 4365
f 4360 4364 4366
f 4366 4367 4365
f 4362 4363 4368
f 4368 4363 4369
f 4368 4314 4308
f 4368 4308 4362
f 4317 4370 4318
f 4364 4312 4318
f 4370 4364 4318
f 4371 4364 4370
f 4364 4372 4366
f 4364 4371 4372
f 4367 4366 4373
f 4373 4366 4372
f 4368 4369 4374
f 4374 4369 4375
f 4374 4320 4314
f 4374 4314 4368
f 4323 4376 4370
f 4323 4370 4317
f 4370 4377 4371
f 4370 4376 4377
f 4371 4378 4372
f 4371 4377 4378
f 4373 4372 4379
f 4379 4372 4378
f 4382 4381 4380
f 4382 4380 4375
f 4375 4380 4374
f 4380 4325 4374
f 4325 4326 4374
f 4374 4326 4320
f 4329 4383 4330
f 4376 4323 4330
f 4383 4376 4330
f 4384 4376 4383
f 4376 4385 4377
f 4376 4384 4385
f 4377 4386 4378
f 4377 4385 4386
f 4379 4378 4387
f 4387 4378 4386
f 4390 4389 4388
f 4392 4391 4388
f 4388 4391 4390
f 4392 4393 4391
f 4380 4381 4394
f 4394 4381 4395
f 4396 4331 4325
f 4380 4396 4325
f 4394 4396 4380
f 4396 4333 4331
f 4334 4397 4335
f 4383 4329 4335
f 4397 4383 4335
f 4398 4383 4397
f 4383 4399 4384
f 4383 4398 4399
f 4384 4400 4385
f 4384 4399 4400
f 4402 4386 4401
f 4386 4400 4401
f 4386 4385 4400
f 4386 4402 4387
f 4405 4404 4403
f 4405 4403 4389
f 4403 4388 4389
f 4403 4406 4388
f 4388 4407 4392
f 4388 4406 4407
f 4393 4392 4408
f 4408 4392 4407
f 4394 4395 4409
f 4409 4395 4410
f 4394 4411 4396
f 4394 4409 4411
f 4412 4336 4333
f 4396 4412 4333
f 4411 4412 4396
f 4397 4334 4336
f 4412 4397 4336
f 4413 4397 4412
f 4397 4414 4398
f 4397 4413 4414
f 4398 4415 4399
f 4398 4414 4415
f 4417 4400 4416
f 4400 4415 4416
f 4400 4399 4415
f 4400 4417 4401
f 4403 4404 4418
f 4418 4404 4419
f 4403 4420 4406
f 4403 4418 4420
f 4406 4421 4407
f 4406 4420 4421
f 4408 4407 4422
f 4407 4423 4422
f 4407 4421 4423
f 4423 4424 4422
f 4409 4410 4425
f 4425 4410 4426
f 4409 4427 4411
f 4409 4425 4427
f 4411 4428 4412
f 4411 4427 4428
f 4412 4429 4413
f 4412 4428 4429
f 4431 4414 4430
f 4414 4429 4430
f 4414 4413 4429
f 4433 4432 4431
f 4432 4414 4431
f 4432 4415 4414
f 4416 4415 4434
f 4434 4415 4432
f 4418 4419 4435
f 4435 4419 4436
f 4438 4420 4437
f 4420 4435 4437
f 4420 4418 4435
f 4440 4439 4438
f 4439 4420 4438
f 4439 4421 4420
f 4421 4441 4423
f 4421 4439 4441
f 4424 4423 4442
f 4423 4443 4442
f 4423 4441 4443
f 4442 4443 4426
f 4443 4425 4426
f 4443 4444 4425
f 4446 4427 4445
f 4427 4444 4445
f 4427 4425 4444
f 4448 4447 4446
f 4447 4427 4446
f 4447 4428 4427
f 4450 4429 4449
f 4429 4447 4449
f 4429 4428 4447
f 4429 4450 4430
f 4432 4433 4451
f 4451 4433 4452
f 4434 4432 4453
f 4453 4432 4451
f 4436 4454 4435
f 4435 4454 4437
f 4440 4455 4439
f 4439 4455 4441
f 4441 4455 4456
f 4441 4456 4443
f 4443 4456 4457
f 4443 4457 4444
f 4444 4457 4458
f 4444 4458 4445
f 4448 4459 4447
f 4447 4459 4449
f 4462 4461 4460
f 4462 4460 4452
f 4460 4451 4452
f 4460 4463 4451
f 4453 4451 4464
f 4464 4451 4463
f 4460 4461 4465
f 4465 4461 4466
f 4468 4463 4467
f 4463 4465 4467
f 4463 4460 4465
f 4463 4468 4464
f 4466 4469 4465
f 4465 4469 4467
f 4472 4471 4470
f 4470 4473 4472
f 4476 4475 4474
f 4478 4477 4474
f 4474 4477 4476
f 4477 4478 4471
f 4471 4478 4470
f 4478 4338 4470
f 4338 4339 4470
f 4480 4479 4340
f 4340 4479 4339
f 4479 4473 4339
f 4473 4470 4339
f 4482 4481 4480
f 4480 4481 4479
f 4484 4483 4482
f 4482 4483 4481
f 4484 4485 4483
f 4474 4475 4486
f 4486 4475 4487
f 4474 4488 4478
f 4474 4486 4488
f 4488 4342 4338
f 4488 4338 4478
f 4343 4480 4340
f 4480 4343 4345
f 4480 4345 4482
f 4482 4345 4347
f 4482 4347 4484
f 4347 4349 4484
f 4349 4485 4484
f 4349 4489 4485
f 4492 4491 4490
f 4490 4493 4492
f 4486 4487 4494
f 4494 4487 4495
f 4494 4351 4352
f 4488 4494 4352
f 4486 4494 4488
f 4488 4352 4342
f 4496 4489 4349
f 4496 4349 4354
f 4354 4355 4496
f 4496 4355 4497
f 4491 4498 4490
f 4501 4500 4499
f 4490 4498 4493
f 4499 4500 4495
f 4500 4494 4495
f 4500 4502 4494
f 4503 4356 4351
f 4494 4503 4351
f 4502 4503 4494
f 4503 4358 4356
f 4504 4497 4355
f 4504 4355 4359
f 4359 4361 4504
f 4504 4361 4505
f 4508 4507 4506
f 4506 4509 4508
f 4500 4501 4510
f 4510 4501 4511
f 4500 4512 4502
f 4500 4510 4512
f 4502 4513 4503
f 4502 4512 4513
f 4513 4363 4358
f 4513 4358 4503
f 4514 4505 4361
f 4514 4361 4365
f 4365 4367 4514
f 4514 4367 4515
f 4506 4507 4516
f 4516 4507 4517
f 4509 4506 4518
f 4506 4519 4518
f 4506 4516 4519
f 4518 4519 4511
f 4519 4510 4511
f 4519 4520 4510
f 4510 4521 4512
f 4510 4520 4521
f 4512 4522 4513
f 4512 4521 4522
f 4522 4369 4363
f 4522 4363 4513
f 4373 4515 4367
f 4373 4523 4515
f 4526 4525 4524
f 4526 4524 4517
f 4524 4516 4517
f 4524 4527 4516
f 4516 4528 4519
f 4516 4527 4528
f 4519 4529 4520
f 4519 4528 4529
f 4520 4530 4521
f 4520 4529 4530
f 4521 4531 4522
f 4521 4530 4531
f 4531 4375 4369
f 4531 4369 4522
f 4379 4533 4532
f 4523 4379 4532
f 4373 4379 4523
f 4535 4534 4533
f 4533 4534 4532
f 4535 4536 4534
f 4539 4538 4537
f 4539 4537 4525
f 4537 4524 4525
f 4537 4540 4524
f 4524 4541 4527
f 4524 4540 4541
f 4527 4542 4528
f 4527 4541 4542
f 4528 4543 4529
f 4528 4542 4543
f 4529 4544 4530
f 4529 4543 4544
f 4544 4381 4382
f 4531 4544 4382
f 4530 4544 4531
f 4531 4382 4375
f 4546 4545 4533
f 4379 4546 4533
f 4387 4546 4379
f 4548 4547 4545
f 4547 4533 4545
f 4547 4535 4533
f 4536 4535 4549
f 4549 4535 4547
f 4537 4538 4550
f 4550 4538 4551
f 4537 4552 4540
f 4537 4550 4552
f 4552 4389 4390
f 4541 4552 4390
f 4540 4552 4541
f 4541 4390 4391
f 4541 4391 4542
f 4542 4391 4393
f 4553 4542 4393
f 4543 4542 4553
f 4543 4554 4544
f 4543 4553 4554
f 4554 4395 4381
f 4554 4381 4544
f 4401 4555 4402
f 4555 4556 4402
f 4556 4387 4402
f 4556 4546 4387
f 4548 4557 4547
f 4547 4557 4549
f 4550 4551 4558
f 4558 4551 4559
f 4558 4404 4405
f 4552 4558 4405
f 4550 4558 4552
f 4552 4405 4389
f 4408 4560 4553
f 4408 4553 4393
f 4553 4561 4554
f 4553 4560 4561
f 4561 4410 4395
f 4561 4395 4554
f 4416 4562 4417
f 4562 4563 4417
f 4417 4563 4401
f 4563 4564 4401
f 4564 4555 4401
f 4555 4564 4556
f 4558 4559 4565
f 4565 4559 4566
f 4565 4419 4404
f 4565 4404 4558
f 4422 4560 4408
f 4560 4422 4424
f 4567 4560 4424
f 4561 4560 4567
f 4567 4426 4410
f 4567 4410 4561
f 4430 4568 4431
f 4568 4433 4431
f 4434 4569 4562
f 4434 4562 4416
f 4563 4562 4570
f 4570 4562 4569
f 4573 4572 4571
f 4573 4571 4566
f 4571 4565 4566
f 4571 4574 4565
f 4574 4436 4419
f 4574 4419 4565
f 4437 4575 4438
f 4575 4440 4438
f 4442 4567 4424
f 4567 4442 4426
f 4445 4576 4446
f 4576 4448 4446
f 4449 4577 4450
f 4568 4430 4450
f 4577 4568 4450
f 4578 4568 4577
f 4578 4452 4433
f 4578 4433 4568
f 4580 4579 4569
f 4434 4580 4569
f 4453 4580 4434
f 4569 4579 4570
f 4571 4572 4581
f 4581 4572 4582
f 4571 4583 4574
f 4571 4581 4583
f 4584 4454 4436
f 4574 4584 4436
f 4583 4584 4574
f 4575 4437 4454
f 4584 4575 4454
f 4585 4575 4584
f 4586 4455 4440
f 4575 4586 4440
f 4585 4586 4575
f 4587 4456 4455
f 4587 4455 4586
f 4588 4457 4456
f 4588 4456 4587
f 4589 4458 4457
f 4589 4457 4588
f 4576 4445 4458
f 4589 4576 4458
f 4590 4576 4589
f 4591 4459 4448
f 4576 4591 4448
f 4590 4591 4576
f 4577 4449 4459
f 4591 4577 4459
f 4592 4577 4591
f 4592 4461 4462
f 4578 4592 4462
f 4577 4592 4578
f 4578 4462 4452
f 4464 4594 4593
f 4580 4464 4593
f 4453 4464 4580
f 4594 4595 4593
f 4582 4596 4581
f 4598 4597 4596
f 4597 4581 4596
f 4597 4583 4581
f 4583 4599 4584
f 4583 4597 4599
f 4584 4600 4585
f 4584 4599 4600
f 4585 4601 4586
f 4585 4600 4601
f 4586 4602 4587
f 4586 4601 4602
f 4587 4603 4588
f 4587 4602 4603
f 4588 4604 4589
f 4588 4603 4604
f 4589 4605 4590
f 4589 4604 4605
f 4590 4606 4591
f 4590 4605 4606
f 4591 4607 4592
f 4591 4606 4607
f 4607 4466 4461
f 4607 4461 4592
f 4467 4608 4468
f 4594 4464 4468
f 4608 4594 4468
f 4609 4594 4608
f 4595 4594 4610
f 4610 4594 4609
f 4597 4598 4611
f 4611 4598 4612
f 4597 4613 4599
f 4597 4611 4613
f 4615 4600 4614
f 4600 4613 4614
f 4600 4599 4613
f 4617 4616 4615
f 4616 4600 4615
f 4616 4601 4600
f 4601 4618 4602
f 4601 4616 4618
f 4602 4619 4603
f 4602 4618 4619
f 4603 4620 4604
f 4603 4619 4620
f 4604 4621 4605
f 4604 4620 4621
f 4605 4622 4606
f 4605 4621 4622
f 4606 4623 4607
f 4606 4622 4623
f 4624 4469 4466
f 4607 4624 4466
f 4623 4624 4607
f 4608 4467 4469
f 4624 4608 4469
f 4625 4608 4624
f 4608 4626 4609
f 4608 4625 4626
f 4610 4609 4627
f 4627 4609 4626
f 4630 4629 4628
f 4630 4628 4612
f 4628 4611 4612
f 4628 4631 4611
f 4633 4613 4632
f 4613 4631 4632
f 4613 4611 4631
f 4613 4633 4614
f 4617 4634 4616
f 4636 4635 4634
f 4635 4616 4634
f 4635 4618 4616
f 4618 4637 4619
f 4618 4635 4637
f 4619 4638 4620
f 4619 4637 4638
f 4620 4639 4621
f 4620 4638 4639
f 4621 4640 4622
f 4621 4639 4640
f 4622 4641 4623
f 4622 4640 4641
f 4623 4642 4624
f 4623 4641 4642
f 4624 4643 4625
f 4624 4642 4643
f 4625 4644 4626
f 4625 4643 4644
f 4627 4626 4645
f 4645 4626 4644
f 4629 4646 4628
f 4628 4646 4631
f 4631 4646 4647
f 4631 4647 4632
f 4636 4648 4635
f 4650 4649 4648
f 4649 4635 4648
f 4649 4637 4635
f 4637 4651 4638
f 4637 4649 4651
f 4653 4639 4652
f 4639 4651 4652
f 4639 4638 4651
f 4639 4653 4640
f 4640 4653 4654
f 4640 4654 4641
f 4641 4654 4655
f 4641 4655 4642
f 4642 4655 4656
f 4642 4656 4643
f 4643 4656 4657
f 4643 4657 4644
f 4644 4657 4658
f 4644 4658 4645
f 4650 4659 4649
f 4649 4659 4651
f 4651 4659 4660
f 4651 4660 4652
f 4662 4661 4472
f 4472 4661 4471
f 4664 4663 4473
f 4663 4472 4473
f 4663 4662 4472
f 4666 4665 4664
f 4664 4665 4663
f 4668 4667 4666
f 4666 4667 4665
f 4668 4669 4667
f 4672 4671 4670
f 4670 4673 4672
f 4675 4674 4476
f 4476 4674 4475
f 4676 4476 4477
f 4676 4675 4476
f 4477 4471 4661
f 4477 4661 4676
f 4479 4664 4473
f 4664 4479 4481
f 4664 4481 4666
f 4666 4481 4483
f 4666 4483 4668
f 4483 4485 4668
f 4485 4669 4668
f 4485 4677 4669
f 4670 4671 4678
f 4678 4671 4679
f 4673 4670 4680
f 4670 4681 4680
f 4670 4678 4681
f 4674 4680 4681
f 4487 4674 4681
f 4475 4674 4487
f 4489 4683 4682
f 4677 4489 4682
f 4485 4489 4677
f 4683 4684 4682
f 4687 4686 4685
f 4687 4685 4679
f 4679 4685 4678
f 4685 4491 4678
f 4491 4492 4678
f 4678 4492 4493
f 4688 4678 4493
f 4681 4678 4688
f 4688 4495 4487
f 4688 4487 4681
f 4496 4683 4489
f 4496 4497 4683
f 4497 4684 4683
f 4497 4689 4684
f 4692 4691 4690
f 4692 4690 4686
f 4690 4685 4686
f 4690 4693 4685
f 4694 4498 4491
f 4685 4694 4491
f 4693 4694 4685
f 4694 4493 4498
f 4694 4688 4493
f 4694 4501 4499
f 4688 4694 4499
f 4688 4499 4495
f 4695 4689 4497
f 4695 4497 4504
f 4697 4696 4505
f 4696 4504 4505
f 4696 4695 4504
f 4699 4698 4697
f 4697 4698 4696
f 4699 4700 4698
f 4703 4702 4701
f 4703 4701 4691
f 4701 4690 4691
f 4701 4704 4690
f 4704 4507 4508
f 4693 4704 4508
f 4690 4704 4693
f 4693 4508 4509
f 4705 4693 4509
f 4694 4693 4705
f 4705 4511 4501
f 4705 4501 4694
f 4514 4697 4505
f 4697 4514 4515
f 4706 4697 4515
f 4699 4697 4706
f 4700 4699 4707
f 4707 4699 4706
f 4701 4702 4708
f 4708 4702 4709
f 4701 4710 4704
f 4701 4708 4710
f 4710 4517 4507
f 4710 4507 4704
f 4518 4705 4509
f 4705 4518 4511
f 4523 4711 4706
f 4523 4706 4515
f 4707 4706 4712
f 4706 4713 4712
f 4706 4711 4713
f 4713 4714 4712
f 4708 4709 4715
f 4715 4709 4716
f 4715 4525 4526
f 4710 4715 4526
f 4708 4715 4710
f 4710 4526 4517
f 4532 4711 4523
f 4711 4532 4534
f 4711 4534 4713
f 4534 4536 4713
f 4536 4714 4713
f 4536 4717 4714
f 4715 4716 4539
f 4716 4538 4539
f 4716 4718 4538
f 4715 4539 4525
f 4546 4719 4545
f 4719 4548 4545
f 4549 4717 4536
f 4549 4720 4717
f 4718 4551 4538
f 4721 4551 4718
f 4556 4722 4719
f 4556 4719 4546
f 4723 4557 4548
f 4719 4723 4548
f 4722 4723 4719
f 4723 4724 4557
f 4724 4549 4557
f 4724 4720 4549
f 4721 4559 4551
f 4725 4559 4721
f 4563 4726 4564
f 4726 4727 4564
f 4564 4727 4556
f 4727 4728 4556
f 4728 4722 4556
f 4722 4728 4723
f 4723 4728 4729
f 4723 4729 4724
f 4725 4566 4559
f 4730 4566 4725
f 4732 4731 4726
f 4563 4732 4726
f 4570 4732 4563
f 4726 4731 4727
f 4734 4733 4573
f 4573 4733 4572
f 4573 4566 4730
f 4573 4730 4734
f 4580 4735 4579
f 4735 4736 4579
f 4736 4570 4579
f 4736 4732 4570
f 4739 4738 4737
f 4737 4740 4739
f 4733 4582 4572
f 4741 4582 4733
f 4593 4735 4580
f 4593 4595 4735
f 4595 4736 4735
f 4595 4742 4736
f 4738 4743 4737
f 4737 4743 4740
f 4596 4582 4744
f 4582 4745 4744
f 4582 4741 4745
f 4744 4598 4596
f 4610 4747 4746
f 4742 4610 4746
f 4595 4610 4742
f 4747 4748 4746
f 4744 4745 4749
f 4749 4745 4750
f 4749 4612 4598
f 4749 4598 4744
f 4614 4751 4615
f 4751 4617 4615
f 4627 4752 4747
f 4627 4747 4610
f 4748 4747 4753
f 4753 4747 4752
f 4749 4750 4630
f 4750 4629 4630
f 4750 4754 4629
f 4749 4630 4612
f 4632 4755 4633
f 4751 4614 4633
f 4755 4751 4633
f 4756 4751 4755
f 4757 4634 4617
f 4751 4757 4617
f 4756 4757 4751
f 4757 4636 4634
f 4645 4758 4752
f 4645 4752 4627
f 4753 4752 4759
f 4759 4752 4758
f 4646 4629 4760
f 4629 4761 4760
f 4629 4754 4761
f 4762 4647 4646
f 4762 4646 4760
f 4755 4632 4647
f 4762 4755 4647
f 4763 4755 4762
f 4755 4764 4756
f 4755 4763 4764
f 4756 4765 4757
f 4756 4764 4765
f 4766 4648 4636
f 4757 4766 4636
f 4765 4766 4757
f 4766 4650 4648
f 4652 4767 4653
f 4768 4654 4653
f 4768 4653 4767
f 4769 4655 4654
f 4769 4654 4768
f 4770 4656 4655
f 4770 4655 4769
f 4771 4657 4656
f 4771 4656 4770
f 4772 4658 4657
f 4772 4657 4771
f 4772 4773 4658
f 4658 4773 4645
f 4773 4774 4645
f 4774 4758 4645
f 4758 4774 4759
f 4761 4775 4760
f 4760 4775 4762
f 4762 4775 4776
f 4762 4776 4763
f 4763 4776 4777
f 4763 4777 4764
f 4764 4777 4778
f 4780 4779 4778
f 4779 4764 4778
f 4779 4765 4764
f 4765 4781 4766
f 4765 4779 4781
f 4782 4659 4650
f 4766 4782 4650
f 4781 4782 4766
f 4783 4660 4659
f 4783 4659 4782
f 4783 4784 4660
f 4660 4784 4652
f 4784 4785 4652
f 4785 4767 4652
f 4787 4786 4785
f 4786 4767 4785
f 4786 4768 4767
f 4768 4788 4769
f 4768 4786 4788
f 4769 4789 4770
f 4769 4788 4789
f 4791 4771 4790
f 4771 4789 4790
f 4771 4770 4789
f 4771 4791 4772
f 4772 4791 4792
f 4772 4792 4773
f 4779 4780 4793
f 4793 4780 4794
f 4779 4795 4781
f 4779 4793 4795
f 4797 4782 4796
f 4782 4795 4796
f 4782 4781 4795
f 4782 4797 4783
f 4783 4797 4798
f 4783 4798 4784
f 4786 4787 4799
f 4799 4787 4800
f 4786 4801 4788
f 4786 4799 4801
f 4788 4802 4789
f 4788 4801 4802
f 4790 4789 4803
f 4803 4789 4802
f 4794 4804 4793
f 4793 4804 4795
f 4795 4804 4805
f 4795 4805 4796
f 4800 4806 4799
f 4808 4807 4806
f 4807 4799 4806
f 4807 4801 4799
f 4801 4809 4802
f 4801 4807 4809
f 4803 4802 4810
f 4810 4802 4809
f 4808 4811 4807
f 4807 4811 4809
f 4809 4811 4812
f 4809 4812 4810
f 4815 4814 4813
f 4813 4816 4815
f 4819 4818 4817
f 4817 4820 4819
f 4823 4822 4821
f 4661 4662 4821
f 4662 4823 4821
f 4662 4824 4823
f 4825 4662 4663
f 4825 4824 4662
f 4826 4663 4665
f 4826 4825 4663
f 4827 4665 4667
f 4827 4826 4665
f 4828 4813 4669
f 4813 4827 4669
f 4827 4667 4669
f 4813 4814 4827
f 4816 4813 4829
f 4829 4813 4828
f 4832 4831 4830
f 4832 4830 4818
f 4818 4830 4817
f 4830 4671 4817
f 4671 4672 4817
f 4834 4833 4673
f 4673 4833 4672
f 4833 4820 4672
f 4820 4817 4672
f 4674 4675 4834
f 4675 4833 4834
f 4675 4835 4833
f 4676 4821 4822
f 4835 4676 4822
f 4675 4676 4835
f 4821 4676 4661
f 4677 4836 4828
f 4677 4828 4669
f 4829 4828 4837
f 4837 4828 4836
f 4840 4839 4838
f 4840 4838 4831
f 4838 4830 4831
f 4838 4841 4830
f 4841 4679 4671
f 4841 4671 4830
f 4680 4834 4673
f 4834 4680 4674
f 4682 4836 4677
f 4682 4684 4836
f 4684 4837 4836
f 4684 4842 4837
f 4845 4844 4843
f 4845 4843 4839
f 4843 4838 4839
f 4843 4846 4838
f 4846 4686 4687
f 4841 4846 4687
f 4838 4846 4841
f 4841 4687 4679
f 4689 4848 4847
f 4842 4689 4847
f 4684 4689 4842
f 4850 4849 4848
f 4848 4849 4847
f 4850 4851 4849
f 4843 4844 4852
f 4852 4844 4853
f 4852 4691 4692
f 4846 4852 4692
f 4843 4852 4846
f 4846 4692 4686
f 4695 4848 4689
f 4848 4695 4696
f 4848 4696 4850
f 4854 4851 4850
f 4696 4854 4850
f 4698 4854 4696
f 4856 4855 4700
f 4855 4698 4700
f 4855 4854 4698
f 4856 4857 4855
f 4852 4853 4703
f 4853 4702 4703
f 4853 4858 4702
f 4852 4703 4691
f 4707 4859 4856
f 4707 4856 4700
f 4857 4856 4860
f 4860 4856 4859
f 4858 4709 4702
f 4861 4709 4858
f 4712 4859 4707
f 4712 4714 4859
f 4714 4860 4859
f 4714 4862 4860
f 4865 4864 4863
f 4861 4865 4863
f 4716 4861 4863
f 4709 4861 4716
f 4717 4867 4866
f 4862 4717 4866
f 4714 4717 4862
f 4867 4868 4866
f 4863 4864 4869
f 4869 4864 4870
f 4869 4718 4716
f 4869 4716 4863
f 4720 4871 4867
f 4720 4867 4717
f 4868 4867 4872
f 4872 4867 4871
f 4869 4870 4873
f 4873 4870 4874
f 4873 4721 4718
f 4873 4718 4869
f 4724 4875 4871
f 4724 4871 4720
f 4872 4871 4876
f 4876 4871 4875
f 4873 4874 4877
f 4877 4874 4878
f 4877 4725 4721
f 4877 4721 4873
f 4727 4879 4728
f 4880 4729 4728
f 4880 4728 4879
f 4875 4724 4729
f 4880 4875 4729
f 4881 4875 4880
f 4876 4875 4882
f 4882 4875 4881
f 4877 4878 4883
f 4883 4878 4884
f 4883 4730 4725
f 4883 4725 4877
f 4732 4885 4731
f 4879 4727 4731
f 4885 4879 4731
f 4886 4879 4885
f 4879 4887 4880
f 4879 4886 4887
f 4889 4881 4888
f 4881 4887 4888
f 4881 4880 4887
f 4881 4889 4882
f 4883 4884 4734
f 4884 4733 4734
f 4884 4890 4733
f 4883 4734 4730
f 4736 4891 4885
f 4736 4885 4732
f 4891 4738 4739
f 4886 4891 4739
f 4885 4891 4886
f 4886 4739 4740
f 4892 4886 4740
f 4887 4886 4892
f 4888 4887 4893
f 4893 4887 4892
f 4890 4741 4733
f 4894 4741 4890
f 4742 4895 4891
f 4742 4891 4736
f 4896 4743 4738
f 4891 4896 4738
f 4895 4896 4891
f 4892 4740 4743
f 4896 4892 4743
f 4897 4892 4896
f 4893 4892 4898
f 4898 4892 4897
f 4894 4745 4741
f 4899 4745 4894
f 4746 4895 4742
f 4895 4746 4748
f 4900 4895 4748
f 4896 4895 4900
f 4902 4897 4901
f 4897 4900 4901
f 4897 4896 4900
f 4897 4902 4898
f 4899 4750 4745
f 4903 4750 4899
f 4905 4904 4900
f 4748 4905 4900
f 4753 4905 4748
f 4900 4904 4901
f 4903 4754 4750
f 4906 4754 4903
f 4759 4905 4753
f 4759 4907 4905
f 4906 4761 4754
f 4908 4761 4906
f 4910 4909 4774
f 4910 4774 4773
f 4759 4774 4907
f 4907 4774 4909
f 4775 4761 4911
f 4761 4912 4911
f 4761 4908 4912
f 4913 4776 4775
f 4913 4775 4911
f 4914 4777 4776
f 4914 4776 4913
f 4915 4778 4777
f 4915 4777 4914
f 4915 4780 4778
f 4784 4916 4785
f 4916 4787 4785
f 4790 4917 4791
f 4791 4917 4918
f 4919 4791 4918
f 4792 4791 4919
f 4773 4792 4910
f 4910 4792 4919
f 4912 4920 4911
f 4911 4920 4913
f 4913 4920 4921
f 4913 4921 4914
f 4914 4921 4922
f 4914 4922 4915
f 4915 4922 4923
f 4780 4915 4923
f 4924 4780 4923
f 4794 4780 4924
f 4796 4925 4797
f 4926 4798 4797
f 4926 4797 4925
f 4916 4784 4798
f 4926 4916 4798
f 4927 4916 4926
f 4927 4800 4787
f 4927 4787 4916
f 4929 4928 4917
f 4790 4929 4917
f 4803 4929 4790
f 4917 4928 4918
f 4804 4794 4930
f 4794 4931 4930
f 4794 4924 4931
f 4932 4805 4804
f 4932 4804 4930
f 4925 4796 4805
f 4932 4925 4805
f 4933 4925 4932
f 4925 4934 4926
f 4925 4933 4934
f 4926 4935 4927
f 4926 4934 4935
f 4936 4806 4800
f 4927 4936 4800
f 4935 4936 4927
f 4936 4808 4806
f 4810 4929 4803
f 4810 4937 4929
f 4930 4931 4938
f 4938 4931 4939
f 4941 4932 4940
f 4932 4938 4940
f 4932 4930 4938
f 4943 4942 4941
f 4942 4932 4941
f 4942 4933 4932
f 4945 4934 4944
f 4934 4942 4944
f 4934 4933 4942
f 4934 4945 4935
f 4935 4945 4946
f 4948 4947 4946
f 4947 4935 4946
f 4947 4936 4935
f 4949 4811 4808
f 4936 4949 4808
f 4947 4949 4936
f 4811 4949 4950
f 4951 4811 4950
f 4812 4811 4951
f 4810 4812 4937
f 4937 4812 4951
f 4939 4952 4938
f 4938 4952 4940
f 4943 4953 4942
f 4942 4953 4944
f 4948 4954 4947
f 4947 4954 4949
f 4949 4954 4955
f 4949 4955 4950
f 4958 4957 4956
f 4960 4959 4956
f 4956 4959 4958
f 4960 4961 4959
f 4964 4963 4962
f 4966 4965 4962
f 4962 4965 4964
f 4966 4967 4965
f 4956 4957 4968
f 4968 4957 4969
f 4956 4970 4960
f 4956 4968 4970
f 4961 4960 4971
f 4960 4972 4971
f 4960 4970 4972
f 4971 4972 4963
f 4972 4962 4963
f 4972 4973 4962
f 4962 4974 4966
f 4962 4973 4974
f 4967 4966 4975
f 4966 4976 4975
f 4966 4974 4976
f 4976 4977 4975
f 4968 4969 4978
f 4978 4969 4979
f 4968 4980 4970
f 4968 4978 4980
f 4970 4981 4972
f 4970 4980 4981
f 4972 4982 4973
f 4972 4981 4982
f 4973 4983 4974
f 4973 4982 4983
f 4974 4984 4976
f 4974 4983 4984
f 4977 4976 4985
f 4976 4986 4985
f 4976 4984 4986
f 4988 4987 4986
f 4986 4987 4985
f 4988 4989 4987
f 4979 4990 4978
f 4992 4991 4990
f 4991 4978 4990
f 4991 4980 4978
f 4980 4993 4981
f 4980 4991 4993
f 4981 4994 4982
f 4981 4993 4994
f 4982 4995 4983
f 4982 4994 4995
f 4983 4996 4984
f 4983 4995 4996
f 4984 4997 4986
f 4984 4996 4997
f 4986 4998 4988
f 4986 4997 4998
f 4989 4988 4999
f 4999 4988 4998
f 4991 4992 5000
f 5000 4992 5001
f 4991 5002 4993
f 4991 5000 5002
f 4993 5003 4994
f 4993 5002 5003
f 4994 5004 4995
f 4994 5003 5004
f 5004 4814 4815
f 4996 5004 4815
f 4995 5004 4996
f 4996 4815 4816
f 5005 4996 4816
f 4997 4996 5005
f 4997 5006 4998
f 4997 5005 5006
f 4999 4998 5007
f 4998 5008 5007
f 4998 5006 5008
f 5008 5009 5007
f 5012 5011 5010
f 4818 4819 5010
f 4819 5012 5010
f 4819 5013 5012
f 5015 5014 4820
f 5014 4819 4820
f 5014 5013 4819
f 5017 5016 5015
f 5015 5016 5014
f 4822 4823 5017
f 4823 5016 5017
f 4823 5018 5016
f 4824 5000 5001
f 5018 4824 5001
f 4823 4824 5018
f 5000 4824 4825
f 5000 4825 5002
f 5002 4825 4826
f 5002 4826 5003
f 5003 4826 4827
f 5003 4827 5004
f 5004 4827 4814
f 5020 5019 5005
f 4816 5020 5005
f 4829 5020 4816
f 5005 5019 5006
f 5006 5019 5021
f 5006 5021 5008
f 5008 5021 5022
f 5008 5022 5009
f 5025 5024 5023
f 5025 5023 5011
f 5011 5023 5010
f 5023 4831 5010
f 4831 4832 5010
f 5010 4832 4818
f 4833 5015 4820
f 5015 4833 4835
f 5015 4835 5017
f 5017 4835 4822
f 4837 5020 4829
f 4837 5026 5020
f 5023 5024 4840
f 5024 4839 4840
f 5024 5027 4839
f 5023 4840 4831
f 4842 5029 5028
f 5026 4842 5028
f 4837 4842 5026
f 5031 5030 5029
f 5029 5030 5028
f 5031 5032 5030
f 5035 5034 5033
f 5033 5036 5035
f 5038 5037 4845
f 4845 5037 4844
f 4845 4839 5027
f 4845 5027 5038
f 4847 5029 4842
f 5029 4847 4849
f 5029 4849 5031
f 5040 5039 4851
f 4851 5039 4849
f 5039 5032 4849
f 5032 5031 4849
f 5042 5041 5040
f 5040 5041 5039
f 5042 5043 5041
f 5034 5044 5033
f 5033 5044 5036
f 5047 5046 5045
f 5037 5047 5045
f 4853 5037 5045
f 4844 5037 4853
f 4854 5040 4851
f 5040 4854 4855
f 5040 4855 5042
f 4855 4857 5042
f 4857 5043 5042
f 4857 5048 5043
f 5045 5046 5049
f 5049 5046 5050
f 5049 4858 4853
f 5049 4853 5045
f 4860 5052 5051
f 5048 4860 5051
f 4857 4860 5048
f 5052 5053 5051
f 5049 5050 5054
f 5054 5050 5055
f 5054 4861 4858
f 5054 4858 5049
f 4862 5056 5052
f 4862 5052 4860
f 5053 5052 5057
f 5057 5052 5056
f 5054 5055 4865
f 5055 4864 4865
f 5055 5058 4864
f 5054 4865 4861
f 4866 5056 4862
f 4866 4868 5056
f 4868 5057 5056
f 4868 5059 5057
f 5058 4870 4864
f 5060 4870 5058
f 4872 5059 4868
f 4872 5061 5059
f 5064 5063 5062
f 5060 5064 5062
f 4874 5060 5062
f 4870 5060 4874
f 4876 5066 5065
f 5061 4876 5065
f 4872 4876 5061
f 5066 5067 5065
f 5062 5063 5068
f 5068 5063 5069
f 5068 4878 4874
f 5068 4874 5062
f 5071 5070 5066
f 4876 5071 5066
f 4882 5071 4876
f 5066 5070 5067
f 5069 5072 5068
f 4878 5068 5072
f 5073 4878 5072
f 4884 4878 5073
f 5075 5074 4889
f 5075 4889 4888
f 4882 4889 5071
f 5071 4889 5074
f 5073 4890 4884
f 5076 4890 5073
f 4893 5075 4888
f 4893 5077 5075
f 5080 5079 5078
f 5076 5080 5078
f 4894 5076 5078
f 4890 5076 4894
f 4898 5077 4893
f 4898 5081 5077
f 5079 5082 5078
f 4894 5078 5082
f 5083 4894 5082
f 4899 4894 5083
f 5085 5084 4902
f 5085 4902 4901
f 4898 4902 5081
f 5081 4902 5084
f 5083 4903 4899
f 5086 4903 5083
f 5088 5087 4904
f 5088 4904 4905
f 4901 4904 5085
f 5085 4904 5087
f 5086 4906 4903
f 5089 4906 5086
f 4907 5088 4905
f 4907 5090 5088
f 5093 5092 5091
f 5089 5093 5091
f 4908 5089 5091
f 4906 5089 4908
f 4910 5094 4909
f 5094 5095 4909
f 5095 4907 4909
f 5095 5090 4907
f 5091 5092 5096
f 5096 5092 5097
f 5096 4912 4908
f 5096 4908 5091
f 5099 5098 4919
f 5099 4919 4918
f 4910 4919 5094
f 4919 5100 5094
f 4919 5098 5100
f 5094 5100 5095
f 5097 5101 5096
f 5101 5103 5102
f 5101 5102 4920
f 5096 5101 4920
f 4912 5096 4920
f 5104 4921 4920
f 5104 4920 5102
f 5105 4922 4921
f 5105 4921 5104
f 5106 4923 4922
f 5106 4922 5105
f 5106 4924 4923
f 5108 5107 4928
f 5108 4928 4929
f 4918 4928 5099
f 5099 4928 5107
f 5103 5109 5102
f 5111 5110 5109
f 5110 5102 5109
f 5110 5104 5102
f 5104 5112 5105
f 5104 5110 5112
f 5105 5113 5106
f 5105 5112 5113
f 5113 4931 4924
f 5113 4924 5106
f 4937 5108 4929
f 4937 5114 5108
f 5111 5115 5110
f 5117 5116 5115
f 5116 5110 5115
f 5116 5112 5110
f 5112 5118 5113
f 5112 5116 5118
f 5118 4939 4931
f 5118 4931 5113
f 4940 5119 4941
f 5119 4943 4941
f 4944 5120 4945
f 5121 4946 4945
f 5121 4945 5120
f 5121 4948 4946
f 4950 5122 4951
f 5122 5123 4951
f 5123 4937 4951
f 5123 5114 4937
f 5116 5117 5124
f 5124 5117 5125
f 5116 5126 5118
f 5116 5124 5126
f 5127 4952 4939
f 5118 5127 4939
f 5126 5127 5118
f 5119 4940 4952
f 5127 5119 4952
f 5128 5119 5127
f 5129 4953 4943
f 5119 5129 4943
f 5128 5129 5119
f 5120 4944 4953
f 5129 5120 4953
f 5130 5120 5129
f 5120 5131 5121
f 5120 5130 5131
f 5132 4954 4948
f 5121 5132 4948
f 5131 5132 5121
f 5133 4955 4954
f 5133 4954 5132
f 5122 4950 4955
f 5133 5122 4955
f 5134 5122 5133
f 5123 5122 5135
f 5135 5122 5134
f 5124 5125 5136
f 5136 5125 5137
f 5124 5138 5126
f 5124 5136 5138
f 5126 5139 5127
f 5126 5138 5139
f 5127 5140 5128
f 5127 5139 5140
f 5142 5129 5141
f 5129 5140 5141
f 5129 5128 5140
f 5129 5142 5130
f 5130 5142 5143
f 5145 5144 5143
f 5144 5130 5143
f 5144 5131 5130
f 5131 5146 5132
f 5131 5144 5146
f 5132 5147 5133
f 5132 5146 5147
f 5149 5134 5148
f 5134 5147 5148
f 5134 5133 5147
f 5134 5149 5135
f 5137 5150 5136
f 5136 5150 5138
f 5138 5150 5151
f 5153 5152 5151
f 5152 5138 5151
f 5152 5139 5138
f 5155 5140 5154
f 5140 5152 5154
f 5140 5139 5152
f 5140 5155 5141
f 5145 5156 5144
f 5144 5156 5146
f 5146 5156 5157
f 5146 5157 5147
f 5147 5157 5158
f 5147 5158 5148
f 5153 5159 5152
f 5152 5159 5154
f 5162 5161 5160
f 5164 5163 5160
f 5160 5163 5162
f 5164 5165 5163
f 5168 5167 5166
f 5170 5169 5166
f 5166 5169 5168
f 5170 5171 5169
f 5160 5161 5172
f 5172 5161 5173
f 5160 5174 5164
f 5160 5172 5174
f 5165 5164 5175
f 5164 5176 5175
f 5164 5174 5176
f 5178 5177 5176
f 5176 5177 5175
f 5177 5178 5167
f 5178 5166 5167
f 5178 5179 5166
f 5166 5180 5170
f 5166 5179 5180
f 5171 5170 5181
f 5181 5170 5180
f 5184 5183 5182
f 5182 5185 5184
f 5188 5187 5186
f 5186 5189 5188
f 5192 5191 5190
f 5190 5193 5192
f 5172 5173 4958
f 5173 4957 4958
f 5173 5194 4957
f 5172 4958 4959
f 5172 4959 5174
f 5174 4959 4961
f 5195 5174 4961
f 5176 5174 5195
f 5195 4963 4964
f 5178 5195 4964
f 5176 5195 5178
f 5178 4964 4965
f 5178 4965 5179
f 5179 4965 4967
f 5196 5179 4967
f 5180 5179 5196
f 5181 5180 5197
f 5197 5180 5196
f 5200 5199 5198
f 5200 5198 5183
f 5198 5182 5183
f 5198 5201 5182
f 5185 5182 5202
f 5182 5203 5202
f 5182 5201 5203
f 5202 5203 5187
f 5203 5186 5187
f 5203 5204 5186
f 5189 5186 5205
f 5205 5186 5204
f 5190 5191 5206
f 5206 5191 5207
f 5193 5190 5208
f 5190 5209 5208
f 5190 5206 5209
f 5211 5210 5209
f 5209 5210 5208
f 5194 5210 5211
f 4969 5194 5211
f 4957 5194 4969
f 4971 5195 4961
f 5195 4971 4963
f 4975 5196 4967
f 4975 4977 5196
f 4977 5197 5196
f 4977 5212 5197
f 5198 5199 5213
f 5213 5199 5214
f 5198 5215 5201
f 5198 5213 5215
f 5201 5216 5203
f 5201 5215 5216
f 5203 5217 5204
f 5203 5216 5217
f 5205 5204 5218
f 5218 5204 5217
f 5207 5219 5206
f 5221 5220 5219
f 5220 5206 5219
f 5220 5209 5206
f 5209 5222 5211
f 5209 5220 5222
f 5222 4979 4969
f 5222 4969 5211
f 5223 5212 4977
f 5223 4977 4985
f 5224 4985 4987
f 5224 5223 4985
f 5226 5225 4989
f 5225 4987 4989
f 5225 5224 4987
f 5226 5227 5225
f 5213 5214 5228
f 5228 5214 5229
f 5213 5230 5215
f 5213 5228 5230
f 5215 5231 5216
f 5215 5230 5231
f 5216 5232 5217
f 5216 5231 5232
f 5218 5217 5233
f 5233 5217 5232
f 5221 5234 5220
f 5236 5235 5234
f 5235 5220 5234
f 5235 5222 5220
f 5237 4990 4979
f 5222 5237 4979
f 5235 5237 5222
f 5237 4992 4990
f 5239 5238 5226
f 4989 5239 5226
f 4999 5239 4989
f 5226 5238 5227
f 5228 5229 5240
f 5240 5229 5241
f 5228 5242 5230
f 5228 5240 5242
f 5230 5243 5231
f 5230 5242 5243
f 5231 5244 5232
f 5231 5243 5244
f 5233 5232 5245
f 5245 5232 5244
f 5235 5236 5246
f 5246 5236 5247
f 5235 5248 5237
f 5235 5246 5248
f 5248 5001 4992
f 5248 4992 5237
f 5249 5239 4999
f 5249 4999 5007
f 5007 5009 5249
f 5249 5009 5250
f 5253 5252 5251
f 5255 5254 5251
f 5251 5254 5253
f 5254 5255 5241
f 5255 5240 5241
f 5255 5256 5240
f 5240 5257 5242
f 5240 5256 5257
f 5242 5258 5243
f 5242 5257 5258
f 5260 5244 5259
f 5244 5258 5259
f 5244 5243 5258
f 5244 5260 5245
f 5262 5261 5012
f 5012 5261 5011
f 5263 5012 5013
f 5263 5262 5012
f 5264 5013 5014
f 5264 5263 5013
f 5016 5246 5247
f 5264 5016 5247
f 5014 5016 5264
f 5246 5016 5018
f 5246 5018 5248
f 5248 5018 5001
f 5020 5265 5019
f 5266 5021 5019
f 5266 5019 5265
f 5267 5022 5021
f 5267 5021 5266
f 5267 5268 5022
f 5268 5009 5022
f 5268 5250 5009
f 5251 5252 5269
f 5269 5252 5270
f 5251 5271 5255
f 5251 5269 5271
f 5255 5272 5256
f 5255 5271 5272
f 5256 5273 5257
f 5256 5272 5273
f 5257 5274 5258
f 5257 5273 5274
f 5259 5258 5275
f 5275 5258 5274
f 5277 5276 5025
f 5025 5276 5024
f 5025 5011 5261
f 5025 5261 5277
f 5026 5278 5265
f 5026 5265 5020
f 5265 5279 5266
f 5265 5278 5279
f 5266 5280 5267
f 5266 5279 5280
f 5268 5267 5281
f 5267 5282 5281
f 5267 5280 5282
f 5284 5283 5282
f 5282 5283 5281
f 5284 5285 5283
f 5269 5270 5286
f 5286 5270 5287
f 5269 5288 5271
f 5269 5286 5288
f 5271 5289 5272
f 5271 5288 5289
f 5272 5290 5273
f 5272 5289 5290
f 5273 5291 5274
f 5273 5290 5291
f 5275 5274 5292
f 5274 5293 5292
f 5274 5291 5293
f 5293 5294 5292
f 5297 5296 5295
f 5276 5297 5295
f 5027 5276 5295
f 5024 5276 5027
f 5028 5278 5026
f 5278 5028 5030
f 5278 5030 5279
f 5279 5030 5032
f 5298 5279 5032
f 5280 5279 5298
f 5280 5299 5282
f 5280 5298 5299
f 5282 5300 5284
f 5282 5299 5300
f 5285 5284 5301
f 5301 5284 5300
f 5304 5303 5302
f 5306 5305 5302
f 5302 5305 5304
f 5305 5306 5287
f 5306 5286 5287
f 5306 5307 5286
f 5286 5308 5288
f 5286 5307 5308
f 5288 5309 5289
f 5288 5308 5309
f 5289 5310 5290
f 5289 5309 5310
f 5310 5034 5035
f 5291 5310 5035
f 5290 5310 5291
f 5291 5035 5036
f 5311 5291 5036
f 5293 5291 5311
f 5294 5293 5312
f 5293 5313 5312
f 5293 5311 5313
f 5315 5314 5313
f 5313 5314 5312
f 5317 5316 5315
f 5315 5316 5314
f 5316 5317 5296
f 5296 5317 5295
f 5317 5037 5295
f 5037 5038 5295
f 5295 5038 5027
f 5039 5298 5032
f 5298 5039 5041
f 5298 5041 5299
f 5300 5299 5318
f 5299 5043 5318
f 5043 5319 5318
f 5043 5299 5041
f 5300 5318 5301
f 5302 5303 5320
f 5320 5303 5321
f 5302 5322 5306
f 5302 5320 5322
f 5306 5323 5307
f 5306 5322 5323
f 5307 5324 5308
f 5307 5323 5324
f 5308 5325 5309
f 5308 5324 5325
f 5309 5326 5310
f 5309 5325 5326
f 5327 5044 5034
f 5310 5327 5034
f 5326 5327 5310
f 5311 5036 5044
f 5327 5311 5044
f 5328 5311 5327
f 5311 5329 5313
f 5311 5328 5329
f 5313 5330 5315
f 5313 5329 5330
f 5330 5046 5047
f 5317 5330 5047
f 5315 5330 5317
f 5317 5047 5037
f 5048 5332 5331
f 5319 5048 5331
f 5043 5048 5319
f 5332 5333 5331
f 5320 5321 5334
f 5334 5321 5335
f 5320 5336 5322
f 5320 5334 5336
f 5322 5337 5323
f 5322 5336 5337
f 5323 5338 5324
f 5323 5337 5338
f 5324 5339 5325
f 5324 5338 5339
f 5325 5340 5326
f 5325 5339 5340
f 5326 5341 5327
f 5326 5340 5341
f 5327 5342 5328
f 5327 5341 5342
f 5344 5329 5343
f 5329 5342 5343
f 5329 5328 5342
f 5346 5345 5344
f 5345 5329 5344
f 5345 5330 5329
f 5345 5050 5046
f 5345 5046 5330
f 5051 5332 5048
f 5051 5053 5332
f 5053 5333 5332
f 5053 5347 5333
f 5335 5348 5334
f 5334 5348 5336
f 5336 5348 5349
f 5351 5350 5349
f 5350 5336 5349
f 5350 5337 5336
f 5337 5352 5338
f 5337 5350 5352
f 5338 5353 5339
f 5338 5352 5353
f 5339 5354 5340
f 5339 5353 5354
f 5340 5355 5341
f 5340 5354 5355
f 5341 5356 5342
f 5341 5355 5356
f 5343 5342 5357
f 5357 5342 5356
f 5345 5346 5358
f 5358 5346 5359
f 5358 5055 5050
f 5358 5050 5345
f 5057 5361 5360
f 5347 5057 5360
f 5053 5057 5347
f 5361 5362 5360
f 5351 5363 5350
f 5350 5363 5352
f 5352 5363 5364
f 5366 5365 5364
f 5365 5352 5364
f 5365 5353 5352
f 5353 5367 5354
f 5353 5365 5367
f 5354 5368 5355
f 5354 5367 5368
f 5355 5369 5356
f 5355 5368 5369
f 5357 5356 5370
f 5370 5356 5369
f 5358 5359 5371
f 5371 5359 5372
f 5371 5058 5055
f 5371 5055 5358
f 5059 5373 5361
f 5059 5361 5057
f 5362 5361 5374
f 5374 5361 5373
f 5365 5366 5375
f 5375 5366 5376
f 5365 5377 5367
f 5365 5375 5377
f 5367 5378 5368
f 5367 5377 5378
f 5368 5379 5369
f 5368 5378 5379
f 5370 5369 5380
f 5380 5369 5379
f 5371 5372 5381
f 5381 5372 5382
f 5381 5060 5058
f 5381 5058 5371
f 5061 5383 5373
f 5061 5373 5059
f 5374 5373 5384
f 5384 5373 5383
f 5376 5385 5375
f 5387 5386 5385
f 5386 5375 5385
f 5386 5377 5375
f 5377 5388 5378
f 5377 5386 5388
f 5390 5379 5389
f 5379 5388 5389
f 5379 5378 5388
f 5379 5390 5380
f 5381 5382 5064
f 5382 5063 5064
f 5382 5391 5063
f 5381 5064 5060
f 5065 5383 5061
f 5065 5067 5383
f 5067 5384 5383
f 5067 5392 5384
f 5387 5393 5386
f 5386 5393 5388
f 5388 5393 5394
f 5388 5394 5389
f 5391 5069 5063
f 5395 5069 5391
f 5071 5396 5070
f 5396 5397 5070
f 5397 5067 5070
f 5397 5392 5067
f 5072 5069 5398
f 5069 5399 5398
f 5069 5395 5399
f 5398 5073 5072
f 5075 5400 5074
f 5396 5071 5074
f 5400 5396 5074
f 5401 5396 5400
f 5397 5396 5402
f 5402 5396 5401
f 5405 5404 5403
f 5405 5403 5399
f 5403 5398 5399
f 5403 5406 5398
f 5406 5076 5073
f 5406 5073 5398
f 5077 5407 5400
f 5077 5400 5075
f 5400 5408 5401
f 5400 5407 5408
f 5402 5401 5409
f 5409 5401 5408
f 5403 5404 5410
f 5410 5404 5411
f 5410 5079 5080
f 5406 5410 5080
f 5403 5410 5406
f 5406 5080 5076
f 5081 5412 5407
f 5081 5407 5077
f 5407 5413 5408
f 5407 5412 5413
f 5409 5408 5414
f 5414 5408 5413
f 5410 5411 5415
f 5415 5411 5416
f 5417 5082 5079
f 5410 5417 5079
f 5415 5417 5410
f 5417 5083 5082
f 5085 5418 5084
f 5412 5081 5084
f 5418 5412 5084
f 5419 5412 5418
f 5412 5420 5413
f 5412 5419 5420
f 5414 5413 5421
f 5421 5413 5420
f 5416 5422 5415
f 5424 5423 5422
f 5423 5415 5422
f 5423 5417 5415
f 5423 5086 5083
f 5423 5083 5417
f 5088 5425 5087
f 5425 5426 5087
f 5087 5426 5085
f 5426 5427 5085
f 5427 5418 5085
f 5429 5428 5427
f 5428 5418 5427
f 5428 5419 5418
f 5431 5420 5430
f 5420 5428 5430
f 5420 5419 5428
f 5420 5431 5421
f 5424 5432 5423
f 5086 5423 5432
f 5433 5086 5432
f 5089 5086 5433
f 5435 5434 5425
f 5088 5435 5425
f 5090 5435 5088
f 5425 5434 5426
f 5429 5436 5428
f 5428 5436 5430
f 5437 5092 5093
f 5438 5437 5093
f 5089 5438 5093
f 5433 5438 5089
f 5095 5435 5090
f 5095 5439 5435
f 5441 5440 5437
f 5440 5092 5437
f 5440 5097 5092
f 5441 5437 5438
f 5099 5442 5098
f 5098 5442 5443
f 5444 5098 5443
f 5100 5098 5444
f 5095 5100 5439
f 5439 5100 5444
f 5101 5097 5445
f 5097 5446 5445
f 5097 5440 5446
f 5445 5103 5101
f 5448 5447 5107
f 5448 5107 5108
f 5099 5107 5442
f 5107 5449 5442
f 5107 5447 5449
f 5442 5449 5443
f 5445 5446 5450
f 5450 5446 5451
f 5452 5109 5103
f 5445 5452 5103
f 5450 5452 5445
f 5452 5111 5109
f 5114 5448 5108
f 5114 5453 5448
f 5450 5451 5454
f 5454 5451 5455
f 5450 5456 5452
f 5450 5454 5456
f 5457 5115 5111
f 5452 5457 5111
f 5456 5457 5452
f 5457 5117 5115
f 5123 5453 5114
f 5123 5458 5453
f 5454 5455 5459
f 5459 5455 5460
f 5454 5461 5456
f 5454 5459 5461
f 5456 5462 5457
f 5456 5461 5462
f 5462 5125 5117
f 5462 5117 5457
f 5135 5458 5123
f 5135 5463 5458
f 5460 5464 5459
f 5466 5465 5464
f 5465 5459 5464
f 5465 5461 5459
f 5461 5467 5462
f 5461 5465 5467
f 5467 5137 5125
f 5467 5125 5462
f 5141 5468 5142
f 5469 5143 5142
f 5469 5142 5468
f 5469 5145 5143
f 5148 5470 5149
f 5470 5471 5149
f 5471 5135 5149
f 5471 5463 5135
f 5466 5472 5465
f 5474 5473 5472
f 5473 5465 5472
f 5473 5467 5465
f 5475 5150 5137
f 5467 5475 5137
f 5473 5475 5467
f 5476 5151 5150
f 5476 5150 5475
f 5476 5153 5151
f 5154 5477 5155
f 5468 5141 5155
f 5477 5468 5155
f 5478 5468 5477
f 5468 5479 5469
f 5468 5478 5479
f 5480 5156 5145
f 5469 5480 5145
f 5479 5480 5469
f 5156 5480 5481
f 5482 5156 5481
f 5157 5156 5482
f 5157 5483 5158
f 5482 5483 5157
f 5148 5158 5470
f 5158 5484 5470
f 5158 5483 5484
f 5470 5484 5471
f 5474 5485 5473
f 5473 5485 5475
f 5475 5485 5486
f 5475 5486 5476
f 5476 5486 5487
f 5487 5489 5488
f 5487 5488 5159
f 5476 5487 5159
f 5153 5476 5159
f 5477 5154 5159
f 5488 5477 5159
f 5490 5477 5488
f 5492 5478 5491
f 5478 5490 5491
f 5478 5477 5490
f 5494 5493 5492
f 5493 5478 5492
f 5493 5479 5478
f 5496 5480 5495
f 5480 5493 5495
f 5480 5479 5493
f 5480 5496 5481
f 5489 5497 5488
f 5488 5497 5490
f 5490 5497 5498
f 5490 5498 5491
f 5494 5499 5493
f 5493 5499 5495
f 5502 5501 5500
f 5504 5503 5500
f 5500 5503 5502
f 5506 5505 5504
f 5504 5505 5503
f 5506 5507 5505
f 5510 5509 5508
f 5510 5508 5501
f 5508 5500 5501
f 5508 5511 5500
f 5500 5512 5504
f 5500 5511 5512
f 5514 5506 5513
f 5506 5512 5513
f 5506 5504 5512
f 5506 5514 5507
f 5517 5516 5515
f 5519 5518 5515
f 5515 5518 5517
f 5519 5520 5518
f 5523 5522 5521
f 5523 5521 5509
f 5521 5508 5509
f 5521 5524 5508
f 5508 5525 5511
f 5508 5524 5525
f 5527 5512 5526
f 5512 5525 5526
f 5512 5511 5525
f 5512 5527 5513
f 5530 5529 5528
f 5530 5528 5516
f 5528 5515 5516
f 5528 5531 5515
f 5515 5532 5519
f 5515 5531 5532
f 5520 5519 5533
f 5533 5519 5532
f 5521 5522 5534
f 5534 5522 5535
f 5521 5536 5524
f 5521 5534 5536
f 5524 5537 5525
f 5524 5536 5537
f 5526 5525 5538
f 5538 5525 5537
f 5540 5539 5162
f 5162 5539 5161
f 5163 5528 5529
f 5540 5163 5529
f 5162 5163 5540
f 5528 5163 5165
f 5541 5528 5165
f 5531 5528 5541
f 5531 5542 5532
f 5531 5541 5542
f 5168 5543 5167
f 5543 5532 5167
f 5532 5542 5167
f 5532 5543 5533
f 5544 5168 5169
f 5544 5543 5168
f 5169 5171 5544
f 5544 5171 5545
f 5548 5547 5546
f 5548 5546 5535
f 5546 5534 5535
f 5546 5549 5534
f 5534 5550 5536
f 5534 5549 5550
f 5536 5551 5537
f 5536 5550 5551
f 5538 5537 5552
f 5537 5553 5552
f 5537 5551 5553
f 5553 5554 5552
f 5557 5556 5555
f 5559 5558 5555
f 5555 5558 5557
f 5559 5560 5558
f 5539 5173 5161
f 5561 5173 5539
f 5175 5541 5165
f 5541 5175 5177
f 5541 5177 5542
f 5542 5177 5167
f 5181 5563 5562
f 5545 5181 5562
f 5171 5181 5545
f 5563 5564 5562
f 5567 5566 5565
f 5567 5565 5547
f 5547 5565 5546
f 5565 5183 5546
f 5183 5184 5546
f 5546 5184 5185
f 5568 5546 5185
f 5549 5546 5568
f 5568 5187 5188
f 5550 5568 5188
f 5549 5568 5550
f 5550 5188 5189
f 5569 5550 5189
f 5551 5550 5569
f 5551 5570 5553
f 5551 5569 5570
f 5554 5553 5571
f 5571 5553 5570
f 5555 5556 5572
f 5572 5556 5573
f 5572 5191 5192
f 5559 5572 5192
f 5555 5572 5559
f 5192 5193 5559
f 5193 5560 5559
f 5193 5574 5560
f 5561 5194 5173
f 5575 5194 5561
f 5197 5576 5563
f 5197 5563 5181
f 5564 5563 5577
f 5577 5563 5576
f 5580 5579 5578
f 5582 5581 5578
f 5578 5581 5580
f 5581 5582 5566
f 5566 5582 5565
f 5582 5199 5565
f 5199 5200 5565
f 5565 5200 5183
f 5202 5568 5185
f 5568 5202 5187
f 5205 5583 5569
f 5205 5569 5189
f 5585 5570 5584
f 5570 5583 5584
f 5570 5569 5583
f 5570 5585 5571
f 5572 5573 5586
f 5586 5573 5587
f 5586 5207 5191
f 5586 5191 5572
f 5588 5574 5193
f 5588 5193 5208
f 5589 5208 5210
f 5589 5588 5208
f 5210 5194 5575
f 5210 5575 5589
f 5212 5590 5576
f 5212 5576 5197
f 5577 5576 5591
f 5576 5592 5591
f 5576 5590 5592
f 5594 5593 5592
f 5592 5593 5591
f 5596 5595 5594
f 5594 5595 5593
f 5596 5597 5595
f 5600 5599 5598
f 5600 5598 5579
f 5598 5578 5579
f 5598 5601 5578
f 5578 5602 5582
f 5578 5601 5602
f 5602 5214 5199
f 5602 5199 5582
f 5218 5603 5583
f 5218 5583 5205
f 5584 5583 5604
f 5604 5583 5603
f 5586 5587 5605
f 5605 5587 5606
f 5607 5219 5207
f 5586 5607 5207
f 5605 5607 5586
f 5607 5221 5219
f 5223 5590 5212
f 5590 5223 5224
f 5590 5224 5592
f 5592 5224 5225
f 5592 5225 5594
f 5594 5225 5227
f 5608 5594 5227
f 5596 5594 5608
f 5597 5596 5609
f 5609 5596 5608
f 5598 5599 5610
f 5610 5599 5611
f 5598 5612 5601
f 5598 5610 5612
f 5601 5613 5602
f 5601 5612 5613
f 5613 5229 5214
f 5613 5214 5602
f 5233 5614 5603
f 5233 5603 5218
f 5604 5603 5615
f 5603 5616 5615
f 5603 5614 5616
f 5616 5617 5615
f 5620 5619 5618
f 5620 5618 5606
f 5618 5605 5606
f 5618 5621 5605
f 5605 5622 5607
f 5605 5621 5622
f 5623 5234 5221
f 5607 5623 5221
f 5622 5623 5607
f 5623 5236 5234
f 5239 5624 5238
f 5608 5227 5238
f 5624 5608 5238
f 5625 5608 5624
f 5609 5608 5626
f 5626 5608 5625
f 5629 5628 5627
f 5629 5627 5611
f 5627 5610 5611
f 5627 5630 5610
f 5610 5631 5612
f 5610 5630 5631
f 5612 5632 5613
f 5612 5631 5632
f 5632 5241 5229
f 5632 5229 5613
f 5245 5633 5614
f 5245 5614 5233
f 5614 5634 5616
f 5614 5633 5634
f 5617 5616 5635
f 5635 5616 5634
f 5618 5619 5636
f 5636 5619 5637
f 5618 5638 5621
f 5618 5636 5638
f 5621 5639 5622
f 5621 5638 5639
f 5622 5640 5623
f 5622 5639 5640
f 5640 5247 5236
f 5640 5236 5623
f 5249 5624 5239
f 5625 5624 5641
f 5624 5250 5641
f 5250 5642 5641
f 5250 5624 5249
f 5625 5641 5626
f 5627 5628 5643
f 5643 5628 5644
f 5627 5645 5630
f 5627 5643 5645
f 5645 5252 5253
f 5631 5645 5253
f 5630 5645 5631
f 5631 5253 5254
f 5631 5254 5632
f 5632 5254 5241
f 5259 5646 5260
f 5633 5245 5260
f 5646 5633 5260
f 5647 5633 5646
f 5633 5648 5634
f 5633 5647 5648
f 5635 5634 5649
f 5649 5634 5648
f 5636 5637 5650
f 5650 5637 5651
f 5650 5261 5262
f 5638 5650 5262
f 5636 5650 5638
f 5638 5262 5263
f 5638 5263 5639
f 5639 5263 5264
f 5639 5264 5640
f 5640 5264 5247
f 5268 5642 5250
f 5268 5652 5642
f 5643 5644 5653
f 5653 5644 5654
f 5643 5655 5645
f 5643 5653 5655
f 5655 5270 5252
f 5655 5252 5645
f 5275 5656 5646
f 5275 5646 5259
f 5646 5657 5647
f 5646 5656 5657
f 5647 5658 5648
f 5647 5657 5658
f 5649 5648 5659
f 5648 5660 5659
f 5648 5658 5660
f 5662 5661 5660
f 5660 5661 5659
f 5661 5662 5651
f 5651 5662 5650
f 5662 5276 5650
f 5276 5277 5650
f 5650 5277 5261
f 5663 5652 5268
f 5663 5268 5281
f 5664 5281 5283
f 5664 5663 5281
f 5283 5285 5664
f 5664 5285 5665
f 5653 5654 5666
f 5666 5654 5667
f 5653 5668 5655
f 5653 5666 5668
f 5668 5287 5270
f 5668 5270 5655
f 5292 5656 5275
f 5656 5292 5294
f 5669 5656 5294
f 5657 5656 5669
f 5657 5670 5658
f 5657 5669 5670
f 5658 5671 5660
f 5658 5670 5671
f 5671 5296 5297
f 5662 5671 5297
f 5660 5671 5662
f 5662 5297 5276
f 5301 5665 5285
f 5301 5672 5665
f 5666 5667 5304
f 5667 5303 5304
f 5667 5673 5303
f 5666 5304 5305
f 5666 5305 5668
f 5668 5305 5287
f 5312 5669 5294
f 5669 5312 5314
f 5669 5314 5670
f 5670 5314 5316
f 5670 5316 5671
f 5671 5316 5296
f 5319 5674 5318
f 5674 5675 5318
f 5675 5301 5318
f 5675 5672 5301
f 5678 5677 5676
f 5673 5678 5676
f 5321 5673 5676
f 5303 5673 5321
f 5331 5674 5319
f 5680 5679 5333
f 5333 5679 5331
f 5679 5675 5331
f 5675 5674 5331
f 5680 5681 5679
f 5677 5682 5676
f 5321 5676 5682
f 5683 5321 5682
f 5335 5321 5683
f 5343 5684 5344
f 5684 5346 5344
f 5347 5685 5680
f 5347 5680 5333
f 5681 5680 5686
f 5686 5680 5685
f 5348 5335 5687
f 5335 5688 5687
f 5335 5683 5688
f 5689 5349 5348
f 5689 5348 5687
f 5689 5351 5349
f 5357 5690 5684
f 5357 5684 5343
f 5690 5359 5346
f 5690 5346 5684
f 5360 5685 5347
f 5692 5691 5362
f 5362 5691 5360
f 5691 5686 5360
f 5686 5685 5360
f 5692 5693 5691
f 5688 5694 5687
f 5696 5695 5694
f 5695 5687 5694
f 5695 5689 5687
f 5697 5363 5351
f 5689 5697 5351
f 5695 5697 5689
f 5698 5364 5363
f 5698 5363 5697
f 5698 5366 5364
f 5370 5699 5690
f 5370 5690 5357
f 5699 5372 5359
f 5699 5359 5690
f 5374 5700 5692
f 5374 5692 5362
f 5693 5692 5701
f 5701 5692 5700
f 5695 5696 5702
f 5702 5696 5703
f 5695 5704 5697
f 5695 5702 5704
f 5697 5705 5698
f 5697 5704 5705
f 5705 5376 5366
f 5705 5366 5698
f 5380 5706 5699
f 5380 5699 5370
f 5706 5382 5372
f 5706 5372 5699
f 5708 5707 5700
f 5374 5708 5700
f 5384 5708 5374
f 5700 5707 5701
f 5703 5709 5702
f 5711 5710 5709
f 5710 5702 5709
f 5710 5704 5702
f 5704 5712 5705
f 5704 5710 5712
f 5713 5385 5376
f 5705 5713 5376
f 5712 5713 5705
f 5713 5387 5385
f 5389 5714 5390
f 5706 5380 5390
f 5714 5706 5390
f 5715 5706 5714
f 5715 5391 5382
f 5715 5382 5706
f 5392 5708 5384
f 5392 5716 5708
f 5711 5717 5710
f 5719 5718 5717
f 5718 5710 5717
f 5718 5712 5710
f 5712 5720 5713
f 5712 5718 5720
f 5721 5393 5387
f 5713 5721 5387
f 5720 5721 5713
f 5722 5394 5393
f 5722 5393 5721
f 5714 5389 5394
f 5722 5714 5394
f 5723 5714 5722
f 5714 5724 5715
f 5714 5723 5724
f 5724 5395 5391
f 5724 5391 5715
f 5397 5716 5392
f 5397 5725 5716
f 5719 5726 5718
f 5728 5727 5726
f 5727 5718 5726
f 5727 5720 5718
f 5720 5729 5721
f 5720 5727 5729
f 5721 5730 5722
f 5721 5729 5730
f 5722 5731 5723
f 5722 5730 5731
f 5723 5732 5724
f 5723 5731 5732
f 5732 5399 5395
f 5732 5395 5724
f 5402 5734 5733
f 5725 5402 5733
f 5397 5402 5725
f 5734 5735 5733
f 5728 5736 5727
f 5738 5737 5736
f 5737 5727 5736
f 5737 5729 5727
f 5729 5739 5730
f 5729 5737 5739
f 5730 5740 5731
f 5730 5739 5740
f 5740 5404 5405
f 5732 5740 5405
f 5731 5740 5732
f 5732 5405 5399
f 5742 5741 5734
f 5402 5742 5734
f 5409 5742 5402
f 5734 5741 5735
f 5738 5743 5737
f 5745 5744 5743
f 5744 5737 5743
f 5744 5739 5737
f 5739 5746 5740
f 5739 5744 5746
f 5746 5411 5404
f 5746 5404 5740
f 5414 5742 5409
f 5414 5747 5742
f 5744 5745 5748
f 5748 5745 5749
f 5744 5750 5746
f 5744 5748 5750
f 5750 5416 5411
f 5750 5411 5746
f 5421 5747 5414
f 5421 5751 5747
f 5748 5749 5752
f 5752 5749 5753
f 5748 5754 5750
f 5748 5752 5754
f 5755 5422 5416
f 5750 5755 5416
f 5754 5755 5750
f 5755 5424 5422
f 5426 5756 5427
f 5756 5429 5427
f 5430 5757 5431
f 5757 5758 5431
f 5758 5421 5431
f 5758 5751 5421
f 5753 5759 5752
f 5761 5760 5759
f 5760 5752 5759
f 5760 5754 5752
f 5754 5762 5755
f 5754 5760 5762
f 5763 5432 5424
f 5755 5763 5424
f 5762 5763 5755
f 5763 5433 5432
f 5435 5764 5434
f 5756 5426 5434
f 5764 5756 5434
f 5765 5756 5764
f 5766 5436 5429
f 5756 5766 5429
f 5765 5766 5756
f 5766 5767 5436
f 5436 5767 5430
f 5767 5768 5430
f 5768 5757 5430
f 5757 5768 5758
f 5771 5770 5769
f 5771 5769 5761
f 5769 5760 5761
f 5769 5772 5760
f 5760 5773 5762
f 5760 5772 5773
f 5762 5774 5763
f 5762 5773 5774
f 5774 5438 5433
f 5774 5433 5763
f 5439 5775 5764
f 5439 5764 5435
f 5764 5776 5765
f 5764 5775 5776
f 5765 5777 5766
f 5765 5776 5777
f 5767 5766 5778
f 5778 5766 5777
f 5769 5770 5779
f 5779 5770 5780
f 5782 5772 5781
f 5772 5779 5781
f 5772 5769 5779
f 5784 5783 5782
f 5783 5772 5782
f 5783 5773 5772
f 5783 5440 5441
f 5774 5783 5441
f 5773 5783 5774
f 5774 5441 5438
f 5443 5785 5444
f 5785 5786 5444
f 5444 5786 5439
f 5786 5787 5439
f 5787 5775 5439
f 5775 5787 5776
f 5776 5787 5788
f 5776 5788 5777
f 5777 5788 5789
f 5777 5789 5778
f 5780 5790 5779
f 5779 5790 5781
f 5783 5784 5791
f 5791 5784 5792
f 5791 5446 5440
f 5791 5440 5783
f 5448 5793 5447
f 5794 5449 5447
f 5794 5447 5793
f 5794 5795 5449
f 5449 5795 5443
f 5795 5796 5443
f 5796 5785 5443
f 5785 5796 5786
f 5792 5797 5791
f 5446 5791 5797
f 5798 5446 5797
f 5451 5446 5798
f 5800 5799 5793
f 5448 5800 5793
f 5453 5800 5448
f 5793 5799 5794
f 5794 5799 5801
f 5794 5801 5795
f 5798 5455 5451
f 5802 5455 5798
f 5458 5800 5453
f 5458 5803 5800
f 5802 5460 5455
f 5804 5460 5802
f 5463 5803 5458
f 5463 5805 5803
f 5464 5460 5806
f 5460 5807 5806
f 5460 5804 5807
f 5806 5466 5464
f 5471 5805 5463
f 5471 5808 5805
f 5807 5809 5806
f 5809 5811 5810
f 5809 5810 5472
f 5806 5809 5472
f 5466 5806 5472
f 5810 5474 5472
f 5813 5812 5482
f 5813 5482 5481
f 5482 5814 5483
f 5812 5814 5482
f 5483 5815 5484
f 5814 5815 5483
f 5471 5484 5808
f 5808 5484 5815
f 5811 5816 5810
f 5816 5818 5817
f 5816 5817 5485
f 5810 5816 5485
f 5474 5810 5485
f 5819 5486 5485
f 5819 5485 5817
f 5820 5487 5486
f 5820 5486 5819
f 5820 5489 5487
f 5491 5821 5492
f 5821 5494 5492
f 5823 5822 5496
f 5823 5496 5495
f 5481 5496 5813
f 5813 5496 5822
f 5818 5824 5817
f 5817 5824 5819
f 5819 5824 5825
f 5819 5825 5820
f 5820 5825 5826
f 5826 5828 5827
f 5826 5827 5497
f 5820 5826 5497
f 5489 5820 5497
f 5829 5498 5497
f 5829 5497 5827
f 5821 5491 5498
f 5829 5821 5498
f 5830 5821 5829
f 5821 5830 5494
f 5830 5831 5494
f 5831 5499 5494
f 5830 5832 5831
f 5495 5499 5823
f 5823 5499 5831
f 5828 5833 5827
f 5827 5833 5829
f 5829 5833 5834
f 5829 5834 5830
f 5830 5834 5835
f 5830 5835 5832
f 5838 5837 5836
f 5836 5839 5838
f 5842 5841 5840
f 5844 5843 5840
f 5840 5843 5842
f 5843 5844 5837
f 5844 5836 5837
f 5844 5845 5836
f 5839 5836 5846
f 5846 5836 5845
f 5849 5848 5847
f 5849 5847 5841
f 5841 5847 5840
f 5847 5501 5840
f 5501 5502 5840
f 5840 5502 5503
f 5840 5503 5844
f 5844 5503 5505
f 5844 5505 5845
f 5505 5507 5845
f 5507 5846 5845
f 5507 5850 5846
f 5853 5852 5851
f 5853 5851 5848
f 5848 5851 5847
f 5851 5509 5847
f 5509 5510 5847
f 5847 5510 5501
f 5513 5854 5514
f 5854 5855 5514
f 5855 5507 5514
f 5855 5850 5507
f 5857 5856 5517
f 5517 5856 5516
f 5858 5517 5518
f 5858 5857 5517
f 5518 5520 5858
f 5858 5520 5859
f 5862 5861 5860
f 5862 5860 5852
f 5852 5860 5851
f 5860 5522 5851
f 5522 5523 5851
f 5851 5523 5509
f 5526 5863 5527
f 5854 5513 5527
f 5863 5854 5527
f 5864 5854 5863
f 5855 5854 5865
f 5865 5854 5864
f 5867 5866 5530
f 5530 5866 5529
f 5530 5516 5856
f 5530 5856 5867
f 5533 5869 5868
f 5859 5533 5868
f 5520 5533 5859
f 5871 5870 5869
f 5869 5870 5868
f 5871 5872 5870
f 5875 5874 5873
f 5875 5873 5861
f 5873 5860 5861
f 5873 5876 5860
f 5876 5535 5522
f 5876 5522 5860
f 5538 5877 5863
f 5538 5863 5526
f 5863 5878 5864
f 5863 5877 5878
f 5865 5864 5879
f 5864 5880 5879
f 5864 5878 5880
f 5880 5881 5879
f 5883 5882 5540
f 5540 5882 5539
f 5540 5529 5866
f 5540 5866 5883
f 5543 5869 5533
f 5869 5543 5544
f 5869 5544 5871
f 5885 5884 5545
f 5545 5884 5544
f 5884 5872 5544
f 5872 5871 5544
f 5887 5886 5885
f 5885 5886 5884
f 5887 5888 5886
f 5873 5874 5889
f 5889 5874 5890
f 5889 5547 5548
f 5876 5889 5548
f 5873 5889 5876
f 5876 5548 5535
f 5552 5877 5538
f 5877 5552 5554
f 5891 5877 5554
f 5878 5877 5891
f 5878 5892 5880
f 5878 5891 5892
f 5881 5880 5893
f 5893 5880 5892
f 5895 5894 5557
f 5557 5894 5556
f 5896 5557 5558
f 5896 5895 5557
f 5558 5560 5896
f 5896 5560 5897
f 5882 5561 5539
f 5898 5561 5882
f 5562 5885 5545
f 5885 5562 5564
f 5899 5885 5564
f 5887 5885 5899
f 5888 5887 5900
f 5900 5887 5899
f 5903 5902 5901
f 5905 5904 5901
f 5901 5904 5903
f 5907 5906 5905
f 5905 5906 5904
f 5906 5907 5890
f 5890 5907 5889
f 5907 5566 5889
f 5566 5567 5889
f 5889 5567 5547
f 5571 5908 5891
f 5571 5891 5554
f 5891 5909 5892
f 5891 5908 5909
f 5893 5892 5910
f 5892 5911 5910
f 5892 5909 5911
f 5894 5910 5911
f 5573 5894 5911
f 5556 5894 5573
f 5574 5897 5560
f 5574 5912 5897
f 5915 5914 5913
f 5898 5915 5913
f 5575 5898 5913
f 5561 5898 5575
f 5577 5916 5899
f 5577 5899 5564
f 5900 5899 5917
f 5899 5918 5917
f 5899 5916 5918
f 5920 5919 5918
f 5918 5919 5917
f 5920 5921 5919
f 5924 5923 5922
f 5924 5922 5902
f 5922 5901 5902
f 5922 5925 5901
f 5925 5579 5580
f 5905 5925 5580
f 5901 5925 5905
f 5905 5580 5581
f 5905 5581 5907
f 5907 5581 5566
f 5584 5926 5585
f 5908 5571 5585
f 5926 5908 5585
f 5927 5908 5926
f 5908 5928 5909
f 5908 5927 5928
f 5909 5929 5911
f 5909 5928 5929
f 5929 5587 5573
f 5929 5573 5911
f 5930 5912 5574
f 5930 5574 5588
f 5589 5913 5914
f 5930 5589 5914
f 5588 5589 5930
f 5913 5589 5575
f 5591 5916 5577
f 5916 5591 5593
f 5916 5593 5918
f 5918 5593 5595
f 5918 5595 5920
f 5595 5597 5920
f 5597 5921 5920
f 5597 5931 5921
f 5922 5923 5932
f 5932 5923 5933
f 5932 5599 5600
f 5925 5932 5600
f 5922 5932 5925
f 5925 5600 5579
f 5604 5934 5926
f 5604 5926 5584
f 5926 5935 5927
f 5926 5934 5935
f 5927 5936 5928
f 5927 5935 5936
f 5928 5937 5929
f 5928 5936 5937
f 5937 5606 5587
f 5937 5587 5929
f 5609 5931 5597
f 5609 5938 5931
f 5932 5933 5939
f 5939 5933 5940
f 5939 5611 5599
f 5939 5599 5932
f 5615 5934 5604
f 5934 5615 5617
f 5941 5934 5617
f 5935 5934 5941
f 5935 5942 5936
f 5935 5941 5942
f 5942 5619 5620
f 5937 5942 5620
f 5936 5942 5937
f 5937 5620 5606
f 5626 5938 5609
f 5626 5943 5938
f 5939 5940 5629
f 5940 5628 5629
f 5940 5944 5628
f 5939 5629 5611
f 5635 5945 5941
f 5635 5941 5617
f 5941 5946 5942
f 5941 5945 5946
f 5946 5637 5619
f 5946 5619 5942
f 5642 5947 5641
f 5947 5948 5641
f 5948 5626 5641
f 5948 5943 5626
f 5951 5950 5949
f 5944 5951 5949
f 5644 5944 5949
f 5628 5944 5644
f 5649 5952 5945
f 5649 5945 5635
f 5945 5953 5946
f 5945 5952 5953
f 5953 5651 5637
f 5953 5637 5946
f 5652 5954 5947
f 5652 5947 5642
f 5948 5947 5955
f 5947 5956 5955
f 5947 5954 5956
f 5956 5957 5955
f 5949 5950 5958
f 5958 5950 5959
f 5958 5654 5644
f 5958 5644 5949
f 5659 5952 5649
f 5952 5659 5661
f 5952 5661 5953
f 5953 5661 5651
f 5663 5954 5652
f 5954 5663 5664
f 5954 5664 5956
f 5664 5665 5956
f 5665 5957 5956
f 5665 5960 5957
f 5958 5959 5961
f 5961 5959 5962
f 5961 5667 5654
f 5961 5654 5958
f 5672 5960 5665
f 5672 5963 5960
f 5961 5962 5964
f 5964 5962 5965
f 5964 5673 5667
f 5964 5667 5961
f 5675 5967 5966
f 5963 5675 5966
f 5672 5675 5963
f 5967 5968 5966
f 5971 5970 5969
f 5971 5969 5965
f 5965 5969 5964
f 5969 5677 5964
f 5677 5678 5964
f 5964 5678 5673
f 5679 5967 5675
f 5679 5681 5967
f 5681 5968 5967
f 5681 5972 5968
f 5969 5970 5973
f 5973 5970 5974
f 5975 5682 5677
f 5969 5975 5677
f 5973 5975 5969
f 5975 5683 5682
f 5686 5977 5976
f 5972 5686 5976
f 5681 5686 5972
f 5977 5978 5976
f 5973 5974 5979
f 5979 5974 5980
f 5973 5981 5975
f 5973 5979 5981
f 5981 5688 5683
f 5981 5683 5975
f 5691 5977 5686
f 5691 5693 5977
f 5693 5978 5977
f 5693 5982 5978
f 5980 5983 5979
f 5985 5984 5983
f 5984 5979 5983
f 5984 5981 5979
f 5986 5694 5688
f 5981 5986 5688
f 5984 5986 5981
f 5986 5696 5694
f 5701 5982 5693
f 5701 5987 5982
f 5984 5985 5988
f 5988 5985 5989
f 5984 5990 5986
f 5984 5988 5990
f 5990 5703 5696
f 5990 5696 5986
f 5708 5991 5707
f 5991 5992 5707
f 5992 5701 5707
f 5992 5987 5701
f 5989 5993 5988
f 5995 5994 5993
f 5994 5988 5993
f 5994 5990 5988
f 5996 5709 5703
f 5990 5996 5703
f 5994 5996 5990
f 5996 5711 5709
f 5716 5997 5991
f 5716 5991 5708
f 5992 5991 5998
f 5998 5991 5997
f 5995 5999 5994
f 5994 5999 5996
f 5996 5999 6000
f 6000 6002 6001
f 6000 6001 5717
f 5996 6000 5717
f 5711 5996 5717
f 6001 5719 5717
f 5725 6003 5997
f 5725 5997 5716
f 5998 5997 6004
f 6004 5997 6003
f 6001 6002 6005
f 6005 6002 6006
f 6007 5726 5719
f 6001 6007 5719
f 6005 6007 6001
f 6007 5728 5726
f 5733 6003 5725
f 5733 5735 6003
f 5735 6004 6003
f 5735 6008 6004
f 6006 6009 6005
f 6005 6009 6007
f 6007 6009 6010
f 6010 6012 6011
f 6010 6011 5736
f 6007 6010 5736
f 5728 6007 5736
f 6011 5738 5736
f 5742 6013 5741
f 6013 6014 5741
f 6014 5735 5741
f 6014 6008 5735
f 6011 6012 6015
f 6015 6012 6016
f 6017 5743 5738
f 6011 6017 5738
f 6015 6017 6011
f 6017 5745 5743
f 5747 6018 6013
f 5747 6013 5742
f 6014 6013 6019
f 6019 6013 6018
f 6016 6020 6015
f 6022 6021 6020
f 6021 6015 6020
f 6021 6017 6015
f 6021 5749 5745
f 6021 5745 6017
f 5751 6023 6018
f 5751 6018 5747
f 6019 6018 6024
f 6024 6018 6023
f 6021 6022 6025
f 6025 6022 6026
f 6025 5753 5749
f 6025 5749 6021
f 5758 6027 6023
f 5758 6023 5751
f 6024 6023 6028
f 6028 6023 6027
f 6026 6029 6025
f 6029 6031 6030
f 6029 6030 5759
f 6025 6029 5759
f 5753 6025 5759
f 6030 5761 5759
f 5767 6032 5768
f 6027 5758 5768
f 6032 6027 5768
f 6033 6027 6032
f 6028 6027 6034
f 6034 6027 6033
f 6030 6031 5771
f 6031 5770 5771
f 6031 6035 5770
f 6030 5771 5761
f 5778 6036 6032
f 5778 6032 5767
f 6038 6033 6037
f 6033 6036 6037
f 6033 6032 6036
f 6033 6038 6034
f 6035 5780 5770
f 6039 5780 6035
f 5781 6040 5782
f 6040 5784 5782
f 5786 6041 5787
f 6042 5788 5787
f 6042 5787 6041
f 6043 5789 5788
f 6043 5788 6042
f 6036 5778 5789
f 6043 6036 5789
f 6044 6036 6043
f 6037 6036 6045
f 6045 6036 6044
f 5790 5780 6046
f 5780 6047 6046
f 5780 6039 6047
f 6046 6048 5790
f 5790 6048 5781
f 6048 6049 5781
f 6049 6040 5781
f 5784 6040 6049
f 6050 5784 6049
f 5792 5784 6050
f 5795 6051 5796
f 6051 6052 5796
f 5796 6052 5786
f 6052 6053 5786
f 6053 6041 5786
f 6041 6053 6042
f 6042 6053 6054
f 6042 6054 6043
f 6043 6054 6055
f 6043 6055 6044
f 6044 6055 6056
f 6044 6056 6045
f 6047 6057 6046
f 6046 6057 6048
f 5797 5792 6058
f 5792 6059 6058
f 5792 6050 6059
f 6058 5798 5797
f 6061 6060 5799
f 6061 5799 5800
f 5799 6062 5801
f 6060 6062 5799
f 5795 5801 6051
f 5801 6063 6051
f 5801 6062 6063
f 6051 6063 6052
f 6059 6064 6058
f 5798 6058 6064
f 6065 5798 6064
f 5802 5798 6065
f 5803 6061 5800
f 5803 6066 6061
f 6065 5804 5802
f 6067 5804 6065
f 5805 6066 5803
f 5805 6068 6066
f 6067 5807 5804
f 6069 5807 6067
f 5808 6068 5805
f 5808 6070 6068
f 5809 5807 6071
f 5807 6072 6071
f 5807 6069 6072
f 6071 5811 5809
f 6074 6073 5812
f 6074 5812 5813
f 5812 6075 5814
f 6073 6075 5812
f 5814 6076 5815
f 6075 6076 5814
f 5808 5815 6070
f 6070 5815 6076
f 6072 6077 6071
f 6077 6079 6078
f 6077 6078 5816
f 6071 6077 5816
f 5811 6071 5816
f 6078 5818 5816
f 6081 6080 5822
f 6081 5822 5823
f 5813 5822 6074
f 6074 5822 6080
f 6079 6082 6078
f 6078 6082 5818
f 6082 5824 5818
f 6082 6083 5824
f 6083 6085 6084
f 5825 6083 6084
f 5824 6083 5825
f 6086 5826 5825
f 6086 5825 6084
f 6086 5828 5826
f 5832 6087 5831
f 6087 6088 5831
f 6088 5823 5831
f 6088 6081 5823
f 6085 6089 6084
f 6084 6089 6086
f 6086 6089 6090
f 6086 6090 5828
f 6090 5833 5828
f 6090 6091 5833
f 5833 6092 5834
f 6091 6092 5833
f 5834 6093 5835
f 6092 6093 5834
f 5832 5835 6087
f 5835 6094 6087
f 5835 6093 6094
f 6087 6094 6088
f 6097 6096 6095
f 6099 6098 6095
f 6095 6098 6097
f 6099 6100 6098
f 6103 6102 6101
f 6105 6104 6101
f 6101 6104 6103
f 6107 6106 6105
f 6105 6106 6104
f 6106 6107 6096
f 6096 6107 6095
f 6107 5837 6095
f 5837 5838 6095
f 6095 5838 5839
f 6108 6095 5839
f 6099 6095 6108
f 6100 6099 6109
f 6109 6099 6108
f 6112 6111 6110
f 6114 6113 6110
f 6110 6113 6112
f 6113 6114 6102
f 6114 6101 6102
f 6114 6115 6101
f 6115 5841 5842
f 6105 6115 5842
f 6101 6115 6105
f 6105 5842 5843
f 6105 5843 6107
f 6107 5843 5837
f 5846 6116 6108
f 5846 6108 5839
f 6109 6108 6117
f 6117 6108 6116
f 6120 6119 6118
f 6120 6118 6111
f 6118 6110 6111
f 6118 6121 6110
f 6110 6122 6114
f 6110 6121 6122
f 6122 5848 5849
f 6115 6122 5849
f 6114 6122 6115
f 6115 5849 5841
f 5850 6123 6116
f 5850 6116 5846
f 6117 6116 6124
f 6124 6116 6123
f 6127 6126 6125
f 6129 6128 6125
f 6125 6128 6127
f 6129 6130 6128
f 6118 6119 6131
f 6131 6119 6132
f 6118 6133 6121
f 6118 6131 6133
f 6133 5852 5853
f 6122 6133 5853
f 6121 6133 6122
f 6122 5853 5848
f 5855 6134 6123
f 5855 6123 5850
f 6124 6123 6135
f 6135 6123 6134
f 6138 6137 6136
f 6138 6136 6126
f 6126 6136 6125
f 6136 5856 6125
f 5856 5857 6125
f 6125 5857 5858
f 6125 5858 6129
f 6140 6139 5859
f 5859 6139 5858
f 6139 6130 5858
f 6130 6129 5858
f 6142 6141 6140
f 6140 6141 6139
f 6142 6143 6141
f 6146 6145 6144
f 6146 6144 6132
f 6144 6131 6132
f 6144 6147 6131
f 6147 5861 5862
f 6133 6147 5862
f 6131 6147 6133
f 6133 5862 5852
f 5865 6148 6134
f 5865 6134 5855
f 6135 6134 6149
f 6149 6134 6148
f 6136 6137 5867
f 6137 5866 5867
f 6137 6150 5866
f 6136 5867 5856
f 5868 6140 5859
f 6140 5868 5870
f 6140 5870 6142
f 5870 5872 6142
f 5872 6143 6142
f 5872 6151 6143
f 6144 6145 6152
f 6152 6145 6153
f 6152 5874 5875
f 6147 6152 5875
f 6144 6152 6147
f 6147 5875 5861
f 5879 6148 5865
f 5879 5881 6148
f 5881 6149 6148
f 5881 6154 6149
f 6157 6156 6155
f 6155 6158 6157
f 6160 6159 5883
f 5883 6159 5882
f 5883 5866 6150
f 5883 6150 6160
f 6161 6151 5872
f 6161 5872 5884
f 6162 5884 5886
f 6162 6161 5884
f 5886 5888 6162
f 6162 5888 6163
f 6166 6165 6164
f 6168 6167 6164
f 6164 6167 6166
f 6167 6168 6153
f 6168 6152 6153
f 6168 6169 6152
f 6169 5890 5874
f 6169 5874 6152
f 5893 6171 6170
f 6154 5893 6170
f 5881 5893 6154
f 6170 6171 6156
f 6156 6171 6155
f 6171 5894 6155
f 5894 5895 6155
f 6172 6158 6155
f 5895 6172 6155
f 5896 6172 5895
f 5896 5897 6172
f 6172 5897 6173
f 6176 6175 6174
f 6159 6176 6174
f 5898 6159 6174
f 5882 6159 5898
f 5900 6178 6177
f 6163 5900 6177
f 5888 5900 6163
f 6180 6179 6178
f 6178 6179 6177
f 6180 6181 6179
f 6184 6183 6182
f 6184 6182 6165
f 6165 6182 6164
f 6182 5902 6164
f 5902 5903 6164
f 6164 5903 5904
f 6164 5904 6168
f 6168 5904 5906
f 6168 5906 6169
f 6169 5906 5890
f 5910 6171 5893
f 6171 5910 5894
f 5912 6186 6185
f 6173 5912 6185
f 5897 5912 6173
f 6185 6186 6175
f 6175 6186 6174
f 6186 5914 6174
f 5914 5915 6174
f 6174 5915 5898
f 5917 6178 5900
f 6178 5917 5919
f 6178 5919 6180
f 5919 5921 6180
f 5921 6181 6180
f 5921 6187 6181
f 6182 6183 5924
f 6183 5923 5924
f 6183 6188 5923
f 6182 5924 5902
f 5930 6186 5912
f 6186 5930 5914
f 5931 6187 5921
f 5931 6189 6187
f 6192 6191 6190
f 6188 6192 6190
f 5933 6188 6190
f 5923 6188 5933
f 5938 6189 5931
f 5938 6193 6189
f 6190 6191 6194
f 6194 6191 6195
f 6194 5940 5933
f 6194 5933 6190
f 5943 6193 5938
f 5943 6196 6193
f 6199 6198 6197
f 6201 6200 6197
f 6197 6200 6199
f 6201 6202 6200
f 6194 6195 6203
f 6203 6195 6204
f 6203 5944 5940
f 6203 5940 6194
f 5948 6206 6205
f 6196 5948 6205
f 5943 5948 6196
f 6205 6206 6198
f 6206 6197 6198
f 6206 6207 6197
f 6197 6208 6201
f 6197 6207 6208
f 6202 6201 6209
f 6209 6201 6208
f 6203 6204 5951
f 6204 5950 5951
f 6204 6210 5950
f 6203 5951 5944
f 5955 6206 5948
f 6206 5955 5957
f 6211 6206 5957
f 6207 6206 6211
f 6207 6212 6208
f 6207 6211 6212
f 6209 6208 6213
f 6213 6208 6212
f 6216 6215 6214
f 6210 6216 6214
f 5959 6210 6214
f 5950 6210 5959
f 5960 6217 6211
f 5960 6211 5957
f 6211 6218 6212
f 6211 6217 6218
f 6213 6212 6219
f 6219 6212 6218
f 6214 6215 6220
f 6220 6215 6221
f 6220 5962 5959
f 6220 5959 6214
f 5963 6222 6217
f 5963 6217 5960
f 6217 6223 6218
f 6217 6222 6223
f 6219 6218 6224
f 6224 6218 6223
f 6220 6221 6225
f 6225 6221 6226
f 6225 5965 5962
f 6225 5962 6220
f 5966 6222 5963
f 6222 5966 5968
f 6227 6222 5968
f 6223 6222 6227
f 6224 6223 6228
f 6228 6223 6227
f 6231 6230 6229
f 6231 6229 6226
f 6226 6229 6225
f 6229 5970 6225
f 5970 5971 6225
f 6225 5971 5965
f 6233 6232 6227
f 5968 6233 6227
f 5972 6233 5968
f 6227 6232 6228
f 6229 6230 6234
f 6234 6230 6235
f 6234 5974 5970
f 6234 5970 6229
f 6236 6233 5972
f 6236 5972 5976
f 5976 5978 6236
f 6236 5978 6237
f 6235 6238 6234
f 5974 6234 6238
f 6239 5974 6238
f 5980 5974 6239
f 5982 6237 5978
f 5982 6240 6237
f 5983 5980 6241
f 5980 6242 6241
f 5980 6239 6242
f 6241 5985 5983
f 5987 6240 5982
f 5987 6243 6240
f 6242 6244 6241
f 5985 6241 6244
f 6245 5985 6244
f 5989 5985 6245
f 5992 6243 5987
f 5992 6246 6243
f 5993 5989 6247
f 5989 6248 6247
f 5989 6245 6248
f 6247 5995 5993
f 5998 6246 5992
f 5998 6249 6246
f 6248 6250 6247
f 6250 6252 6251
f 6250 6251 5999
f 6247 6250 5999
f 5995 6247 5999
f 6253 6000 5999
f 6253 5999 6251
f 6253 6002 6000
f 6004 6249 5998
f 6004 6254 6249
f 6252 6255 6251
f 6257 6256 6255
f 6256 6251 6255
f 6256 6253 6251
f 6256 6006 6002
f 6256 6002 6253
f 6008 6254 6004
f 6008 6258 6254
f 6257 6259 6256
f 6259 6261 6260
f 6259 6260 6009
f 6256 6259 6009
f 6006 6256 6009
f 6262 6010 6009
f 6262 6009 6260
f 6262 6012 6010
f 6014 6258 6008
f 6014 6263 6258
f 6260 6261 6264
f 6264 6261 6265
f 6260 6266 6262
f 6260 6264 6266
f 6266 6016 6012
f 6266 6012 6262
f 6019 6263 6014
f 6019 6267 6263
f 6265 6268 6264
f 6270 6269 6268
f 6269 6264 6268
f 6269 6266 6264
f 6271 6020 6016
f 6266 6271 6016
f 6269 6271 6266
f 6271 6022 6020
f 6024 6267 6019
f 6024 6272 6267
f 6270 6273 6269
f 6269 6273 6271
f 6271 6273 6274
f 6022 6271 6274
f 6275 6022 6274
f 6026 6022 6275
f 6028 6277 6276
f 6272 6028 6276
f 6024 6028 6272
f 6277 6278 6276
f 6275 6279 6026
f 6026 6279 6029
f 6031 6029 6279
f 6031 6279 6280
f 6034 6281 6277
f 6034 6277 6028
f 6278 6277 6282
f 6282 6277 6281
f 6280 6035 6031
f 6283 6035 6280
f 6037 6284 6038
f 6284 6285 6038
f 6038 6285 6034
f 6285 6286 6034
f 6286 6281 6034
f 6281 6286 6282
f 6283 6039 6035
f 6287 6039 6283
f 6045 6288 6284
f 6045 6284 6037
f 6285 6284 6289
f 6289 6284 6288
f 6287 6047 6039
f 6290 6047 6287
f 6048 6291 6049
f 6291 6050 6049
f 6052 6292 6053
f 6293 6054 6053
f 6293 6053 6292
f 6054 6293 6294
f 6295 6054 6294
f 6055 6054 6295
f 6055 6296 6056
f 6295 6296 6055
f 6045 6056 6288
f 6056 6297 6288
f 6056 6296 6297
f 6288 6297 6289
f 6290 6298 6047
f 6047 6298 6057
f 6048 6057 6291
f 6057 6299 6291
f 6057 6298 6299
f 6050 6291 6299
f 6300 6050 6299
f 6059 6050 6300
f 6061 6301 6060
f 6302 6062 6060
f 6302 6060 6301
f 6303 6063 6062
f 6303 6062 6302
f 6303 6304 6063
f 6063 6304 6052
f 6304 6305 6052
f 6305 6292 6052
f 6292 6305 6293
f 6293 6305 6306
f 6293 6306 6294
f 6300 6307 6059
f 6059 6307 6064
f 6065 6064 6307
f 6065 6307 6308
f 6310 6309 6301
f 6061 6310 6301
f 6066 6310 6061
f 6301 6309 6302
f 6302 6309 6311
f 6302 6311 6303
f 6303 6311 6312
f 6303 6312 6304
f 6308 6067 6065
f 6313 6067 6308
f 6068 6310 6066
f 6068 6314 6310
f 6313 6069 6067
f 6315 6069 6313
f 6070 6314 6068
f 6070 6316 6314
f 6315 6072 6069
f 6317 6072 6315
f 6074 6318 6073
f 6319 6075 6073
f 6319 6073 6318
f 6075 6319 6320
f 6321 6075 6320
f 6076 6075 6321
f 6070 6076 6316
f 6316 6076 6321
f 6317 6322 6072
f 6072 6322 6077
f 6079 6077 6322
f 6079 6322 6323
f 6081 6324 6080
f 6324 6325 6080
f 6080 6325 6074
f 6325 6326 6074
f 6326 6318 6074
f 6318 6326 6319
f 6319 6326 6327
f 6319 6327 6320
f 6323 6328 6079
f 6079 6328 6082
f 6328 6330 6329
f 6083 6328 6329
f 6082 6328 6083
f 6329 6085 6083
f 6088 6331 6324
f 6088 6324 6081
f 6325 6324 6332
f 6332 6324 6331
f 6330 6333 6329
f 6329 6333 6085
f 6333 6089 6085
f 6333 6334 6089
f 6089 6335 6090
f 6334 6335 6089
f 6335 6337 6336
f 6091 6335 6336
f 6090 6335 6091
f 6338 6092 6091
f 6338 6091 6336
f 6092 6338 6339
f 6340 6092 6339
f 6093 6092 6340
f 6340 6342 6341
f 6094 6340 6341
f 6093 6340 6094
f 6331 6088 6094
f 6341 6331 6094
f 6343 6331 6341
f 6332 6331 6344
f 6344 6331 6343
f 6337 6345 6336
f 6336 6345 6338
f 6338 6345 6346
f 6338 6346 6339
f 6342 6347 6341
f 6341 6347 6343
f 6343 6347 6348
f 6343 6348 6344
f 6351 6350 6349
f 6353 6352 6349
f 6349 6352 6351
f 6353 6354 6352
f 6357 6356 6355
f 6357 6355 6350
f 6355 6349 6350
f 6355 6358 6349
f 6349 6359 6353
f 6349 6358 6359
f 6354 6353 6360
f 6360 6353 6359
f 6363 6362 6361
f 6363 6361 6356
f 6361 6355 6356
f 6361 6364 6355
f 6364 6096 6097
f 6358 6364 6097
f 6355 6364 6358
f 6358 6097 6098
f 6358 6098 6359
f 6098 6100 6359
f 6100 6360 6359
f 6100 6365 6360
f 6368 6367 6366
f 6370 6369 6366
f 6366 6369 6368
f 6102 6103 6370
f 6103 6369 6370
f 6103 6371 6369
f 6104 6361 6362
f 6371 6104 6362
f 6103 6104 6371
f 6361 6104 6106
f 6361 6106 6364
f 6364 6106 6096
f 6109 6365 6100
f 6109 6372 6365
f 6375 6374 6373
f 6375 6373 6367
f 6367 6373 6366
f 6373 6111 6366
f 6111 6112 6366
f 6366 6112 6113
f 6366 6113 6370
f 6370 6113 6102
f 6117 6377 6376
f 6372 6117 6376
f 6109 6117 6372
f 6377 6378 6376
f 6381 6380 6379
f 6379 6382 6381
f 6373 6374 6120
f 6374 6119 6120
f 6374 6383 6119
f 6373 6120 6111
f 6124 6384 6377
f 6124 6377 6117
f 6378 6377 6385
f 6385 6377 6384
f 6387 6386 6127
f 6127 6386 6126
f 6128 6379 6380
f 6387 6128 6380
f 6127 6128 6387
f 6389 6388 6130
f 6130 6388 6128
f 6388 6382 6128
f 6382 6379 6128
f 6389 6390 6388
f 6393 6392 6391
f 6383 6393 6391
f 6132 6383 6391
f 6119 6383 6132
f 6135 6394 6384
f 6135 6384 6124
f 6385 6384 6395
f 6395 6384 6394
f 6397 6396 6138
f 6138 6396 6137
f 6138 6126 6386
f 6138 6386 6397
f 6139 6389 6130
f 6398 6390 6389
f 6139 6398 6389
f 6141 6398 6139
f 6141 6143 6398
f 6398 6143 6399
f 6402 6401 6400
f 6404 6403 6400
f 6400 6403 6402
f 6403 6404 6392
f 6392 6404 6391
f 6404 6145 6391
f 6145 6146 6391
f 6391 6146 6132
f 6149 6405 6394
f 6149 6394 6135
f 6395 6394 6406
f 6394 6407 6406
f 6394 6405 6407
f 6409 6408 6407
f 6407 6408 6406
f 6409 6410 6408
f 6413 6412 6411
f 6396 6413 6411
f 6150 6396 6411
f 6137 6396 6150
f 6151 6415 6414
f 6399 6151 6414
f 6143 6151 6399
f 6415 6416 6414
f 6419 6418 6417
f 6419 6417 6401
f 6417 6400 6401
f 6417 6420 6400
f 6400 6421 6404
f 6400 6420 6421
f 6421 6153 6145
f 6421 6145 6404
f 6154 6422 6405
f 6154 6405 6149
f 6422 6156 6157
f 6407 6422 6157
f 6405 6422 6407
f 6407 6157 6158
f 6423 6407 6158
f 6409 6407 6423
f 6410 6409 6424
f 6424 6409 6423
f 6411 6412 6160
f 6412 6159 6160
f 6412 6425 6159
f 6411 6160 6150
f 6161 6415 6151
f 6426 6416 6415
f 6161 6426 6415
f 6162 6426 6161
f 6428 6427 6163
f 6427 6162 6163
f 6427 6426 6162
f 6430 6429 6428
f 6428 6429 6427
f 6430 6431 6429
f 6417 6418 6432
f 6432 6418 6433
f 6432 6165 6166
f 6420 6432 6166
f 6417 6432 6420
f 6420 6166 6167
f 6420 6167 6421
f 6421 6167 6153
f 6170 6422 6154
f 6422 6170 6156
f 6172 6423 6158
f 6435 6434 6173
f 6173 6434 6172
f 6434 6424 6172
f 6424 6423 6172
f 6175 6176 6435
f 6176 6434 6435
f 6176 6436 6434
f 6176 6159 6425
f 6176 6425 6436
f 6177 6428 6163
f 6428 6177 6179
f 6428 6179 6430
f 6179 6181 6430
f 6181 6431 6430
f 6181 6437 6431
f 6432 6433 6184
f 6433 6183 6184
f 6433 6438 6183
f 6432 6184 6165
f 6185 6435 6173
f 6435 6185 6175
f 6187 6437 6181
f 6187 6439 6437
f 6442 6441 6440
f 6438 6442 6440
f 6188 6438 6440
f 6183 6438 6188
f 6189 6439 6187
f 6189 6443 6439
f 6446 6445 6444
f 6446 6444 6441
f 6441 6444 6440
f 6444 6191 6440
f 6191 6192 6440
f 6440 6192 6188
f 6193 6443 6189
f 6193 6447 6443
f 6450 6449 6448
f 6452 6451 6448
f 6448 6451 6450
f 6452 6453 6451
f 6444 6445 6454
f 6454 6445 6455
f 6454 6195 6191
f 6454 6191 6444
f 6196 6457 6456
f 6447 6196 6456
f 6193 6196 6447
f 6456 6457 6449
f 6449 6457 6448
f 6457 6198 6448
f 6198 6199 6448
f 6448 6199 6200
f 6448 6200 6452
f 6459 6458 6202
f 6202 6458 6200
f 6458 6453 6200
f 6453 6452 6200
f 6459 6460 6458
f 6463 6462 6461
f 6463 6461 6455
f 6461 6454 6455
f 6461 6464 6454
f 6464 6204 6195
f 6464 6195 6454
f 6205 6457 6196
f 6457 6205 6198
f 6209 6465 6459
f 6209 6459 6202
f 6460 6459 6466
f 6466 6459 6465
f 6469 6468 6467
f 6469 6467 6462
f 6467 6461 6462
f 6467 6470 6461
f 6461 6471 6464
f 6461 6470 6471
f 6471 6210 6204
f 6471 6204 6464
f 6213 6472 6465
f 6213 6465 6209
f 6466 6465 6473
f 6465 6474 6473
f 6465 6472 6474
f 6474 6475 6473
f 6467 6468 6476
f 6476 6468 6477
f 6467 6478 6470
f 6467 6476 6478
f 6478 6215 6216
f 6471 6478 6216
f 6470 6478 6471
f 6471 6216 6210
f 6219 6479 6472
f 6219 6472 6213
f 6472 6480 6474
f 6472 6479 6480
f 6475 6474 6481
f 6481 6474 6480
f 6476 6477 6482
f 6482 6477 6483
f 6476 6484 6478
f 6476 6482 6484
f 6484 6221 6215
f 6484 6215 6478
f 6224 6485 6479
f 6224 6479 6219
f 6479 6486 6480
f 6479 6485 6486
f 6481 6480 6487
f 6487 6480 6486
f 6482 6483 6488
f 6488 6483 6489
f 6482 6490 6484
f 6482 6488 6490
f 6490 6226 6221
f 6490 6221 6484
f 6228 6491 6485
f 6228 6485 6224
f 6493 6486 6492
f 6486 6491 6492
f 6486 6485 6491
f 6486 6493 6487
f 6488 6489 6494
f 6494 6489 6495
f 6494 6230 6231
f 6490 6494 6231
f 6488 6494 6490
f 6490 6231 6226
f 6233 6496 6232
f 6496 6497 6232
f 6232 6497 6228
f 6497 6498 6228
f 6498 6491 6228
f 6491 6498 6492
f 6495 6499 6494
f 6230 6494 6499
f 6500 6230 6499
f 6235 6230 6500
f 6236 6496 6233
f 6236 6237 6496
f 6237 6497 6496
f 6237 6501 6497
f 6504 6503 6502
f 6502 6505 6238
f 6500 6502 6238
f 6235 6500 6238
f 6502 6500 6504
f 6505 6239 6238
f 6240 6507 6506
f 6501 6240 6506
f 6237 6240 6501
f 6507 6508 6506
f 6503 6509 6502
f 6511 6510 6509
f 6510 6502 6509
f 6510 6505 6502
f 6510 6242 6239
f 6510 6239 6505
f 6243 6512 6507
f 6243 6507 6240
f 6508 6507 6513
f 6513 6507 6512
f 6510 6511 6514
f 6514 6511 6515
f 6516 6244 6242
f 6510 6516 6242
f 6514 6516 6510
f 6516 6245 6244
f 6246 6517 6512
f 6246 6512 6243
f 6513 6512 6518
f 6518 6512 6517
f 6514 6515 6519
f 6519 6515 6520
f 6514 6521 6516
f 6514 6519 6521
f 6521 6248 6245
f 6521 6245 6516
f 6523 6522 6517
f 6246 6523 6517
f 6249 6523 6246
f 6517 6522 6518
f 6520 6524 6519
f 6526 6525 6524
f 6525 6519 6524
f 6525 6521 6519
f 6527 6250 6248
f 6521 6527 6248
f 6525 6527 6521
f 6527 6252 6250
f 6254 6523 6249
f 6254 6528 6523
f 6525 6526 6529
f 6529 6526 6530
f 6525 6531 6527
f 6525 6529 6531
f 6532 6255 6252
f 6527 6532 6252
f 6531 6532 6527
f 6532 6257 6255
f 6258 6534 6533
f 6528 6258 6533
f 6254 6258 6528
f 6534 6535 6533
f 6530 6536 6529
f 6529 6536 6531
f 6531 6536 6537
f 6539 6538 6537
f 6538 6531 6537
f 6538 6532 6531
f 6540 6259 6257
f 6532 6540 6257
f 6538 6540 6532
f 6540 6261 6259
f 6263 6541 6534
f 6263 6534 6258
f 6535 6534 6542
f 6542 6534 6541
f 6539 6543 6538
f 6545 6544 6543
f 6544 6538 6543
f 6544 6540 6538
f 6544 6265 6261
f 6544 6261 6540
f 6547 6546 6541
f 6263 6547 6541
f 6267 6547 6263
f 6541 6546 6542
f 6545 6548 6544
f 6548 6550 6549
f 6548 6549 6268
f 6544 6548 6268
f 6265 6544 6268
f 6549 6270 6268
f 6272 6552 6551
f 6547 6272 6551
f 6267 6272 6547
f 6552 6553 6551
f 6550 6554 6549
f 6554 6556 6555
f 6554 6555 6273
f 6549 6554 6273
f 6270 6549 6273
f 6557 6274 6273
f 6557 6273 6555
f 6557 6275 6274
f 6276 6552 6272
f 6276 6278 6552
f 6278 6553 6552
f 6278 6558 6553
f 6556 6559 6555
f 6555 6559 6557
f 6557 6559 6560
f 6560 6562 6561
f 6560 6561 6279
f 6557 6560 6279
f 6275 6557 6279
f 6561 6280 6279
f 6282 6558 6278
f 6282 6563 6558
f 6562 6564 6561
f 6280 6561 6564
f 6565 6280 6564
f 6283 6280 6565
f 6285 6566 6286
f 6566 6567 6286
f 6567 6282 6286
f 6567 6563 6282
f 6565 6287 6283
f 6568 6287 6565
f 6570 6569 6566
f 6285 6570 6566
f 6289 6570 6285
f 6566 6569 6567
f 6568 6290 6287
f 6571 6290 6568
f 6294 6572 6295
f 6573 6296 6295
f 6573 6295 6572
f 6296 6573 6574
f 6575 6296 6574
f 6297 6296 6575
f 6289 6297 6570
f 6570 6297 6575
f 6571 6576 6290
f 6290 6576 6298
f 6298 6577 6299
f 6576 6577 6298
f 6300 6299 6577
f 6300 6577 6578
f 6304 6579 6305
f 6580 6306 6305
f 6580 6305 6579
f 6572 6294 6306
f 6580 6572 6306
f 6581 6572 6580
f 6572 6582 6573
f 6572 6581 6582
f 6574 6573 6583
f 6583 6573 6582
f 6578 6584 6300
f 6300 6584 6307
f 6308 6307 6584
f 6308 6584 6585
f 6587 6586 6309
f 6587 6309 6310
f 6586 6589 6588
f 6311 6586 6588
f 6309 6586 6311
f 6590 6312 6311
f 6590 6311 6588
f 6590 6591 6312
f 6312 6591 6304
f 6591 6592 6304
f 6592 6579 6304
f 6579 6592 6580
f 6580 6592 6593
f 6580 6593 6581
f 6581 6593 6594
f 6581 6594 6582
f 6582 6594 6595
f 6582 6595 6583
f 6585 6313 6308
f 6596 6313 6585
f 6314 6587 6310
f 6314 6597 6587
f 6589 6598 6588
f 6588 6598 6590
f 6590 6598 6599
f 6590 6599 6591
f 6596 6315 6313
f 6600 6315 6596
f 6316 6597 6314
f 6316 6601 6597
f 6600 6317 6315
f 6602 6317 6600
f 6604 6603 6321
f 6604 6321 6320
f 6316 6321 6601
f 6601 6321 6603
f 6602 6605 6317
f 6317 6605 6322
f 6323 6322 6605
f 6323 6605 6606
f 6325 6607 6326
f 6326 6607 6608
f 6609 6326 6608
f 6327 6326 6609
f 6320 6327 6604
f 6604 6327 6609
f 6328 6323 6610
f 6323 6611 6610
f 6323 6606 6611
f 6610 6330 6328
f 6332 6612 6607
f 6332 6607 6325
f 6608 6607 6613
f 6613 6607 6612
f 6611 6614 6610
f 6610 6614 6330
f 6614 6333 6330
f 6614 6615 6333
f 6333 6616 6334
f 6615 6616 6333
f 6334 6617 6335
f 6616 6617 6334
f 6337 6335 6617
f 6337 6617 6618
f 6339 6619 6340
f 6619 6342 6340
f 6344 6620 6612
f 6344 6612 6332
f 6613 6612 6621
f 6621 6612 6620
f 6618 6622 6337
f 6337 6622 6345
f 6345 6623 6346
f 6622 6623 6345
f 6339 6346 6619
f 6346 6624 6619
f 6346 6623 6624
f 6619 6624 6342
f 6624 6347 6342
f 6624 6625 6347
f 6625 6627 6626
f 6348 6625 6626
f 6347 6625 6348
f 6626 6628 6348
f 6348 6628 6344
f 6628 6629 6344
f 6629 6620 6344
f 6620 6629 6621
f 6627 6630 6626
f 6626 6630 6628
f 6633 6632 6631
f 6631 6634 6633
f 6637 6636 6635
f 6639 6638 6635
f 6635 6638 6637
f 6641 6640 6639
f 6639 6640 6638
f 6640 6641 6632
f 6632 6641 6631
f 6641 6350 6631
f 6350 6351 6631
f 6642 6634 6631
f 6351 6642 6631
f 6352 6642 6351
f 6352 6354 6642
f 6642 6354 6643
f 6635 6636 6644
f 6644 6636 6645
f 6635 6646 6639
f 6635 6644 6646
f 6646 6356 6357
f 6641 6646 6357
f 6639 6646 6641
f 6641 6357 6350
f 6360 6643 6354
f 6360 6647 6643
f 6650 6649 6648
f 6652 6651 6648
f 6648 6651 6650
f 6651 6652 6645
f 6652 6644 6645
f 6652 6653 6644
f 6653 6362 6363
f 6646 6653 6363
f 6644 6653 6646
f 6646 6363 6356
f 6365 6647 6360
f 6365 6654 6647
f 6657 6656 6655
f 6659 6658 6655
f 6655 6658 6657
f 6658 6659 6649
f 6649 6659 6648
f 6659 6367 6648
f 6367 6368 6648
f 6648 6368 6369
f 6648 6369 6652
f 6652 6369 6371
f 6652 6371 6653
f 6653 6371 6362
f 6372 6654 6365
f 6372 6660 6654
f 6655 6656 6661
f 6661 6656 6662
f 6661 6374 6375
f 6659 6661 6375
f 6655 6661 6659
f 6659 6375 6367
f 6663 6660 6372
f 6663 6372 6376
f 6665 6664 6378
f 6664 6376 6378
f 6664 6663 6376
f 6665 6666 6664
f 6668 6667 6381
f 6381 6667 6380
f 6670 6669 6382
f 6669 6381 6382
f 6669 6668 6381
f 6672 6671 6670
f 6670 6671 6669
f 6672 6673 6671
f 6661 6662 6674
f 6674 6662 6675
f 6674 6383 6374
f 6674 6374 6661
f 6677 6676 6665
f 6378 6677 6665
f 6385 6677 6378
f 6665 6676 6666
f 6680 6679 6678
f 6386 6387 6678
f 6387 6680 6678
f 6387 6681 6680
f 6387 6380 6667
f 6387 6667 6681
f 6388 6670 6382
f 6670 6388 6390
f 6682 6670 6390
f 6672 6670 6682
f 6673 6672 6683
f 6683 6672 6682
f 6686 6685 6684
f 6688 6687 6684
f 6684 6687 6686
f 6687 6688 6675
f 6675 6688 6674
f 6688 6392 6674
f 6392 6393 6674
f 6674 6393 6383
f 6395 6690 6689
f 6677 6395 6689
f 6385 6395 6677
f 6692 6691 6690
f 6690 6691 6689
f 6692 6693 6691
f 6696 6695 6694
f 6696 6694 6679
f 6679 6694 6678
f 6694 6396 6678
f 6396 6397 6678
f 6678 6397 6386
f 6398 6682 6390
f 6698 6697 6399
f 6399 6697 6398
f 6697 6683 6398
f 6683 6682 6398
f 6700 6699 6698
f 6698 6699 6697
f 6700 6701 6699
f 6704 6703 6702
f 6704 6702 6685
f 6685 6702 6684
f 6702 6401 6684
f 6401 6402 6684
f 6684 6402 6403
f 6684 6403 6688
f 6688 6403 6392
f 6406 6690 6395
f 6690 6406 6408
f 6690 6408 6692
f 6706 6705 6410
f 6410 6705 6408
f 6705 6693 6408
f 6693 6692 6408
f 6706 6707 6705
f 6694 6695 6413
f 6695 6412 6413
f 6695 6708 6412
f 6694 6413 6396
f 6414 6698 6399
f 6698 6414 6416
f 6709 6698 6416
f 6700 6698 6709
f 6701 6700 6710
f 6700 6711 6710
f 6700 6709 6711
f 6713 6712 6711
f 6711 6712 6710
f 6713 6714 6712
f 6702 6703 6419
f 6703 6418 6419
f 6703 6715 6418
f 6702 6419 6401
f 6424 6716 6706
f 6424 6706 6410
f 6707 6706 6717
f 6706 6718 6717
f 6706 6716 6718
f 6708 6717 6718
f 6425 6708 6718
f 6412 6708 6425
f 6426 6709 6416
f 6709 6426 6427
f 6709 6427 6711
f 6711 6427 6429
f 6711 6429 6713
f 6429 6431 6713
f 6431 6714 6713
f 6431 6719 6714
f 6715 6433 6418
f 6720 6433 6715
f 6434 6716 6424
f 6716 6434 6436
f 6716 6436 6718
f 6718 6436 6425
f 6437 6719 6431
f 6437 6721 6719
f 6724 6723 6722
f 6720 6724 6722
f 6438 6720 6722
f 6433 6720 6438
f 6439 6726 6725
f 6721 6439 6725
f 6437 6439 6721
f 6726 6727 6725
f 6730 6729 6728
f 6732 6731 6728
f 6728 6731 6730
f 6731 6732 6723
f 6723 6732 6722
f 6732 6441 6722
f 6441 6442 6722
f 6722 6442 6438
f 6734 6733 6726
f 6439 6734 6726
f 6443 6734 6439
f 6726 6733 6727
f 6728 6729 6735
f 6735 6729 6736
f 6735 6445 6446
f 6732 6735 6446
f 6728 6735 6732
f 6732 6446 6441
f 6447 6734 6443
f 6447 6737 6734
f 6739 6738 6450
f 6450 6738 6449
f 6740 6450 6451
f 6740 6739 6450
f 6451 6453 6740
f 6740 6453 6741
f 6744 6743 6742
f 6744 6742 6736
f 6742 6735 6736
f 6742 6745 6735
f 6745 6455 6445
f 6745 6445 6735
f 6746 6737 6447
f 6746 6447 6456
f 6456 6449 6738
f 6456 6738 6746
f 6747 6741 6453
f 6747 6453 6458
f 6458 6460 6747
f 6747 6460 6748
f 6742 6743 6749
f 6749 6743 6750
f 6749 6462 6463
f 6745 6749 6463
f 6742 6749 6745
f 6745 6463 6455
f 6466 6748 6460
f 6466 6751 6748
f 6754 6753 6752
f 6754 6752 6750
f 6750 6752 6749
f 6752 6468 6749
f 6468 6469 6749
f 6749 6469 6462
f 6755 6751 6466
f 6755 6466 6473
f 6473 6475 6755
f 6755 6475 6756
f 6752 6753 6757
f 6757 6753 6758
f 6757 6477 6468
f 6757 6468 6752
f 6481 6756 6475
f 6481 6759 6756
f 6757 6758 6760
f 6760 6758 6761
f 6760 6483 6477
f 6760 6477 6757
f 6487 6759 6481
f 6487 6762 6759
f 6760 6761 6763
f 6763 6761 6764
f 6763 6489 6483
f 6763 6483 6760
f 6492 6765 6493
f 6765 6766 6493
f 6766 6487 6493
f 6766 6762 6487
f 6763 6764 6767
f 6767 6764 6768
f 6767 6495 6489
f 6767 6489 6763
f 6497 6769 6498
f 6765 6492 6498
f 6769 6765 6498
f 6770 6765 6769
f 6766 6765 6771
f 6771 6765 6770
f 6767 6768 6772
f 6772 6768 6773
f 6774 6499 6495
f 6767 6774 6495
f 6772 6774 6767
f 6774 6500 6499
f 6776 6775 6769
f 6497 6776 6769
f 6501 6776 6497
f 6769 6775 6770
f 6770 6775 6777
f 6770 6777 6771
f 6773 6778 6772
f 6779 6503 6504
f 6772 6779 6504
f 6774 6772 6504
f 6778 6779 6772
f 6774 6504 6500
f 6780 6776 6501
f 6780 6501 6506
f 6506 6508 6780
f 6780 6508 6781
f 6509 6503 6782
f 6503 6783 6782
f 6503 6779 6783
f 6782 6511 6509
f 6513 6781 6508
f 6513 6784 6781
f 6782 6783 6785
f 6785 6783 6786
f 6785 6515 6511
f 6785 6511 6782
f 6518 6784 6513
f 6518 6787 6784
f 6785 6786 6788
f 6788 6786 6789
f 6788 6520 6515
f 6788 6515 6785
f 6791 6790 6522
f 6791 6522 6523
f 6518 6522 6787
f 6787 6522 6790
f 6789 6792 6788
f 6792 6794 6793
f 6792 6793 6524
f 6788 6792 6524
f 6520 6788 6524
f 6793 6526 6524
f 6528 6791 6523
f 6528 6795 6791
f 6794 6796 6793
f 6526 6793 6796
f 6797 6526 6796
f 6530 6526 6797
f 6798 6795 6528
f 6798 6528 6533
f 6533 6535 6798
f 6798 6535 6799
f 6797 6800 6530
f 6530 6800 6536
f 6800 6802 6801
f 6537 6800 6801
f 6536 6800 6537
f 6801 6539 6537
f 6542 6799 6535
f 6542 6803 6799
f 6801 6802 6804
f 6804 6802 6805
f 6806 6543 6539
f 6801 6806 6539
f 6804 6806 6801
f 6806 6545 6543
f 6547 6807 6546
f 6807 6808 6546
f 6808 6542 6546
f 6808 6803 6542
f 6805 6809 6804
f 6811 6810 6809
f 6810 6804 6809
f 6810 6806 6804
f 6812 6548 6545
f 6806 6812 6545
f 6810 6812 6806
f 6812 6550 6548
f 6551 6807 6547
f 6551 6553 6807
f 6553 6808 6807
f 6553 6813 6808
f 6811 6814 6810
f 6816 6815 6814
f 6815 6810 6814
f 6815 6812 6810
f 6817 6554 6550
f 6812 6817 6550
f 6815 6817 6812
f 6817 6556 6554
f 6558 6813 6553
f 6558 6818 6813
f 6816 6819 6815
f 6821 6820 6819
f 6820 6815 6819
f 6820 6817 6815
f 6822 6559 6556
f 6817 6822 6556
f 6820 6822 6817
f 6823 6560 6559
f 6823 6559 6822
f 6823 6562 6560
f 6563 6818 6558
f 6563 6824 6818
f 6821 6825 6820
f 6820 6825 6822
f 6822 6825 6826
f 6822 6826 6823
f 6823 6826 6827
f 6827 6829 6828
f 6827 6828 6564
f 6823 6827 6564
f 6562 6823 6564
f 6828 6565 6564
f 6567 6824 6563
f 6567 6830 6824
f 6828 6829 6831
f 6831 6829 6832
f 6831 6568 6565
f 6831 6565 6828
f 6834 6833 6569
f 6834 6569 6570
f 6567 6569 6830
f 6830 6569 6833
f 6832 6835 6831
f 6568 6831 6835
f 6836 6568 6835
f 6571 6568 6836
f 6838 6837 6575
f 6838 6575 6574
f 6570 6575 6834
f 6834 6575 6837
f 6576 6571 6839
f 6571 6840 6839
f 6571 6836 6840
f 6841 6577 6576
f 6841 6576 6839
f 6841 6578 6577
f 6583 6838 6574
f 6583 6842 6838
f 6840 6843 6839
f 6839 6843 6841
f 6841 6843 6844
f 6841 6844 6578
f 6844 6584 6578
f 6844 6845 6584
f 6585 6584 6845
f 6585 6845 6846
f 6587 6847 6586
f 6847 6589 6586
f 6591 6848 6592
f 6849 6593 6592
f 6849 6592 6848
f 6593 6849 6850
f 6851 6593 6850
f 6594 6593 6851
f 6594 6852 6595
f 6851 6852 6594
f 6583 6595 6842
f 6842 6595 6852
f 6846 6596 6585
f 6853 6596 6846
f 6855 6854 6847
f 6587 6855 6847
f 6597 6855 6587
f 6847 6854 6589
f 6854 6598 6589
f 6854 6856 6598
f 6598 6857 6599
f 6856 6857 6598
f 6591 6599 6848
f 6599 6858 6848
f 6599 6857 6858
f 6848 6858 6849
f 6849 6858 6859
f 6849 6859 6850
f 6853 6600 6596
f 6860 6600 6853
f 6863 6862 6861
f 6862 6855 6861
f 6855 6601 6861
f 6855 6597 6601
f 6860 6602 6600
f 6864 6602 6860
f 6863 6861 6603
f 6604 6863 6603
f 6865 6863 6604
f 6603 6861 6601
f 6864 6866 6602
f 6602 6866 6605
f 6606 6605 6866
f 6606 6866 6867
f 6869 6868 6609
f 6869 6609 6608
f 6604 6609 6865
f 6865 6609 6868
f 6867 6611 6606
f 6870 6611 6867
f 6613 6869 6608
f 6613 6871 6869
f 6870 6872 6611
f 6611 6872 6614
f 6614 6873 6615
f 6872 6873 6614
f 6873 6875 6874
f 6616 6873 6874
f 6615 6873 6616
f 6876 6617 6616
f 6876 6616 6874
f 6876 6618 6617
f 6621 6871 6613
f 6621 6877 6871
f 6875 6878 6874
f 6874 6878 6876
f 6876 6878 6879
f 6876 6879 6618
f 6879 6622 6618
f 6879 6880 6622
f 6880 6882 6881
f 6623 6880 6881
f 6622 6880 6623
f 6883 6624 6623
f 6883 6623 6881
f 6884 6625 6624
f 6884 6624 6883
f 6884 6627 6625
f 6628 6885 6629
f 6885 6886 6629
f 6886 6621 6629
f 6886 6877 6621
f 6882 6887 6881
f 6881 6887 6883
f 6883 6887 6888
f 6883 6888 6884
f 6884 6888 6889
f 6884 6889 6627
f 6889 6630 6627
f 6889 6890 6630
f 6628 6630 6885
f 6630 6891 6885
f 6630 6890 6891
f 6885 6891 6886
f 6894 6893 6892
f 6896 6895 6892
f 6892 6895 6894
f 6632 6633 6896
f 6633 6895 6896
f 6633 6897 6895
f 6899 6898 6634
f 6898 6633 6634
f 6898 6897 6633
f 6899 6900 6898
f 6903 6902 6901
f 6636 6637 6901
f 6637 6903 6901
f 6637 6904 6903
f 6638 6892 6893
f 6904 6638 6893
f 6637 6638 6904
f 6892 6638 6640
f 6892 6640 6896
f 6896 6640 6632
f 6642 6899 6634
f 6642 6643 6899
f 6643 6900 6899
f 6643 6905 6900
f 6908 6907 6906
f 6908 6906 6902
f 6906 6901 6902
f 6906 6909 6901
f 6909 6645 6636
f 6909 6636 6901
f 6647 6905 6643
f 6647 6910 6905
f 6913 6912 6911
f 6913 6911 6907
f 6907 6911 6906
f 6911 6649 6906
f 6649 6650 6906
f 6906 6650 6651
f 6906 6651 6909
f 6909 6651 6645
f 6654 6910 6647
f 6654 6914 6910
f 6916 6915 6657
f 6657 6915 6656
f 6658 6911 6912
f 6916 6658 6912
f 6657 6658 6916
f 6911 6658 6649
f 6660 6918 6917
f 6914 6660 6917
f 6654 6660 6914
f 6920 6919 6918
f 6918 6919 6917
f 6920 6921 6919
f 6924 6923 6922
f 6926 6925 6922
f 6922 6925 6924
f 6928 6927 6926
f 6926 6927 6925
f 6928 6929 6927
f 6932 6931 6930
f 6934 6933 6930
f 6930 6933 6932
f 6915 6933 6934
f 6662 6915 6934
f 6656 6915 6662
f 6663 6918 6660
f 6918 6663 6664
f 6918 6664 6920
f 6664 6666 6920
f 6666 6921 6920
f 6666 6935 6921
f 6938 6937 6936
f 6938 6936 6923
f 6923 6936 6922
f 6936 6667 6922
f 6667 6668 6922
f 6922 6668 6669
f 6922 6669 6926
f 6926 6669 6671
f 6926 6671 6928
f 6671 6673 6928
f 6673 6929 6928
f 6673 6939 6929
f 6930 6931 6940
f 6940 6931 6941
f 6930 6942 6934
f 6930 6940 6942
f 6942 6675 6662
f 6942 6662 6934
f 6677 6943 6676
f 6935 6666 6944
f 6666 6943 6944
f 6943 6945 6944
f 6666 6676 6943
f 6945 6946 6944
f 6948 6947 6680
f 6680 6947 6679
f 6681 6936 6937
f 6948 6681 6937
f 6680 6681 6948
f 6936 6681 6667
f 6683 6950 6949
f 6939 6683 6949
f 6673 6683 6939
f 6952 6951 6950
f 6950 6951 6949
f 6952 6953 6951
f 6956 6955 6954
f 6956 6954 6941
f 6941 6954 6940
f 6954 6685 6940
f 6685 6686 6940
f 6940 6686 6687
f 6940 6687 6942
f 6942 6687 6675
f 6689 6943 6677
f 6943 6689 6691
f 6943 6691 6945
f 6691 6693 6945
f 6693 6946 6945
f 6693 6957 6946
f 6959 6958 6696
f 6696 6958 6695
f 6696 6679 6947
f 6696 6947 6959
f 6697 6950 6683
f 6950 6697 6699
f 6950 6699 6952
f 6961 6960 6701
f 6701 6960 6699
f 6960 6953 6699
f 6953 6952 6699
f 6963 6962 6961
f 6961 6962 6960
f 6963 6964 6962
f 6954 6955 6704
f 6955 6703 6704
f 6955 6965 6703
f 6954 6704 6685
f 6966 6957 6693
f 6966 6693 6705
f 6968 6967 6707
f 6967 6705 6707
f 6967 6966 6705
f 6958 6967 6968
f 6708 6958 6968
f 6695 6958 6708
f 6710 6961 6701
f 6961 6710 6712
f 6961 6712 6963
f 6712 6714 6963
f 6714 6964 6963
f 6714 6969 6964
f 6972 6971 6970
f 6965 6972 6970
f 6715 6965 6970
f 6703 6965 6715
f 6717 6968 6707
f 6968 6717 6708
f 6719 6969 6714
f 6719 6973 6969
f 6976 6975 6974
f 6976 6974 6971
f 6974 6970 6971
f 6974 6977 6970
f 6977 6720 6715
f 6977 6715 6970
f 6721 6979 6978
f 6973 6721 6978
f 6719 6721 6973
f 6979 6980 6978
f 6974 6975 6981
f 6981 6975 6982
f 6981 6723 6724
f 6977 6981 6724
f 6974 6981 6977
f 6977 6724 6720
f 6725 6979 6721
f 6725 6727 6979
f 6727 6980 6979
f 6727 6983 6980
f 6985 6984 6730
f 6730 6984 6729
f 6731 6981 6982
f 6985 6731 6982
f 6730 6731 6985
f 6981 6731 6723
f 6987 6986 6733
f 6987 6733 6734
f 6727 6988 6983
f 6988 6727 6989
f 6733 6989 6727
f 6989 6733 6990
f 6986 6990 6733
f 6992 6991 6989
f 6989 6991 6988
f 6992 6993 6991
f 6996 6995 6994
f 6984 6996 6994
f 6736 6984 6994
f 6729 6984 6736
f 6737 6987 6734
f 6737 6997 6987
f 6989 6990 6739
f 6990 6738 6739
f 6990 6998 6738
f 6989 6739 6740
f 6989 6740 6992
f 6740 6741 6992
f 6741 6993 6992
f 6741 6999 6993
f 6994 6995 6744
f 6995 6743 6744
f 6995 7000 6743
f 6994 6744 6736
f 7001 6997 6737
f 7001 6737 6746
f 6746 6738 6998
f 6746 6998 7001
f 6741 6747 7002
f 7003 6741 7002
f 6999 6741 7003
f 6748 7002 6747
f 7006 7005 7004
f 7000 7006 7004
f 6750 7000 7004
f 6743 7000 6750
f 7007 7003 7002
f 7002 6748 7007
f 6748 7008 7007
f 6748 6751 7008
f 7011 7010 7009
f 7011 7009 7005
f 7005 7009 7004
f 7009 6753 7004
f 6753 6754 7004
f 7004 6754 6750
f 7012 7008 6751
f 7012 6751 6755
f 6755 6756 7012
f 7012 6756 7013
f 7010 7014 7009
f 6753 7009 7014
f 7015 6753 7014
f 6758 6753 7015
f 6759 7013 6756
f 6759 7016 7013
f 7015 6761 6758
f 7017 6761 7015
f 6762 7016 6759
f 6762 7018 7016
f 7021 7020 7019
f 7017 7021 7019
f 6764 7017 7019
f 6761 7017 6764
f 6766 7018 6762
f 6766 7022 7018
f 7019 7020 7023
f 7023 7020 7024
f 7023 6768 6764
f 7023 6764 7019
f 6771 7022 6766
f 6771 7025 7022
f 7023 7024 7026
f 7026 7024 7027
f 7026 6773 6768
f 7026 6768 7023
f 6776 7028 6775
f 6775 7028 7029
f 7030 6775 7029
f 6777 6775 7030
f 6771 6777 7025
f 7025 6777 7030
f 7026 7027 7031
f 7031 7027 7032
f 7033 6778 6773
f 7026 7033 6773
f 7031 7033 7026
f 7033 6779 6778
f 6780 7028 6776
f 6780 6781 7028
f 6781 7029 7028
f 6781 7034 7029
f 7032 7035 7031
f 7037 7036 7035
f 7036 7031 7035
f 7036 7033 7031
f 7036 6783 6779
f 7036 6779 7033
f 6784 7034 6781
f 6784 7038 7034
f 7036 7037 7039
f 7039 7037 7040
f 7039 6786 6783
f 7039 6783 7036
f 6787 7038 6784
f 6787 7041 7038
f 7039 7040 7042
f 7042 7040 7043
f 7042 6789 6786
f 7042 6786 7039
f 6791 7044 6790
f 7044 7045 6790
f 7045 6787 6790
f 7045 7041 6787
f 7043 7046 7042
f 7046 7048 7047
f 7046 7047 6792
f 7042 7046 6792
f 6789 7042 6792
f 7047 6794 6792
f 7050 7049 7044
f 6791 7050 7044
f 6795 7050 6791
f 7044 7049 7045
f 7048 7051 7047
f 7051 7053 7052
f 7051 7052 6796
f 7047 7051 6796
f 6794 7047 6796
f 7052 6797 6796
f 6795 6798 7054
f 7055 6795 7054
f 7050 6795 7055
f 6799 7054 6798
f 7053 7056 7052
f 7056 7058 7057
f 7056 7057 6800
f 7052 7056 6800
f 6797 7052 6800
f 7057 6802 6800
f 7059 7055 7054
f 7054 6799 7059
f 6799 7060 7059
f 6799 6803 7060
f 7057 7058 7061
f 7061 7058 7062
f 7061 6805 6802
f 7061 6802 7057
f 6808 7060 6803
f 6808 7063 7060
f 7061 7062 7064
f 7064 7062 7065
f 7066 6809 6805
f 7061 7066 6805
f 7064 7066 7061
f 7066 6811 6809
f 6813 7063 6808
f 6813 7067 7063
f 7065 7068 7064
f 7064 7068 7066
f 7066 7068 7069
f 7069 7071 7070
f 7069 7070 6814
f 7066 7069 6814
f 6811 7066 6814
f 7070 6816 6814
f 6818 7067 6813
f 6818 7072 7067
f 7071 7073 7070
f 7073 7075 7074
f 7073 7074 6819
f 7070 7073 6819
f 6816 7070 6819
f 7074 6821 6819
f 6824 7072 6818
f 6824 7076 7072
f 7075 7077 7074
f 7074 7077 6821
f 7077 6825 6821
f 7077 7078 6825
f 7078 7080 7079
f 6826 7078 7079
f 6825 7078 6826
f 7081 6827 6826
f 7081 6826 7079
f 7081 6829 6827
f 6830 7076 6824
f 6830 7082 7076
f 7080 7083 7079
f 7085 7084 7083
f 7084 7079 7083
f 7084 7081 7079
f 7084 6832 6829
f 7084 6829 7081
f 7087 7086 6833
f 7087 6833 6834
f 6830 6833 7082
f 7082 6833 7086
f 7085 7088 7084
f 7088 7090 7089
f 7088 7089 6835
f 7084 7088 6835
f 6832 7084 6835
f 7089 6836 6835
f 7092 7091 6837
f 7092 6837 6838
f 6834 6837 7087
f 7087 6837 7091
f 7090 7093 7089
f 6836 7089 7093
f 7094 6836 7093
f 6840 6836 7094
f 6842 7092 6838
f 6842 7095 7092
f 7094 7096 6840
f 6840 7096 6843
f 6843 7097 6844
f 7096 7097 6843
f 6844 7098 6845
f 7097 7098 6844
f 6846 6845 7098
f 6846 7098 7099
f 6850 7100 6851
f 7101 6852 6851
f 7101 6851 7100
f 7101 7102 6852
f 7102 6842 6852
f 7102 7095 6842
f 7099 6853 6846
f 7103 6853 7099
f 7105 7104 6854
f 7105 6854 6855
f 6854 7106 6856
f 7104 7106 6854
f 6856 7107 6857
f 7106 7107 6856
f 6857 7108 6858
f 7107 7108 6857
f 6858 7109 6859
f 7108 7109 6858
f 6850 6859 7100
f 6859 7110 7100
f 6859 7109 7110
f 7100 7110 7101
f 7101 7110 7111
f 7101 7111 7102
f 7103 6860 6853
f 7112 6860 7103
f 7114 7113 6862
f 7114 6862 6863
f 6855 6862 7105
f 7105 6862 7113
f 7112 6864 6860
f 7115 6864 7112
f 6865 7114 6863
f 6865 7116 7114
f 7115 7117 6864
f 6864 7117 6866
f 6867 6866 7117
f 6867 7117 7118
f 6869 7119 6868
f 7119 7120 6868
f 7120 6865 6868
f 7120 7116 6865
f 7118 6870 6867
f 7121 6870 7118
f 7123 7122 7119
f 6869 7123 7119
f 6871 7123 6869
f 7119 7122 7120
f 7121 7124 6870
f 6870 7124 6872
f 7124 7126 7125
f 6873 7124 7125
f 6872 7124 6873
f 7125 6875 6873
f 6877 7123 6871
f 6877 7127 7123
f 7126 7128 7125
f 7125 7128 6875
f 7128 6878 6875
f 7128 7129 6878
f 6878 7130 6879
f 7129 7130 6878
f 7130 7132 7131
f 6880 7130 7131
f 6879 7130 6880
f 7131 6882 6880
f 6886 7127 6877
f 6886 7133 7127
f 7132 7134 7131
f 7131 7134 6882
f 7134 6887 6882
f 7134 7135 6887
f 6887 7136 6888
f 7135 7136 6887
f 6888 7137 6889
f 7136 7137 6888
f 7137 7139 7138
f 6890 7137 7138
f 6889 7137 6890
f 7140 6891 6890
f 7140 6890 7138
f 7140 7141 6891
f 7141 6886 6891
f 7141 7133 6886
f 7139 7142 7138
f 7138 7142 7140
f 7140 7142 7143
f 7140 7143 7141
f 7146 7145 7144
f 7148 7147 7144
f 7144 7147 7146
f 7148 7149 7147
f 7144 7145 6894
f 7145 6893 6894
f 7145 7150 6893
f 7144 6894 6895
f 7144 6895 7148
f 7151 7149 7148
f 6895 7151 7148
f 6897 7151 6895
f 7152 6897 6898
f 7152 7151 6897
f 7154 7153 6900
f 7153 6898 6900
f 7153 7152 6898
f 7154 7155 7153
f 7158 7157 7156
f 6902 6903 7156
f 6903 7158 7156
f 6903 7159 7158
f 7160 6903 6904
f 7160 7159 6903
f 6904 6893 7150
f 6904 7150 7160
f 6905 7161 7154
f 6905 7154 6900
f 7155 7154 7162
f 7162 7154 7161
f 7156 7157 6908
f 7157 6907 6908
f 7157 7163 6907
f 7156 6908 6902
f 7165 7164 7161
f 6905 7165 7161
f 6910 7165 6905
f 7161 7164 7162
f 7168 7167 7166
f 6912 6913 7166
f 6913 7168 7166
f 6913 7169 7168
f 6913 6907 7163
f 6913 7163 7169
f 6914 7165 6910
f 6914 7170 7165
f 7173 7172 7171
f 7173 7171 7167
f 7167 7171 7166
f 7171 6915 7166
f 6915 6916 7166
f 7166 6916 6912
f 7174 7170 6914
f 7174 6914 6917
f 7175 6917 6919
f 7175 7174 6917
f 6919 6921 7175
f 7175 6921 7176
f 7178 7177 6924
f 6924 7177 6923
f 7179 6924 6925
f 7179 7178 6924
f 7180 6925 6927
f 7180 7179 6925
f 6927 6929 7180
f 7180 6929 7181
f 7183 7182 6932
f 6932 7182 6931
f 6933 7171 7172
f 7183 6933 7172
f 6932 6933 7183
f 7171 6933 6915
f 6935 7176 6921
f 6935 7184 7176
f 7186 7185 6938
f 6938 7185 6937
f 6938 6923 7177
f 6938 7177 7186
f 6939 7188 7187
f 7181 6939 7187
f 6929 6939 7181
f 7188 7189 7187
f 7192 7191 7190
f 7182 7192 7190
f 6941 7182 7190
f 6931 7182 6941
f 7193 7184 6935
f 7193 6935 6944
f 7195 7194 6946
f 7194 6944 6946
f 7194 7193 6944
f 7195 7196 7194
f 7198 7197 6948
f 6948 7197 6947
f 6948 6937 7185
f 6948 7185 7198
f 6949 7188 6939
f 7199 7189 7188
f 6949 7199 7188
f 6951 7199 6949
f 7201 7200 6953
f 7200 6951 6953
f 7200 7199 6951
f 7201 7202 7200
f 7190 7191 6956
f 7191 6955 6956
f 7191 7203 6955
f 7190 6956 6941
f 6957 7204 7195
f 6957 7195 6946
f 7196 7195 7205
f 7195 7206 7205
f 7195 7204 7206
f 6958 6959 7206
f 6959 7205 7206
f 6959 7207 7205
f 6959 6947 7197
f 6959 7197 7207
f 6960 7201 6953
f 7208 7202 7201
f 6960 7208 7201
f 6962 7208 6960
f 6962 6964 7208
f 7208 6964 7209
f 7212 7211 7210
f 7203 7212 7210
f 6965 7203 7210
f 6955 7203 6965
f 6966 7204 6957
f 7204 6966 6967
f 7204 6967 7206
f 7206 6967 6958
f 6969 7209 6964
f 6969 7213 7209
f 7216 7215 7214
f 7216 7214 7211
f 7211 7214 7210
f 7214 6971 7210
f 6971 6972 7210
f 7210 6972 6965
f 6973 7213 6969
f 6973 7217 7213
f 7220 7219 7218
f 7220 7218 7215
f 7215 7218 7214
f 7218 6975 7214
f 6975 6976 7214
f 7214 6976 6971
f 7221 7217 6973
f 7221 6973 6978
f 6978 6980 7221
f 7221 6980 7222
f 7218 7219 7223
f 7223 7219 7224
f 7223 6982 6975
f 7223 6975 7218
f 6983 7222 6980
f 6983 7225 7222
f 7228 7227 7226
f 7228 7226 7224
f 7224 7226 7223
f 7226 6984 7223
f 6984 6985 7223
f 7223 6985 6982
f 7230 7229 6986
f 7230 6986 6987
f 6983 6988 7225
f 7231 7225 6988
f 7225 7231 7229
f 6990 7229 7231
f 7229 6990 6986
f 7231 6988 7232
f 6988 7233 7232
f 6988 6991 7233
f 6991 6993 7233
f 7233 6993 7234
f 7237 7236 7235
f 7237 7235 7227
f 7227 7235 7226
f 7235 6995 7226
f 6995 6996 7226
f 7226 6996 6984
f 6997 7230 6987
f 6997 7238 7230
f 7240 7239 7231
f 7239 6990 7231
f 7239 6998 6990
f 7240 7231 7232
f 6999 7234 6993
f 6999 7241 7234
f 7244 7243 7242
f 7244 7242 7236
f 7242 7235 7236
f 7242 7245 7235
f 7245 7000 6995
f 7245 6995 7235
f 7246 7238 6997
f 7246 6997 7001
f 7001 6998 7239
f 7001 7239 7246
f 7003 7241 6999
f 7003 7247 7241
f 7242 7243 7248
f 7248 7243 7249
f 7248 7005 7006
f 7245 7248 7006
f 7242 7248 7245
f 7245 7006 7000
f 7003 7007 7250
f 7251 7003 7250
f 7247 7003 7251
f 7008 7250 7007
f 7248 7249 7011
f 7249 7010 7011
f 7249 7252 7010
f 7248 7011 7005
f 7253 7251 7250
f 7255 7253 7254
f 7254 7253 7012
f 7253 7250 7012
f 7250 7008 7012
f 7013 7254 7012
f 7014 7010 7256
f 7010 7257 7256
f 7010 7252 7257
f 7256 7015 7014
f 7258 7255 7254
f 7254 7013 7258
f 7013 7259 7258
f 7013 7016 7259
f 7256 7257 7260
f 7260 7257 7261
f 7260 7017 7015
f 7260 7015 7256
f 7018 7259 7016
f 7018 7262 7259
f 7260 7261 7021
f 7261 7020 7021
f 7261 7263 7020
f 7260 7021 7017
f 7022 7262 7018
f 7022 7264 7262
f 7263 7024 7020
f 7265 7024 7263
f 7025 7264 7022
f 7025 7266 7264
f 7265 7027 7024
f 7267 7027 7265
f 7029 7268 7030
f 7268 7269 7030
f 7269 7025 7030
f 7269 7266 7025
f 7267 7032 7027
f 7270 7032 7267
f 7272 7271 7268
f 7029 7272 7268
f 7034 7272 7029
f 7268 7271 7269
f 7035 7032 7273
f 7032 7274 7273
f 7032 7270 7274
f 7273 7037 7035
f 7038 7272 7034
f 7038 7275 7272
f 7274 7276 7273
f 7037 7273 7276
f 7277 7037 7276
f 7040 7037 7277
f 7041 7275 7038
f 7041 7278 7275
f 7277 7043 7040
f 7279 7043 7277
f 7045 7278 7041
f 7045 7280 7278
f 7046 7043 7281
f 7043 7282 7281
f 7043 7279 7282
f 7281 7048 7046
f 7284 7283 7049
f 7284 7049 7050
f 7045 7049 7280
f 7280 7049 7283
f 7282 7285 7281
f 7285 7287 7286
f 7285 7286 7051
f 7281 7285 7051
f 7048 7281 7051
f 7286 7053 7051
f 7055 7284 7050
f 7055 7288 7284
f 7286 7287 7289
f 7289 7287 7290
f 7291 7056 7053
f 7286 7291 7053
f 7289 7291 7286
f 7291 7058 7056
f 7292 7288 7055
f 7292 7055 7059
f 7059 7060 7292
f 7292 7060 7293
f 7290 7294 7289
f 7296 7295 7294
f 7295 7289 7294
f 7295 7291 7289
f 7295 7062 7058
f 7295 7058 7291
f 7063 7293 7060
f 7063 7297 7293
f 7295 7296 7298
f 7298 7296 7299
f 7298 7065 7062
f 7298 7062 7295
f 7067 7297 7063
f 7067 7300 7297
f 7299 7301 7298
f 7301 7303 7302
f 7301 7302 7068
f 7298 7301 7068
f 7065 7298 7068
f 7304 7069 7068
f 7304 7068 7302
f 7304 7071 7069
f 7072 7300 7067
f 7072 7305 7300
f 7303 7306 7302
f 7302 7306 7304
f 7304 7306 7307
f 7307 7309 7308
f 7307 7308 7073
f 7304 7307 7073
f 7071 7304 7073
f 7308 7075 7073
f 7076 7305 7072
f 7076 7310 7305
f 7309 7311 7308
f 7311 7313 7312
f 7311 7312 7077
f 7308 7311 7077
f 7075 7308 7077
f 7314 7078 7077
f 7314 7077 7312
f 7314 7080 7078
f 7082 7310 7076
f 7082 7315 7310
f 7313 7316 7312
f 7318 7317 7316
f 7317 7312 7316
f 7317 7314 7312
f 7319 7083 7080
f 7314 7319 7080
f 7317 7319 7314
f 7319 7085 7083
f 7321 7320 7086
f 7321 7086 7087
f 7082 7086 7315
f 7315 7086 7320
f 7318 7322 7317
f 7317 7322 7319
f 7319 7322 7323
f 7323 7325 7324
f 7323 7324 7088
f 7319 7323 7088
f 7085 7319 7088
f 7324 7090 7088
f 7327 7326 7091
f 7327 7091 7092
f 7087 7091 7321
f 7321 7091 7326
f 7325 7328 7324
f 7324 7328 7090
f 7328 7093 7090
f 7328 7329 7093
f 7094 7093 7329
f 7094 7329 7330
f 7095 7327 7092
f 7095 7331 7327
f 7330 7332 7094
f 7094 7332 7096
f 7096 7333 7097
f 7332 7333 7096
f 7097 7334 7098
f 7333 7334 7097
f 7099 7098 7334
f 7099 7334 7335
f 7102 7331 7095
f 7102 7336 7331
f 7335 7103 7099
f 7337 7103 7335
f 7105 7338 7104
f 7104 7338 7339
f 7340 7104 7339
f 7106 7104 7340
f 7106 7341 7107
f 7340 7341 7106
f 7107 7342 7108
f 7341 7342 7107
f 7108 7343 7109
f 7342 7343 7108
f 7109 7344 7110
f 7343 7344 7109
f 7110 7345 7111
f 7344 7345 7110
f 7102 7111 7336
f 7336 7111 7345
f 7337 7112 7103
f 7346 7112 7337
f 7348 7347 7113
f 7348 7113 7114
f 7105 7113 7338
f 7113 7349 7338
f 7113 7347 7349
f 7338 7349 7339
f 7346 7115 7112
f 7350 7115 7346
f 7116 7348 7114
f 7116 7351 7348
f 7350 7352 7115
f 7115 7352 7117
f 7118 7117 7352
f 7118 7352 7353
f 7120 7351 7116
f 7120 7354 7351
f 7353 7121 7118
f 7355 7121 7353
f 7357 7356 7122
f 7357 7122 7123
f 7120 7122 7354
f 7354 7122 7356
f 7355 7358 7121
f 7121 7358 7124
f 7360 7359 7126
f 7124 7360 7126
f 7358 7360 7124
f 7361 7359 7360
f 7127 7357 7123
f 7127 7362 7357
f 7359 7128 7126
f 7361 7363 7359
f 7363 7128 7359
f 7363 7129 7128
f 7129 7364 7130
f 7363 7364 7129
f 7132 7130 7364
f 7132 7364 7365
f 7133 7362 7127
f 7133 7366 7362
f 7365 7367 7132
f 7132 7367 7134
f 7134 7368 7135
f 7367 7368 7134
f 7135 7369 7136
f 7368 7369 7135
f 7136 7370 7137
f 7369 7370 7136
f 7139 7137 7370
f 7139 7370 7371
f 7141 7366 7133
f 7141 7372 7366
f 7371 7373 7139
f 7139 7373 7142
f 7142 7374 7143
f 7373 7374 7142
f 7141 7143 7372
f 7372 7143 7374
f 7376 7375 7146
f 7146 7375 7145
f 7377 7146 7147
f 7377 7376 7146
f 7379 7378 7149
f 7378 7147 7149
f 7378 7377 7147
f 7381 7380 7379
f 7379 7380 7378
f 7381 7382 7380
f 7385 7384 7383
f 7375 7385 7383
f 7150 7375 7383
f 7145 7375 7150
f 7151 7379 7149
f 7379 7151 7152
f 7379 7152 7381
f 7386 7382 7381
f 7152 7386 7381
f 7153 7386 7152
f 7153 7155 7386
f 7386 7155 7387
f 7389 7388 7158
f 7158 7388 7157
f 7390 7158 7159
f 7390 7389 7158
f 7160 7383 7384
f 7390 7160 7384
f 7159 7160 7390
f 7383 7160 7150
f 7162 7387 7155
f 7162 7391 7387
f 7394 7393 7392
f 7396 7395 7392
f 7392 7395 7394
f 7388 7395 7396
f 7163 7388 7396
f 7157 7388 7163
f 7398 7397 7164
f 7398 7164 7165
f 7162 7164 7391
f 7391 7164 7397
f 7392 7393 7168
f 7393 7167 7168
f 7393 7399 7167
f 7392 7168 7169
f 7392 7169 7396
f 7396 7169 7163
f 7170 7398 7165
f 7170 7400 7398
f 7402 7401 7173
f 7173 7401 7172
f 7173 7167 7399
f 7173 7399 7402
f 7403 7400 7170
f 7403 7170 7174
f 7404 7174 7175
f 7404 7403 7174
f 7175 7176 7404
f 7404 7176 7405
f 7407 7406 7178
f 7178 7406 7177
f 7408 7178 7179
f 7408 7407 7178
f 7409 7179 7180
f 7409 7408 7179
f 7180 7181 7409
f 7409 7181 7410
f 7412 7411 7183
f 7183 7411 7182
f 7183 7172 7401
f 7183 7401 7412
f 7184 7405 7176
f 7184 7413 7405
f 7416 7415 7414
f 7414 7417 7416
f 7420 7419 7418
f 7185 7186 7418
f 7186 7420 7418
f 7186 7421 7420
f 7186 7177 7406
f 7186 7406 7421
f 7422 7410 7181
f 7422 7181 7187
f 7187 7189 7422
f 7422 7189 7423
f 7425 7424 7192
f 7192 7424 7191
f 7192 7182 7411
f 7192 7411 7425
f 7426 7413 7184
f 7426 7184 7193
f 7194 7414 7415
f 7426 7194 7415
f 7193 7194 7426
f 7428 7427 7196
f 7196 7427 7194
f 7427 7417 7194
f 7417 7414 7194
f 7430 7429 7428
f 7428 7429 7427
f 7429 7430 7419
f 7419 7430 7418
f 7430 7197 7418
f 7197 7198 7418
f 7418 7198 7185
f 7431 7423 7189
f 7431 7189 7199
f 7432 7199 7200
f 7432 7431 7199
f 7434 7433 7202
f 7433 7200 7202
f 7433 7432 7200
f 7434 7435 7433
f 7438 7437 7436
f 7424 7438 7436
f 7203 7424 7436
f 7191 7424 7203
f 7205 7428 7196
f 7428 7205 7207
f 7428 7207 7430
f 7430 7207 7197
f 7208 7434 7202
f 7208 7209 7434
f 7209 7435 7434
f 7209 7439 7435
f 7436 7437 7212
f 7437 7211 7212
f 7437 7440 7211
f 7436 7212 7203
f 7213 7439 7209
f 7213 7441 7439
f 7444 7443 7442
f 7215 7216 7442
f 7216 7444 7442
f 7216 7445 7444
f 7216 7211 7440
f 7216 7440 7445
f 7217 7441 7213
f 7217 7446 7441
f 7449 7448 7447
f 7449 7447 7443
f 7443 7447 7442
f 7447 7219 7442
f 7219 7220 7442
f 7442 7220 7215
f 7450 7446 7217
f 7450 7217 7221
f 7221 7222 7450
f 7450 7222 7451
f 7447 7448 7452
f 7452 7448 7453
f 7452 7224 7219
f 7452 7219 7447
f 7225 7451 7222
f 7225 7454 7451
f 7452 7453 7228
f 7453 7227 7228
f 7453 7455 7227
f 7452 7228 7224
f 7230 7456 7229
f 7456 7457 7229
f 7457 7225 7229
f 7457 7454 7225
f 7459 7458 7233
f 7233 7458 7232
f 7461 7460 7234
f 7460 7233 7234
f 7460 7459 7233
f 7461 7462 7460
f 7465 7464 7463
f 7236 7237 7463
f 7237 7465 7463
f 7237 7466 7465
f 7237 7227 7455
f 7237 7455 7466
f 7238 7467 7456
f 7238 7456 7230
f 7240 7468 7239
f 7468 7456 7239
f 7456 7467 7239
f 7456 7468 7457
f 7240 7232 7458
f 7240 7458 7468
f 7470 7469 7461
f 7234 7470 7461
f 7241 7470 7234
f 7461 7469 7462
f 7463 7464 7244
f 7464 7243 7244
f 7464 7471 7243
f 7463 7244 7236
f 7246 7467 7238
f 7467 7246 7239
f 7247 7470 7241
f 7247 7472 7470
f 7471 7249 7243
f 7473 7249 7471
f 7251 7472 7247
f 7251 7474 7472
f 7473 7252 7249
f 7475 7252 7473
f 7251 7253 7476
f 7477 7251 7476
f 7474 7251 7477
f 7255 7476 7253
f 7475 7257 7252
f 7478 7257 7475
f 7479 7477 7476
f 7481 7479 7480
f 7480 7479 7258
f 7479 7476 7258
f 7476 7255 7258
f 7259 7480 7258
f 7478 7261 7257
f 7482 7261 7478
f 7483 7481 7480
f 7480 7259 7483
f 7259 7484 7483
f 7259 7262 7484
f 7482 7263 7261
f 7485 7263 7482
f 7264 7484 7262
f 7264 7486 7484
f 7485 7265 7263
f 7487 7265 7485
f 7266 7486 7264
f 7266 7488 7486
f 7487 7267 7265
f 7489 7267 7487
f 7269 7488 7266
f 7269 7490 7488
f 7489 7270 7267
f 7491 7270 7489
f 7493 7492 7271
f 7493 7271 7272
f 7269 7271 7490
f 7490 7271 7492
f 7491 7274 7270
f 7494 7274 7491
f 7275 7493 7272
f 7275 7495 7493
f 7276 7274 7496
f 7274 7497 7496
f 7274 7494 7497
f 7496 7277 7276
f 7278 7495 7275
f 7278 7498 7495
f 7497 7499 7496
f 7277 7496 7499
f 7500 7277 7499
f 7279 7277 7500
f 7280 7498 7278
f 7280 7501 7498
f 7504 7503 7502
f 7500 7504 7502
f 7282 7500 7502
f 7279 7500 7282
f 7506 7505 7283
f 7506 7283 7284
f 7280 7283 7501
f 7501 7283 7505
f 7503 7507 7502
f 7507 7509 7508
f 7507 7508 7285
f 7502 7507 7285
f 7282 7502 7285
f 7508 7287 7285
f 7288 7506 7284
f 7288 7510 7506
f 7509 7511 7508
f 7287 7508 7511
f 7512 7287 7511
f 7290 7287 7512
f 7288 7292 7513
f 7514 7288 7513
f 7510 7288 7514
f 7293 7513 7292
f 7294 7290 7515
f 7290 7516 7515
f 7290 7512 7516
f 7515 7296 7294
f 7517 7514 7513
f 7513 7293 7517
f 7293 7518 7517
f 7293 7297 7518
f 7516 7519 7515
f 7296 7515 7519
f 7520 7296 7519
f 7299 7296 7520
f 7300 7518 7297
f 7300 7521 7518
f 7301 7299 7522
f 7299 7523 7522
f 7299 7520 7523
f 7522 7303 7301
f 7305 7521 7300
f 7305 7524 7521
f 7523 7525 7522
f 7525 7527 7526
f 7525 7526 7306
f 7522 7525 7306
f 7303 7522 7306
f 7528 7307 7306
f 7528 7306 7526
f 7528 7309 7307
f 7310 7524 7305
f 7310 7529 7524
f 7527 7530 7526
f 7526 7530 7528
f 7528 7530 7531
f 7528 7531 7309
f 7531 7311 7309
f 7531 7532 7311
f 7313 7311 7532
f 7313 7532 7533
f 7315 7529 7310
f 7315 7534 7529
f 7316 7313 7535
f 7313 7536 7535
f 7313 7533 7536
f 7535 7318 7316
f 7538 7537 7320
f 7538 7320 7321
f 7315 7320 7534
f 7534 7320 7537
f 7536 7539 7535
f 7535 7539 7318
f 7539 7322 7318
f 7539 7540 7322
f 7322 7541 7323
f 7540 7541 7322
f 7325 7323 7541
f 7325 7541 7542
f 7544 7543 7326
f 7544 7326 7327
f 7321 7326 7538
f 7538 7326 7543
f 7542 7545 7325
f 7325 7545 7328
f 7545 7547 7546
f 7329 7545 7546
f 7328 7545 7329
f 7546 7330 7329
f 7331 7544 7327
f 7331 7548 7544
f 7547 7549 7546
f 7549 7551 7550
f 7549 7550 7332
f 7546 7549 7332
f 7330 7546 7332
f 7552 7333 7332
f 7552 7332 7550
f 7333 7552 7553
f 7554 7333 7553
f 7334 7333 7554
f 7335 7334 7554
f 7335 7554 7555
f 7336 7548 7331
f 7336 7556 7548
f 7551 7557 7550
f 7550 7557 7552
f 7552 7557 7558
f 7552 7558 7553
f 7555 7337 7335
f 7559 7337 7555
f 7339 7560 7340
f 7340 7560 7561
f 7562 7340 7561
f 7341 7340 7562
f 7341 7563 7342
f 7562 7563 7341
f 7342 7564 7343
f 7563 7564 7342
f 7343 7565 7344
f 7564 7565 7343
f 7344 7566 7345
f 7565 7566 7344
f 7336 7345 7556
f 7556 7345 7566
f 7559 7346 7337
f 7567 7346 7559
f 7569 7568 7347
f 7569 7347 7348
f 7347 7570 7349
f 7568 7570 7347
f 7339 7349 7560
f 7349 7571 7560
f 7349 7570 7571
f 7560 7571 7561
f 7573 7350 7572
f 7350 7567 7572
f 7350 7346 7567
f 7574 7573 7572
f 7351 7569 7348
f 7351 7575 7569
f 7573 7352 7350
f 7353 7352 7573
f 7574 7353 7573
f 7576 7353 7574
f 7354 7575 7351
f 7354 7577 7575
f 7576 7355 7353
f 7578 7355 7576
f 7580 7579 7356
f 7580 7356 7357
f 7354 7356 7577
f 7577 7356 7579
f 7578 7581 7355
f 7355 7581 7358
f 7358 7582 7360
f 7581 7582 7358
f 7361 7360 7582
f 7361 7582 7583
f 7362 7580 7357
f 7362 7584 7580
f 7583 7585 7361
f 7361 7585 7363
f 7363 7586 7364
f 7585 7586 7363
f 7365 7364 7586
f 7365 7586 7587
f 7366 7584 7362
f 7366 7588 7584
f 7587 7589 7365
f 7365 7589 7367
f 7367 7590 7368
f 7589 7590 7367
f 7368 7591 7369
f 7590 7591 7368
f 7369 7592 7370
f 7591 7592 7369
f 7371 7370 7592
f 7371 7592 7593
f 7372 7588 7366
f 7372 7594 7588
f 7593 7595 7371
f 7371 7595 7373
f 7373 7596 7374
f 7595 7596 7373
f 7372 7374 7594
f 7594 7374 7596
f 7598 7597 7376
f 7376 7597 7375
f 7599 7376 7377
f 7599 7598 7376
f 7601 7599 7600
f 7599 7378 7600
f 7599 7377 7378
f 7380 7602 7378
f 7378 7602 7600
f 7382 7602 7380
f 7603 7384 7385
f 7604 7603 7385
f 7375 7604 7385
f 7597 7604 7375
f 7605 7601 7600
f 7605 7600 7602
f 7605 7602 7606
f 7606 7602 7382
f 7386 7606 7382
f 7607 7606 7386
f 7386 7387 7607
f 7607 7387 7608
f 7609 7388 7389
f 7390 7610 7389
f 7389 7610 7609
f 7611 7610 7390
f 7611 7390 7384
f 7612 7611 7384
f 7603 7612 7384
f 7612 7603 7604
f 7391 7608 7387
f 7391 7613 7608
f 7615 7614 7394
f 7394 7614 7393
f 7616 7394 7395
f 7616 7615 7394
f 7395 7388 7609
f 7617 7395 7609
f 7616 7395 7617
f 7617 7609 7610
f 7617 7610 7618
f 7618 7610 7611
f 7398 7619 7397
f 7619 7620 7397
f 7620 7391 7397
f 7620 7613 7391
f 7614 7399 7393
f 7621 7399 7614
f 7400 7622 7619
f 7400 7619 7398
f 7620 7619 7623
f 7619 7624 7623
f 7619 7622 7624
f 7624 7625 7623
f 7628 7627 7626
f 7630 7629 7626
f 7626 7629 7628
f 7630 7631 7629
f 7633 7632 7402
f 7402 7632 7401
f 7402 7399 7621
f 7402 7621 7633
f 7403 7622 7400
f 7622 7403 7404
f 7622 7404 7624
f 7404 7405 7624
f 7405 7625 7624
f 7405 7634 7625
f 7636 7635 7407
f 7407 7635 7406
f 7408 7626 7627
f 7636 7408 7627
f 7407 7408 7636
f 7626 7408 7409
f 7626 7409 7630
f 7409 7410 7630
f 7410 7631 7630
f 7410 7637 7631
f 7640 7639 7638
f 7411 7412 7638
f 7412 7640 7638
f 7412 7641 7640
f 7412 7401 7632
f 7412 7632 7641
f 7413 7643 7642
f 7634 7413 7642
f 7405 7413 7634
f 7415 7416 7643
f 7416 7642 7643
f 7416 7644 7642
f 7646 7645 7417
f 7645 7416 7417
f 7645 7644 7416
f 7648 7647 7646
f 7646 7647 7645
f 7419 7420 7648
f 7420 7647 7648
f 7420 7649 7647
f 7650 7420 7421
f 7650 7649 7420
f 7421 7406 7635
f 7421 7635 7650
f 7651 7637 7410
f 7651 7410 7422
f 7653 7652 7423
f 7652 7422 7423
f 7652 7651 7422
f 7655 7654 7653
f 7653 7654 7652
f 7655 7656 7654
f 7659 7658 7657
f 7659 7657 7639
f 7639 7657 7638
f 7657 7424 7638
f 7424 7425 7638
f 7638 7425 7411
f 7426 7643 7413
f 7643 7426 7415
f 7427 7646 7417
f 7646 7427 7429
f 7646 7429 7648
f 7648 7429 7419
f 7431 7653 7423
f 7653 7431 7432
f 7653 7432 7655
f 7660 7656 7655
f 7432 7660 7655
f 7433 7660 7432
f 7433 7435 7660
f 7660 7435 7661
f 7657 7658 7438
f 7658 7437 7438
f 7658 7662 7437
f 7657 7438 7424
f 7439 7664 7663
f 7661 7439 7663
f 7435 7439 7661
f 7664 7665 7663
f 7668 7667 7666
f 7662 7668 7666
f 7440 7662 7666
f 7437 7662 7440
f 7441 7669 7664
f 7441 7664 7439
f 7665 7664 7670
f 7670 7664 7669
f 7673 7672 7671
f 7443 7444 7671
f 7444 7673 7671
f 7444 7674 7673
f 7445 7666 7667
f 7674 7445 7667
f 7444 7445 7674
f 7666 7445 7440
f 7446 7675 7669
f 7446 7669 7441
f 7670 7669 7676
f 7676 7669 7675
f 7671 7672 7449
f 7672 7448 7449
f 7672 7677 7448
f 7671 7449 7443
f 7450 7675 7446
f 7450 7451 7675
f 7451 7676 7675
f 7451 7678 7676
f 7681 7680 7679
f 7677 7681 7679
f 7453 7677 7679
f 7448 7677 7453
f 7454 7678 7451
f 7454 7682 7678
f 7685 7684 7683
f 7683 7686 7685
f 7679 7680 7687
f 7687 7680 7688
f 7687 7455 7453
f 7687 7453 7679
f 7457 7690 7689
f 7682 7457 7689
f 7454 7457 7682
f 7689 7690 7684
f 7684 7690 7683
f 7690 7458 7683
f 7458 7459 7683
f 7691 7686 7683
f 7459 7691 7683
f 7460 7691 7459
f 7460 7462 7691
f 7691 7462 7692
f 7694 7693 7465
f 7465 7693 7464
f 7466 7687 7688
f 7694 7466 7688
f 7465 7466 7694
f 7687 7466 7455
f 7468 7690 7457
f 7690 7468 7458
f 7470 7695 7469
f 7695 7696 7469
f 7696 7462 7469
f 7696 7692 7462
f 7693 7471 7464
f 7697 7471 7693
f 7699 7698 7695
f 7470 7699 7695
f 7472 7699 7470
f 7695 7698 7696
f 7697 7473 7471
f 7700 7473 7697
f 7474 7699 7472
f 7474 7701 7699
f 7700 7475 7473
f 7702 7475 7700
f 7477 7701 7474
f 7477 7703 7701
f 7706 7705 7704
f 7702 7706 7704
f 7478 7702 7704
f 7475 7702 7478
f 7477 7479 7707
f 7708 7477 7707
f 7703 7477 7708
f 7481 7707 7479
f 7704 7705 7709
f 7709 7705 7710
f 7709 7482 7478
f 7709 7478 7704
f 7708 7707 7711
f 7708 7711 7712
f 7483 7713 7481
f 7713 7707 7481
f 7713 7711 7707
f 7484 7713 7483
f 7710 7714 7709
f 7482 7709 7714
f 7715 7482 7714
f 7485 7482 7715
f 7712 7711 7716
f 7712 7716 7717
f 7718 7711 7713
f 7716 7711 7718
f 7486 7718 7484
f 7484 7718 7713
f 7715 7487 7485
f 7719 7487 7715
f 7720 7717 7716
f 7722 7721 7720
f 7716 7722 7720
f 7718 7722 7716
f 7488 7722 7486
f 7486 7722 7718
f 7719 7489 7487
f 7723 7489 7719
f 7721 7722 7724
f 7721 7724 7725
f 7490 7724 7488
f 7488 7724 7722
f 7728 7727 7726
f 7723 7728 7726
f 7491 7723 7726
f 7489 7723 7491
f 7725 7724 7492
f 7493 7725 7492
f 7729 7725 7493
f 7492 7724 7490
f 7727 7730 7726
f 7491 7726 7730
f 7731 7491 7730
f 7494 7491 7731
f 7495 7729 7493
f 7495 7732 7729
f 7731 7497 7494
f 7733 7497 7731
f 7498 7732 7495
f 7498 7734 7732
f 7499 7497 7735
f 7497 7736 7735
f 7497 7733 7736
f 7735 7500 7499
f 7501 7734 7498
f 7501 7737 7734
f 7735 7736 7504
f 7736 7503 7504
f 7736 7738 7503
f 7735 7504 7500
f 7506 7739 7505
f 7739 7740 7505
f 7740 7501 7505
f 7740 7737 7501
f 7507 7503 7741
f 7503 7742 7741
f 7503 7738 7742
f 7741 7509 7507
f 7744 7743 7739
f 7506 7744 7739
f 7510 7744 7506
f 7739 7743 7740
f 7742 7745 7741
f 7745 7747 7746
f 7745 7746 7511
f 7741 7745 7511
f 7509 7741 7511
f 7746 7512 7511
f 7514 7744 7510
f 7514 7748 7744
f 7747 7749 7746
f 7512 7746 7749
f 7750 7512 7749
f 7516 7512 7750
f 7514 7517 7751
f 7752 7514 7751
f 7748 7514 7752
f 7518 7751 7517
f 7750 7753 7516
f 7516 7753 7519
f 7520 7519 7753
f 7520 7753 7754
f 7752 7751 7755
f 7752 7755 7756
f 7521 7755 7518
f 7518 7755 7751
f 7754 7523 7520
f 7757 7523 7754
f 7756 7755 7758
f 7756 7758 7759
f 7524 7758 7521
f 7521 7758 7755
f 7757 7760 7523
f 7523 7760 7525
f 7527 7525 7760
f 7527 7760 7761
f 7759 7758 7762
f 7759 7762 7763
f 7529 7762 7524
f 7524 7762 7758
f 7761 7764 7527
f 7527 7764 7530
f 7530 7765 7531
f 7764 7765 7530
f 7531 7766 7532
f 7765 7766 7531
f 7533 7532 7766
f 7533 7766 7767
f 7763 7762 7768
f 7763 7768 7769
f 7534 7768 7529
f 7529 7768 7762
f 7767 7536 7533
f 7770 7536 7767
f 7769 7768 7537
f 7538 7769 7537
f 7771 7769 7538
f 7537 7768 7534
f 7770 7772 7536
f 7536 7772 7539
f 7772 7774 7773
f 7540 7772 7773
f 7539 7772 7540
f 7775 7541 7540
f 7775 7540 7773
f 7775 7542 7541
f 7777 7776 7543
f 7777 7543 7544
f 7538 7543 7771
f 7771 7543 7776
f 7774 7778 7773
f 7773 7778 7775
f 7775 7778 7779
f 7775 7779 7542
f 7779 7545 7542
f 7779 7780 7545
f 7547 7545 7780
f 7547 7780 7781
f 7784 7783 7782
f 7783 7777 7782
f 7777 7548 7782
f 7777 7544 7548
f 7781 7785 7547
f 7547 7785 7549
f 7551 7549 7785
f 7551 7785 7786
f 7788 7787 7554
f 7788 7554 7553
f 7555 7554 7787
f 7555 7787 7789
f 7792 7791 7790
f 7793 7790 7791
f 7784 7782 7794
f 7784 7794 7795
f 7556 7794 7548
f 7548 7794 7782
f 7786 7796 7551
f 7551 7796 7557
f 7557 7797 7558
f 7796 7797 7557
f 7553 7558 7788
f 7788 7558 7797
f 7789 7559 7555
f 7798 7559 7789
f 7800 7799 7562
f 7800 7562 7561
f 7790 7563 7792
f 7563 7799 7792
f 7563 7562 7799
f 7793 7801 7790
f 7801 7563 7790
f 7801 7564 7563
f 7564 7802 7565
f 7801 7802 7564
f 7794 7566 7795
f 7566 7802 7795
f 7566 7565 7802
f 7566 7794 7556
f 7798 7567 7559
f 7803 7567 7798
f 7805 7804 7568
f 7805 7568 7569
f 7804 7807 7806
f 7570 7804 7806
f 7568 7804 7570
f 7570 7806 7808
f 7809 7570 7808
f 7571 7570 7809
f 7561 7571 7800
f 7800 7571 7809
f 7803 7810 7567
f 7567 7810 7572
f 7574 7572 7810
f 7574 7810 7811
f 7575 7805 7569
f 7575 7812 7805
f 7807 7813 7806
f 7806 7813 7808
f 7811 7576 7574
f 7814 7576 7811
f 7577 7812 7575
f 7577 7815 7812
f 7817 7578 7816
f 7578 7814 7816
f 7578 7576 7814
f 7818 7817 7816
f 7580 7819 7579
f 7819 7820 7579
f 7820 7577 7579
f 7820 7815 7577
f 7817 7581 7578
f 7818 7821 7817
f 7821 7581 7817
f 7821 7582 7581
f 7583 7582 7821
f 7583 7821 7822
f 7824 7823 7819
f 7580 7824 7819
f 7584 7824 7580
f 7819 7823 7820
f 7822 7825 7583
f 7583 7825 7585
f 7585 7826 7586
f 7825 7826 7585
f 7587 7586 7826
f 7587 7826 7827
f 7588 7824 7584
f 7588 7828 7824
f 7827 7829 7587
f 7587 7829 7589
f 7589 7830 7590
f 7829 7830 7589
f 7590 7831 7591
f 7830 7831 7590
f 7591 7832 7592
f 7831 7832 7591
f 7593 7592 7832
f 7593 7832 7833
f 7836 7835 7834
f 7835 7828 7834
f 7828 7594 7834
f 7828 7588 7594
f 7833 7837 7593
f 7593 7837 7595
f 7834 7596 7836
f 7596 7837 7836
f 7596 7595 7837
f 7596 7834 7594
f 7838 7597 7598
f 7599 7839 7598
f 7598 7839 7838
f 7601 7839 7599
f 7841 7840 7838
f 7840 7597 7838
f 7840 7604 7597
f 7841 7838 7839
f 7841 7839 7842
f 7842 7839 7601
f 7605 7842 7601
f 7843 7842 7605
f 7844 7605 7606
f 7844 7843 7605
f 7845 7606 7607
f 7845 7844 7606
f 7607 7608 7845
f 7845 7608 7846
f 7848 7847 7612
f 7612 7847 7611
f 7612 7604 7840
f 7612 7840 7848
f 7613 7846 7608
f 7613 7849 7846
f 7850 7614 7615
f 7850 7615 7851
f 7615 7852 7851
f 7615 7616 7852
f 7853 7616 7617
f 7853 7852 7616
f 7854 7617 7618
f 7854 7853 7617
f 7618 7611 7847
f 7618 7847 7854
f 7620 7849 7613
f 7620 7855 7849
f 7857 7856 7850
f 7856 7614 7850
f 7856 7621 7614
f 7857 7850 7851
f 7858 7855 7620
f 7858 7620 7623
f 7623 7625 7858
f 7858 7625 7859
f 7861 7860 7628
f 7628 7860 7627
f 7862 7628 7629
f 7862 7861 7628
f 7629 7631 7862
f 7862 7631 7863
f 7865 7864 7633
f 7633 7864 7632
f 7633 7621 7856
f 7633 7856 7865
f 7634 7867 7866
f 7859 7634 7866
f 7625 7634 7859
f 7869 7868 7867
f 7867 7868 7866
f 7869 7870 7868
f 7873 7872 7871
f 7871 7874 7873
f 7876 7875 7636
f 7636 7875 7635
f 7636 7627 7860
f 7636 7860 7876
f 7637 7863 7631
f 7637 7877 7863
f 7880 7879 7878
f 7878 7881 7880
f 7882 7639 7640
f 7882 7640 7883
f 7640 7884 7883
f 7640 7641 7884
f 7641 7632 7864
f 7641 7864 7884
f 7642 7867 7634
f 7867 7642 7644
f 7867 7644 7869
f 7885 7870 7869
f 7644 7885 7869
f 7645 7885 7644
f 7647 7871 7872
f 7885 7647 7872
f 7645 7647 7885
f 7886 7874 7871
f 7647 7886 7871
f 7649 7886 7647
f 7887 7649 7650
f 7887 7886 7649
f 7650 7635 7875
f 7650 7875 7887
f 7888 7877 7637
f 7888 7637 7651
f 7652 7878 7879
f 7888 7652 7879
f 7651 7652 7888
f 7889 7881 7878
f 7652 7889 7878
f 7654 7889 7652
f 7654 7656 7889
f 7889 7656 7890
f 7892 7891 7659
f 7659 7891 7658
f 7659 7639 7882
f 7893 7659 7882
f 7892 7659 7893
f 7893 7882 7883
f 7894 7890 7656
f 7894 7656 7660
f 7660 7661 7894
f 7894 7661 7895
f 7898 7897 7896
f 7891 7898 7896
f 7662 7891 7896
f 7658 7891 7662
f 7899 7895 7661
f 7899 7661 7663
f 7663 7665 7899
f 7899 7665 7900
f 7903 7902 7901
f 7903 7901 7897
f 7897 7901 7896
f 7901 7667 7896
f 7667 7668 7896
f 7896 7668 7662
f 7670 7905 7904
f 7900 7670 7904
f 7665 7670 7900
f 7905 7906 7904
f 7908 7907 7673
f 7673 7907 7672
f 7674 7901 7902
f 7908 7674 7902
f 7673 7674 7908
f 7901 7674 7667
f 7910 7909 7905
f 7670 7910 7905
f 7676 7910 7670
f 7905 7909 7906
f 7913 7912 7911
f 7907 7913 7911
f 7677 7907 7911
f 7672 7907 7677
f 7678 7910 7676
f 7678 7914 7910
f 7911 7912 7681
f 7912 7680 7681
f 7912 7915 7680
f 7911 7681 7677
f 7682 7914 7678
f 7682 7916 7914
f 7918 7917 7685
f 7685 7917 7684
f 7685 7686 7918
f 7918 7686 7919
f 7915 7688 7680
f 7920 7688 7915
f 7921 7916 7682
f 7921 7682 7689
f 7689 7684 7917
f 7689 7917 7921
f 7922 7919 7686
f 7922 7686 7691
f 7691 7692 7922
f 7922 7692 7923
f 7924 7693 7694
f 7925 7924 7694
f 7688 7925 7694
f 7920 7925 7688
f 7696 7923 7692
f 7696 7926 7923
f 7928 7927 7924
f 7927 7693 7924
f 7927 7697 7693
f 7928 7924 7925
f 7930 7929 7698
f 7930 7698 7699
f 7696 7698 7926
f 7926 7698 7929
f 7933 7932 7931
f 7927 7933 7931
f 7700 7927 7931
f 7697 7927 7700
f 7701 7930 7699
f 7701 7934 7930
f 7932 7935 7931
f 7700 7931 7935
f 7936 7700 7935
f 7702 7700 7936
f 7703 7934 7701
f 7703 7937 7934
f 7938 7705 7706
f 7939 7938 7706
f 7702 7939 7706
f 7936 7939 7702
f 7708 7937 7703
f 7708 7940 7937
f 7942 7941 7938
f 7941 7705 7938
f 7941 7710 7705
f 7942 7938 7939
f 7945 7944 7943
f 7944 7940 7943
f 7940 7712 7943
f 7940 7708 7712
f 7714 7710 7946
f 7710 7947 7946
f 7710 7941 7947
f 7946 7715 7714
f 7950 7949 7948
f 7948 7949 7945
f 7943 7948 7945
f 7951 7948 7943
f 7717 7951 7712
f 7712 7951 7943
f 7947 7952 7946
f 7715 7946 7952
f 7953 7715 7952
f 7719 7715 7953
f 7950 7948 7954
f 7950 7954 7955
f 7951 7957 7956
f 7954 7951 7956
f 7948 7951 7954
f 7959 7957 7958
f 7958 7957 7720
f 7957 7951 7720
f 7951 7717 7720
f 7721 7958 7720
f 7953 7723 7719
f 7960 7723 7953
f 7961 7955 7954
f 7961 7954 7956
f 7959 7958 7962
f 7959 7962 7963
f 7725 7962 7721
f 7721 7962 7958
f 7965 7964 7728
f 7728 7964 7727
f 7728 7723 7960
f 7728 7960 7965
f 7966 7963 7962
f 7962 7725 7966
f 7725 7967 7966
f 7725 7729 7967
f 7730 7727 7968
f 7727 7969 7968
f 7727 7964 7969
f 7968 7731 7730
f 7732 7967 7729
f 7732 7970 7967
f 7969 7971 7968
f 7731 7968 7971
f 7972 7731 7971
f 7733 7731 7972
f 7734 7970 7732
f 7734 7973 7970
f 7972 7736 7733
f 7974 7736 7972
f 7737 7973 7734
f 7737 7975 7973
f 7974 7738 7736
f 7976 7738 7974
f 7740 7975 7737
f 7740 7977 7975
f 7976 7742 7738
f 7978 7742 7976
f 7980 7979 7743
f 7980 7743 7744
f 7740 7743 7977
f 7977 7743 7979
f 7978 7981 7742
f 7742 7981 7745
f 7747 7745 7981
f 7747 7981 7982
f 7748 7980 7744
f 7748 7983 7980
f 7749 7747 7984
f 7747 7985 7984
f 7747 7982 7985
f 7984 7750 7749
f 7752 7983 7748
f 7752 7986 7983
f 7985 7987 7984
f 7987 7989 7988
f 7987 7988 7753
f 7984 7987 7753
f 7750 7984 7753
f 7988 7754 7753
f 7756 7986 7752
f 7756 7990 7986
f 7989 7991 7988
f 7754 7988 7991
f 7992 7754 7991
f 7757 7754 7992
f 7759 7990 7756
f 7759 7993 7990
f 7760 7757 7994
f 7757 7995 7994
f 7757 7992 7995
f 7994 7761 7760
f 7763 7993 7759
f 7763 7996 7993
f 7995 7997 7994
f 7997 7999 7998
f 7997 7998 7764
f 7994 7997 7764
f 7761 7994 7764
f 8000 7765 7764
f 8000 7764 7998
f 8001 7766 7765
f 8001 7765 8000
f 8001 7767 7766
f 7769 7996 7763
f 7769 8002 7996
f 7999 8003 7998
f 7998 8003 8000
f 8000 8003 8004
f 8000 8004 8001
f 8001 8004 8005
f 7767 8001 8005
f 8006 7767 8005
f 7770 7767 8006
f 7771 8002 7769
f 7771 8007 8002
f 7772 7770 8008
f 7770 8009 8008
f 7770 8006 8009
f 8008 7774 7772
f 8011 8010 7776
f 8011 7776 7777
f 7771 7776 8007
f 8007 7776 8010
f 8009 8012 8008
f 8008 8012 7774
f 8012 7778 7774
f 8012 8013 7778
f 7778 8014 7779
f 8013 8014 7778
f 7779 8015 7780
f 8014 8015 7779
f 7781 7780 8015
f 7781 8015 8016
f 8019 8018 8017
f 8020 8017 8018
f 8022 8021 7783
f 8022 7783 7784
f 7777 7783 8011
f 8011 7783 8021
f 8016 8023 7781
f 7781 8023 7785
f 7786 7785 8023
f 7786 8023 8024
f 8026 8025 7787
f 8026 7787 7788
f 7789 7787 8025
f 7789 8025 8027
f 8019 8017 7791
f 7792 8019 7791
f 8028 8019 7792
f 8030 8029 7793
f 8030 7793 7791
f 8020 8030 7791
f 8017 8020 7791
f 8032 8031 8029
f 8032 8029 8030
f 8032 8022 8031
f 8022 7795 8031
f 8022 7784 7795
f 8024 8033 7786
f 7786 8033 7796
f 7796 8034 7797
f 8033 8034 7796
f 7788 7797 8026
f 8026 7797 8034
f 8027 7798 7789
f 8035 7798 8027
f 8037 8036 7799
f 8037 7799 7800
f 7792 7799 8028
f 8028 7799 8036
f 8029 7801 7793
f 7801 8029 7802
f 7802 8029 8031
f 7802 8031 7795
f 8035 7803 7798
f 8038 7803 8035
f 7805 8039 7804
f 8039 7807 7804
f 8041 8040 7809
f 8041 7809 7808
f 7800 7809 8037
f 8037 7809 8040
f 8038 8042 7803
f 7803 8042 7810
f 7811 7810 8042
f 7811 8042 8043
f 8045 8044 8039
f 7805 8045 8039
f 7812 8045 7805
f 8044 8047 8046
f 8044 8046 7813
f 8039 8044 7813
f 7807 8039 7813
f 8046 8048 7813
f 8048 7808 7813
f 8048 8041 7808
f 8050 7814 8049
f 7814 8043 8049
f 7814 7811 8043
f 8051 8050 8049
f 7815 8045 7812
f 7815 8052 8045
f 8047 8053 8046
f 8046 8053 8048
f 8050 7816 7814
f 7818 7816 8050
f 8051 7818 8050
f 8054 7818 8051
f 7820 8052 7815
f 7820 8055 8052
f 8054 8056 7818
f 7818 8056 7821
f 8058 8057 7822
f 7821 8058 7822
f 8056 8058 7821
f 8059 8057 8058
f 8061 8060 7823
f 8061 7823 7824
f 7820 7823 8055
f 8055 7823 8060
f 8057 7825 7822
f 8059 8062 8057
f 8062 7825 8057
f 8062 7826 7825
f 7827 7826 8062
f 7827 8062 8063
f 8066 8065 8064
f 8065 8061 8064
f 8061 7828 8064
f 8061 7824 7828
f 8063 8067 7827
f 7827 8067 7829
f 7829 8068 7830
f 8067 8068 7829
f 7830 8069 7831
f 8068 8069 7830
f 7831 8070 7832
f 8069 8070 7831
f 8072 8071 7833
f 7832 8072 7833
f 8070 8072 7832
f 8071 8072 8066
f 8071 8066 8064
f 7836 8071 8064
f 7835 7836 8064
f 7835 8064 7828
f 8071 7837 7833
f 7837 8071 7836
f 8073 7840 7841
f 7842 8074 7841
f 7841 8074 8073
f 7843 8075 7842
f 7842 8075 8074
f 7844 8076 7843
f 7843 8076 8075
f 7845 8077 7844
f 7844 8077 8076
f 7846 8077 7845
f 8078 7847 7848
f 8079 8078 7848
f 8079 7848 7840
f 8080 8079 7840
f 8073 8080 7840
f 8080 8073 8074
f 8080 8074 8081
f 8081 8074 8075
f 8081 8075 8082
f 8082 8075 8076
f 8082 8076 8083
f 8083 8076 8077
f 8083 8077 8084
f 8077 7846 8084
f 7846 8085 8084
f 7846 7849 8085
f 8086 7851 7852
f 8086 7852 8087
f 7852 8088 8087
f 7852 7853 8088
f 8089 7853 7854
f 8089 8088 7853
f 7854 7847 8078
f 8090 7854 8078
f 8089 7854 8090
f 8090 8078 8079
f 7855 8085 7849
f 7855 8091 8085
f 8093 8092 7857
f 7857 8092 7856
f 7857 7851 8086
f 8094 7857 8086
f 8093 7857 8094
f 8094 8086 8087
f 8095 8091 7855
f 8095 7855 7858
f 8097 8096 7859
f 8096 7858 7859
f 8096 8095 7858
f 8097 8098 8096
f 8100 8099 7861
f 7861 8099 7860
f 8101 7861 7862
f 8101 8100 7861
f 7862 7863 8101
f 8101 7863 8102
f 8104 8103 7865
f 7865 8103 7864
f 7865 7856 8092
f 7865 8092 8104
f 7866 8097 7859
f 8105 8098 8097
f 7866 8105 8097
f 7868 8105 7866
f 8107 8106 7870
f 8106 7868 7870
f 8106 8105 7868
f 7872 7873 8107
f 7873 8106 8107
f 7873 8108 8106
f 8110 8109 7874
f 8109 7873 7874
f 8109 8108 7873
f 8112 8111 8110
f 8110 8111 8109
f 7875 7876 8112
f 7876 8111 8112
f 7876 8113 8111
f 7876 7860 8099
f 7876 8099 8113
f 7877 8102 7863
f 7877 8114 8102
f 8115 7879 7880
f 7881 8115 7880
f 8117 8116 7884
f 7884 8116 7883
f 7884 7864 8103
f 7884 8103 8117
f 7885 8107 7870
f 8107 7885 7872
f 7886 8110 7874
f 8110 7886 7887
f 8110 7887 8112
f 8112 7887 7875
f 8118 8114 7877
f 8118 7877 7888
f 7888 7879 8115
f 8119 7888 8115
f 8118 7888 8119
f 8121 8119 8120
f 8120 8119 7889
f 8119 8115 7889
f 8115 7881 7889
f 7890 8120 7889
f 8123 8122 7892
f 7892 8122 7891
f 8124 7892 7893
f 8124 8123 7892
f 7893 7883 8116
f 7893 8116 8124
f 8125 8121 8120
f 8125 8120 7890
f 7894 8125 7890
f 8126 8125 7894
f 7894 7895 8126
f 8126 7895 8127
f 8129 8128 7898
f 7898 8128 7897
f 7898 7891 8122
f 7898 8122 8129
f 8130 8127 7895
f 8130 7895 7899
f 8132 8131 7900
f 8131 7899 7900
f 8131 8130 7899
f 8132 8133 8131
f 8135 8134 7903
f 7903 8134 7902
f 7903 7897 8128
f 7903 8128 8135
f 7904 8132 7900
f 7904 7906 8132
f 7906 8133 8132
f 7906 8136 8133
f 8137 7907 7908
f 8138 8137 7908
f 7902 8138 7908
f 8134 8138 7902
f 7910 8139 7909
f 8139 8140 7909
f 8140 7906 7909
f 8140 8136 7906
f 8142 8141 7913
f 7913 8141 7912
f 7913 7907 8137
f 8143 7913 8137
f 8142 7913 8143
f 8143 8137 8138
f 8145 8144 8139
f 7910 8145 8139
f 7914 8145 7910
f 8144 8146 8139
f 8146 8147 8139
f 8148 8140 8139
f 8148 8139 8147
f 8147 8149 8148
f 8141 7915 7912
f 8150 7915 8141
f 7916 8145 7914
f 7916 8151 8145
f 8147 8146 7918
f 8146 7917 7918
f 8146 8152 7917
f 7918 7919 8147
f 7919 8149 8147
f 7919 8153 8149
f 8150 7920 7915
f 8154 7920 8150
f 8155 8151 7916
f 8155 7916 7921
f 7921 7917 8152
f 7921 8152 8155
f 8156 8153 7919
f 8156 7919 7922
f 7922 7923 8156
f 8156 7923 8157
f 8154 7925 7920
f 8158 7925 8154
f 7926 8157 7923
f 7926 8159 8157
f 8161 8160 7928
f 7928 8160 7927
f 7928 7925 8158
f 7928 8158 8161
f 8163 8162 7929
f 8163 7929 7930
f 7926 7929 8159
f 8159 7929 8162
f 8165 8164 7933
f 7933 8164 7932
f 7933 7927 8160
f 7933 8160 8165
f 7934 8163 7930
f 7934 8166 8163
f 8164 8167 7932
f 7932 8167 7935
f 7936 7935 8167
f 7936 8167 8168
f 7937 8166 7934
f 7937 8169 8166
f 8168 7939 7936
f 8170 7939 8168
f 7940 8169 7937
f 7940 8171 8169
f 8173 8172 7942
f 7942 8172 7941
f 7942 7939 8170
f 7942 8170 8173
f 8175 8174 7944
f 8175 7944 7945
f 7940 7944 8171
f 8171 7944 8174
f 8172 7947 7941
f 8176 7947 8172
f 8178 8177 7949
f 8178 7949 7950
f 7945 7949 8175
f 8175 7949 8177
f 8176 8179 7947
f 7947 8179 7952
f 7953 7952 8179
f 7953 8179 8180
f 7955 8178 7950
f 7955 8181 8178
f 8182 7956 7957
f 7959 8182 7957
f 8180 7960 7953
f 8183 7960 8180
f 7955 7961 8184
f 8185 7955 8184
f 8181 7955 8185
f 7956 8182 7961
f 8182 8184 7961
f 8182 8186 8184
f 7963 8186 7959
f 7959 8186 8182
f 8188 8187 7965
f 7965 8187 7964
f 7965 7960 8183
f 7965 8183 8188
f 8185 8184 8189
f 8185 8189 8190
f 8191 8184 8186
f 8189 8184 8191
f 7966 8192 7963
f 8192 8186 7963
f 8192 8191 8186
f 7967 8192 7966
f 8187 7969 7964
f 8193 7969 8187
f 8196 8195 8194
f 8190 8189 8197
f 8195 8198 8194
f 8200 8199 8197
f 8189 8200 8197
f 8191 8200 8189
f 8201 8191 8192
f 8200 8191 8201
f 7970 8201 7967
f 7967 8201 8192
f 7971 7969 8202
f 7969 8203 8202
f 7969 8193 8203
f 8202 7972 7971
f 8204 8196 8194
f 8204 8194 8198
f 8205 8199 8200
f 8207 8206 8205
f 8200 8207 8205
f 8201 8207 8200
f 7973 8207 7970
f 7970 8207 8201
f 8203 8208 8202
f 7972 8202 8208
f 8209 7972 8208
f 7974 7972 8209
f 8210 8206 8207
f 8207 7973 8210
f 7973 8211 8210
f 7973 7975 8211
f 8209 7976 7974
f 8212 7976 8209
f 7977 8211 7975
f 7977 8213 8211
f 8216 8215 8214
f 8212 8216 8214
f 7978 8212 8214
f 7976 8212 7978
f 8218 8217 7979
f 8218 7979 7980
f 7977 7979 8213
f 8213 7979 8217
f 8215 8219 8214
f 8214 8219 7978
f 8219 7981 7978
f 8219 8220 7981
f 7982 7981 8220
f 7982 8220 8221
f 7983 8218 7980
f 7983 8222 8218
f 8221 7985 7982
f 8223 7985 8221
f 7986 8222 7983
f 7986 8224 8222
f 8223 8225 7985
f 7985 8225 7987
f 7989 7987 8225
f 7989 8225 8226
f 7990 8224 7986
f 7990 8227 8224
f 8226 8228 7989
f 7989 8228 7991
f 7992 7991 8228
f 7992 8228 8229
f 8232 8231 8230
f 8234 8233 8230
f 8234 8230 8231
f 8234 8227 8233
f 8227 7993 8233
f 8227 7990 7993
f 8229 7995 7992
f 8235 7995 8229
f 8232 8230 8236
f 8232 8236 8237
f 8238 8230 8233
f 8236 8230 8238
f 7996 8238 7993
f 7993 8238 8233
f 8235 8239 7995
f 7995 8239 7997
f 7999 7997 8239
f 7999 8239 8240
f 8237 8236 8241
f 8237 8241 8242
f 8243 8236 8238
f 8241 8236 8243
f 8002 8243 7996
f 7996 8243 8238
f 8240 8244 7999
f 7999 8244 8003
f 8003 8245 8004
f 8244 8245 8003
f 8245 8247 8246
f 8005 8245 8246
f 8004 8245 8005
f 8246 8006 8005
f 8242 8241 8248
f 8242 8248 8249
f 8250 8241 8243
f 8248 8241 8250
f 8007 8250 8002
f 8002 8250 8243
f 8247 8251 8246
f 8006 8246 8251
f 8252 8006 8251
f 8009 8006 8252
f 8249 8248 8253
f 8249 8253 8254
f 8011 8253 8010
f 8253 8250 8010
f 8253 8248 8250
f 8010 8250 8007
f 8252 8255 8009
f 8009 8255 8012
f 8012 8256 8013
f 8255 8256 8012
f 8013 8257 8014
f 8256 8257 8013
f 8014 8258 8015
f 8257 8258 8014
f 8016 8015 8258
f 8016 8258 8259
f 8262 8261 8260
f 8263 8260 8261
f 8265 8264 8018
f 8265 8018 8019
f 8267 8266 8020
f 8018 8267 8020
f 8264 8267 8018
f 8269 8268 8266
f 8269 8266 8267
f 8268 8269 8254
f 8268 8254 8253
f 8022 8268 8253
f 8021 8022 8253
f 8021 8253 8011
f 8259 8270 8016
f 8016 8270 8023
f 8024 8023 8270
f 8024 8270 8271
f 8273 8272 8025
f 8273 8025 8026
f 8260 8274 8027
f 8272 8260 8027
f 8025 8272 8027
f 8262 8260 8272
f 8260 8263 8275
f 8260 8275 8274
f 8028 8265 8019
f 8028 8276 8265
f 8266 8030 8020
f 8030 8266 8032
f 8032 8266 8268
f 8032 8268 8022
f 8271 8277 8024
f 8024 8277 8033
f 8033 8278 8034
f 8277 8278 8033
f 8026 8034 8273
f 8273 8034 8278
f 8280 8279 8274
f 8279 8027 8274
f 8279 8035 8027
f 8280 8274 8275
f 8282 8281 8036
f 8282 8036 8037
f 8028 8036 8276
f 8276 8036 8281
f 8284 8038 8283
f 8038 8279 8283
f 8038 8035 8279
f 8285 8284 8283
f 8288 8287 8286
f 8289 8286 8287
f 8291 8290 8040
f 8291 8040 8041
f 8037 8040 8282
f 8282 8040 8290
f 8284 8042 8038
f 8043 8042 8284
f 8285 8043 8284
f 8292 8043 8285
f 8288 8286 8044
f 8045 8288 8044
f 8293 8288 8045
f 8047 8044 8286
f 8289 8047 8286
f 8294 8047 8289
f 8048 8291 8041
f 8048 8295 8291
f 8292 8296 8043
f 8043 8296 8049
f 8051 8049 8296
f 8051 8296 8297
f 8052 8293 8045
f 8052 8298 8293
f 8053 8047 8299
f 8047 8300 8299
f 8047 8294 8300
f 8299 8301 8053
f 8301 8048 8053
f 8301 8295 8048
f 8303 8054 8302
f 8054 8297 8302
f 8054 8051 8297
f 8304 8303 8302
f 8055 8298 8052
f 8055 8305 8298
f 8300 8306 8299
f 8299 8306 8301
f 8303 8056 8054
f 8304 8307 8303
f 8307 8056 8303
f 8307 8058 8056
f 8309 8308 8059
f 8058 8309 8059
f 8307 8309 8058
f 8310 8308 8309
f 8313 8312 8311
f 8060 8061 8311
f 8312 8060 8311
f 8314 8060 8312
f 8055 8060 8305
f 8305 8060 8314
f 8308 8062 8059
f 8316 8315 8063
f 8316 8063 8062
f 8310 8316 8062
f 8308 8310 8062
f 8317 8315 8316
f 8320 8319 8318
f 8318 8319 8313
f 8318 8313 8311
f 8066 8318 8311
f 8065 8066 8311
f 8065 8311 8061
f 8315 8067 8063
f 8317 8321 8315
f 8321 8067 8315
f 8321 8068 8067
f 8068 8322 8069
f 8321 8322 8068
f 8069 8323 8070
f 8322 8323 8069
f 8318 8072 8320
f 8072 8323 8320
f 8072 8070 8323
f 8072 8318 8066
f 8324 8079 8080
f 8081 8325 8080
f 8080 8325 8324
f 8082 8326 8081
f 8081 8326 8325
f 8083 8327 8082
f 8082 8327 8326
f 8084 8328 8083
f 8083 8328 8327
f 8085 8328 8084
f 8329 8087 8088
f 8089 8330 8088
f 8088 8330 8329
f 8090 8331 8089
f 8089 8331 8330
f 8079 8324 8090
f 8324 8331 8090
f 8324 8332 8331
f 8333 8324 8325
f 8332 8324 8333
f 8334 8325 8326
f 8333 8325 8334
f 8327 8336 8335
f 8334 8327 8335
f 8326 8327 8334
f 8336 8327 8328
f 8336 8328 8337
f 8328 8085 8337
f 8085 8338 8337
f 8085 8091 8338
f 8339 8092 8093
f 8094 8340 8093
f 8093 8340 8339
f 8341 8340 8094
f 8341 8094 8087
f 8342 8341 8087
f 8329 8342 8087
f 8342 8329 8330
f 8342 8330 8343
f 8343 8330 8331
f 8343 8331 8344
f 8344 8331 8332
f 8344 8332 8345
f 8345 8332 8333
f 8345 8333 8346
f 8346 8333 8334
f 8346 8334 8347
f 8347 8334 8335
f 8348 8338 8091
f 8348 8091 8095
f 8349 8095 8096
f 8349 8348 8095
f 8096 8098 8349
f 8349 8098 8350
f 8353 8352 8351
f 8351 8354 8353
f 8355 8099 8100
f 8101 8356 8100
f 8100 8356 8355
f 8102 8356 8101
f 8357 8103 8104
f 8358 8357 8104
f 8358 8104 8092
f 8359 8358 8092
f 8339 8359 8092
f 8359 8339 8340
f 8359 8340 8360
f 8360 8340 8341
f 8361 8350 8098
f 8361 8098 8105
f 8106 8351 8352
f 8361 8106 8352
f 8105 8106 8361
f 8362 8354 8351
f 8106 8362 8351
f 8108 8362 8106
f 8363 8108 8109
f 8363 8362 8108
f 8364 8109 8111
f 8364 8363 8109
f 8365 8111 8113
f 8365 8364 8111
f 8113 8099 8355
f 8366 8113 8355
f 8365 8113 8366
f 8366 8355 8356
f 8366 8356 8367
f 8356 8102 8367
f 8102 8368 8367
f 8102 8114 8368
f 8370 8369 8117
f 8117 8369 8116
f 8117 8103 8357
f 8371 8117 8357
f 8370 8117 8371
f 8371 8357 8358
f 8372 8368 8114
f 8372 8114 8118
f 8374 8372 8373
f 8372 8119 8373
f 8372 8118 8119
f 8121 8373 8119
f 8376 8375 8123
f 8123 8375 8122
f 8377 8123 8124
f 8377 8376 8123
f 8124 8116 8369
f 8124 8369 8377
f 8378 8374 8373
f 8378 8373 8121
f 8125 8378 8121
f 8379 8378 8125
f 8380 8125 8126
f 8380 8379 8125
f 8126 8127 8380
f 8380 8127 8381
f 8383 8382 8129
f 8129 8382 8128
f 8129 8122 8375
f 8129 8375 8383
f 8384 8381 8127
f 8384 8127 8130
f 8385 8130 8131
f 8385 8384 8130
f 8131 8133 8385
f 8385 8133 8386
f 8388 8387 8135
f 8135 8387 8134
f 8135 8128 8382
f 8135 8382 8388
f 8136 8386 8133
f 8136 8389 8386
f 8387 8138 8134
f 8390 8138 8387
f 8140 8389 8136
f 8140 8391 8389
f 8393 8392 8142
f 8142 8392 8141
f 8394 8142 8143
f 8394 8393 8142
f 8143 8138 8390
f 8143 8390 8394
f 8145 8395 8144
f 8146 8144 8395
f 8391 8148 8396
f 8148 8391 8140
f 8148 8149 8396
f 8396 8149 8397
f 8392 8150 8141
f 8398 8150 8392
f 8151 8399 8395
f 8151 8395 8145
f 8399 8152 8146
f 8399 8146 8395
f 8153 8397 8149
f 8153 8400 8397
f 8398 8154 8150
f 8401 8154 8398
f 8155 8399 8151
f 8399 8155 8152
f 8153 8156 8402
f 8403 8153 8402
f 8400 8153 8403
f 8157 8402 8156
f 8401 8158 8154
f 8404 8158 8401
f 8405 8403 8402
f 8402 8157 8405
f 8157 8406 8405
f 8157 8159 8406
f 8408 8407 8161
f 8161 8407 8160
f 8161 8158 8404
f 8161 8404 8408
f 8163 8409 8162
f 8409 8410 8162
f 8410 8159 8162
f 8410 8406 8159
f 8411 8164 8165
f 8412 8411 8165
f 8160 8412 8165
f 8407 8412 8160
f 8414 8413 8409
f 8163 8414 8409
f 8166 8414 8163
f 8409 8413 8410
f 8167 8164 8411
f 8417 8416 8415
f 8168 8415 8416
f 8168 8412 8415
f 8168 8167 8411
f 8412 8168 8411
f 8169 8414 8166
f 8169 8418 8414
f 8416 8417 8419
f 8419 8417 8420
f 8419 8170 8168
f 8419 8168 8416
f 8171 8418 8169
f 8171 8421 8418
f 8422 8172 8173
f 8420 8423 8419
f 8424 8419 8423
f 8419 8424 8170
f 8425 8170 8424
f 8170 8425 8173
f 8422 8173 8425
f 8427 8426 8425
f 8427 8425 8424
f 8428 8426 8427
f 8430 8429 8174
f 8430 8174 8175
f 8171 8174 8421
f 8421 8174 8429
f 8431 8176 8422
f 8422 8176 8172
f 8425 8433 8432
f 8431 8425 8432
f 8422 8425 8431
f 8433 8425 8426
f 8433 8426 8434
f 8434 8426 8428
f 8436 8435 8177
f 8436 8177 8178
f 8175 8177 8430
f 8430 8177 8435
f 8431 8179 8176
f 8180 8179 8431
f 8432 8180 8431
f 8437 8180 8432
f 8181 8436 8178
f 8181 8438 8436
f 8437 8183 8180
f 8439 8183 8437
f 8185 8438 8181
f 8185 8440 8438
f 8441 8187 8188
f 8442 8441 8188
f 8183 8442 8188
f 8439 8442 8183
f 8190 8440 8185
f 8190 8443 8440
f 8445 8444 8441
f 8444 8187 8441
f 8444 8193 8187
f 8445 8441 8442
f 8447 8446 8195
f 8447 8195 8196
f 8190 8197 8443
f 8448 8443 8197
f 8443 8448 8446
f 8198 8446 8448
f 8446 8198 8195
f 8199 8448 8197
f 8444 8203 8193
f 8449 8203 8444
f 8196 8204 8450
f 8451 8196 8450
f 8447 8196 8451
f 8198 8448 8204
f 8448 8450 8204
f 8448 8452 8450
f 8205 8453 8199
f 8453 8448 8199
f 8453 8452 8448
f 8206 8453 8205
f 8208 8203 8454
f 8203 8455 8454
f 8203 8449 8455
f 8454 8209 8208
f 8451 8450 8456
f 8451 8456 8457
f 8452 8459 8458
f 8456 8452 8458
f 8450 8452 8456
f 8459 8452 8453
f 8459 8453 8460
f 8462 8460 8461
f 8461 8460 8210
f 8460 8453 8210
f 8453 8206 8210
f 8211 8461 8210
f 8455 8463 8454
f 8209 8454 8463
f 8464 8209 8463
f 8212 8209 8464
f 8465 8457 8456
f 8465 8456 8458
f 8466 8462 8461
f 8461 8211 8466
f 8211 8467 8466
f 8211 8213 8467
f 8469 8468 8216
f 8216 8468 8215
f 8216 8212 8464
f 8216 8464 8469
f 8471 8470 8217
f 8471 8217 8218
f 8213 8217 8467
f 8467 8217 8470
f 8468 8472 8215
f 8215 8472 8219
f 8472 8474 8473
f 8220 8472 8473
f 8219 8472 8220
f 8473 8221 8220
f 8222 8471 8218
f 8222 8475 8471
f 8474 8476 8473
f 8221 8473 8476
f 8477 8221 8476
f 8223 8221 8477
f 8224 8475 8222
f 8224 8478 8475
f 8477 8479 8223
f 8223 8479 8225
f 8226 8225 8479
f 8226 8479 8480
f 8483 8482 8481
f 8485 8484 8481
f 8485 8481 8482
f 8487 8486 8484
f 8487 8484 8485
f 8487 8478 8486
f 8478 8227 8486
f 8478 8224 8227
f 8228 8226 8488
f 8226 8489 8488
f 8226 8480 8489
f 8488 8229 8228
f 8492 8491 8490
f 8490 8491 8483
f 8481 8490 8483
f 8493 8490 8481
f 8232 8493 8231
f 8493 8484 8231
f 8493 8481 8484
f 8231 8484 8234
f 8234 8484 8486
f 8234 8486 8227
f 8489 8494 8488
f 8229 8488 8494
f 8495 8229 8494
f 8235 8229 8495
f 8492 8490 8496
f 8492 8496 8497
f 8498 8490 8493
f 8496 8490 8498
f 8237 8498 8232
f 8232 8498 8493
f 8239 8235 8499
f 8235 8500 8499
f 8235 8495 8500
f 8499 8240 8239
f 8497 8496 8501
f 8497 8501 8502
f 8503 8496 8498
f 8501 8496 8503
f 8242 8503 8237
f 8237 8503 8498
f 8500 8504 8499
f 8499 8504 8240
f 8504 8244 8240
f 8504 8505 8244
f 8505 8507 8506
f 8245 8505 8506
f 8244 8505 8245
f 8506 8247 8245
f 8502 8501 8508
f 8502 8508 8509
f 8510 8501 8503
f 8508 8501 8510
f 8249 8510 8242
f 8242 8510 8503
f 8507 8511 8506
f 8506 8511 8247
f 8511 8251 8247
f 8511 8512 8251
f 8252 8251 8512
f 8252 8512 8513
f 8516 8515 8514
f 8514 8515 8509
f 8508 8514 8509
f 8517 8514 8508
f 8518 8508 8510
f 8517 8508 8518
f 8254 8518 8249
f 8249 8518 8510
f 8513 8519 8252
f 8252 8519 8255
f 8255 8520 8256
f 8519 8520 8255
f 8256 8521 8257
f 8520 8521 8256
f 8257 8522 8258
f 8521 8522 8257
f 8259 8258 8522
f 8259 8522 8523
f 8525 8524 8261
f 8525 8261 8262
f 8263 8261 8524
f 8263 8524 8526
f 8529 8528 8527
f 8527 8528 8516
f 8527 8516 8514
f 8265 8527 8514
f 8264 8265 8514
f 8264 8514 8267
f 8267 8514 8517
f 8267 8517 8269
f 8269 8517 8518
f 8269 8518 8254
f 8523 8530 8259
f 8259 8530 8270
f 8532 8531 8271
f 8270 8532 8271
f 8530 8532 8270
f 8533 8531 8532
f 8535 8534 8272
f 8535 8272 8273
f 8262 8272 8525
f 8525 8272 8534
f 8526 8275 8263
f 8536 8275 8526
f 8529 8527 8537
f 8529 8537 8538
f 8276 8537 8265
f 8265 8537 8527
f 8531 8277 8271
f 8533 8539 8531
f 8539 8277 8531
f 8539 8278 8277
f 8273 8278 8535
f 8535 8278 8539
f 8540 8279 8280
f 8541 8540 8280
f 8275 8541 8280
f 8536 8541 8275
f 8544 8543 8542
f 8545 8542 8543
f 8538 8537 8281
f 8282 8538 8281
f 8546 8538 8282
f 8281 8537 8276
f 8540 8283 8279
f 8285 8283 8540
f 8541 8285 8540
f 8547 8285 8541
f 8549 8548 8287
f 8549 8287 8288
f 8542 8550 8289
f 8548 8542 8289
f 8287 8548 8289
f 8544 8542 8548
f 8551 8290 8291
f 8542 8551 8291
f 8550 8542 8291
f 8551 8542 8545
f 8282 8290 8546
f 8546 8290 8551
f 8553 8292 8552
f 8292 8547 8552
f 8292 8285 8547
f 8554 8553 8552
f 8293 8549 8288
f 8293 8555 8549
f 8557 8556 8550
f 8556 8289 8550
f 8556 8294 8289
f 8550 8291 8557
f 8291 8558 8557
f 8291 8295 8558
f 8553 8296 8292
f 8560 8559 8297
f 8560 8297 8296
f 8554 8560 8296
f 8553 8554 8296
f 8561 8559 8560
f 8564 8563 8562
f 8563 8555 8562
f 8555 8298 8562
f 8555 8293 8298
f 8556 8300 8294
f 8565 8300 8556
f 8301 8558 8295
f 8301 8566 8558
f 8559 8302 8297
f 8568 8567 8304
f 8568 8304 8302
f 8561 8568 8302
f 8559 8561 8302
f 8570 8569 8567
f 8570 8567 8568
f 8571 8569 8570
f 8574 8573 8572
f 8572 8573 8564
f 8562 8572 8564
f 8575 8572 8562
f 8305 8575 8298
f 8298 8575 8562
f 8565 8576 8300
f 8300 8576 8306
f 8301 8306 8566
f 8566 8306 8576
f 8567 8307 8304
f 8307 8567 8309
f 8309 8567 8569
f 8310 8309 8569
f 8571 8310 8569
f 8577 8310 8571
f 8580 8579 8578
f 8578 8579 8574
f 8578 8574 8572
f 8313 8578 8572
f 8312 8313 8572
f 8312 8572 8314
f 8314 8572 8575
f 8314 8575 8305
f 8577 8581 8310
f 8310 8581 8316
f 8583 8582 8317
f 8316 8583 8317
f 8581 8583 8316
f 8585 8584 8582
f 8585 8582 8583
f 8587 8586 8584
f 8587 8584 8585
f 8586 8587 8580
f 8586 8580 8578
f 8320 8586 8578
f 8319 8320 8578
f 8319 8578 8313
f 8582 8321 8317
f 8321 8582 8322
f 8322 8582 8584
f 8322 8584 8323
f 8323 8584 8586
f 8323 8586 8320
f 8588 8335 8336
f 8337 8589 8336
f 8336 8589 8588
f 8338 8589 8337
f 8590 8341 8342
f 8343 8591 8342
f 8342 8591 8590
f 8344 8592 8343
f 8343 8592 8591
f 8345 8593 8344
f 8344 8593 8592
f 8346 8594 8345
f 8345 8594 8593
f 8347 8595 8346
f 8346 8595 8594
f 8335 8588 8347
f 8588 8595 8347
f 8588 8596 8595
f 8589 8598 8597
f 8596 8589 8597
f 8588 8589 8596
f 8598 8589 8338
f 8348 8598 8338
f 8599 8598 8348
f 8600 8348 8349
f 8600 8599 8348
f 8349 8350 8600
f 8600 8350 8601
f 8603 8602 8353
f 8353 8602 8352
f 8353 8354 8603
f 8603 8354 8604
f 8605 8358 8359
f 8360 8606 8359
f 8359 8606 8605
f 8607 8606 8360
f 8607 8360 8341
f 8608 8607 8341
f 8590 8608 8341
f 8610 8609 8608
f 8590 8610 8608
f 8591 8610 8590
f 8592 8612 8611
f 8610 8592 8611
f 8591 8592 8610
f 8612 8592 8593
f 8612 8593 8613
f 8613 8593 8594
f 8613 8594 8614
f 8614 8594 8595
f 8614 8595 8615
f 8615 8595 8596
f 8615 8596 8616
f 8616 8596 8597
f 8617 8601 8350
f 8617 8350 8361
f 8361 8352 8602
f 8361 8602 8617
f 8618 8604 8354
f 8618 8354 8362
f 8619 8362 8363
f 8619 8618 8362
f 8620 8363 8364
f 8620 8619 8363
f 8621 8364 8365
f 8621 8620 8364
f 8622 8365 8366
f 8622 8621 8365
f 8623 8366 8367
f 8623 8622 8366
f 8367 8368 8623
f 8623 8368 8624
f 8626 8625 8370
f 8370 8625 8369
f 8627 8370 8371
f 8627 8626 8370
f 8371 8358 8605
f 8628 8371 8605
f 8627 8371 8628
f 8628 8605 8606
f 8628 8606 8629
f 8629 8606 8607
f 8630 8609 8610
f 8630 8610 8611
f 8631 8624 8368
f 8631 8368 8372
f 8372 8374 8631
f 8631 8374 8632
f 8633 8375 8376
f 8633 8376 8634
f 8376 8635 8634
f 8376 8377 8635
f 8377 8369 8625
f 8377 8625 8635
f 8636 8632 8374
f 8636 8374 8378
f 8637 8378 8379
f 8637 8636 8378
f 8638 8379 8380
f 8638 8637 8379
f 8380 8381 8638
f 8638 8381 8639
f 8641 8640 8383
f 8383 8640 8382
f 8383 8375 8633
f 8642 8383 8633
f 8641 8383 8642
f 8642 8633 8634
f 8643 8639 8381
f 8643 8381 8384
f 8644 8384 8385
f 8644 8643 8384
f 8385 8386 8644
f 8644 8386 8645
f 8647 8646 8388
f 8388 8646 8387
f 8388 8382 8640
f 8388 8640 8647
f 8389 8645 8386
f 8389 8648 8645
f 8646 8390 8387
f 8649 8390 8646
f 8391 8648 8389
f 8391 8650 8648
f 8652 8651 8393
f 8393 8651 8392
f 8653 8393 8394
f 8653 8652 8393
f 8394 8390 8649
f 8394 8649 8653
f 8656 8655 8654
f 8654 8655 8657
f 8396 8658 8391
f 8650 8391 8658
f 8396 8397 8658
f 8658 8397 8659
f 8651 8398 8392
f 8660 8398 8651
f 8661 8656 8654
f 8661 8654 8657
f 8400 8659 8397
f 8400 8662 8659
f 8660 8401 8398
f 8663 8401 8660
f 8403 8662 8400
f 8403 8664 8662
f 8663 8404 8401
f 8665 8404 8663
f 8668 8667 8666
f 8670 8669 8666
f 8670 8666 8667
f 8671 8669 8670
f 8403 8405 8672
f 8673 8403 8672
f 8664 8403 8673
f 8406 8672 8405
f 8674 8407 8408
f 8675 8674 8408
f 8404 8675 8408
f 8665 8675 8404
f 8676 8668 8666
f 8676 8666 8669
f 8676 8669 8677
f 8677 8669 8671
f 8673 8672 8678
f 8673 8678 8679
f 8410 8678 8406
f 8406 8678 8672
f 8681 8680 8674
f 8680 8407 8674
f 8680 8412 8407
f 8681 8674 8675
f 8679 8678 8413
f 8414 8679 8413
f 8682 8679 8414
f 8413 8678 8410
f 8684 8683 8415
f 8415 8683 8417
f 8415 8412 8680
f 8415 8680 8684
f 8418 8682 8414
f 8418 8685 8682
f 8683 8420 8417
f 8686 8420 8683
f 8689 8688 8687
f 8688 8685 8687
f 8685 8421 8687
f 8685 8418 8421
f 8686 8690 8420
f 8420 8690 8423
f 8423 8691 8424
f 8690 8691 8423
f 8424 8692 8427
f 8691 8692 8424
f 8428 8427 8692
f 8428 8692 8693
f 8689 8687 8429
f 8430 8689 8429
f 8694 8689 8430
f 8429 8687 8421
f 8695 8432 8433
f 8695 8433 8696
f 8433 8697 8696
f 8433 8434 8697
f 8434 8428 8693
f 8434 8693 8697
f 8699 8698 8435
f 8699 8435 8436
f 8430 8435 8694
f 8694 8435 8698
f 8700 8437 8695
f 8695 8437 8432
f 8695 8696 8701
f 8695 8701 8700
f 8438 8699 8436
f 8438 8702 8699
f 8704 8703 8700
f 8703 8437 8700
f 8703 8439 8437
f 8704 8700 8701
f 8440 8702 8438
f 8440 8705 8702
f 8703 8442 8439
f 8706 8442 8703
f 8443 8705 8440
f 8443 8707 8705
f 8708 8444 8445
f 8709 8708 8445
f 8442 8709 8445
f 8706 8709 8442
f 8711 8710 8446
f 8711 8446 8447
f 8443 8446 8707
f 8707 8446 8710
f 8713 8712 8708
f 8712 8444 8708
f 8712 8449 8444
f 8713 8708 8709
f 8451 8711 8447
f 8451 8714 8711
f 8716 8455 8715
f 8455 8712 8715
f 8455 8449 8712
f 8717 8716 8715
f 8457 8714 8451
f 8457 8718 8714
f 8719 8458 8459
f 8460 8720 8459
f 8459 8720 8719
f 8462 8720 8460
f 8716 8463 8455
f 8464 8463 8716
f 8717 8464 8716
f 8721 8464 8717
f 8457 8465 8722
f 8723 8457 8722
f 8718 8457 8723
f 8458 8719 8465
f 8719 8722 8465
f 8719 8724 8722
f 8725 8719 8720
f 8724 8719 8725
f 8466 8726 8462
f 8726 8720 8462
f 8726 8725 8720
f 8467 8726 8466
f 8727 8468 8469
f 8728 8727 8469
f 8464 8728 8469
f 8721 8728 8464
f 8731 8730 8729
f 8729 8730 8723
f 8722 8729 8723
f 8732 8729 8722
f 8733 8722 8724
f 8732 8722 8733
f 8725 8735 8734
f 8733 8725 8734
f 8724 8725 8733
f 8471 8736 8470
f 8736 8725 8470
f 8725 8726 8470
f 8736 8735 8725
f 8470 8726 8467
f 8727 8472 8468
f 8738 8737 8474
f 8738 8474 8472
f 8728 8738 8472
f 8727 8728 8472
f 8739 8737 8738
f 8731 8729 8740
f 8731 8740 8741
f 8742 8729 8732
f 8740 8729 8742
f 8733 8744 8743
f 8742 8733 8743
f 8732 8733 8742
f 8744 8733 8734
f 8475 8736 8471
f 8475 8745 8736
f 8737 8476 8474
f 8477 8476 8737
f 8739 8477 8737
f 8746 8477 8739
f 8741 8740 8747
f 8741 8747 8748
f 8749 8740 8742
f 8747 8740 8749
f 8742 8743 8750
f 8742 8750 8749
f 8478 8745 8475
f 8478 8751 8745
f 8746 8752 8477
f 8477 8752 8479
f 8480 8479 8752
f 8480 8752 8753
f 8748 8747 8754
f 8748 8754 8755
f 8483 8754 8482
f 8754 8749 8482
f 8754 8747 8749
f 8750 8756 8749
f 8756 8482 8749
f 8756 8485 8482
f 8485 8757 8487
f 8756 8757 8485
f 8478 8487 8751
f 8751 8487 8757
f 8753 8489 8480
f 8758 8489 8753
f 8755 8754 8491
f 8492 8755 8491
f 8759 8755 8492
f 8491 8754 8483
f 8758 8760 8489
f 8489 8760 8494
f 8495 8494 8760
f 8495 8760 8761
f 8764 8763 8762
f 8763 8759 8762
f 8759 8497 8762
f 8759 8492 8497
f 8761 8500 8495
f 8765 8500 8761
f 8764 8762 8766
f 8764 8766 8767
f 8502 8766 8497
f 8497 8766 8762
f 8765 8768 8500
f 8500 8768 8504
f 8768 8770 8769
f 8505 8768 8769
f 8504 8768 8505
f 8769 8507 8505
f 8767 8766 8771
f 8767 8771 8772
f 8509 8771 8502
f 8502 8771 8766
f 8770 8773 8769
f 8769 8773 8507
f 8773 8511 8507
f 8773 8774 8511
f 8511 8775 8512
f 8774 8775 8511
f 8513 8512 8775
f 8513 8775 8776
f 8779 8778 8777
f 8780 8777 8778
f 8772 8771 8515
f 8516 8772 8515
f 8781 8772 8516
f 8515 8771 8509
f 8776 8782 8513
f 8513 8782 8519
f 8519 8783 8520
f 8782 8783 8519
f 8777 8521 8779
f 8521 8783 8779
f 8521 8520 8783
f 8780 8784 8777
f 8784 8521 8777
f 8784 8522 8521
f 8523 8522 8784
f 8523 8784 8785
f 8787 8786 8524
f 8787 8524 8525
f 8526 8524 8786
f 8526 8786 8788
f 8791 8790 8789
f 8792 8789 8790
f 8794 8793 8528
f 8794 8528 8529
f 8516 8528 8781
f 8781 8528 8793
f 8785 8795 8523
f 8523 8795 8530
f 8530 8796 8532
f 8795 8796 8530
f 8798 8797 8533
f 8532 8798 8533
f 8796 8798 8532
f 8534 8535 8797
f 8798 8534 8797
f 8799 8534 8798
f 8525 8534 8787
f 8787 8534 8799
f 8788 8536 8526
f 8800 8536 8788
f 8791 8789 8801
f 8791 8801 8802
f 8789 8792 8803
f 8789 8803 8801
f 8538 8794 8529
f 8538 8804 8794
f 8797 8539 8533
f 8539 8797 8535
f 8800 8541 8536
f 8805 8541 8800
f 8808 8807 8806
f 8806 8807 8802
f 8806 8802 8801
f 8544 8806 8801
f 8543 8544 8801
f 8545 8543 8801
f 8803 8545 8801
f 8809 8545 8803
f 8546 8804 8538
f 8546 8810 8804
f 8812 8547 8811
f 8547 8805 8811
f 8547 8541 8805
f 8813 8812 8811
f 8816 8815 8814
f 8814 8815 8808
f 8814 8808 8806
f 8549 8814 8806
f 8548 8549 8806
f 8548 8806 8544
f 8809 8817 8545
f 8545 8817 8551
f 8546 8551 8810
f 8810 8551 8817
f 8812 8552 8547
f 8819 8818 8554
f 8819 8554 8552
f 8813 8819 8552
f 8812 8813 8552
f 8820 8818 8819
f 8823 8822 8821
f 8821 8822 8816
f 8814 8821 8816
f 8824 8821 8814
f 8555 8824 8549
f 8549 8824 8814
f 8825 8556 8557
f 8558 8825 8557
f 8818 8560 8554
f 8827 8826 8561
f 8827 8561 8560
f 8820 8827 8560
f 8818 8820 8560
f 8828 8826 8827
f 8831 8830 8829
f 8829 8830 8823
f 8821 8829 8823
f 8832 8829 8821
f 8564 8832 8563
f 8832 8824 8563
f 8832 8821 8824
f 8563 8824 8555
f 8833 8565 8825
f 8825 8565 8556
f 8566 8833 8558
f 8558 8833 8825
f 8826 8568 8561
f 8828 8834 8826
f 8834 8568 8826
f 8834 8570 8568
f 8571 8570 8834
f 8571 8834 8835
f 8831 8829 8836
f 8831 8836 8837
f 8574 8836 8573
f 8836 8832 8573
f 8836 8829 8832
f 8573 8832 8564
f 8833 8576 8565
f 8576 8833 8566
f 8839 8577 8838
f 8577 8835 8838
f 8577 8571 8835
f 8841 8840 8839
f 8841 8839 8838
f 8843 8842 8840
f 8843 8840 8841
f 8845 8844 8842
f 8845 8842 8843
f 8844 8845 8837
f 8844 8837 8836
f 8580 8844 8836
f 8579 8580 8836
f 8579 8836 8574
f 8839 8581 8577
f 8581 8839 8583
f 8583 8839 8840
f 8583 8840 8585
f 8585 8840 8842
f 8585 8842 8587
f 8587 8842 8844
f 8587 8844 8580
f 8846 8597 8598
f 8599 8847 8598
f 8598 8847 8846
f 8600 8848 8599
f 8599 8848 8847
f 8601 8848 8600
f 8849 8602 8603
f 8604 8849 8603
f 8850 8607 8608
f 8609 8850 8608
f 8851 8611 8612
f 8613 8852 8612
f 8612 8852 8851
f 8614 8853 8613
f 8613 8853 8852
f 8615 8854 8614
f 8614 8854 8853
f 8854 8615 8855
f 8615 8856 8855
f 8615 8616 8856
f 8616 8597 8846
f 8857 8616 8846
f 8856 8616 8857
f 8857 8846 8847
f 8857 8847 8858
f 8860 8859 8858
f 8847 8860 8858
f 8848 8860 8847
f 8860 8848 8601
f 8861 8860 8601
f 8617 8861 8601
f 8862 8860 8861
f 8617 8602 8849
f 8863 8617 8849
f 8861 8617 8863
f 8863 8849 8604
f 8618 8863 8604
f 8864 8863 8618
f 8865 8618 8619
f 8865 8864 8618
f 8867 8865 8866
f 8865 8620 8866
f 8865 8619 8620
f 8866 8620 8868
f 8620 8869 8868
f 8620 8621 8869
f 8870 8621 8622
f 8870 8869 8621
f 8871 8622 8623
f 8871 8870 8622
f 8623 8624 8871
f 8871 8624 8872
f 8873 8625 8626
f 8627 8874 8626
f 8626 8874 8873
f 8628 8875 8627
f 8627 8875 8874
f 8629 8876 8628
f 8628 8876 8875
f 8607 8850 8629
f 8850 8876 8629
f 8850 8877 8876
f 8630 8878 8609
f 8878 8850 8609
f 8878 8877 8850
f 8611 8851 8630
f 8851 8878 8630
f 8851 8879 8878
f 8852 8881 8880
f 8879 8852 8880
f 8851 8852 8879
f 8881 8852 8853
f 8881 8853 8882
f 8882 8853 8854
f 8882 8854 8883
f 8883 8854 8855
f 8884 8859 8860
f 8884 8860 8862
f 8885 8867 8866
f 8885 8866 8868
f 8886 8872 8624
f 8886 8624 8631
f 8631 8632 8886
f 8886 8632 8887
f 8888 8634 8635
f 8889 8888 8635
f 8889 8635 8625
f 8890 8889 8625
f 8873 8890 8625
f 8892 8891 8890
f 8873 8892 8890
f 8874 8892 8873
f 8893 8874 8875
f 8892 8874 8893
f 8876 8895 8894
f 8893 8876 8894
f 8875 8876 8893
f 8895 8876 8877
f 8895 8877 8896
f 8896 8877 8878
f 8896 8878 8897
f 8897 8878 8879
f 8897 8879 8898
f 8898 8879 8880
f 8899 8887 8632
f 8899 8632 8636
f 8901 8899 8900
f 8899 8637 8900
f 8899 8636 8637
f 8638 8902 8637
f 8637 8902 8900
f 8639 8902 8638
f 8903 8640 8641
f 8903 8641 8904
f 8641 8905 8904
f 8641 8642 8905
f 8642 8634 8888
f 8906 8642 8888
f 8905 8642 8906
f 8906 8888 8889
f 8907 8891 8892
f 8907 8892 8893
f 8907 8893 8908
f 8908 8893 8894
f 8901 8900 8909
f 8901 8909 8910
f 8911 8900 8902
f 8909 8900 8911
f 8643 8912 8639
f 8912 8902 8639
f 8912 8911 8902
f 8644 8913 8643
f 8643 8913 8912
f 8645 8913 8644
f 8915 8914 8647
f 8647 8914 8646
f 8647 8640 8903
f 8916 8647 8903
f 8915 8647 8916
f 8916 8903 8904
f 8917 8910 8909
f 8919 8918 8917
f 8909 8919 8917
f 8911 8919 8909
f 8912 8921 8920
f 8919 8912 8920
f 8911 8912 8919
f 8923 8922 8921
f 8912 8923 8921
f 8913 8923 8912
f 8648 8923 8645
f 8645 8923 8913
f 8914 8649 8646
f 8924 8649 8914
f 8925 8918 8919
f 8925 8919 8920
f 8922 8923 8926
f 8922 8926 8927
f 8650 8926 8648
f 8648 8926 8923
f 8928 8651 8652
f 8928 8652 8929
f 8652 8930 8929
f 8652 8653 8930
f 8653 8649 8924
f 8653 8924 8930
f 8927 8926 8655
f 8656 8927 8655
f 8931 8927 8656
f 8657 8655 8932
f 8655 8926 8932
f 8650 8658 8932
f 8650 8932 8926
f 8659 8932 8658
f 8934 8933 8928
f 8933 8651 8928
f 8933 8660 8651
f 8934 8928 8929
f 8935 8931 8656
f 8935 8656 8661
f 8661 8657 8932
f 8936 8661 8932
f 8935 8661 8936
f 8932 8659 8936
f 8659 8937 8936
f 8659 8662 8937
f 8933 8663 8660
f 8938 8663 8933
f 8664 8937 8662
f 8664 8939 8937
f 8938 8665 8663
f 8940 8665 8938
f 8942 8941 8667
f 8942 8667 8668
f 8941 8944 8943
f 8670 8941 8943
f 8667 8941 8670
f 8943 8671 8670
f 8673 8939 8664
f 8673 8945 8939
f 8948 8947 8946
f 8940 8948 8946
f 8675 8940 8946
f 8665 8940 8675
f 8949 8942 8668
f 8949 8668 8676
f 8677 8943 8944
f 8949 8677 8944
f 8676 8677 8949
f 8943 8677 8671
f 8679 8945 8673
f 8679 8950 8945
f 8953 8952 8951
f 8951 8954 8953
f 8946 8947 8681
f 8947 8680 8681
f 8947 8955 8680
f 8946 8681 8675
f 8682 8950 8679
f 8682 8956 8950
f 8951 8952 8957
f 8957 8952 8958
f 8954 8951 8959
f 8959 8951 8957
f 8960 8683 8684
f 8961 8960 8684
f 8680 8961 8684
f 8955 8961 8680
f 8685 8956 8682
f 8685 8962 8956
f 8965 8964 8963
f 8965 8963 8958
f 8963 8957 8958
f 8963 8966 8957
f 8959 8957 8967
f 8957 8968 8967
f 8957 8966 8968
f 8968 8969 8967
f 8970 8686 8960
f 8960 8686 8683
f 8960 8961 8971
f 8960 8971 8970
f 8973 8972 8688
f 8973 8688 8689
f 8685 8688 8962
f 8962 8688 8972
f 8963 8964 8974
f 8974 8964 8975
f 8963 8976 8966
f 8963 8974 8976
f 8966 8977 8968
f 8966 8976 8977
f 8969 8968 8978
f 8978 8968 8977
f 8970 8690 8686
f 8971 8979 8970
f 8979 8690 8970
f 8979 8691 8690
f 8979 8981 8980
f 8692 8979 8980
f 8691 8979 8692
f 8980 8693 8692
f 8694 8973 8689
f 8694 8982 8973
f 8974 8975 8983
f 8983 8975 8984
f 8974 8985 8976
f 8974 8983 8985
f 8976 8986 8977
f 8976 8985 8986
f 8978 8977 8987
f 8987 8977 8986
f 8980 8981 8697
f 8981 8696 8697
f 8981 8988 8696
f 8980 8697 8693
f 8990 8989 8698
f 8990 8698 8699
f 8694 8698 8982
f 8982 8698 8989
f 8984 8991 8983
f 8993 8992 8991
f 8992 8983 8991
f 8992 8985 8983
f 8985 8994 8986
f 8985 8992 8994
f 8987 8986 8995
f 8986 8996 8995
f 8986 8994 8996
f 8996 8997 8995
f 8988 8701 8696
f 8998 8701 8988
f 8702 8990 8699
f 8702 8999 8990
f 9002 9001 9000
f 9002 9000 8993
f 9000 8992 8993
f 9000 9003 8992
f 8992 9004 8994
f 8992 9003 9004
f 8994 9005 8996
f 8994 9004 9005
f 8997 8996 9006
f 9006 8996 9005
f 9007 8703 8704
f 9008 9007 8704
f 8701 9008 8704
f 8998 9008 8701
f 8705 8999 8702
f 8705 9009 8999
f 9000 9001 9010
f 9010 9001 9011
f 9000 9012 9003
f 9000 9010 9012
f 9003 9013 9004
f 9003 9012 9013
f 9015 9005 9014
f 9005 9013 9014
f 9005 9004 9013
f 9005 9015 9006
f 9016 8706 9007
f 9007 8706 8703
f 9007 9008 9017
f 9007 9017 9016
f 8707 9009 8705
f 8707 9018 9009
f 9011 9019 9010
f 9010 9019 9012
f 9012 9019 9020
f 9012 9020 9013
f 9013 9020 9021
f 9013 9021 9014
f 9022 8709 9016
f 9016 8709 8706
f 9016 9017 9023
f 9016 9023 9022
f 8711 9024 8710
f 9024 9025 8710
f 9025 8707 8710
f 9025 9018 8707
f 9026 8712 8713
f 9027 9026 8713
f 9027 8713 8709
f 9028 9027 8709
f 9022 9028 8709
f 9028 9022 9023
f 9030 9029 9024
f 8711 9030 9024
f 8714 9030 8711
f 9024 9029 9025
f 9026 8715 8712
f 8717 8715 9026
f 9027 8717 9026
f 9031 8717 9027
f 8718 9030 8714
f 8718 9032 9030
f 9034 8721 9033
f 8721 9031 9033
f 8721 8717 9031
f 9035 9034 9033
f 8723 9032 8718
f 8723 9036 9032
f 9037 8728 9034
f 9034 8728 8721
f 9034 9035 9038
f 9039 9034 9038
f 9037 9034 9039
f 9040 9039 9038
f 8731 9041 8730
f 9041 9042 8730
f 9042 8723 8730
f 9042 9036 8723
f 9043 8734 8735
f 8736 9043 8735
f 9037 8738 8728
f 8738 9037 8739
f 9037 9044 8739
f 9037 9039 9044
f 9039 9040 9045
f 9039 9045 9044
f 9047 9046 9041
f 8731 9047 9041
f 8741 9047 8731
f 9041 9046 9042
f 9048 8743 8744
f 8734 9043 8744
f 9043 9048 8744
f 9043 9049 9048
f 8745 9049 8736
f 8736 9049 9043
f 9050 8746 9044
f 9044 8746 8739
f 9044 9045 9051
f 9044 9051 9050
f 8748 9047 8741
f 8748 9052 9047
f 9053 8750 9048
f 9048 8750 8743
f 9054 9048 9049
f 9053 9048 9054
f 8751 9054 8745
f 8745 9054 9049
f 9050 8752 8746
f 9056 9055 8753
f 9056 8753 8752
f 9051 9056 8752
f 9050 9051 8752
f 9057 9055 9056
f 8755 9052 8748
f 8755 9058 9052
f 9053 8756 8750
f 8756 9053 8757
f 8757 9053 9054
f 8757 9054 8751
f 9059 8758 9055
f 9055 8758 8753
f 9055 9057 9060
f 9061 9055 9060
f 9059 9055 9061
f 9062 9061 9060
f 9065 9064 9063
f 9064 9058 9063
f 9058 8759 9063
f 9058 8755 8759
f 9059 8760 8758
f 8760 9059 8761
f 9059 9066 8761
f 9059 9061 9066
f 9061 9062 9067
f 9061 9067 9066
f 9065 9063 8763
f 8764 9065 8763
f 9068 9065 8764
f 8763 9063 8759
f 9069 8765 9066
f 9066 8765 8761
f 9066 9067 9070
f 9066 9070 9069
f 8767 9068 8764
f 8767 9071 9068
f 9069 8768 8765
f 8770 8768 9069
f 9070 8770 9069
f 9072 8770 9070
f 8772 9071 8767
f 8772 9073 9071
f 9072 9074 8770
f 8770 9074 8773
f 8773 9075 8774
f 9074 9075 8773
f 8774 9076 8775
f 9075 9076 8774
f 9078 9077 8776
f 8775 9078 8776
f 9076 9078 8775
f 9080 9079 9077
f 9080 9077 9078
f 8778 8779 9079
f 9080 8778 9079
f 9081 8778 9080
f 9083 9082 8780
f 8778 9083 8780
f 9081 9083 8778
f 9084 9082 9083
f 8781 9073 8772
f 8781 9085 9073
f 9077 8782 8776
f 8782 9077 8783
f 8783 9077 9079
f 8783 9079 8779
f 9082 8784 8780
f 9087 9086 8785
f 9087 8785 8784
f 9084 9087 8784
f 9082 9084 8784
f 9088 9086 9087
f 9090 9089 8786
f 9090 8786 8787
f 8788 8786 9089
f 8788 9089 9091
f 9093 9092 8790
f 9093 8790 8791
f 8792 8790 9092
f 8792 9092 9094
f 9096 9095 8793
f 9096 8793 8794
f 8781 8793 9085
f 9085 8793 9095
f 9086 8795 8785
f 9088 9097 9086
f 9097 8795 9086
f 9097 8796 8795
f 8796 9098 8798
f 9097 9098 8796
f 8798 9099 8799
f 9098 9099 8798
f 8787 8799 9090
f 9090 8799 9099
f 9091 8800 8788
f 9100 8800 9091
f 9103 9102 9101
f 9105 9104 9101
f 9105 9101 9102
f 9105 9093 9104
f 9093 8802 9104
f 9093 8791 8802
f 9107 8803 9106
f 8803 9094 9106
f 8803 8792 9094
f 9106 9096 9107
f 9096 8804 9107
f 9096 8794 8804
f 9100 8805 8800
f 9108 8805 9100
f 9111 9110 9109
f 9113 9112 9109
f 9113 9109 9110
f 9114 9112 9113
f 9117 9116 9115
f 9118 9115 9116
f 9121 9120 9119
f 9119 9120 9103
f 9101 9119 9103
f 9122 9119 9101
f 8808 9122 8807
f 9122 9104 8807
f 9122 9101 9104
f 8807 9104 8802
f 9123 8809 9107
f 9107 8809 8803
f 8810 9123 8804
f 8804 9123 9107
f 9108 9124 8805
f 8805 9124 8811
f 9126 9125 8813
f 8811 9126 8813
f 9124 9126 8811
f 9127 9125 9126
f 9111 9109 9128
f 9111 9128 9129
f 9130 9109 9112
f 9128 9109 9130
f 9112 9114 9131
f 9132 9112 9131
f 9130 9112 9132
f 9132 9131 9117
f 9115 9132 9117
f 9133 9132 9115
f 9115 9118 9134
f 9135 9115 9134
f 9133 9115 9135
f 9135 9134 9121
f 9119 9135 9121
f 9136 9135 9119
f 8816 9136 8815
f 9136 9122 8815
f 9136 9119 9122
f 8815 9122 8808
f 9123 8817 8809
f 8817 9123 8810
f 9125 8819 8813
f 9138 9137 8820
f 9138 8820 8819
f 9127 9138 8819
f 9125 9127 8819
f 9139 9137 9138
f 9140 9129 9128
f 9140 9128 9130
f 9140 9130 9141
f 9143 9142 9141
f 9130 9143 9141
f 9132 9143 9130
f 9144 9132 9133
f 9143 9132 9144
f 9145 9133 9135
f 9144 9133 9145
f 8823 9145 8822
f 9145 9136 8822
f 9145 9135 9136
f 8822 9136 8816
f 9137 8827 8820
f 9147 9146 8828
f 9147 8828 8827
f 9139 9147 8827
f 9137 9139 8827
f 9149 9148 9146
f 9149 9146 9147
f 9150 9148 9149
f 9151 9142 9143
f 9151 9143 9144
f 9151 9144 9152
f 8831 9153 8830
f 9153 9144 8830
f 9144 9145 8830
f 9153 9152 9144
f 8830 9145 8823
f 9146 8834 8828
f 8834 9146 8835
f 9146 9154 8835
f 9146 9148 9154
f 9148 9150 9155
f 9156 9148 9155
f 9154 9148 9156
f 9158 9157 9156
f 9158 9156 9155
f 9160 9159 9157
f 9160 9157 9158
f 9160 9153 9159
f 9153 8837 9159
f 9153 8831 8837
f 9154 8838 8835
f 8838 9154 8841
f 8841 9154 9156
f 8841 9156 8843
f 8843 9156 9157
f 8843 9157 8845
f 8845 9157 9159
f 8845 9159 8837
f 9161 8855 8856
f 8857 9162 8856
f 8856 9162 9161
f 8858 9163 8857
f 8857 9163 9162
f 8859 9163 8858
f 9164 8862 8861
f 8863 9165 8861
f 8861 9165 9164
f 9165 8863 9166
f 8863 9167 9166
f 8863 8864 9167
f 9168 8864 8865
f 9168 9167 8864
f 8865 8867 9168
f 9168 8867 9169
f 9170 8868 8869
f 9170 8869 9171
f 8869 9172 9171
f 8869 8870 9172
f 9173 8870 8871
f 9173 9172 8870
f 8871 8872 9173
f 9173 8872 9174
f 9175 8880 8881
f 9175 8881 9176
f 8881 9177 9176
f 8881 8882 9177
f 9178 8882 8883
f 9178 9177 8882
f 9178 8883 8855
f 9179 9178 8855
f 9161 9179 8855
f 9178 9179 9180
f 9162 9182 9181
f 9179 9162 9181
f 9161 9162 9179
f 9182 9162 9163
f 9182 9163 9183
f 9183 9163 8859
f 8884 9183 8859
f 9184 9183 8884
f 8884 8862 9164
f 9185 8884 9164
f 9184 8884 9185
f 9185 9164 9165
f 9185 9165 9186
f 9186 9165 9166
f 9187 9169 8867
f 9187 8867 8885
f 8885 8868 9170
f 9188 8885 9170
f 9187 8885 9188
f 9188 9170 9171
f 8872 8886 9189
f 9190 8872 9189
f 9174 8872 9190
f 8887 9189 8886
f 9191 8889 8890
f 8891 9191 8890
f 9192 8894 8895
f 8896 9193 8895
f 8895 9193 9192
f 8897 9194 8896
f 8896 9194 9193
f 8898 9195 8897
f 8897 9195 9194
f 9196 9195 8898
f 9196 8898 8880
f 9197 9196 8880
f 9175 9197 8880
f 9197 9175 9176
f 9198 9180 9179
f 9198 9179 9181
f 9199 9190 9189
f 9201 9199 9200
f 9200 9199 8899
f 9199 9189 8899
f 9189 8887 8899
f 8901 9200 8899
f 9202 8904 8905
f 9202 8905 9203
f 8905 9204 9203
f 8905 8906 9204
f 8906 8889 9191
f 9205 8906 9191
f 9204 8906 9205
f 9207 9205 9206
f 9206 9205 8907
f 9205 9191 8907
f 9191 8891 8907
f 8908 9208 8907
f 8907 9208 9206
f 9209 9208 8908
f 9209 8908 8894
f 9210 9209 8894
f 9192 9210 8894
f 9210 9192 9193
f 9210 9193 9211
f 9213 9212 9211
f 9193 9213 9211
f 9194 9213 9193
f 9195 9215 9214
f 9213 9195 9214
f 9194 9195 9213
f 9215 9195 9196
f 9218 9217 9216
f 9216 9217 9201
f 9200 9216 9201
f 9219 9216 9200
f 8910 9219 8901
f 8901 9219 9200
f 9220 8914 8915
f 8916 9221 8915
f 8915 9221 9220
f 9222 9221 8916
f 9222 8916 8904
f 9223 9222 8904
f 9202 9223 8904
f 9223 9202 9203
f 9224 9207 9206
f 9224 9206 9208
f 9224 9208 9225
f 9225 9208 9209
f 9226 9212 9213
f 9226 9213 9214
f 9227 9218 9216
f 9229 9228 9227
f 9216 9229 9227
f 9219 9229 9216
f 8917 9230 8910
f 9230 9219 8910
f 9230 9229 9219
f 8918 9230 8917
f 9231 8920 8921
f 8922 9231 8921
f 9233 9232 9220
f 9232 8914 9220
f 9232 8924 8914
f 9233 9220 9221
f 9233 9221 9234
f 9234 9221 9222
f 9235 9228 9229
f 9235 9229 9230
f 9235 9230 9236
f 9236 9230 8918
f 8925 9236 8918
f 9237 9236 8925
f 9237 8925 8920
f 9238 9237 8920
f 9231 9238 8920
f 9237 9238 9239
f 8927 9238 8922
f 8922 9238 9231
f 9240 8929 8930
f 9241 9240 8930
f 8924 9241 8930
f 9232 9241 8924
f 9242 9239 9238
f 8927 8931 9238
f 8931 9243 9238
f 9243 9242 9238
f 9243 8931 9244
f 9246 9245 9244
f 9244 9245 9243
f 9248 9247 9246
f 9246 9247 9245
f 9248 9249 9247
f 9251 9250 8934
f 8934 9250 8933
f 8934 8929 9240
f 9252 8934 9240
f 9251 8934 9252
f 9252 9240 9241
f 8935 9244 8931
f 9244 8935 8936
f 9244 8936 9246
f 9246 8936 8937
f 9253 9246 8937
f 9248 9246 9253
f 9249 9248 9254
f 9254 9248 9253
f 9250 8938 8933
f 9255 8938 9250
f 8939 9256 9253
f 8939 9253 8937
f 9254 9253 9257
f 9257 9253 9256
f 9260 9259 9258
f 9258 9261 9260
f 9255 8940 8938
f 9262 8940 9255
f 8942 9263 8941
f 9263 8944 8941
f 8945 9264 9256
f 8945 9256 8939
f 9257 9256 9265
f 9265 9256 9264
f 9268 9267 9266
f 9270 9269 9266
f 9266 9269 9268
f 9269 9270 9259
f 9270 9258 9259
f 9270 9271 9258
f 9261 9258 9272
f 9258 9273 9272
f 9258 9271 9273
f 9273 9274 9272
f 9275 8947 8948
f 9276 9275 8948
f 8940 9276 8948
f 9262 9276 8940
f 8949 9263 8942
f 9263 8949 8944
f 9278 9277 9264
f 8945 9278 9264
f 8950 9278 8945
f 9264 9277 9265
f 9266 9267 9279
f 9279 9267 9280
f 9266 9281 9270
f 9266 9279 9281
f 9270 9282 9271
f 9270 9281 9282
f 9282 8952 8953
f 9273 9282 8953
f 9271 9282 9273
f 8953 8954 9273
f 8954 9274 9273
f 8954 9283 9274
f 9285 9284 9275
f 9284 8947 9275
f 9284 8955 8947
f 9285 9275 9276
f 8956 9278 8950
f 8956 9286 9278
f 9279 9280 9287
f 9287 9280 9288
f 9279 9289 9281
f 9279 9287 9289
f 9281 9290 9282
f 9281 9289 9290
f 9290 8958 8952
f 9290 8952 9282
f 8959 9292 9291
f 9283 8959 9291
f 8954 8959 9283
f 9292 9293 9291
f 9284 8961 8955
f 9294 8961 9284
f 8962 9296 9295
f 9286 8962 9295
f 8956 8962 9286
f 9298 9297 9296
f 9296 9297 9295
f 9297 9298 9288
f 9298 9287 9288
f 9298 9299 9287
f 9287 9300 9289
f 9287 9299 9300
f 9300 8964 8965
f 9290 9300 8965
f 9289 9300 9290
f 9290 8965 8958
f 8967 9292 8959
f 9302 9301 8969
f 8969 9301 8967
f 9301 9293 8967
f 9293 9292 8967
f 9302 9303 9301
f 9305 8971 9304
f 8971 9294 9304
f 8971 8961 9294
f 9307 9306 9305
f 9307 9305 9304
f 9308 9306 9307
f 8973 9309 8972
f 9296 8962 8972
f 9309 9296 8972
f 9310 9296 9309
f 9296 9311 9298
f 9296 9310 9311
f 9298 9312 9299
f 9298 9311 9312
f 9299 9313 9300
f 9299 9312 9313
f 9313 8975 8964
f 9313 8964 9300
f 8978 9314 9302
f 8978 9302 8969
f 9303 9302 9315
f 9315 9302 9314
f 9305 8979 8971
f 8979 9305 8981
f 9305 9316 8981
f 9305 9306 9316
f 9306 9308 9317
f 9306 9317 9316
f 8982 9318 9309
f 8982 9309 8973
f 9309 9319 9310
f 9309 9318 9319
f 9310 9320 9311
f 9310 9319 9320
f 9311 9321 9312
f 9311 9320 9321
f 9312 9322 9313
f 9312 9321 9322
f 9322 8984 8975
f 9322 8975 9313
f 8987 9323 9314
f 8987 9314 8978
f 9315 9314 9324
f 9324 9314 9323
f 9325 8988 9316
f 9316 8988 8981
f 9316 9317 9326
f 9316 9326 9325
f 8990 9327 8989
f 9327 9328 8989
f 8989 9328 8982
f 9328 9329 8982
f 9329 9318 8982
f 9318 9329 9319
f 9319 9329 9330
f 9319 9330 9320
f 9320 9330 9331
f 9333 9332 9331
f 9332 9320 9331
f 9332 9321 9320
f 9321 9334 9322
f 9321 9332 9334
f 9335 8991 8984
f 9322 9335 8984
f 9334 9335 9322
f 9335 8993 8991
f 8995 9323 8987
f 8995 8997 9323
f 8997 9324 9323
f 8997 9336 9324
f 9338 9337 9325
f 9337 8988 9325
f 9337 8998 8988
f 9338 9325 9326
f 8999 9339 9327
f 8999 9327 8990
f 9328 9327 9340
f 9340 9327 9339
f 9332 9333 9341
f 9341 9333 9342
f 9332 9343 9334
f 9332 9341 9343
f 9343 9001 9002
f 9335 9343 9002
f 9334 9343 9335
f 9335 9002 8993
f 9006 9345 9344
f 9336 9006 9344
f 8997 9006 9336
f 9345 9346 9344
f 9337 9008 8998
f 9347 9008 9337
f 9009 9348 9339
f 9009 9339 8999
f 9340 9339 9349
f 9349 9339 9348
f 9342 9350 9341
f 9352 9351 9350
f 9351 9341 9350
f 9351 9343 9341
f 9351 9011 9001
f 9351 9001 9343
f 9014 9353 9015
f 9345 9006 9015
f 9353 9345 9015
f 9354 9345 9353
f 9346 9345 9355
f 9355 9345 9354
f 9357 9017 9356
f 9017 9347 9356
f 9017 9008 9347
f 9358 9357 9356
f 9018 9359 9348
f 9018 9348 9009
f 9349 9348 9360
f 9360 9348 9359
f 9351 9352 9361
f 9361 9352 9362
f 9363 9019 9011
f 9351 9363 9011
f 9361 9363 9351
f 9364 9020 9019
f 9364 9019 9363
f 9365 9021 9020
f 9365 9020 9364
f 9353 9014 9021
f 9365 9353 9021
f 9366 9353 9365
f 9353 9367 9354
f 9353 9366 9367
f 9355 9354 9368
f 9368 9354 9367
f 9370 9369 9357
f 9369 9017 9357
f 9369 9023 9017
f 9370 9357 9358
f 9372 9371 9359
f 9018 9372 9359
f 9025 9372 9018
f 9359 9371 9360
f 9362 9373 9361
f 9361 9373 9363
f 9363 9373 9374
f 9363 9374 9364
f 9364 9374 9375
f 9377 9376 9375
f 9376 9364 9375
f 9376 9365 9364
f 9365 9378 9366
f 9365 9376 9378
f 9380 9367 9379
f 9367 9378 9379
f 9367 9366 9378
f 9367 9380 9368
f 9381 9027 9028
f 9382 9381 9028
f 9023 9382 9028
f 9369 9382 9023
f 9384 9383 9029
f 9384 9029 9030
f 9025 9029 9372
f 9372 9029 9383
f 9377 9385 9376
f 9376 9385 9378
f 9378 9385 9386
f 9378 9386 9379
f 9387 9031 9381
f 9381 9031 9027
f 9381 9382 9388
f 9389 9381 9388
f 9387 9381 9389
f 9390 9389 9388
f 9032 9384 9030
f 9032 9391 9384
f 9387 9033 9031
f 9033 9387 9035
f 9387 9392 9035
f 9387 9389 9392
f 9389 9390 9393
f 9389 9393 9392
f 9036 9391 9032
f 9036 9394 9391
f 9392 9038 9035
f 9396 9395 9040
f 9396 9040 9038
f 9393 9396 9038
f 9392 9393 9038
f 9397 9395 9396
f 9042 9394 9036
f 9042 9398 9394
f 9399 9045 9395
f 9395 9045 9040
f 9395 9397 9400
f 9401 9395 9400
f 9399 9395 9401
f 9402 9401 9400
f 9404 9403 9046
f 9404 9046 9047
f 9042 9046 9398
f 9398 9046 9403
f 9405 9051 9399
f 9399 9051 9045
f 9401 9407 9406
f 9405 9401 9406
f 9399 9401 9405
f 9407 9401 9402
f 9052 9404 9047
f 9052 9408 9404
f 9405 9056 9051
f 9057 9056 9405
f 9406 9057 9405
f 9409 9057 9406
f 9058 9408 9052
f 9058 9410 9408
f 9409 9411 9057
f 9057 9411 9060
f 9062 9060 9411
f 9062 9411 9412
f 9414 9413 9064
f 9414 9064 9065
f 9058 9064 9410
f 9410 9064 9413
f 9412 9067 9062
f 9415 9067 9412
f 9068 9414 9065
f 9068 9416 9414
f 9415 9070 9067
f 9417 9070 9415
f 9071 9416 9068
f 9071 9418 9416
f 9420 9072 9419
f 9072 9417 9419
f 9072 9070 9417
f 9422 9421 9420
f 9422 9420 9419
f 9424 9423 9421
f 9424 9421 9422
f 9425 9423 9424
f 9428 9427 9426
f 9430 9429 9426
f 9430 9426 9427
f 9432 9431 9429
f 9432 9429 9430
f 9433 9431 9432
f 9073 9418 9071
f 9073 9434 9418
f 9420 9074 9072
f 9074 9420 9075
f 9075 9420 9421
f 9075 9421 9076
f 9076 9421 9423
f 9425 9435 9423
f 9435 9076 9423
f 9435 9078 9076
f 9426 9080 9428
f 9080 9435 9428
f 9080 9078 9435
f 9080 9426 9081
f 9081 9426 9429
f 9081 9429 9083
f 9083 9429 9431
f 9084 9083 9431
f 9433 9084 9431
f 9436 9084 9433
f 9439 9438 9437
f 9441 9440 9437
f 9441 9437 9438
f 9441 9434 9440
f 9434 9085 9440
f 9434 9073 9085
f 9444 9443 9442
f 9446 9445 9442
f 9442 9445 9444
f 9446 9447 9445
f 9436 9448 9084
f 9084 9448 9087
f 9450 9449 9088
f 9087 9450 9088
f 9448 9450 9087
f 9451 9449 9450
f 9453 9452 9089
f 9453 9089 9090
f 9091 9089 9452
f 9091 9452 9454
f 9457 9456 9455
f 9459 9458 9455
f 9459 9455 9456
f 9460 9458 9459
f 9463 9462 9461
f 9465 9464 9461
f 9465 9461 9462
f 9467 9466 9464
f 9467 9464 9465
f 9092 9093 9466
f 9467 9092 9466
f 9468 9092 9467
f 9437 9469 9094
f 9468 9437 9094
f 9092 9468 9094
f 9439 9437 9468
f 9096 9469 9095
f 9469 9440 9095
f 9469 9437 9440
f 9095 9440 9085
f 9442 9443 9470
f 9470 9443 9471
f 9442 9472 9446
f 9442 9470 9472
f 9447 9446 9473
f 9473 9446 9472
f 9449 9097 9088
f 9451 9474 9449
f 9474 9097 9449
f 9474 9098 9097
f 9098 9475 9099
f 9474 9475 9098
f 9090 9099 9453
f 9453 9099 9475
f 9454 9100 9091
f 9476 9100 9454
f 9479 9478 9477
f 9477 9478 9457
f 9455 9477 9457
f 9480 9477 9455
f 9481 9455 9458
f 9480 9455 9481
f 9458 9460 9482
f 9483 9458 9482
f 9481 9458 9483
f 9485 9484 9483
f 9485 9483 9482
f 9484 9485 9463
f 9461 9484 9463
f 9486 9484 9461
f 9103 9486 9102
f 9486 9464 9102
f 9486 9461 9464
f 9102 9464 9105
f 9105 9464 9466
f 9105 9466 9093
f 9469 9106 9094
f 9106 9469 9096
f 9470 9471 9487
f 9487 9471 9488
f 9490 9472 9489
f 9472 9487 9489
f 9472 9470 9487
f 9472 9490 9473
f 9492 9108 9491
f 9108 9476 9491
f 9108 9100 9476
f 9493 9492 9491
f 9479 9477 9110
f 9111 9479 9110
f 9494 9479 9111
f 9110 9477 9113
f 9113 9477 9480
f 9113 9480 9114
f 9480 9495 9114
f 9480 9481 9495
f 9117 9495 9116
f 9495 9483 9116
f 9495 9481 9483
f 9116 9483 9118
f 9483 9496 9118
f 9483 9484 9496
f 9121 9496 9120
f 9496 9486 9120
f 9496 9484 9486
f 9120 9486 9103
f 9488 9497 9487
f 9487 9497 9489
f 9492 9124 9108
f 9493 9498 9492
f 9498 9124 9492
f 9498 9126 9124
f 9500 9499 9127
f 9126 9500 9127
f 9498 9500 9126
f 9502 9501 9499
f 9502 9499 9500
f 9502 9494 9501
f 9494 9129 9501
f 9494 9111 9129
f 9495 9131 9114
f 9131 9495 9117
f 9496 9134 9118
f 9134 9496 9121
f 9499 9138 9127
f 9138 9499 9139
f 9499 9503 9139
f 9499 9501 9503
f 9140 9504 9129
f 9504 9501 9129
f 9504 9503 9501
f 9141 9505 9140
f 9140 9505 9504
f 9142 9505 9141
f 9503 9147 9139
f 9147 9503 9149
f 9149 9503 9504
f 9149 9504 9150
f 9504 9506 9150
f 9504 9505 9506
f 9151 9507 9142
f 9507 9505 9142
f 9507 9506 9505
f 9152 9508 9151
f 9151 9508 9507
f 9153 9508 9152
f 9506 9155 9150
f 9155 9506 9158
f 9158 9506 9507
f 9158 9507 9160
f 9160 9507 9508
f 9160 9508 9153
f 9509 9166 9167
f 9168 9510 9167
f 9167 9510 9509
f 9169 9510 9168
f 9511 9171 9172
f 9173 9512 9172
f 9172 9512 9511
f 9174 9512 9173
f 9513 9176 9177
f 9178 9514 9177
f 9177 9514 9513
f 9180 9514 9178
f 9515 9181 9182
f 9183 9516 9182
f 9182 9516 9515
f 9184 9517 9183
f 9183 9517 9516
f 9185 9518 9184
f 9184 9518 9517
f 9186 9519 9185
f 9185 9519 9518
f 9166 9509 9186
f 9509 9519 9186
f 9509 9520 9519
f 9521 9509 9510
f 9520 9509 9521
f 9187 9522 9169
f 9522 9510 9169
f 9522 9521 9510
f 9188 9523 9187
f 9187 9523 9522
f 9524 9523 9188
f 9524 9188 9171
f 9525 9524 9171
f 9511 9525 9171
f 9525 9511 9512
f 9525 9512 9526
f 9512 9174 9526
f 9174 9527 9526
f 9174 9190 9527
f 9528 9196 9197
f 9529 9528 9197
f 9529 9197 9176
f 9530 9529 9176
f 9513 9530 9176
f 9532 9531 9530
f 9513 9532 9530
f 9514 9532 9513
f 9198 9533 9180
f 9533 9514 9180
f 9533 9532 9514
f 9534 9533 9198
f 9534 9198 9181
f 9535 9534 9181
f 9515 9535 9181
f 9535 9515 9516
f 9535 9516 9536
f 9536 9516 9517
f 9536 9517 9537
f 9537 9517 9518
f 9537 9518 9538
f 9538 9518 9519
f 9538 9519 9539
f 9539 9519 9520
f 9539 9520 9540
f 9540 9520 9521
f 9540 9521 9541
f 9541 9521 9522
f 9541 9522 9542
f 9542 9522 9523
f 9542 9523 9543
f 9543 9523 9524
f 9190 9199 9544
f 9545 9190 9544
f 9527 9190 9545
f 9201 9544 9199
f 9546 9203 9204
f 9205 9547 9204
f 9204 9547 9546
f 9207 9547 9205
f 9548 9209 9210
f 9211 9549 9210
f 9210 9549 9548
f 9212 9549 9211
f 9550 9214 9215
f 9551 9550 9215
f 9551 9215 9196
f 9552 9551 9196
f 9528 9552 9196
f 9552 9528 9529
f 9553 9531 9532
f 9553 9532 9533
f 9553 9533 9554
f 9554 9533 9534
f 9545 9544 9217
f 9218 9545 9217
f 9555 9545 9218
f 9217 9544 9201
f 9556 9222 9223
f 9203 9546 9223
f 9546 9556 9223
f 9546 9557 9556
f 9547 9559 9558
f 9557 9547 9558
f 9546 9547 9557
f 9561 9559 9560
f 9560 9559 9224
f 9559 9547 9224
f 9547 9207 9224
f 9225 9562 9224
f 9224 9562 9560
f 9563 9562 9225
f 9563 9225 9209
f 9564 9563 9209
f 9548 9564 9209
f 9564 9548 9549
f 9564 9549 9565
f 9567 9565 9566
f 9566 9565 9226
f 9565 9549 9226
f 9549 9212 9226
f 9568 9566 9226
f 9568 9226 9214
f 9569 9568 9214
f 9550 9569 9214
f 9569 9550 9551
f 9570 9555 9218
f 9570 9218 9227
f 9572 9571 9228
f 9571 9227 9228
f 9571 9570 9227
f 9574 9573 9572
f 9572 9573 9571
f 9576 9575 9574
f 9574 9575 9573
f 9576 9577 9575
f 9578 9232 9233
f 9234 9579 9233
f 9233 9579 9578
f 9580 9579 9234
f 9580 9234 9222
f 9581 9580 9222
f 9556 9581 9222
f 9581 9556 9557
f 9581 9557 9582
f 9582 9557 9558
f 9583 9561 9560
f 9583 9560 9562
f 9583 9562 9584
f 9584 9562 9563
f 9585 9567 9566
f 9585 9566 9568
f 9235 9572 9228
f 9572 9235 9236
f 9572 9236 9574
f 9574 9236 9237
f 9574 9237 9576
f 9587 9586 9239
f 9239 9586 9237
f 9586 9577 9237
f 9577 9576 9237
f 9589 9588 9587
f 9587 9588 9586
f 9591 9590 9589
f 9589 9590 9588
f 9593 9592 9591
f 9591 9592 9590
f 9593 9594 9592
f 9595 9241 9578
f 9578 9241 9232
f 9579 9597 9596
f 9595 9579 9596
f 9578 9579 9595
f 9597 9579 9580
f 9242 9587 9239
f 9587 9242 9243
f 9587 9243 9589
f 9589 9243 9245
f 9589 9245 9591
f 9591 9245 9247
f 9591 9247 9593
f 9247 9249 9593
f 9249 9594 9593
f 9249 9598 9594
f 9599 9250 9251
f 9252 9600 9251
f 9251 9600 9599
f 9241 9595 9252
f 9595 9600 9252
f 9595 9601 9600
f 9595 9596 9602
f 9595 9602 9601
f 9254 9604 9603
f 9598 9254 9603
f 9249 9254 9598
f 9606 9605 9604
f 9604 9605 9603
f 9608 9607 9606
f 9606 9607 9605
f 9610 9609 9608
f 9608 9609 9607
f 9610 9611 9609
f 9613 9612 9599
f 9612 9250 9599
f 9612 9255 9250
f 9613 9599 9600
f 9613 9600 9614
f 9614 9600 9601
f 9614 9601 9615
f 9615 9601 9602
f 9257 9616 9604
f 9257 9604 9254
f 9604 9617 9606
f 9604 9616 9617
f 9606 9618 9608
f 9606 9617 9618
f 9618 9259 9260
f 9610 9618 9260
f 9608 9618 9610
f 9620 9619 9261
f 9261 9619 9260
f 9619 9611 9260
f 9611 9610 9260
f 9622 9621 9620
f 9620 9621 9619
f 9622 9623 9621
f 9612 9262 9255
f 9624 9262 9612
f 9265 9625 9616
f 9265 9616 9257
f 9625 9267 9268
f 9617 9625 9268
f 9616 9625 9617
f 9617 9268 9269
f 9617 9269 9618
f 9618 9269 9259
f 9272 9620 9261
f 9620 9272 9274
f 9626 9620 9274
f 9622 9620 9626
f 9623 9622 9627
f 9627 9622 9626
f 9624 9276 9262
f 9628 9276 9624
f 9278 9629 9277
f 9625 9265 9277
f 9629 9625 9277
f 9630 9625 9629
f 9630 9280 9267
f 9630 9267 9625
f 9283 9631 9626
f 9283 9626 9274
f 9627 9626 9632
f 9632 9626 9631
f 9633 9284 9285
f 9634 9633 9285
f 9276 9634 9285
f 9628 9634 9276
f 9286 9635 9629
f 9286 9629 9278
f 9629 9636 9630
f 9629 9635 9636
f 9636 9288 9280
f 9636 9280 9630
f 9291 9631 9283
f 9638 9637 9293
f 9293 9637 9291
f 9637 9632 9291
f 9632 9631 9291
f 9640 9639 9638
f 9638 9639 9637
f 9640 9641 9639
f 9642 9294 9633
f 9633 9294 9284
f 9633 9634 9643
f 9644 9633 9643
f 9642 9633 9644
f 9646 9645 9644
f 9646 9644 9643
f 9647 9645 9646
f 9295 9635 9286
f 9635 9295 9297
f 9635 9297 9636
f 9636 9297 9288
f 9301 9638 9293
f 9638 9301 9303
f 9648 9638 9303
f 9640 9638 9648
f 9641 9640 9649
f 9640 9650 9649
f 9640 9648 9650
f 9650 9651 9649
f 9642 9304 9294
f 9304 9642 9307
f 9307 9642 9644
f 9307 9644 9308
f 9644 9652 9308
f 9644 9645 9652
f 9645 9647 9653
f 9645 9653 9652
f 9315 9654 9648
f 9315 9648 9303
f 9656 9650 9655
f 9650 9654 9655
f 9650 9648 9654
f 9650 9656 9651
f 9657 9317 9652
f 9652 9317 9308
f 9652 9653 9658
f 9652 9658 9657
f 9324 9659 9654
f 9324 9654 9315
f 9655 9654 9660
f 9660 9654 9659
f 9662 9661 9657
f 9661 9317 9657
f 9661 9326 9317
f 9662 9657 9658
f 9328 9663 9329
f 9664 9330 9329
f 9664 9329 9663
f 9665 9331 9330
f 9665 9330 9664
f 9665 9333 9331
f 9336 9666 9659
f 9336 9659 9324
f 9660 9659 9667
f 9667 9659 9666
f 9669 9668 9338
f 9338 9668 9337
f 9338 9326 9661
f 9338 9661 9669
f 9340 9670 9663
f 9340 9663 9328
f 9663 9671 9664
f 9663 9670 9671
f 9664 9672 9665
f 9664 9671 9672
f 9672 9342 9333
f 9672 9333 9665
f 9344 9666 9336
f 9674 9673 9346
f 9346 9673 9344
f 9673 9667 9344
f 9667 9666 9344
f 9674 9675 9673
f 9668 9347 9337
f 9676 9347 9668
f 9349 9677 9670
f 9349 9670 9340
f 9670 9678 9671
f 9670 9677 9678
f 9671 9679 9672
f 9671 9678 9679
f 9680 9350 9342
f 9672 9680 9342
f 9679 9680 9672
f 9680 9352 9350
f 9355 9681 9674
f 9355 9674 9346
f 9675 9674 9682
f 9682 9674 9681
f 9356 9347 9683
f 9347 9684 9683
f 9347 9676 9684
f 9683 9358 9356
f 9686 9685 9677
f 9349 9686 9677
f 9360 9686 9349
f 9677 9685 9678
f 9678 9685 9687
f 9689 9688 9687
f 9688 9678 9687
f 9688 9679 9678
f 9679 9690 9680
f 9679 9688 9690
f 9690 9362 9352
f 9690 9352 9680
f 9368 9691 9681
f 9368 9681 9355
f 9682 9681 9692
f 9692 9681 9691
f 9683 9684 9370
f 9684 9369 9370
f 9684 9693 9369
f 9683 9370 9358
f 9372 9694 9371
f 9694 9695 9371
f 9695 9360 9371
f 9695 9686 9360
f 9689 9696 9688
f 9688 9696 9690
f 9690 9696 9697
f 9697 9699 9698
f 9697 9698 9373
f 9690 9697 9373
f 9362 9690 9373
f 9700 9374 9373
f 9700 9373 9698
f 9701 9375 9374
f 9701 9374 9700
f 9701 9377 9375
f 9379 9702 9380
f 9691 9368 9380
f 9702 9691 9380
f 9703 9691 9702
f 9692 9691 9704
f 9704 9691 9703
f 9706 9382 9705
f 9382 9693 9705
f 9382 9369 9693
f 9708 9707 9706
f 9708 9706 9705
f 9709 9707 9708
f 9384 9710 9383
f 9710 9711 9383
f 9383 9711 9372
f 9711 9712 9372
f 9712 9694 9372
f 9694 9712 9695
f 9699 9713 9698
f 9698 9713 9700
f 9700 9713 9714
f 9700 9714 9701
f 9701 9714 9715
f 9715 9717 9716
f 9715 9716 9385
f 9701 9715 9385
f 9377 9701 9385
f 9718 9386 9385
f 9718 9385 9716
f 9718 9719 9386
f 9386 9719 9379
f 9719 9720 9379
f 9720 9702 9379
f 9702 9720 9703
f 9703 9720 9721
f 9703 9721 9704
f 9706 9388 9382
f 9388 9706 9390
f 9706 9722 9390
f 9706 9707 9722
f 9707 9709 9723
f 9707 9723 9722
f 9725 9724 9710
f 9384 9725 9710
f 9391 9725 9384
f 9710 9724 9711
f 9716 9717 9726
f 9726 9717 9727
f 9716 9728 9718
f 9716 9726 9728
f 9719 9718 9729
f 9729 9718 9728
f 9730 9393 9722
f 9722 9393 9390
f 9722 9723 9731
f 9722 9731 9730
f 9394 9725 9391
f 9394 9732 9725
f 9727 9733 9726
f 9726 9733 9728
f 9728 9733 9734
f 9728 9734 9729
f 9730 9396 9393
f 9736 9735 9397
f 9736 9397 9396
f 9731 9736 9396
f 9730 9731 9396
f 9737 9735 9736
f 9398 9732 9394
f 9398 9738 9732
f 9735 9400 9397
f 9740 9739 9402
f 9740 9402 9400
f 9737 9740 9400
f 9735 9737 9400
f 9741 9739 9740
f 9404 9742 9403
f 9742 9743 9403
f 9743 9398 9403
f 9743 9738 9398
f 9744 9406 9407
f 9745 9744 9407
f 9745 9407 9402
f 9746 9745 9402
f 9739 9746 9402
f 9746 9739 9741
f 9748 9747 9742
f 9404 9748 9742
f 9408 9748 9404
f 9742 9747 9743
f 9750 9749 9744
f 9749 9406 9744
f 9749 9409 9406
f 9750 9744 9745
f 9410 9748 9408
f 9410 9751 9748
f 9411 9409 9752
f 9409 9753 9752
f 9409 9749 9753
f 9752 9412 9411
f 9755 9754 9413
f 9755 9413 9414
f 9410 9413 9751
f 9751 9413 9754
f 9753 9756 9752
f 9412 9752 9756
f 9757 9412 9756
f 9415 9412 9757
f 9760 9759 9758
f 9759 9755 9758
f 9755 9416 9758
f 9755 9414 9416
f 9762 9417 9761
f 9417 9757 9761
f 9417 9415 9757
f 9764 9763 9762
f 9764 9762 9761
f 9766 9765 9763
f 9766 9763 9764
f 9767 9765 9766
f 9770 9769 9768
f 9772 9771 9768
f 9772 9768 9769
f 9773 9771 9772
f 9776 9775 9774
f 9774 9775 9760
f 9758 9774 9760
f 9777 9774 9758
f 9418 9777 9416
f 9416 9777 9758
f 9762 9419 9417
f 9419 9762 9422
f 9422 9762 9763
f 9422 9763 9424
f 9424 9763 9765
f 9779 9778 9425
f 9779 9425 9424
f 9767 9779 9424
f 9765 9767 9424
f 9427 9428 9778
f 9779 9427 9778
f 9780 9427 9779
f 9768 9430 9770
f 9430 9780 9770
f 9430 9427 9780
f 9430 9768 9432
f 9432 9768 9771
f 9782 9781 9433
f 9782 9433 9432
f 9773 9782 9432
f 9771 9773 9432
f 9784 9783 9781
f 9784 9781 9782
f 9785 9783 9784
f 9788 9787 9786
f 9789 9786 9787
f 9776 9774 9790
f 9776 9790 9791
f 9792 9774 9777
f 9790 9774 9792
f 9434 9792 9418
f 9418 9792 9777
f 9795 9794 9793
f 9797 9796 9793
f 9793 9796 9795
f 9797 9798 9796
f 9801 9800 9799
f 9799 9802 9801
f 9778 9435 9425
f 9435 9778 9428
f 9803 9436 9781
f 9781 9436 9433
f 9804 9781 9783
f 9803 9781 9804
f 9783 9785 9805
f 9783 9805 9804
f 9808 9807 9806
f 9809 9806 9807
f 9812 9811 9810
f 9814 9813 9810
f 9814 9810 9811
f 9816 9815 9813
f 9816 9813 9814
f 9817 9815 9816
f 9820 9819 9818
f 9818 9819 9788
f 9786 9818 9788
f 9821 9818 9786
f 9786 9789 9822
f 9823 9786 9822
f 9821 9786 9823
f 9824 9823 9822
f 9791 9790 9438
f 9439 9791 9438
f 9825 9791 9439
f 9438 9790 9441
f 9441 9790 9792
f 9441 9792 9434
f 9793 9794 9826
f 9826 9794 9827
f 9793 9828 9797
f 9793 9826 9828
f 9798 9797 9829
f 9797 9830 9829
f 9797 9828 9830
f 9829 9830 9800
f 9800 9830 9799
f 9830 9443 9799
f 9443 9444 9799
f 9831 9802 9799
f 9444 9831 9799
f 9445 9831 9444
f 9445 9447 9831
f 9831 9447 9832
f 9803 9448 9436
f 9448 9803 9450
f 9450 9803 9804
f 9834 9833 9451
f 9834 9451 9450
f 9805 9834 9450
f 9804 9805 9450
f 9836 9835 9833
f 9836 9833 9834
f 9835 9836 9808
f 9835 9808 9806
f 9453 9835 9806
f 9452 9453 9806
f 9454 9452 9806
f 9809 9454 9806
f 9837 9454 9809
f 9840 9839 9838
f 9838 9839 9812
f 9838 9812 9810
f 9457 9838 9810
f 9456 9457 9810
f 9456 9810 9459
f 9459 9810 9813
f 9459 9813 9460
f 9813 9841 9460
f 9813 9815 9841
f 9815 9817 9842
f 9843 9815 9842
f 9841 9815 9843
f 9843 9842 9820
f 9843 9820 9818
f 9463 9843 9818
f 9462 9463 9818
f 9462 9818 9465
f 9465 9818 9821
f 9465 9821 9467
f 9467 9821 9823
f 9824 9844 9823
f 9844 9467 9823
f 9844 9468 9467
f 9439 9468 9825
f 9825 9468 9844
f 9827 9845 9826
f 9847 9846 9845
f 9846 9826 9845
f 9846 9828 9826
f 9828 9848 9830
f 9828 9846 9848
f 9848 9471 9443
f 9848 9443 9830
f 9473 9832 9447
f 9473 9849 9832
f 9833 9474 9451
f 9474 9833 9475
f 9475 9833 9835
f 9475 9835 9453
f 9851 9476 9850
f 9476 9837 9850
f 9476 9454 9837
f 9852 9851 9850
f 9840 9838 9478
f 9479 9840 9478
f 9853 9840 9479
f 9478 9838 9457
f 9841 9482 9460
f 9482 9841 9485
f 9485 9841 9843
f 9485 9843 9463
f 9846 9847 9854
f 9854 9847 9855
f 9846 9856 9848
f 9846 9854 9856
f 9856 9488 9471
f 9856 9471 9848
f 9489 9857 9490
f 9857 9858 9490
f 9858 9473 9490
f 9858 9849 9473
f 9851 9491 9476
f 9860 9859 9493
f 9860 9493 9491
f 9852 9860 9491
f 9851 9852 9491
f 9862 9861 9859
f 9862 9859 9860
f 9864 9863 9861
f 9864 9861 9862
f 9864 9853 9863
f 9853 9494 9863
f 9853 9479 9494
f 9854 9855 9865
f 9865 9855 9866
f 9854 9867 9856
f 9854 9865 9867
f 9868 9497 9488
f 9856 9868 9488
f 9867 9868 9856
f 9868 9869 9497
f 9497 9869 9489
f 9869 9870 9489
f 9870 9857 9489
f 9857 9870 9858
f 9859 9498 9493
f 9498 9859 9500
f 9500 9859 9861
f 9500 9861 9502
f 9502 9861 9863
f 9502 9863 9494
f 9866 9871 9865
f 9865 9871 9867
f 9867 9871 9872
f 9867 9872 9868
f 9868 9872 9873
f 9868 9873 9869
f 9874 9524 9525
f 9526 9875 9525
f 9525 9875 9874
f 9527 9875 9526
f 9876 9529 9530
f 9531 9876 9530
f 9877 9534 9535
f 9536 9878 9535
f 9535 9878 9877
f 9537 9879 9536
f 9536 9879 9878
f 9538 9880 9537
f 9537 9880 9879
f 9539 9881 9538
f 9538 9881 9880
f 9540 9882 9539
f 9539 9882 9881
f 9541 9883 9540
f 9540 9883 9882
f 9542 9884 9541
f 9541 9884 9883
f 9543 9885 9542
f 9542 9885 9884
f 9524 9874 9543
f 9874 9885 9543
f 9874 9886 9885
f 9875 9888 9887
f 9886 9875 9887
f 9874 9875 9886
f 9875 9527 9888
f 9527 9889 9888
f 9527 9545 9889
f 9892 9891 9890
f 9894 9893 9890
f 9890 9893 9892
f 9894 9895 9893
f 9896 9551 9552
f 9529 9876 9552
f 9876 9896 9552
f 9876 9897 9896
f 9553 9898 9531
f 9898 9876 9531
f 9898 9897 9876
f 9554 9899 9553
f 9553 9899 9898
f 9534 9877 9554
f 9877 9899 9554
f 9877 9900 9899
f 9878 9902 9901
f 9900 9878 9901
f 9877 9878 9900
f 9902 9878 9879
f 9902 9879 9903
f 9903 9879 9880
f 9903 9880 9904
f 9904 9880 9881
f 9904 9881 9905
f 9905 9881 9882
f 9905 9882 9906
f 9906 9882 9883
f 9906 9883 9907
f 9909 9908 9907
f 9883 9909 9907
f 9884 9909 9883
f 9910 9884 9885
f 9909 9884 9910
f 9886 9912 9911
f 9910 9886 9911
f 9885 9886 9910
f 9912 9886 9887
f 9555 9914 9913
f 9889 9555 9913
f 9545 9555 9889
f 9916 9915 9914
f 9914 9915 9913
f 9915 9916 9891
f 9916 9890 9891
f 9916 9917 9890
f 9890 9918 9894
f 9890 9917 9918
f 9895 9894 9919
f 9919 9894 9918
f 9920 9558 9559
f 9561 9920 9559
f 9921 9563 9564
f 9565 9922 9564
f 9564 9922 9921
f 9567 9922 9565
f 9923 9568 9569
f 9551 9896 9569
f 9896 9923 9569
f 9896 9924 9923
f 9897 9926 9925
f 9924 9897 9925
f 9896 9897 9924
f 9928 9927 9926
f 9897 9928 9926
f 9898 9928 9897
f 9929 9898 9899
f 9928 9898 9929
f 9900 9931 9930
f 9929 9900 9930
f 9899 9900 9929
f 9931 9900 9901
f 9932 9908 9909
f 9932 9909 9910
f 9932 9910 9933
f 9933 9910 9911
f 9570 9914 9555
f 9914 9570 9571
f 9914 9571 9916
f 9916 9571 9573
f 9916 9573 9917
f 9917 9573 9575
f 9917 9575 9918
f 9935 9934 9577
f 9577 9934 9575
f 9934 9919 9575
f 9919 9918 9575
f 9937 9936 9935
f 9935 9936 9934
f 9939 9938 9937
f 9937 9938 9936
f 9939 9940 9938
f 9941 9580 9581
f 9582 9942 9581
f 9581 9942 9941
f 9943 9942 9582
f 9943 9582 9558
f 9944 9943 9558
f 9920 9944 9558
f 9946 9944 9945
f 9945 9944 9583
f 9944 9920 9583
f 9920 9561 9583
f 9584 9947 9583
f 9583 9947 9945
f 9948 9947 9584
f 9948 9584 9563
f 9949 9948 9563
f 9921 9949 9563
f 9949 9921 9922
f 9949 9922 9950
f 9950 9922 9567
f 9585 9950 9567
f 9951 9950 9585
f 9585 9568 9923
f 9952 9585 9923
f 9951 9585 9952
f 9952 9923 9924
f 9952 9924 9953
f 9953 9924 9925
f 9954 9927 9928
f 9954 9928 9929
f 9954 9929 9955
f 9955 9929 9930
f 9586 9935 9577
f 9935 9586 9588
f 9935 9588 9937
f 9937 9588 9590
f 9937 9590 9939
f 9956 9940 9939
f 9590 9956 9939
f 9592 9956 9590
f 9592 9594 9956
f 9956 9594 9957
f 9958 9596 9597
f 9959 9958 9597
f 9959 9597 9580
f 9960 9959 9580
f 9941 9960 9580
f 9960 9941 9942
f 9960 9942 9961
f 9961 9942 9943
f 9962 9946 9945
f 9962 9945 9947
f 9962 9947 9963
f 9963 9947 9948
f 9598 9965 9964
f 9957 9598 9964
f 9594 9598 9957
f 9967 9966 9965
f 9965 9966 9964
f 9969 9968 9967
f 9967 9968 9966
f 9971 9970 9969
f 9969 9970 9968
f 9971 9972 9970
f 9974 9973 9958
f 9973 9596 9958
f 9973 9602 9596
f 9974 9958 9959
f 9603 9965 9598
f 9965 9603 9605
f 9965 9605 9967
f 9967 9605 9607
f 9967 9607 9969
f 9969 9607 9609
f 9969 9609 9971
f 9976 9975 9611
f 9611 9975 9609
f 9975 9972 9609
f 9972 9971 9609
f 9978 9977 9976
f 9976 9977 9975
f 9980 9979 9978
f 9978 9979 9977
f 9980 9981 9979
f 9982 9612 9613
f 9982 9613 9983
f 9613 9984 9983
f 9613 9614 9984
f 9985 9614 9615
f 9985 9984 9614
f 9615 9602 9973
f 9615 9973 9985
f 9619 9976 9611
f 9976 9619 9621
f 9976 9621 9978
f 9978 9621 9623
f 9986 9978 9623
f 9980 9978 9986
f 9981 9980 9987
f 9987 9980 9986
f 9989 9988 9982
f 9988 9612 9982
f 9988 9624 9612
f 9989 9982 9983
f 9627 9990 9986
f 9627 9986 9623
f 9987 9986 9991
f 9991 9986 9990
f 9988 9628 9624
f 9992 9628 9988
f 9632 9993 9990
f 9632 9990 9627
f 9991 9990 9994
f 9990 9995 9994
f 9990 9993 9995
f 9995 9996 9994
f 9998 9634 9997
f 9634 9992 9997
f 9634 9628 9992
f 9999 9998 9997
f 9637 9993 9632
f 9993 9637 9639
f 9993 9639 9995
f 10001 10000 9641
f 9641 10000 9639
f 10000 9996 9639
f 9996 9995 9639
f 10001 10002 10000
f 9998 9643 9634
f 9999 10003 9998
f 10003 9643 9998
f 10003 9646 9643
f 9647 9646 10003
f 9647 10003 10004
f 9649 10001 9641
f 9649 9651 10001
f 9651 10002 10001
f 9651 10005 10002
f 10004 9653 9647
f 10006 9653 10004
f 9655 10007 9656
f 10005 9651 10008
f 9651 10007 10008
f 10007 10009 10008
f 9651 9656 10007
f 10009 10010 10008
f 10006 9658 9653
f 10011 9658 10006
f 9660 10012 10007
f 9660 10007 9655
f 10007 10013 10009
f 10007 10012 10013
f 10010 10009 10014
f 10014 10009 10013
f 10017 10016 10015
f 9661 9662 10015
f 9662 10017 10015
f 9662 10018 10017
f 9662 9658 10011
f 9662 10011 10018
f 9667 10019 10012
f 9667 10012 9660
f 10012 10020 10013
f 10012 10019 10020
f 10014 10013 10021
f 10021 10013 10020
f 10015 10016 9669
f 10016 9668 9669
f 10016 10022 9668
f 10015 9669 9661
f 9673 10019 9667
f 10019 9673 9675
f 10023 10019 9675
f 10020 10019 10023
f 10021 10020 10024
f 10024 10020 10023
f 10027 10026 10025
f 10022 10027 10025
f 9676 10022 10025
f 9668 10022 9676
f 9682 10028 10023
f 9682 10023 9675
f 10024 10023 10029
f 10029 10023 10028
f 10026 10030 10025
f 9676 10025 10030
f 10031 9676 10030
f 9684 9676 10031
f 9686 10032 9685
f 10033 9687 9685
f 10033 9685 10032
f 10033 9689 9687
f 10035 10034 10028
f 9682 10035 10028
f 9692 10035 9682
f 10028 10034 10029
f 10037 9693 10036
f 9693 10031 10036
f 9693 9684 10031
f 10038 10037 10036
f 9695 10039 10032
f 9695 10032 9686
f 10032 10040 10033
f 10032 10039 10040
f 10041 9696 9689
f 10033 10041 9689
f 10040 10041 10033
f 10042 9697 9696
f 10042 9696 10041
f 10042 9699 9697
f 9704 10035 9692
f 9704 10043 10035
f 10037 9705 9693
f 10038 10044 10037
f 10044 9705 10037
f 10044 9708 9705
f 9709 9708 10044
f 9709 10044 10045
f 9711 10046 9712
f 10046 10047 9712
f 9712 10047 9695
f 10047 10048 9695
f 10048 10039 9695
f 10050 10049 10048
f 10049 10039 10048
f 10049 10040 10039
f 10040 10051 10041
f 10040 10049 10051
f 10041 10052 10042
f 10041 10051 10052
f 10053 9713 9699
f 10042 10053 9699
f 10052 10053 10042
f 10054 9714 9713
f 10054 9713 10053
f 10055 9715 9714
f 10055 9714 10054
f 10055 9717 9715
f 9719 10056 9720
f 9720 10056 10057
f 10058 9720 10057
f 9721 9720 10058
f 9704 9721 10043
f 10043 9721 10058
f 10045 9723 9709
f 10059 9723 10045
f 9725 10060 9724
f 10060 10061 9724
f 9724 10061 9711
f 10061 10062 9711
f 10062 10046 9711
f 10046 10062 10047
f 10050 10063 10049
f 10049 10063 10051
f 10051 10063 10064
f 10066 10065 10064
f 10065 10051 10064
f 10065 10052 10051
f 10068 10053 10067
f 10053 10065 10067
f 10053 10052 10065
f 10053 10068 10054
f 10054 10068 10069
f 10054 10069 10055
f 10055 10069 10070
f 9717 10055 10070
f 10071 9717 10070
f 9727 9717 10071
f 10073 10072 10056
f 9719 10073 10056
f 9729 10073 9719
f 10056 10072 10057
f 10059 9731 9723
f 10074 9731 10059
f 9732 10075 10060
f 9732 10060 9725
f 10061 10060 10076
f 10076 10060 10075
f 10066 10077 10065
f 10065 10077 10067
f 10071 10078 9727
f 9727 10078 9733
f 9733 10079 9734
f 10078 10079 9733
f 9729 9734 10073
f 10073 9734 10079
f 10074 10080 9731
f 9731 10080 9736
f 9737 9736 10080
f 9737 10080 10081
f 10083 10082 10075
f 9732 10083 10075
f 9738 10083 9732
f 10075 10082 10076
f 10081 10084 9737
f 9737 10084 9740
f 9741 9740 10084
f 9741 10084 10085
f 9743 10083 9738
f 9743 10086 10083
f 10088 10087 9746
f 9746 10087 9745
f 9746 9741 10085
f 9746 10085 10088
f 10090 10089 9747
f 10090 9747 9748
f 9743 9747 10086
f 10086 9747 10089
f 10091 9749 9750
f 10092 10091 9750
f 9745 10092 9750
f 10087 10092 9745
f 9751 10090 9748
f 9751 10093 10090
f 10094 9753 10091
f 10091 9753 9749
f 10091 10092 10095
f 10091 10095 10094
f 10097 10096 9754
f 10097 9754 9755
f 9751 9754 10093
f 10093 9754 10096
f 10094 9756 9753
f 10099 10098 9757
f 10099 9757 9756
f 10095 10099 9756
f 10094 10095 9756
f 10101 10100 10098
f 10101 10098 10099
f 10103 10102 10100
f 10103 10100 10101
f 10104 10102 10103
f 10107 10106 10105
f 10109 10108 10105
f 10109 10105 10106
f 10110 10108 10109
f 10113 10112 10111
f 10115 10114 10111
f 10115 10111 10112
f 10116 10114 10115
f 10118 10117 9759
f 10118 9759 9760
f 9755 9759 10097
f 10097 9759 10117
f 10098 9761 9757
f 9761 10098 9764
f 9764 10098 10100
f 9764 10100 9766
f 9766 10100 10102
f 10120 10119 9767
f 10120 9767 9766
f 10104 10120 9766
f 10102 10104 9766
f 10122 10121 10119
f 10122 10119 10120
f 10121 10122 10107
f 10121 10107 10105
f 9770 10121 10105
f 9769 9770 10105
f 9769 10105 9772
f 9772 10105 10108
f 10124 10123 9773
f 10124 9773 9772
f 10110 10124 9772
f 10108 10110 9772
f 10126 10125 10123
f 10126 10123 10124
f 10127 10125 10126
f 10130 10129 10128
f 10132 10131 10128
f 10132 10128 10129
f 10131 10132 10113
f 10111 10131 10113
f 10133 10131 10111
f 10134 10111 10114
f 10133 10111 10134
f 10114 10116 10135
f 10114 10135 10134
f 10137 10136 9775
f 10137 9775 9776
f 9760 9775 10118
f 10118 9775 10136
f 10140 10139 10138
f 10142 10141 10138
f 10138 10141 10140
f 10142 10143 10141
f 10119 9779 9767
f 9779 10119 9780
f 9780 10119 10121
f 9780 10121 9770
f 10123 9782 9773
f 9782 10123 9784
f 9784 10123 10125
f 10145 10144 9785
f 10145 9785 9784
f 10127 10145 9784
f 10125 10127 9784
f 10146 10144 10145
f 10149 10148 10147
f 10147 10148 10130
f 10128 10147 10130
f 10150 10147 10128
f 10151 10128 10131
f 10150 10128 10151
f 10152 10131 10133
f 10151 10131 10152
f 9788 10152 9787
f 10152 10134 9787
f 10152 10133 10134
f 10154 10153 9789
f 10154 9789 9787
f 10135 10154 9787
f 10134 10135 9787
f 10155 10153 10154
f 9791 10137 9776
f 9791 10156 10137
f 10158 10157 9795
f 9795 10157 9794
f 10159 9795 9796
f 10159 10158 9795
f 10160 10138 9798
f 10138 10159 9798
f 10159 9796 9798
f 10138 10139 10159
f 10160 9800 9801
f 10142 10160 9801
f 10138 10160 10142
f 10162 10161 9802
f 9802 10161 9801
f 10161 10143 9801
f 10143 10142 9801
f 10162 10163 10161
f 10164 9805 10144
f 10144 9805 9785
f 10144 10146 10165
f 10166 10144 10165
f 10164 10144 10166
f 9807 9808 10166
f 10165 9807 10166
f 10167 9807 10165
f 9809 9807 10167
f 9809 10167 10168
f 10170 10169 9811
f 10170 9811 9812
f 10147 9814 10149
f 9814 10169 10149
f 9814 9811 10169
f 9814 10147 9816
f 9816 10147 10150
f 9816 10150 9817
f 10150 10171 9817
f 10150 10151 10171
f 9820 10171 9819
f 10171 10152 9819
f 10171 10151 10152
f 9819 10152 9788
f 10153 9822 9789
f 10173 10172 9824
f 10173 9824 9822
f 10155 10173 9822
f 10153 10155 9822
f 10172 10173 10174
f 10156 10176 10175
f 10176 10156 9825
f 9791 9825 10156
f 10176 10177 10175
f 10157 9827 9794
f 10178 9827 10157
f 9829 10160 9798
f 10160 9829 9800
f 9831 10162 9802
f 9831 9832 10162
f 9832 10163 10162
f 9832 10179 10163
f 10164 9834 9805
f 9834 10164 9836
f 9836 10164 10166
f 9836 10166 9808
f 10181 9837 10180
f 9837 10168 10180
f 9837 9809 10168
f 10182 10181 10180
f 10184 10183 9839
f 10184 9839 9840
f 9812 9839 10170
f 10170 9839 10183
f 10171 9842 9817
f 9842 10171 9820
f 10172 9844 9824
f 10172 10174 9844
f 10174 10185 9844
f 10176 9825 9844
f 10176 9844 10185
f 10176 10185 10177
f 9845 9827 10186
f 9827 10187 10186
f 9827 10178 10187
f 10186 9847 9845
f 9849 10189 10188
f 10179 9849 10188
f 9832 9849 10179
f 10191 10190 10189
f 10189 10190 10188
f 10191 10192 10190
f 10181 9850 9837
f 10194 10193 9852
f 10194 9852 9850
f 10182 10194 9850
f 10181 10182 9850
f 10196 10195 10193
f 10196 10193 10194
f 10198 10197 10195
f 10198 10195 10196
f 10198 10184 10197
f 10184 9853 10197
f 10184 9840 9853
f 10201 10200 10199
f 10201 10199 10187
f 10199 10186 10187
f 10199 10202 10186
f 10202 9855 9847
f 10202 9847 10186
f 9858 10203 10189
f 9858 10189 9849
f 10189 10204 10191
f 10189 10203 10204
f 10192 10191 10205
f 10205 10191 10204
f 10193 9860 9852
f 9860 10193 9862
f 9862 10193 10195
f 9862 10195 9864
f 9864 10195 10197
f 9864 10197 9853
f 10200 10206 10199
f 10208 10207 10206
f 10207 10199 10206
f 10207 10202 10199
f 10207 9866 9855
f 10207 9855 10202
f 9869 10209 9870
f 10203 9858 9870
f 10209 10203 9870
f 10210 10203 10209
f 10212 10204 10211
f 10204 10210 10211
f 10204 10203 10210
f 10204 10212 10205
f 10207 10208 10213
f 10213 10208 10214
f 10215 9871 9866
f 10207 10215 9866
f 10213 10215 10207
f 10216 9872 9871
f 10216 9871 10215
f 10217 9873 9872
f 10217 9872 10216
f 10209 9869 9873
f 10217 10209 9873
f 10218 10209 10217
f 10209 10219 10210
f 10209 10218 10219
f 10211 10210 10220
f 10220 10210 10219
f 10223 10222 10221
f 10223 10221 10214
f 10221 10213 10214
f 10221 10224 10213
f 10213 10225 10215
f 10213 10224 10225
f 10215 10226 10216
f 10215 10225 10226
f 10228 10217 10227
f 10217 10226 10227
f 10217 10216 10226
f 10217 10228 10218
f 10218 10228 10229
f 10218 10229 10219
f 10219 10229 10230
f 10219 10230 10220
f 10222 10231 10221
f 10233 10232 10231
f 10232 10221 10231
f 10232 10224 10221
f 10224 10234 10225
f 10224 10232 10234
f 10236 10226 10235
f 10226 10234 10235
f 10226 10225 10234
f 10226 10236 10227
f 10233 10237 10232
f 10232 10237 10234
f 10234 10237 10238
f 10234 10238 10235
f 10239 9887 9888
f 9889 10239 9888
f 10241 10240 9892
f 9892 10240 9891
f 10242 9892 9893
f 10242 10241 9892
f 10244 10243 9895
f 10243 9893 9895
f 10243 10242 9893
f 10246 10245 10244
f 10244 10245 10243
f 10246 10247 10245
f 10248 9901 9902
f 9903 10249 9902
f 9902 10249 10248
f 9904 10250 9903
f 9903 10250 10249
f 9905 10251 9904
f 9904 10251 10250
f 9906 10252 9905
f 9905 10252 10251
f 9907 10253 9906
f 9906 10253 10252
f 9908 10253 9907
f 10255 10254 9912
f 9912 10254 9911
f 9912 9887 10239
f 10256 9912 10239
f 10255 9912 10256
f 10256 10239 9889
f 9913 10256 9889
f 10257 10256 9913
f 10258 9913 9915
f 10258 10257 9913
f 9915 9891 10240
f 9915 10240 10258
f 9919 10259 10244
f 9919 10244 9895
f 10244 10260 10246
f 10244 10259 10260
f 10247 10246 10261
f 10246 10262 10261
f 10246 10260 10262
f 10264 10263 10262
f 10262 10263 10261
f 10264 10265 10263
f 10266 9925 9926
f 9927 10266 9926
f 10267 9930 9931
f 9901 10248 9931
f 10248 10267 9931
f 10248 10268 10267
f 10269 10248 10249
f 10268 10248 10269
f 10270 10249 10250
f 10269 10249 10270
f 10251 10272 10271
f 10270 10251 10271
f 10250 10251 10270
f 10272 10251 10252
f 10272 10252 10273
f 10273 10252 10253
f 10273 10253 10274
f 10274 10253 9908
f 9932 10274 9908
f 10275 10274 9932
f 10276 9932 9933
f 10276 10275 9932
f 9933 9911 10254
f 9933 10254 10276
f 9934 10259 9919
f 10259 9934 9936
f 10259 9936 10260
f 10260 9936 9938
f 10260 9938 10262
f 10262 9938 9940
f 10277 10262 9940
f 10264 10262 10277
f 10265 10264 10278
f 10278 10264 10277
f 10279 9943 9944
f 9946 10279 9944
f 10280 9948 9949
f 9950 10281 9949
f 9949 10281 10280
f 9951 10282 9950
f 9950 10282 10281
f 9952 10283 9951
f 9951 10283 10282
f 9953 10284 9952
f 9952 10284 10283
f 9925 10266 9953
f 10266 10284 9953
f 10266 10285 10284
f 9954 10286 9927
f 10286 10266 9927
f 10286 10285 10266
f 9955 10287 9954
f 9954 10287 10286
f 9930 10267 9955
f 10267 10287 9955
f 10267 10288 10287
f 10289 10267 10268
f 10288 10267 10289
f 10290 10268 10269
f 10289 10268 10290
f 10291 10269 10270
f 10290 10269 10291
f 10270 10271 10292
f 10270 10292 10291
f 9956 10277 9940
f 10294 10293 9957
f 9957 10293 9956
f 10293 10278 9956
f 10278 10277 9956
f 10296 10295 10294
f 10294 10295 10293
f 10296 10297 10295
f 10298 9959 9960
f 9961 10299 9960
f 9960 10299 10298
f 9943 10279 9961
f 10279 10299 9961
f 10279 10300 10299
f 9962 10301 9946
f 10301 10279 9946
f 10301 10300 10279
f 9963 10302 9962
f 9962 10302 10301
f 9948 10280 9963
f 10280 10302 9963
f 10280 10303 10302
f 10304 10280 10281
f 10303 10280 10304
f 10305 10281 10282
f 10304 10281 10305
f 10306 10282 10283
f 10305 10282 10306
f 10307 10283 10284
f 10306 10283 10307
f 10308 10284 10285
f 10307 10284 10308
f 10309 10285 10286
f 10308 10285 10309
f 10287 10311 10310
f 10309 10287 10310
f 10286 10287 10309
f 10311 10287 10288
f 10311 10288 10312
f 10312 10288 10289
f 10312 10289 10313
f 10313 10289 10290
f 10313 10290 10314
f 10314 10290 10291
f 10314 10291 10315
f 10315 10291 10292
f 9964 10294 9957
f 10294 9964 9966
f 10294 9966 10296
f 10316 10297 10296
f 9966 10316 10296
f 9968 10316 9966
f 10317 9968 9970
f 10317 10316 9968
f 10319 10318 9972
f 10318 9970 9972
f 10318 10317 9970
f 10321 10320 10319
f 10319 10320 10318
f 10321 10322 10320
f 10323 9973 9974
f 9959 10298 9974
f 10298 10323 9974
f 10298 10324 10323
f 10299 10326 10325
f 10324 10299 10325
f 10298 10299 10324
f 10326 10299 10300
f 10326 10300 10327
f 10327 10300 10301
f 10327 10301 10328
f 10328 10301 10302
f 10328 10302 10329
f 10329 10302 10303
f 10329 10303 10330
f 10330 10303 10304
f 10330 10304 10331
f 10331 10304 10305
f 10331 10305 10332
f 10332 10305 10306
f 10332 10306 10333
f 10333 10306 10307
f 10333 10307 10334
f 10336 10335 10334
f 10307 10336 10334
f 10308 10336 10307
f 10337 10308 10309
f 10336 10308 10337
f 10309 10310 10338
f 10309 10338 10337
f 9975 10319 9972
f 10319 9975 9977
f 10319 9977 10321
f 10339 10322 10321
f 9977 10339 10321
f 9979 10339 9977
f 9979 9981 10339
f 10339 9981 10340
f 10341 9983 9984
f 9985 10342 9984
f 9984 10342 10341
f 9973 10323 9985
f 10323 10342 9985
f 10323 10343 10342
f 10324 10345 10344
f 10343 10324 10344
f 10323 10324 10343
f 10345 10324 10325
f 10346 10335 10336
f 10346 10336 10337
f 10346 10337 10347
f 10347 10337 10338
f 9987 10349 10348
f 10340 9987 10348
f 9981 9987 10340
f 10349 10350 10348
f 10351 9988 9989
f 9983 10341 9989
f 10341 10351 9989
f 10341 10352 10351
f 10342 10354 10353
f 10352 10342 10353
f 10341 10342 10352
f 10354 10342 10343
f 10354 10343 10355
f 10355 10343 10344
f 9991 10356 10349
f 9991 10349 9987
f 10350 10349 10357
f 10357 10349 10356
f 10358 9992 10351
f 10351 9992 9988
f 10359 10351 10352
f 10358 10351 10359
f 10352 10353 10360
f 10352 10360 10359
f 9994 10356 9991
f 9994 9996 10356
f 9996 10357 10356
f 9996 10361 10357
f 10358 9997 9992
f 9997 10358 9999
f 10358 10362 9999
f 10358 10359 10362
f 10359 10360 10363
f 10359 10363 10362
f 10364 10361 9996
f 10364 9996 10000
f 10000 10002 10364
f 10364 10002 10365
f 10362 10003 9999
f 10004 10003 10362
f 10363 10004 10362
f 10366 10004 10363
f 10005 10368 10367
f 10365 10005 10367
f 10002 10005 10365
f 10368 10369 10367
f 10366 10006 10004
f 10370 10006 10366
f 10008 10368 10005
f 10008 10010 10368
f 10010 10369 10368
f 10010 10371 10369
f 10374 10373 10372
f 10376 10375 10372
f 10372 10375 10374
f 10370 10375 10376
f 10011 10370 10376
f 10006 10370 10011
f 10014 10371 10010
f 10014 10377 10371
f 10372 10373 10017
f 10373 10016 10017
f 10373 10378 10016
f 10372 10017 10018
f 10372 10018 10376
f 10376 10018 10011
f 10021 10377 10014
f 10021 10379 10377
f 10378 10022 10016
f 10380 10022 10378
f 10024 10379 10021
f 10024 10381 10379
f 10382 10026 10027
f 10383 10382 10027
f 10022 10383 10027
f 10380 10383 10022
f 10029 10381 10024
f 10029 10384 10381
f 10382 10030 10026
f 10031 10030 10382
f 10383 10031 10382
f 10385 10031 10383
f 10387 10386 10034
f 10387 10034 10035
f 10029 10034 10384
f 10384 10034 10386
f 10385 10388 10031
f 10031 10388 10036
f 10038 10036 10388
f 10038 10388 10389
f 10043 10387 10035
f 10043 10390 10387
f 10389 10391 10038
f 10038 10391 10044
f 10045 10044 10391
f 10045 10391 10392
f 10047 10393 10048
f 10393 10050 10048
f 10057 10394 10058
f 10394 10395 10058
f 10395 10043 10058
f 10395 10390 10043
f 10392 10059 10045
f 10396 10059 10392
f 10061 10397 10062
f 10397 10398 10062
f 10062 10398 10047
f 10398 10399 10047
f 10399 10393 10047
f 10399 10401 10400
f 10399 10400 10063
f 10393 10399 10063
f 10050 10393 10063
f 10402 10064 10063
f 10402 10063 10400
f 10402 10066 10064
f 10067 10403 10068
f 10404 10069 10068
f 10404 10068 10403
f 10405 10070 10069
f 10405 10069 10404
f 10405 10071 10070
f 10073 10406 10072
f 10394 10057 10072
f 10406 10394 10072
f 10407 10394 10406
f 10395 10394 10408
f 10408 10394 10407
f 10396 10074 10059
f 10409 10074 10396
f 10411 10410 10397
f 10061 10411 10397
f 10076 10411 10061
f 10397 10410 10398
f 10401 10412 10400
f 10414 10413 10412
f 10413 10400 10412
f 10413 10402 10400
f 10415 10077 10066
f 10402 10415 10066
f 10413 10415 10402
f 10403 10067 10077
f 10415 10403 10077
f 10416 10403 10415
f 10403 10417 10404
f 10403 10416 10417
f 10404 10418 10405
f 10404 10417 10418
f 10419 10078 10071
f 10405 10419 10071
f 10418 10419 10405
f 10078 10419 10420
f 10421 10078 10420
f 10079 10078 10421
f 10073 10079 10406
f 10079 10422 10406
f 10079 10421 10422
f 10406 10422 10407
f 10407 10422 10423
f 10407 10423 10408
f 10080 10074 10424
f 10074 10425 10424
f 10074 10409 10425
f 10424 10081 10080
f 10083 10426 10082
f 10426 10427 10082
f 10427 10076 10082
f 10427 10411 10076
f 10414 10428 10413
f 10413 10428 10415
f 10415 10428 10429
f 10415 10429 10416
f 10416 10429 10430
f 10416 10430 10417
f 10417 10430 10431
f 10417 10431 10418
f 10418 10431 10432
f 10418 10432 10419
f 10419 10432 10433
f 10419 10433 10420
f 10425 10434 10424
f 10434 10436 10435
f 10434 10435 10084
f 10424 10434 10084
f 10081 10424 10084
f 10435 10085 10084
f 10438 10437 10426
f 10083 10438 10426
f 10086 10438 10083
f 10426 10437 10427
f 10435 10436 10088
f 10436 10087 10088
f 10436 10439 10087
f 10435 10088 10085
f 10442 10441 10440
f 10089 10090 10440
f 10441 10089 10440
f 10443 10089 10441
f 10086 10089 10438
f 10438 10089 10443
f 10445 10092 10444
f 10092 10439 10444
f 10092 10087 10439
f 10446 10445 10444
f 10449 10448 10447
f 10451 10450 10447
f 10451 10447 10448
f 10452 10450 10451
f 10442 10440 10453
f 10442 10453 10454
f 10093 10453 10090
f 10090 10453 10440
f 10455 10095 10445
f 10445 10095 10092
f 10445 10446 10456
f 10457 10445 10456
f 10455 10445 10457
f 10459 10458 10457
f 10459 10457 10456
f 10460 10458 10459
f 10449 10447 10461
f 10449 10461 10462
f 10463 10447 10450
f 10461 10447 10463
f 10450 10452 10464
f 10450 10464 10463
f 10467 10466 10465
f 10469 10468 10465
f 10469 10465 10466
f 10471 10470 10468
f 10471 10468 10469
f 10472 10470 10471
f 10454 10453 10096
f 10097 10454 10096
f 10473 10454 10097
f 10096 10453 10093
f 10455 10099 10095
f 10099 10455 10101
f 10101 10455 10457
f 10101 10457 10103
f 10103 10457 10458
f 10475 10474 10104
f 10475 10104 10103
f 10460 10475 10103
f 10458 10460 10103
f 10477 10476 10474
f 10477 10474 10475
f 10476 10477 10462
f 10476 10462 10461
f 10107 10476 10461
f 10106 10107 10461
f 10106 10461 10109
f 10109 10461 10463
f 10479 10478 10110
f 10479 10110 10109
f 10464 10479 10109
f 10463 10464 10109
f 10481 10480 10478
f 10481 10478 10479
f 10482 10480 10481
f 10485 10484 10483
f 10487 10486 10483
f 10487 10483 10484
f 10112 10113 10486
f 10487 10112 10486
f 10488 10112 10487
f 10465 10115 10467
f 10115 10488 10467
f 10115 10112 10488
f 10115 10465 10116
f 10465 10489 10116
f 10465 10468 10489
f 10490 10468 10470
f 10489 10468 10490
f 10470 10472 10491
f 10492 10470 10491
f 10490 10470 10492
f 10117 10118 10492
f 10491 10117 10492
f 10493 10117 10491
f 10097 10117 10473
f 10473 10117 10493
f 10496 10495 10494
f 10498 10497 10494
f 10494 10497 10496
f 10500 10499 10498
f 10498 10499 10497
f 10500 10501 10499
f 10474 10120 10104
f 10120 10474 10122
f 10122 10474 10476
f 10122 10476 10107
f 10478 10124 10110
f 10124 10478 10126
f 10126 10478 10480
f 10503 10502 10127
f 10503 10127 10126
f 10482 10503 10126
f 10480 10482 10126
f 10505 10504 10502
f 10505 10502 10503
f 10506 10504 10505
f 10509 10508 10507
f 10507 10508 10485
f 10507 10485 10483
f 10130 10507 10483
f 10129 10130 10483
f 10129 10483 10132
f 10132 10483 10486
f 10132 10486 10113
f 10510 10135 10489
f 10489 10135 10116
f 10511 10489 10490
f 10510 10489 10511
f 10137 10511 10136
f 10511 10492 10136
f 10511 10490 10492
f 10136 10492 10118
f 10514 10513 10512
f 10514 10512 10495
f 10495 10512 10494
f 10512 10139 10494
f 10139 10140 10494
f 10494 10140 10141
f 10494 10141 10498
f 10498 10141 10143
f 10515 10498 10143
f 10500 10498 10515
f 10501 10500 10516
f 10500 10517 10516
f 10500 10515 10517
f 10517 10518 10516
f 10502 10145 10127
f 10145 10502 10146
f 10502 10519 10146
f 10502 10504 10519
f 10504 10506 10520
f 10521 10504 10520
f 10519 10504 10521
f 10522 10521 10520
f 10525 10524 10523
f 10523 10524 10509
f 10523 10509 10507
f 10149 10523 10507
f 10148 10149 10507
f 10148 10507 10130
f 10510 10154 10135
f 10154 10510 10155
f 10510 10526 10155
f 10510 10511 10526
f 10156 10526 10137
f 10137 10526 10511
f 10529 10528 10527
f 10531 10530 10527
f 10527 10530 10529
f 10157 10158 10531
f 10158 10530 10531
f 10158 10532 10530
f 10159 10512 10513
f 10532 10159 10513
f 10158 10159 10532
f 10512 10159 10139
f 10161 10515 10143
f 10515 10161 10163
f 10533 10515 10163
f 10517 10515 10533
f 10518 10517 10534
f 10517 10535 10534
f 10517 10533 10535
f 10535 10536 10534
f 10519 10165 10146
f 10165 10519 10167
f 10167 10519 10521
f 10538 10537 10168
f 10538 10168 10167
f 10522 10538 10167
f 10521 10522 10167
f 10540 10539 10537
f 10540 10537 10538
f 10541 10539 10540
f 10525 10523 10169
f 10170 10525 10169
f 10542 10525 10170
f 10169 10523 10149
f 10526 10173 10155
f 10174 10173 10543
f 10526 10543 10173
f 10543 10526 10544
f 10156 10544 10526
f 10544 10156 10175
f 10545 10527 10177
f 10527 10544 10177
f 10544 10175 10177
f 10527 10528 10544
f 10527 10546 10531
f 10527 10545 10546
f 10546 10178 10157
f 10546 10157 10531
f 10179 10547 10533
f 10179 10533 10163
f 10533 10548 10535
f 10533 10547 10548
f 10536 10535 10549
f 10535 10550 10549
f 10535 10548 10550
f 10550 10551 10549
f 10537 10180 10168
f 10180 10537 10182
f 10537 10552 10182
f 10537 10539 10552
f 10539 10541 10553
f 10554 10539 10553
f 10552 10539 10554
f 10556 10555 10554
f 10556 10554 10553
f 10183 10184 10555
f 10556 10183 10555
f 10557 10183 10556
f 10170 10183 10542
f 10542 10183 10557
f 10185 10174 10558
f 10174 10559 10558
f 10174 10543 10559
f 10545 10177 10185
f 10558 10545 10185
f 10560 10545 10558
f 10545 10561 10546
f 10545 10560 10561
f 10561 10187 10178
f 10561 10178 10546
f 10188 10547 10179
f 10547 10188 10190
f 10547 10190 10548
f 10548 10190 10192
f 10562 10548 10192
f 10550 10548 10562
f 10551 10550 10563
f 10550 10564 10563
f 10550 10562 10564
f 10564 10565 10563
f 10552 10194 10182
f 10194 10552 10196
f 10196 10552 10554
f 10196 10554 10198
f 10198 10554 10555
f 10198 10555 10184
f 10568 10567 10566
f 10568 10566 10559
f 10566 10558 10559
f 10566 10569 10558
f 10558 10570 10560
f 10558 10569 10570
f 10570 10200 10201
f 10561 10570 10201
f 10560 10570 10561
f 10561 10201 10187
f 10205 10571 10562
f 10205 10562 10192
f 10562 10572 10564
f 10562 10571 10572
f 10565 10564 10573
f 10573 10564 10572
f 10566 10567 10574
f 10574 10567 10575
f 10566 10576 10569
f 10566 10574 10576
f 10569 10577 10570
f 10569 10576 10577
f 10578 10206 10200
f 10570 10578 10200
f 10577 10578 10570
f 10578 10208 10206
f 10211 10579 10212
f 10571 10205 10212
f 10579 10571 10212
f 10580 10571 10579
f 10582 10572 10581
f 10572 10580 10581
f 10572 10571 10580
f 10572 10582 10573
f 10574 10575 10583
f 10583 10575 10584
f 10574 10585 10576
f 10574 10583 10585
f 10576 10586 10577
f 10576 10585 10586
f 10577 10587 10578
f 10577 10586 10587
f 10587 10214 10208
f 10587 10208 10578
f 10220 10588 10579
f 10220 10579 10211
f 10590 10580 10589
f 10580 10588 10589
f 10580 10579 10588
f 10580 10590 10581
f 10584 10591 10583
f 10583 10591 10585
f 10585 10591 10592
f 10585 10592 10586
f 10586 10592 10593
f 10594 10222 10223
f 10586 10594 10223
f 10587 10586 10223
f 10593 10594 10586
f 10587 10223 10214
f 10227 10595 10228
f 10596 10229 10228
f 10596 10228 10595
f 10597 10230 10229
f 10597 10229 10596
f 10597 10598 10230
f 10230 10598 10220
f 10598 10599 10220
f 10599 10588 10220
f 10588 10599 10589
f 10231 10222 10600
f 10222 10601 10600
f 10222 10594 10601
f 10600 10233 10231
f 10235 10602 10236
f 10595 10227 10236
f 10602 10595 10236
f 10603 10595 10602
f 10605 10596 10604
f 10596 10603 10604
f 10596 10595 10603
f 10596 10605 10597
f 10597 10605 10606
f 10597 10606 10598
f 10601 10607 10600
f 10607 10609 10608
f 10607 10608 10237
f 10600 10607 10237
f 10233 10600 10237
f 10610 10238 10237
f 10610 10237 10608
f 10602 10235 10238
f 10610 10602 10238
f 10611 10602 10610
f 10613 10603 10612
f 10603 10611 10612
f 10603 10602 10611
f 10603 10613 10604
f 10609 10614 10608
f 10608 10614 10610
f 10610 10614 10615
f 10610 10615 10611
f 10611 10615 10616
f 10611 10616 10612
f 10617 10240 10241
f 10617 10241 10618
f 10241 10619 10618
f 10241 10242 10619
f 10620 10242 10243
f 10620 10619 10242
f 10621 10243 10245
f 10621 10620 10243
f 10623 10622 10247
f 10622 10245 10247
f 10622 10621 10245
f 10625 10624 10623
f 10623 10624 10622
f 10625 10626 10624
f 10628 10627 10255
f 10255 10627 10254
f 10629 10255 10256
f 10629 10628 10255
f 10630 10256 10257
f 10630 10629 10256
f 10631 10257 10258
f 10631 10630 10257
f 10258 10240 10617
f 10632 10258 10617
f 10631 10258 10632
f 10632 10617 10618
f 10261 10623 10247
f 10623 10261 10263
f 10623 10263 10625
f 10263 10265 10625
f 10265 10626 10625
f 10265 10633 10626
f 10634 10271 10272
f 10273 10635 10272
f 10272 10635 10634
f 10274 10636 10273
f 10273 10636 10635
f 10275 10637 10274
f 10274 10637 10636
f 10637 10275 10638
f 10275 10639 10638
f 10275 10276 10639
f 10276 10254 10627
f 10276 10627 10639
f 10278 10641 10640
f 10633 10278 10640
f 10265 10278 10633
f 10643 10642 10641
f 10641 10642 10640
f 10645 10644 10643
f 10643 10644 10642
f 10645 10646 10644
f 10647 10292 10634
f 10634 10292 10271
f 10648 10634 10635
f 10647 10634 10648
f 10636 10650 10649
f 10648 10636 10649
f 10635 10636 10648
f 10650 10636 10637
f 10650 10637 10651
f 10651 10637 10638
f 10293 10641 10278
f 10641 10293 10295
f 10641 10295 10643
f 10643 10295 10297
f 10652 10643 10297
f 10645 10643 10652
f 10646 10645 10653
f 10645 10654 10653
f 10645 10652 10654
f 10656 10655 10654
f 10654 10655 10653
f 10656 10657 10655
f 10658 10310 10311
f 10312 10659 10311
f 10311 10659 10658
f 10313 10660 10312
f 10312 10660 10659
f 10314 10661 10313
f 10313 10661 10660
f 10315 10662 10314
f 10314 10662 10661
f 10292 10647 10315
f 10647 10662 10315
f 10647 10663 10662
f 10648 10665 10664
f 10663 10648 10664
f 10647 10648 10663
f 10665 10648 10649
f 10316 10652 10297
f 10652 10316 10317
f 10652 10317 10654
f 10654 10317 10318
f 10654 10318 10656
f 10666 10657 10656
f 10318 10666 10656
f 10320 10666 10318
f 10320 10322 10666
f 10666 10322 10667
f 10668 10325 10326
f 10327 10669 10326
f 10326 10669 10668
f 10328 10670 10327
f 10327 10670 10669
f 10329 10671 10328
f 10328 10671 10670
f 10330 10672 10329
f 10329 10672 10671
f 10331 10673 10330
f 10330 10673 10672
f 10332 10674 10331
f 10331 10674 10673
f 10333 10675 10332
f 10332 10675 10674
f 10334 10676 10333
f 10333 10676 10675
f 10335 10676 10334
f 10677 10338 10658
f 10658 10338 10310
f 10678 10658 10659
f 10677 10658 10678
f 10660 10680 10679
f 10678 10660 10679
f 10659 10660 10678
f 10680 10660 10661
f 10680 10661 10681
f 10681 10661 10662
f 10681 10662 10682
f 10682 10662 10663
f 10682 10663 10683
f 10683 10663 10664
f 10684 10667 10322
f 10684 10322 10339
f 10339 10340 10684
f 10684 10340 10685
f 10686 10344 10345
f 10325 10668 10345
f 10668 10686 10345
f 10668 10687 10686
f 10688 10668 10669
f 10687 10668 10688
f 10689 10669 10670
f 10688 10669 10689
f 10690 10670 10671
f 10689 10670 10690
f 10691 10671 10672
f 10690 10671 10691
f 10692 10672 10673
f 10691 10672 10692
f 10693 10673 10674
f 10692 10673 10693
f 10694 10674 10675
f 10693 10674 10694
f 10695 10675 10676
f 10694 10675 10695
f 10346 10696 10335
f 10696 10676 10335
f 10696 10695 10676
f 10347 10697 10346
f 10346 10697 10696
f 10338 10677 10347
f 10677 10697 10347
f 10677 10698 10697
f 10678 10700 10699
f 10698 10678 10699
f 10677 10678 10698
f 10700 10678 10679
f 10701 10685 10340
f 10701 10340 10348
f 10348 10350 10701
f 10701 10350 10702
f 10703 10353 10354
f 10355 10704 10354
f 10354 10704 10703
f 10344 10686 10355
f 10686 10704 10355
f 10686 10705 10704
f 10687 10707 10706
f 10705 10687 10706
f 10686 10687 10705
f 10707 10687 10688
f 10707 10688 10708
f 10710 10709 10708
f 10688 10710 10708
f 10689 10710 10688
f 10711 10689 10690
f 10710 10689 10711
f 10712 10690 10691
f 10711 10690 10712
f 10713 10691 10692
f 10712 10691 10713
f 10714 10692 10693
f 10713 10692 10714
f 10715 10693 10694
f 10714 10693 10715
f 10716 10694 10695
f 10715 10694 10716
f 10717 10695 10696
f 10716 10695 10717
f 10718 10696 10697
f 10717 10696 10718
f 10698 10720 10719
f 10718 10698 10719
f 10697 10698 10718
f 10720 10698 10699
f 10357 10722 10721
f 10702 10357 10721
f 10350 10357 10702
f 10722 10723 10721
f 10724 10360 10703
f 10703 10360 10353
f 10704 10726 10725
f 10724 10704 10725
f 10703 10704 10724
f 10726 10704 10705
f 10726 10705 10727
f 10727 10705 10706
f 10709 10710 10728
f 10709 10728 10729
f 10730 10710 10711
f 10728 10710 10730
f 10712 10732 10731
f 10730 10712 10731
f 10711 10712 10730
f 10732 10712 10713
f 10732 10713 10733
f 10733 10713 10714
f 10733 10714 10734
f 10734 10714 10715
f 10734 10715 10735
f 10737 10736 10735
f 10715 10737 10735
f 10716 10737 10715
f 10717 10739 10738
f 10737 10717 10738
f 10716 10717 10737
f 10739 10717 10718
f 10739 10718 10740
f 10740 10718 10719
f 10361 10741 10722
f 10361 10722 10357
f 10723 10722 10742
f 10742 10722 10741
f 10743 10363 10724
f 10724 10363 10360
f 10724 10725 10744
f 10724 10744 10743
f 10745 10729 10728
f 10745 10728 10730
f 10745 10730 10746
f 10746 10730 10731
f 10747 10736 10737
f 10747 10737 10738
f 10364 10741 10361
f 10364 10365 10741
f 10365 10742 10741
f 10365 10748 10742
f 10749 10366 10743
f 10743 10366 10363
f 10743 10744 10750
f 10751 10743 10750
f 10749 10743 10751
f 10752 10751 10750
f 10753 10748 10365
f 10753 10365 10367
f 10367 10369 10753
f 10753 10369 10754
f 10755 10370 10749
f 10749 10370 10366
f 10756 10749 10751
f 10755 10749 10756
f 10751 10752 10757
f 10751 10757 10756
f 10371 10759 10758
f 10754 10371 10758
f 10369 10371 10754
f 10759 10760 10758
f 10761 10373 10374
f 10761 10374 10762
f 10374 10763 10762
f 10374 10375 10763
f 10375 10370 10755
f 10764 10375 10755
f 10763 10375 10764
f 10764 10755 10756
f 10764 10756 10765
f 10765 10756 10757
f 10377 10766 10759
f 10377 10759 10371
f 10760 10759 10767
f 10767 10759 10766
f 10769 10768 10761
f 10768 10373 10761
f 10768 10378 10373
f 10769 10761 10762
f 10771 10770 10766
f 10377 10771 10766
f 10379 10771 10377
f 10766 10770 10767
f 10773 10380 10772
f 10380 10768 10772
f 10380 10378 10768
f 10774 10773 10772
f 10381 10771 10379
f 10381 10775 10771
f 10776 10383 10773
f 10773 10383 10380
f 10773 10774 10777
f 10773 10777 10776
f 10384 10775 10381
f 10384 10778 10775
f 10779 10385 10776
f 10776 10385 10383
f 10776 10777 10780
f 10776 10780 10779
f 10387 10781 10386
f 10781 10782 10386
f 10782 10384 10386
f 10782 10778 10384
f 10779 10388 10385
f 10389 10388 10779
f 10780 10389 10779
f 10783 10389 10780
f 10785 10784 10781
f 10387 10785 10781
f 10390 10785 10387
f 10781 10784 10782
f 10783 10786 10389
f 10389 10786 10391
f 10392 10391 10786
f 10392 10786 10787
f 10395 10785 10390
f 10395 10788 10785
f 10787 10396 10392
f 10789 10396 10787
f 10398 10790 10399
f 10790 10401 10399
f 10408 10792 10791
f 10788 10408 10791
f 10395 10408 10788
f 10792 10793 10791
f 10789 10409 10396
f 10794 10409 10789
f 10411 10795 10410
f 10790 10398 10410
f 10795 10790 10410
f 10796 10790 10795
f 10797 10412 10401
f 10790 10797 10401
f 10796 10797 10790
f 10797 10414 10412
f 10420 10798 10421
f 10421 10798 10799
f 10800 10421 10799
f 10422 10421 10800
f 10422 10801 10423
f 10800 10801 10422
f 10408 10423 10792
f 10423 10802 10792
f 10423 10801 10802
f 10792 10802 10793
f 10804 10425 10803
f 10425 10794 10803
f 10425 10409 10794
f 10806 10805 10804
f 10806 10804 10803
f 10807 10805 10806
f 10809 10808 10795
f 10411 10809 10795
f 10427 10809 10411
f 10795 10808 10796
f 10796 10808 10810
f 10812 10811 10810
f 10811 10796 10810
f 10811 10797 10796
f 10813 10428 10414
f 10797 10813 10414
f 10811 10813 10797
f 10814 10429 10428
f 10814 10428 10813
f 10815 10430 10429
f 10815 10429 10814
f 10816 10431 10430
f 10816 10430 10815
f 10817 10432 10431
f 10817 10431 10816
f 10432 10817 10818
f 10819 10432 10818
f 10433 10432 10819
f 10420 10433 10798
f 10433 10820 10798
f 10433 10819 10820
f 10798 10820 10799
f 10823 10822 10821
f 10821 10824 10823
f 10804 10434 10425
f 10434 10804 10436
f 10804 10825 10436
f 10804 10805 10825
f 10805 10807 10826
f 10805 10826 10825
f 10829 10828 10827
f 10830 10827 10828
f 10833 10832 10831
f 10835 10834 10831
f 10835 10831 10832
f 10836 10834 10835
f 10838 10837 10437
f 10838 10437 10438
f 10427 10437 10809
f 10809 10437 10837
f 10812 10839 10811
f 10811 10839 10813
f 10813 10839 10840
f 10813 10840 10814
f 10814 10840 10841
f 10814 10841 10815
f 10815 10841 10842
f 10815 10842 10816
f 10816 10842 10843
f 10816 10843 10817
f 10817 10843 10844
f 10817 10844 10818
f 10821 10822 10845
f 10845 10822 10846
f 10824 10821 10847
f 10847 10821 10845
f 10848 10439 10825
f 10825 10439 10436
f 10825 10826 10849
f 10850 10825 10849
f 10848 10825 10850
f 10850 10849 10829
f 10827 10850 10829
f 10851 10850 10827
f 10827 10830 10852
f 10853 10827 10852
f 10851 10827 10853
f 10855 10854 10853
f 10855 10853 10852
f 10854 10855 10833
f 10831 10854 10833
f 10856 10854 10831
f 10857 10831 10834
f 10856 10831 10857
f 10834 10836 10858
f 10834 10858 10857
f 10861 10860 10859
f 10441 10442 10859
f 10860 10441 10859
f 10862 10441 10860
f 10441 10863 10443
f 10862 10863 10441
f 10438 10443 10838
f 10838 10443 10863
f 10845 10846 10864
f 10864 10846 10865
f 10847 10845 10866
f 10866 10845 10864
f 10848 10444 10439
f 10444 10848 10446
f 10848 10867 10446
f 10848 10850 10867
f 10868 10850 10851
f 10867 10850 10868
f 10869 10851 10853
f 10868 10851 10869
f 10870 10853 10854
f 10869 10853 10870
f 10449 10870 10448
f 10870 10856 10448
f 10870 10854 10856
f 10448 10856 10451
f 10451 10856 10857
f 10872 10871 10452
f 10872 10452 10451
f 10858 10872 10451
f 10857 10858 10451
f 10874 10873 10871
f 10874 10871 10872
f 10875 10873 10874
f 10861 10859 10876
f 10861 10876 10877
f 10454 10876 10442
f 10442 10876 10859
f 10865 10878 10864
f 10864 10878 10866
f 10867 10456 10446
f 10456 10867 10459
f 10459 10867 10868
f 10459 10868 10460
f 10868 10879 10460
f 10868 10869 10879
f 10880 10869 10870
f 10879 10869 10880
f 10462 10880 10449
f 10449 10880 10870
f 10881 10464 10871
f 10871 10464 10452
f 10882 10871 10873
f 10881 10871 10882
f 10873 10875 10883
f 10884 10873 10883
f 10882 10873 10884
f 10886 10885 10884
f 10886 10884 10883
f 10887 10885 10886
f 10889 10888 10466
f 10889 10466 10467
f 10466 10890 10469
f 10888 10890 10466
f 10469 10891 10471
f 10890 10891 10469
f 10893 10892 10472
f 10471 10893 10472
f 10891 10893 10471
f 10892 10893 10877
f 10876 10892 10877
f 10894 10892 10876
f 10473 10894 10454
f 10454 10894 10876
f 10897 10896 10895
f 10899 10898 10895
f 10895 10898 10897
f 10899 10900 10898
f 10879 10475 10460
f 10475 10879 10477
f 10477 10879 10880
f 10477 10880 10462
f 10881 10479 10464
f 10479 10881 10481
f 10481 10881 10882
f 10481 10882 10482
f 10882 10901 10482
f 10882 10884 10901
f 10902 10884 10885
f 10901 10884 10902
f 10885 10887 10903
f 10904 10885 10903
f 10902 10885 10904
f 10905 10904 10903
f 10907 10906 10484
f 10907 10484 10485
f 10484 10908 10487
f 10906 10908 10484
f 10487 10909 10488
f 10908 10909 10487
f 10467 10488 10889
f 10889 10488 10909
f 10892 10491 10472
f 10491 10892 10493
f 10493 10892 10894
f 10493 10894 10473
f 10912 10911 10910
f 10912 10910 10896
f 10896 10910 10895
f 10910 10495 10895
f 10495 10496 10895
f 10895 10496 10497
f 10895 10497 10899
f 10913 10900 10899
f 10497 10913 10899
f 10499 10913 10497
f 10915 10914 10501
f 10914 10499 10501
f 10914 10913 10499
f 10917 10916 10915
f 10915 10916 10914
f 10917 10918 10916
f 10901 10503 10482
f 10503 10901 10505
f 10505 10901 10902
f 10505 10902 10506
f 10902 10919 10506
f 10902 10904 10919
f 10904 10905 10920
f 10921 10904 10920
f 10919 10904 10921
f 10922 10921 10920
f 10925 10924 10923
f 10508 10509 10923
f 10924 10508 10923
f 10926 10508 10924
f 10485 10508 10907
f 10907 10508 10926
f 10929 10928 10927
f 10931 10930 10927
f 10927 10930 10929
f 10930 10931 10911
f 10911 10931 10910
f 10931 10513 10910
f 10513 10514 10910
f 10910 10514 10495
f 10516 10915 10501
f 10915 10516 10518
f 10932 10915 10518
f 10917 10915 10932
f 10918 10917 10933
f 10917 10934 10933
f 10917 10932 10934
f 10936 10935 10934
f 10934 10935 10933
f 10936 10937 10935
f 10919 10520 10506
f 10520 10919 10522
f 10919 10938 10522
f 10919 10921 10938
f 10921 10922 10939
f 10940 10921 10939
f 10938 10921 10940
f 10942 10941 10940
f 10942 10940 10939
f 10943 10941 10942
f 10946 10945 10944
f 10944 10945 10925
f 10944 10925 10923
f 10525 10944 10923
f 10524 10525 10923
f 10524 10923 10509
f 10949 10948 10947
f 10528 10529 10947
f 10529 10949 10947
f 10529 10950 10949
f 10530 10927 10928
f 10950 10530 10928
f 10529 10530 10950
f 10927 10530 10532
f 10927 10532 10931
f 10931 10532 10513
f 10534 10932 10518
f 10932 10534 10536
f 10951 10932 10536
f 10934 10932 10951
f 10934 10952 10936
f 10934 10951 10952
f 10937 10936 10953
f 10953 10936 10952
f 10938 10538 10522
f 10538 10938 10540
f 10540 10938 10940
f 10540 10940 10541
f 10940 10954 10541
f 10940 10941 10954
f 10941 10943 10955
f 10956 10941 10955
f 10954 10941 10956
f 10956 10955 10946
f 10944 10956 10946
f 10957 10956 10944
f 10542 10957 10525
f 10525 10957 10944
f 10947 10948 10544
f 10948 10543 10544
f 10948 10958 10543
f 10947 10544 10528
f 10549 10951 10536
f 10951 10549 10551
f 10959 10951 10551
f 10952 10951 10959
f 10953 10952 10960
f 10960 10952 10959
f 10954 10553 10541
f 10553 10954 10556
f 10556 10954 10956
f 10556 10956 10557
f 10557 10956 10957
f 10557 10957 10542
f 10958 10559 10543
f 10961 10559 10958
f 10563 10959 10551
f 10563 10565 10959
f 10565 10960 10959
f 10565 10962 10960
f 10963 10567 10568
f 10964 10963 10568
f 10559 10964 10568
f 10961 10964 10559
f 10573 10962 10565
f 10573 10965 10962
f 10967 10966 10963
f 10966 10567 10963
f 10966 10575 10567
f 10967 10963 10964
f 10581 10968 10582
f 10968 10969 10582
f 10969 10573 10582
f 10969 10965 10573
f 10966 10584 10575
f 10970 10584 10966
f 10972 10971 10590
f 10972 10590 10589
f 10581 10590 10968
f 10590 10973 10968
f 10590 10971 10973
f 10968 10973 10969
f 10970 10974 10584
f 10584 10974 10591
f 10974 10976 10975
f 10592 10974 10975
f 10591 10974 10592
f 10592 10975 10977
f 10978 10592 10977
f 10593 10592 10978
f 10594 10593 10978
f 10594 10978 10979
f 10598 10980 10599
f 10980 10981 10599
f 10981 10589 10599
f 10981 10972 10589
f 10976 10982 10975
f 10975 10982 10977
f 10984 10601 10983
f 10601 10979 10983
f 10601 10594 10979
f 10985 10984 10983
f 10987 10986 10605
f 10987 10605 10604
f 10605 10988 10606
f 10986 10988 10605
f 10598 10606 10980
f 10606 10989 10980
f 10606 10988 10989
f 10980 10989 10981
f 10984 10607 10601
f 10609 10607 10984
f 10985 10609 10984
f 10990 10609 10985
f 10992 10991 10613
f 10992 10613 10612
f 10604 10613 10987
f 10987 10613 10991
f 10990 10993 10609
f 10609 10993 10614
f 10614 10994 10615
f 10993 10994 10614
f 10615 10995 10616
f 10994 10995 10615
f 10612 10616 10992
f 10992 10616 10995
f 10998 10997 10996
f 10618 10619 10996
f 10619 10998 10996
f 10619 10999 10998
f 11000 10619 10620
f 11000 10999 10619
f 11001 10620 10621
f 11001 11000 10620
f 11002 10621 10622
f 11002 11001 10621
f 11003 10622 10624
f 11003 11002 10622
f 11005 11004 10626
f 11004 10624 10626
f 11004 11003 10624
f 11005 11006 11004
f 11007 10627 10628
f 11007 10628 11008
f 10628 11009 11008
f 10628 10629 11009
f 11010 10629 10630
f 11010 11009 10629
f 11011 10630 10631
f 11011 11010 10630
f 10632 10996 10997
f 11011 10632 10997
f 10631 10632 11011
f 10996 10632 10618
f 10633 11012 11005
f 10633 11005 10626
f 11006 11005 11013
f 11005 11014 11013
f 11005 11012 11014
f 11014 11015 11013
f 11017 11016 10639
f 10639 11016 10638
f 10639 10627 11007
f 11018 10639 11007
f 11017 10639 11018
f 11018 11007 11008
f 10640 11012 10633
f 11012 10640 10642
f 11012 10642 11014
f 11019 11015 11014
f 10642 11019 11014
f 10644 11019 10642
f 11021 11020 10646
f 11020 10644 10646
f 11020 11019 10644
f 11021 11022 11020
f 11024 11023 10650
f 10650 11023 10649
f 11025 10650 10651
f 11025 11024 10650
f 10651 10638 11016
f 10651 11016 11025
f 10653 11021 10646
f 11026 11022 11021
f 10653 11026 11021
f 10655 11026 10653
f 11028 11027 10657
f 11027 10655 10657
f 11027 11026 10655
f 11028 11029 11027
f 11031 11030 10665
f 10665 11030 10664
f 10665 10649 11023
f 10665 11023 11031
f 10666 11028 10657
f 11033 11032 10667
f 10667 11032 10666
f 11032 11029 10666
f 11029 11028 10666
f 11033 11034 11032
f 11035 10679 10680
f 10681 11036 10680
f 10680 11036 11035
f 10682 11037 10681
f 10681 11037 11036
f 11037 10682 11038
f 10682 11039 11038
f 10682 10683 11039
f 10683 10664 11030
f 10683 11030 11039
f 10684 11033 10667
f 11041 11040 10685
f 10685 11040 10684
f 11040 11034 10684
f 11034 11033 10684
f 11041 11042 11040
f 11043 10699 10700
f 10679 11035 10700
f 11035 11043 10700
f 11035 11044 11043
f 11045 11035 11036
f 11044 11035 11045
f 11037 11047 11046
f 11045 11037 11046
f 11036 11037 11045
f 11047 11037 11038
f 10701 11041 10685
f 11049 11048 10702
f 10702 11048 10701
f 11048 11042 10701
f 11042 11041 10701
f 11049 11050 11048
f 11051 10706 10707
f 10708 11052 10707
f 10707 11052 11051
f 10709 11052 10708
f 11053 10719 10720
f 10699 11043 10720
f 11043 11053 10720
f 11043 11054 11053
f 11044 11056 11055
f 11054 11044 11055
f 11043 11044 11054
f 11056 11044 11045
f 11056 11045 11057
f 11057 11045 11046
f 10721 11049 10702
f 10721 10723 11049
f 10723 11050 11049
f 10723 11058 11050
f 11059 10725 10726
f 10727 11060 10726
f 10726 11060 11059
f 10706 11051 10727
f 11051 11060 10727
f 11051 11061 11060
f 11062 11051 11052
f 11061 11051 11062
f 10729 11062 10709
f 10709 11062 11052
f 11063 10731 10732
f 10733 11064 10732
f 10732 11064 11063
f 10734 11065 10733
f 10733 11065 11064
f 10735 11066 10734
f 10734 11066 11065
f 10736 11066 10735
f 11067 10738 10739
f 10740 11068 10739
f 10739 11068 11067
f 10719 11053 10740
f 11053 11068 10740
f 11053 11069 11068
f 11070 11053 11054
f 11069 11053 11070
f 11054 11055 11071
f 11054 11071 11070
f 10742 11058 10723
f 10742 11072 11058
f 11073 10744 11059
f 11059 10744 10725
f 11074 11059 11060
f 11073 11059 11074
f 11075 11060 11061
f 11074 11060 11075
f 11076 11061 11062
f 11075 11061 11076
f 10745 11077 10729
f 11077 11062 10729
f 11077 11076 11062
f 10746 11078 10745
f 10745 11078 11077
f 10731 11063 10746
f 11063 11078 10746
f 11063 11079 11078
f 11080 11063 11064
f 11079 11063 11080
f 11081 11064 11065
f 11080 11064 11081
f 11082 11065 11066
f 11081 11065 11082
f 10747 11083 10736
f 11083 11066 10736
f 11083 11082 11066
f 10738 11067 10747
f 11067 11083 10747
f 11067 11084 11083
f 11085 11067 11068
f 11084 11067 11085
f 11069 11087 11086
f 11085 11069 11086
f 11068 11069 11085
f 11087 11069 11070
f 11087 11070 11088
f 11088 11070 11071
f 10748 11090 11089
f 11072 10748 11089
f 10742 10748 11072
f 11090 11091 11089
f 11073 10750 10744
f 10750 11073 10752
f 11073 11092 10752
f 11073 11074 11092
f 11093 11074 11075
f 11092 11074 11093
f 11094 11075 11076
f 11093 11075 11094
f 11095 11076 11077
f 11094 11076 11095
f 11096 11077 11078
f 11095 11077 11096
f 11097 11078 11079
f 11096 11078 11097
f 11098 11079 11080
f 11097 11079 11098
f 11099 11080 11081
f 11098 11080 11099
f 11100 11081 11082
f 11099 11081 11100
f 11101 11082 11083
f 11100 11082 11101
f 11102 11083 11084
f 11101 11083 11102
f 11103 11084 11085
f 11102 11084 11103
f 11085 11086 11104
f 11085 11104 11103
f 10753 11090 10748
f 10753 10754 11090
f 10754 11091 11090
f 10754 11105 11091
f 11106 10757 11092
f 11092 10757 10752
f 11107 11092 11093
f 11106 11092 11107
f 11108 11093 11094
f 11107 11093 11108
f 11109 11094 11095
f 11108 11094 11109
f 11110 11095 11096
f 11109 11095 11110
f 11111 11096 11097
f 11110 11096 11111
f 11112 11097 11098
f 11111 11097 11112
f 11113 11098 11099
f 11112 11098 11113
f 11114 11099 11100
f 11113 11099 11114
f 11115 11100 11101
f 11114 11100 11115
f 11102 11117 11116
f 11115 11102 11116
f 11101 11102 11115
f 11117 11102 11103
f 11117 11103 11118
f 11118 11103 11104
f 11119 11105 10754
f 11119 10754 10758
f 10758 10760 11119
f 11119 10760 11120
f 11121 10762 10763
f 10764 11122 10763
f 10763 11122 11121
f 10765 11123 10764
f 10764 11123 11122
f 10757 11106 10765
f 11106 11123 10765
f 11106 11124 11123
f 11125 11106 11107
f 11124 11106 11125
f 11126 11107 11108
f 11125 11107 11126
f 11127 11108 11109
f 11126 11108 11127
f 11128 11109 11110
f 11127 11109 11128
f 11111 11130 11129
f 11128 11111 11129
f 11110 11111 11128
f 11130 11111 11112
f 11130 11112 11131
f 11133 11132 11131
f 11112 11133 11131
f 11113 11133 11112
f 11134 11113 11114
f 11133 11113 11134
f 11135 11114 11115
f 11134 11114 11135
f 11115 11116 11136
f 11115 11136 11135
f 10767 11120 10760
f 10767 11137 11120
f 11138 10768 10769
f 10762 11121 10769
f 11121 11138 10769
f 11121 11139 11138
f 11122 11141 11140
f 11139 11122 11140
f 11121 11122 11139
f 11141 11122 11123
f 11141 11123 11142
f 11142 11123 11124
f 11142 11124 11143
f 11145 11144 11143
f 11124 11145 11143
f 11125 11145 11124
f 11146 11125 11126
f 11145 11125 11146
f 11147 11126 11127
f 11146 11126 11147
f 11148 11127 11128
f 11147 11127 11148
f 11128 11129 11149
f 11128 11149 11148
f 11132 11133 11150
f 11132 11150 11151
f 11152 11133 11134
f 11150 11133 11152
f 11135 11154 11153
f 11152 11135 11153
f 11134 11135 11152
f 11154 11135 11136
f 11156 11155 10770
f 11156 10770 10771
f 10767 10770 11137
f 11137 10770 11155
f 11138 10772 10768
f 10772 11138 10774
f 11138 11157 10774
f 11138 11139 11157
f 11139 11140 11158
f 11139 11158 11157
f 11159 11144 11145
f 11159 11145 11146
f 11159 11146 11160
f 11162 11161 11160
f 11146 11162 11160
f 11147 11162 11146
f 11163 11147 11148
f 11162 11147 11163
f 11148 11149 11164
f 11148 11164 11163
f 11165 11151 11150
f 11165 11150 11152
f 11165 11152 11166
f 11166 11152 11153
f 10775 11156 10771
f 10775 11167 11156
f 11168 10777 11157
f 11157 10777 10774
f 11157 11158 11169
f 11157 11169 11168
f 11170 11161 11162
f 11170 11162 11163
f 11170 11163 11171
f 11171 11163 11164
f 10778 11167 10775
f 10778 11172 11167
f 11173 10780 11168
f 11168 10780 10777
f 11168 11169 11174
f 11168 11174 11173
f 10782 11172 10778
f 10782 11175 11172
f 11176 10783 11173
f 11173 10783 10780
f 11173 11174 11177
f 11173 11177 11176
f 11179 11178 10784
f 11179 10784 10785
f 10782 10784 11175
f 11175 10784 11178
f 11176 10786 10783
f 11181 11180 10787
f 11181 10787 10786
f 11177 11181 10786
f 11176 11177 10786
f 11182 11180 11181
f 11185 11184 11183
f 11187 11186 11183
f 11187 11183 11184
f 11188 11186 11187
f 10788 11179 10785
f 10788 11189 11179
f 11190 10789 11180
f 11180 10789 10787
f 11180 11182 11191
f 11192 11180 11191
f 11190 11180 11192
f 11194 11193 11192
f 11194 11192 11191
f 11196 11195 11193
f 11196 11193 11194
f 11198 11197 11195
f 11198 11195 11196
f 11200 11199 11197
f 11200 11197 11198
f 11202 11201 11199
f 11202 11199 11200
f 11201 11202 11185
f 11183 11201 11185
f 11203 11201 11183
f 11204 11183 11186
f 11203 11183 11204
f 11186 11188 11205
f 11186 11205 11204
f 11206 11189 10788
f 11206 10788 10791
f 10791 10793 11206
f 11206 10793 11207
f 11208 10794 11190
f 11190 10794 10789
f 11209 11190 11192
f 11208 11190 11209
f 11210 11192 11193
f 11209 11192 11210
f 11211 11193 11195
f 11210 11193 11211
f 11212 11195 11197
f 11211 11195 11212
f 11213 11197 11199
f 11212 11197 11213
f 11214 11199 11201
f 11213 11199 11214
f 11215 11201 11203
f 11214 11201 11215
f 11216 11203 11204
f 11215 11203 11216
f 11204 11205 11217
f 11204 11217 11216
f 10799 11218 10800
f 11219 10801 10800
f 11219 10800 11218
f 11220 10802 10801
f 11220 10801 11219
f 11220 11221 10802
f 11221 10793 10802
f 11221 11207 10793
f 11208 10803 10794
f 10803 11208 10806
f 10806 11208 11209
f 10806 11209 10807
f 11209 11222 10807
f 11209 11210 11222
f 11223 11210 11211
f 11222 11210 11223
f 11224 11211 11212
f 11223 11211 11224
f 11225 11212 11213
f 11224 11212 11225
f 11226 11213 11214
f 11225 11213 11226
f 11227 11214 11215
f 11226 11214 11227
f 11228 11215 11216
f 11227 11215 11228
f 11216 11217 11229
f 11216 11229 11228
f 10809 11230 10808
f 11231 10810 10808
f 11231 10808 11230
f 11231 10812 10810
f 10818 11232 10819
f 10819 11232 11233
f 11234 10819 11233
f 10820 10819 11234
f 10799 10820 11218
f 10820 11235 11218
f 10820 11234 11235
f 11236 10822 10823
f 11218 11236 10823
f 11219 11218 10823
f 11235 11236 11218
f 11220 11219 11237
f 11219 10824 11237
f 10824 11238 11237
f 10824 11219 10823
f 11220 11237 11221
f 11239 10826 11222
f 11222 10826 10807
f 10829 11239 10828
f 11239 11223 10828
f 11239 11222 11223
f 10828 11223 10830
f 11223 11240 10830
f 11223 11224 11240
f 11241 11224 11225
f 11240 11224 11241
f 10833 11241 10832
f 11241 11226 10832
f 11241 11225 11226
f 10832 11226 10835
f 10835 11226 11227
f 10835 11227 10836
f 11227 11242 10836
f 11227 11228 11242
f 11228 11229 11243
f 11228 11243 11242
f 10838 11244 10837
f 11244 11245 10837
f 10837 11245 10809
f 11245 11246 10809
f 11246 11230 10809
f 11248 11247 11246
f 11247 11230 11246
f 11247 11231 11230
f 11231 11247 10812
f 11247 11249 10812
f 11249 10839 10812
f 11247 11250 11249
f 10839 11251 10840
f 11249 11251 10839
f 11251 11253 11252
f 10841 11251 11252
f 10840 11251 10841
f 11254 10842 10841
f 11254 10841 11252
f 11255 10843 10842
f 11255 10842 11254
f 10843 11255 11256
f 11257 10843 11256
f 10844 10843 11257
f 10818 10844 11232
f 10844 11258 11232
f 10844 11257 11258
f 11232 11258 11233
f 11236 10846 10822
f 11259 10846 11236
f 10847 11238 10824
f 10847 11260 11238
f 11239 10849 10826
f 10849 11239 10829
f 11240 10852 10830
f 10852 11240 10855
f 10855 11240 11241
f 10855 11241 10833
f 11261 10858 11242
f 11242 10858 10836
f 11242 11243 11262
f 11263 11242 11262
f 11261 11242 11263
f 11265 11264 11263
f 11265 11263 11262
f 11266 11264 11265
f 11269 11268 11267
f 11270 11267 11268
f 11272 11271 10860
f 11272 10860 10861
f 10860 11273 10862
f 11271 11273 10860
f 10862 11274 10863
f 11273 11274 10862
f 10838 10863 11244
f 10863 11275 11244
f 10863 11274 11275
f 11244 11275 11245
f 11248 11276 11247
f 11247 11276 11250
f 11252 11253 11277
f 11277 11253 11278
f 11252 11279 11254
f 11252 11277 11279
f 11281 11255 11280
f 11255 11279 11280
f 11255 11254 11279
f 11255 11281 11256
f 11283 10865 11282
f 10865 11259 11282
f 10865 10846 11259
f 11282 11260 11283
f 11260 10866 11283
f 11260 10847 10866
f 11261 10872 10858
f 10872 11261 10874
f 10874 11261 11263
f 10874 11263 10875
f 11263 11284 10875
f 11263 11264 11284
f 11264 11266 11285
f 11286 11264 11285
f 11284 11264 11286
f 11287 11286 11285
f 11290 11289 11288
f 11288 11289 11269
f 11267 11288 11269
f 11291 11288 11267
f 11267 11270 11292
f 11293 11267 11292
f 11291 11267 11293
f 11295 11294 11293
f 11295 11293 11292
f 11295 11272 11294
f 11272 10877 11294
f 11272 10861 10877
f 11277 11278 11296
f 11296 11278 11297
f 11277 11298 11279
f 11277 11296 11298
f 11280 11279 11299
f 11299 11279 11298
f 11283 10878 10865
f 10878 11283 10866
f 11284 10883 10875
f 10883 11284 10886
f 10886 11284 11286
f 11301 11300 10887
f 11301 10887 10886
f 11287 11301 10886
f 11286 11287 10886
f 11302 11300 11301
f 11305 11304 11303
f 11307 11306 11303
f 11307 11303 11304
f 11309 11308 11306
f 11309 11306 11307
f 11311 11310 11308
f 11311 11308 11309
f 11313 11312 11310
f 11313 11310 11311
f 11312 11313 11290
f 11312 11290 11288
f 10889 11312 11288
f 10888 10889 11288
f 10888 11288 10890
f 10890 11288 11291
f 10890 11291 10891
f 10891 11291 11293
f 10891 11293 10893
f 10893 11293 11294
f 10893 11294 10877
f 11316 11315 11314
f 10896 10897 11314
f 10897 11316 11314
f 10897 11317 11316
f 11318 10897 10898
f 11318 11317 10897
f 11320 11319 10900
f 11319 10898 10900
f 11319 11318 10898
f 11322 11321 11320
f 11320 11321 11319
f 11321 11322 11297
f 11322 11296 11297
f 11322 11323 11296
f 11296 11324 11298
f 11296 11323 11324
f 11299 11298 11325
f 11298 11326 11325
f 11298 11324 11326
f 11326 11327 11325
f 11300 10903 10887
f 11329 11328 10905
f 11329 10905 10903
f 11302 11329 10903
f 11300 11302 10903
f 11331 11330 11328
f 11331 11328 11329
f 11332 11330 11331
f 11305 11303 11333
f 11305 11333 11334
f 11335 11303 11306
f 11333 11303 11335
f 10907 11335 10906
f 11335 11308 10906
f 11335 11306 11308
f 10906 11308 10908
f 10908 11308 11310
f 10908 11310 10909
f 10909 11310 11312
f 10909 11312 10889
f 11314 11315 10912
f 11315 10911 10912
f 11315 11336 10911
f 11314 10912 10896
f 10913 11320 10900
f 11320 10913 10914
f 11320 10914 11322
f 11322 10914 10916
f 11322 10916 11323
f 11323 10916 10918
f 11337 11323 10918
f 11324 11323 11337
f 11324 11338 11326
f 11324 11337 11338
f 11327 11326 11339
f 11339 11326 11338
f 11328 10920 10905
f 10920 11328 10922
f 11328 11340 10922
f 11328 11330 11340
f 11330 11332 11341
f 11342 11330 11341
f 11340 11330 11342
f 11344 11343 11342
f 11344 11342 11341
f 11346 11345 11343
f 11346 11343 11344
f 11345 11346 11334
f 11345 11334 11333
f 10925 11345 11333
f 10924 10925 11333
f 10924 11333 10926
f 10926 11333 11335
f 10926 11335 10907
f 11348 11347 10929
f 10929 11347 10928
f 11349 10929 10930
f 11349 11348 10929
f 10930 10911 11336
f 10930 11336 11349
f 10933 11337 10918
f 11337 10933 10935
f 11337 10935 11338
f 10935 10937 11338
f 10937 11339 11338
f 10937 11350 11339
f 11340 10939 10922
f 10939 11340 10942
f 10942 11340 11342
f 10942 11342 10943
f 11342 11351 10943
f 11342 11343 11351
f 10946 11351 10945
f 11351 11345 10945
f 11351 11343 11345
f 10945 11345 10925
f 11353 11352 10949
f 10949 11352 10948
f 11354 10949 10950
f 11354 11353 10949
f 10950 10928 11347
f 10950 11347 11354
f 10953 11356 11355
f 11350 10953 11355
f 10937 10953 11350
f 11356 11357 11355
f 11351 10955 10943
f 10955 11351 10946
f 11352 10958 10948
f 11358 10958 11352
f 11360 11359 11356
f 10953 11360 11356
f 10960 11360 10953
f 11356 11359 11357
f 11358 10961 10958
f 11361 10961 11358
f 10962 11360 10960
f 10962 11362 11360
f 11361 10964 10961
f 11363 10964 11361
f 10965 11362 10962
f 10965 11364 11362
f 11366 11365 10967
f 10967 11365 10966
f 10967 10964 11363
f 10967 11363 11366
f 10969 11364 10965
f 10969 11367 11364
f 11365 10970 10966
f 11368 10970 11365
f 10972 11369 10971
f 10971 11369 11370
f 11371 10971 11370
f 10973 10971 11371
f 10969 10973 11367
f 11367 10973 11371
f 11368 11372 10970
f 10970 11372 10974
f 11374 11373 10976
f 10974 11374 10976
f 11372 11374 10974
f 10978 10977 11373
f 11374 10978 11373
f 11375 10978 11374
f 10979 10978 11375
f 10979 11375 11376
f 11379 11378 11377
f 11378 11380 11369
f 10981 11378 11369
f 10972 10981 11369
f 11377 11378 10981
f 11369 11380 11370
f 11373 10982 10976
f 10982 11373 10977
f 11376 11381 10979
f 10979 11381 10983
f 10985 10983 11381
f 10985 11381 11382
f 11384 11383 10986
f 11384 10986 10987
f 10986 11385 10988
f 11383 11385 10986
f 11377 10989 11379
f 10989 11385 11379
f 10989 10988 11385
f 10989 11377 10981
f 11387 10990 11386
f 10990 11382 11386
f 10990 10985 11382
f 11389 11388 11387
f 11389 11387 11386
f 11391 11390 11388
f 11391 11388 11389
f 10991 10992 11390
f 11391 10991 11390
f 11392 10991 11391
f 10987 10991 11384
f 11384 10991 11392
f 11387 10993 10990
f 10993 11387 10994
f 10994 11387 11388
f 10994 11388 10995
f 10995 11388 11390
f 10995 11390 10992
f 11393 10997 10998
f 11393 10998 11394
f 10998 11395 11394
f 10998 10999 11395
f 11397 11395 11396
f 11395 11000 11396
f 11395 10999 11000
f 11001 11398 11000
f 11000 11398 11396
f 11002 11399 11001
f 11001 11399 11398
f 11399 11002 11400
f 11002 11401 11400
f 11002 11003 11401
f 11403 11401 11402
f 11401 11004 11402
f 11401 11003 11004
f 11006 11402 11004
f 11405 11404 11009
f 11009 11404 11008
f 11406 11009 11010
f 11406 11405 11009
f 11407 11010 11011
f 11407 11406 11010
f 11011 10997 11393
f 11408 11011 11393
f 11407 11011 11408
f 11408 11393 11394
f 11409 11397 11396
f 11409 11396 11398
f 11409 11398 11410
f 11410 11398 11399
f 11410 11399 11411
f 11411 11399 11400
f 11412 11403 11402
f 11412 11402 11006
f 11013 11412 11006
f 11413 11412 11013
f 11415 11414 11015
f 11414 11013 11015
f 11414 11413 11013
f 11417 11416 11415
f 11415 11416 11414
f 11417 11418 11416
f 11420 11419 11017
f 11017 11419 11016
f 11421 11017 11018
f 11421 11420 11017
f 11018 11008 11404
f 11018 11404 11421
f 11019 11415 11015
f 11415 11019 11020
f 11415 11020 11417
f 11423 11422 11022
f 11022 11422 11020
f 11422 11418 11020
f 11418 11417 11020
f 11423 11424 11422
f 11425 11023 11024
f 11425 11024 11426
f 11024 11427 11426
f 11024 11025 11427
f 11025 11016 11419
f 11025 11419 11427
f 11026 11423 11022
f 11428 11424 11423
f 11026 11428 11423
f 11027 11428 11026
f 11430 11429 11029
f 11429 11027 11029
f 11429 11428 11027
f 11430 11431 11429
f 11433 11432 11031
f 11031 11432 11030
f 11031 11023 11425
f 11434 11031 11425
f 11433 11031 11434
f 11434 11425 11426
f 11032 11430 11029
f 11032 11034 11430
f 11034 11431 11430
f 11034 11435 11431
f 11436 11038 11039
f 11437 11436 11039
f 11030 11437 11039
f 11432 11437 11030
f 11438 11435 11034
f 11438 11034 11040
f 11040 11042 11438
f 11438 11042 11439
f 11440 11046 11047
f 11441 11440 11047
f 11441 11047 11038
f 11442 11441 11038
f 11436 11442 11038
f 11442 11436 11437
f 11443 11439 11042
f 11443 11042 11048
f 11048 11050 11443
f 11443 11050 11444
f 11445 11055 11056
f 11057 11446 11056
f 11056 11446 11445
f 11046 11440 11057
f 11440 11446 11057
f 11440 11447 11446
f 11440 11441 11448
f 11440 11448 11447
f 11058 11450 11449
f 11444 11058 11449
f 11050 11058 11444
f 11450 11451 11449
f 11452 11071 11445
f 11445 11071 11055
f 11453 11445 11446
f 11452 11445 11453
f 11447 11455 11454
f 11453 11447 11454
f 11446 11447 11453
f 11455 11447 11448
f 11072 11456 11450
f 11072 11450 11058
f 11451 11450 11457
f 11457 11450 11456
f 11458 11086 11087
f 11088 11459 11087
f 11087 11459 11458
f 11071 11452 11088
f 11452 11459 11088
f 11452 11460 11459
f 11453 11462 11461
f 11460 11453 11461
f 11452 11453 11460
f 11462 11453 11454
f 11089 11456 11072
f 11089 11091 11456
f 11091 11457 11456
f 11091 11463 11457
f 11464 11104 11458
f 11458 11104 11086
f 11465 11458 11459
f 11464 11458 11465
f 11460 11467 11466
f 11465 11460 11466
f 11459 11460 11465
f 11467 11460 11461
f 11105 11463 11091
f 11105 11468 11463
f 11469 11116 11117
f 11118 11470 11117
f 11117 11470 11469
f 11104 11464 11118
f 11464 11470 11118
f 11464 11471 11470
f 11472 11464 11465
f 11471 11464 11472
f 11465 11466 11473
f 11465 11473 11472
f 11105 11119 11474
f 11475 11105 11474
f 11468 11105 11475
f 11120 11474 11119
f 11476 11129 11130
f 11131 11477 11130
f 11130 11477 11476
f 11132 11477 11131
f 11478 11136 11469
f 11469 11136 11116
f 11479 11469 11470
f 11478 11469 11479
f 11480 11470 11471
f 11479 11470 11480
f 11481 11471 11472
f 11480 11471 11481
f 11472 11473 11482
f 11483 11472 11482
f 11481 11472 11483
f 11484 11483 11482
f 11485 11475 11474
f 11474 11120 11485
f 11120 11486 11485
f 11120 11137 11486
f 11487 11140 11141
f 11142 11488 11141
f 11141 11488 11487
f 11143 11489 11142
f 11142 11489 11488
f 11144 11489 11143
f 11490 11149 11476
f 11476 11149 11129
f 11491 11476 11477
f 11490 11476 11491
f 11151 11491 11132
f 11132 11491 11477
f 11492 11153 11154
f 11136 11478 11154
f 11478 11492 11154
f 11478 11493 11492
f 11494 11478 11479
f 11493 11478 11494
f 11495 11479 11480
f 11494 11479 11495
f 11496 11480 11481
f 11495 11480 11496
f 11483 11498 11497
f 11496 11483 11497
f 11481 11483 11496
f 11498 11483 11484
f 11500 11499 11155
f 11500 11155 11156
f 11137 11155 11486
f 11486 11155 11499
f 11501 11158 11487
f 11487 11158 11140
f 11502 11487 11488
f 11501 11487 11502
f 11503 11488 11489
f 11502 11488 11503
f 11159 11504 11144
f 11504 11489 11144
f 11504 11503 11489
f 11160 11505 11159
f 11159 11505 11504
f 11161 11505 11160
f 11506 11164 11490
f 11490 11164 11149
f 11507 11490 11491
f 11506 11490 11507
f 11165 11508 11151
f 11508 11491 11151
f 11508 11507 11491
f 11166 11509 11165
f 11165 11509 11508
f 11153 11492 11166
f 11492 11509 11166
f 11492 11510 11509
f 11511 11492 11493
f 11510 11492 11511
f 11512 11493 11494
f 11511 11493 11512
f 11513 11494 11495
f 11512 11494 11513
f 11496 11515 11514
f 11513 11496 11514
f 11495 11496 11513
f 11515 11496 11497
f 11167 11500 11156
f 11167 11516 11500
f 11517 11169 11501
f 11501 11169 11158
f 11518 11501 11502
f 11517 11501 11518
f 11519 11502 11503
f 11518 11502 11519
f 11520 11503 11504
f 11519 11503 11520
f 11521 11504 11505
f 11520 11504 11521
f 11170 11522 11161
f 11522 11505 11161
f 11522 11521 11505
f 11171 11523 11170
f 11170 11523 11522
f 11164 11506 11171
f 11506 11523 11171
f 11506 11524 11523
f 11525 11506 11507
f 11524 11506 11525
f 11526 11507 11508
f 11525 11507 11526
f 11527 11508 11509
f 11526 11508 11527
f 11528 11509 11510
f 11527 11509 11528
f 11529 11510 11511
f 11528 11510 11529
f 11530 11511 11512
f 11529 11511 11530
f 11531 11512 11513
f 11530 11512 11531
f 11513 11514 11532
f 11513 11532 11531
f 11172 11516 11167
f 11172 11533 11516
f 11534 11174 11517
f 11517 11174 11169
f 11535 11517 11518
f 11534 11517 11535
f 11536 11518 11519
f 11535 11518 11536
f 11537 11519 11520
f 11536 11519 11537
f 11538 11520 11521
f 11537 11520 11538
f 11539 11521 11522
f 11538 11521 11539
f 11540 11522 11523
f 11539 11522 11540
f 11541 11523 11524
f 11540 11523 11541
f 11542 11524 11525
f 11541 11524 11542
f 11543 11525 11526
f 11542 11525 11543
f 11544 11526 11527
f 11543 11526 11544
f 11545 11527 11528
f 11544 11527 11545
f 11546 11528 11529
f 11545 11528 11546
f 11547 11529 11530
f 11546 11529 11547
f 11548 11530 11531
f 11547 11530 11548
f 11531 11532 11549
f 11550 11531 11549
f 11548 11531 11550
f 11551 11550 11549
f 11175 11533 11172
f 11175 11552 11533
f 11553 11177 11534
f 11534 11177 11174
f 11554 11534 11535
f 11553 11534 11554
f 11555 11535 11536
f 11554 11535 11555
f 11556 11536 11537
f 11555 11536 11556
f 11557 11537 11538
f 11556 11537 11557
f 11558 11538 11539
f 11557 11538 11558
f 11559 11539 11540
f 11558 11539 11559
f 11560 11540 11541
f 11559 11540 11560
f 11561 11541 11542
f 11560 11541 11561
f 11562 11542 11543
f 11561 11542 11562
f 11563 11543 11544
f 11562 11543 11563
f 11564 11544 11545
f 11563 11544 11564
f 11565 11545 11546
f 11564 11545 11565
f 11566 11546 11547
f 11565 11546 11566
f 11567 11547 11548
f 11566 11547 11567
f 11568 11548 11550
f 11567 11548 11568
f 11550 11551 11569
f 11550 11569 11568
f 11179 11570 11178
f 11570 11571 11178
f 11571 11175 11178
f 11571 11552 11175
f 11553 11181 11177
f 11181 11553 11182
f 11553 11572 11182
f 11553 11554 11572
f 11573 11554 11555
f 11572 11554 11573
f 11574 11555 11556
f 11573 11555 11574
f 11575 11556 11557
f 11574 11556 11575
f 11576 11557 11558
f 11575 11557 11576
f 11577 11558 11559
f 11576 11558 11577
f 11185 11577 11184
f 11577 11560 11184
f 11577 11559 11560
f 11184 11560 11187
f 11187 11560 11561
f 11187 11561 11188
f 11561 11578 11188
f 11561 11562 11578
f 11579 11562 11563
f 11578 11562 11579
f 11580 11563 11564
f 11579 11563 11580
f 11581 11564 11565
f 11580 11564 11581
f 11582 11565 11566
f 11581 11565 11582
f 11583 11566 11567
f 11582 11566 11583
f 11568 11585 11584
f 11583 11568 11584
f 11567 11568 11583
f 11585 11568 11569
f 11189 11586 11570
f 11189 11570 11179
f 11571 11570 11587
f 11587 11570 11586
f 11572 11191 11182
f 11191 11572 11194
f 11194 11572 11573
f 11194 11573 11196
f 11196 11573 11574
f 11196 11574 11198
f 11198 11574 11575
f 11198 11575 11200
f 11200 11575 11576
f 11200 11576 11202
f 11202 11576 11577
f 11202 11577 11185
f 11588 11205 11578
f 11578 11205 11188
f 11589 11578 11579
f 11588 11578 11589
f 11590 11579 11580
f 11589 11579 11590
f 11591 11580 11581
f 11590 11580 11591
f 11592 11581 11582
f 11591 11581 11592
f 11593 11582 11583
f 11592 11582 11593
f 11583 11584 11594
f 11583 11594 11593
f 11206 11586 11189
f 11206 11207 11586
f 11207 11587 11586
f 11207 11595 11587
f 11596 11217 11588
f 11588 11217 11205
f 11597 11588 11589
f 11596 11588 11597
f 11598 11589 11590
f 11597 11589 11598
f 11599 11590 11591
f 11598 11590 11599
f 11600 11591 11592
f 11599 11591 11600
f 11601 11592 11593
f 11600 11592 11601
f 11593 11594 11602
f 11593 11602 11601
f 11221 11595 11207
f 11221 11603 11595
f 11604 11229 11596
f 11596 11229 11217
f 11605 11596 11597
f 11604 11596 11605
f 11606 11597 11598
f 11605 11597 11606
f 11607 11598 11599
f 11606 11598 11607
f 11608 11599 11600
f 11607 11599 11608
f 11609 11600 11601
f 11608 11600 11609
f 11601 11602 11610
f 11601 11610 11609
f 11612 11611 11234
f 11612 11234 11233
f 11234 11613 11235
f 11611 11613 11234
f 11615 11614 11236
f 11235 11615 11236
f 11613 11615 11235
f 11237 11238 11614
f 11615 11237 11614
f 11616 11237 11615
f 11221 11237 11603
f 11603 11237 11616
f 11617 11243 11604
f 11604 11243 11229
f 11618 11604 11605
f 11617 11604 11618
f 11619 11605 11606
f 11618 11605 11619
f 11620 11606 11607
f 11619 11606 11620
f 11621 11607 11608
f 11620 11607 11621
f 11622 11608 11609
f 11621 11608 11622
f 11609 11610 11623
f 11609 11623 11622
f 11626 11625 11624
f 11627 11624 11625
f 11630 11629 11628
f 11632 11631 11628
f 11632 11628 11629
f 11634 11633 11631
f 11634 11631 11632
f 11635 11633 11634
f 11637 11636 11246
f 11637 11246 11245
f 11248 11246 11636
f 11248 11636 11638
f 11640 11639 11249
f 11640 11249 11250
f 11249 11641 11251
f 11639 11641 11249
f 11253 11251 11641
f 11253 11641 11642
f 11644 11643 11257
f 11644 11257 11256
f 11257 11645 11258
f 11643 11645 11257
f 11233 11258 11612
f 11612 11258 11645
f 11647 11646 11614
f 11646 11236 11614
f 11646 11259 11236
f 11614 11238 11647
f 11238 11648 11647
f 11238 11260 11648
f 11617 11262 11243
f 11262 11617 11265
f 11265 11617 11618
f 11265 11618 11266
f 11618 11649 11266
f 11618 11619 11649
f 11650 11619 11620
f 11649 11619 11650
f 11651 11620 11621
f 11650 11620 11651
f 11652 11621 11622
f 11651 11621 11652
f 11622 11623 11653
f 11622 11653 11652
f 11656 11655 11654
f 11658 11657 11654
f 11658 11654 11655
f 11657 11658 11626
f 11624 11657 11626
f 11659 11657 11624
f 11624 11627 11660
f 11661 11624 11660
f 11659 11624 11661
f 11661 11660 11630
f 11628 11661 11630
f 11662 11661 11628
f 11663 11628 11631
f 11662 11628 11663
f 11269 11663 11268
f 11663 11633 11268
f 11663 11631 11633
f 11665 11664 11270
f 11665 11270 11268
f 11635 11665 11268
f 11633 11635 11268
f 11667 11666 11664
f 11667 11664 11665
f 11271 11272 11666
f 11667 11271 11666
f 11668 11271 11667
f 11271 11669 11273
f 11668 11669 11271
f 11273 11670 11274
f 11669 11670 11273
f 11274 11671 11275
f 11670 11671 11274
f 11245 11275 11637
f 11637 11275 11671
f 11638 11672 11248
f 11248 11672 11276
f 11250 11276 11640
f 11640 11276 11672
f 11642 11278 11253
f 11673 11278 11642
f 11675 11674 11281
f 11675 11281 11280
f 11256 11281 11644
f 11644 11281 11674
f 11282 11259 11676
f 11259 11677 11676
f 11259 11646 11677
f 11676 11678 11282
f 11678 11260 11282
f 11678 11648 11260
f 11649 11285 11266
f 11285 11649 11287
f 11649 11679 11287
f 11649 11650 11679
f 11680 11650 11651
f 11679 11650 11680
f 11681 11651 11652
f 11680 11651 11681
f 11652 11653 11682
f 11683 11652 11682
f 11681 11652 11683
f 11685 11684 11683
f 11685 11683 11682
f 11686 11684 11685
f 11656 11654 11687
f 11656 11687 11688
f 11689 11654 11657
f 11687 11654 11689
f 11690 11657 11659
f 11689 11657 11690
f 11691 11659 11661
f 11690 11659 11691
f 11692 11661 11662
f 11691 11661 11692
f 11290 11692 11289
f 11692 11663 11289
f 11692 11662 11663
f 11289 11663 11269
f 11664 11292 11270
f 11292 11664 11295
f 11295 11664 11666
f 11295 11666 11272
f 11695 11694 11693
f 11693 11696 11695
f 11673 11297 11278
f 11697 11297 11673
f 11700 11699 11698
f 11699 11675 11698
f 11675 11299 11698
f 11675 11280 11299
f 11677 11701 11676
f 11676 11701 11678
f 11679 11301 11287
f 11301 11679 11302
f 11679 11702 11302
f 11679 11680 11702
f 11703 11680 11681
f 11702 11680 11703
f 11704 11681 11683
f 11703 11681 11704
f 11705 11683 11684
f 11704 11683 11705
f 11684 11686 11706
f 11707 11684 11706
f 11705 11684 11707
f 11707 11706 11688
f 11707 11688 11687
f 11305 11707 11687
f 11304 11305 11687
f 11304 11687 11307
f 11307 11687 11689
f 11307 11689 11309
f 11309 11689 11690
f 11309 11690 11311
f 11311 11690 11691
f 11311 11691 11313
f 11313 11691 11692
f 11313 11692 11290
f 11709 11708 11316
f 11316 11708 11315
f 11710 11316 11317
f 11710 11709 11316
f 11318 11693 11694
f 11710 11318 11694
f 11317 11318 11710
f 11711 11696 11693
f 11318 11711 11693
f 11319 11711 11318
f 11712 11319 11321
f 11712 11711 11319
f 11321 11297 11697
f 11321 11697 11712
f 11713 11700 11698
f 11713 11698 11299
f 11325 11713 11299
f 11714 11713 11325
f 11325 11327 11714
f 11714 11327 11715
f 11702 11329 11302
f 11329 11702 11331
f 11331 11702 11703
f 11331 11703 11332
f 11703 11716 11332
f 11703 11704 11716
f 11717 11704 11705
f 11716 11704 11717
f 11718 11705 11707
f 11717 11705 11718
f 11334 11718 11305
f 11305 11718 11707
f 11708 11336 11315
f 11719 11336 11708
f 11339 11715 11327
f 11339 11720 11715
f 11716 11341 11332
f 11341 11716 11344
f 11344 11716 11717
f 11344 11717 11346
f 11346 11717 11718
f 11346 11718 11334
f 11722 11721 11348
f 11348 11721 11347
f 11723 11348 11349
f 11723 11722 11348
f 11349 11336 11719
f 11349 11719 11723
f 11350 11720 11339
f 11350 11724 11720
f 11726 11725 11353
f 11353 11725 11352
f 11727 11353 11354
f 11727 11726 11353
f 11354 11347 11721
f 11354 11721 11727
f 11728 11724 11350
f 11728 11350 11355
f 11355 11357 11728
f 11728 11357 11729
f 11725 11358 11352
f 11730 11358 11725
f 11360 11731 11359
f 11731 11732 11359
f 11732 11357 11359
f 11732 11729 11357
f 11730 11361 11358
f 11733 11361 11730
f 11735 11734 11731
f 11360 11735 11731
f 11362 11735 11360
f 11731 11734 11732
f 11733 11363 11361
f 11736 11363 11733
f 11364 11735 11362
f 11364 11737 11735
f 11738 11365 11366
f 11739 11738 11366
f 11363 11739 11366
f 11736 11739 11363
f 11367 11737 11364
f 11367 11740 11737
f 11741 11368 11738
f 11738 11368 11365
f 11738 11739 11742
f 11738 11742 11741
f 11744 11743 11371
f 11744 11371 11370
f 11367 11371 11740
f 11740 11371 11743
f 11741 11372 11368
f 11742 11745 11741
f 11745 11372 11741
f 11745 11374 11372
f 11374 11746 11375
f 11745 11746 11374
f 11376 11375 11746
f 11376 11746 11747
f 11750 11749 11748
f 11752 11751 11748
f 11752 11748 11749
f 11378 11379 11751
f 11752 11378 11751
f 11753 11378 11752
f 11378 11754 11380
f 11753 11754 11378
f 11370 11380 11744
f 11744 11380 11754
f 11747 11755 11376
f 11376 11755 11381
f 11382 11381 11755
f 11382 11755 11756
f 11759 11758 11757
f 11761 11760 11757
f 11761 11757 11758
f 11760 11761 11750
f 11760 11750 11748
f 11384 11760 11748
f 11383 11384 11748
f 11383 11748 11385
f 11385 11748 11751
f 11385 11751 11379
f 11756 11762 11382
f 11382 11762 11386
f 11386 11763 11389
f 11762 11763 11386
f 11757 11391 11759
f 11391 11763 11759
f 11391 11389 11763
f 11391 11757 11392
f 11392 11757 11760
f 11392 11760 11384
f 11764 11394 11395
f 11397 11764 11395
f 11765 11400 11401
f 11403 11765 11401
f 11766 11404 11405
f 11406 11767 11405
f 11405 11767 11766
f 11767 11406 11768
f 11406 11769 11768
f 11406 11407 11769
f 11770 11407 11408
f 11770 11769 11407
f 11408 11394 11764
f 11771 11408 11764
f 11770 11408 11771
f 11771 11764 11397
f 11409 11771 11397
f 11772 11771 11409
f 11773 11409 11410
f 11773 11772 11409
f 11774 11410 11411
f 11774 11773 11410
f 11411 11400 11765
f 11775 11411 11765
f 11774 11411 11775
f 11777 11775 11776
f 11776 11775 11412
f 11775 11765 11412
f 11765 11403 11412
f 11413 11778 11412
f 11412 11778 11776
f 11778 11413 11779
f 11413 11780 11779
f 11413 11414 11780
f 11782 11780 11781
f 11780 11416 11781
f 11780 11414 11416
f 11418 11781 11416
f 11784 11783 11420
f 11420 11783 11419
f 11785 11420 11421
f 11785 11784 11420
f 11421 11404 11766
f 11786 11421 11766
f 11785 11421 11786
f 11786 11766 11767
f 11786 11767 11787
f 11787 11767 11768
f 11788 11777 11776
f 11788 11776 11778
f 11788 11778 11789
f 11789 11778 11779
f 11790 11782 11781
f 11792 11790 11791
f 11791 11790 11422
f 11790 11781 11422
f 11781 11418 11422
f 11424 11791 11422
f 11794 11793 11427
f 11427 11793 11426
f 11427 11419 11783
f 11427 11783 11794
f 11795 11792 11791
f 11795 11791 11424
f 11428 11795 11424
f 11796 11795 11428
f 11797 11428 11429
f 11797 11796 11428
f 11429 11431 11797
f 11797 11431 11798
f 11799 11432 11433
f 11799 11433 11800
f 11433 11801 11800
f 11433 11434 11801
f 11434 11426 11793
f 11434 11793 11801
f 11435 11803 11802
f 11798 11435 11802
f 11431 11435 11798
f 11803 11804 11802
f 11806 11805 11799
f 11805 11432 11799
f 11805 11437 11432
f 11806 11799 11800
f 11438 11803 11435
f 11438 11439 11803
f 11439 11804 11803
f 11439 11807 11804
f 11809 11808 11442
f 11442 11808 11441
f 11442 11437 11805
f 11442 11805 11809
f 11810 11807 11439
f 11810 11439 11443
f 11443 11444 11810
f 11810 11444 11811
f 11808 11448 11441
f 11812 11448 11808
f 11813 11811 11444
f 11813 11444 11449
f 11449 11451 11813
f 11813 11451 11814
f 11815 11454 11455
f 11816 11815 11455
f 11448 11816 11455
f 11812 11816 11448
f 11457 11814 11451
f 11457 11817 11814
f 11818 11461 11462
f 11454 11815 11462
f 11815 11818 11462
f 11815 11819 11818
f 11815 11816 11820
f 11815 11820 11819
f 11463 11817 11457
f 11463 11821 11817
f 11822 11466 11467
f 11461 11818 11467
f 11818 11822 11467
f 11818 11823 11822
f 11819 11825 11824
f 11823 11819 11824
f 11818 11819 11823
f 11825 11819 11820
f 11468 11821 11463
f 11468 11826 11821
f 11827 11473 11822
f 11822 11473 11466
f 11823 11829 11828
f 11827 11823 11828
f 11822 11823 11827
f 11829 11823 11824
f 11475 11826 11468
f 11475 11830 11826
f 11827 11482 11473
f 11484 11482 11827
f 11828 11484 11827
f 11831 11484 11828
f 11832 11830 11475
f 11832 11475 11485
f 11485 11486 11832
f 11832 11486 11833
f 11834 11497 11498
f 11835 11834 11498
f 11484 11835 11498
f 11831 11835 11484
f 11500 11836 11499
f 11836 11837 11499
f 11837 11486 11499
f 11837 11833 11486
f 11838 11514 11515
f 11497 11834 11515
f 11834 11838 11515
f 11834 11839 11838
f 11834 11835 11840
f 11834 11840 11839
f 11842 11841 11836
f 11500 11842 11836
f 11516 11842 11500
f 11836 11841 11837
f 11843 11532 11838
f 11838 11532 11514
f 11844 11838 11839
f 11843 11838 11844
f 11839 11840 11845
f 11839 11845 11844
f 11533 11842 11516
f 11533 11846 11842
f 11843 11549 11532
f 11549 11843 11551
f 11843 11847 11551
f 11843 11844 11847
f 11844 11845 11848
f 11844 11848 11847
f 11552 11846 11533
f 11552 11849 11846
f 11850 11569 11847
f 11847 11569 11551
f 11847 11848 11851
f 11847 11851 11850
f 11571 11849 11552
f 11571 11852 11849
f 11853 11584 11585
f 11569 11850 11585
f 11850 11853 11585
f 11850 11854 11853
f 11850 11851 11855
f 11850 11855 11854
f 11587 11852 11571
f 11587 11856 11852
f 11857 11594 11853
f 11853 11594 11584
f 11854 11859 11858
f 11857 11854 11858
f 11853 11854 11857
f 11859 11854 11855
f 11862 11861 11860
f 11863 11860 11861
f 11595 11856 11587
f 11595 11864 11856
f 11865 11602 11857
f 11857 11602 11594
f 11857 11858 11866
f 11857 11866 11865
f 11862 11860 11867
f 11862 11867 11868
f 11860 11863 11869
f 11870 11860 11869
f 11867 11860 11870
f 11871 11870 11869
f 11603 11864 11595
f 11603 11872 11864
f 11873 11610 11865
f 11865 11610 11602
f 11865 11866 11874
f 11875 11865 11874
f 11873 11865 11875
f 11876 11875 11874
f 11868 11867 11877
f 11868 11877 11878
f 11879 11867 11870
f 11877 11867 11879
f 11870 11871 11880
f 11881 11870 11880
f 11879 11870 11881
f 11883 11882 11881
f 11883 11881 11880
f 11885 11884 11882
f 11885 11882 11883
f 11887 11886 11884
f 11887 11884 11885
f 11888 11886 11887
f 11612 11889 11611
f 11611 11889 11890
f 11891 11611 11890
f 11613 11611 11891
f 11613 11892 11615
f 11891 11892 11613
f 11892 11894 11893
f 11616 11892 11893
f 11615 11892 11616
f 11893 11895 11616
f 11895 11603 11616
f 11895 11872 11603
f 11896 11623 11873
f 11873 11623 11610
f 11897 11873 11875
f 11896 11873 11897
f 11875 11876 11898
f 11875 11898 11897
f 11901 11900 11899
f 11899 11900 11878
f 11877 11899 11878
f 11902 11899 11877
f 11626 11902 11625
f 11902 11879 11625
f 11902 11877 11879
f 11625 11879 11627
f 11879 11903 11627
f 11879 11881 11903
f 11630 11903 11629
f 11903 11882 11629
f 11903 11881 11882
f 11629 11882 11632
f 11632 11882 11884
f 11632 11884 11634
f 11634 11884 11886
f 11905 11904 11635
f 11905 11635 11634
f 11888 11905 11634
f 11886 11888 11634
f 11906 11904 11905
f 11908 11907 11636
f 11908 11636 11637
f 11910 11909 11638
f 11636 11910 11638
f 11907 11910 11636
f 11639 11640 11909
f 11910 11639 11909
f 11911 11639 11910
f 11639 11912 11641
f 11911 11912 11639
f 11642 11641 11912
f 11642 11912 11913
f 11915 11914 11643
f 11915 11643 11644
f 11643 11916 11645
f 11914 11916 11643
f 11612 11645 11889
f 11645 11917 11889
f 11645 11916 11917
f 11889 11917 11890
f 11918 11646 11647
f 11894 11919 11893
f 11918 11647 11648
f 11893 11919 11895
f 11920 11653 11896
f 11896 11653 11623
f 11921 11896 11897
f 11920 11896 11921
f 11897 11898 11922
f 11923 11897 11922
f 11921 11897 11923
f 11923 11922 11901
f 11923 11901 11899
f 11656 11923 11899
f 11655 11656 11899
f 11655 11899 11658
f 11658 11899 11902
f 11658 11902 11626
f 11903 11660 11627
f 11660 11903 11630
f 11904 11665 11635
f 11906 11924 11904
f 11924 11665 11904
f 11924 11667 11665
f 11667 11925 11668
f 11924 11925 11667
f 11668 11926 11669
f 11925 11926 11668
f 11926 11928 11927
f 11670 11926 11927
f 11669 11926 11670
f 11670 11927 11929
f 11930 11670 11929
f 11671 11670 11930
f 11637 11671 11908
f 11908 11671 11930
f 11909 11672 11638
f 11672 11909 11640
f 11932 11673 11931
f 11673 11913 11931
f 11673 11642 11913
f 11934 11933 11932
f 11934 11932 11931
f 11674 11675 11933
f 11934 11674 11933
f 11935 11674 11934
f 11644 11674 11915
f 11915 11674 11935
f 11937 11936 11918
f 11936 11646 11918
f 11936 11677 11646
f 11918 11648 11937
f 11648 11938 11937
f 11648 11678 11938
f 11920 11682 11653
f 11682 11920 11685
f 11685 11920 11921
f 11685 11921 11686
f 11921 11939 11686
f 11921 11923 11939
f 11688 11939 11656
f 11656 11939 11923
f 11928 11940 11927
f 11927 11940 11929
f 11942 11941 11695
f 11695 11941 11694
f 11695 11696 11942
f 11942 11696 11943
f 11944 11697 11932
f 11932 11697 11673
f 11700 11944 11699
f 11944 11933 11699
f 11944 11932 11933
f 11699 11933 11675
f 11701 11677 11945
f 11677 11946 11945
f 11677 11936 11946
f 11945 11947 11701
f 11947 11678 11701
f 11947 11938 11678
f 11939 11706 11686
f 11706 11939 11688
f 11949 11948 11709
f 11709 11948 11708
f 11950 11709 11710
f 11950 11949 11709
f 11710 11694 11941
f 11710 11941 11950
f 11951 11943 11696
f 11951 11696 11711
f 11952 11711 11712
f 11952 11951 11711
f 11712 11697 11944
f 11953 11712 11944
f 11952 11712 11953
f 11953 11944 11700
f 11713 11953 11700
f 11954 11953 11713
f 11956 11954 11955
f 11954 11714 11955
f 11954 11713 11714
f 11715 11955 11714
f 11946 11957 11945
f 11945 11957 11947
f 11960 11959 11958
f 11962 11961 11958
f 11958 11961 11960
f 11948 11961 11962
f 11719 11948 11962
f 11708 11948 11719
f 11963 11956 11955
f 11955 11715 11963
f 11715 11964 11963
f 11715 11720 11964
f 11958 11959 11722
f 11959 11721 11722
f 11959 11965 11721
f 11958 11722 11723
f 11958 11723 11962
f 11962 11723 11719
f 11724 11964 11720
f 11724 11966 11964
f 11967 11725 11726
f 11967 11726 11968
f 11726 11969 11968
f 11726 11727 11969
f 11727 11721 11965
f 11727 11965 11969
f 11970 11966 11724
f 11970 11724 11728
f 11728 11729 11970
f 11970 11729 11971
f 11973 11972 11967
f 11972 11725 11967
f 11972 11730 11725
f 11973 11967 11968
f 11732 11971 11729
f 11732 11974 11971
f 11972 11733 11730
f 11975 11733 11972
f 11977 11976 11734
f 11977 11734 11735
f 11732 11734 11974
f 11974 11734 11976
f 11975 11736 11733
f 11978 11736 11975
f 11737 11977 11735
f 11737 11979 11977
f 11981 11739 11980
f 11739 11978 11980
f 11739 11736 11978
f 11982 11981 11980
f 11985 11984 11983
f 11984 11979 11983
f 11979 11740 11983
f 11979 11737 11740
f 11986 11742 11981
f 11981 11742 11739
f 11981 11982 11987
f 11988 11981 11987
f 11986 11981 11988
f 11989 11988 11987
f 11992 11991 11990
f 11990 11991 11985
f 11990 11985 11983
f 11744 11990 11983
f 11743 11744 11983
f 11743 11983 11740
f 11986 11745 11742
f 11745 11986 11746
f 11746 11986 11988
f 11994 11993 11747
f 11994 11747 11746
f 11989 11994 11746
f 11988 11989 11746
f 11995 11993 11994
f 11998 11997 11996
f 11749 11750 11996
f 11997 11749 11996
f 11999 11749 11997
f 11749 12000 11752
f 11999 12000 11749
f 11752 12001 11753
f 12000 12001 11752
f 11990 11754 11992
f 11754 12001 11992
f 11754 11753 12001
f 11754 11990 11744
f 11993 11755 11747
f 12003 12002 11756
f 12003 11756 11755
f 11995 12003 11755
f 11993 11995 11755
f 12005 12004 12002
f 12005 12002 12003
f 11758 11759 12004
f 12005 11758 12004
f 12006 11758 12005
f 11996 11761 11998
f 11761 12006 11998
f 11761 11758 12006
f 11761 11996 11750
f 12002 11762 11756
f 11762 12002 11763
f 11763 12002 12004
f 11763 12004 11759
f 12007 11768 11769
f 11770 12008 11769
f 11769 12008 12007
f 12008 11770 12009
f 11770 12010 12009
f 11770 11771 12010
f 12011 11771 11772
f 12011 12010 11771
f 12013 12011 12012
f 12011 11773 12012
f 12011 11772 11773
f 11774 12014 11773
f 11773 12014 12012
f 11775 12015 11774
f 11774 12015 12014
f 11777 12015 11775
f 12016 11779 11780
f 11782 12016 11780
f 12017 11783 11784
f 11785 12018 11784
f 11784 12018 12017
f 11786 12019 11785
f 11785 12019 12018
f 11787 12020 11786
f 11786 12020 12019
f 12021 12020 11787
f 12021 11787 11768
f 12022 12021 11768
f 12007 12022 11768
f 12022 12007 12008
f 12022 12008 12023
f 12023 12008 12009
f 12024 12013 12012
f 12024 12012 12014
f 12024 12014 12025
f 12025 12014 12015
f 12025 12015 12026
f 12026 12015 11777
f 11788 12026 11777
f 12027 12026 11788
f 12028 11788 11789
f 12028 12027 11788
f 11789 11779 12016
f 12029 11789 12016
f 12028 11789 12029
f 12029 12016 11782
f 11790 12029 11782
f 12030 12029 11790
f 11790 11792 12030
f 12030 11792 12031
f 12033 12032 11794
f 11794 12032 11793
f 11794 11783 12017
f 12034 11794 12017
f 12033 11794 12034
f 12034 12017 12018
f 12034 12018 12035
f 12035 12018 12019
f 12035 12019 12036
f 12036 12019 12020
f 12036 12020 12037
f 12037 12020 12021
f 12038 12031 11792
f 12038 11792 11795
f 12039 11795 11796
f 12039 12038 11795
f 12041 12039 12040
f 12039 11797 12040
f 12039 11796 11797
f 11798 12040 11797
f 12042 11800 11801
f 12043 12042 11801
f 11793 12043 11801
f 12032 12043 11793
f 12044 12041 12040
f 12044 12040 11798
f 11802 12044 11798
f 12045 12044 11802
f 11802 11804 12045
f 12045 11804 12046
f 12047 11805 11806
f 12048 12047 11806
f 12048 11806 11800
f 12049 12048 11800
f 12042 12049 11800
f 12049 12042 12043
f 11807 12046 11804
f 11807 12050 12046
f 12052 12051 11809
f 11809 12051 11808
f 11809 11805 12047
f 12053 11809 12047
f 12052 11809 12053
f 12053 12047 12048
f 12054 12050 11807
f 12054 11807 11810
f 12056 12055 11811
f 12055 11810 11811
f 12055 12054 11810
f 12056 12057 12055
f 12051 11812 11808
f 12058 11812 12051
f 11813 12056 11811
f 11813 11814 12056
f 11814 12057 12056
f 11814 12059 12057
f 12058 11816 11812
f 12060 11816 12058
f 11817 12059 11814
f 11817 12061 12059
f 12060 11820 11816
f 12062 11820 12060
f 11821 12061 11817
f 11821 12063 12061
f 12064 11824 11825
f 12065 12064 11825
f 11820 12065 11825
f 12062 12065 11820
f 11826 12063 11821
f 11826 12066 12063
f 12067 11828 11829
f 12068 12067 11829
f 12068 11829 11824
f 12069 12068 11824
f 12064 12069 11824
f 12069 12064 12065
f 11830 12066 11826
f 11830 12070 12066
f 12071 11831 12067
f 12067 11831 11828
f 12067 12068 12072
f 12067 12072 12071
f 11830 11832 12073
f 12074 11830 12073
f 12070 11830 12074
f 11833 12073 11832
f 12075 11835 12071
f 12071 11835 11831
f 12071 12072 12076
f 12071 12076 12075
f 12074 12073 12077
f 12074 12077 12078
f 11837 12077 11833
f 11833 12077 12073
f 12079 11840 12075
f 12075 11840 11835
f 12075 12076 12080
f 12075 12080 12079
f 12078 12077 11841
f 11842 12078 11841
f 12081 12078 11842
f 11841 12077 11837
f 12082 11845 12079
f 12079 11845 11840
f 12079 12080 12083
f 12079 12083 12082
f 11846 12081 11842
f 11846 12084 12081
f 12085 11848 12082
f 12082 11848 11845
f 12082 12083 12086
f 12082 12086 12085
f 11849 12084 11846
f 11849 12087 12084
f 12088 11851 12085
f 12085 11851 11848
f 12085 12086 12089
f 12090 12085 12089
f 12088 12085 12090
f 12092 12091 12090
f 12092 12090 12089
f 12093 12091 12092
f 11852 12087 11849
f 11852 12094 12087
f 12095 11855 12088
f 12088 11855 11851
f 12096 12088 12090
f 12095 12088 12096
f 12097 12090 12091
f 12096 12090 12097
f 12091 12093 12098
f 12099 12091 12098
f 12097 12091 12099
f 12100 12099 12098
f 11856 12094 11852
f 11856 12101 12094
f 12102 11858 11859
f 11855 12095 11859
f 12095 12102 11859
f 12095 12103 12102
f 12104 12095 12096
f 12103 12095 12104
f 11862 12104 11861
f 12104 12097 11861
f 12104 12096 12097
f 11861 12097 11863
f 12097 12105 11863
f 12097 12099 12105
f 12099 12100 12106
f 12099 12106 12105
f 11864 12101 11856
f 11864 12107 12101
f 12108 11866 12102
f 12102 11866 11858
f 12109 12102 12103
f 12108 12102 12109
f 12110 12103 12104
f 12109 12103 12110
f 11868 12110 11862
f 11862 12110 12104
f 12105 11869 11863
f 12112 12111 11871
f 12112 11871 11869
f 12106 12112 11869
f 12105 12106 11869
f 12113 12111 12112
f 11872 12107 11864
f 11872 12114 12107
f 12108 11874 11866
f 11874 12108 11876
f 12108 12115 11876
f 12108 12109 12115
f 12116 12109 12110
f 12115 12109 12116
f 11878 12116 11868
f 11868 12116 12110
f 12111 11880 11871
f 12113 12117 12111
f 12117 11880 12111
f 12117 11883 11880
f 11883 12118 11885
f 12117 12118 11883
f 11885 12119 11887
f 12118 12119 11885
f 11888 11887 12119
f 11888 12119 12120
f 12123 12122 12121
f 11891 11890 12121
f 12122 11891 12121
f 12124 11891 12122
f 11891 12125 11892
f 12124 12125 11891
f 12127 12126 11894
f 11892 12127 11894
f 12125 12127 11892
f 12127 12114 12126
f 12114 11895 12126
f 12114 11872 11895
f 12128 11898 12115
f 12115 11898 11876
f 11901 12128 11900
f 12128 12116 11900
f 12128 12115 12116
f 11900 12116 11878
f 12120 12129 11888
f 11888 12129 11905
f 12131 12130 11906
f 11905 12131 11906
f 12129 12131 11905
f 12133 12132 12130
f 12133 12130 12131
f 12134 12132 12133
f 12136 12135 11907
f 12136 11907 11908
f 11907 12137 11910
f 12135 12137 11907
f 11910 12138 11911
f 12137 12138 11910
f 11911 12139 11912
f 12138 12139 11911
f 11913 11912 12139
f 11913 12139 12140
f 12142 12141 11914
f 12142 11914 11915
f 11914 12143 11916
f 12141 12143 11914
f 12121 11917 12123
f 11917 12143 12123
f 11917 11916 12143
f 11917 12121 11890
f 12126 11919 11894
f 11919 12126 11895
f 12128 11922 11898
f 11922 12128 11901
f 12130 11924 11906
f 11924 12130 11925
f 11925 12130 12132
f 12134 12144 12132
f 12144 11925 12132
f 12144 11926 11925
f 11928 11926 12144
f 11928 12144 12145
f 12147 12146 11930
f 12147 11930 11929
f 11908 11930 12136
f 12136 11930 12146
f 12140 12148 11913
f 11913 12148 11931
f 11931 12149 11934
f 12148 12149 11931
f 11934 12150 11935
f 12149 12150 11934
f 11915 11935 12142
f 12142 11935 12150
f 12151 11936 11937
f 11938 12151 11937
f 12145 12152 11928
f 11928 12152 11940
f 11929 11940 12147
f 12147 11940 12152
f 12153 11941 11942
f 11943 12153 11942
f 12154 11946 12151
f 12151 11946 11936
f 11947 12154 11938
f 11938 12154 12151
f 12156 12155 11949
f 11949 12155 11948
f 12157 11949 11950
f 12157 12156 11949
f 11950 11941 12153
f 12158 11950 12153
f 12157 11950 12158
f 12158 12153 11943
f 11951 12158 11943
f 12159 12158 11951
f 12161 12159 12160
f 12159 11952 12160
f 12159 11951 11952
f 11953 12162 11952
f 11952 12162 12160
f 11954 12163 11953
f 11953 12163 12162
f 11956 12163 11954
f 12154 11957 11946
f 11957 12154 11947
f 12165 12164 11960
f 11960 12164 11959
f 12167 12165 12166
f 12165 11961 12166
f 12165 11960 11961
f 12168 12166 11961
f 11948 12168 11961
f 12155 12168 11948
f 12169 12161 12160
f 12169 12160 12162
f 12169 12162 12170
f 12170 12162 12163
f 12170 12163 12171
f 12173 12171 12172
f 12172 12171 11963
f 12171 12163 11963
f 12163 11956 11963
f 11964 12172 11963
f 12164 11965 11959
f 12174 11965 12164
f 12175 12167 12166
f 12175 12166 12168
f 12176 12173 12172
f 12172 11964 12176
f 11964 12177 12176
f 11964 11966 12177
f 12178 11968 11969
f 12179 12178 11969
f 11965 12179 11969
f 12174 12179 11965
f 12180 12177 11966
f 12180 11966 11970
f 11970 11971 12180
f 12180 11971 12181
f 12182 11972 11973
f 12183 12182 11973
f 12183 11973 11968
f 12184 12183 11968
f 12178 12184 11968
f 12184 12178 12179
f 11974 12181 11971
f 11974 12185 12181
f 12186 11975 12182
f 12182 11975 11972
f 12182 12183 12187
f 12182 12187 12186
f 12190 12189 12188
f 11976 11977 12188
f 12189 11976 12188
f 12191 11976 12189
f 11974 11976 12185
f 12185 11976 12191
f 12192 11978 12186
f 12186 11978 11975
f 12186 12187 12193
f 12186 12193 12192
f 12190 12188 12194
f 12190 12194 12195
f 11979 12194 11977
f 11977 12194 12188
f 12192 11980 11978
f 12197 12196 11982
f 12197 11982 11980
f 12193 12197 11980
f 12192 12193 11980
f 12199 12198 12196
f 12199 12196 12197
f 12200 12198 12199
f 12203 12202 12201
f 12201 12202 12195
f 12201 12195 12194
f 11985 12201 12194
f 11984 11985 12194
f 11984 12194 11979
f 12196 11987 11982
f 11987 12196 11989
f 12196 12204 11989
f 12196 12198 12204
f 12198 12200 12205
f 12198 12205 12204
f 12208 12207 12206
f 12210 12209 12206
f 12210 12206 12207
f 12212 12211 12209
f 12212 12209 12210
f 12211 12212 12203
f 12211 12203 12201
f 11992 12211 12201
f 11991 11992 12201
f 11991 12201 11985
f 12204 11994 11989
f 12214 12213 11995
f 12214 11995 11994
f 12205 12214 11994
f 12204 12205 11994
f 12216 12215 12213
f 12216 12213 12214
f 12218 12217 12215
f 12218 12215 12216
f 11997 11998 12217
f 12218 11997 12217
f 12219 11997 12218
f 12206 11999 12208
f 11999 12219 12208
f 11999 11997 12219
f 11999 12206 12000
f 12000 12206 12209
f 12000 12209 12001
f 12001 12209 12211
f 12001 12211 11992
f 12213 12003 11995
f 12003 12213 12005
f 12005 12213 12215
f 12005 12215 12006
f 12006 12215 12217
f 12006 12217 11998
f 12220 12009 12010
f 12011 12221 12010
f 12010 12221 12220
f 12013 12221 12011
f 12222 12021 12022
f 12222 12022 12223
f 12022 12224 12223
f 12022 12023 12224
f 12023 12009 12220
f 12225 12023 12220
f 12224 12023 12225
f 12225 12220 12221
f 12225 12221 12226
f 12226 12221 12013
f 12024 12226 12013
f 12227 12226 12024
f 12229 12227 12228
f 12227 12025 12228
f 12227 12024 12025
f 12228 12025 12230
f 12025 12231 12230
f 12025 12026 12231
f 12233 12231 12232
f 12231 12027 12232
f 12231 12026 12027
f 12028 12234 12027
f 12027 12234 12232
f 12029 12235 12028
f 12028 12235 12234
f 12030 12236 12029
f 12029 12236 12235
f 12031 12236 12030
f 12237 12032 12033
f 12034 12238 12033
f 12033 12238 12237
f 12035 12239 12034
f 12034 12239 12238
f 12239 12035 12240
f 12035 12241 12240
f 12035 12036 12241
f 12242 12036 12037
f 12242 12241 12036
f 12037 12021 12222
f 12243 12037 12222
f 12242 12037 12243
f 12243 12222 12223
f 12244 12229 12228
f 12244 12228 12230
f 12245 12233 12232
f 12245 12232 12234
f 12245 12234 12246
f 12246 12234 12235
f 12246 12235 12247
f 12247 12235 12236
f 12247 12236 12248
f 12248 12236 12031
f 12038 12248 12031
f 12249 12248 12038
f 12251 12249 12250
f 12249 12039 12250
f 12249 12038 12039
f 12041 12250 12039
f 12252 12043 12237
f 12237 12043 12032
f 12253 12237 12238
f 12252 12237 12253
f 12239 12255 12254
f 12253 12239 12254
f 12238 12239 12253
f 12255 12239 12240
f 12251 12250 12256
f 12251 12256 12257
f 12044 12258 12041
f 12258 12250 12041
f 12258 12256 12250
f 12045 12259 12044
f 12044 12259 12258
f 12046 12259 12045
f 12260 12048 12049
f 12261 12260 12049
f 12261 12049 12043
f 12262 12261 12043
f 12252 12262 12043
f 12262 12252 12253
f 12262 12253 12263
f 12263 12253 12254
f 12264 12257 12256
f 12264 12256 12258
f 12264 12258 12265
f 12265 12258 12259
f 12265 12259 12266
f 12259 12046 12266
f 12046 12267 12266
f 12046 12050 12267
f 12268 12051 12052
f 12053 12269 12052
f 12052 12269 12268
f 12270 12269 12053
f 12270 12053 12048
f 12271 12270 12048
f 12260 12271 12048
f 12271 12260 12261
f 12272 12267 12050
f 12272 12050 12054
f 12273 12054 12055
f 12273 12272 12054
f 12055 12057 12273
f 12273 12057 12274
f 12275 12058 12268
f 12268 12058 12051
f 12269 12277 12276
f 12275 12269 12276
f 12268 12269 12275
f 12277 12269 12270
f 12059 12274 12057
f 12059 12278 12274
f 12279 12060 12275
f 12275 12060 12058
f 12275 12276 12280
f 12275 12280 12279
f 12061 12278 12059
f 12061 12281 12278
f 12282 12062 12279
f 12279 12062 12060
f 12279 12280 12283
f 12279 12283 12282
f 12063 12285 12284
f 12281 12063 12284
f 12061 12063 12281
f 12285 12286 12284
f 12287 12065 12282
f 12282 12065 12062
f 12282 12283 12288
f 12282 12288 12287
f 12290 12289 12285
f 12063 12290 12285
f 12066 12290 12063
f 12285 12289 12286
f 12291 12068 12069
f 12292 12291 12069
f 12292 12069 12065
f 12293 12292 12065
f 12287 12293 12065
f 12293 12287 12288
f 12070 12290 12066
f 12070 12294 12290
f 12295 12072 12291
f 12291 12072 12068
f 12291 12292 12296
f 12291 12296 12295
f 12074 12294 12070
f 12074 12297 12294
f 12298 12076 12295
f 12295 12076 12072
f 12295 12296 12299
f 12295 12299 12298
f 12078 12297 12074
f 12078 12300 12297
f 12301 12080 12298
f 12298 12080 12076
f 12298 12299 12302
f 12298 12302 12301
f 12081 12300 12078
f 12081 12303 12300
f 12304 12083 12301
f 12301 12083 12080
f 12301 12302 12305
f 12301 12305 12304
f 12084 12303 12081
f 12084 12306 12303
f 12307 12086 12304
f 12304 12086 12083
f 12304 12305 12308
f 12304 12308 12307
f 12087 12306 12084
f 12087 12309 12306
f 12307 12089 12086
f 12308 12310 12307
f 12310 12089 12307
f 12310 12092 12089
f 12312 12311 12093
f 12092 12312 12093
f 12310 12312 12092
f 12313 12311 12312
f 12094 12309 12087
f 12094 12314 12309
f 12311 12098 12093
f 12100 12098 12311
f 12313 12100 12311
f 12315 12100 12313
f 12318 12317 12316
f 12317 12314 12316
f 12314 12101 12316
f 12314 12094 12101
f 12320 12106 12319
f 12106 12315 12319
f 12106 12100 12315
f 12321 12320 12319
f 12324 12323 12322
f 12322 12323 12318
f 12316 12322 12318
f 12325 12322 12316
f 12107 12325 12101
f 12101 12325 12316
f 12320 12112 12106
f 12327 12326 12113
f 12327 12113 12112
f 12321 12327 12112
f 12320 12321 12112
f 12328 12326 12327
f 12331 12330 12329
f 12333 12332 12329
f 12333 12329 12330
f 12332 12333 12324
f 12322 12332 12324
f 12334 12332 12322
f 12335 12322 12325
f 12334 12322 12335
f 12114 12335 12107
f 12107 12335 12325
f 12326 12117 12113
f 12328 12336 12326
f 12336 12117 12326
f 12336 12118 12117
f 12118 12337 12119
f 12336 12337 12118
f 12120 12119 12337
f 12120 12337 12338
f 12341 12340 12339
f 12343 12342 12339
f 12343 12339 12340
f 12345 12344 12342
f 12345 12342 12343
f 12347 12346 12344
f 12347 12344 12345
f 12349 12348 12346
f 12349 12346 12347
f 12351 12350 12348
f 12351 12348 12349
f 12352 12350 12351
f 12355 12354 12353
f 12353 12354 12331
f 12353 12331 12329
f 12123 12353 12329
f 12122 12123 12329
f 12122 12329 12124
f 12124 12329 12332
f 12124 12332 12125
f 12125 12332 12334
f 12125 12334 12127
f 12127 12334 12335
f 12127 12335 12114
f 12338 12356 12120
f 12120 12356 12129
f 12129 12357 12131
f 12356 12357 12129
f 12131 12358 12133
f 12357 12358 12131
f 12360 12359 12134
f 12133 12360 12134
f 12358 12360 12133
f 12361 12359 12360
f 12364 12363 12362
f 12135 12136 12362
f 12363 12135 12362
f 12365 12135 12363
f 12339 12137 12341
f 12137 12365 12341
f 12137 12135 12365
f 12137 12339 12138
f 12138 12339 12342
f 12138 12342 12139
f 12139 12342 12344
f 12139 12344 12140
f 12344 12366 12140
f 12344 12346 12366
f 12367 12346 12348
f 12366 12346 12367
f 12368 12348 12350
f 12367 12348 12368
f 12369 12141 12142
f 12350 12369 12142
f 12368 12350 12142
f 12369 12350 12352
f 12353 12143 12355
f 12143 12369 12355
f 12143 12141 12369
f 12143 12353 12123
f 12359 12144 12134
f 12371 12370 12145
f 12371 12145 12144
f 12361 12371 12144
f 12359 12361 12144
f 12370 12371 12364
f 12370 12364 12362
f 12147 12370 12362
f 12146 12147 12362
f 12146 12362 12136
f 12366 12148 12140
f 12148 12366 12149
f 12149 12366 12367
f 12149 12367 12150
f 12150 12367 12368
f 12150 12368 12142
f 12370 12152 12145
f 12152 12370 12147
f 12372 12155 12156
f 12157 12373 12156
f 12156 12373 12372
f 12158 12374 12157
f 12157 12374 12373
f 12159 12375 12158
f 12158 12375 12374
f 12161 12375 12159
f 12376 12164 12165
f 12167 12376 12165
f 12377 12168 12372
f 12372 12168 12155
f 12378 12372 12373
f 12377 12372 12378
f 12374 12380 12379
f 12378 12374 12379
f 12373 12374 12378
f 12380 12374 12375
f 12380 12375 12381
f 12383 12381 12382
f 12382 12381 12169
f 12381 12375 12169
f 12375 12161 12169
f 12170 12384 12169
f 12169 12384 12382
f 12171 12385 12170
f 12170 12385 12384
f 12173 12385 12171
f 12387 12386 12376
f 12386 12164 12376
f 12386 12174 12164
f 12387 12376 12167
f 12175 12387 12167
f 12388 12387 12175
f 12175 12168 12377
f 12389 12175 12377
f 12388 12175 12389
f 12389 12377 12378
f 12389 12378 12390
f 12390 12378 12379
f 12391 12383 12382
f 12391 12382 12384
f 12391 12384 12392
f 12394 12393 12392
f 12384 12394 12392
f 12385 12394 12384
f 12176 12395 12173
f 12395 12385 12173
f 12395 12394 12385
f 12177 12395 12176
f 12397 12179 12396
f 12179 12386 12396
f 12179 12174 12386
f 12398 12397 12396
f 12399 12393 12394
f 12401 12400 12399
f 12394 12401 12399
f 12395 12401 12394
f 12180 12402 12177
f 12402 12395 12177
f 12402 12401 12395
f 12181 12402 12180
f 12403 12183 12184
f 12179 12397 12184
f 12397 12403 12184
f 12397 12404 12403
f 12397 12398 12405
f 12397 12405 12404
f 12400 12401 12406
f 12400 12406 12407
f 12408 12401 12402
f 12406 12401 12408
f 12185 12408 12181
f 12181 12408 12402
f 12409 12187 12403
f 12403 12187 12183
f 12410 12403 12404
f 12409 12403 12410
f 12404 12405 12411
f 12404 12411 12410
f 12414 12413 12412
f 12416 12415 12412
f 12416 12412 12413
f 12415 12416 12407
f 12415 12407 12406
f 12190 12415 12406
f 12189 12190 12406
f 12189 12406 12191
f 12191 12406 12408
f 12191 12408 12185
f 12417 12193 12409
f 12409 12193 12187
f 12418 12409 12410
f 12417 12409 12418
f 12410 12411 12419
f 12410 12419 12418
f 12414 12412 12420
f 12414 12420 12421
f 12422 12412 12415
f 12420 12412 12422
f 12195 12422 12190
f 12190 12422 12415
f 12417 12197 12193
f 12197 12417 12199
f 12199 12417 12418
f 12424 12423 12200
f 12424 12200 12199
f 12419 12424 12199
f 12418 12419 12199
f 12425 12423 12424
f 12428 12427 12426
f 12430 12429 12426
f 12430 12426 12427
f 12432 12431 12429
f 12432 12429 12430
f 12431 12432 12421
f 12420 12431 12421
f 12433 12431 12420
f 12203 12433 12202
f 12433 12422 12202
f 12433 12420 12422
f 12202 12422 12195
f 12434 12205 12423
f 12423 12205 12200
f 12423 12425 12435
f 12436 12423 12435
f 12434 12423 12436
f 12438 12437 12436
f 12438 12436 12435
f 12437 12438 12428
f 12426 12437 12428
f 12439 12437 12426
f 12208 12439 12207
f 12439 12429 12207
f 12439 12426 12429
f 12207 12429 12210
f 12210 12429 12431
f 12210 12431 12212
f 12212 12431 12433
f 12212 12433 12203
f 12434 12214 12205
f 12214 12434 12216
f 12216 12434 12436
f 12216 12436 12218
f 12218 12436 12437
f 12218 12437 12219
f 12219 12437 12439
f 12219 12439 12208
f 12440 12223 12224
f 12225 12441 12224
f 12224 12441 12440
f 12226 12442 12225
f 12225 12442 12441
f 12227 12443 12226
f 12226 12443 12442
f 12229 12443 12227
f 12444 12230 12231
f 12233 12444 12231
f 12445 12240 12241
f 12242 12446 12241
f 12241 12446 12445
f 12243 12447 12242
f 12242 12447 12446
f 12223 12440 12243
f 12440 12447 12243
f 12440 12448 12447
f 12441 12450 12449
f 12448 12441 12449
f 12440 12441 12448
f 12450 12441 12442
f 12450 12442 12451
f 12451 12442 12443
f 12451 12443 12452
f 12452 12443 12229
f 12244 12452 12229
f 12453 12452 12244
f 12244 12230 12444
f 12454 12244 12444
f 12453 12244 12454
f 12454 12444 12233
f 12245 12454 12233
f 12455 12454 12245
f 12456 12245 12246
f 12456 12455 12245
f 12458 12456 12457
f 12456 12247 12457
f 12456 12246 12247
f 12248 12459 12247
f 12247 12459 12457
f 12249 12460 12248
f 12248 12460 12459
f 12251 12460 12249
f 12461 12254 12255
f 12240 12445 12255
f 12445 12461 12255
f 12445 12462 12461
f 12463 12445 12446
f 12462 12445 12463
f 12447 12465 12464
f 12463 12447 12464
f 12446 12447 12463
f 12465 12447 12448
f 12465 12448 12466
f 12466 12448 12449
f 12467 12458 12457
f 12469 12468 12467
f 12457 12469 12467
f 12459 12469 12457
f 12470 12459 12460
f 12469 12459 12470
f 12257 12470 12251
f 12251 12470 12460
f 12471 12261 12262
f 12263 12472 12262
f 12262 12472 12471
f 12473 12472 12263
f 12473 12263 12254
f 12474 12473 12254
f 12461 12474 12254
f 12474 12461 12462
f 12474 12462 12475
f 12475 12462 12463
f 12475 12463 12476
f 12476 12463 12464
f 12477 12468 12469
f 12479 12478 12477
f 12469 12479 12477
f 12470 12479 12469
f 12264 12480 12257
f 12480 12470 12257
f 12480 12479 12470
f 12265 12481 12264
f 12264 12481 12480
f 12266 12482 12265
f 12265 12482 12481
f 12267 12482 12266
f 12483 12270 12271
f 12261 12471 12271
f 12471 12483 12271
f 12471 12484 12483
f 12472 12486 12485
f 12484 12472 12485
f 12471 12472 12484
f 12486 12472 12473
f 12487 12478 12479
f 12487 12479 12480
f 12487 12480 12488
f 12488 12480 12481
f 12488 12481 12489
f 12489 12481 12482
f 12489 12482 12490
f 12490 12482 12267
f 12272 12490 12267
f 12491 12490 12272
f 12493 12491 12492
f 12491 12273 12492
f 12491 12272 12273
f 12274 12492 12273
f 12494 12276 12277
f 12495 12494 12277
f 12495 12277 12270
f 12496 12495 12270
f 12483 12496 12270
f 12496 12483 12484
f 12496 12484 12497
f 12497 12484 12485
f 12498 12493 12492
f 12492 12274 12498
f 12274 12499 12498
f 12274 12278 12499
f 12500 12280 12494
f 12494 12280 12276
f 12494 12495 12501
f 12494 12501 12500
f 12281 12499 12278
f 12281 12502 12499
f 12504 12503 12500
f 12503 12280 12500
f 12503 12283 12280
f 12504 12500 12501
f 12281 12284 12505
f 12506 12281 12505
f 12502 12281 12506
f 12286 12505 12284
f 12503 12288 12283
f 12507 12288 12503
f 12506 12505 12289
f 12290 12506 12289
f 12508 12506 12290
f 12289 12505 12286
f 12509 12292 12293
f 12510 12509 12293
f 12288 12510 12293
f 12507 12510 12288
f 12294 12508 12290
f 12294 12511 12508
f 12512 12296 12509
f 12509 12296 12292
f 12509 12510 12513
f 12514 12509 12513
f 12512 12509 12514
f 12515 12514 12513
f 12297 12511 12294
f 12297 12516 12511
f 12517 12299 12512
f 12512 12299 12296
f 12518 12512 12514
f 12517 12512 12518
f 12514 12515 12519
f 12514 12519 12518
f 12522 12521 12520
f 12521 12516 12520
f 12516 12300 12520
f 12516 12297 12300
f 12523 12302 12517
f 12517 12302 12299
f 12524 12517 12518
f 12523 12517 12524
f 12518 12519 12525
f 12526 12518 12525
f 12524 12518 12526
f 12527 12526 12525
f 12522 12520 12528
f 12522 12528 12529
f 12303 12528 12300
f 12300 12528 12520
f 12530 12305 12523
f 12523 12305 12302
f 12531 12523 12524
f 12530 12523 12531
f 12532 12524 12526
f 12531 12524 12532
f 12526 12527 12533
f 12526 12533 12532
f 12529 12528 12534
f 12529 12534 12535
f 12306 12534 12303
f 12303 12534 12528
f 12536 12308 12530
f 12530 12308 12305
f 12537 12530 12531
f 12536 12530 12537
f 12538 12531 12532
f 12537 12531 12538
f 12532 12533 12539
f 12532 12539 12538
f 12535 12534 12540
f 12535 12540 12541
f 12309 12540 12306
f 12306 12540 12534
f 12536 12310 12308
f 12310 12536 12312
f 12312 12536 12537
f 12312 12537 12313
f 12537 12542 12313
f 12537 12538 12542
f 12538 12539 12543
f 12544 12538 12543
f 12542 12538 12544
f 12545 12544 12543
f 12548 12547 12546
f 12546 12547 12541
f 12540 12546 12541
f 12549 12546 12540
f 12314 12549 12309
f 12309 12549 12540
f 12550 12315 12542
f 12542 12315 12313
f 12551 12542 12544
f 12550 12542 12551
f 12544 12545 12552
f 12553 12544 12552
f 12551 12544 12553
f 12555 12554 12553
f 12555 12553 12552
f 12556 12554 12555
f 12548 12546 12557
f 12548 12557 12558
f 12318 12557 12317
f 12557 12549 12317
f 12557 12546 12549
f 12317 12549 12314
f 12550 12319 12315
f 12319 12550 12321
f 12550 12559 12321
f 12550 12551 12559
f 12560 12551 12553
f 12559 12551 12560
f 12561 12553 12554
f 12560 12553 12561
f 12554 12556 12562
f 12554 12562 12561
f 12565 12564 12563
f 12567 12566 12563
f 12567 12563 12564
f 12566 12567 12558
f 12566 12558 12557
f 12324 12566 12557
f 12323 12324 12557
f 12323 12557 12318
f 12559 12327 12321
f 12327 12559 12328
f 12559 12568 12328
f 12559 12560 12568
f 12569 12560 12561
f 12568 12560 12569
f 12561 12562 12570
f 12561 12570 12569
f 12573 12572 12571
f 12575 12574 12571
f 12575 12571 12572
f 12576 12574 12575
f 12579 12578 12577
f 12581 12580 12577
f 12581 12577 12578
f 12583 12582 12580
f 12583 12580 12581
f 12585 12584 12582
f 12585 12582 12583
f 12587 12586 12584
f 12587 12584 12585
f 12586 12587 12565
f 12586 12565 12563
f 12331 12586 12563
f 12330 12331 12563
f 12330 12563 12333
f 12333 12563 12566
f 12333 12566 12324
f 12568 12336 12328
f 12336 12568 12337
f 12337 12568 12569
f 12589 12588 12338
f 12589 12338 12337
f 12570 12589 12337
f 12569 12570 12337
f 12591 12590 12588
f 12591 12588 12589
f 12593 12592 12590
f 12593 12590 12591
f 12595 12594 12592
f 12595 12592 12593
f 12597 12596 12594
f 12597 12594 12595
f 12599 12598 12596
f 12599 12596 12597
f 12601 12600 12598
f 12601 12598 12599
f 12600 12601 12573
f 12600 12573 12571
f 12341 12600 12571
f 12340 12341 12571
f 12340 12571 12343
f 12343 12571 12574
f 12576 12602 12574
f 12602 12343 12574
f 12602 12345 12343
f 12577 12347 12579
f 12347 12602 12579
f 12347 12345 12602
f 12347 12577 12349
f 12349 12577 12580
f 12349 12580 12351
f 12351 12580 12582
f 12351 12582 12352
f 12582 12603 12352
f 12582 12584 12603
f 12355 12603 12354
f 12603 12586 12354
f 12603 12584 12586
f 12354 12586 12331
f 12588 12356 12338
f 12356 12588 12357
f 12357 12588 12590
f 12357 12590 12358
f 12358 12590 12592
f 12358 12592 12360
f 12360 12592 12594
f 12360 12594 12361
f 12594 12604 12361
f 12594 12596 12604
f 12364 12604 12363
f 12604 12598 12363
f 12604 12596 12598
f 12363 12598 12365
f 12365 12598 12600
f 12365 12600 12341
f 12603 12369 12352
f 12369 12603 12355
f 12604 12371 12361
f 12371 12604 12364
f 12605 12379 12380
f 12381 12606 12380
f 12380 12606 12605
f 12383 12606 12381
f 12607 12386 12387
f 12388 12608 12387
f 12387 12608 12607
f 12389 12609 12388
f 12388 12609 12608
f 12390 12610 12389
f 12389 12610 12609
f 12379 12605 12390
f 12605 12610 12390
f 12605 12611 12610
f 12612 12605 12606
f 12611 12605 12612
f 12391 12613 12383
f 12613 12606 12383
f 12613 12612 12606
f 12392 12614 12391
f 12391 12614 12613
f 12393 12614 12392
f 12607 12396 12386
f 12396 12607 12398
f 12607 12615 12398
f 12607 12608 12615
f 12616 12608 12609
f 12615 12608 12616
f 12617 12609 12610
f 12616 12609 12617
f 12618 12610 12611
f 12617 12610 12618
f 12619 12611 12612
f 12618 12611 12619
f 12620 12612 12613
f 12619 12612 12620
f 12621 12613 12614
f 12620 12613 12621
f 12399 12622 12393
f 12622 12614 12393
f 12622 12621 12614
f 12400 12622 12399
f 12623 12405 12615
f 12615 12405 12398
f 12624 12615 12616
f 12623 12615 12624
f 12625 12616 12617
f 12624 12616 12625
f 12626 12617 12618
f 12625 12617 12626
f 12627 12618 12619
f 12626 12618 12627
f 12628 12619 12620
f 12627 12619 12628
f 12629 12620 12621
f 12628 12620 12629
f 12630 12621 12622
f 12629 12621 12630
f 12407 12630 12400
f 12400 12630 12622
f 12631 12411 12623
f 12623 12411 12405
f 12632 12623 12624
f 12631 12623 12632
f 12633 12624 12625
f 12632 12624 12633
f 12634 12625 12626
f 12633 12625 12634
f 12635 12626 12627
f 12634 12626 12635
f 12636 12627 12628
f 12635 12627 12636
f 12414 12636 12413
f 12636 12629 12413
f 12636 12628 12629
f 12413 12629 12416
f 12416 12629 12630
f 12416 12630 12407
f 12637 12419 12631
f 12631 12419 12411
f 12638 12631 12632
f 12637 12631 12638
f 12639 12632 12633
f 12638 12632 12639
f 12640 12633 12634
f 12639 12633 12640
f 12641 12634 12635
f 12640 12634 12641
f 12642 12635 12636
f 12641 12635 12642
f 12421 12642 12414
f 12414 12642 12636
f 12637 12424 12419
f 12424 12637 12425
f 12637 12643 12425
f 12637 12638 12643
f 12644 12638 12639
f 12643 12638 12644
f 12428 12644 12427
f 12644 12640 12427
f 12644 12639 12640
f 12427 12640 12430
f 12430 12640 12641
f 12430 12641 12432
f 12432 12641 12642
f 12432 12642 12421
f 12643 12435 12425
f 12435 12643 12438
f 12438 12643 12644
f 12438 12644 12428
f 12645 12449 12450
f 12451 12646 12450
f 12450 12646 12645
f 12452 12647 12451
f 12451 12647 12646
f 12453 12648 12452
f 12452 12648 12647
f 12454 12649 12453
f 12453 12649 12648
f 12455 12650 12454
f 12454 12650 12649
f 12456 12651 12455
f 12455 12651 12650
f 12458 12651 12456
f 12652 12464 12465
f 12466 12653 12465
f 12465 12653 12652
f 12449 12645 12466
f 12645 12653 12466
f 12645 12654 12653
f 12655 12645 12646
f 12654 12645 12655
f 12656 12646 12647
f 12655 12646 12656
f 12657 12647 12648
f 12656 12647 12657
f 12658 12648 12649
f 12657 12648 12658
f 12650 12660 12659
f 12658 12650 12659
f 12649 12650 12658
f 12662 12661 12660
f 12650 12662 12660
f 12651 12662 12650
f 12467 12663 12458
f 12663 12651 12458
f 12663 12662 12651
f 12468 12663 12467
f 12664 12473 12474
f 12475 12665 12474
f 12474 12665 12664
f 12476 12666 12475
f 12475 12666 12665
f 12667 12666 12476
f 12667 12476 12464
f 12668 12667 12464
f 12652 12668 12464
f 12668 12652 12653
f 12668 12653 12669
f 12669 12653 12654
f 12669 12654 12670
f 12670 12654 12655
f 12670 12655 12671
f 12671 12655 12656
f 12671 12656 12672
f 12672 12656 12657
f 12672 12657 12673
f 12673 12657 12658
f 12673 12658 12674
f 12674 12658 12659
f 12661 12662 12675
f 12661 12675 12676
f 12677 12662 12663
f 12675 12662 12677
f 12477 12678 12468
f 12678 12663 12468
f 12678 12677 12663
f 12478 12678 12477
f 12679 12485 12486
f 12473 12664 12486
f 12664 12679 12486
f 12664 12680 12679
f 12681 12664 12665
f 12680 12664 12681
f 12666 12683 12682
f 12681 12666 12682
f 12665 12666 12681
f 12683 12666 12667
f 12684 12676 12675
f 12686 12685 12684
f 12675 12686 12684
f 12677 12686 12675
f 12687 12677 12678
f 12686 12677 12687
f 12487 12688 12478
f 12688 12678 12478
f 12688 12687 12678
f 12488 12689 12487
f 12487 12689 12688
f 12489 12690 12488
f 12488 12690 12689
f 12490 12691 12489
f 12489 12691 12690
f 12491 12692 12490
f 12490 12692 12691
f 12493 12692 12491
f 12693 12495 12496
f 12497 12694 12496
f 12496 12694 12693
f 12485 12679 12497
f 12679 12694 12497
f 12679 12695 12694
f 12696 12679 12680
f 12695 12679 12696
f 12697 12680 12681
f 12696 12680 12697
f 12681 12682 12698
f 12681 12698 12697
f 12699 12685 12686
f 12699 12686 12687
f 12699 12687 12700
f 12702 12701 12700
f 12687 12702 12700
f 12688 12702 12687
f 12703 12688 12689
f 12702 12688 12703
f 12704 12689 12690
f 12703 12689 12704
f 12705 12690 12691
f 12704 12690 12705
f 12706 12691 12692
f 12705 12691 12706
f 12498 12707 12493
f 12707 12692 12493
f 12707 12706 12692
f 12499 12707 12498
f 12708 12501 12693
f 12693 12501 12495
f 12709 12693 12694
f 12708 12693 12709
f 12710 12694 12695
f 12709 12694 12710
f 12696 12712 12711
f 12710 12696 12711
f 12695 12696 12710
f 12712 12696 12697
f 12712 12697 12713
f 12713 12697 12698
f 12714 12701 12702
f 12714 12702 12703
f 12714 12703 12715
f 12717 12716 12715
f 12703 12717 12715
f 12704 12717 12703
f 12705 12719 12718
f 12717 12705 12718
f 12704 12705 12717
f 12721 12720 12719
f 12705 12721 12719
f 12706 12721 12705
f 12722 12706 12707
f 12721 12706 12722
f 12502 12722 12499
f 12499 12722 12707
f 12723 12503 12504
f 12501 12708 12504
f 12708 12723 12504
f 12708 12724 12723
f 12725 12708 12709
f 12724 12708 12725
f 12710 12727 12726
f 12725 12710 12726
f 12709 12710 12725
f 12727 12710 12711
f 12728 12716 12717
f 12728 12717 12718
f 12720 12721 12729
f 12720 12729 12730
f 12731 12721 12722
f 12729 12721 12731
f 12506 12731 12502
f 12502 12731 12722
f 12732 12507 12723
f 12723 12507 12503
f 12733 12723 12724
f 12732 12723 12733
f 12734 12724 12725
f 12733 12724 12734
f 12725 12726 12735
f 12725 12735 12734
f 12730 12729 12736
f 12730 12736 12737
f 12738 12729 12731
f 12736 12729 12738
f 12508 12738 12506
f 12506 12738 12731
f 12739 12510 12732
f 12732 12510 12507
f 12740 12732 12733
f 12739 12732 12740
f 12741 12733 12734
f 12740 12733 12741
f 12734 12735 12742
f 12734 12742 12741
f 12737 12736 12743
f 12737 12743 12744
f 12745 12736 12738
f 12743 12736 12745
f 12511 12745 12508
f 12508 12745 12738
f 12739 12513 12510
f 12513 12739 12515
f 12739 12746 12515
f 12739 12740 12746
f 12741 12748 12747
f 12746 12741 12747
f 12740 12741 12746
f 12748 12741 12742
f 12744 12743 12749
f 12744 12749 12750
f 12751 12743 12745
f 12749 12743 12751
f 12516 12751 12511
f 12511 12751 12745
f 12752 12519 12746
f 12746 12519 12515
f 12746 12747 12753
f 12746 12753 12752
f 12754 12750 12749
f 12522 12755 12521
f 12755 12749 12521
f 12749 12751 12521
f 12755 12754 12749
f 12521 12751 12516
f 12752 12525 12519
f 12757 12756 12527
f 12757 12527 12525
f 12753 12757 12525
f 12752 12753 12525
f 12758 12756 12757
f 12529 12755 12522
f 12529 12759 12755
f 12760 12533 12756
f 12756 12533 12527
f 12756 12758 12761
f 12762 12756 12761
f 12760 12756 12762
f 12764 12763 12762
f 12764 12762 12761
f 12765 12763 12764
f 12768 12767 12766
f 12767 12759 12766
f 12759 12535 12766
f 12759 12529 12535
f 12769 12539 12760
f 12760 12539 12533
f 12770 12760 12762
f 12769 12760 12770
f 12771 12762 12763
f 12770 12762 12771
f 12763 12765 12772
f 12773 12763 12772
f 12771 12763 12773
f 12775 12774 12773
f 12775 12773 12772
f 12776 12774 12775
f 12768 12766 12777
f 12768 12777 12778
f 12541 12777 12535
f 12535 12777 12766
f 12769 12543 12539
f 12543 12769 12545
f 12769 12779 12545
f 12769 12770 12779
f 12780 12770 12771
f 12779 12770 12780
f 12781 12771 12773
f 12780 12771 12781
f 12782 12773 12774
f 12781 12773 12782
f 12774 12776 12783
f 12774 12783 12782
f 12786 12785 12784
f 12784 12785 12778
f 12784 12778 12777
f 12548 12784 12777
f 12547 12548 12777
f 12547 12777 12541
f 12779 12552 12545
f 12552 12779 12555
f 12555 12779 12780
f 12555 12780 12556
f 12780 12787 12556
f 12780 12781 12787
f 12788 12781 12782
f 12787 12781 12788
f 12782 12783 12789
f 12790 12782 12789
f 12788 12782 12790
f 12792 12791 12790
f 12792 12790 12789
f 12793 12791 12792
f 12786 12784 12794
f 12786 12794 12795
f 12558 12794 12548
f 12548 12794 12784
f 12796 12562 12787
f 12787 12562 12556
f 12797 12787 12788
f 12796 12787 12797
f 12798 12788 12790
f 12797 12788 12798
f 12799 12790 12791
f 12798 12790 12799
f 12791 12793 12800
f 12791 12800 12799
f 12803 12802 12801
f 12804 12801 12802
f 12807 12806 12805
f 12808 12805 12806
f 12810 12809 12564
f 12810 12564 12565
f 12794 12567 12795
f 12567 12809 12795
f 12567 12564 12809
f 12567 12794 12558
f 12811 12570 12796
f 12796 12570 12562
f 12812 12796 12797
f 12811 12796 12812
f 12813 12797 12798
f 12812 12797 12813
f 12814 12798 12799
f 12813 12798 12814
f 12799 12800 12815
f 12816 12799 12815
f 12814 12799 12816
f 12818 12817 12816
f 12818 12816 12815
f 12820 12819 12817
f 12820 12817 12818
f 12572 12573 12819
f 12820 12572 12819
f 12821 12572 12820
f 12801 12575 12803
f 12575 12821 12803
f 12575 12572 12821
f 12823 12822 12576
f 12823 12576 12575
f 12804 12823 12575
f 12801 12804 12575
f 12578 12579 12822
f 12823 12578 12822
f 12824 12578 12823
f 12578 12825 12581
f 12824 12825 12578
f 12805 12583 12807
f 12583 12825 12807
f 12583 12581 12825
f 12808 12826 12805
f 12826 12583 12805
f 12826 12585 12583
f 12585 12827 12587
f 12826 12827 12585
f 12565 12587 12810
f 12810 12587 12827
f 12811 12589 12570
f 12589 12811 12591
f 12591 12811 12812
f 12591 12812 12593
f 12593 12812 12813
f 12593 12813 12595
f 12595 12813 12814
f 12595 12814 12597
f 12597 12814 12816
f 12597 12816 12599
f 12599 12816 12817
f 12599 12817 12601
f 12601 12817 12819
f 12601 12819 12573
f 12822 12602 12576
f 12602 12822 12579
f 12828 12659 12660
f 12661 12828 12660
f 12829 12667 12668
f 12669 12830 12668
f 12668 12830 12829
f 12670 12831 12669
f 12669 12831 12830
f 12671 12832 12670
f 12670 12832 12831
f 12832 12671 12833
f 12671 12834 12833
f 12671 12672 12834
f 12835 12672 12673
f 12835 12834 12672
f 12836 12673 12674
f 12836 12835 12673
f 12836 12674 12659
f 12837 12836 12659
f 12828 12837 12659
f 12836 12837 12838
f 12676 12837 12661
f 12661 12837 12828
f 12839 12682 12683
f 12667 12829 12683
f 12829 12839 12683
f 12829 12840 12839
f 12830 12842 12841
f 12840 12830 12841
f 12829 12830 12840
f 12842 12830 12831
f 12842 12831 12843
f 12843 12831 12832
f 12843 12832 12844
f 12844 12832 12833
f 12845 12838 12837
f 12845 12837 12676
f 12684 12845 12676
f 12846 12845 12684
f 12684 12685 12846
f 12846 12685 12847
f 12848 12698 12839
f 12839 12698 12682
f 12840 12850 12849
f 12848 12840 12849
f 12839 12840 12848
f 12850 12840 12841
f 12685 12699 12851
f 12852 12685 12851
f 12847 12685 12852
f 12700 12853 12699
f 12699 12853 12851
f 12701 12853 12700
f 12854 12711 12712
f 12713 12855 12712
f 12712 12855 12854
f 12698 12848 12713
f 12848 12855 12713
f 12848 12856 12855
f 12848 12849 12857
f 12848 12857 12856
f 12852 12851 12858
f 12852 12858 12859
f 12860 12851 12853
f 12858 12851 12860
f 12714 12861 12701
f 12861 12853 12701
f 12861 12860 12853
f 12715 12862 12714
f 12714 12862 12861
f 12716 12862 12715
f 12863 12718 12719
f 12720 12863 12719
f 12864 12726 12727
f 12711 12854 12727
f 12854 12864 12727
f 12854 12865 12864
f 12866 12854 12855
f 12865 12854 12866
f 12856 12868 12867
f 12866 12856 12867
f 12855 12856 12866
f 12868 12856 12857
f 12869 12859 12858
f 12871 12870 12869
f 12858 12871 12869
f 12860 12871 12858
f 12872 12860 12861
f 12871 12860 12872
f 12873 12861 12862
f 12872 12861 12873
f 12728 12874 12716
f 12874 12862 12716
f 12874 12873 12862
f 12718 12863 12728
f 12863 12874 12728
f 12863 12875 12874
f 12730 12875 12720
f 12720 12875 12863
f 12876 12735 12864
f 12864 12735 12726
f 12877 12864 12865
f 12876 12864 12877
f 12878 12865 12866
f 12877 12865 12878
f 12866 12867 12879
f 12866 12879 12878
f 12882 12881 12880
f 12880 12881 12870
f 12871 12880 12870
f 12883 12880 12871
f 12884 12871 12872
f 12883 12871 12884
f 12885 12872 12873
f 12884 12872 12885
f 12886 12873 12874
f 12885 12873 12886
f 12887 12874 12875
f 12886 12874 12887
f 12737 12887 12730
f 12730 12887 12875
f 12888 12742 12876
f 12876 12742 12735
f 12889 12876 12877
f 12888 12876 12889
f 12890 12877 12878
f 12889 12877 12890
f 12878 12879 12891
f 12878 12891 12890
f 12882 12880 12892
f 12882 12892 12893
f 12894 12880 12883
f 12892 12880 12894
f 12895 12883 12884
f 12894 12883 12895
f 12896 12884 12885
f 12895 12884 12896
f 12897 12885 12886
f 12896 12885 12897
f 12898 12886 12887
f 12897 12886 12898
f 12744 12898 12737
f 12737 12898 12887
f 12899 12747 12748
f 12742 12888 12748
f 12888 12899 12748
f 12888 12900 12899
f 12901 12888 12889
f 12900 12888 12901
f 12902 12889 12890
f 12901 12889 12902
f 12890 12891 12903
f 12890 12903 12902
f 12904 12893 12892
f 12904 12892 12894
f 12904 12894 12905
f 12905 12894 12895
f 12905 12895 12906
f 12908 12907 12906
f 12895 12908 12906
f 12896 12908 12895
f 12909 12896 12897
f 12908 12896 12909
f 12910 12897 12898
f 12909 12897 12910
f 12750 12910 12744
f 12744 12910 12898
f 12911 12753 12899
f 12899 12753 12747
f 12912 12899 12900
f 12911 12899 12912
f 12913 12900 12901
f 12912 12900 12913
f 12902 12915 12914
f 12913 12902 12914
f 12901 12902 12913
f 12915 12902 12903
f 12916 12907 12908
f 12916 12908 12909
f 12916 12909 12917
f 12919 12918 12917
f 12909 12919 12917
f 12910 12919 12909
f 12754 12920 12750
f 12920 12910 12750
f 12920 12919 12910
f 12755 12920 12754
f 12911 12757 12753
f 12757 12911 12758
f 12911 12921 12758
f 12911 12912 12921
f 12922 12912 12913
f 12921 12912 12922
f 12913 12914 12923
f 12913 12923 12922
f 12924 12918 12919
f 12926 12925 12924
f 12919 12926 12924
f 12920 12926 12919
f 12759 12926 12755
f 12755 12926 12920
f 12921 12761 12758
f 12761 12921 12764
f 12764 12921 12922
f 12928 12927 12765
f 12928 12765 12764
f 12923 12928 12764
f 12922 12923 12764
f 12929 12927 12928
f 12932 12931 12930
f 12933 12930 12931
f 12936 12935 12934
f 12934 12935 12925
f 12934 12925 12926
f 12768 12934 12926
f 12767 12768 12926
f 12767 12926 12759
f 12927 12772 12765
f 12929 12937 12927
f 12937 12772 12927
f 12937 12775 12772
f 12939 12938 12776
f 12775 12939 12776
f 12937 12939 12775
f 12941 12940 12938
f 12941 12938 12939
f 12943 12942 12940
f 12943 12940 12941
f 12944 12942 12943
f 12947 12946 12945
f 12945 12946 12932
f 12930 12945 12932
f 12948 12945 12930
f 12930 12933 12949
f 12950 12930 12949
f 12948 12930 12950
f 12951 12950 12949
f 12936 12934 12952
f 12936 12952 12953
f 12778 12952 12768
f 12768 12952 12934
f 12954 12783 12938
f 12938 12783 12776
f 12955 12938 12940
f 12954 12938 12955
f 12956 12940 12942
f 12955 12940 12956
f 12942 12944 12957
f 12958 12942 12957
f 12956 12942 12958
f 12958 12957 12947
f 12945 12958 12947
f 12959 12958 12945
f 12960 12945 12948
f 12959 12945 12960
f 12961 12948 12950
f 12960 12948 12961
f 12950 12951 12962
f 12963 12950 12962
f 12961 12950 12963
f 12965 12964 12963
f 12965 12963 12962
f 12967 12966 12964
f 12967 12964 12965
f 12969 12968 12966
f 12969 12966 12967
f 12971 12970 12968
f 12971 12968 12969
f 12972 12970 12971
f 12953 12952 12785
f 12786 12953 12785
f 12973 12953 12786
f 12785 12952 12778
f 12954 12789 12783
f 12789 12954 12792
f 12792 12954 12955
f 12792 12955 12793
f 12955 12974 12793
f 12955 12956 12974
f 12975 12956 12958
f 12974 12956 12975
f 12976 12958 12959
f 12975 12958 12976
f 12977 12959 12960
f 12976 12959 12977
f 12978 12960 12961
f 12977 12960 12978
f 12979 12961 12963
f 12978 12961 12979
f 12980 12963 12964
f 12979 12963 12980
f 12981 12964 12966
f 12980 12964 12981
f 12982 12966 12968
f 12981 12966 12982
f 12983 12968 12970
f 12982 12968 12983
f 12970 12972 12984
f 12985 12970 12984
f 12983 12970 12985
f 12987 12986 12985
f 12987 12985 12984
f 12987 12973 12986
f 12973 12795 12986
f 12973 12786 12795
f 12988 12800 12974
f 12974 12800 12793
f 12989 12974 12975
f 12988 12974 12989
f 12990 12975 12976
f 12989 12975 12990
f 12991 12976 12977
f 12990 12976 12991
f 12803 12991 12802
f 12991 12978 12802
f 12991 12977 12978
f 12802 12978 12804
f 12978 12992 12804
f 12978 12979 12992
f 12993 12979 12980
f 12992 12979 12993
f 12994 12980 12981
f 12993 12980 12994
f 12807 12994 12806
f 12994 12982 12806
f 12994 12981 12982
f 12806 12982 12808
f 12982 12995 12808
f 12982 12983 12995
f 12996 12983 12985
f 12995 12983 12996
f 12810 12996 12809
f 12996 12986 12809
f 12996 12985 12986
f 12809 12986 12795
f 12988 12815 12800
f 12815 12988 12818
f 12818 12988 12989
f 12818 12989 12820
f 12820 12989 12990
f 12820 12990 12821
f 12821 12990 12991
f 12821 12991 12803
f 12992 12823 12804
f 12823 12992 12824
f 12824 12992 12993
f 12824 12993 12825
f 12825 12993 12994
f 12825 12994 12807
f 12995 12826 12808
f 12826 12995 12827
f 12827 12995 12996
f 12827 12996 12810
f 12997 12833 12834
f 12835 12998 12834
f 12834 12998 12997
f 12836 12999 12835
f 12835 12999 12998
f 12838 12999 12836
f 13000 12841 12842
f 12843 13001 12842
f 12842 13001 13000
f 12844 13002 12843
f 12843 13002 13001
f 12833 12997 12844
f 12997 13002 12844
f 12997 13003 13002
f 13004 12997 12998
f 13003 12997 13004
f 13005 12998 12999
f 13004 12998 13005
f 12845 13006 12838
f 13006 12999 12838
f 13006 13005 12999
f 12846 13007 12845
f 12845 13007 13006
f 12847 13007 12846
f 13008 12849 12850
f 13009 13008 12850
f 13009 12850 12841
f 13010 13009 12841
f 13000 13010 12841
f 13012 13011 13010
f 13000 13012 13010
f 13001 13012 13000
f 13013 13001 13002
f 13012 13001 13013
f 13014 13002 13003
f 13013 13002 13014
f 13004 13016 13015
f 13014 13004 13015
f 13003 13004 13014
f 13016 13004 13005
f 13016 13005 13017
f 13019 13018 13017
f 13005 13019 13017
f 13006 13019 13005
f 13020 13006 13007
f 13019 13006 13020
f 12852 13020 12847
f 12847 13020 13007
f 13021 12857 13008
f 13008 12857 12849
f 13008 13009 13022
f 13023 13008 13022
f 13021 13008 13023
f 13023 13022 13011
f 13012 13023 13011
f 13024 13023 13012
f 13013 13026 13025
f 13024 13013 13025
f 13012 13013 13024
f 13026 13013 13014
f 13026 13014 13027
f 13027 13014 13015
f 13018 13019 13028
f 13018 13028 13029
f 13030 13019 13020
f 13028 13019 13030
f 12859 13030 12852
f 12852 13030 13020
f 13031 12867 12868
f 12857 13021 12868
f 13021 13031 12868
f 13021 13032 13031
f 13033 13021 13023
f 13032 13021 13033
f 13034 13023 13024
f 13033 13023 13034
f 13024 13025 13035
f 13024 13035 13034
f 13038 13037 13036
f 13036 13037 13029
f 13028 13036 13029
f 13039 13036 13028
f 13040 13028 13030
f 13039 13028 13040
f 12869 13041 12859
f 13041 13030 12859
f 13041 13040 13030
f 12870 13041 12869
f 13042 12879 13031
f 13031 12879 12867
f 13043 13031 13032
f 13042 13031 13043
f 13044 13032 13033
f 13043 13032 13044
f 13045 13033 13034
f 13044 13033 13045
f 13034 13035 13046
f 13034 13046 13045
f 13038 13036 13047
f 13038 13047 13048
f 13049 13036 13039
f 13047 13036 13049
f 13050 13039 13040
f 13049 13039 13050
f 12882 13050 12881
f 13050 13041 12881
f 13050 13040 13041
f 12881 13041 12870
f 13051 12891 13042
f 13042 12891 12879
f 13052 13042 13043
f 13051 13042 13052
f 13053 13043 13044
f 13052 13043 13053
f 13054 13044 13045
f 13053 13044 13054
f 13045 13046 13055
f 13056 13045 13055
f 13054 13045 13056
f 13057 13056 13055
f 13048 13047 13058
f 13048 13058 13059
f 13060 13047 13049
f 13058 13047 13060
f 13061 13049 13050
f 13060 13049 13061
f 12893 13061 12882
f 12882 13061 13050
f 13062 12903 13051
f 13051 12903 12891
f 13063 13051 13052
f 13062 13051 13063
f 13064 13052 13053
f 13063 13052 13064
f 13065 13053 13054
f 13064 13053 13065
f 13066 13054 13056
f 13065 13054 13066
f 13056 13057 13067
f 13068 13056 13067
f 13066 13056 13068
f 13070 13069 13068
f 13070 13068 13067
f 13069 13070 13059
f 13058 13069 13059
f 13071 13069 13058
f 13072 13058 13060
f 13071 13058 13072
f 13073 13060 13061
f 13072 13060 13073
f 12904 13074 12893
f 13074 13061 12893
f 13074 13073 13061
f 12905 13075 12904
f 12904 13075 13074
f 12906 13076 12905
f 12905 13076 13075
f 12907 13076 12906
f 13077 12914 12915
f 12903 13062 12915
f 13062 13077 12915
f 13062 13078 13077
f 13079 13062 13063
f 13078 13062 13079
f 13080 13063 13064
f 13079 13063 13080
f 13081 13064 13065
f 13080 13064 13081
f 13082 13065 13066
f 13081 13065 13082
f 13083 13066 13068
f 13082 13066 13083
f 13084 13068 13069
f 13083 13068 13084
f 13085 13069 13071
f 13084 13069 13085
f 13086 13071 13072
f 13085 13071 13086
f 13087 13072 13073
f 13086 13072 13087
f 13088 13073 13074
f 13087 13073 13088
f 13089 13074 13075
f 13088 13074 13089
f 13090 13075 13076
f 13089 13075 13090
f 12916 13091 12907
f 13091 13076 12907
f 13091 13090 13076
f 12917 13092 12916
f 12916 13092 13091
f 12918 13092 12917
f 13093 12923 13077
f 13077 12923 12914
f 13094 13077 13078
f 13093 13077 13094
f 13095 13078 13079
f 13094 13078 13095
f 13096 13079 13080
f 13095 13079 13096
f 13097 13080 13081
f 13096 13080 13097
f 13098 13081 13082
f 13097 13081 13098
f 13099 13082 13083
f 13098 13082 13099
f 13100 13083 13084
f 13099 13083 13100
f 13101 13084 13085
f 13100 13084 13101
f 13102 13085 13086
f 13101 13085 13102
f 13103 13086 13087
f 13102 13086 13103
f 13104 13087 13088
f 13103 13087 13104
f 13105 13088 13089
f 13104 13088 13105
f 13106 13089 13090
f 13105 13089 13106
f 13107 13090 13091
f 13106 13090 13107
f 13108 13091 13092
f 13107 13091 13108
f 12924 13109 12918
f 13109 13092 12918
f 13109 13108 13092
f 12925 13109 12924
f 13093 12928 12923
f 12928 13093 12929
f 13093 13110 12929
f 13093 13094 13110
f 13111 13094 13095
f 13110 13094 13111
f 13112 13095 13096
f 13111 13095 13112
f 13113 13096 13097
f 13112 13096 13113
f 13114 13097 13098
f 13113 13097 13114
f 13115 13098 13099
f 13114 13098 13115
f 12932 13115 12931
f 13115 13100 12931
f 13115 13099 13100
f 12931 13100 12933
f 13100 13116 12933
f 13100 13101 13116
f 13117 13101 13102
f 13116 13101 13117
f 13118 13102 13103
f 13117 13102 13118
f 13119 13103 13104
f 13118 13103 13119
f 13120 13104 13105
f 13119 13104 13120
f 13121 13105 13106
f 13120 13105 13121
f 13122 13106 13107
f 13121 13106 13122
f 13123 13107 13108
f 13122 13107 13123
f 12936 13123 12935
f 13123 13109 12935
f 13123 13108 13109
f 12935 13109 12925
f 13110 12937 12929
f 12937 13110 12939
f 12939 13110 13111
f 12939 13111 12941
f 12941 13111 13112
f 12941 13112 12943
f 12943 13112 13113
f 12943 13113 12944
f 13113 13124 12944
f 13113 13114 13124
f 12947 13124 12946
f 13124 13115 12946
f 13124 13114 13115
f 12946 13115 12932
f 13116 12949 12933
f 12949 13116 12951
f 13116 13125 12951
f 13116 13117 13125
f 13126 13117 13118
f 13125 13117 13126
f 13127 13118 13119
f 13126 13118 13127
f 13128 13119 13120
f 13127 13119 13128
f 13129 13120 13121
f 13128 13120 13129
f 13130 13121 13122
f 13129 13121 13130
f 13131 13122 13123
f 13130 13122 13131
f 12953 13131 12936
f 12936 13131 13123
f 13124 12957 12944
f 12957 13124 12947
f 13125 12962 12951
f 12962 13125 12965
f 12965 13125 13126
f 12965 13126 12967
f 12967 13126 13127
f 12967 13127 12969
f 12969 13127 13128
f 12969 13128 12971
f 12971 13128 13129
f 12971 13129 12972
f 13129 13132 12972
f 13129 13130 13132
f 13133 13130 13131
f 13132 13130 13133
f 12973 13133 12953
f 12953 13133 13131
f 13132 12984 12972
f 12984 13132 12987
f 12987 13132 13133
f 12987 13133 12973
f 13134 13009 13010
f 13011 13134 13010
f 13135 13015 13016
f 13017 13136 13016
f 13016 13136 13135
f 13018 13136 13017
f 13134 13022 13009
f 13022 13134 13011
f 13137 13025 13026
f 13027 13138 13026
f 13026 13138 13137
f 13015 13135 13027
f 13135 13138 13027
f 13135 13139 13138
f 13140 13135 13136
f 13139 13135 13140
f 13029 13140 13018
f 13018 13140 13136
f 13141 13035 13137
f 13137 13035 13025
f 13142 13137 13138
f 13141 13137 13142
f 13143 13138 13139
f 13142 13138 13143
f 13038 13143 13037
f 13143 13140 13037
f 13143 13139 13140
f 13037 13140 13029
f 13144 13046 13141
f 13141 13046 13035
f 13145 13141 13142
f 13144 13141 13145
f 13146 13142 13143
f 13145 13142 13146
f 13048 13146 13038
f 13038 13146 13143
f 13144 13055 13046
f 13055 13144 13057
f 13144 13147 13057
f 13144 13145 13147
f 13148 13145 13146
f 13147 13145 13148
f 13059 13148 13048
f 13048 13148 13146
f 13147 13067 13057
f 13067 13147 13070
f 13070 13147 13148
f 13070 13148 13059
