v 65.5 121.0 60.0
v 66.0 121.0 59.5
v 66.0 120.5 60.0
v 66.0 121.0 60.5
v 66.0 121.5 60.0
v 66.5 120.0 56.0
v 67.0 120.0 55.5
v 67.0 119.5 56.0
v 67.0 119.5 57.0
v 66.5 120.0 57.0
v 67.0 119.5 58.0
v 66.5 120.0 58.0
v 67.0 119.5 59.0
v 66.5 120.0 59.0
v 67.0 119.5 60.0
v 66.5 120.0 60.0
v 67.0 119.5 61.0
v 66.5 120.0 61.0
v 67.0 119.5 62.0
v 66.5 120.0 62.0
v 67.0 120.0 62.5
v 66.5 121.0 56.0
v 67.0 121.0 55.5
v 66.5 121.0 57.0
v 66.5 121.0 58.0
v 66.5 121.0 59.0
v 66.5 121.0 61.0
v 66.5 121.0 62.0
v 67.0 120.5 63.0
v 66.5 121.0 63.0
v 67.0 121.0 63.5
v 67.0 121.5 56.0
v 66.5 122.0 57.0
v 67.0 122.0 56.5
v 66.5 122.0 58.0
v 66.5 122.0 59.0
v 66.5 122.0 60.0
v 66.5 122.0 61.0
v 66.5 122.0 62.0
v 66.5 122.0 63.0
v 67.0 122.0 63.5
v 66.5 123.0 57.0
v 67.0 123.0 56.5
v 66.5 123.0 58.0
v 66.5 123.0 59.0
v 66.5 123.0 60.0
v 66.5 123.0 61.0
v 66.5 123.0 62.0
v 66.5 123.0 63.0
v 67.0 122.5 64.0
v 66.5 123.0 64.0
v 67.0 123.0 64.5
v 67.0 123.5 57.0
v 67.0 123.5 58.0
v 66.5 124.0 59.0
v 67.0 124.0 58.5
v 66.5 124.0 60.0
v 66.5 124.0 61.0
v 66.5 124.0 62.0
v 66.5 124.0 63.0
v 67.0 124.0 63.5
v 67.0 123.5 64.0
v 67.0 124.5 59.0
v 67.0 124.5 60.0
v 66.5 125.0 61.0
v 67.0 125.0 60.5
v 66.5 125.0 62.0
v 66.5 125.0 63.0
v 67.0 125.0 63.5
v 67.0 125.5 61.0
v 66.5 126.0 62.0
v 67.0 126.0 61.5
v 66.5 126.0 63.0
v 67.0 126.0 63.5
v 67.0 126.5 62.0
v 67.0 126.5 63.0
v 67.5 116.0 57.0
v 68.0 116.0 56.5
v 68.0 115.5 57.0
v 68.0 115.5 58.0
v 67.5 116.0 58.0
v 68.0 115.5 59.0
v 67.5 116.0 59.0
v 68.0 116.0 59.5
v 67.5 117.0 57.0
v 68.0 117.0 56.5
v 67.5 117.0 58.0
v 67.5 117.0 59.0
v 68.0 117.0 59.5
v 67.5 118.0 57.0
v 68.0 118.0 56.5
v 67.5 118.0 58.0
v 67.5 118.0 59.0
v 68.0 117.5 60.0
v 67.5 118.0 60.0
v 68.0 117.5 61.0
v 67.5 118.0 61.0
v 68.0 117.5 62.0
v 67.5 118.0 62.0
v 68.0 118.0 62.5
v 67.5 119.0 57.0
v 68.0 119.0 56.5
v 67.5 119.0 58.0
v 67.5 119.0 59.0
v 67.5 119.0 60.0
v 67.5 119.0 61.0
v 67.5 119.0 62.0
v 68.0 119.0 62.5
v 67.5 120.0 55.0
v 68.0 120.0 54.5
v 68.0 119.5 55.0
v 68.0 119.5 56.0
v 68.0 119.5 63.0
v 67.5 120.0 63.0
v 68.0 119.5 64.0
v 67.5 120.0 64.0
v 68.0 120.0 64.5
v 67.5 121.0 55.0
v 68.0 121.0 54.5
v 67.5 121.0 64.0
v 68.0 120.5 65.0
v 67.5 121.0 65.0
v 68.0 121.0 65.5
v 67.5 122.0 55.0
v 68.0 122.0 54.5
v 67.5 122.0 56.0
v 67.5 122.0 64.0
v 67.5 122.0 65.0
v 68.0 121.5 66.0
v 67.5 122.0 66.0
v 68.0 122.0 66.5
v 68.0 122.5 55.0
v 67.5 123.0 56.0
v 68.0 123.0 55.5
v 67.5 123.0 65.0
v 67.5 123.0 66.0
v 68.0 123.0 66.5
v 67.5 124.0 56.0
v 68.0 124.0 55.5
v 67.5 124.0 57.0
v 67.5 124.0 58.0
v 67.5 124.0 64.0
v 67.5 124.0 65.0
v 67.5 124.0 66.0
v 68.0 124.0 66.5
v 67.5 125.0 55.0
v 68.0 125.0 54.5
v 68.0 124.5 55.0
v 68.0 124.5 56.0
v 68.0 125.0 55.5
v 67.5 125.0 57.0
v 68.0 125.0 56.5
v 67.5 125.0 58.0
v 67.5 125.0 59.0
v 67.5 125.0 60.0
v 67.5 125.0 64.0
v 67.5 125.0 65.0
v 67.5 125.0 66.0
v 68.0 125.0 66.5
v 68.0 125.5 55.0
v 68.0 125.5 57.0
v 67.5 126.0 58.0
v 68.0 126.0 57.5
v 67.5 126.0 59.0
v 67.5 126.0 60.0
v 67.5 126.0 61.0
v 67.5 126.0 64.0
v 67.5 126.0 65.0
v 68.0 126.0 65.5
v 68.0 125.5 66.0
v 68.0 126.5 58.0
v 68.0 126.5 59.0
v 67.5 127.0 60.0
v 68.0 127.0 59.5
v 67.5 127.0 61.0
v 67.5 127.0 62.0
v 67.5 127.0 63.0
v 67.5 127.0 64.0
v 68.0 127.0 64.5
v 68.0 126.5 65.0
v 67.5 128.0 58.0
v 68.0 128.0 57.5
v 68.0 127.5 58.0
v 68.0 127.5 59.0
v 67.5 128.0 59.0
v 67.5 128.0 60.0
v 67.5 128.0 61.0
v 67.5 128.0 62.0
v 67.5 128.0 63.0
v 67.5 128.0 64.0
v 68.0 127.5 65.0
v 67.5 128.0 65.0
v 68.0 127.5 66.0
v 67.5 128.0 66.0
v 68.0 128.0 66.5
v 68.0 128.5 58.0
v 67.5 129.0 59.0
v 68.0 129.0 58.5
v 67.5 129.0 60.0
v 67.5 129.0 61.0
v 67.5 129.0 62.0
v 67.5 129.0 63.0
v 67.5 129.0 64.0
v 67.5 129.0 65.0
v 67.5 129.0 66.0
v 68.0 129.0 66.5
v 68.0 129.5 59.0
v 67.5 130.0 60.0
v 68.0 130.0 59.5
v 67.5 130.0 61.0
v 67.5 130.0 62.0
v 67.5 130.0 63.0
v 67.5 130.0 64.0
v 67.5 130.0 65.0
v 68.0 130.0 65.5
v 68.0 129.5 66.0
v 68.0 130.5 60.0
v 68.0 130.5 61.0
v 68.0 130.5 62.0
v 67.5 131.0 63.0
v 68.0 131.0 62.5
v 68.0 131.0 63.5
v 68.0 130.5 64.0
v 68.0 130.5 65.0
v 68.0 131.5 63.0
v 68.5 114.0 57.0
v 69.0 114.0 56.5
v 69.0 113.5 57.0
v 69.0 113.5 58.0
v 68.5 114.0 58.0
v 69.0 113.5 59.0
v 68.5 114.0 59.0
v 69.0 114.0 59.5
v 68.5 115.0 56.0
v 69.0 115.0 55.5
v 69.0 114.5 56.0
v 68.5 115.0 57.0
v 68.5 115.0 58.0
v 68.5 115.0 59.0
v 69.0 114.5 60.0
v 68.5 115.0 60.0
v 69.0 115.0 60.5
v 68.5 116.0 55.0
v 69.0 116.0 54.5
v 69.0 115.5 55.0
v 68.5 116.0 56.0
v 68.5 116.0 60.0
v 69.0 115.5 61.0
v 68.5 116.0 61.0
v 69.0 116.0 61.5
v 68.5 116.0 63.0
v 69.0 116.0 62.5
v 69.0 115.5 63.0
v 69.0 116.0 63.5
v 68.5 117.0 55.0
v 69.0 117.0 54.5
v 68.5 117.0 56.0
v 68.5 117.0 60.0
v 68.5 117.0 61.0
v 69.0 116.5 62.0
v 68.5 117.0 62.0
v 68.5 117.0 63.0
v 69.0 117.0 63.5
v 68.5 118.0 55.0
v 69.0 118.0 54.5
v 68.5 118.0 56.0
v 68.5 118.0 63.0
v 69.0 118.0 63.5
v 68.5 119.0 55.0
v 69.0 119.0 54.5
v 68.5 119.0 56.0
v 68.5 119.0 63.0
v 69.0 118.5 64.0
v 68.5 119.0 64.0
v 69.0 119.0 64.5
v 68.5 120.0 53.0
v 69.0 120.0 52.5
v 69.0 119.5 53.0
v 69.0 119.5 54.0
v 68.5 120.0 54.0
v 69.0 119.5 65.0
v 68.5 120.0 65.0
v 69.0 119.5 66.0
v 68.5 120.0 66.0
v 69.0 120.0 66.5
v 68.5 121.0 53.0
v 69.0 121.0 52.5
v 68.5 121.0 54.0
v 68.5 121.0 66.0
v 69.0 120.5 67.0
v 68.5 121.0 67.0
v 69.0 121.0 67.5
v 68.5 122.0 53.0
v 69.0 122.0 52.5
v 68.5 122.0 54.0
v 68.5 122.0 67.0
v 69.0 122.0 67.5
v 68.5 123.0 53.0
v 69.0 123.0 52.5
v 68.5 123.0 54.0
v 68.5 123.0 55.0
v 68.5 123.0 67.0
v 69.0 123.0 67.5
v 69.0 123.5 53.0
v 68.5 124.0 54.0
v 69.0 124.0 53.5
v 68.5 124.0 55.0
v 68.5 124.0 67.0
v 69.0 124.0 67.5
v 68.5 125.0 54.0
v 69.0 125.0 53.5
v 68.5 125.0 56.0
v 68.5 125.0 67.0
v 69.0 125.0 67.5
v 68.5 126.0 53.0
v 69.0 126.0 52.5
v 69.0 125.5 53.0
v 68.5 126.0 54.0
v 68.5 126.0 55.0
v 68.5 126.0 56.0
v 68.5 126.0 57.0
v 68.5 126.0 66.0
v 68.5 126.0 67.0
v 69.0 126.0 67.5
v 69.0 126.5 53.0
v 69.0 126.5 54.0
v 69.0 126.5 55.0
v 69.0 126.5 56.0
v 68.5 127.0 57.0
v 69.0 127.0 56.5
v 68.5 127.0 58.0
v 68.5 127.0 59.0
v 68.5 127.0 65.0
v 68.5 127.0 66.0
v 68.5 127.0 67.0
v 69.0 127.0 67.5
v 68.5 128.0 54.0
v 69.0 128.0 53.5
v 69.0 127.5 54.0
v 69.0 127.5 55.0
v 68.5 128.0 55.0
v 69.0 127.5 56.0
v 68.5 128.0 56.0
v 68.5 128.0 57.0
v 68.5 128.0 67.0
v 69.0 127.5 68.0
v 68.5 128.0 68.0
v 69.0 128.0 68.5
v 69.0 128.5 54.0
v 69.0 128.5 55.0
v 68.5 129.0 56.0
v 69.0 129.0 55.5
v 68.5 129.0 57.0
v 68.5 129.0 58.0
v 68.5 129.0 67.0
v 69.0 129.0 67.5
v 69.0 128.5 68.0
v 69.0 129.5 56.0
v 68.5 130.0 57.0
v 69.0 130.0 56.5
v 68.5 130.0 58.0
v 68.5 130.0 59.0
v 68.5 130.0 66.0
v 68.5 130.0 67.0
v 69.0 130.0 67.5
v 69.0 130.5 57.0
v 68.5 131.0 58.0
v 69.0 131.0 57.5
v 68.5 131.0 59.0
v 68.5 131.0 60.0
v 68.5 131.0 61.0
v 68.5 131.0 62.0
v 68.5 131.0 64.0
v 68.5 131.0 65.0
v 68.5 131.0 66.0
v 69.0 131.0 66.5
v 69.0 130.5 67.0
v 69.0 131.5 58.0
v 68.5 132.0 59.0
v 69.0 132.0 58.5
v 68.5 132.0 60.0
v 68.5 132.0 61.0
v 68.5 132.0 62.0
v 68.5 132.0 63.0
v 68.5 132.0 64.0
v 68.5 132.0 65.0
v 69.0 132.0 65.5
v 69.0 131.5 66.0
v 69.0 132.5 59.0
v 69.0 132.5 60.0
v 68.5 133.0 61.0
v 69.0 133.0 60.5
v 68.5 133.0 62.0
v 68.5 133.0 63.0
v 68.5 133.0 64.0
v 69.0 133.0 64.5
v 69.0 132.5 65.0
v 69.0 133.5 61.0
v 68.5 134.0 62.0
v 69.0 134.0 61.5
v 68.5 134.0 63.0
v 69.0 134.0 63.5
v 69.0 133.5 64.0
v 68.5 135.0 62.0
v 69.0 135.0 61.5
v 69.0 135.0 62.5
v 69.0 134.5 63.0
v 69.0 135.5 62.0
v 69.5 111.0 56.0
v 70.0 111.0 55.5
v 70.0 110.5 56.0
v 70.0 111.0 56.5
v 69.5 112.0 55.0
v 70.0 112.0 54.5
v 70.0 111.5 55.0
v 70.0 111.5 56.0
v 70.0 112.0 55.5
v 69.5 113.0 53.0
v 70.0 113.0 52.5
v 70.0 112.5 53.0
v 70.0 112.5 54.0
v 69.5 113.0 54.0
v 69.5 113.0 55.0
v 70.0 113.0 55.5
v 69.5 113.0 57.0
v 70.0 113.0 56.5
v 70.0 112.5 57.0
v 70.0 112.5 58.0
v 69.5 113.0 58.0
v 70.0 113.0 58.5
v 69.5 114.0 53.0
v 70.0 114.0 52.5
v 69.5 114.0 54.0
v 69.5 114.0 55.0
v 70.0 113.5 56.0
v 69.5 114.0 56.0
v 70.0 113.5 59.0
v 70.0 113.5 60.0
v 69.5 114.0 60.0
v 70.0 113.5 61.0
v 69.5 114.0 61.0
v 70.0 113.5 62.0
v 69.5 114.0 62.0
v 70.0 114.0 62.5
v 69.5 115.0 53.0
v 70.0 115.0 52.5
v 69.5 115.0 54.0
v 69.5 115.0 55.0
v 69.5 115.0 61.0
v 69.5 115.0 62.0
v 70.0 114.5 63.0
v 69.5 115.0 63.0
v 70.0 115.0 63.5
v 70.0 115.5 53.0
v 69.5 116.0 54.0
v 70.0 116.0 53.5
v 69.5 116.0 62.0
v 70.0 115.5 64.0
v 69.5 116.0 64.0
v 70.0 116.0 64.5
v 69.5 117.0 53.0
v 70.0 117.0 52.5
v 70.0 116.5 53.0
v 69.5 117.0 54.0
v 69.5 117.0 64.0
v 70.0 116.5 65.0
v 69.5 117.0 65.0
v 70.0 117.0 65.5
v 69.5 118.0 53.0
v 70.0 118.0 52.5
v 69.5 118.0 54.0
v 69.5 118.0 64.0
v 69.5 118.0 65.0
v 70.0 118.0 65.5
v 69.5 119.0 51.0
v 70.0 119.0 50.5
v 70.0 118.5 51.0
v 70.0 118.5 52.0
v 69.5 119.0 52.0
v 69.5 119.0 53.0
v 69.5 119.0 54.0
v 69.5 119.0 65.0
v 70.0 118.5 66.0
v 69.5 119.0 66.0
v 70.0 118.5 67.0
v 69.5 119.0 67.0
v 70.0 119.0 67.5
v 70.0 119.5 51.0
v 69.5 120.0 52.0
v 70.0 120.0 51.5
v 69.5 120.0 67.0
v 70.0 119.5 68.0
v 69.5 120.0 68.0
v 70.0 120.0 68.5
v 69.5 121.0 52.0
v 70.0 121.0 51.5
v 69.5 121.0 68.0
v 70.0 121.0 68.5
v 69.5 122.0 52.0
v 70.0 122.0 51.5
v 69.5 122.0 68.0
v 70.0 122.0 68.5
v 69.5 123.0 52.0
v 70.0 123.0 51.5
v 69.5 123.0 68.0
v 70.0 123.0 68.5
v 69.5 124.0 52.0
v 70.0 124.0 51.5
v 69.5 124.0 53.0
v 69.5 124.0 68.0
v 70.0 123.5 69.0
v 69.5 124.0 69.0
v 70.0 124.0 69.5
v 69.5 125.0 52.0
v 70.0 125.0 51.5
v 69.5 125.0 53.0
v 69.5 125.0 68.0
v 70.0 125.0 68.5
v 70.0 124.5 69.0
v 70.0 125.5 52.0
v 70.0 126.0 52.5
v 69.5 126.0 68.0
v 70.0 126.0 68.5
v 69.5 127.0 53.0
v 70.0 127.0 52.5
v 69.5 127.0 54.0
v 69.5 127.0 55.0
v 69.5 127.0 56.0
v 69.5 127.0 68.0
v 70.0 127.0 68.5
v 69.5 128.0 53.0
v 70.0 128.0 52.5
v 70.0 127.5 69.0
v 69.5 128.0 69.0
v 70.0 128.0 69.5
v 70.0 128.5 53.0
v 69.5 129.0 54.0
v 70.0 129.0 53.5
v 69.5 129.0 55.0
v 69.5 129.0 68.0
v 70.0 129.0 68.5
v 70.0 128.5 69.0
v 69.5 130.0 54.0
v 70.0 130.0 53.5
v 69.5 130.0 55.0
v 69.5 130.0 56.0
v 69.5 130.0 68.0
v 70.0 130.0 68.5
v 70.0 130.5 54.0
v 70.0 130.5 55.0
v 69.5 131.0 56.0
v 70.0 131.0 55.5
v 69.5 131.0 57.0
v 69.5 131.0 67.0
v 69.5 131.0 68.0
v 70.0 131.0 68.5
v 70.0 131.5 56.0
v 69.5 132.0 57.0
v 70.0 132.0 56.5
v 69.5 132.0 58.0
v 69.5 132.0 66.0
v 69.5 132.0 67.0
v 70.0 132.0 67.5
v 70.0 131.5 68.0
v 69.5 133.0 57.0
v 70.0 133.0 56.5
v 69.5 133.0 58.0
v 69.5 133.0 59.0
v 69.5 133.0 60.0
v 69.5 133.0 65.0
v 69.5 133.0 66.0
v 70.0 133.0 66.5
v 70.0 132.5 67.0
v 70.0 133.5 57.0
v 70.0 133.5 58.0
v 69.5 134.0 59.0
v 70.0 134.0 58.5
v 69.5 134.0 60.0
v 69.5 134.0 61.0
v 69.5 134.0 64.0
v 69.5 134.0 65.0
v 70.0 134.0 65.5
v 70.0 133.5 66.0
v 70.0 134.5 59.0
v 69.5 135.0 60.0
v 70.0 135.0 59.5
v 69.5 135.0 61.0
v 69.5 135.0 63.0
v 69.5 135.0 64.0
v 70.0 135.0 64.5
v 70.0 134.5 65.0
v 70.0 135.5 60.0
v 69.5 136.0 61.0
v 70.0 136.0 60.5
v 69.5 136.0 62.0
v 69.5 136.0 63.0
v 70.0 136.0 63.5
v 70.0 135.5 64.0
v 70.0 136.5 61.0
v 70.0 136.5 62.0
v 70.0 136.5 63.0
v 70.5 111.0 51.0
v 71.0 111.0 50.5
v 71.0 110.5 51.0
v 71.0 110.5 52.0
v 70.5 111.0 52.0
v 71.0 110.5 53.0
v 70.5 111.0 53.0
v 71.0 110.5 54.0
v 70.5 111.0 54.0
v 71.0 110.5 55.0
v 70.5 111.0 55.0
v 71.0 110.5 56.0
v 71.0 110.5 57.0
v 70.5 111.0 57.0
v 71.0 111.0 57.5
v 70.5 112.0 51.0
v 71.0 112.0 50.5
v 70.5 112.0 52.0
v 70.5 112.0 53.0
v 70.5 112.0 54.0
v 70.5 112.0 56.0
v 70.5 112.0 57.0
v 71.0 111.5 58.0
v 70.5 112.0 58.0
v 71.0 111.5 59.0
v 70.5 112.0 59.0
v 71.0 112.0 59.5
v 70.5 112.0 61.0
v 71.0 112.0 60.5
v 71.0 111.5 61.0
v 71.0 112.0 61.5
v 70.5 113.0 51.0
v 71.0 113.0 50.5
v 70.5 113.0 52.0
v 70.5 113.0 56.0
v 70.5 113.0 59.0
v 71.0 112.5 60.0
v 70.5 113.0 60.0
v 70.5 113.0 61.0
v 71.0 112.5 62.0
v 70.5 113.0 62.0
v 71.0 112.5 63.0
v 70.5 113.0 63.0
v 71.0 113.0 63.5
v 70.5 114.0 50.0
v 71.0 114.0 49.5
v 71.0 113.5 50.0
v 70.5 114.0 51.0
v 70.5 114.0 52.0
v 70.5 114.0 63.0
v 71.0 113.5 64.0
v 70.5 114.0 64.0
v 71.0 114.0 64.5
v 70.5 115.0 50.0
v 71.0 115.0 49.5
v 70.5 115.0 51.0
v 70.5 115.0 52.0
v 70.5 115.0 64.0
v 71.0 114.5 65.0
v 70.5 115.0 65.0
v 71.0 115.0 65.5
v 71.0 115.5 50.0
v 70.5 116.0 51.0
v 71.0 116.0 50.5
v 70.5 116.0 52.0
v 70.5 116.0 53.0
v 70.5 116.0 65.0
v 71.0 116.0 65.5
v 70.5 117.0 51.0
v 71.0 117.0 50.5
v 70.5 117.0 52.0
v 71.0 116.5 66.0
v 70.5 117.0 66.0
v 71.0 117.0 66.5
v 70.5 118.0 51.0
v 71.0 118.0 50.5
v 70.5 118.0 52.0
v 70.5 118.0 66.0
v 71.0 117.5 67.0
v 70.5 118.0 67.0
v 71.0 118.0 67.5
v 70.5 119.0 50.0
v 71.0 119.0 49.5
v 71.0 118.5 50.0
v 71.0 118.5 68.0
v 70.5 119.0 68.0
v 71.0 119.0 68.5
v 70.5 120.0 50.0
v 71.0 120.0 49.5
v 70.5 120.0 51.0
v 71.0 120.0 68.5
v 71.0 120.5 50.0
v 70.5 121.0 51.0
v 71.0 121.0 50.5
v 71.0 120.5 69.0
v 70.5 121.0 69.0
v 71.0 121.0 69.5
v 70.5 122.0 50.0
v 71.0 122.0 49.5
v 71.0 121.5 50.0
v 70.5 122.0 51.0
v 70.5 122.0 69.0
v 71.0 122.0 69.5
v 70.5 123.0 44.0
v 71.0 123.0 43.5
v 71.0 122.5 44.0
v 71.0 123.0 44.5
v 71.0 122.5 50.0
v 70.5 123.0 51.0
v 71.0 123.0 50.5
v 70.5 123.0 69.0
v 71.0 122.5 70.0
v 70.5 123.0 70.0
v 71.0 123.0 70.5
v 70.5 124.0 44.0
v 71.0 124.0 43.5
v 71.0 123.5 45.0
v 70.5 124.0 45.0
v 71.0 124.0 45.5
v 70.5 124.0 51.0
v 71.0 124.0 50.5
v 70.5 124.0 70.0
v 71.0 124.0 70.5
v 71.0 124.5 44.0
v 71.0 124.5 45.0
v 70.5 125.0 51.0
v 71.0 125.0 50.5
v 70.5 125.0 69.0
v 71.0 125.0 69.5
v 71.0 124.5 70.0
v 70.5 126.0 51.0
v 71.0 126.0 50.5
v 70.5 126.0 52.0
v 70.5 126.0 69.0
v 71.0 125.5 70.0
v 70.5 126.0 70.0
v 71.0 126.0 70.5
v 71.0 126.5 51.0
v 70.5 127.0 52.0
v 71.0 127.0 51.5
v 70.5 127.0 69.0
v 71.0 127.0 69.5
v 71.0 126.5 70.0
v 70.5 128.0 52.0
v 71.0 128.0 51.5
v 71.0 127.5 70.0
v 70.5 128.0 70.0
v 71.0 128.0 70.5
v 70.5 129.0 52.0
v 71.0 129.0 51.5
v 70.5 129.0 53.0
v 70.5 129.0 69.0
v 71.0 129.0 69.5
v 71.0 128.5 70.0
v 71.0 129.5 52.0
v 70.5 130.0 53.0
v 71.0 130.0 52.5
v 70.5 130.0 69.0
v 71.0 130.0 69.5
v 70.5 131.0 53.0
v 71.0 131.0 52.5
v 70.5 131.0 54.0
v 70.5 131.0 55.0
v 71.0 130.5 69.0
v 71.0 131.0 68.5
v 71.0 131.5 53.0
v 70.5 132.0 54.0
v 71.0 132.0 53.5
v 70.5 132.0 55.0
v 70.5 132.0 56.0
v 70.5 132.0 68.0
v 71.0 132.0 68.5
v 71.0 132.5 54.0
v 70.5 133.0 55.0
v 71.0 133.0 54.5
v 70.5 133.0 56.0
v 70.5 133.0 67.0
v 71.0 133.0 67.5
v 71.0 132.5 68.0
v 71.0 133.5 55.0
v 70.5 134.0 56.0
v 71.0 134.0 55.5
v 70.5 134.0 57.0
v 70.5 134.0 58.0
v 70.5 134.0 66.0
v 71.0 134.0 66.5
v 71.0 133.5 67.0
v 71.0 134.5 56.0
v 70.5 135.0 57.0
v 71.0 135.0 56.5
v 71.0 135.0 57.5
v 71.0 134.5 58.0
v 70.5 135.0 59.0
v 71.0 135.0 58.5
v 70.5 135.0 65.0
v 71.0 135.0 65.5
v 71.0 134.5 66.0
v 71.0 135.5 57.0
v 71.0 135.5 59.0
v 70.5 136.0 60.0
v 71.0 136.0 59.5
v 70.5 136.0 64.0
v 70.5 136.0 65.0
v 71.0 136.0 65.5
v 70.5 137.0 60.0
v 71.0 137.0 59.5
v 70.5 137.0 61.0
v 70.5 137.0 62.0
v 70.5 137.0 63.0
v 70.5 137.0 64.0
v 70.5 137.0 65.0
v 71.0 137.0 65.5
v 71.0 137.5 60.0
v 70.5 138.0 61.0
v 71.0 138.0 60.5
v 70.5 138.0 62.0
v 70.5 138.0 63.0
v 71.0 138.0 63.5
v 71.0 137.5 64.0
v 71.0 137.5 65.0
v 71.0 138.5 61.0
v 71.0 138.5 62.0
v 71.0 138.5 63.0
v 71.5 109.0 55.0
v 72.0 109.0 54.5
v 72.0 108.5 55.0
v 72.0 108.5 56.0
v 71.5 109.0 56.0
v 72.0 109.0 56.5
v 71.5 110.0 49.0
v 72.0 110.0 48.5
v 72.0 109.5 49.0
v 72.0 109.5 50.0
v 71.5 110.0 50.0
v 72.0 109.5 51.0
v 71.5 110.0 51.0
v 72.0 109.5 52.0
v 71.5 110.0 52.0
v 72.0 109.5 53.0
v 71.5 110.0 53.0
v 72.0 109.5 54.0
v 71.5 110.0 54.0
v 71.5 110.0 55.0
v 71.5 110.0 56.0
v 72.0 109.5 57.0
v 71.5 110.0 57.0
v 72.0 109.5 58.0
v 71.5 110.0 58.0
v 72.0 109.5 59.0
v 71.5 110.0 59.0
v 72.0 110.0 59.5
v 71.5 111.0 49.0
v 72.0 111.0 48.5
v 71.5 111.0 50.0
v 71.5 111.0 58.0
v 71.5 111.0 59.0
v 72.0 110.5 60.0
v 71.5 111.0 60.0
v 72.0 110.5 61.0
v 71.5 111.0 61.0
v 72.0 110.5 62.0
v 71.5 111.0 62.0
v 72.0 110.5 63.0
v 71.5 111.0 63.0
v 72.0 111.0 63.5
v 71.5 112.0 48.0
v 72.0 112.0 47.5
v 72.0 111.5 48.0
v 71.5 112.0 49.0
v 71.5 112.0 50.0
v 71.5 112.0 60.0
v 71.5 112.0 62.0
v 71.5 112.0 63.0
v 72.0 111.5 64.0
v 71.5 112.0 64.0
v 72.0 112.0 64.5
v 71.5 113.0 48.0
v 72.0 113.0 47.5
v 71.5 113.0 49.0
v 71.5 113.0 50.0
v 71.5 113.0 64.0
v 72.0 112.5 65.0
v 71.5 113.0 65.0
v 72.0 113.0 65.5
v 71.5 114.0 48.0
v 72.0 114.0 47.5
v 71.5 114.0 49.0
v 71.5 114.0 65.0
v 72.0 114.0 65.5
v 71.5 115.0 48.0
v 72.0 115.0 47.5
v 71.5 115.0 49.0
v 72.0 114.5 66.0
v 71.5 115.0 66.0
v 72.0 114.5 67.0
v 71.5 115.0 67.0
v 72.0 115.0 67.5
v 71.5 116.0 48.0
v 72.0 116.0 47.5
v 71.5 116.0 49.0
v 71.5 116.0 50.0
v 71.5 116.0 66.0
v 71.5 116.0 67.0
v 72.0 116.0 67.5
v 71.5 117.0 48.0
v 72.0 117.0 47.5
v 71.5 117.0 49.0
v 71.5 117.0 50.0
v 71.5 117.0 67.0
v 72.0 117.0 67.5
v 72.0 117.5 48.0
v 71.5 118.0 49.0
v 72.0 118.0 48.5
v 71.5 118.0 50.0
v 72.0 117.5 68.0
v 71.5 118.0 68.0
v 72.0 118.0 68.5
v 71.5 119.0 47.0
v 72.0 119.0 46.5
v 72.0 118.5 47.0
v 72.0 118.5 48.0
v 71.5 119.0 48.0
v 71.5 119.0 49.0
v 72.0 118.5 69.0
v 71.5 119.0 69.0
v 72.0 119.0 69.5
v 72.0 119.5 47.0
v 71.5 120.0 48.0
v 72.0 120.0 47.5
v 71.5 120.0 49.0
v 71.5 120.0 69.0
v 72.0 119.5 70.0
v 71.5 120.0 70.0
v 72.0 120.0 70.5
v 71.5 121.0 43.0
v 72.0 121.0 42.5
v 72.0 120.5 43.0
v 72.0 121.0 43.5
v 72.0 120.5 48.0
v 71.5 121.0 49.0
v 72.0 121.0 48.5
v 71.5 121.0 50.0
v 71.5 121.0 70.0
v 72.0 121.0 70.5
v 71.5 122.0 43.0
v 72.0 122.0 42.5
v 72.0 121.5 44.0
v 71.5 122.0 44.0
v 72.0 122.0 44.5
v 72.0 121.5 49.0
v 72.0 122.0 49.5
v 71.5 122.0 70.0
v 72.0 122.0 70.5
v 72.0 122.5 43.0
v 72.0 123.0 43.5
v 72.0 122.5 45.0
v 71.5 123.0 45.0
v 72.0 123.0 45.5
v 71.5 123.0 50.0
v 72.0 123.0 49.5
v 72.0 122.5 71.0
v 71.5 123.0 71.0
v 72.0 123.0 71.5
v 72.0 124.0 43.5
v 72.0 124.0 45.5
v 71.5 124.0 50.0
v 72.0 124.0 49.5
v 71.5 124.0 71.0
v 72.0 124.0 71.5
v 71.5 125.0 44.0
v 72.0 125.0 43.5
v 71.5 125.0 45.0
v 72.0 125.0 45.5
v 71.5 125.0 50.0
v 72.0 125.0 49.5
v 71.5 125.0 70.0
v 71.5 125.0 71.0
v 72.0 125.0 71.5
v 72.0 125.5 44.0
v 72.0 125.5 45.0
v 72.0 126.0 45.5
v 71.5 126.0 46.0
v 72.0 125.5 46.0
v 72.0 126.0 46.5
v 72.0 125.5 50.0
v 72.0 126.0 50.5
v 72.0 125.5 71.0
v 72.0 126.0 70.5
v 72.0 126.5 46.0
v 71.5 127.0 51.0
v 72.0 127.0 50.5
v 71.5 127.0 70.0
v 72.0 127.0 70.5
v 71.5 128.0 51.0
v 72.0 128.0 50.5
v 72.0 128.0 70.5
v 71.5 129.0 51.0
v 72.0 129.0 50.5
v 71.5 129.0 70.0
v 72.0 129.0 70.5
v 72.0 129.5 51.0
v 71.5 130.0 52.0
v 72.0 130.0 51.5
v 71.5 130.0 70.0
v 72.0 130.0 70.5
v 71.5 131.0 52.0
v 72.0 131.0 51.5
v 71.5 131.0 69.0
v 72.0 131.0 69.5
v 72.0 130.5 70.0
v 72.0 131.5 52.0
v 71.5 132.0 53.0
v 72.0 132.0 52.5
v 71.5 132.0 69.0
v 72.0 132.0 69.5
v 72.0 132.5 53.0
v 71.5 133.0 54.0
v 72.0 133.0 53.5
v 71.5 133.0 68.0
v 72.0 133.0 68.5
v 72.0 132.5 69.0
v 72.0 133.5 54.0
v 71.5 134.0 55.0
v 72.0 134.0 54.5
v 71.5 134.0 67.0
v 72.0 134.0 67.5
v 72.0 133.5 68.0
v 72.0 134.5 55.0
v 71.5 135.0 56.0
v 72.0 135.0 55.5
v 71.5 135.0 58.0
v 71.5 135.0 66.0
v 72.0 135.0 66.5
v 72.0 134.5 67.0
v 71.5 136.0 56.0
v 72.0 136.0 55.5
v 71.5 136.0 57.0
v 71.5 136.0 58.0
v 71.5 136.0 59.0
v 71.5 136.0 66.0
v 72.0 135.5 67.0
v 71.5 136.0 67.0
v 72.0 136.0 67.5
v 72.0 136.5 56.0
v 72.0 136.5 57.0
v 71.5 137.0 58.0
v 72.0 137.0 57.5
v 71.5 137.0 59.0
v 71.5 137.0 66.0
v 72.0 137.0 66.5
v 72.0 136.5 67.0
v 72.0 137.5 58.0
v 72.0 137.5 59.0
v 71.5 138.0 60.0
v 72.0 138.0 59.5
v 71.5 138.0 64.0
v 71.5 138.0 65.0
v 72.0 138.0 65.5
v 72.0 137.5 66.0
v 72.0 138.5 60.0
v 72.0 138.5 61.0
v 71.5 139.0 62.0
v 72.0 139.0 61.5
v 72.0 139.0 62.5
v 72.0 138.5 63.0
v 72.0 138.5 64.0
v 72.0 138.5 65.0
v 72.0 139.5 62.0
v 72.5 108.0 52.0
v 73.0 108.0 51.5
v 73.0 107.5 52.0
v 73.0 107.5 53.0
v 72.5 108.0 53.0
v 73.0 107.5 54.0
v 72.5 108.0 54.0
v 73.0 107.5 55.0
v 72.5 108.0 55.0
v 73.0 107.5 56.0
v 72.5 108.0 56.0
v 73.0 107.5 57.0
v 72.5 108.0 57.0
v 73.0 107.5 58.0
v 72.5 108.0 58.0
v 73.0 108.0 58.5
v 72.5 109.0 49.0
v 73.0 109.0 48.5
v 73.0 108.5 49.0
v 73.0 108.5 50.0
v 72.5 109.0 50.0
v 73.0 108.5 51.0
v 72.5 109.0 51.0
v 72.5 109.0 52.0
v 72.5 109.0 53.0
v 72.5 109.0 54.0
v 72.5 109.0 57.0
v 72.5 109.0 58.0
v 73.0 108.5 59.0
v 72.5 109.0 59.0
v 73.0 109.0 59.5
v 72.5 110.0 47.0
v 73.0 110.0 46.5
v 73.0 109.5 47.0
v 73.0 109.5 48.0
v 72.5 110.0 48.0
v 73.0 109.5 60.0
v 72.5 110.0 60.0
v 73.0 109.5 61.0
v 72.5 110.0 61.0
v 73.0 109.5 62.0
v 72.5 110.0 62.0
v 73.0 109.5 63.0
v 72.5 110.0 63.0
v 73.0 110.0 63.5
v 72.5 111.0 46.0
v 73.0 111.0 45.5
v 73.0 110.5 46.0
v 72.5 111.0 47.0
v 72.5 111.0 48.0
v 73.0 110.5 64.0
v 72.5 111.0 64.0
v 73.0 111.0 64.5
v 72.5 112.0 46.0
v 73.0 112.0 45.5
v 72.5 112.0 47.0
v 73.0 111.5 65.0
v 72.5 112.0 65.0
v 73.0 112.0 65.5
v 72.5 113.0 46.0
v 73.0 113.0 45.5
v 72.5 113.0 47.0
v 73.0 112.5 66.0
v 72.5 113.0 66.0
v 73.0 113.0 66.5
v 72.5 114.0 46.0
v 73.0 114.0 45.5
v 72.5 114.0 47.0
v 72.5 114.0 66.0
v 73.0 113.5 67.0
v 72.5 114.0 67.0
v 73.0 114.0 67.5
v 72.5 115.0 46.0
v 73.0 115.0 45.5
v 72.5 115.0 47.0
v 73.0 114.5 68.0
v 72.5 115.0 68.0
v 73.0 115.0 68.5
v 72.5 116.0 46.0
v 73.0 116.0 45.5
v 72.5 116.0 47.0
v 72.5 116.0 68.0
v 73.0 116.0 68.5
v 72.5 117.0 46.0
v 73.0 117.0 45.5
v 72.5 117.0 47.0
v 72.5 117.0 68.0
v 73.0 116.5 69.0
v 72.5 117.0 69.0
v 73.0 117.0 69.5
v 73.0 117.5 46.0
v 72.5 118.0 47.0
v 73.0 118.0 46.5
v 72.5 118.0 48.0
v 72.5 118.0 69.0
v 73.0 118.0 69.5
v 72.5 119.0 46.0
v 73.0 119.0 45.5
v 73.0 118.5 46.0
v 73.0 118.5 70.0
v 72.5 119.0 70.0
v 73.0 119.0 70.5
v 73.0 119.5 46.0
v 72.5 120.0 47.0
v 73.0 120.0 46.5
v 73.0 119.5 71.0
v 72.5 120.0 71.0
v 73.0 120.0 71.5
v 72.5 121.0 43.0
v 73.0 120.5 47.0
v 72.5 121.0 48.0
v 73.0 121.0 47.5
v 72.5 121.0 71.0
v 73.0 121.0 71.5
v 72.5 122.0 43.0
v 72.5 122.0 44.0
v 72.5 122.0 48.0
v 73.0 122.0 47.5
v 72.5 122.0 49.0
v 72.5 122.0 71.0
v 73.0 122.0 71.5
v 73.0 122.5 44.0
v 73.0 123.0 43.5
v 73.0 122.5 45.0
v 73.0 123.0 45.5
v 72.5 123.0 48.0
v 73.0 123.0 47.5
v 72.5 123.0 49.0
v 73.0 123.0 71.5
v 73.0 124.0 43.5
v 73.0 123.5 46.0
v 72.5 124.0 46.0
v 73.0 124.0 46.5
v 73.0 123.5 48.0
v 72.5 124.0 49.0
v 73.0 124.0 48.5
v 73.0 124.0 71.5
v 73.0 125.0 43.5
v 72.5 125.0 46.0
v 73.0 125.0 46.5
v 72.5 125.0 48.0
v 73.0 125.0 47.5
v 73.0 124.5 48.0
v 72.5 125.0 49.0
v 73.0 125.0 71.5
v 73.0 125.5 44.0
v 73.0 125.5 45.0
v 72.5 125.5 45.5
v 73.0 126.0 45.5
v 73.0 126.0 46.5
v 73.0 125.5 48.0
v 73.0 125.5 49.0
v 72.5 126.0 50.0
v 73.0 126.0 49.5
v 72.5 126.0 71.0
v 73.0 126.0 71.5
v 73.0 126.5 46.0
v 72.5 127.0 50.0
v 73.0 127.0 49.5
v 72.5 127.0 71.0
v 73.0 127.0 71.5
v 72.5 128.0 50.0
v 73.0 128.0 49.5
v 72.5 128.0 71.0
v 73.0 128.0 71.5
v 72.5 129.0 50.0
v 73.0 129.0 49.5
v 73.0 128.5 71.0
v 73.0 129.0 70.5
v 73.0 129.5 50.0
v 72.5 130.0 51.0
v 73.0 130.0 50.5
v 73.0 130.0 70.5
v 72.5 131.0 51.0
v 73.0 131.0 50.5
v 72.5 131.0 70.0
v 73.0 131.0 70.5
v 73.0 131.5 51.0
v 72.5 132.0 52.0
v 73.0 132.0 51.5
v 73.0 131.5 70.0
v 73.0 132.0 69.5
v 73.0 132.5 52.0
v 72.5 133.0 53.0
v 73.0 133.0 52.5
v 72.5 133.0 69.0
v 73.0 133.0 69.5
v 73.0 133.5 53.0
v 72.5 134.0 54.0
v 73.0 134.0 53.5
v 72.5 134.0 68.0
v 73.0 134.0 68.5
v 73.0 133.5 69.0
v 73.0 134.5 54.0
v 72.5 135.0 55.0
v 73.0 135.0 54.5
v 72.5 135.0 67.0
v 73.0 135.0 67.5
v 73.0 134.5 68.0
v 72.5 136.0 55.0
v 73.0 136.0 54.5
v 73.0 135.5 68.0
v 72.5 136.0 68.0
v 73.0 136.0 68.5
v 73.0 136.5 55.0
v 73.0 136.5 56.0
v 72.5 137.0 57.0
v 73.0 137.0 56.5
v 72.5 137.0 67.0
v 73.0 137.0 67.5
v 73.0 136.5 68.0
v 73.0 137.5 57.0
v 72.5 138.0 58.0
v 73.0 138.0 57.5
v 72.5 138.0 59.0
v 73.0 137.5 66.0
v 73.0 138.0 65.5
v 73.0 137.5 67.0
v 73.0 138.5 58.0
v 73.0 138.5 59.0
v 72.5 139.0 60.0
v 73.0 139.0 59.5
v 72.5 139.0 61.0
v 72.5 139.0 63.0
v 72.5 139.0 64.0
v 73.0 139.0 64.5
v 73.0 138.5 65.0
v 73.0 139.5 60.0
v 73.0 139.5 61.0
v 73.0 139.5 62.0
v 73.0 139.5 63.0
v 73.0 139.5 64.0
v 73.5 107.0 53.0
v 74.0 107.0 52.5
v 74.0 106.5 53.0
v 74.0 106.5 54.0
v 73.5 107.0 54.0
v 74.0 106.5 55.0
v 73.5 107.0 55.0
v 74.0 107.0 55.5
v 73.5 108.0 49.0
v 74.0 108.0 48.5
v 74.0 107.5 49.0
v 74.0 107.5 50.0
v 73.5 108.0 50.0
v 74.0 107.5 51.0
v 73.5 108.0 51.0
v 74.0 107.5 52.0
v 74.0 107.5 56.0
v 74.0 107.5 57.0
v 74.0 107.5 58.0
v 74.0 108.0 58.5
v 73.5 109.0 48.0
v 74.0 109.0 47.5
v 74.0 108.5 48.0
v 74.0 108.5 59.0
v 74.0 109.0 59.5
v 73.5 110.0 46.0
v 74.0 110.0 45.5
v 74.0 109.5 46.0
v 74.0 109.5 47.0
v 74.0 109.5 60.0
v 74.0 109.5 61.0
v 74.0 109.5 62.0
v 74.0 109.5 63.0
v 74.0 110.0 63.5
v 74.0 111.0 45.5
v 74.0 110.5 64.0
v 74.0 111.0 64.5
v 73.5 112.0 44.0
v 74.0 112.0 43.5
v 74.0 111.5 44.0
v 74.0 111.5 45.0
v 73.5 112.0 45.0
v 74.0 111.5 65.0
v 74.0 111.5 66.0
v 73.5 112.0 66.0
v 74.0 111.5 67.0
v 73.5 112.0 67.0
v 74.0 112.0 67.5
v 74.0 112.5 44.0
v 73.5 113.0 45.0
v 74.0 113.0 44.5
v 73.5 113.0 67.0
v 74.0 112.5 68.0
v 73.5 113.0 68.0
v 74.0 113.0 68.5
v 73.5 114.0 45.0
v 74.0 114.0 44.5
v 73.5 114.0 68.0
v 74.0 114.0 68.5
v 73.5 115.0 45.0
v 74.0 115.0 44.5
v 74.0 114.5 69.0
v 73.5 115.0 69.0
v 74.0 115.0 69.5
v 73.5 116.0 45.0
v 74.0 116.0 44.5
v 73.5 116.0 69.0
v 74.0 115.5 70.0
v 73.5 116.0 70.0
v 74.0 116.0 70.5
v 73.5 117.0 45.0
v 74.0 117.0 44.5
v 73.5 117.0 70.0
v 74.0 117.0 70.5
v 74.0 117.5 45.0
v 73.5 118.0 46.0
v 74.0 118.0 45.5
v 73.5 118.0 70.0
v 74.0 118.0 70.5
v 73.5 119.0 45.0
v 74.0 119.0 44.5
v 74.0 118.5 45.0
v 74.0 118.5 71.0
v 73.5 119.0 71.0
v 74.0 119.0 71.5
v 74.0 119.5 45.0
v 73.5 120.0 46.0
v 74.0 120.0 45.5
v 74.0 119.5 72.0
v 73.5 120.0 72.0
v 74.0 120.0 72.5
v 73.5 121.0 46.0
v 74.0 121.0 45.5
v 73.5 121.0 47.0
v 73.5 121.0 72.0
v 74.0 121.0 72.5
v 74.0 121.5 46.0
v 73.5 122.0 47.0
v 74.0 122.0 46.5
v 73.5 122.0 72.0
v 74.0 122.0 72.5
v 74.0 123.0 43.5
v 74.0 122.5 44.0
v 73.5 123.0 45.0
v 74.0 123.0 44.5
v 74.0 122.5 47.0
v 74.0 123.0 47.5
v 73.5 123.0 72.0
v 74.0 123.0 72.5
v 74.0 124.0 43.5
v 74.0 123.5 45.0
v 73.5 124.0 46.0
v 74.0 124.0 45.5
v 73.5 124.0 48.0
v 74.0 124.0 47.5
v 73.5 124.0 72.0
v 74.0 124.0 72.5
v 74.0 125.0 43.5
v 73.5 125.0 45.0
v 74.0 124.5 45.0
v 74.0 125.0 44.5
v 73.5 125.0 46.0
v 74.0 125.0 47.5
v 73.5 125.0 72.0
v 74.0 125.0 72.5
v 74.0 125.5 44.0
v 73.5 126.0 46.0
v 73.5 126.0 48.0
v 74.0 126.0 47.5
v 73.5 126.0 49.0
v 73.5 126.0 72.0
v 74.0 126.0 72.5
v 73.5 127.0 48.0
v 74.0 127.0 47.5
v 73.5 127.0 49.0
v 73.5 127.0 72.0
v 74.0 127.0 72.5
v 73.5 128.0 48.0
v 74.0 128.0 47.5
v 73.5 128.0 49.0
v 73.5 128.0 72.0
v 74.0 128.0 72.5
v 74.0 128.5 48.0
v 73.5 129.0 49.0
v 74.0 129.0 48.5
v 73.5 129.0 71.0
v 73.5 129.0 72.0
v 74.0 129.0 72.5
v 74.0 129.5 49.0
v 73.5 130.0 50.0
v 74.0 130.0 49.5
v 73.5 130.0 71.0
v 74.0 130.0 71.5
v 74.0 129.5 72.0
v 73.5 131.0 50.0
v 74.0 131.0 49.5
v 73.5 131.0 71.0
v 74.0 131.0 71.5
v 74.0 131.5 50.0
v 73.5 132.0 51.0
v 74.0 132.0 50.5
v 73.5 132.0 70.0
v 74.0 132.0 70.5
v 74.0 131.5 71.0
v 74.0 132.5 51.0
v 73.5 133.0 52.0
v 74.0 133.0 51.5
v 74.0 132.5 70.0
v 74.0 133.0 69.5
v 74.0 133.5 52.0
v 73.5 134.0 53.0
v 74.0 134.0 52.5
v 73.5 134.0 69.0
v 74.0 134.0 69.5
v 74.0 134.5 53.0
v 73.5 135.0 54.0
v 74.0 135.0 53.5
v 73.5 135.0 68.0
v 74.0 135.0 68.5
v 74.0 134.5 69.0
v 74.0 135.5 54.0
v 74.0 136.0 54.5
v 74.0 135.5 69.0
v 73.5 136.0 69.0
v 74.0 136.0 69.5
v 73.5 137.0 55.0
v 74.0 137.0 54.5
v 73.5 137.0 56.0
v 73.5 137.0 68.0
v 74.0 137.0 68.5
v 74.0 136.5 69.0
v 74.0 137.5 55.0
v 73.5 138.0 56.0
v 74.0 138.0 55.5
v 73.5 138.0 57.0
v 73.5 138.0 66.0
v 73.5 138.0 67.0
v 74.0 138.0 67.5
v 74.0 137.5 68.0
v 74.0 138.5 56.0
v 74.0 138.5 57.0
v 73.5 139.0 58.0
v 74.0 139.0 57.5
v 73.5 139.0 59.0
v 73.5 139.0 65.0
v 74.0 139.0 65.5
v 74.0 138.5 66.0
v 74.0 138.5 67.0
v 74.0 139.5 58.0
v 74.0 139.5 59.0
v 74.0 139.5 60.0
v 73.5 140.0 61.0
v 74.0 140.0 60.5
v 73.5 140.0 62.0
v 73.5 140.0 63.0
v 74.0 140.0 63.5
v 74.0 139.5 64.0
v 74.0 139.5 65.0
v 74.0 140.5 61.0
v 74.0 140.5 62.0
v 74.0 140.5 63.0
v 74.5 105.0 50.0
v 75.0 105.0 49.5
v 75.0 104.5 50.0
v 75.0 105.0 50.5
v 74.5 106.0 49.0
v 75.0 106.0 48.5
v 75.0 105.5 49.0
v 74.5 106.0 50.0
v 75.0 105.5 51.0
v 74.5 106.0 51.0
v 75.0 105.5 52.0
v 74.5 106.0 52.0
v 75.0 105.5 53.0
v 74.5 106.0 53.0
v 75.0 105.5 54.0
v 74.5 106.0 54.0
v 75.0 105.5 55.0
v 74.5 106.0 55.0
v 75.0 105.5 56.0
v 74.5 106.0 56.0
v 75.0 106.0 56.5
v 74.5 107.0 48.0
v 75.0 107.0 47.5
v 75.0 106.5 48.0
v 74.5 107.0 49.0
v 74.5 107.0 50.0
v 74.5 107.0 51.0
v 74.5 107.0 52.0
v 74.5 107.0 56.0
v 75.0 106.5 57.0
v 74.5 107.0 57.0
v 75.0 106.5 58.0
v 74.5 107.0 58.0
v 75.0 107.0 58.5
v 74.5 108.0 47.0
v 75.0 108.0 46.5
v 75.0 107.5 47.0
v 74.5 108.0 48.0
v 75.0 107.5 59.0
v 74.5 108.0 59.0
v 75.0 108.0 59.5
v 74.5 109.0 47.0
v 75.0 109.0 46.5
v 75.0 108.5 60.0
v 74.5 109.0 60.0
v 75.0 108.5 61.0
v 74.5 109.0 61.0
v 75.0 109.0 61.5
v 74.5 110.0 44.0
v 75.0 110.0 43.5
v 75.0 109.5 44.0
v 75.0 109.5 45.0
v 74.5 110.0 45.0
v 75.0 109.5 46.0
v 75.0 109.5 62.0
v 75.0 109.5 63.0
v 75.0 109.5 64.0
v 74.5 110.0 64.0
v 75.0 110.0 64.5
v 74.5 111.0 44.0
v 75.0 111.0 43.5
v 74.5 111.0 45.0
v 75.0 110.5 65.0
v 74.5 111.0 65.0
v 75.0 111.0 65.5
v 75.0 112.0 43.5
v 75.0 111.5 66.0
v 74.5 112.0 67.0
v 75.0 112.0 66.5
v 74.5 113.0 43.0
v 75.0 113.0 42.5
v 75.0 112.5 43.0
v 74.5 113.0 44.0
v 75.0 112.5 67.0
v 75.0 112.5 68.0
v 75.0 113.0 68.5
v 75.0 113.5 43.0
v 74.5 114.0 44.0
v 75.0 114.0 43.5
v 75.0 114.0 68.5
v 74.5 115.0 44.0
v 75.0 115.0 43.5
v 75.0 114.5 69.0
v 75.0 114.5 70.0
v 74.5 115.0 70.0
v 75.0 115.0 70.5
v 74.5 116.0 44.0
v 75.0 116.0 43.5
v 75.0 116.0 70.5
v 74.5 117.0 44.0
v 75.0 117.0 43.5
v 75.0 116.5 71.0
v 74.5 117.0 71.0
v 75.0 117.0 71.5
v 74.5 118.0 44.0
v 75.0 118.0 43.5
v 74.5 118.0 45.0
v 74.5 118.0 71.0
v 75.0 118.0 71.5
v 74.5 119.0 44.0
v 75.0 119.0 43.5
v 75.0 118.5 72.0
v 74.5 119.0 72.0
v 75.0 119.0 72.5
v 75.0 119.5 44.0
v 74.5 120.0 45.0
v 75.0 120.0 44.5
v 75.0 120.0 72.5
v 74.5 121.0 45.0
v 75.0 121.0 44.5
v 75.0 121.0 72.5
v 75.0 121.5 45.0
v 74.5 122.0 46.0
v 75.0 122.0 45.5
v 75.0 121.5 73.0
v 74.5 122.0 73.0
v 75.0 122.0 73.5
v 75.0 123.0 43.5
v 75.0 122.5 44.0
v 75.0 123.0 44.5
v 75.0 122.5 46.0
v 74.5 123.0 47.0
v 75.0 123.0 46.5
v 75.0 122.5 73.0
v 75.0 123.0 72.5
v 75.0 124.0 43.5
v 75.0 123.5 45.0
v 75.0 124.0 45.5
v 74.5 124.0 47.0
v 75.0 124.0 46.5
v 75.0 123.5 73.0
v 74.5 124.0 73.0
v 75.0 124.0 73.5
v 75.0 125.0 43.5
v 75.0 124.5 45.0
v 75.0 125.0 44.5
v 74.5 125.0 47.0
v 75.0 125.0 46.5
v 75.0 124.5 73.0
v 75.0 125.0 72.5
v 75.0 125.5 44.0
v 75.0 125.5 47.0
v 75.0 126.0 47.5
v 75.0 126.0 72.5
v 75.0 127.0 47.5
v 75.0 126.5 73.0
v 74.5 127.0 73.0
v 75.0 127.0 73.5
v 75.0 128.0 47.5
v 75.0 127.5 73.0
v 75.0 128.0 72.5
v 75.0 128.5 48.0
v 75.0 129.0 48.5
v 75.0 129.0 72.5
v 74.5 130.0 49.0
v 75.0 130.0 48.5
v 74.5 130.0 72.0
v 75.0 130.0 72.5
v 75.0 130.5 49.0
v 75.0 131.0 49.5
v 74.5 131.0 72.0
v 75.0 131.0 72.5
v 74.5 132.0 50.0
v 75.0 132.0 49.5
v 74.5 132.0 71.0
v 75.0 132.0 71.5
v 75.0 131.5 72.0
v 75.0 132.5 50.0
v 74.5 133.0 51.0
v 75.0 133.0 50.5
v 74.5 133.0 70.0
v 74.5 133.0 71.0
v 75.0 133.0 71.5
v 75.0 133.5 51.0
v 74.5 134.0 52.0
v 75.0 134.0 51.5
v 74.5 134.0 70.0
v 75.0 134.0 70.5
v 75.0 133.5 71.0
v 75.0 134.5 52.0
v 74.5 135.0 53.0
v 75.0 135.0 52.5
v 74.5 135.0 69.0
v 75.0 135.0 69.5
v 75.0 134.5 70.0
v 75.0 135.5 53.0
v 74.5 136.0 54.0
v 75.0 136.0 53.5
v 75.0 135.5 70.0
v 74.5 136.0 70.0
v 75.0 136.0 70.5
v 75.0 136.5 54.0
v 75.0 137.0 54.5
v 74.5 137.0 69.0
v 75.0 137.0 69.5
v 75.0 136.5 70.0
v 75.0 137.5 55.0
v 75.0 138.0 55.5
v 74.5 138.0 68.0
v 75.0 138.0 68.5
v 75.0 137.5 69.0
v 75.0 138.5 56.0
v 74.5 139.0 57.0
v 75.0 139.0 56.5
v 74.5 139.0 66.0
v 74.5 139.0 67.0
v 75.0 139.0 67.5
v 75.0 138.5 68.0
v 75.0 139.5 57.0
v 75.0 139.5 58.0
v 74.5 140.0 59.0
v 75.0 140.0 58.5
v 74.5 140.0 60.0
v 74.5 140.0 64.0
v 74.5 140.0 65.0
v 75.0 140.0 65.5
v 75.0 139.5 66.0
v 75.0 139.5 67.0
v 75.0 140.5 59.0
v 75.0 140.5 60.0
v 75.0 140.5 61.0
v 75.0 140.5 62.0
v 75.0 140.5 63.0
v 75.0 140.5 64.0
v 75.0 140.5 65.0
v 75.5 104.0 49.0
v 76.0 104.0 48.5
v 76.0 103.5 49.0
v 76.0 103.5 50.0
v 75.5 104.0 50.0
v 76.0 103.5 51.0
v 75.5 104.0 51.0
v 76.0 103.5 52.0
v 75.5 104.0 52.0
v 76.0 103.5 53.0
v 75.5 104.0 53.0
v 76.0 103.5 54.0
v 75.5 104.0 54.0
v 76.0 103.5 55.0
v 75.5 104.0 55.0
v 76.0 103.5 56.0
v 75.5 104.0 56.0
v 76.0 104.0 56.5
v 75.5 105.0 48.0
v 76.0 105.0 47.5
v 76.0 104.5 48.0
v 75.5 105.0 49.0
v 75.5 105.0 51.0
v 75.5 105.0 52.0
v 75.5 105.0 53.0
v 75.5 105.0 54.0
v 75.5 105.0 55.0
v 75.5 105.0 56.0
v 76.0 104.5 57.0
v 75.5 105.0 57.0
v 76.0 105.0 57.5
v 75.5 106.0 46.0
v 76.0 106.0 45.5
v 76.0 105.5 46.0
v 76.0 105.5 47.0
v 75.5 106.0 47.0
v 75.5 106.0 48.0
v 75.5 106.0 57.0
v 76.0 105.5 58.0
v 75.5 106.0 58.0
v 76.0 106.0 58.5
v 75.5 107.0 46.0
v 76.0 107.0 45.5
v 75.5 107.0 47.0
v 76.0 106.5 59.0
v 75.5 107.0 59.0
v 76.0 106.5 60.0
v 75.5 107.0 60.0
v 76.0 107.0 60.5
v 75.5 108.0 46.0
v 76.0 108.0 45.5
v 75.5 108.0 60.0
v 76.0 107.5 61.0
v 75.5 108.0 61.0
v 76.0 108.0 61.5
v 75.5 109.0 46.0
v 76.0 109.0 45.5
v 76.0 108.5 62.0
v 75.5 109.0 62.0
v 76.0 109.0 62.5
v 75.5 110.0 43.0
v 76.0 110.0 42.5
v 76.0 109.5 43.0
v 76.0 109.5 44.0
v 76.0 109.5 45.0
v 76.0 109.5 63.0
v 76.0 109.5 64.0
v 76.0 109.5 65.0
v 75.5 110.0 65.0
v 76.0 110.0 65.5
v 75.5 111.0 43.0
v 76.0 111.0 42.5
v 76.0 110.5 66.0
v 75.5 111.0 66.0
v 76.0 111.0 66.5
v 75.5 112.0 43.0
v 76.0 112.0 42.5
v 76.0 111.5 67.0
v 75.5 112.0 67.0
v 76.0 112.0 67.5
v 76.0 113.0 42.5
v 76.0 112.5 68.0
v 76.0 113.0 68.5
v 75.5 114.0 43.0
v 76.0 114.0 42.5
v 76.0 113.5 69.0
v 75.5 114.0 69.0
v 76.0 114.0 69.5
v 75.5 115.0 43.0
v 76.0 115.0 42.5
v 76.0 114.5 70.0
v 76.0 115.0 70.5
v 75.5 116.0 43.0
v 76.0 116.0 42.5
v 76.0 115.5 71.0
v 75.5 116.0 71.0
v 76.0 116.0 71.5
v 75.5 117.0 43.0
v 76.0 117.0 42.5
v 76.0 117.0 71.5
v 75.5 118.0 42.0
v 76.0 118.0 41.5
v 76.0 117.5 42.0
v 75.5 118.0 43.0
v 76.0 117.5 72.0
v 75.5 118.0 72.0
v 76.0 118.0 72.5
v 76.0 118.5 42.0
v 75.5 119.0 43.0
v 76.0 119.0 42.5
v 76.0 119.0 72.5
v 75.5 120.0 43.0
v 76.0 120.0 42.5
v 75.5 120.0 44.0
v 76.0 120.0 72.5
v 76.0 120.5 43.0
v 75.5 121.0 44.0
v 76.0 121.0 43.5
v 76.0 120.5 73.0
v 75.5 121.0 73.0
v 76.0 121.0 73.5
v 76.0 121.5 44.0
v 75.5 122.0 45.0
v 76.0 122.0 44.5
v 76.0 122.0 73.5
v 75.5 123.0 43.0
v 76.0 123.0 42.5
v 76.0 122.5 43.0
v 76.0 122.5 44.0
v 75.5 123.0 45.0
v 75.5 123.0 46.0
v 75.5 123.0 73.0
v 76.0 123.0 73.5
v 75.5 124.0 43.0
v 76.0 124.0 42.5
v 75.5 124.0 46.0
v 76.0 124.0 73.5
v 76.0 124.5 43.0
v 76.0 125.0 43.5
v 75.5 125.0 45.0
v 75.5 125.0 46.0
v 75.5 125.0 73.0
v 76.0 125.0 73.5
v 76.0 125.5 44.0
v 76.0 125.5 45.0
v 76.0 125.5 46.0
v 75.5 126.0 47.0
v 76.0 126.0 46.5
v 75.5 126.0 73.0
v 76.0 126.0 73.5
v 75.5 127.0 44.0
v 76.0 127.0 43.5
v 76.0 126.5 44.0
v 76.0 127.0 44.5
v 75.5 127.0 47.0
v 76.0 127.0 46.5
v 76.0 126.5 74.0
v 75.5 127.0 74.0
v 76.0 127.0 74.5
v 76.0 127.5 44.0
v 76.0 127.5 47.0
v 76.0 128.0 47.5
v 75.5 128.0 73.0
v 75.5 128.0 74.0
v 76.0 128.0 74.5
v 75.5 129.0 48.0
v 76.0 129.0 47.5
v 75.5 129.0 73.0
v 75.5 129.0 74.0
v 76.0 129.0 74.5
v 76.0 129.5 48.0
v 76.0 130.0 48.5
v 75.5 130.0 73.0
v 75.5 130.0 74.0
v 76.0 130.0 74.5
v 75.5 131.0 49.0
v 76.0 131.0 48.5
v 75.5 131.0 73.0
v 76.0 131.0 73.5
v 76.0 130.5 74.0
v 76.0 131.5 49.0
v 76.0 132.0 49.5
v 75.5 132.0 72.0
v 76.0 132.0 72.5
v 76.0 131.5 73.0
v 75.5 133.0 50.0
v 76.0 133.0 49.5
v 75.5 133.0 72.0
v 76.0 133.0 72.5
v 76.0 133.5 50.0
v 75.5 134.0 51.0
v 76.0 134.0 50.5
v 75.5 134.0 71.0
v 76.0 134.0 71.5
v 76.0 133.5 72.0
v 76.0 134.5 51.0
v 75.5 135.0 52.0
v 76.0 135.0 51.5
v 75.5 135.0 70.0
v 75.5 135.0 71.0
v 76.0 135.0 71.5
v 76.0 135.5 52.0
v 75.5 136.0 53.0
v 76.0 136.0 52.5
v 75.5 136.0 71.0
v 76.0 135.5 72.0
v 75.5 136.0 72.0
v 76.0 136.0 72.5
v 76.0 136.5 53.0
v 76.0 136.5 54.0
v 76.0 137.0 54.5
v 75.5 137.0 70.0
v 75.5 137.0 71.0
v 76.0 137.0 71.5
v 76.0 136.5 72.0
v 76.0 137.5 55.0
v 76.0 138.0 55.5
v 75.5 138.0 69.0
v 76.0 138.0 69.5
v 76.0 137.5 70.0
v 76.0 137.5 71.0
v 76.0 138.5 56.0
v 76.0 139.0 56.5
v 76.0 138.5 68.0
v 76.0 139.0 67.5
v 76.0 138.5 69.0
v 76.0 139.5 57.0
v 75.5 140.0 58.0
v 76.0 140.0 57.5
v 75.5 140.0 66.0
v 75.5 140.0 67.0
v 76.0 140.0 67.5
v 76.0 140.5 58.0
v 76.0 140.5 59.0
v 76.0 140.5 60.0
v 76.0 140.5 61.0
v 76.0 140.5 62.0
v 75.5 141.0 63.0
v 76.0 141.0 62.5
v 76.0 141.0 63.5
v 76.0 140.5 64.0
v 76.0 140.5 65.0
v 76.0 140.5 66.0
v 76.0 140.5 67.0
v 76.0 141.5 63.0
v 76.5 102.0 52.0
v 77.0 102.0 51.5
v 77.0 101.5 52.0
v 77.0 101.5 53.0
v 76.5 102.0 53.0
v 77.0 101.5 54.0
v 76.5 102.0 54.0
v 77.0 101.5 55.0
v 76.5 102.0 55.0
v 77.0 102.0 55.5
v 76.5 103.0 48.0
v 77.0 103.0 47.5
v 77.0 102.5 48.0
v 77.0 102.5 49.0
v 76.5 103.0 49.0
v 77.0 102.5 50.0
v 76.5 103.0 50.0
v 77.0 102.5 51.0
v 76.5 103.0 51.0
v 76.5 103.0 52.0
v 76.5 103.0 53.0
v 76.5 103.0 54.0
v 76.5 103.0 55.0
v 77.0 102.5 56.0
v 76.5 103.0 56.0
v 77.0 102.5 57.0
v 76.5 103.0 57.0
v 77.0 103.0 57.5
v 76.5 104.0 47.0
v 77.0 104.0 46.5
v 77.0 103.5 47.0
v 76.5 104.0 48.0
v 76.5 104.0 57.0
v 77.0 103.5 58.0
v 76.5 104.0 58.0
v 77.0 104.0 58.5
v 76.5 105.0 46.0
v 77.0 105.0 45.5
v 77.0 104.5 46.0
v 76.5 105.0 47.0
v 76.5 105.0 58.0
v 77.0 105.0 58.5
v 76.5 106.0 45.0
v 77.0 106.0 44.5
v 77.0 105.5 45.0
v 77.0 105.5 59.0
v 76.5 106.0 59.0
v 77.0 105.5 60.0
v 76.5 106.0 60.0
v 77.0 106.0 60.5
v 76.5 107.0 45.0
v 77.0 107.0 44.5
v 77.0 106.5 61.0
v 76.5 107.0 61.0
v 77.0 107.0 61.5
v 76.5 108.0 44.0
v 77.0 108.0 43.5
v 77.0 107.5 44.0
v 76.5 108.0 45.0
v 77.0 107.5 62.0
v 76.5 108.0 62.0
v 77.0 108.0 62.5
v 76.5 109.0 43.0
v 77.0 109.0 42.5
v 77.0 108.5 43.0
v 76.5 109.0 44.0
v 76.5 109.0 45.0
v 77.0 108.5 63.0
v 76.5 109.0 63.0
v 77.0 109.0 63.5
v 76.5 110.0 42.0
v 77.0 110.0 41.5
v 77.0 109.5 42.0
v 77.0 109.5 64.0
v 77.0 109.5 65.0
v 77.0 109.5 66.0
v 76.5 110.0 66.0
v 77.0 110.0 66.5
v 76.5 111.0 42.0
v 77.0 111.0 41.5
v 77.0 110.5 67.0
v 76.5 111.0 67.0
v 77.0 111.0 67.5
v 76.5 112.0 42.0
v 77.0 112.0 41.5
v 77.0 111.5 68.0
v 76.5 112.0 68.0
v 77.0 112.0 68.5
v 76.5 113.0 42.0
v 77.0 113.0 41.5
v 77.0 112.5 69.0
v 76.5 113.0 69.0
v 77.0 113.0 69.5
v 76.5 114.0 42.0
v 77.0 114.0 41.5
v 77.0 113.5 70.0
v 76.5 114.0 70.0
v 77.0 114.0 70.5
v 76.5 115.0 42.0
v 77.0 115.0 41.5
v 77.0 114.5 71.0
v 76.5 115.0 71.0
v 77.0 115.0 71.5
v 76.5 116.0 42.0
v 77.0 116.0 41.5
v 77.0 116.0 71.5
v 76.5 117.0 42.0
v 77.0 117.0 41.5
v 77.0 116.5 72.0
v 76.5 117.0 72.0
v 77.0 117.0 72.5
v 77.0 118.0 41.5
v 77.0 117.5 73.0
v 76.5 118.0 73.0
v 77.0 118.0 73.5
v 77.0 118.5 42.0
v 77.0 119.0 42.5
v 76.5 119.0 73.0
v 77.0 119.0 73.5
v 77.0 120.0 42.5
v 76.5 120.0 73.0
v 77.0 120.0 73.5
v 76.5 121.0 42.0
v 77.0 121.0 41.5
v 77.0 120.5 42.0
v 76.5 121.0 43.0
v 77.0 121.0 73.5
v 76.5 122.0 42.0
v 77.0 122.0 41.5
v 76.5 122.0 43.0
v 76.5 122.0 44.0
v 77.0 121.5 74.0
v 76.5 122.0 74.0
v 77.0 122.0 74.5
v 76.5 123.0 42.0
v 77.0 123.0 41.5
v 76.5 123.0 74.0
v 77.0 123.0 74.5
v 77.0 123.5 42.0
v 77.0 124.0 42.5
v 76.5 124.0 74.0
v 77.0 124.0 74.5
v 76.5 125.0 43.0
v 77.0 125.0 42.5
v 76.5 125.0 74.0
v 77.0 125.0 74.5
v 77.0 125.5 43.0
v 76.5 126.0 44.0
v 77.0 126.0 43.5
v 76.5 126.0 45.0
v 76.5 126.0 46.0
v 76.5 126.0 74.0
v 77.0 126.0 74.5
v 76.5 127.0 44.0
v 77.0 126.5 44.0
v 77.0 126.5 45.0
v 76.5 127.0 46.0
v 77.0 127.0 45.5
v 77.0 126.5 75.0
v 76.5 127.0 75.0
v 77.0 127.0 75.5
v 77.0 127.5 46.0
v 76.5 128.0 47.0
v 77.0 128.0 46.5
v 77.0 127.5 75.0
v 77.0 128.0 74.5
v 77.0 128.5 47.0
v 77.0 129.0 47.5
v 77.0 129.0 74.5
v 77.0 129.5 48.0
v 77.0 130.0 48.5
v 77.0 129.5 75.0
v 76.5 130.0 75.0
v 77.0 130.0 75.5
v 77.0 131.0 48.5
v 76.5 131.0 74.0
v 77.0 131.0 74.5
v 77.0 130.5 75.0
v 76.5 132.0 49.0
v 77.0 132.0 48.5
v 76.5 132.0 73.0
v 76.5 132.0 74.0
v 77.0 132.0 74.5
v 77.0 132.5 49.0
v 77.0 133.0 49.5
v 76.5 133.0 73.0
v 77.0 133.0 73.5
v 77.0 132.5 74.0
v 77.0 133.5 50.0
v 77.0 134.0 50.5
v 76.5 134.0 72.0
v 76.5 134.0 73.0
v 77.0 134.0 73.5
v 77.0 134.5 51.0
v 77.0 135.0 51.5
v 76.5 135.0 72.0
v 77.0 135.0 72.5
v 77.0 134.5 73.0
v 77.0 135.5 52.0
v 77.0 136.0 52.5
v 77.0 135.5 73.0
v 76.5 136.0 73.0
v 77.0 135.5 74.0
v 76.5 136.0 74.0
v 77.0 136.0 74.5
v 77.0 136.5 53.0
v 77.0 136.5 54.0
v 77.0 137.0 54.5
v 76.5 137.0 72.0
v 77.0 137.0 72.5
v 77.0 136.5 73.0
v 77.0 136.5 74.0
v 77.0 137.5 55.0
v 77.0 138.0 55.5
v 76.5 138.0 70.0
v 76.5 138.0 71.0
v 77.0 138.0 71.5
v 77.0 137.5 72.0
v 77.0 138.5 56.0
v 77.0 139.0 56.5
v 77.0 138.5 68.0
v 77.0 139.0 67.5
v 77.0 138.5 69.0
v 77.0 138.5 70.0
v 77.0 138.5 71.0
v 77.0 139.5 57.0
v 77.0 140.0 57.5
v 77.0 140.0 67.5
v 77.0 140.5 58.0
v 77.0 140.5 59.0
v 77.0 140.5 60.0
v 77.0 140.5 61.0
v 76.5 141.0 62.0
v 77.0 141.0 61.5
v 76.5 141.0 64.0
v 77.0 141.0 64.5
v 77.0 140.5 65.0
v 76.5 141.0 66.0
v 77.0 141.0 65.5
v 76.5 141.0 67.0
v 77.0 141.0 67.5
v 77.0 141.5 62.0
v 77.0 141.5 63.0
v 77.0 141.5 64.0
v 77.0 141.5 66.0
v 77.0 141.5 67.0
v 77.5 102.0 48.0
v 78.0 102.0 47.5
v 78.0 101.5 48.0
v 78.0 101.5 49.0
v 77.5 102.0 49.0
v 78.0 101.5 50.0
v 77.5 102.0 50.0
v 78.0 101.5 51.0
v 77.5 102.0 51.0
v 78.0 101.5 52.0
v 78.0 101.5 53.0
v 78.0 101.5 54.0
v 78.0 101.5 55.0
v 78.0 101.5 56.0
v 77.5 102.0 56.0
v 78.0 102.0 56.5
v 77.5 103.0 47.0
v 78.0 103.0 46.5
v 78.0 102.5 47.0
v 78.0 102.5 57.0
v 78.0 102.5 58.0
v 77.5 103.0 58.0
v 78.0 103.0 58.5
v 77.5 104.0 46.0
v 78.0 104.0 45.5
v 78.0 103.5 46.0
v 78.0 103.5 59.0
v 77.5 104.0 59.0
v 78.0 104.0 59.5
v 77.5 105.0 45.0
v 78.0 105.0 44.5
v 78.0 104.5 45.0
v 77.5 105.0 59.0
v 78.0 104.5 60.0
v 77.5 105.0 60.0
v 78.0 105.0 60.5
v 77.5 106.0 44.0
v 78.0 106.0 43.5
v 78.0 105.5 44.0
v 78.0 105.5 61.0
v 77.5 106.0 61.0
v 78.0 106.0 61.5
v 77.5 107.0 43.0
v 78.0 107.0 42.5
v 78.0 106.5 43.0
v 77.5 107.0 44.0
v 78.0 106.5 62.0
v 77.5 107.0 62.0
v 78.0 107.0 62.5
v 77.5 108.0 42.0
v 78.0 108.0 41.5
v 78.0 107.5 42.0
v 77.5 108.0 43.0
v 78.0 107.5 63.0
v 77.5 108.0 63.0
v 78.0 108.0 63.5
v 77.5 109.0 42.0
v 78.0 109.0 41.5
v 78.0 108.5 64.0
v 77.5 109.0 64.0
v 78.0 108.5 65.0
v 77.5 109.0 65.0
v 78.0 109.0 65.5
v 77.5 110.0 41.0
v 78.0 110.0 40.5
v 78.0 109.5 41.0
v 78.0 109.5 66.0
v 78.0 109.5 67.0
v 77.5 110.0 67.0
v 78.0 110.0 67.5
v 77.5 111.0 41.0
v 78.0 111.0 40.5
v 78.0 110.5 68.0
v 77.5 111.0 68.0
v 78.0 111.0 68.5
v 77.5 112.0 41.0
v 78.0 112.0 40.5
v 78.0 111.5 69.0
v 77.5 112.0 69.0
v 78.0 112.0 69.5
v 77.5 113.0 41.0
v 78.0 113.0 40.5
v 78.0 112.5 70.0
v 77.5 113.0 70.0
v 78.0 113.0 70.5
v 77.5 114.0 41.0
v 78.0 114.0 40.5
v 78.0 113.5 71.0
v 77.5 114.0 71.0
v 78.0 114.0 71.5
v 78.0 114.5 41.0
v 78.0 115.0 41.5
v 78.0 115.0 71.5
v 78.0 116.0 41.5
v 78.0 115.5 72.0
v 77.5 116.0 72.0
v 78.0 116.0 72.5
v 78.0 117.0 41.5
v 78.0 117.0 72.5
v 77.5 118.0 41.0
v 78.0 118.0 40.5
v 78.0 117.5 41.0
v 78.0 117.5 73.0
v 78.0 117.5 74.0
v 77.5 118.0 74.0
v 78.0 118.0 74.5
v 77.5 119.0 41.0
v 78.0 119.0 40.5
v 77.5 119.0 42.0
v 77.5 119.0 74.0
v 78.0 119.0 74.5
v 77.5 120.0 41.0
v 78.0 120.0 40.5
v 77.5 120.0 42.0
v 77.5 120.0 74.0
v 78.0 120.0 74.5
v 77.5 121.0 41.0
v 78.0 121.0 40.5
v 77.5 121.0 74.0
v 78.0 120.5 75.0
v 77.5 121.0 75.0
v 78.0 121.0 75.5
v 78.0 121.5 41.0
v 78.0 122.0 41.5
v 77.5 122.0 75.0
v 78.0 122.0 75.5
v 78.0 123.0 41.5
v 77.5 123.0 75.0
v 78.0 123.0 75.5
v 78.0 123.5 42.0
v 78.0 124.0 42.5
v 77.5 124.0 75.0
v 78.0 124.0 75.5
v 78.0 125.0 42.5
v 77.5 125.0 75.0
v 78.0 125.0 75.5
v 78.0 125.5 43.0
v 78.0 126.0 43.5
v 77.5 126.0 75.0
v 78.0 126.0 75.5
v 78.0 126.5 44.0
v 77.5 127.0 45.0
v 78.0 127.0 44.5
v 78.0 126.5 76.0
v 77.5 127.0 76.0
v 78.0 127.0 76.5
v 77.5 128.0 44.0
v 78.0 128.0 43.5
v 78.0 127.5 44.0
v 77.5 128.0 45.0
v 77.5 128.0 46.0
v 77.5 128.0 75.0
v 77.5 128.0 76.0
v 78.0 128.0 76.5
v 78.0 128.5 44.0
v 78.0 128.5 45.0
v 78.0 128.5 46.0
v 78.0 128.5 47.0
v 78.0 129.0 47.5
v 77.5 129.0 75.0
v 78.0 129.0 75.5
v 78.0 128.5 76.0
v 77.5 130.0 48.0
v 78.0 130.0 47.5
v 78.0 130.0 75.5
v 78.0 130.5 48.0
v 78.0 131.0 48.5
v 77.5 131.0 75.0
v 78.0 131.0 75.5
v 78.0 132.0 48.5
v 77.5 132.0 75.0
v 78.0 132.0 75.5
v 78.0 132.5 49.0
v 78.0 133.0 49.5
v 77.5 133.0 74.0
v 77.5 133.0 75.0
v 78.0 133.0 75.5
v 78.0 133.5 50.0
v 78.0 134.0 50.5
v 77.5 134.0 74.0
v 78.0 134.0 74.5
v 78.0 133.5 75.0
v 77.5 135.0 51.0
v 78.0 135.0 50.5
v 77.5 135.0 73.0
v 77.5 135.0 74.0
v 78.0 135.0 74.5
v 78.0 135.5 51.0
v 77.5 136.0 52.0
v 78.0 136.0 51.5
v 78.0 136.0 74.5
v 78.0 136.5 52.0
v 77.5 137.0 53.0
v 78.0 137.0 52.5
v 77.5 137.0 54.0
v 77.5 137.0 73.0
v 77.5 137.0 74.0
v 78.0 137.0 74.5
v 78.0 137.5 53.0
v 78.0 137.5 54.0
v 77.5 138.0 55.0
v 78.0 138.0 54.5
v 77.5 138.0 57.0
v 78.0 137.5 57.0
v 78.0 138.0 56.5
v 78.0 138.0 57.5
v 77.5 138.0 72.0
v 77.5 138.0 73.0
v 78.0 138.0 73.5
v 78.0 137.5 74.0
v 78.0 138.5 55.0
v 78.0 138.5 56.0
v 77.5 139.0 57.0
v 78.0 139.0 57.5
v 77.5 139.0 68.0
v 77.5 139.0 69.0
v 77.5 139.0 70.0
v 77.5 139.0 71.0
v 78.0 139.0 71.5
v 78.0 138.5 72.0
v 78.0 138.5 73.0
v 78.0 140.0 57.5
v 77.5 140.0 60.0
v 78.0 139.5 60.0
v 78.0 140.0 59.5
v 77.5 140.0 61.0
v 78.0 139.5 61.0
v 78.0 140.0 61.5
v 78.0 139.5 68.0
v 78.0 140.0 67.5
v 78.0 139.5 69.0
v 78.0 139.5 70.0
v 78.0 139.5 71.0
v 78.0 140.5 58.0
v 78.0 140.5 59.0
v 77.5 141.0 62.0
v 78.0 140.5 62.0
v 77.5 141.0 63.0
v 78.0 140.5 63.0
v 78.0 141.0 63.5
v 77.5 141.0 65.0
v 77.5 141.0 67.0
v 78.0 140.5 67.0
v 78.0 141.0 66.5
v 78.0 141.5 64.0
v 78.0 141.5 65.0
v 78.0 141.5 66.0
v 78.5 101.0 49.0
v 79.0 101.0 48.5
v 79.0 100.5 49.0
v 79.0 100.5 50.0
v 78.5 101.0 50.0
v 79.0 100.5 51.0
v 78.5 101.0 51.0
v 79.0 100.5 52.0
v 78.5 101.0 52.0
v 79.0 100.5 53.0
v 78.5 101.0 53.0
v 79.0 100.5 54.0
v 78.5 101.0 54.0
v 79.0 101.0 54.5
v 78.5 102.0 47.0
v 79.0 102.0 46.5
v 79.0 101.5 47.0
v 79.0 101.5 48.0
v 79.0 101.5 55.0
v 79.0 101.5 56.0
v 79.0 101.5 57.0
v 78.5 102.0 57.0
v 79.0 102.0 57.5
v 78.5 103.0 46.0
v 79.0 103.0 45.5
v 79.0 102.5 46.0
v 79.0 102.5 58.0
v 79.0 102.5 59.0
v 78.5 103.0 59.0
v 79.0 103.0 59.5
v 78.5 104.0 45.0
v 79.0 104.0 44.5
v 79.0 103.5 45.0
v 79.0 103.5 60.0
v 78.5 104.0 60.0
v 79.0 104.0 60.5
v 79.0 105.0 44.5
v 79.0 104.5 61.0
v 78.5 105.0 61.0
v 79.0 105.0 61.5
v 78.5 106.0 42.0
v 79.0 106.0 41.5
v 79.0 105.5 42.0
v 79.0 105.5 43.0
v 78.5 106.0 43.0
v 79.0 105.5 44.0
v 79.0 105.5 62.0
v 78.5 106.0 62.0
v 79.0 106.0 62.5
v 78.5 107.0 42.0
v 79.0 107.0 41.5
v 79.0 106.5 63.0
v 78.5 107.0 63.0
v 79.0 107.0 63.5
v 79.0 108.0 41.5
v 79.0 107.5 64.0
v 78.5 108.0 64.0
v 79.0 108.0 64.5
v 78.5 108.0 66.0
v 79.0 108.0 65.5
v 79.0 107.5 66.0
v 79.0 108.0 66.5
v 78.5 109.0 41.0
v 79.0 109.0 40.5
v 79.0 108.5 41.0
v 79.0 108.5 65.0
v 78.5 109.0 66.0
v 79.0 108.5 67.0
v 78.5 109.0 67.0
v 79.0 109.0 67.5
v 78.5 110.0 39.0
v 79.0 110.0 38.5
v 79.0 109.5 39.0
v 79.0 110.0 39.5
v 79.0 110.0 40.5
v 79.0 109.5 68.0
v 78.5 110.0 68.0
v 79.0 110.0 68.5
v 79.0 110.5 39.0
v 79.0 111.0 39.5
v 78.5 111.0 40.0
v 79.0 110.5 40.0
v 79.0 110.5 69.0
v 78.5 111.0 69.0
v 79.0 111.0 69.5
v 78.5 112.0 40.0
v 79.0 112.0 39.5
v 79.0 112.0 69.5
v 78.5 113.0 40.0
v 79.0 113.0 39.5
v 79.0 112.5 70.0
v 79.0 113.0 70.5
v 78.5 114.0 40.0
v 79.0 114.0 39.5
v 79.0 113.5 71.0
v 79.0 114.0 71.5
v 79.0 114.5 40.0
v 78.5 115.0 41.0
v 79.0 115.0 40.5
v 79.0 114.5 72.0
v 78.5 115.0 72.0
v 79.0 115.0 72.5
v 78.5 116.0 41.0
v 79.0 116.0 40.5
v 79.0 115.5 73.0
v 78.5 116.0 73.0
v 79.0 116.0 73.5
v 78.5 117.0 41.0
v 79.0 117.0 40.5
v 78.5 117.0 73.0
v 79.0 117.0 73.5
v 78.5 118.0 40.0
v 79.0 118.0 39.5
v 79.0 117.5 40.0
v 79.0 117.5 74.0
v 79.0 117.5 75.0
v 78.5 118.0 75.0
v 79.0 118.0 75.5
v 78.5 119.0 40.0
v 79.0 119.0 39.5
v 78.5 119.0 75.0
v 79.0 119.0 75.5
v 79.0 119.5 40.0
v 79.0 120.0 40.5
v 78.5 120.0 75.0
v 79.0 120.0 75.5
v 79.0 121.0 40.5
v 79.0 120.5 76.0
v 78.5 121.0 76.0
v 79.0 121.0 76.5
v 79.0 121.5 41.0
v 79.0 122.0 41.5
v 78.5 122.0 76.0
v 79.0 122.0 76.5
v 79.0 123.0 41.5
v 78.5 123.0 76.0
v 79.0 123.0 76.5
v 78.5 124.0 42.0
v 79.0 124.0 41.5
v 78.5 124.0 76.0
v 79.0 124.0 76.5
v 79.0 124.5 42.0
v 79.0 124.5 43.0
v 78.5 125.0 43.0
v 79.0 125.0 43.5
v 78.5 125.0 76.0
v 79.0 125.0 76.5
v 79.0 126.0 43.5
v 78.5 126.0 76.0
v 79.0 126.0 76.5
v 78.5 127.0 44.0
v 79.0 127.0 43.5
v 79.0 127.0 76.5
v 79.0 128.0 43.5
v 79.0 128.0 76.5
v 78.5 129.0 44.0
v 79.0 129.0 43.5
v 79.0 129.0 44.5
v 79.0 128.5 45.0
v 79.0 128.5 46.0
v 78.5 129.0 47.0
v 79.0 129.0 46.5
v 78.5 129.0 76.0
v 79.0 129.0 76.5
v 79.0 129.5 44.0
v 79.0 129.5 47.0
v 79.0 130.0 47.5
v 78.5 130.0 76.0
v 79.0 130.0 76.5
v 78.5 131.0 48.0
v 79.0 131.0 47.5
v 78.5 131.0 76.0
v 79.0 131.0 76.5
v 79.0 131.5 48.0
v 79.0 132.0 48.5
v 78.5 132.0 76.0
v 79.0 132.0 76.5
v 79.0 132.5 49.0
v 79.0 133.0 49.5
v 79.0 132.5 76.0
v 79.0 133.0 75.5
v 79.0 133.5 50.0
v 79.0 134.0 50.5
v 78.5 134.0 75.0
v 79.0 134.0 75.5
v 79.0 135.0 50.5
v 78.5 135.0 75.0
v 79.0 134.5 76.0
v 78.5 135.0 76.0
v 79.0 135.0 76.5
v 79.0 135.5 51.0
v 79.0 136.0 51.5
v 78.5 136.0 75.0
v 79.0 136.0 75.5
v 79.0 135.5 76.0
v 79.0 136.5 52.0
v 79.0 137.0 52.5
v 78.5 137.0 54.0
v 79.0 136.5 54.0
v 79.0 137.0 53.5
v 78.5 137.0 55.0
v 79.0 136.5 55.0
v 79.0 137.0 55.5
v 78.5 137.0 75.0
v 79.0 137.0 75.5
v 79.0 137.5 53.0
v 78.5 138.0 55.0
v 79.0 138.0 55.5
v 79.0 137.5 57.0
v 79.0 138.0 56.5
v 79.0 138.0 57.5
v 78.5 138.0 60.0
v 79.0 137.5 60.0
v 79.0 138.0 59.5
v 79.0 138.0 60.5
v 78.5 138.0 74.0
v 79.0 138.0 74.5
v 79.0 137.5 75.0
v 79.0 138.5 56.0
v 79.0 139.0 57.5
v 78.5 139.0 59.0
v 79.0 138.5 59.0
v 79.0 139.0 58.5
v 78.5 139.0 60.0
v 79.0 139.0 60.5
v 78.5 139.0 72.0
v 78.5 139.0 73.0
v 79.0 139.0 73.5
v 79.0 138.5 74.0
v 79.0 140.0 57.5
v 78.5 140.0 59.0
v 79.0 140.0 58.5
v 79.0 140.0 60.5
v 78.5 140.0 61.0
v 78.5 140.0 68.0
v 78.5 140.0 69.0
v 78.5 140.0 70.0
v 78.5 140.0 71.0
v 78.5 140.0 72.0
v 78.5 140.0 73.0
v 79.0 140.0 73.5
v 79.0 140.5 58.0
v 79.0 140.5 61.0
v 78.5 141.0 62.0
v 79.0 141.0 61.5
v 78.5 141.0 63.0
v 78.5 141.0 67.0
v 79.0 141.0 67.5
v 79.0 140.5 68.0
v 78.5 141.0 69.0
v 79.0 141.0 68.5
v 78.5 141.0 70.0
v 78.5 141.0 71.0
v 79.0 141.0 71.5
v 79.0 140.5 72.0
v 79.0 140.5 73.0
v 79.0 141.5 62.0
v 79.0 141.5 63.0
v 78.5 142.0 64.0
v 79.0 142.0 63.5
v 78.5 142.0 65.0
v 78.5 142.0 66.0
v 79.0 142.0 66.5
v 79.0 141.5 67.0
v 79.0 141.5 69.0
v 79.0 141.5 70.0
v 79.0 141.5 71.0
v 79.0 142.5 64.0
v 79.0 142.5 65.0
v 79.0 142.5 66.0
v 79.5 101.0 48.0
v 80.0 101.0 47.5
v 80.0 100.5 48.0
v 80.0 100.5 49.0
v 80.0 100.5 50.0
v 80.0 100.5 51.0
v 80.0 100.5 52.0
v 80.0 100.5 53.0
v 80.0 100.5 54.0
v 80.0 100.5 55.0
v 79.5 101.0 55.0
v 80.0 100.5 56.0
v 79.5 101.0 56.0
v 80.0 101.0 56.5
v 79.5 102.0 46.0
v 80.0 102.0 45.5
v 80.0 101.5 46.0
v 80.0 101.5 47.0
v 80.0 101.5 57.0
v 80.0 101.5 58.0
v 79.5 102.0 58.0
v 80.0 102.0 58.5
v 79.5 103.0 45.0
v 80.0 103.0 44.5
v 80.0 102.5 45.0
v 80.0 102.5 59.0
v 80.0 103.0 59.5
v 79.5 104.0 44.0
v 80.0 104.0 43.5
v 80.0 103.5 44.0
v 80.0 103.5 60.0
v 80.0 104.0 60.5
v 79.5 105.0 42.0
v 80.0 105.0 41.5
v 80.0 104.5 42.0
v 80.0 104.5 43.0
v 79.5 105.0 43.0
v 79.5 105.0 44.0
v 80.0 104.5 61.0
v 80.0 105.0 61.5
v 79.5 106.0 41.0
v 80.0 106.0 40.5
v 80.0 105.5 41.0
v 80.0 105.5 62.0
v 80.0 105.5 63.0
v 79.5 106.0 63.0
v 80.0 106.0 63.5
v 80.0 106.5 41.0
v 80.0 107.0 41.5
v 80.0 107.0 63.5
v 79.5 108.0 41.0
v 80.0 108.0 40.5
v 80.0 107.5 41.0
v 80.0 107.5 64.0
v 80.0 108.0 64.5
v 80.0 108.0 65.5
v 80.0 107.5 66.0
v 80.0 108.0 66.5
v 79.5 109.0 40.0
v 80.0 109.0 39.5
v 80.0 108.5 40.0
v 80.0 108.5 65.0
v 79.5 109.0 67.0
v 80.0 109.0 66.5
v 80.0 110.0 38.5
v 80.0 109.5 39.0
v 79.5 110.0 40.0
v 80.0 109.5 67.0
v 79.5 110.0 68.0
v 80.0 110.0 67.5
v 79.5 111.0 39.0
v 80.0 111.0 38.5
v 80.0 110.5 68.0
v 79.5 111.0 69.0
v 80.0 111.0 68.5
v 80.0 111.5 39.0
v 80.0 112.0 39.5
v 80.0 111.5 69.0
v 80.0 112.0 69.5
v 80.0 113.0 39.5
v 80.0 112.5 70.0
v 80.0 113.0 70.5
v 80.0 114.0 39.5
v 80.0 113.5 71.0
v 80.0 114.0 71.5
v 80.0 114.5 40.0
v 80.0 115.0 40.5
v 80.0 114.5 72.0
v 80.0 114.5 73.0
v 79.5 115.0 73.0
v 80.0 115.0 73.5
v 79.5 116.0 40.0
v 80.0 116.0 39.5
v 80.0 115.5 40.0
v 80.0 115.5 74.0
v 79.5 116.0 74.0
v 80.0 116.0 74.5
v 79.5 117.0 40.0
v 80.0 117.0 39.5
v 79.5 117.0 74.0
v 80.0 117.0 74.5
v 80.0 118.0 39.5
v 80.0 117.5 75.0
v 80.0 118.0 75.5
v 80.0 119.0 39.5
v 80.0 118.5 76.0
v 79.5 119.0 76.0
v 80.0 119.0 76.5
v 80.0 119.5 40.0
v 80.0 120.0 40.5
v 79.5 120.0 76.0
v 80.0 120.0 76.5
v 80.0 121.0 40.5
v 80.0 121.0 76.5
v 79.5 122.0 41.0
v 80.0 122.0 40.5
v 80.0 121.5 77.0
v 79.5 122.0 77.0
v 80.0 122.0 77.5
v 80.0 122.5 41.0
v 80.0 123.0 41.5
v 79.5 123.0 77.0
v 80.0 123.0 77.5
v 80.0 123.5 42.0
v 79.5 124.0 42.0
v 80.0 124.0 42.5
v 79.5 124.0 77.0
v 80.0 124.0 77.5
v 80.0 124.5 43.0
v 80.0 125.0 43.5
v 79.5 125.0 77.0
v 80.0 125.0 77.5
v 80.0 126.0 43.5
v 80.0 125.5 77.0
v 80.0 126.0 76.5
v 80.0 126.5 44.0
v 79.5 127.0 44.0
v 80.0 127.0 44.5
v 80.0 126.5 77.0
v 79.5 127.0 77.0
v 80.0 127.0 77.5
v 79.5 128.0 44.0
v 80.0 127.5 45.0
v 79.5 128.0 45.0
v 80.0 128.0 45.5
v 79.5 128.0 77.0
v 80.0 128.0 77.5
v 80.0 129.0 43.5
v 80.0 128.5 44.0
v 80.0 129.0 44.5
v 80.0 128.5 46.0
v 80.0 129.0 46.5
v 79.5 129.0 77.0
v 80.0 129.0 77.5
v 80.0 129.5 44.0
v 79.5 130.0 47.0
v 80.0 130.0 46.5
v 79.5 130.0 77.0
v 80.0 130.0 77.5
v 80.0 130.5 47.0
v 80.0 131.0 47.5
v 79.5 131.0 77.0
v 80.0 131.0 77.5
v 80.0 131.5 48.0
v 80.0 132.0 48.5
v 79.5 132.0 77.0
v 80.0 132.0 77.5
v 80.0 132.5 49.0
v 80.0 133.0 49.5
v 79.5 133.0 76.0
v 79.5 133.0 77.0
v 80.0 133.0 77.5
v 79.5 134.0 50.0
v 80.0 134.0 49.5
v 79.5 134.0 76.0
v 79.5 134.0 77.0
v 80.0 134.0 77.5
v 80.0 134.5 50.0
v 80.0 135.0 50.5
v 79.5 135.0 77.0
v 80.0 134.5 78.0
v 79.5 135.0 78.0
v 80.0 135.0 78.5
v 80.0 135.5 51.0
v 80.0 136.0 51.5
v 79.5 136.0 76.0
v 79.5 136.0 77.0
v 80.0 136.0 77.5
v 80.0 135.5 78.0
v 80.0 136.5 52.0
v 80.0 137.0 52.5
v 79.5 137.0 54.0
v 79.5 137.0 55.0
v 79.5 137.0 76.0
v 80.0 137.0 76.5
v 80.0 136.5 77.0
v 80.0 137.5 53.0
v 80.0 137.5 54.0
v 80.0 137.5 55.0
v 80.0 137.5 56.0
v 79.5 138.0 56.0
v 80.0 137.5 57.0
v 80.0 138.0 57.5
v 80.0 137.5 60.0
v 80.0 138.0 59.5
v 79.5 138.0 61.0
v 80.0 137.5 61.0
v 80.0 138.0 61.5
v 79.5 138.0 75.0
v 80.0 138.0 75.5
v 80.0 137.5 76.0
v 80.0 139.0 57.5
v 80.0 138.5 59.0
v 80.0 139.0 58.5
v 79.5 139.0 61.0
v 80.0 139.0 61.5
v 79.5 139.0 74.0
v 80.0 139.0 74.5
v 80.0 138.5 75.0
v 80.0 139.5 58.0
v 79.5 140.0 58.0
v 79.5 140.0 61.0
v 80.0 140.0 61.5
v 79.5 140.0 74.0
v 80.0 140.0 74.5
v 80.0 141.0 61.5
v 79.5 141.0 68.0
v 79.5 141.0 72.0
v 79.5 141.0 73.0
v 80.0 141.0 73.5
v 80.0 140.5 74.0
v 80.0 141.5 62.0
v 79.5 142.0 63.0
v 80.0 142.0 62.5
v 79.5 142.0 67.0
v 80.0 142.0 67.5
v 80.0 141.5 68.0
v 80.0 141.5 69.0
v 79.5 142.0 70.0
v 80.0 142.0 69.5
v 79.5 142.0 71.0
v 80.0 142.0 71.5
v 80.0 141.5 72.0
v 80.0 141.5 73.0
v 80.0 142.5 63.0
v 80.0 142.5 64.0
v 80.0 142.5 65.0
v 80.0 142.5 66.0
v 80.0 142.5 67.0
v 80.0 142.5 70.0
v 80.0 142.5 71.0
v 79.5 144.0 70.0
v 80.0 144.0 69.5
v 80.0 143.5 70.0
v 80.0 144.0 70.5
v 80.0 144.5 70.0
v 80.5 101.0 46.0
v 81.0 101.0 45.5
v 81.0 100.5 46.0
v 81.0 100.5 47.0
v 80.5 101.0 47.0
v 81.0 100.5 48.0
v 81.0 100.5 49.0
v 81.0 100.5 50.0
v 81.0 100.5 51.0
v 81.0 100.5 52.0
v 81.0 100.5 53.0
v 81.0 100.5 54.0
v 81.0 100.5 55.0
v 81.0 100.5 56.0
v 81.0 100.5 57.0
v 80.5 101.0 57.0
v 81.0 101.0 57.5
v 80.5 102.0 45.0
v 81.0 102.0 44.5
v 81.0 101.5 45.0
v 81.0 101.5 58.0
v 81.0 102.0 58.5
v 80.5 103.0 44.0
v 81.0 103.0 43.5
v 81.0 102.5 44.0
v 81.0 102.5 59.0
v 81.0 103.0 59.5
v 81.0 104.0 43.5
v 81.0 103.5 60.0
v 81.0 104.0 60.5
v 80.5 105.0 41.0
v 81.0 105.0 40.5
v 81.0 104.5 41.0
v 81.0 104.5 42.0
v 81.0 104.5 43.0
v 81.0 104.5 61.0
v 81.0 104.5 62.0
v 80.5 105.0 62.0
v 81.0 105.0 62.5
v 81.0 106.0 40.5
v 81.0 105.5 63.0
v 81.0 106.0 63.5
v 80.5 107.0 41.0
v 81.0 107.0 40.5
v 81.0 106.5 64.0
v 80.5 107.0 64.0
v 81.0 107.0 64.5
v 81.0 108.0 40.5
v 81.0 107.5 65.0
v 80.5 108.0 65.0
v 81.0 108.0 65.5
v 80.5 108.0 66.0
v 80.5 109.0 39.0
v 81.0 109.0 38.5
v 81.0 108.5 39.0
v 81.0 108.5 40.0
v 81.0 108.5 66.0
v 81.0 109.0 66.5
v 81.0 110.0 38.5
v 81.0 109.5 67.0
v 81.0 110.0 67.5
v 81.0 111.0 38.5
v 81.0 110.5 68.0
v 81.0 111.0 68.5
v 80.5 112.0 39.0
v 81.0 112.0 38.5
v 81.0 111.5 69.0
v 81.0 111.5 70.0
v 80.5 112.0 70.0
v 81.0 112.0 70.5
v 81.0 112.5 39.0
v 81.0 113.0 39.5
v 81.0 112.5 71.0
v 80.5 113.0 71.0
v 81.0 113.0 71.5
v 80.5 114.0 39.0
v 81.0 114.0 38.5
v 81.0 113.5 39.0
v 81.0 113.5 72.0
v 80.5 114.0 72.0
v 81.0 113.5 73.0
v 80.5 114.0 73.0
v 81.0 114.0 73.5
v 81.0 114.5 39.0
v 80.5 115.0 40.0
v 81.0 115.0 39.5
v 81.0 114.5 74.0
v 80.5 115.0 74.0
v 81.0 115.0 74.5
v 80.5 116.0 39.0
v 81.0 116.0 38.5
v 81.0 115.5 39.0
v 81.0 115.5 75.0
v 80.5 116.0 75.0
v 81.0 116.0 75.5
v 80.5 117.0 39.0
v 81.0 117.0 38.5
v 80.5 117.0 75.0
v 81.0 117.0 75.5
v 81.0 117.5 39.0
v 81.0 118.0 39.5
v 81.0 117.5 76.0
v 80.5 118.0 76.0
v 81.0 118.0 76.5
v 81.0 119.0 39.5
v 81.0 119.0 76.5
v 80.5 120.0 39.0
v 81.0 120.0 38.5
v 81.0 119.5 39.0
v 80.5 120.0 40.0
v 81.0 119.5 77.0
v 80.5 120.0 77.0
v 81.0 120.0 77.5
v 80.5 121.0 39.0
v 81.0 121.0 38.5
v 81.0 121.0 39.5
v 81.0 120.5 40.0
v 81.0 121.0 40.5
v 80.5 121.0 77.0
v 81.0 121.0 77.5
v 81.0 121.5 39.0
v 81.0 121.5 41.0
v 80.5 122.0 41.0
v 81.0 122.0 41.5
v 81.0 122.0 77.5
v 81.0 123.0 41.5
v 81.0 123.0 77.5
v 81.0 123.5 42.0
v 81.0 124.0 42.5
v 81.0 124.0 77.5
v 80.5 125.0 43.0
v 81.0 125.0 42.5
v 81.0 125.0 77.5
v 81.0 125.5 43.0
v 81.0 126.0 43.5
v 80.5 126.0 77.0
v 81.0 125.5 78.0
v 80.5 126.0 78.0
v 81.0 126.0 78.5
v 81.0 126.5 44.0
v 81.0 127.0 44.5
v 80.5 127.0 78.0
v 81.0 127.0 78.5
v 81.0 127.5 45.0
v 81.0 128.0 45.5
v 80.5 128.0 78.0
v 81.0 128.0 78.5
v 80.5 129.0 44.0
v 81.0 128.5 46.0
v 81.0 129.0 46.5
v 80.5 129.0 78.0
v 81.0 129.0 78.5
v 81.0 129.5 47.0
v 80.5 130.0 47.0
v 81.0 130.0 47.5
v 80.5 130.0 78.0
v 81.0 130.0 78.5
v 80.5 131.0 48.0
v 81.0 130.5 48.0
v 81.0 131.0 48.5
v 81.0 130.5 78.0
v 81.0 131.0 77.5
v 81.0 132.0 48.5
v 81.0 132.0 77.5
v 81.0 132.5 49.0
v 81.0 133.0 49.5
v 81.0 132.5 78.0
v 80.5 133.0 78.0
v 81.0 133.0 78.5
v 81.0 133.5 50.0
v 80.5 134.0 50.0
v 81.0 134.0 50.5
v 80.5 134.0 78.0
v 81.0 134.0 78.5
v 81.0 135.0 50.5
v 81.0 135.0 78.5
v 80.5 136.0 51.0
v 81.0 136.0 50.5
v 80.5 136.0 53.0
v 81.0 135.5 53.0
v 81.0 136.0 52.5
v 80.5 136.0 54.0
v 81.0 135.5 54.0
v 81.0 136.0 54.5
v 80.5 136.0 78.0
v 81.0 136.0 78.5
v 81.0 136.5 51.0
v 81.0 136.5 52.0
v 80.5 137.0 53.0
v 80.5 137.0 54.0
v 81.0 136.5 55.0
v 80.5 137.0 55.0
v 80.5 137.0 56.0
v 81.0 136.5 56.0
v 80.5 137.0 57.0
v 81.0 136.5 57.0
v 81.0 137.0 57.5
v 81.0 136.5 77.0
v 81.0 137.0 76.5
v 81.0 136.5 78.0
v 81.0 138.0 57.5
v 80.5 138.0 60.0
v 80.5 138.0 61.0
v 81.0 137.5 76.0
v 81.0 138.0 75.5
v 81.0 138.5 58.0
v 80.5 139.0 58.0
v 81.0 138.5 59.0
v 81.0 138.5 60.0
v 81.0 138.5 61.0
v 81.0 139.0 61.5
v 80.5 139.0 75.0
v 81.0 139.0 75.5
v 81.0 140.0 61.5
v 80.5 140.0 75.0
v 81.0 140.0 75.5
v 81.0 140.5 62.0
v 80.5 141.0 62.0
v 81.0 141.0 62.5
v 80.5 141.0 74.0
v 81.0 141.0 74.5
v 81.0 140.5 75.0
v 80.5 142.0 63.0
v 81.0 141.5 63.0
v 81.0 142.0 63.5
v 80.5 142.0 67.0
v 81.0 141.5 67.0
v 81.0 142.0 66.5
v 81.0 141.5 68.0
v 80.5 142.0 69.0
v 81.0 142.0 68.5
v 80.5 142.0 72.0
v 81.0 142.0 72.5
v 81.0 141.5 73.0
v 81.0 141.5 74.0
v 81.0 142.5 64.0
v 81.0 142.5 65.0
v 81.0 142.5 66.0
v 81.0 142.5 69.0
v 80.5 143.0 70.0
v 81.0 143.0 69.5
v 80.5 143.0 71.0
v 81.0 143.0 71.5
v 81.0 142.5 72.0
v 81.0 144.0 69.5
v 80.5 144.0 71.0
v 81.0 144.0 71.5
v 81.0 144.5 70.0
v 81.0 144.5 71.0
v 81.5 100.0 47.0
v 82.0 100.0 46.5
v 82.0 99.5 47.0
v 82.0 99.5 48.0
v 81.5 100.0 48.0
v 82.0 99.5 49.0
v 81.5 100.0 49.0
v 82.0 99.5 50.0
v 81.5 100.0 50.0
v 82.0 99.5 51.0
v 81.5 100.0 51.0
v 82.0 99.5 52.0
v 81.5 100.0 52.0
v 82.0 100.0 52.5
v 81.5 101.0 46.0
v 82.0 101.0 46.5
v 82.0 100.5 53.0
v 82.0 100.5 54.0
v 82.0 100.5 55.0
v 81.5 101.0 56.0
v 82.0 101.0 55.5
v 81.5 101.0 57.0
v 81.5 102.0 45.0
v 82.0 102.0 45.5
v 82.0 101.5 46.0
v 82.0 101.5 56.0
v 82.0 101.5 57.0
v 81.5 102.0 58.0
v 82.0 102.0 57.5
v 82.0 103.0 43.5
v 82.0 102.5 44.0
v 82.0 102.5 45.0
v 82.0 102.5 58.0
v 82.0 102.5 59.0
v 82.0 103.0 59.5
v 81.5 104.0 43.0
v 82.0 104.0 42.5
v 82.0 103.5 43.0
v 82.0 103.5 60.0
v 82.0 104.0 60.5
v 81.5 105.0 41.0
v 81.5 105.0 42.0
v 82.0 105.0 42.5
v 82.0 104.5 61.0
v 81.5 105.0 62.0
v 82.0 105.0 61.5
v 82.0 106.0 40.5
v 82.0 105.5 41.0
v 82.0 105.5 42.0
v 82.0 105.5 62.0
v 81.5 106.0 63.0
v 82.0 106.0 62.5
v 82.0 107.0 40.5
v 82.0 106.5 63.0
v 81.5 107.0 64.0
v 82.0 107.0 63.5
v 81.5 108.0 40.0
v 82.0 108.0 39.5
v 82.0 107.5 40.0
v 82.0 107.5 64.0
v 82.0 107.5 65.0
v 82.0 108.0 65.5
v 82.0 109.0 38.5
v 82.0 108.5 39.0
v 82.0 108.5 66.0
v 82.0 109.0 66.5
v 82.0 110.0 38.5
v 82.0 109.5 67.0
v 82.0 109.5 68.0
v 81.5 110.0 68.0
v 82.0 110.0 68.5
v 82.0 111.0 38.5
v 82.0 110.5 69.0
v 81.5 111.0 69.0
v 82.0 111.0 69.5
v 82.0 112.0 38.5
v 82.0 111.5 70.0
v 82.0 111.5 71.0
v 81.5 112.0 71.0
v 82.0 112.0 71.5
v 81.5 113.0 39.0
v 82.0 113.0 38.5
v 82.0 113.0 71.5
v 82.0 114.0 38.5
v 82.0 113.5 72.0
v 82.0 113.5 73.0
v 82.0 113.5 74.0
v 81.5 114.0 74.0
v 82.0 114.0 74.5
v 81.5 115.0 39.0
v 82.0 115.0 38.5
v 82.0 114.5 75.0
v 81.5 115.0 75.0
v 82.0 115.0 75.5
v 82.0 116.0 38.5
v 82.0 116.0 75.5
v 82.0 117.0 38.5
v 82.0 116.5 76.0
v 81.5 117.0 76.0
v 82.0 117.0 76.5
v 82.0 117.5 39.0
v 82.0 118.0 39.5
v 82.0 117.5 77.0
v 81.5 118.0 77.0
v 82.0 118.0 77.5
v 82.0 119.0 39.5
v 81.5 119.0 77.0
v 82.0 119.0 77.5
v 81.5 120.0 39.0
v 82.0 120.0 39.5
v 82.0 120.0 77.5
v 81.5 121.0 39.0
v 82.0 120.5 40.0
v 82.0 121.0 40.5
v 82.0 121.0 77.5
v 82.0 121.5 41.0
v 82.0 122.0 41.5
v 82.0 121.5 78.0
v 81.5 122.0 78.0
v 82.0 122.0 78.5
v 82.0 123.0 41.5
v 81.5 123.0 78.0
v 82.0 123.0 78.5
v 82.0 123.5 42.0
v 82.0 124.0 42.5
v 81.5 124.0 78.0
v 82.0 124.0 78.5
v 82.0 125.0 42.5
v 81.5 125.0 78.0
v 82.0 125.0 78.5
v 82.0 125.5 43.0
v 82.0 126.0 43.5
v 82.0 125.5 79.0
v 81.5 126.0 79.0
v 82.0 126.0 79.5
v 82.0 126.5 44.0
v 81.5 127.0 45.0
v 82.0 126.5 45.0
v 82.0 127.0 45.5
v 81.5 127.0 79.0
v 82.0 127.0 79.5
v 82.0 128.0 45.5
v 81.5 128.0 79.0
v 82.0 128.0 79.5
v 82.0 128.5 46.0
v 82.0 129.0 46.5
v 82.0 128.5 79.0
v 82.0 129.0 78.5
v 82.0 129.5 47.0
v 82.0 130.0 47.5
v 82.0 130.0 78.5
v 82.0 130.5 48.0
v 82.0 131.0 48.5
v 82.0 130.5 78.0
v 82.0 131.0 77.5
v 82.0 131.5 49.0
v 81.5 132.0 49.0
v 82.0 132.0 49.5
v 82.0 132.0 77.5
v 82.0 133.0 49.5
v 81.5 133.0 78.0
v 82.0 133.0 77.5
v 82.0 133.5 50.0
v 82.0 134.0 50.5
v 81.5 134.0 78.0
v 82.0 134.0 77.5
v 82.0 134.5 51.0
v 81.5 135.0 51.0
v 82.0 135.0 51.5
v 81.5 135.0 78.0
v 82.0 135.0 77.5
v 81.5 136.0 51.0
v 82.0 135.5 52.0
v 81.5 136.0 52.0
v 82.0 135.5 53.0
v 81.5 136.0 54.0
v 82.0 136.0 53.5
v 81.5 136.0 78.0
v 82.0 136.0 77.5
v 82.0 136.5 54.0
v 82.0 136.5 55.0
v 81.5 137.0 56.0
v 82.0 137.0 55.5
v 81.5 137.0 57.0
v 82.0 136.5 77.0
v 82.0 137.0 76.5
v 82.0 137.5 56.0
v 82.0 137.5 57.0
v 82.0 138.0 57.5
v 81.5 138.0 76.0
v 82.0 138.0 76.5
v 82.0 138.5 58.0
v 82.0 138.5 59.0
v 82.0 138.5 60.0
v 82.0 138.5 61.0
v 81.5 139.0 62.0
v 82.0 138.5 62.0
v 82.0 139.0 62.5
v 81.5 139.0 76.0
v 82.0 139.0 76.5
v 81.5 140.0 62.0
v 82.0 140.0 62.5
v 82.0 139.5 76.0
v 82.0 140.0 75.5
v 82.0 141.0 62.5
v 81.5 141.0 75.0
v 82.0 141.0 75.5
v 82.0 141.5 63.0
v 82.0 142.0 63.5
v 81.5 142.0 65.0
v 82.0 141.5 65.0
v 82.0 142.0 64.5
v 81.5 142.0 66.0
v 82.0 141.5 66.0
v 82.0 141.5 67.0
v 82.0 141.5 68.0
v 82.0 142.0 68.5
v 81.5 142.0 73.0
v 82.0 142.0 73.5
v 82.0 141.5 74.0
v 82.0 141.5 75.0
v 82.0 142.5 64.0
v 82.0 142.5 69.0
v 82.0 143.0 69.5
v 81.5 143.0 72.0
v 82.0 143.0 72.5
v 82.0 142.5 73.0
v 82.0 144.0 69.5
v 81.5 144.0 72.0
v 82.0 144.0 72.5
v 81.5 145.0 70.0
v 82.0 145.0 69.5
v 81.5 145.0 71.0
v 82.0 145.0 71.5
v 82.0 144.5 72.0
v 82.0 145.5 70.0
v 82.0 145.5 71.0
v 83.0 100.0 46.5
v 83.0 99.5 47.0
v 83.0 99.5 48.0
v 83.0 99.5 49.0
v 83.0 99.5 50.0
v 83.0 99.5 51.0
v 83.0 99.5 52.0
v 83.0 99.5 53.0
v 82.5 100.0 53.0
v 83.0 100.0 53.5
v 83.0 101.0 46.5
v 83.0 100.5 54.0
v 83.0 100.5 55.0
v 83.0 100.5 56.0
v 82.5 101.0 56.0
v 83.0 100.5 57.0
v 82.5 101.0 57.0
v 83.0 101.0 57.5
v 82.5 102.0 45.0
v 83.0 102.0 44.5
v 83.0 101.5 45.0
v 83.0 101.5 46.0
v 83.0 101.5 58.0
v 82.5 102.0 58.0
v 83.0 102.0 58.5
v 83.0 103.0 43.5
v 83.0 102.5 44.0
v 83.0 102.5 59.0
v 83.0 102.5 60.0
v 82.5 103.0 60.0
v 83.0 103.0 60.5
v 83.0 104.0 42.5
v 83.0 103.5 43.0
v 83.0 103.5 61.0
v 82.5 104.0 61.0
v 83.0 104.0 61.5
v 82.5 105.0 42.0
v 83.0 105.0 41.5
v 83.0 104.5 42.0
v 83.0 104.5 62.0
v 82.5 105.0 62.0
v 83.0 105.0 62.5
v 83.0 106.0 40.5
v 83.0 105.5 41.0
v 83.0 105.5 63.0
v 82.5 106.0 63.0
v 83.0 106.0 63.5
v 83.0 107.0 40.5
v 83.0 106.5 64.0
v 82.5 107.0 64.0
v 83.0 107.0 64.5
v 83.0 108.0 39.5
v 83.0 107.5 40.0
v 83.0 108.0 64.5
v 82.5 108.0 65.0
v 82.5 109.0 39.0
v 83.0 109.0 39.5
v 83.0 108.5 65.0
v 82.5 109.0 66.0
v 83.0 109.0 65.5
v 83.0 110.0 38.5
v 83.0 109.5 39.0
v 83.0 109.5 66.0
v 83.0 109.5 67.0
v 82.5 110.0 68.0
v 83.0 110.0 67.5
v 83.0 111.0 38.5
v 83.0 110.5 68.0
v 83.0 110.5 69.0
v 83.0 111.0 69.5
v 83.0 112.0 38.5
v 83.0 111.5 70.0
v 82.5 112.0 71.0
v 83.0 112.0 70.5
v 83.0 113.0 38.5
v 83.0 112.5 71.0
v 83.0 113.0 71.5
v 83.0 114.0 38.5
v 83.0 113.5 72.0
v 82.5 114.0 73.0
v 83.0 114.0 72.5
v 82.5 114.0 74.0
v 83.0 114.5 39.0
v 82.5 115.0 39.0
v 83.0 115.0 39.5
v 83.0 114.5 73.0
v 83.0 114.5 74.0
v 83.0 114.5 75.0
v 83.0 115.0 75.5
v 83.0 116.0 38.5
v 83.0 115.5 39.0
v 83.0 115.5 76.0
v 82.5 116.0 76.0
v 83.0 116.0 76.5
v 83.0 116.5 39.0
v 82.5 117.0 39.0
v 83.0 117.0 39.5
v 83.0 116.5 77.0
v 82.5 117.0 77.0
v 83.0 117.0 77.5
v 83.0 118.0 38.5
v 82.5 118.0 39.0
v 83.0 117.5 39.0
v 83.0 118.0 77.5
v 83.0 118.5 39.0
v 83.0 119.0 39.5
v 83.0 119.0 77.5
v 83.0 120.0 39.5
v 83.0 119.5 78.0
v 82.5 120.0 78.0
v 83.0 120.0 78.5
v 82.5 121.0 40.0
v 83.0 121.0 39.5
v 82.5 121.0 78.0
v 83.0 121.0 78.5
v 83.0 121.5 40.0
v 82.5 122.0 41.0
v 83.0 122.0 40.5
v 83.0 122.0 78.5
v 83.0 122.5 41.0
v 83.0 123.0 41.5
v 83.0 123.0 78.5
v 83.0 123.5 42.0
v 83.0 124.0 42.5
v 83.0 124.0 78.5
v 83.0 125.0 42.5
v 83.0 124.5 79.0
v 82.5 125.0 79.0
v 83.0 125.0 79.5
v 83.0 125.5 43.0
v 83.0 126.0 43.5
v 83.0 126.0 79.5
v 83.0 126.5 44.0
v 83.0 126.5 45.0
v 83.0 127.0 45.5
v 83.0 127.0 79.5
v 83.0 128.0 45.5
v 83.0 128.0 79.5
v 83.0 128.5 46.0
v 83.0 129.0 46.5
v 82.5 129.0 79.0
v 83.0 129.0 79.5
v 83.0 129.5 47.0
v 83.0 130.0 47.5
v 83.0 129.5 79.0
v 83.0 130.0 78.5
v 83.0 130.5 48.0
v 83.0 131.0 48.5
v 82.5 131.0 78.0
v 83.0 131.0 78.5
v 83.0 131.5 49.0
v 83.0 132.0 49.5
v 82.5 132.0 78.0
v 83.0 132.0 78.5
v 83.0 132.5 50.0
v 82.5 133.0 50.0
v 83.0 133.0 50.5
v 83.0 132.5 78.0
v 83.0 133.0 77.5
v 83.0 134.0 50.5
v 83.0 134.0 77.5
v 83.0 134.5 51.0
v 83.0 135.0 51.5
v 83.0 135.0 77.5
v 82.5 136.0 52.0
v 83.0 136.0 51.5
v 82.5 136.0 53.0
v 83.0 136.0 77.5
v 83.0 136.5 52.0
v 83.0 136.5 53.0
v 83.0 136.5 54.0
v 82.5 137.0 55.0
v 83.0 137.0 54.5
v 82.5 137.0 77.0
v 83.0 137.0 77.5
v 83.0 137.5 55.0
v 83.0 137.5 56.0
v 82.5 138.0 57.0
v 83.0 138.0 56.5
v 82.5 138.0 77.0
v 83.0 138.0 77.5
v 83.0 138.5 57.0
v 82.5 139.0 58.0
v 83.0 139.0 57.5
v 83.0 139.0 58.5
v 83.0 138.5 59.0
v 82.5 139.0 60.0
v 83.0 139.0 59.5
v 83.0 139.0 60.5
v 83.0 138.5 61.0
v 83.0 138.5 62.0
v 82.5 139.0 63.0
v 83.0 138.5 63.0
v 83.0 139.0 63.5
v 83.0 138.5 77.0
v 83.0 139.0 76.5
v 83.0 139.5 58.0
v 83.0 139.5 60.0
v 82.5 140.0 63.0
v 83.0 140.0 63.5
v 82.5 140.0 76.0
v 83.0 140.0 76.5
v 82.5 141.0 63.0
v 83.0 141.0 63.5
v 82.5 141.0 65.0
v 83.0 140.5 65.0
v 83.0 141.0 64.5
v 83.0 141.0 65.5
v 83.0 140.5 76.0
v 83.0 141.0 75.5
v 82.5 142.0 64.0
v 83.0 141.5 64.0
v 83.0 141.5 66.0
v 82.5 142.0 67.0
v 83.0 142.0 66.5
v 82.5 142.0 68.0
v 82.5 142.0 74.0
v 83.0 142.0 74.5
v 83.0 141.5 75.0
v 83.0 142.5 67.0
v 83.0 142.5 68.0
v 83.0 142.5 69.0
v 83.0 143.0 69.5
v 82.5 143.0 73.0
v 83.0 143.0 73.5
v 83.0 142.5 74.0
v 83.0 144.0 69.5
v 82.5 144.0 73.0
v 83.0 144.0 73.5
v 83.0 145.0 69.5
v 82.5 145.0 72.0
v 83.0 145.0 72.5
v 83.0 144.5 73.0
v 82.5 146.0 69.0
v 83.0 146.0 68.5
v 83.0 145.5 69.0
v 82.5 146.0 70.0
v 83.0 146.0 70.5
v 83.0 145.5 71.0
v 83.0 145.5 72.0
v 82.5 147.0 69.0
v 83.0 147.0 68.5
v 83.0 147.0 69.5
v 83.0 146.5 70.0
v 83.0 147.5 69.0
v 83.5 99.0 48.0
v 84.0 99.0 47.5
v 84.0 98.5 48.0
v 84.0 98.5 49.0
v 83.5 99.0 49.0
v 84.0 99.0 49.5
v 83.5 100.0 47.0
v 84.0 100.0 47.5
v 84.0 99.5 50.0
v 84.0 99.5 51.0
v 84.0 99.5 52.0
v 84.0 99.5 53.0
v 84.0 99.5 54.0
v 83.5 100.0 54.0
v 84.0 100.0 54.5
v 83.5 101.0 46.0
v 84.0 101.0 45.5
v 84.0 100.5 46.0
v 84.0 100.5 47.0
v 84.0 100.5 55.0
v 84.0 100.5 56.0
v 84.0 100.5 57.0
v 84.0 101.0 57.5
v 84.0 102.0 44.5
v 84.0 101.5 45.0
v 84.0 101.5 58.0
v 84.0 101.5 59.0
v 83.5 102.0 59.0
v 84.0 102.0 59.5
v 84.0 103.0 43.5
v 84.0 102.5 44.0
v 84.0 102.5 60.0
v 84.0 103.0 60.5
v 84.0 104.0 42.5
v 84.0 103.5 43.0
v 84.0 103.5 61.0
v 84.0 103.5 62.0
v 83.5 104.0 62.0
v 84.0 104.0 62.5
v 84.0 105.0 41.5
v 84.0 104.5 42.0
v 84.0 104.5 63.0
v 83.5 105.0 63.0
v 84.0 105.0 63.5
v 84.0 106.0 40.5
v 84.0 105.5 41.0
v 84.0 105.5 64.0
v 83.5 106.0 64.0
v 84.0 106.0 64.5
v 84.0 107.0 40.5
v 84.0 107.0 64.5
v 84.0 108.0 39.5
v 84.0 107.5 40.0
v 84.0 107.5 65.0
v 83.5 108.0 65.0
v 84.0 108.0 65.5
v 84.0 109.0 39.5
v 84.0 108.5 66.0
v 83.5 109.0 66.0
v 84.0 109.0 66.5
v 83.5 110.0 39.0
v 84.0 110.0 39.5
v 84.0 109.5 67.0
v 84.0 110.0 67.5
v 84.0 111.0 38.5
v 84.0 110.5 39.0
v 84.0 110.5 68.0
v 84.0 110.5 69.0
v 84.0 111.0 69.5
v 84.0 112.0 38.5
v 84.0 111.5 70.0
v 84.0 112.0 70.5
v 84.0 112.5 39.0
v 83.5 113.0 39.0
v 84.0 113.0 39.5
v 84.0 112.5 71.0
v 84.0 112.5 72.0
v 83.5 113.0 72.0
v 84.0 113.0 72.5
v 83.5 114.0 39.0
v 84.0 114.0 39.5
v 84.0 113.5 73.0
v 83.5 114.0 73.0
v 84.0 114.0 73.5
v 84.0 115.0 39.5
v 84.0 114.5 74.0
v 84.0 114.5 75.0
v 84.0 115.0 75.5
v 83.5 116.0 39.0
v 84.0 116.0 39.5
v 84.0 115.5 76.0
v 84.0 116.0 76.5
v 84.0 117.0 39.5
v 84.0 116.5 77.0
v 84.0 117.0 77.5
v 83.5 118.0 39.0
v 84.0 118.0 39.5
v 84.0 118.0 77.5
v 84.0 119.0 38.5
v 83.5 119.0 39.0
v 84.0 118.5 39.0
v 84.0 118.5 78.0
v 83.5 119.0 78.0
v 84.0 119.0 78.5
v 83.5 120.0 39.0
v 84.0 120.0 38.5
v 84.0 120.0 78.5
v 84.0 120.5 39.0
v 84.0 121.0 39.5
v 84.0 121.0 78.5
v 84.0 121.5 40.0
v 84.0 122.0 40.5
v 84.0 121.5 79.0
v 83.5 122.0 79.0
v 84.0 122.0 79.5
v 84.0 122.5 41.0
v 84.0 123.0 41.5
v 84.0 122.5 79.0
v 84.0 123.0 78.5
v 84.0 123.5 42.0
v 84.0 124.0 42.5
v 84.0 123.5 79.0
v 83.5 124.0 79.0
v 84.0 124.0 79.5
v 84.0 124.5 43.0
v 83.5 125.0 43.0
v 84.0 125.0 43.5
v 84.0 125.0 79.5
v 84.0 126.0 43.5
v 84.0 126.0 79.5
v 84.0 126.5 44.0
v 84.0 126.5 45.0
v 84.0 127.0 45.5
v 84.0 127.0 79.5
v 84.0 127.5 46.0
v 83.5 128.0 46.0
v 83.5 128.0 47.0
v 84.0 127.5 47.0
v 84.0 128.0 47.5
v 84.0 128.0 79.5
v 83.5 129.0 47.0
v 84.0 129.0 47.5
v 84.0 129.0 79.5
v 84.0 130.0 47.5
v 83.5 130.0 79.0
v 84.0 130.0 79.5
v 84.0 130.5 48.0
v 84.0 131.0 48.5
v 83.5 131.0 79.0
v 84.0 131.0 79.5
v 84.0 131.5 49.0
v 84.0 132.0 49.5
v 84.0 131.5 79.0
v 84.0 132.0 78.5
v 84.0 132.5 50.0
v 84.0 133.0 50.5
v 83.5 133.0 78.0
v 84.0 133.0 78.5
v 84.0 133.5 51.0
v 83.5 134.0 51.0
v 84.0 134.0 51.5
v 83.5 134.0 78.0
v 84.0 134.0 78.5
v 84.0 135.0 51.5
v 83.5 135.0 78.0
v 84.0 135.0 78.5
v 84.0 136.0 51.5
v 83.5 136.0 78.0
v 84.0 136.0 78.5
v 84.0 136.5 52.0
v 83.5 137.0 53.0
v 84.0 137.0 52.5
v 84.0 137.0 53.5
v 84.0 136.5 54.0
v 84.0 137.0 54.5
v 84.0 136.5 78.0
v 84.0 137.0 77.5
v 84.0 137.5 53.0
v 84.0 137.5 55.0
v 83.5 138.0 56.0
v 84.0 138.0 55.5
v 84.0 137.5 57.0
v 84.0 138.0 56.5
v 83.5 138.0 57.0
v 84.0 138.0 57.5
v 84.0 138.0 77.5
v 84.0 138.5 56.0
v 84.0 139.0 57.5
v 84.0 138.5 59.0
v 84.0 139.0 58.5
v 84.0 139.0 59.5
v 83.5 139.0 61.0
v 84.0 139.0 61.5
v 84.0 138.5 62.0
v 84.0 138.5 63.0
v 84.0 139.0 63.5
v 83.5 139.0 77.0
v 84.0 139.0 77.5
v 84.0 139.5 58.0
v 84.0 139.5 60.0
v 84.0 139.5 61.0
v 84.0 139.5 64.0
v 83.5 140.0 64.0
v 84.0 140.0 64.5
v 84.0 139.5 77.0
v 84.0 140.0 76.5
v 83.5 141.0 64.0
v 83.5 140.5 64.5
v 84.0 141.0 64.5
v 83.5 141.0 65.0
v 83.5 141.0 76.0
v 84.0 141.0 76.5
v 84.0 141.5 65.0
v 83.5 142.0 66.0
v 84.0 142.0 65.5
v 83.5 142.0 75.0
v 84.0 142.0 75.5
v 84.0 141.5 76.0
v 84.0 142.5 66.0
v 83.5 143.0 67.0
v 84.0 143.0 66.5
v 83.5 143.0 68.0
v 83.5 143.0 69.0
v 83.5 143.0 74.0
v 84.0 143.0 74.5
v 84.0 142.5 75.0
v 84.0 143.5 67.0
v 84.0 143.5 68.0
v 84.0 143.5 69.0
v 84.0 144.0 69.5
v 84.0 143.5 74.0
v 84.0 144.0 73.5
v 84.0 145.0 69.5
v 83.5 145.0 73.0
v 84.0 145.0 73.5
v 84.0 146.0 68.5
v 84.0 145.5 69.0
v 83.5 146.0 71.0
v 84.0 146.0 71.5
v 84.0 145.5 72.0
v 84.0 145.5 73.0
v 83.5 147.0 68.0
v 84.0 147.0 67.5
v 84.0 146.5 68.0
v 83.5 147.0 70.0
v 84.0 147.0 70.5
v 84.0 146.5 71.0
v 83.5 148.0 68.0
v 84.0 148.0 67.5
v 84.0 147.5 69.0
v 84.0 148.0 68.5
v 84.0 147.5 70.0
v 84.0 148.5 68.0
v 85.0 99.0 47.5
v 85.0 98.5 48.0
v 85.0 98.5 49.0
v 85.0 99.0 49.5
v 85.0 100.0 47.5
v 85.0 99.5 50.0
v 85.0 99.5 51.0
v 85.0 99.5 52.0
v 84.5 100.0 53.0
v 85.0 100.0 52.5
v 84.5 100.0 54.0
v 84.5 101.0 45.0
v 85.0 101.0 44.5
v 85.0 100.5 45.0
v 85.0 100.5 46.0
v 85.0 100.5 47.0
v 85.0 100.5 53.0
v 85.0 100.5 54.0
v 85.0 100.5 55.0
v 85.0 100.5 56.0
v 85.0 100.5 57.0
v 85.0 101.0 57.5
v 85.0 102.0 44.5
v 85.0 101.5 58.0
v 85.0 101.5 59.0
v 85.0 102.0 59.5
v 85.0 103.0 43.5
v 85.0 102.5 44.0
v 85.0 102.5 60.0
v 85.0 103.0 60.5
v 85.0 104.0 42.5
v 85.0 103.5 43.0
v 85.0 103.5 61.0
v 84.5 104.0 62.0
v 85.0 104.0 61.5
v 85.0 105.0 41.5
v 85.0 104.5 42.0
v 85.0 104.5 62.0
v 85.0 104.5 63.0
v 85.0 105.0 63.5
v 85.0 106.0 40.5
v 85.0 105.5 41.0
v 85.0 105.5 64.0
v 85.0 106.0 64.5
v 85.0 107.0 40.5
v 85.0 107.0 64.5
v 85.0 108.0 39.5
v 85.0 107.5 40.0
v 85.0 107.5 65.0
v 85.0 108.0 65.5
v 85.0 109.0 39.5
v 85.0 108.5 66.0
v 85.0 109.0 66.5
v 85.0 110.0 39.5
v 85.0 109.5 67.0
v 85.0 109.5 68.0
v 84.5 110.0 68.0
v 85.0 110.0 68.5
v 84.5 111.0 39.0
v 85.0 110.5 40.0
v 84.5 111.0 40.0
v 85.0 111.0 40.5
v 85.0 110.5 69.0
v 85.0 110.5 70.0
v 84.5 111.0 70.0
v 85.0 111.0 70.5
v 85.0 112.0 38.5
v 85.0 111.5 39.0
v 85.0 111.5 40.0
v 85.0 111.5 71.0
v 84.5 112.0 71.0
v 85.0 112.0 71.5
v 85.0 112.5 39.0
v 85.0 113.0 39.5
v 85.0 112.5 72.0
v 85.0 113.0 72.5
v 85.0 114.0 39.5
v 85.0 113.5 73.0
v 85.0 113.5 74.0
v 84.5 114.0 74.0
v 85.0 114.0 74.5
v 85.0 115.0 39.5
v 85.0 114.5 75.0
v 85.0 114.5 76.0
v 84.5 115.0 76.0
v 85.0 115.0 76.5
v 85.0 116.0 39.5
v 85.0 116.0 76.5
v 84.5 117.0 39.0
v 85.0 117.0 38.5
v 85.0 116.5 39.0
v 85.0 116.5 77.0
v 85.0 117.0 77.5
v 84.5 118.0 39.0
v 85.0 118.0 38.5
v 84.5 117.5 39.5
v 84.5 118.0 40.0
v 85.0 117.5 40.0
v 85.0 118.0 39.5
v 85.0 118.0 40.5
v 85.0 117.5 78.0
v 84.5 118.0 78.0
v 85.0 118.0 78.5
v 85.0 119.0 38.5
v 85.0 118.5 40.0
v 85.0 119.0 78.5
v 85.0 120.0 38.5
v 84.5 120.0 41.0
v 85.0 119.5 41.0
v 85.0 120.0 40.5
v 85.0 120.0 41.5
v 85.0 120.0 78.5
v 85.0 120.5 39.0
v 85.0 121.0 39.5
v 85.0 120.5 41.0
v 85.0 120.5 79.0
v 84.5 121.0 79.0
v 85.0 121.0 79.5
v 84.5 122.0 40.0
v 85.0 122.0 39.5
v 85.0 122.0 79.5
v 85.0 122.5 40.0
v 85.0 122.5 41.0
v 84.5 123.0 42.0
v 85.0 122.5 42.0
v 85.0 123.0 42.5
v 84.5 123.0 79.0
v 85.0 123.0 79.5
v 85.0 124.0 42.5
v 85.0 124.0 79.5
v 84.5 125.0 43.0
v 85.0 125.0 42.5
v 85.0 125.0 79.5
v 85.0 125.5 43.0
v 85.0 126.0 43.5
v 85.0 125.5 80.0
v 84.5 126.0 80.0
v 85.0 126.0 80.5
v 85.0 126.5 44.0
v 85.0 126.5 45.0
v 85.0 127.0 45.5
v 84.5 127.0 48.0
v 85.0 126.5 48.0
v 85.0 127.0 47.5
v 85.0 127.0 48.5
v 84.5 127.0 80.0
v 85.0 127.0 80.5
v 85.0 127.5 46.0
v 85.0 127.5 47.0
v 84.5 128.0 48.0
v 85.0 127.5 49.0
v 84.5 128.0 49.0
v 85.0 128.0 49.5
v 84.5 128.0 80.0
v 85.0 128.0 80.5
v 84.5 129.0 48.0
v 84.5 129.0 49.0
v 85.0 129.0 49.5
v 84.5 129.0 80.0
v 85.0 129.0 80.5
v 84.5 130.0 48.0
v 85.0 130.0 48.5
v 85.0 129.5 49.0
v 85.0 129.5 80.0
v 85.0 130.0 79.5
v 85.0 131.0 48.5
v 85.0 131.0 79.5
v 85.0 131.5 49.0
v 85.0 132.0 49.5
v 85.0 131.5 79.0
v 85.0 132.0 78.5
v 85.0 132.5 50.0
v 85.0 133.0 50.5
v 85.0 133.0 78.5
v 84.5 134.0 51.0
v 85.0 134.0 50.5
v 85.0 134.0 78.5
v 85.0 134.5 51.0
v 85.0 135.0 51.5
v 85.0 135.0 78.5
v 85.0 135.5 52.0
v 84.5 136.0 52.0
v 85.0 136.0 52.5
v 85.0 136.0 78.5
v 84.5 137.0 53.0
v 85.0 136.5 53.0
v 85.0 136.5 54.0
v 85.0 137.0 54.5
v 84.5 137.0 78.0
v 85.0 137.0 78.5
v 85.0 137.5 55.0
v 85.0 138.0 55.5
v 85.0 137.5 57.0
v 85.0 138.0 56.5
v 85.0 138.0 57.5
v 85.0 137.5 78.0
v 85.0 138.0 77.5
v 84.5 139.0 56.0
v 85.0 139.0 55.5
v 85.0 139.0 56.5
v 85.0 139.0 57.5
v 84.5 139.0 59.0
v 85.0 138.5 62.0
v 85.0 139.0 61.5
v 84.5 139.0 63.0
v 85.0 139.0 62.5
v 85.0 139.0 77.5
v 85.0 139.5 56.0
v 84.5 140.0 58.0
v 85.0 140.0 57.5
v 84.5 140.0 59.0
v 85.0 139.5 60.0
v 85.0 140.0 59.5
v 85.0 139.5 61.0
v 85.0 139.5 63.0
v 84.5 140.0 64.0
v 85.0 140.0 63.5
v 84.5 140.0 77.0
v 85.0 140.0 77.5
v 85.0 140.5 58.0
v 85.0 140.5 59.0
v 85.0 140.5 64.0
v 85.0 141.0 64.5
v 85.0 140.5 77.0
v 85.0 141.0 76.5
v 85.0 141.5 65.0
v 85.0 142.0 65.5
v 84.5 142.0 76.0
v 85.0 142.0 76.5
v 85.0 142.5 66.0
v 85.0 143.0 66.5
v 84.5 143.0 75.0
v 85.0 143.0 75.5
v 85.0 142.5 76.0
v 85.0 143.5 67.0
v 84.5 144.0 68.0
v 85.0 144.0 67.5
v 84.5 144.0 69.0
v 85.0 143.5 70.0
v 85.0 144.0 69.5
v 84.5 144.0 70.0
v 85.0 144.0 70.5
v 84.5 144.0 74.0
v 85.0 144.0 74.5
v 85.0 143.5 75.0
v 85.0 144.5 68.0
v 85.0 144.5 69.0
v 84.5 145.0 70.0
v 85.0 145.0 70.5
v 85.0 144.5 74.0
v 85.0 145.0 73.5
v 84.5 146.0 69.0
v 85.0 146.0 69.5
v 85.0 145.5 70.0
v 84.5 146.0 72.0
v 85.0 146.0 72.5
v 85.0 145.5 73.0
v 84.5 147.0 68.0
v 85.0 147.0 68.5
v 85.0 146.5 69.0
v 85.0 146.5 71.0
v 85.0 147.0 70.5
v 85.0 146.5 72.0
v 85.0 148.0 67.5
v 85.0 147.5 68.0
v 84.5 148.0 69.0
v 85.0 148.0 69.5
v 85.0 147.5 70.0
v 85.0 148.5 68.0
v 84.5 149.0 69.0
v 85.0 149.0 68.5
v 85.0 149.0 69.5
v 85.0 149.5 69.0
v 85.5 99.0 48.0
v 86.0 99.0 48.5
v 86.0 98.5 49.0
v 86.0 99.0 49.5
v 86.0 100.0 47.5
v 86.0 99.5 48.0
v 86.0 99.5 50.0
v 85.5 100.0 51.0
v 86.0 100.0 50.5
v 85.5 100.0 52.0
v 85.5 101.0 45.0
v 86.0 101.0 45.5
v 86.0 100.5 46.0
v 86.0 100.5 47.0
v 86.0 100.5 51.0
v 86.0 100.5 52.0
v 86.0 100.5 53.0
v 86.0 100.5 54.0
v 86.0 100.5 55.0
v 86.0 100.5 56.0
v 86.0 100.5 57.0
v 86.0 101.0 57.5
v 85.5 102.0 44.0
v 86.0 102.0 43.5
v 86.0 101.5 44.0
v 86.0 101.5 45.0
v 86.0 101.5 58.0
v 86.0 101.5 59.0
v 86.0 102.0 59.5
v 86.0 103.0 43.5
v 86.0 102.5 60.0
v 86.0 103.0 60.5
v 86.0 104.0 42.5
v 86.0 103.5 43.0
v 86.0 103.5 61.0
v 86.0 104.0 61.5
v 86.0 105.0 41.5
v 86.0 104.5 42.0
v 86.0 104.5 62.0
v 86.0 104.5 63.0
v 86.0 105.0 63.5
v 86.0 106.0 40.5
v 86.0 105.5 41.0
v 86.0 105.5 64.0
v 86.0 106.0 64.5
v 86.0 107.0 40.5
v 86.0 106.5 65.0
v 85.5 107.0 65.0
v 86.0 107.0 65.5
v 85.5 108.0 40.0
v 86.0 108.0 40.5
v 86.0 107.5 66.0
v 85.5 108.0 66.0
v 86.0 108.0 66.5
v 86.0 109.0 39.5
v 86.0 108.5 40.0
v 86.0 108.5 67.0
v 85.5 109.0 67.0
v 86.0 109.0 67.5
v 86.0 110.0 39.5
v 86.0 109.5 68.0
v 86.0 109.5 69.0
v 85.5 110.0 69.0
v 86.0 110.0 69.5
v 86.0 110.5 40.0
v 86.0 111.0 40.5
v 86.0 110.5 70.0
v 86.0 111.0 70.5
v 85.5 112.0 39.0
v 85.5 112.0 40.0
v 86.0 112.0 40.5
v 86.0 111.5 71.0
v 86.0 112.0 71.5
v 86.0 112.5 40.0
v 86.0 113.0 39.5
v 86.0 112.5 72.0
v 86.0 113.0 72.5
v 86.0 114.0 39.5
v 86.0 113.5 73.0
v 86.0 113.5 74.0
v 86.0 113.5 75.0
v 85.5 114.0 75.0
v 86.0 114.0 75.5
v 86.0 114.5 40.0
v 85.5 115.0 40.0
v 86.0 115.0 40.5
v 86.0 114.5 76.0
v 86.0 115.0 76.5
v 85.5 116.0 40.0
v 86.0 116.0 40.5
v 86.0 115.5 77.0
v 85.5 116.0 77.0
v 86.0 116.0 77.5
v 86.0 117.0 38.5
v 86.0 116.5 39.0
v 85.5 117.0 40.0
v 86.0 117.0 39.5
v 86.0 117.0 40.5
v 86.0 116.5 78.0
v 85.5 117.0 78.0
v 86.0 117.0 78.5
v 86.0 118.0 38.5
v 86.0 118.0 39.5
v 85.5 118.0 41.0
v 86.0 117.5 41.0
v 86.0 118.0 41.5
v 86.0 117.5 79.0
v 85.5 118.0 79.0
v 86.0 118.0 79.5
v 86.0 119.0 38.5
v 86.0 118.5 40.0
v 85.5 119.0 41.0
v 86.0 119.0 40.5
v 86.0 119.0 41.5
v 85.5 119.0 79.0
v 86.0 119.0 79.5
v 86.0 119.5 39.0
v 85.5 120.0 39.0
v 86.0 120.0 39.5
v 86.0 120.0 40.5
v 85.5 120.0 42.0
v 86.0 119.5 42.0
v 86.0 120.0 42.5
v 85.5 120.0 79.0
v 86.0 120.0 79.5
v 86.0 121.0 38.5
v 85.5 121.0 39.0
v 86.0 120.5 39.0
v 86.0 120.5 41.0
v 85.5 121.0 42.0
v 86.0 121.0 41.5
v 86.0 121.0 42.5
v 86.0 120.5 80.0
v 85.5 121.0 80.0
v 86.0 121.0 80.5
v 85.5 122.0 39.0
v 86.0 122.0 38.5
v 85.5 122.0 41.0
v 86.0 121.5 41.0
v 86.0 122.0 40.5
v 85.5 122.0 42.0
v 86.0 122.0 42.5
v 85.5 122.0 80.0
v 86.0 122.0 80.5
v 85.5 123.0 39.0
v 86.0 123.0 38.5
v 85.5 123.0 40.0
v 86.0 123.0 40.5
v 86.0 123.0 42.5
v 85.5 123.0 80.0
v 86.0 123.0 80.5
v 86.0 123.5 39.0
v 86.0 123.5 40.0
v 86.0 124.0 42.5
v 85.5 124.0 80.0
v 86.0 124.0 80.5
v 86.0 125.0 42.5
v 85.5 125.0 80.0
v 86.0 125.0 80.5
v 86.0 125.5 43.0
v 86.0 126.0 43.5
v 85.5 126.0 45.0
v 86.0 125.5 45.0
v 86.0 126.0 44.5
v 85.5 126.0 46.0
v 86.0 125.5 46.0
v 86.0 126.0 46.5
v 85.5 126.0 48.0
v 86.0 125.5 48.0
v 86.0 126.0 47.5
v 86.0 126.0 48.5
v 86.0 126.0 80.5
v 86.0 126.5 44.0
v 85.5 127.0 46.0
v 86.0 126.5 47.0
v 85.5 127.0 47.0
v 86.0 127.0 48.5
v 86.0 127.0 80.5
v 86.0 127.5 49.0
v 86.0 128.0 49.5
v 86.0 128.0 80.5
v 86.0 129.0 49.5
v 86.0 129.0 80.5
v 86.0 130.0 48.5
v 86.0 129.5 49.0
v 85.5 130.0 80.0
v 86.0 130.0 80.5
v 86.0 131.0 48.5
v 86.0 130.5 80.0
v 86.0 131.0 79.5
v 86.0 131.5 49.0
v 86.0 132.0 49.5
v 85.5 132.0 79.0
v 86.0 132.0 79.5
v 85.5 133.0 50.0
v 86.0 133.0 49.5
v 85.5 133.0 79.0
v 86.0 133.0 79.5
v 86.0 133.5 50.0
v 86.0 134.0 50.5
v 85.5 134.0 79.0
v 86.0 134.0 79.5
v 86.0 134.5 51.0
v 86.0 135.0 51.5
v 85.5 135.0 79.0
v 86.0 135.0 79.5
v 86.0 135.5 52.0
v 86.0 136.0 52.5
v 86.0 135.5 79.0
v 86.0 136.0 78.5
v 85.5 137.0 53.0
v 86.0 137.0 52.5
v 86.0 137.0 53.5
v 86.0 136.5 54.0
v 86.0 137.0 54.5
v 86.0 137.0 78.5
v 86.0 137.5 53.0
v 86.0 137.5 55.0
v 86.0 138.0 55.5
v 85.5 138.0 57.0
v 85.5 138.0 78.0
v 86.0 138.0 78.5
v 86.0 138.5 56.0
v 85.5 139.0 56.0
v 85.5 138.5 56.5
v 86.0 139.0 56.5
v 85.5 139.0 57.0
v 86.0 138.5 62.0
v 86.0 139.0 61.5
v 86.0 139.0 62.5
v 85.5 139.0 78.0
v 86.0 139.0 78.5
v 86.0 139.5 57.0
v 86.0 140.0 57.5
v 86.0 139.5 60.0
v 86.0 140.0 59.5
v 86.0 139.5 61.0
v 86.0 139.5 63.0
v 86.0 140.0 63.5
v 86.0 139.5 78.0
v 86.0 140.0 77.5
v 86.0 140.5 58.0
v 85.5 141.0 59.0
v 86.0 141.0 58.5
v 86.0 141.0 59.5
v 86.0 140.5 64.0
v 86.0 141.0 64.5
v 85.5 141.0 77.0
v 86.0 141.0 77.5
v 86.0 141.5 59.0
v 85.5 142.0 65.0
v 86.0 142.0 64.5
v 86.0 141.5 77.0
v 86.0 142.0 76.5
v 85.5 143.0 61.0
v 86.0 143.0 60.5
v 86.0 142.5 61.0
v 86.0 142.5 62.0
v 85.5 143.0 62.0
v 86.0 142.5 63.0
v 85.5 143.0 63.0
v 86.0 143.0 63.5
v 86.0 142.5 65.0
v 86.0 142.5 66.0
v 86.0 143.0 66.5
v 85.5 143.0 76.0
v 86.0 143.0 76.5
v 86.0 143.5 61.0
v 86.0 143.5 62.0
v 86.0 143.5 63.0
v 85.5 144.0 67.0
v 86.0 144.0 66.5
v 86.0 143.5 68.0
v 86.0 144.0 67.5
v 85.5 144.0 68.0
v 86.0 144.0 68.5
v 85.5 144.0 70.0
v 86.0 143.5 75.0
v 86.0 144.0 74.5
v 86.0 143.5 76.0
v 86.0 144.5 67.0
v 86.0 144.5 69.0
v 86.0 144.5 70.0
v 86.0 144.5 71.0
v 85.5 145.0 71.0
v 86.0 145.0 71.5
v 86.0 144.5 74.0
v 86.0 145.0 73.5
v 85.5 146.0 70.0
v 86.0 146.0 70.5
v 86.0 145.5 71.0
v 86.0 145.5 73.0
v 86.0 146.0 72.5
v 85.5 147.0 69.0
v 86.0 147.0 69.5
v 86.0 146.5 70.0
v 85.5 147.0 71.0
v 86.0 147.0 71.5
v 86.0 146.5 72.0
v 85.5 148.0 68.0
v 86.0 148.0 68.5
v 86.0 147.5 69.0
v 85.5 148.0 70.0
v 86.0 148.0 70.5
v 86.0 147.5 71.0
v 86.0 149.0 67.5
v 85.5 149.0 68.0
v 86.0 148.5 68.0
v 86.0 148.5 70.0
v 86.0 149.0 69.5
v 85.5 150.0 67.0
v 86.0 150.0 66.5
v 86.0 149.5 67.0
v 85.5 150.0 68.0
v 86.0 149.5 69.0
v 86.0 150.0 68.5
v 86.0 150.5 67.0
v 86.0 150.5 68.0
v 85.5 152.0 67.0
v 86.0 152.0 66.5
v 86.0 151.5 67.0
v 86.0 152.0 67.5
v 86.0 152.5 67.0
v 86.5 99.0 49.0
v 87.0 100.0 47.5
v 87.0 99.5 48.0
v 87.0 99.5 49.0
v 87.0 99.5 50.0
v 87.0 100.0 50.5
v 86.5 101.0 45.0
v 87.0 101.0 44.5
v 87.0 100.5 45.0
v 87.0 100.5 46.0
v 87.0 100.5 47.0
v 87.0 100.5 51.0
v 87.0 100.5 52.0
v 87.0 100.5 53.0
v 87.0 100.5 54.0
v 87.0 100.5 55.0
v 87.0 100.5 56.0
v 87.0 100.5 57.0
v 87.0 101.0 57.5
v 87.0 102.0 43.5
v 87.0 101.5 44.0
v 87.0 101.5 58.0
v 87.0 101.5 59.0
v 87.0 102.0 59.5
v 87.0 103.0 43.5
v 87.0 102.5 60.0
v 87.0 103.0 60.5
v 87.0 104.0 42.5
v 87.0 103.5 43.0
v 87.0 103.5 61.0
v 87.0 103.5 62.0
v 86.5 104.0 62.0
v 87.0 104.0 62.5
v 87.0 105.0 41.5
v 87.0 104.5 42.0
v 87.0 104.5 63.0
v 87.0 104.5 64.0
v 86.5 105.0 64.0
v 87.0 105.0 64.5
v 86.5 106.0 41.0
v 87.0 106.0 41.5
v 87.0 106.0 64.5
v 87.0 107.0 40.5
v 87.0 106.5 41.0
v 87.0 106.5 65.0
v 87.0 107.0 65.5
v 87.0 107.5 41.0
v 86.5 108.0 41.0
v 87.0 108.0 41.5
v 87.0 107.5 66.0
v 87.0 108.0 66.5
v 86.5 109.0 40.0
v 86.5 109.0 41.0
v 87.0 109.0 41.5
v 87.0 108.5 67.0
v 87.0 109.0 67.5
v 86.5 110.0 40.0
v 87.0 110.0 40.5
v 87.0 109.5 41.0
v 87.0 109.5 68.0
v 87.0 109.5 69.0
v 87.0 110.0 69.5
v 87.0 111.0 40.5
v 87.0 110.5 70.0
v 87.0 111.0 70.5
v 87.0 112.0 40.5
v 87.0 111.5 71.0
v 87.0 112.0 71.5
v 86.5 113.0 40.0
v 87.0 113.0 40.5
v 87.0 112.5 72.0
v 87.0 112.5 73.0
v 86.5 113.0 73.0
v 87.0 113.0 73.5
v 86.5 114.0 40.0
v 87.0 114.0 40.5
v 87.0 113.5 74.0
v 87.0 113.5 75.0
v 87.0 113.5 76.0
v 86.5 114.0 76.0
v 87.0 114.0 76.5
v 87.0 115.0 40.5
v 87.0 114.5 77.0
v 86.5 115.0 77.0
v 87.0 115.0 77.5
v 87.0 116.0 40.5
v 87.0 115.5 78.0
v 86.5 116.0 78.0
v 87.0 116.0 78.5
v 86.5 117.0 39.0
v 87.0 117.0 40.5
v 87.0 116.5 79.0
v 86.5 117.0 79.0
v 87.0 117.0 79.5
v 86.5 118.0 39.0
v 87.0 117.5 41.0
v 86.5 118.0 42.0
v 87.0 117.5 42.0
v 87.0 118.0 42.5
v 87.0 118.0 79.5
v 86.5 119.0 39.0
v 86.5 119.0 40.0
v 86.5 119.0 42.0
v 87.0 119.0 42.5
v 87.0 119.0 79.5
v 86.5 120.0 40.0
v 87.0 120.0 42.5
v 87.0 120.0 79.5
v 87.0 121.0 38.5
v 87.0 120.5 39.0
v 86.5 121.0 40.0
v 87.0 121.0 39.5
v 86.5 121.0 41.0
v 87.0 120.5 43.0
v 86.5 121.0 43.0
v 87.0 121.0 43.5
v 87.0 120.5 80.0
v 87.0 121.0 80.5
v 87.0 122.0 38.5
v 86.5 122.0 40.0
v 87.0 122.0 39.5
v 86.5 122.0 43.0
v 87.0 122.0 43.5
v 87.0 122.0 80.5
v 87.0 122.5 39.0
v 86.5 123.0 39.0
v 86.5 123.0 40.0
v 87.0 123.0 42.5
v 87.0 122.5 43.0
v 87.0 123.0 80.5
v 87.0 124.0 42.5
v 87.0 124.0 80.5
v 87.0 125.0 42.5
v 87.0 124.5 81.0
v 86.5 125.0 81.0
v 87.0 125.0 81.5
v 87.0 125.5 43.0
v 86.5 126.0 44.0
v 87.0 125.5 44.0
v 87.0 125.5 45.0
v 87.0 125.5 46.0
v 87.0 126.0 46.5
v 86.5 126.0 48.0
v 86.5 126.0 81.0
v 87.0 126.0 81.5
v 87.0 126.5 47.0
v 86.5 127.0 48.0
v 87.0 127.0 47.5
v 86.5 127.0 81.0
v 87.0 127.0 81.5
v 87.0 127.5 48.0
v 87.0 127.5 49.0
v 87.0 128.0 49.5
v 86.5 128.0 81.0
v 87.0 128.0 81.5
v 87.0 129.0 49.5
v 87.0 128.5 81.0
v 87.0 129.0 80.5
v 86.5 130.0 49.0
v 87.0 130.0 49.5
v 87.0 130.0 80.5
v 86.5 131.0 49.0
v 87.0 131.0 49.5
v 86.5 131.0 80.0
v 87.0 131.0 80.5
v 87.0 132.0 49.5
v 87.0 131.5 80.0
v 87.0 132.0 79.5
v 87.0 132.5 50.0
v 86.5 133.0 50.0
v 87.0 133.0 50.5
v 87.0 133.0 79.5
v 87.0 134.0 50.5
v 87.0 134.0 79.5
v 87.0 134.5 51.0
v 87.0 135.0 51.5
v 87.0 135.0 79.5
v 86.5 136.0 52.0
v 87.0 136.0 51.5
v 86.5 136.0 79.0
v 87.0 136.0 79.5
v 87.0 136.5 52.0
v 87.0 137.0 52.5
v 86.5 137.0 54.0
v 86.5 137.0 79.0
v 87.0 137.0 79.5
v 87.0 137.5 53.0
v 86.5 138.0 54.0
v 87.0 138.0 53.5
v 86.5 138.0 55.0
v 86.5 138.0 79.0
v 87.0 138.0 79.5
v 87.0 138.5 54.0
v 87.0 138.5 55.0
v 86.5 139.0 56.0
v 87.0 139.0 55.5
v 86.5 139.0 62.0
v 86.5 139.0 79.0
v 87.0 139.0 79.5
v 87.0 139.5 56.0
v 86.5 140.0 57.0
v 87.0 140.0 56.5
v 86.5 140.0 60.0
v 86.5 140.0 61.0
v 86.5 140.0 62.0
v 86.5 140.0 63.0
v 86.5 140.0 78.0
v 87.0 140.0 78.5
v 87.0 139.5 79.0
v 87.0 140.5 57.0
v 86.5 141.0 58.0
v 87.0 141.0 57.5
v 86.5 141.0 60.0
v 87.0 141.0 60.5
v 87.0 140.5 61.0
v 87.0 140.5 62.0
v 86.5 141.0 63.0
v 87.0 141.0 62.5
v 86.5 141.0 64.0
v 86.5 141.0 78.0
v 87.0 141.0 78.5
v 87.0 141.5 58.0
v 86.5 142.0 59.0
v 87.0 142.0 58.5
v 87.0 142.0 59.5
v 87.0 141.5 60.0
v 87.0 142.0 60.5
v 86.5 142.0 61.0
v 87.0 141.5 61.0
v 87.0 142.0 61.5
v 87.0 141.5 63.0
v 87.0 141.5 64.0
v 87.0 141.5 65.0
v 86.5 142.0 65.0
v 87.0 142.0 65.5
v 86.5 142.0 77.0
v 87.0 142.0 77.5
v 87.0 141.5 78.0
v 87.0 142.5 59.0
v 87.0 143.0 60.5
v 87.0 142.5 62.0
v 86.5 143.0 63.0
v 87.0 143.0 62.5
v 87.0 142.5 66.0
v 86.5 143.0 67.0
v 87.0 142.5 67.0
v 87.0 143.0 67.5
v 87.0 142.5 77.0
v 87.0 143.0 76.5
v 87.0 143.5 61.0
v 87.0 143.5 62.0
v 86.5 144.0 67.0
v 87.0 143.5 68.0
v 86.5 144.0 69.0
v 87.0 143.5 69.0
v 87.0 144.0 69.5
v 86.5 144.0 75.0
v 87.0 144.0 75.5
v 87.0 143.5 76.0
v 87.0 144.5 70.0
v 87.0 144.5 71.0
v 87.0 145.0 71.5
v 86.5 145.0 74.0
v 87.0 145.0 74.5
v 87.0 144.5 75.0
v 87.0 146.0 70.5
v 87.0 145.5 71.0
v 87.0 145.5 73.0
v 87.0 146.0 72.5
v 87.0 145.5 74.0
v 87.0 147.0 69.5
v 87.0 146.5 70.0
v 86.5 147.0 72.0
v 87.0 147.0 72.5
v 86.5 148.0 69.0
v 87.0 148.0 69.5
v 86.5 148.0 71.0
v 87.0 148.0 71.5
v 87.0 147.5 72.0
v 86.5 149.0 68.0
v 86.5 149.0 69.0
v 87.0 148.5 70.0
v 87.0 148.5 71.0
v 86.5 150.0 66.0
v 87.0 150.0 65.5
v 87.0 149.5 66.0
v 87.0 149.5 67.0
v 87.0 149.5 68.0
v 87.0 149.5 69.0
v 86.5 149.5 68.5
v 86.5 150.0 69.0
v 87.0 150.0 69.5
v 86.5 151.0 66.0
v 87.0 151.0 65.5
v 86.5 151.0 67.0
v 86.5 151.0 68.0
v 86.5 151.0 69.0
v 87.0 151.0 69.5
v 86.5 152.0 66.0
v 87.0 152.0 65.5
v 86.5 152.0 68.0
v 86.5 152.0 69.0
v 87.0 151.5 70.0
v 86.5 152.0 70.0
v 87.0 152.0 70.5
v 87.0 152.5 66.0
v 87.0 152.5 67.0
v 86.5 153.0 68.0
v 87.0 153.0 67.5
v 86.5 153.0 69.0
v 86.5 153.0 70.0
v 87.0 153.0 70.5
v 87.0 153.5 68.0
v 87.0 153.5 69.0
v 87.0 153.5 70.0
v 87.5 100.0 48.0
v 87.5 100.0 49.0
v 87.5 100.0 50.0
v 87.5 101.0 45.0
v 87.5 101.0 46.0
v 87.5 101.0 47.0
v 88.0 101.0 47.5
v 88.0 100.5 48.0
v 88.0 100.5 49.0
v 88.0 100.5 50.0
v 88.0 100.5 51.0
v 88.0 100.5 52.0
v 88.0 100.5 53.0
v 88.0 100.5 54.0
v 88.0 100.5 55.0
v 88.0 100.5 56.0
v 88.0 100.5 57.0
v 88.0 101.0 57.5
v 88.0 102.0 43.5
v 88.0 101.5 44.0
v 88.0 101.5 45.0
v 88.0 101.5 46.0
v 88.0 101.5 47.0
v 88.0 101.5 58.0
v 88.0 101.5 59.0
v 88.0 102.0 59.5
v 88.0 103.0 43.5
v 88.0 102.5 60.0
v 88.0 102.5 61.0
v 87.5 103.0 61.0
v 88.0 103.0 61.5
v 87.5 104.0 43.0
v 88.0 104.0 43.5
v 88.0 103.5 62.0
v 88.0 104.0 62.5
v 88.0 105.0 41.5
v 88.0 104.5 42.0
v 88.0 104.5 43.0
v 88.0 104.5 63.0
v 88.0 104.5 64.0
v 88.0 105.0 64.5
v 88.0 106.0 41.5
v 88.0 105.5 65.0
v 87.5 106.0 65.0
v 88.0 106.0 65.5
v 87.5 107.0 41.0
v 88.0 107.0 41.5
v 88.0 107.0 65.5
v 88.0 108.0 41.5
v 88.0 107.5 66.0
v 88.0 107.5 67.0
v 87.5 108.0 67.0
v 88.0 108.0 67.5
v 88.0 109.0 41.5
v 88.0 108.5 68.0
v 87.5 109.0 68.0
v 88.0 109.0 68.5
v 88.0 110.0 40.5
v 88.0 109.5 41.0
v 88.0 109.5 69.0
v 88.0 110.0 69.5
v 88.0 110.5 41.0
v 87.5 111.0 41.0
v 88.0 111.0 41.5
v 88.0 110.5 70.0
v 88.0 111.0 70.5
v 87.5 112.0 41.0
v 88.0 112.0 41.5
v 88.0 111.5 71.0
v 88.0 111.5 72.0
v 87.5 112.0 72.0
v 88.0 112.0 72.5
v 88.0 113.0 40.5
v 88.0 112.5 41.0
v 88.0 112.5 73.0
v 88.0 113.0 73.5
v 88.0 114.0 40.5
v 88.0 113.5 74.0
v 88.0 113.5 75.0
v 88.0 113.5 76.0
v 88.0 114.0 76.5
v 88.0 115.0 40.5
v 88.0 114.5 77.0
v 88.0 115.0 77.5
v 88.0 116.0 40.5
v 88.0 115.5 78.0
v 88.0 116.0 78.5
v 88.0 116.5 41.0
v 87.5 117.0 41.0
v 87.5 117.0 42.0
v 88.0 116.5 42.0
v 88.0 117.0 42.5
v 88.0 116.5 79.0
v 88.0 117.0 79.5
v 88.0 118.0 42.5
v 88.0 118.0 79.5
v 88.0 119.0 42.5
v 88.0 119.0 79.5
v 87.5 120.0 39.0
v 88.0 120.0 38.5
v 88.0 119.5 39.0
v 88.0 120.0 39.5
v 88.0 119.5 43.0
v 87.5 120.0 43.0
v 88.0 120.0 43.5
v 88.0 119.5 80.0
v 87.5 120.0 80.0
v 88.0 120.0 80.5
v 88.0 121.0 38.5
v 88.0 121.0 39.5
v 88.0 121.0 43.5
v 88.0 121.0 80.5
v 88.0 121.5 39.0
v 87.5 122.0 39.0
v 88.0 122.0 43.5
v 88.0 122.0 80.5
v 87.5 123.0 43.0
v 88.0 122.5 44.0
v 87.5 123.0 44.0
v 88.0 123.0 44.5
v 88.0 123.0 80.5
v 88.0 124.0 42.5
v 88.0 123.5 43.0
v 88.0 123.5 44.0
v 88.0 124.0 44.5
v 87.5 124.0 45.0
v 88.0 123.5 45.0
v 88.0 124.0 45.5
v 88.0 123.5 81.0
v 87.5 124.0 81.0
v 88.0 124.0 81.5
v 88.0 124.5 43.0
v 87.5 125.0 43.0
v 88.0 125.0 43.5
v 87.5 125.0 45.0
v 88.0 125.0 44.5
v 88.0 124.5 46.0
v 87.5 125.0 46.0
v 87.5 125.0 47.0
v 88.0 124.5 47.0
v 87.5 125.0 48.0
v 88.0 124.5 48.0
v 88.0 125.0 48.5
v 88.0 124.5 82.0
v 87.5 125.0 82.0
v 88.0 125.0 82.5
v 88.0 125.5 44.0
v 87.5 126.0 47.0
v 87.5 126.0 48.0
v 88.0 126.0 48.5
v 87.5 126.0 82.0
v 88.0 126.0 82.5
v 87.5 127.0 48.0
v 88.0 127.0 48.5
v 87.5 127.0 82.0
v 88.0 127.0 82.5
v 88.0 127.5 49.0
v 88.0 128.0 49.5
v 87.5 128.0 82.0
v 88.0 128.0 82.5
v 88.0 128.5 50.0
v 87.5 129.0 50.0
v 88.0 129.0 50.5
v 87.5 129.0 81.0
v 87.5 129.0 82.0
v 88.0 129.0 82.5
v 87.5 130.0 50.0
v 88.0 130.0 50.5
v 87.5 130.0 81.0
v 88.0 130.0 81.5
v 88.0 129.5 82.0
v 88.0 131.0 49.5
v 88.0 130.5 50.0
v 88.0 130.5 81.0
v 88.0 131.0 80.5
v 88.0 132.0 49.5
v 87.5 132.0 80.0
v 88.0 132.0 80.5
v 87.5 133.0 50.0
v 88.0 133.0 49.5
v 87.5 133.0 80.0
v 88.0 133.0 80.5
v 88.0 133.5 50.0
v 88.0 134.0 50.5
v 87.5 134.0 80.0
v 88.0 134.0 80.5
v 88.0 134.5 51.0
v 88.0 135.0 51.5
v 88.0 134.5 80.0
v 88.0 135.0 79.5
v 88.0 136.0 51.5
v 88.0 136.0 79.5
v 88.0 136.5 52.0
v 87.5 137.0 53.0
v 88.0 136.5 53.0
v 88.0 137.0 53.5
v 88.0 137.0 79.5
v 87.5 138.0 54.0
v 88.0 137.5 54.0
v 88.0 138.0 54.5
v 88.0 138.0 79.5
v 88.0 139.0 54.5
v 87.5 139.0 55.0
v 88.0 139.0 79.5
v 88.0 139.5 55.0
v 87.5 140.0 56.0
v 88.0 140.0 55.5
v 87.5 140.0 79.0
v 88.0 140.0 79.5
v 88.0 140.5 56.0
v 88.0 140.5 57.0
v 88.0 141.0 57.5
v 87.5 141.0 61.0
v 87.5 141.0 62.0
v 88.0 140.5 79.0
v 88.0 141.0 78.5
v 88.0 141.5 58.0
v 88.0 142.0 58.5
v 87.5 142.0 60.0
v 87.5 142.0 62.0
v 87.5 142.0 63.0
v 87.5 142.0 64.0
v 87.5 142.0 65.0
v 88.0 141.5 78.0
v 88.0 142.0 77.5
v 88.0 142.5 59.0
v 87.5 143.0 60.0
v 88.0 143.0 59.5
v 88.0 143.0 61.5
v 87.5 143.0 62.0
v 88.0 142.5 62.0
v 88.0 142.5 63.0
v 88.0 142.5 64.0
v 87.5 143.0 65.0
v 88.0 143.0 64.5
v 87.5 143.0 66.0
v 87.5 143.0 67.0
v 87.5 143.0 77.0
v 88.0 143.0 77.5
v 87.5 144.0 60.0
v 88.0 144.0 59.5
v 87.5 144.0 61.0
v 87.5 143.5 61.5
v 88.0 143.5 62.0
v 87.5 144.0 62.0
v 88.0 144.0 62.5
v 88.0 143.5 65.0
v 88.0 143.5 66.0
v 88.0 143.5 67.0
v 87.5 144.0 68.0
v 88.0 144.0 67.5
v 87.5 144.0 69.0
v 87.5 144.0 76.0
v 88.0 144.0 76.5
v 88.0 143.5 77.0
v 88.0 144.5 60.0
v 87.5 145.0 61.0
v 88.0 145.0 60.5
v 87.5 145.0 62.0
v 88.0 144.5 63.0
v 87.5 145.0 63.0
v 88.0 145.0 63.5
v 88.0 144.5 68.0
v 88.0 144.5 69.0
v 88.0 144.5 70.0
v 87.5 145.0 71.0
v 88.0 145.0 70.5
v 87.5 145.0 75.0
v 87.5 145.0 76.0
v 88.0 145.0 76.5
v 88.0 145.5 61.0
v 88.0 145.5 62.0
v 88.0 145.5 63.0
v 87.5 146.0 71.0
v 88.0 145.5 71.0
v 88.0 146.0 71.5
v 87.5 146.0 73.0
v 87.5 146.0 74.0
v 88.0 146.0 74.5
v 88.0 145.5 75.0
v 88.0 145.5 76.0
v 87.5 147.0 70.0
v 87.5 147.0 71.0
v 88.0 147.0 71.5
v 87.5 147.0 73.0
v 88.0 147.0 73.5
v 88.0 146.5 74.0
v 87.5 148.0 70.0
v 88.0 148.0 70.5
v 88.0 147.5 71.0
v 87.5 147.5 71.5
v 88.0 148.0 71.5
v 88.0 147.5 72.0
v 88.0 147.5 73.0
v 88.0 148.5 71.0
v 88.0 150.0 65.5
v 88.0 149.5 66.0
v 88.0 149.5 67.0
v 88.0 149.5 68.0
v 88.0 149.5 69.0
v 88.0 149.5 70.0
v 87.5 150.0 70.0
v 88.0 150.0 70.5
v 88.0 151.0 65.5
v 87.5 151.0 70.0
v 88.0 150.5 71.0
v 87.5 151.0 71.0
v 88.0 151.0 71.5
v 88.0 152.0 65.5
v 88.0 151.5 71.0
v 88.0 152.0 70.5
v 88.0 152.5 66.0
v 88.0 152.5 67.0
v 88.0 153.0 67.5
v 88.0 153.0 70.5
v 88.0 153.5 68.0
v 87.5 154.0 69.0
v 88.0 154.0 68.5
v 87.5 154.0 70.0
v 88.0 154.0 70.5
v 87.5 155.0 69.0
v 88.0 155.0 68.5
v 87.5 155.0 70.0
v 88.0 155.0 70.5
v 88.0 155.5 69.0
v 88.0 155.5 70.0
v 89.0 101.0 47.5
v 89.0 100.5 48.0
v 89.0 100.5 49.0
v 89.0 100.5 50.0
v 89.0 100.5 51.0
v 89.0 100.5 52.0
v 89.0 100.5 53.0
v 89.0 100.5 54.0
v 89.0 100.5 55.0
v 89.0 100.5 56.0
v 89.0 100.5 57.0
v 89.0 101.0 57.5
v 88.5 102.0 44.0
v 88.5 102.0 45.0
v 89.0 102.0 45.5
v 89.0 101.5 46.0
v 89.0 101.5 47.0
v 89.0 101.5 58.0
v 89.0 101.5 59.0
v 89.0 101.5 60.0
v 88.5 102.0 60.0
v 89.0 102.0 60.5
v 89.0 103.0 43.5
v 89.0 102.5 44.0
v 89.0 102.5 45.0
v 89.0 102.5 61.0
v 89.0 103.0 61.5
v 89.0 104.0 43.5
v 89.0 103.5 62.0
v 89.0 103.5 63.0
v 88.5 104.0 63.0
v 89.0 104.0 63.5
v 88.5 105.0 42.0
v 88.5 105.0 43.0
v 89.0 105.0 43.5
v 89.0 104.5 64.0
v 89.0 105.0 64.5
v 89.0 106.0 41.5
v 89.0 105.5 42.0
v 89.0 105.5 43.0
v 89.0 105.5 65.0
v 89.0 105.5 66.0
v 88.5 106.0 66.0
v 89.0 106.0 66.5
v 89.0 107.0 41.5
v 88.5 107.0 66.0
v 89.0 107.0 66.5
v 89.0 108.0 41.5
v 89.0 107.5 67.0
v 89.0 107.5 68.0
v 88.5 108.0 68.0
v 89.0 108.0 68.5
v 89.0 109.0 41.5
v 89.0 108.5 69.0
v 88.5 109.0 69.0
v 89.0 109.0 69.5
v 88.5 110.0 41.0
v 89.0 110.0 41.5
v 89.0 110.0 69.5
v 89.0 111.0 41.5
v 89.0 110.5 70.0
v 89.0 110.5 71.0
v 88.5 111.0 71.0
v 89.0 111.0 71.5
v 89.0 112.0 41.5
v 89.0 111.5 72.0
v 89.0 111.5 73.0
v 88.5 112.0 73.0
v 89.0 112.0 73.5
v 89.0 113.0 40.5
v 89.0 112.5 41.0
v 89.0 112.5 74.0
v 88.5 113.0 74.0
v 89.0 112.5 75.0
v 88.5 113.0 75.0
v 89.0 113.0 75.5
v 89.0 114.0 40.5
v 89.0 113.5 76.0
v 89.0 114.0 76.5
v 89.0 115.0 40.5
v 89.0 114.5 77.0
v 89.0 115.0 77.5
v 89.0 116.0 40.5
v 89.0 115.5 78.0
v 89.0 116.0 78.5
v 89.0 116.5 41.0
v 89.0 116.5 42.0
v 89.0 117.0 42.5
v 89.0 116.5 79.0
v 89.0 117.0 79.5
v 89.0 118.0 42.5
v 89.0 118.0 79.5
v 89.0 118.5 43.0
v 88.5 119.0 43.0
v 89.0 119.0 43.5
v 89.0 118.5 80.0
v 88.5 119.0 80.0
v 89.0 119.0 80.5
v 88.5 120.0 39.0
v 89.0 120.0 43.5
v 89.0 120.0 80.5
v 88.5 121.0 39.0
v 89.0 121.0 43.5
v 89.0 121.0 80.5
v 89.0 122.0 43.5
v 88.5 122.0 45.0
v 89.0 121.5 45.0
v 89.0 122.0 44.5
v 89.0 122.0 45.5
v 89.0 122.0 80.5
v 88.5 123.0 43.0
v 89.0 123.0 42.5
v 89.0 122.5 43.0
v 89.0 122.5 44.0
v 89.0 123.0 43.5
v 88.5 123.0 45.0
v 89.0 122.5 46.0
v 88.5 123.0 46.0
v 88.5 123.0 47.0
v 89.0 122.5 47.0
v 89.0 123.0 47.5
v 89.0 122.5 81.0
v 88.5 123.0 81.0
v 89.0 123.0 81.5
v 89.0 124.0 42.5
v 89.0 124.0 43.5
v 88.5 124.0 44.0
v 88.5 124.0 46.0
v 89.0 124.0 46.5
v 89.0 123.5 47.0
v 89.0 124.0 81.5
v 89.0 124.5 43.0
v 88.5 124.5 43.5
v 89.0 124.5 44.0
v 89.0 125.0 43.5
v 89.0 125.0 44.5
v 89.0 124.5 47.0
v 89.0 124.5 48.0
v 88.5 125.0 49.0
v 89.0 124.5 49.0
v 89.0 125.0 49.5
v 89.0 124.5 82.0
v 89.0 125.0 82.5
v 89.0 125.5 44.0
v 88.5 126.0 49.0
v 89.0 126.0 49.5
v 89.0 126.0 82.5
v 88.5 127.0 49.0
v 89.0 127.0 49.5
v 89.0 127.0 82.5
v 88.5 128.0 50.0
v 89.0 127.5 50.0
v 89.0 128.0 50.5
v 89.0 128.0 82.5
v 89.0 129.0 50.5
v 89.0 129.0 82.5
v 89.0 130.0 50.5
v 89.0 129.5 82.0
v 89.0 130.0 81.5
v 88.5 131.0 50.0
v 89.0 131.0 50.5
v 88.5 131.0 81.0
v 89.0 131.0 81.5
v 88.5 132.0 50.0
v 89.0 132.0 50.5
v 89.0 131.5 81.0
v 89.0 132.0 80.5
v 88.5 133.0 50.0
v 89.0 133.0 50.5
v 89.0 133.0 80.5
v 88.5 134.0 51.0
v 89.0 133.5 51.0
v 88.5 134.0 52.0
v 89.0 133.5 52.0
v 89.0 134.0 52.5
v 89.0 134.0 80.5
v 88.5 135.0 52.0
v 89.0 135.0 52.5
v 88.5 135.0 80.0
v 89.0 135.0 80.5
v 88.5 136.0 52.0
v 89.0 135.5 53.0
v 88.5 136.0 53.0
v 89.0 136.0 53.5
v 89.0 135.5 80.0
v 89.0 136.0 79.5
v 88.5 137.0 54.0
v 89.0 136.5 54.0
v 89.0 137.0 54.5
v 89.0 137.0 79.5
v 89.0 138.0 54.5
v 89.0 138.0 79.5
v 89.0 138.5 55.0
v 88.5 139.0 55.0
v 89.0 139.0 55.5
v 89.0 139.0 79.5
v 89.0 140.0 55.5
v 89.0 140.0 79.5
v 89.0 140.5 56.0
v 88.5 141.0 57.0
v 89.0 141.0 56.5
v 89.0 140.5 79.0
v 89.0 141.0 78.5
v 89.0 141.5 57.0
v 89.0 141.5 58.0
v 89.0 142.0 58.5
v 88.5 142.0 63.0
v 89.0 141.5 63.0
v 89.0 142.0 62.5
v 89.0 142.0 63.5
v 88.5 142.0 78.0
v 89.0 142.0 78.5
v 88.5 143.0 59.0
v 89.0 143.0 58.5
v 89.0 142.5 62.0
v 89.0 143.0 61.5
v 89.0 142.5 64.0
v 88.5 143.0 65.0
v 89.0 142.5 65.0
v 89.0 143.0 65.5
v 89.0 142.5 78.0
v 89.0 143.0 77.5
v 89.0 143.5 59.0
v 89.0 144.0 59.5
v 89.0 143.5 62.0
v 89.0 144.0 62.5
v 89.0 143.5 66.0
v 89.0 143.5 67.0
v 89.0 144.0 67.5
v 88.5 144.0 77.0
v 89.0 144.0 77.5
v 88.5 145.0 60.0
v 89.0 145.0 59.5
v 89.0 144.5 63.0
v 89.0 145.0 63.5
v 89.0 144.5 68.0
v 89.0 144.5 69.0
v 89.0 144.5 70.0
v 88.5 145.0 71.0
v 89.0 144.5 71.0
v 89.0 145.0 71.5
v 89.0 144.5 77.0
v 89.0 145.0 76.5
v 89.0 145.5 60.0
v 88.5 146.0 61.0
v 89.0 146.0 60.5
v 88.5 146.0 62.0
v 89.0 146.0 62.5
v 89.0 145.5 63.0
v 89.0 146.0 71.5
v 89.0 145.5 75.0
v 89.0 146.0 74.5
v 88.5 146.0 76.0
v 89.0 146.0 75.5
v 89.0 146.0 76.5
v 89.0 146.5 61.0
v 89.0 146.5 62.0
v 89.0 147.0 71.5
v 89.0 146.5 74.0
v 89.0 147.0 73.5
v 89.0 146.5 76.0
v 89.0 148.0 70.5
v 89.0 147.5 71.0
v 88.5 147.5 71.5
v 88.5 148.0 72.0
v 89.0 148.0 72.5
v 89.0 147.5 73.0
v 88.5 149.0 71.0
v 89.0 149.0 70.5
v 88.5 149.0 72.0
v 89.0 149.0 72.5
v 88.5 150.0 66.0
v 88.5 150.0 67.0
v 88.5 150.0 68.0
v 88.5 150.0 69.0
v 88.5 150.0 70.0
v 89.0 150.0 70.5
v 88.5 150.0 71.0
v 89.0 150.0 71.5
v 89.0 149.5 72.0
v 88.5 151.0 66.0
v 88.5 151.0 67.0
v 88.5 151.0 68.0
v 88.5 151.0 69.0
v 89.0 151.0 69.5
v 89.0 150.5 70.0
v 89.0 150.5 72.0
v 88.5 151.0 72.0
v 89.0 151.0 72.5
v 89.0 152.0 65.5
v 89.0 151.5 66.0
v 89.0 151.5 67.0
v 89.0 151.5 68.0
v 89.0 151.5 69.0
v 88.5 152.0 71.0
v 89.0 152.0 71.5
v 89.0 151.5 72.0
v 89.0 152.5 66.0
v 88.5 153.0 67.0
v 89.0 153.0 66.5
v 88.5 153.0 70.0
v 89.0 152.5 70.0
v 89.0 153.0 69.5
v 89.0 152.5 71.0
v 89.0 153.5 67.0
v 88.5 154.0 68.0
v 89.0 154.0 67.5
v 88.5 154.0 70.0
v 89.0 154.0 69.5
v 89.0 154.5 68.0
v 89.0 155.0 68.5
v 88.5 155.0 70.0
v 89.0 155.0 69.5
v 89.0 155.5 69.0
v 89.5 101.0 48.0
v 89.5 101.0 49.0
v 89.5 101.0 50.0
v 89.5 101.0 51.0
v 89.5 101.0 52.0
v 89.5 101.0 53.0
v 89.5 101.0 54.0
v 89.5 101.0 55.0
v 89.5 101.0 56.0
v 89.5 101.0 57.0
v 89.5 102.0 46.0
v 89.5 102.0 47.0
v 90.0 102.0 47.5
v 90.0 101.5 48.0
v 90.0 101.5 49.0
v 90.0 101.5 50.0
v 90.0 101.5 51.0
v 90.0 101.5 52.0
v 90.0 101.5 53.0
v 90.0 101.5 54.0
v 90.0 101.5 55.0
v 90.0 101.5 56.0
v 90.0 101.5 57.0
v 89.5 102.0 58.0
v 90.0 102.0 57.5
v 89.5 102.0 59.0
v 89.5 102.0 60.0
v 89.5 103.0 44.0
v 90.0 103.0 44.5
v 90.0 102.5 45.0
v 90.0 102.5 46.0
v 90.0 102.5 47.0
v 90.0 102.5 58.0
v 90.0 102.5 59.0
v 90.0 102.5 60.0
v 90.0 102.5 61.0
v 90.0 103.0 61.5
v 90.0 104.0 43.5
v 90.0 103.5 44.0
v 90.0 103.5 62.0
v 90.0 103.5 63.0
v 90.0 104.0 63.5
v 90.0 105.0 43.5
v 90.0 104.5 64.0
v 90.0 105.0 64.5
v 90.0 106.0 41.5
v 90.0 105.5 42.0
v 90.0 105.5 43.0
v 90.0 105.5 65.0
v 90.0 105.5 66.0
v 90.0 106.0 66.5
v 90.0 107.0 41.5
v 90.0 106.5 67.0
v 89.5 107.0 67.0
v 90.0 107.0 67.5
v 90.0 107.5 42.0
v 89.5 108.0 42.0
v 90.0 108.0 42.5
v 90.0 107.5 68.0
v 90.0 108.0 68.5
v 90.0 109.0 41.5
v 90.0 108.5 42.0
v 90.0 108.5 69.0
v 90.0 109.0 69.5
v 90.0 110.0 41.5
v 90.0 109.5 70.0
v 89.5 110.0 70.0
v 90.0 110.0 70.5
v 90.0 111.0 41.5
v 90.0 110.5 71.0
v 90.0 111.0 71.5
v 90.0 112.0 41.5
v 90.0 111.5 72.0
v 90.0 111.5 73.0
v 90.0 112.0 73.5
v 90.0 113.0 40.5
v 90.0 112.5 41.0
v 90.0 112.5 74.0
v 90.0 112.5 75.0
v 90.0 113.0 75.5
v 90.0 114.0 40.5
v 90.0 113.5 76.0
v 90.0 113.5 77.0
v 89.5 114.0 77.0
v 90.0 114.0 77.5
v 90.0 115.0 40.5
v 90.0 114.5 78.0
v 89.5 115.0 78.0
v 90.0 115.0 78.5
v 90.0 115.5 41.0
v 89.5 116.0 41.0
v 89.5 116.0 42.0
v 90.0 115.5 42.0
v 90.0 116.0 42.5
v 90.0 115.5 79.0
v 89.5 116.0 79.0
v 90.0 116.0 79.5
v 89.5 117.0 43.0
v 90.0 116.5 43.0
v 90.0 117.0 43.5
v 90.0 117.0 79.5
v 89.5 118.0 43.0
v 90.0 118.0 43.5
v 90.0 117.5 80.0
v 89.5 118.0 80.0
v 90.0 118.0 80.5
v 90.0 119.0 43.5
v 90.0 119.0 80.5
v 90.0 120.0 43.5
v 90.0 120.0 80.5
v 90.0 121.0 43.5
v 90.0 121.0 80.5
v 90.0 122.0 43.5
v 90.0 121.5 45.0
v 90.0 122.0 44.5
v 90.0 122.0 45.5
v 90.0 121.5 81.0
v 89.5 122.0 81.0
v 90.0 122.0 81.5
v 90.0 123.0 42.5
v 90.0 122.5 43.0
v 90.0 122.5 44.0
v 90.0 123.0 43.5
v 90.0 122.5 46.0
v 90.0 122.5 47.0
v 90.0 123.0 47.5
v 90.0 123.0 81.5
v 90.0 124.0 42.5
v 90.0 123.5 44.0
v 89.5 124.0 44.0
v 90.0 124.0 44.5
v 89.5 124.0 47.0
v 90.0 123.5 48.0
v 89.5 124.0 48.0
v 90.0 124.0 48.5
v 90.0 124.0 81.5
v 90.0 124.5 43.0
v 89.5 124.5 43.5
v 90.0 125.0 43.5
v 90.0 125.0 44.5
v 90.0 125.0 48.5
v 89.5 125.0 49.0
v 89.5 125.0 82.0
v 90.0 125.0 81.5
v 90.0 125.5 44.0
v 90.0 125.5 49.0
v 90.0 125.5 50.0
v 89.5 126.0 50.0
v 90.0 126.0 50.5
v 90.0 125.5 82.0
v 90.0 126.0 82.5
v 89.5 127.0 50.0
v 90.0 127.0 50.5
v 90.0 127.0 82.5
v 90.0 128.0 50.5
v 90.0 128.0 82.5
v 90.0 129.0 50.5
v 90.0 129.0 82.5
v 90.0 130.0 50.5
v 89.5 130.0 82.0
v 90.0 130.0 82.5
v 90.0 131.0 50.5
v 90.0 130.5 82.0
v 90.0 131.0 81.5
v 90.0 131.5 51.0
v 89.5 132.0 51.0
v 90.0 132.0 51.5
v 90.0 131.5 81.0
v 90.0 132.0 80.5
v 89.5 133.0 51.0
v 90.0 133.0 51.5
v 90.0 133.0 80.5
v 90.0 133.5 52.0
v 90.0 134.0 52.5
v 90.0 134.0 80.5
v 90.0 135.0 52.5
v 90.0 135.0 80.5
v 90.0 135.5 53.0
v 90.0 136.0 53.5
v 89.5 136.0 80.0
v 90.0 136.0 80.5
v 90.0 136.5 54.0
v 90.0 137.0 54.5
v 89.5 137.0 80.0
v 90.0 137.0 80.5
v 90.0 138.0 54.5
v 89.5 138.0 80.0
v 90.0 138.0 80.5
v 90.0 138.5 55.0
v 90.0 139.0 55.5
v 90.0 138.5 80.0
v 90.0 139.0 79.5
v 90.0 140.0 55.5
v 90.0 140.0 79.5
v 90.0 140.5 56.0
v 90.0 141.0 56.5
v 90.0 140.5 79.0
v 90.0 141.0 78.5
v 90.0 141.5 57.0
v 89.5 142.0 58.0
v 90.0 142.0 57.5
v 89.5 142.0 63.0
v 90.0 142.0 78.5
v 90.0 142.5 58.0
v 90.0 143.0 58.5
v 89.5 143.0 62.0
v 89.5 143.0 63.0
v 89.5 143.0 64.0
v 89.5 143.0 65.0
v 89.5 143.0 78.0
v 90.0 143.0 78.5
v 90.0 143.5 59.0
v 90.0 144.0 59.5
v 90.0 143.5 63.0
v 90.0 144.0 62.5
v 90.0 143.5 64.0
v 90.0 143.5 65.0
v 90.0 143.5 66.0
v 90.0 143.5 67.0
v 90.0 144.0 67.5
v 90.0 143.5 78.0
v 90.0 144.0 77.5
v 90.0 145.0 59.5
v 90.0 144.5 63.0
v 90.0 145.0 63.5
v 90.0 144.5 68.0
v 90.0 144.5 69.0
v 90.0 144.5 70.0
v 90.0 144.5 71.0
v 90.0 145.0 71.5
v 90.0 144.5 77.0
v 90.0 145.0 76.5
v 90.0 145.5 60.0
v 90.0 146.0 60.5
v 90.0 145.5 63.0
v 90.0 146.0 62.5
v 90.0 146.0 71.5
v 89.5 146.0 75.0
v 90.0 145.5 76.0
v 90.0 146.0 75.5
v 89.5 146.0 76.0
v 90.0 146.5 61.0
v 90.0 146.5 62.0
v 90.0 147.0 71.5
v 90.0 146.5 74.0
v 90.0 147.0 73.5
v 90.0 146.5 75.0
v 90.0 148.0 70.5
v 90.0 147.5 71.0
v 89.5 148.0 73.0
v 90.0 148.0 73.5
v 90.0 149.0 70.5
v 90.0 148.5 73.0
v 90.0 149.0 72.5
v 90.0 150.0 70.5
v 89.5 150.0 72.0
v 90.0 150.0 72.5
v 89.5 151.0 68.0
v 90.0 151.0 67.5
v 90.0 150.5 68.0
v 90.0 150.5 69.0
v 89.5 151.0 69.0
v 90.0 150.5 70.0
v 90.0 150.5 73.0
v 89.5 151.0 73.0
v 90.0 151.0 73.5
v 90.0 152.0 65.5
v 90.0 151.5 66.0
v 90.0 151.5 67.0
v 89.5 152.0 72.0
v 90.0 152.0 72.5
v 90.0 151.5 73.0
v 89.5 153.0 66.0
v 90.0 153.0 65.5
v 89.5 153.0 70.0
v 90.0 153.0 70.5
v 90.0 152.5 71.0
v 90.0 152.5 72.0
v 90.0 153.5 66.0
v 89.5 154.0 67.0
v 90.0 154.0 66.5
v 89.5 154.0 70.0
v 90.0 154.0 70.5
v 90.0 154.5 67.0
v 89.5 155.0 68.0
v 90.0 155.0 67.5
v 90.0 154.5 70.0
v 90.0 155.0 69.5
v 90.0 155.5 68.0
v 89.5 156.0 69.0
v 90.0 156.0 68.5
v 90.0 156.0 69.5
v 90.0 156.5 69.0
v 90.5 102.0 48.0
v 91.0 102.0 48.5
v 91.0 101.5 49.0
v 91.0 101.5 50.0
v 91.0 101.5 51.0
v 91.0 101.5 52.0
v 91.0 101.5 53.0
v 91.0 101.5 54.0
v 91.0 101.5 55.0
v 91.0 101.5 56.0
v 90.5 102.0 57.0
v 91.0 102.0 56.5
v 90.5 103.0 45.0
v 91.0 103.0 45.5
v 91.0 102.5 46.0
v 91.0 102.5 47.0
v 91.0 102.5 48.0
v 91.0 102.5 57.0
v 90.5 103.0 58.0
v 91.0 103.0 57.5
v 90.5 103.0 59.0
v 90.5 103.0 60.0
v 90.5 103.0 61.0
v 90.5 104.0 44.0
v 91.0 104.0 44.5
v 91.0 103.5 45.0
v 91.0 103.5 58.0
v 91.0 103.5 59.0
v 91.0 104.0 59.5
v 90.5 104.0 60.0
v 90.5 104.0 61.0
v 90.5 104.0 62.0
v 90.5 104.0 63.0
v 90.5 105.0 44.0
v 91.0 105.0 44.5
v 91.0 104.5 60.0
v 91.0 105.0 60.5
v 90.5 105.0 61.0
v 90.5 105.0 62.0
v 90.5 105.0 63.0
v 90.5 105.0 64.0
v 90.5 106.0 42.0
v 90.5 106.0 43.0
v 91.0 106.0 43.5
v 91.0 105.5 44.0
v 91.0 105.5 61.0
v 91.0 105.5 62.0
v 91.0 105.5 63.0
v 91.0 105.5 64.0
v 90.5 106.0 65.0
v 91.0 106.0 64.5
v 90.5 106.0 66.0
v 90.5 107.0 42.0
v 90.5 107.0 43.0
v 91.0 107.0 43.5
v 91.0 106.5 65.0
v 91.0 106.5 66.0
v 90.5 107.0 67.0
v 91.0 107.0 66.5
v 90.5 108.0 43.0
v 91.0 108.0 43.5
v 91.0 107.5 67.0
v 90.5 108.0 68.0
v 91.0 108.0 67.5
v 90.5 109.0 42.0
v 91.0 109.0 42.5
v 91.0 108.5 43.0
v 91.0 108.5 68.0
v 90.5 109.0 69.0
v 91.0 109.0 68.5
v 90.5 110.0 42.0
v 91.0 110.0 42.5
v 91.0 109.5 69.0
v 91.0 109.5 70.0
v 91.0 109.5 71.0
v 90.5 110.0 71.0
v 91.0 110.0 71.5
v 91.0 111.0 41.5
v 91.0 110.5 42.0
v 91.0 110.5 72.0
v 90.5 111.0 72.0
v 91.0 111.0 72.5
v 90.5 112.0 41.0
v 91.0 112.0 40.5
v 91.0 111.5 41.0
v 91.0 111.5 73.0
v 91.0 112.0 73.5
v 91.0 113.0 40.5
v 91.0 112.5 74.0
v 90.5 113.0 75.0
v 91.0 113.0 74.5
v 91.0 114.0 40.5
v 91.0 113.5 75.0
v 91.0 113.5 76.0
v 90.5 114.0 77.0
v 91.0 114.0 76.5
v 91.0 114.5 41.0
v 90.5 115.0 41.0
v 91.0 115.0 41.5
v 91.0 114.5 77.0
v 91.0 114.5 78.0
v 91.0 115.0 78.5
v 91.0 115.5 42.0
v 91.0 116.0 42.5
v 90.5 116.0 79.0
v 91.0 116.0 78.5
v 90.5 117.0 43.0
v 91.0 117.0 42.5
v 91.0 116.5 79.0
v 91.0 117.0 79.5
v 91.0 117.5 43.0
v 91.0 118.0 43.5
v 91.0 117.5 80.0
v 91.0 118.0 80.5
v 91.0 119.0 43.5
v 91.0 119.0 80.5
v 91.0 120.0 43.5
v 91.0 120.0 80.5
v 91.0 121.0 43.5
v 91.0 121.0 80.5
v 91.0 121.5 44.0
v 90.5 122.0 44.0
v 91.0 121.5 45.0
v 91.0 122.0 45.5
v 91.0 121.5 81.0
v 91.0 122.0 81.5
v 90.5 123.0 43.0
v 91.0 122.5 46.0
v 91.0 122.5 47.0
v 90.5 123.0 48.0
v 91.0 122.5 48.0
v 91.0 123.0 48.5
v 91.0 123.0 81.5
v 90.5 124.0 43.0
v 90.5 124.0 44.0
v 91.0 124.0 48.5
v 91.0 124.0 81.5
v 90.5 125.0 44.0
v 91.0 124.5 49.0
v 90.5 125.0 49.0
v 91.0 125.0 49.5
v 91.0 125.0 81.5
v 91.0 126.0 49.5
v 90.5 126.0 50.0
v 91.0 125.5 82.0
v 91.0 126.0 82.5
v 91.0 126.5 50.0
v 91.0 127.0 50.5
v 91.0 127.0 82.5
v 91.0 128.0 50.5
v 91.0 128.0 82.5
v 91.0 129.0 50.5
v 91.0 129.0 82.5
v 91.0 130.0 50.5
v 91.0 130.0 82.5
v 91.0 131.0 50.5
v 91.0 130.5 82.0
v 91.0 131.0 81.5
v 90.5 132.0 51.0
v 91.0 132.0 50.5
v 90.5 132.0 81.0
v 91.0 132.0 81.5
v 91.0 132.5 51.0
v 91.0 133.0 51.5
v 91.0 132.5 81.0
v 91.0 133.0 80.5
v 90.5 134.0 52.0
v 91.0 134.0 51.5
v 91.0 134.0 80.5
v 90.5 135.0 52.0
v 91.0 135.0 51.5
v 91.0 135.0 80.5
v 91.0 135.5 52.0
v 90.5 136.0 53.0
v 91.0 136.0 52.5
v 91.0 136.0 80.5
v 91.0 136.5 53.0
v 90.5 137.0 54.0
v 91.0 137.0 53.5
v 91.0 137.0 80.5
v 91.0 137.5 54.0
v 91.0 138.0 54.5
v 91.0 138.0 80.5
v 91.0 138.5 55.0
v 91.0 139.0 55.5
v 90.5 139.0 80.0
v 91.0 139.0 80.5
v 91.0 140.0 55.5
v 91.0 139.5 80.0
v 91.0 140.0 79.5
v 91.0 140.5 56.0
v 91.0 141.0 56.5
v 90.5 141.0 79.0
v 91.0 141.0 79.5
v 91.0 141.5 57.0
v 91.0 142.0 57.5
v 91.0 141.5 79.0
v 91.0 142.0 78.5
v 91.0 142.5 58.0
v 91.0 143.0 58.5
v 91.0 143.0 78.5
v 91.0 143.5 59.0
v 90.5 144.0 60.0
v 91.0 143.5 60.0
v 91.0 144.0 60.5
v 91.0 143.5 63.0
v 91.0 144.0 62.5
v 91.0 143.5 64.0
v 91.0 143.5 65.0
v 91.0 143.5 66.0
v 91.0 143.5 67.0
v 90.5 144.0 68.0
v 91.0 143.5 68.0
v 91.0 144.0 68.5
v 90.5 144.0 78.0
v 91.0 144.0 78.5
v 90.5 145.0 60.0
v 91.0 144.5 61.0
v 90.5 145.0 61.0
v 90.5 145.0 62.0
v 91.0 144.5 62.0
v 90.5 145.0 63.0
v 91.0 144.5 69.0
v 90.5 145.0 70.0
v 91.0 145.0 69.5
v 90.5 145.0 71.0
v 90.5 145.0 77.0
v 91.0 145.0 77.5
v 91.0 144.5 78.0
v 90.5 146.0 61.0
v 90.5 146.0 62.0
v 91.0 145.5 70.0
v 91.0 145.5 71.0
v 91.0 146.0 71.5
v 91.0 145.5 76.0
v 91.0 146.0 75.5
v 91.0 145.5 77.0
v 91.0 147.0 71.5
v 90.5 147.0 74.0
v 91.0 147.0 74.5
v 91.0 146.5 75.0
v 90.5 148.0 71.0
v 91.0 148.0 71.5
v 91.0 147.5 74.0
v 91.0 148.0 73.5
v 91.0 149.0 70.5
v 91.0 148.5 71.0
v 90.5 149.0 73.0
v 91.0 149.0 73.5
v 91.0 150.0 70.5
v 90.5 150.0 73.0
v 91.0 150.0 73.5
v 91.0 151.0 67.5
v 91.0 150.5 68.0
v 91.0 150.5 69.0
v 91.0 150.5 70.0
v 91.0 151.0 73.5
v 91.0 152.0 65.5
v 91.0 151.5 66.0
v 91.0 151.5 67.0
v 90.5 152.0 73.0
v 91.0 152.0 73.5
v 91.0 153.0 65.5
v 90.5 153.0 71.0
v 90.5 153.0 72.0
v 90.5 153.0 73.0
v 91.0 153.0 73.5
v 91.0 153.5 66.0
v 91.0 154.0 66.5
v 90.5 154.0 71.0
v 90.5 154.0 72.0
v 90.5 154.0 73.0
v 91.0 154.0 73.5
v 91.0 154.5 67.0
v 91.0 155.0 67.5
v 90.5 155.0 70.0
v 91.0 155.0 70.5
v 91.0 154.5 71.0
v 90.5 155.0 72.0
v 91.0 155.0 71.5
v 91.0 155.0 72.5
v 91.0 154.5 73.0
v 91.0 155.5 68.0
v 91.0 156.0 68.5
v 90.5 156.0 70.0
v 91.0 156.0 70.5
v 91.0 155.5 72.0
v 91.0 156.5 69.0
v 91.0 156.5 70.0
v 91.5 102.0 49.0
v 92.0 102.0 49.5
v 92.0 101.5 50.0
v 92.0 101.5 51.0
v 92.0 101.5 52.0
v 92.0 101.5 53.0
v 92.0 101.5 54.0
v 91.5 102.0 55.0
v 92.0 102.0 54.5
v 91.5 102.0 56.0
v 91.5 103.0 46.0
v 92.0 103.0 46.5
v 92.0 102.5 47.0
v 92.0 102.5 48.0
v 92.0 102.5 49.0
v 92.0 102.5 55.0
v 92.0 103.0 55.5
v 91.5 103.0 56.0
v 91.5 103.0 57.0
v 92.0 104.0 44.5
v 92.0 103.5 45.0
v 92.0 103.5 46.0
v 92.0 103.5 56.0
v 92.0 104.0 56.5
v 91.5 104.0 57.0
v 91.5 104.0 58.0
v 91.5 104.0 59.0
v 92.0 105.0 44.5
v 92.0 104.5 57.0
v 92.0 104.5 58.0
v 92.0 104.5 59.0
v 91.5 105.0 60.0
v 92.0 105.0 59.5
v 91.5 106.0 44.0
v 92.0 106.0 44.5
v 92.0 105.5 60.0
v 92.0 105.5 61.0
v 92.0 105.5 62.0
v 92.0 105.5 63.0
v 92.0 105.5 64.0
v 92.0 105.5 65.0
v 91.5 106.0 65.0
v 92.0 106.0 65.5
v 91.5 107.0 44.0
v 92.0 107.0 44.5
v 92.0 106.5 66.0
v 92.0 106.5 67.0
v 91.5 107.0 67.0
v 92.0 106.5 68.0
v 91.5 107.0 68.0
v 92.0 107.0 68.5
v 91.5 108.0 44.0
v 92.0 108.0 44.5
v 91.5 108.0 68.0
v 92.0 108.0 68.5
v 92.0 109.0 42.5
v 92.0 108.5 43.0
v 92.0 108.5 44.0
v 92.0 108.5 69.0
v 91.5 109.0 69.0
v 92.0 109.0 69.5
v 92.0 110.0 42.5
v 92.0 110.0 69.5
v 91.5 110.0 70.0
v 91.5 110.0 71.0
v 92.0 111.0 41.5
v 92.0 110.5 42.0
v 92.0 110.5 70.0
v 92.0 110.5 71.0
v 91.5 111.0 72.0
v 92.0 111.0 71.5
v 91.5 112.0 41.0
v 92.0 112.0 41.5
v 92.0 111.5 72.0
v 91.5 112.0 73.0
v 92.0 112.0 72.5
v 91.5 113.0 41.0
v 92.0 113.0 41.5
v 92.0 112.5 73.0
v 91.5 113.0 74.0
v 92.0 113.0 73.5
v 91.5 114.0 41.0
v 92.0 114.0 41.5
v 92.0 113.5 74.0
v 91.5 114.0 75.0
v 92.0 114.0 74.5
v 91.5 114.0 76.0
v 92.0 115.0 41.5
v 92.0 114.5 75.0
v 92.0 115.0 75.5
v 91.5 115.0 76.0
v 91.5 115.0 77.0
v 91.5 115.0 78.0
v 92.0 115.5 42.0
v 92.0 116.0 42.5
v 92.0 115.5 76.0
v 92.0 116.0 76.5
v 91.5 116.0 77.0
v 91.5 116.0 78.0
v 92.0 117.0 42.5
v 92.0 116.5 77.0
v 92.0 116.5 78.0
v 91.5 117.0 79.0
v 92.0 117.0 78.5
v 91.5 118.0 43.0
v 92.0 118.0 42.5
v 92.0 117.5 79.0
v 91.5 118.0 80.0
v 92.0 118.0 79.5
v 92.0 118.5 43.0
v 92.0 119.0 43.5
v 91.5 119.0 80.0
v 92.0 119.0 79.5
v 92.0 120.0 43.5
v 92.0 119.5 80.0
v 92.0 120.0 80.5
v 92.0 120.5 44.0
v 91.5 121.0 44.0
v 92.0 121.0 44.5
v 92.0 121.0 80.5
v 92.0 121.5 45.0
v 91.5 122.0 46.0
v 92.0 121.5 46.0
v 92.0 122.0 46.5
v 91.5 122.0 48.0
v 92.0 121.5 48.0
v 92.0 122.0 47.5
v 92.0 122.0 48.5
v 91.5 122.0 81.0
v 92.0 122.0 80.5
v 92.0 122.5 47.0
v 92.0 123.0 48.5
v 92.0 122.5 81.0
v 92.0 123.0 81.5
v 92.0 124.0 48.5
v 92.0 124.0 81.5
v 92.0 124.5 49.0
v 92.0 125.0 49.5
v 92.0 125.0 81.5
v 92.0 126.0 49.5
v 92.0 125.5 82.0
v 92.0 126.0 82.5
v 92.0 126.5 50.0
v 92.0 127.0 50.5
v 92.0 127.0 82.5
v 92.0 128.0 50.5
v 92.0 128.0 82.5
v 92.0 129.0 50.5
v 92.0 129.0 82.5
v 92.0 130.0 50.5
v 92.0 130.0 82.5
v 92.0 131.0 50.5
v 92.0 130.5 82.0
v 92.0 131.0 81.5
v 92.0 132.0 50.5
v 91.5 132.0 81.0
v 92.0 131.5 81.0
v 92.0 132.0 80.5
v 91.5 133.0 51.0
v 92.0 133.0 50.5
v 92.0 133.0 80.5
v 92.0 133.5 51.0
v 92.0 134.0 51.5
v 92.0 134.0 80.5
v 92.0 135.0 51.5
v 92.0 135.0 80.5
v 92.0 135.5 52.0
v 92.0 136.0 52.5
v 92.0 136.0 80.5
v 92.0 136.5 53.0
v 92.0 137.0 53.5
v 92.0 137.0 80.5
v 92.0 137.5 54.0
v 92.0 138.0 54.5
v 92.0 138.0 80.5
v 92.0 138.5 55.0
v 92.0 139.0 55.5
v 92.0 139.0 80.5
v 92.0 140.0 55.5
v 92.0 139.5 80.0
v 92.0 140.0 79.5
v 92.0 140.5 56.0
v 92.0 141.0 56.5
v 92.0 141.0 79.5
v 92.0 141.5 57.0
v 92.0 142.0 57.5
v 92.0 141.5 79.0
v 92.0 142.0 78.5
v 92.0 142.5 58.0
v 92.0 143.0 58.5
v 92.0 143.0 78.5
v 92.0 143.5 59.0
v 91.5 144.0 60.0
v 92.0 144.0 59.5
v 91.5 144.0 63.0
v 91.5 144.0 64.0
v 91.5 144.0 65.0
v 91.5 144.0 66.0
v 92.0 144.0 66.5
v 92.0 143.5 67.0
v 92.0 143.5 68.0
v 92.0 144.0 68.5
v 91.5 144.0 78.0
v 92.0 143.5 78.0
v 92.0 144.0 77.5
v 92.0 144.5 60.0
v 92.0 144.5 61.0
v 92.0 144.5 62.0
v 92.0 144.5 63.0
v 92.0 144.5 64.0
v 92.0 144.5 65.0
v 92.0 144.5 66.0
v 92.0 144.5 69.0
v 92.0 145.0 69.5
v 92.0 145.0 77.5
v 92.0 145.5 70.0
v 92.0 145.5 71.0
v 92.0 146.0 71.5
v 91.5 146.0 76.0
v 92.0 146.0 76.5
v 92.0 145.5 77.0
v 92.0 147.0 71.5
v 92.0 146.5 75.0
v 92.0 147.0 74.5
v 92.0 146.5 76.0
v 91.5 148.0 71.0
v 92.0 148.0 70.5
v 92.0 147.5 71.0
v 91.5 148.0 74.0
v 92.0 148.0 74.5
v 92.0 149.0 70.5
v 91.5 149.0 74.0
v 92.0 149.0 74.5
v 92.0 150.0 70.5
v 91.5 150.0 74.0
v 92.0 150.0 74.5
v 91.5 151.0 67.0
v 92.0 151.0 66.5
v 92.0 150.5 67.0
v 92.0 150.5 68.0
v 92.0 150.5 69.0
v 92.0 150.5 70.0
v 92.0 150.5 74.0
v 92.0 151.0 73.5
v 92.0 152.0 65.5
v 92.0 151.5 66.0
v 92.0 151.5 74.0
v 91.5 152.0 74.0
v 92.0 152.0 74.5
v 92.0 153.0 65.5
v 92.0 152.5 74.0
v 92.0 153.0 73.5
v 91.5 154.0 66.0
v 92.0 154.0 65.5
v 92.0 154.0 73.5
v 92.0 154.5 66.0
v 92.0 154.5 67.0
v 92.0 155.0 67.5
v 91.5 155.0 71.0
v 91.5 155.0 73.0
v 92.0 155.0 73.5
v 91.5 156.0 68.0
v 92.0 156.0 67.5
v 91.5 156.0 71.0
v 91.5 156.0 72.0
v 91.5 156.0 73.0
v 92.0 156.0 73.5
v 92.0 156.5 68.0
v 92.0 156.5 69.0
v 92.0 156.5 70.0
v 92.0 156.5 71.0
v 91.5 157.0 72.0
v 92.0 157.0 71.5
v 92.0 157.0 72.5
v 92.0 156.5 73.0
v 92.0 157.5 72.0
v 92.5 102.0 49.0
v 93.0 102.0 48.5
v 93.0 101.5 49.0
v 93.0 101.5 50.0
v 93.0 101.5 51.0
v 93.0 101.5 52.0
v 93.0 101.5 53.0
v 92.5 102.0 54.0
v 93.0 102.0 53.5
v 92.5 103.0 47.0
v 93.0 103.0 47.5
v 93.0 102.5 48.0
v 93.0 102.5 54.0
v 92.5 103.0 55.0
v 93.0 103.0 54.5
v 92.5 104.0 45.0
v 93.0 104.0 45.5
v 93.0 103.5 46.0
v 93.0 103.5 47.0
v 93.0 103.5 55.0
v 92.5 104.0 56.0
v 93.0 104.0 55.5
v 93.0 105.0 44.5
v 93.0 104.5 45.0
v 93.0 104.5 56.0
v 92.5 105.0 57.0
v 93.0 105.0 56.5
v 92.5 105.0 58.0
v 92.5 105.0 59.0
v 93.0 106.0 44.5
v 93.0 105.5 57.0
v 93.0 105.5 58.0
v 93.0 105.5 59.0
v 93.0 105.5 60.0
v 93.0 105.5 61.0
v 93.0 105.5 62.0
v 93.0 105.5 63.0
v 93.0 105.5 64.0
v 93.0 105.5 65.0
v 93.0 105.5 66.0
v 92.5 106.0 66.0
v 93.0 106.0 66.5
v 93.0 107.0 44.5
v 93.0 106.5 67.0
v 93.0 106.5 68.0
v 93.0 107.0 68.5
v 92.5 108.0 44.0
v 93.0 108.0 43.5
v 93.0 107.5 44.0
v 93.0 107.5 69.0
v 92.5 108.0 69.0
v 93.0 108.0 69.5
v 93.0 109.0 42.5
v 93.0 108.5 43.0
v 93.0 108.5 70.0
v 92.5 109.0 70.0
v 93.0 109.0 70.5
v 93.0 110.0 42.5
v 92.5 110.0 70.0
v 93.0 110.0 70.5
v 93.0 111.0 41.5
v 93.0 110.5 42.0
v 93.0 110.5 71.0
v 93.0 111.0 71.5
v 93.0 112.0 41.5
v 93.0 111.5 72.0
v 93.0 112.0 72.5
v 93.0 113.0 41.5
v 93.0 112.5 73.0
v 93.0 113.0 73.5
v 93.0 114.0 41.5
v 93.0 113.5 74.0
v 93.0 114.0 74.5
v 93.0 114.5 42.0
v 92.5 115.0 42.0
v 93.0 115.0 42.5
v 93.0 114.5 75.0
v 93.0 115.0 75.5
v 93.0 116.0 42.5
v 92.5 116.0 76.0
v 93.0 116.0 75.5
v 93.0 117.0 42.5
v 93.0 116.5 76.0
v 92.5 117.0 77.0
v 93.0 117.0 76.5
v 92.5 117.0 78.0
v 93.0 118.0 42.5
v 93.0 117.5 77.0
v 93.0 117.5 78.0
v 92.5 118.0 79.0
v 93.0 118.0 78.5
v 92.5 119.0 43.0
v 93.0 119.0 42.5
v 92.5 119.0 79.0
v 93.0 119.0 78.5
v 93.0 119.5 43.0
v 93.0 120.0 43.5
v 93.0 119.5 79.0
v 92.5 120.0 80.0
v 93.0 120.0 79.5
v 92.5 121.0 44.0
v 93.0 121.0 43.5
v 93.0 120.5 80.0
v 93.0 121.0 80.5
v 93.0 121.5 44.0
v 93.0 121.5 45.0
v 92.5 122.0 46.0
v 93.0 122.0 45.5
v 92.5 122.0 48.0
v 93.0 122.0 80.5
v 93.0 122.5 46.0
v 93.0 122.5 47.0
v 93.0 122.5 48.0
v 93.0 123.0 48.5
v 92.5 123.0 81.0
v 93.0 123.0 80.5
v 93.0 123.5 49.0
v 92.5 124.0 49.0
v 93.0 124.0 49.5
v 93.0 123.5 81.0
v 93.0 124.0 81.5
v 93.0 125.0 49.5
v 93.0 125.0 81.5
v 93.0 126.0 49.5
v 93.0 125.5 82.0
v 93.0 126.0 82.5
v 92.5 127.0 49.0
v 93.0 127.0 48.5
v 93.0 126.5 49.0
v 92.5 127.0 50.0
v 93.0 127.0 82.5
v 93.0 127.5 49.0
v 93.0 127.5 50.0
v 93.0 128.0 50.5
v 93.0 128.0 82.5
v 93.0 129.0 50.5
v 92.5 129.0 81.0
v 93.0 128.5 81.0
v 93.0 129.0 80.5
v 93.0 129.0 81.5
v 93.0 129.0 82.5
v 93.0 130.0 50.5
v 92.5 130.0 81.0
v 93.0 130.0 80.5
v 93.0 129.5 82.0
v 92.5 130.0 82.0
v 93.0 131.0 50.5
v 92.5 131.0 81.0
v 93.0 131.0 80.5
v 93.0 132.0 50.5
v 93.0 132.0 80.5
v 93.0 132.5 51.0
v 92.5 133.0 51.0
v 93.0 133.0 51.5
v 93.0 133.0 80.5
v 92.5 134.0 52.0
v 93.0 133.5 52.0
v 93.0 134.0 52.5
v 93.0 134.0 80.5
v 92.5 135.0 52.0
v 93.0 135.0 52.5
v 93.0 135.0 80.5
v 92.5 136.0 53.0
v 93.0 135.5 53.0
v 93.0 136.0 53.5
v 93.0 136.0 80.5
v 93.0 137.0 53.5
v 93.0 137.0 80.5
v 93.0 137.5 54.0
v 93.0 138.0 54.5
v 93.0 138.0 80.5
v 93.0 138.5 55.0
v 93.0 139.0 55.5
v 93.0 139.0 80.5
v 93.0 139.5 56.0
v 92.5 140.0 56.0
v 93.0 140.0 56.5
v 93.0 139.5 80.0
v 93.0 140.0 79.5
v 93.0 141.0 56.5
v 93.0 141.0 79.5
v 93.0 141.5 57.0
v 93.0 142.0 57.5
v 93.0 141.5 79.0
v 93.0 142.0 78.5
v 93.0 142.5 58.0
v 93.0 143.0 58.5
v 92.5 143.0 78.0
v 93.0 142.5 78.0
v 93.0 143.0 77.5
v 93.0 143.5 59.0
v 93.0 144.0 59.5
v 92.5 144.0 67.0
v 92.5 144.0 68.0
v 92.5 144.0 77.0
v 93.0 143.5 77.0
v 93.0 144.0 76.5
v 93.0 144.5 60.0
v 93.0 144.5 61.0
v 92.5 145.0 62.0
v 93.0 145.0 61.5
v 92.5 145.0 63.0
v 93.0 145.0 63.5
v 93.0 144.5 64.0
v 93.0 144.5 65.0
v 93.0 144.5 66.0
v 93.0 144.5 67.0
v 93.0 144.5 68.0
v 93.0 144.5 69.0
v 93.0 145.0 69.5
v 92.5 145.0 77.0
v 93.0 145.0 76.5
v 93.0 145.5 62.0
v 93.0 145.5 63.0
v 93.0 145.5 70.0
v 92.5 146.0 71.0
v 93.0 146.0 70.5
v 92.5 146.0 75.0
v 93.0 145.5 75.0
v 93.0 146.0 74.5
v 92.5 146.0 76.0
v 93.0 145.5 76.0
v 93.0 146.5 71.0
v 93.0 147.0 71.5
v 93.0 147.0 74.5
v 92.5 148.0 71.0
v 93.0 148.0 71.5
v 93.0 148.0 74.5
v 93.0 149.0 70.5
v 93.0 148.5 71.0
v 93.0 149.0 74.5
v 92.5 150.0 70.0
v 93.0 150.0 69.5
v 93.0 149.5 70.0
v 93.0 150.0 74.5
v 93.0 151.0 66.5
v 93.0 150.5 67.0
v 93.0 150.5 68.0
v 93.0 150.5 69.0
v 92.5 151.0 74.0
v 93.0 151.0 74.5
v 93.0 152.0 65.5
v 93.0 151.5 66.0
v 93.0 152.0 74.5
v 93.0 153.0 65.5
v 92.5 153.0 74.0
v 93.0 153.0 74.5
v 93.0 154.0 65.5
v 92.5 154.0 74.0
v 93.0 154.0 74.5
v 93.0 154.5 66.0
v 92.5 155.0 67.0
v 93.0 155.0 66.5
v 92.5 155.0 74.0
v 93.0 155.0 74.5
v 93.0 155.5 67.0
v 93.0 156.0 67.5
v 93.0 155.5 74.0
v 93.0 156.0 73.5
v 93.0 156.5 68.0
v 93.0 156.5 69.0
v 93.0 156.5 70.0
v 92.5 157.0 71.0
v 93.0 157.0 70.5
v 92.5 157.0 73.0
v 93.0 157.0 73.5
v 92.5 158.0 71.0
v 93.0 158.0 70.5
v 92.5 158.0 72.0
v 92.5 158.0 73.0
v 93.0 158.0 73.5
v 92.5 159.0 71.0
v 93.0 159.0 70.5
v 93.0 159.0 71.5
v 93.0 158.5 72.0
v 93.0 158.5 73.0
v 92.5 160.0 71.0
v 93.0 160.0 70.5
v 93.0 160.0 71.5
v 93.0 160.5 71.0
v 93.5 102.0 49.0
v 94.0 102.0 49.5
v 94.0 101.5 50.0
v 94.0 101.5 51.0
v 94.0 101.5 52.0
v 93.5 102.0 53.0
v 94.0 102.0 52.5
v 93.5 103.0 48.0
v 94.0 103.0 48.5
v 94.0 102.5 49.0
v 94.0 102.5 53.0
v 94.0 102.5 54.0
v 94.0 103.0 54.5
v 93.5 104.0 46.0
v 94.0 104.0 46.5
v 94.0 103.5 47.0
v 94.0 103.5 48.0
v 94.0 103.5 55.0
v 94.0 104.0 55.5
v 94.0 105.0 44.5
v 94.0 104.5 45.0
v 94.0 104.5 46.0
v 94.0 104.5 56.0
v 94.0 104.5 57.0
v 93.5 105.0 57.0
v 94.0 105.0 57.5
v 94.0 106.0 44.5
v 94.0 105.5 58.0
v 93.5 106.0 59.0
v 94.0 106.0 58.5
v 94.0 106.0 59.5
v 94.0 105.5 60.0
v 94.0 105.5 61.0
v 94.0 105.5 62.0
v 94.0 105.5 63.0
v 94.0 105.5 64.0
v 94.0 105.5 65.0
v 94.0 105.5 66.0
v 94.0 105.5 67.0
v 93.5 106.0 67.0
v 94.0 106.0 67.5
v 94.0 107.0 44.5
v 94.0 106.5 59.0
v 94.0 106.5 68.0
v 94.0 106.5 69.0
v 93.5 107.0 69.0
v 94.0 107.0 69.5
v 93.5 108.0 43.0
v 94.0 108.0 42.5
v 94.0 107.5 43.0
v 94.0 107.5 44.0
v 94.0 108.0 69.5
v 94.0 109.0 42.5
v 94.0 108.5 70.0
v 94.0 109.0 70.5
v 94.0 110.0 42.5
v 94.0 109.5 71.0
v 93.5 110.0 71.0
v 94.0 110.0 71.5
v 94.0 111.0 41.5
v 94.0 110.5 42.0
v 94.0 111.0 71.5
v 94.0 111.5 42.0
v 93.5 112.0 42.0
v 94.0 112.0 42.5
v 94.0 111.5 72.0
v 94.0 112.0 72.5
v 93.5 113.0 42.0
v 94.0 113.0 42.5
v 93.5 113.0 73.0
v 94.0 113.0 72.5
v 93.5 114.0 42.0
v 94.0 114.0 42.5
v 94.0 113.5 73.0
v 94.0 113.5 74.0
v 94.0 114.0 74.5
v 94.0 115.0 42.5
v 94.0 114.5 75.0
v 94.0 115.0 75.5
v 94.0 116.0 42.5
v 93.5 116.0 75.0
v 94.0 115.5 75.0
v 94.0 116.0 74.5
v 94.0 117.0 42.5
v 94.0 116.5 75.0
v 93.5 117.0 76.0
v 94.0 117.0 75.5
v 94.0 118.0 42.5
v 94.0 117.5 76.0
v 93.5 118.0 77.0
v 94.0 118.0 76.5
v 93.5 118.0 78.0
v 94.0 118.5 43.0
v 93.5 119.0 43.0
v 94.0 119.0 43.5
v 93.5 119.0 77.0
v 94.0 119.0 76.5
v 93.5 119.0 78.0
v 94.0 120.0 43.5
v 94.0 119.5 77.0
v 94.0 120.0 77.5
v 93.5 120.0 78.0
v 93.5 120.0 79.0
v 94.0 120.5 44.0
v 93.5 121.0 44.0
v 93.5 121.0 45.0
v 94.0 120.5 45.0
v 94.0 121.0 45.5
v 94.0 120.5 78.0
v 94.0 121.0 78.5
v 93.5 121.0 79.0
v 93.5 121.0 80.0
v 93.5 122.0 46.0
v 94.0 121.5 46.0
v 94.0 122.0 46.5
v 93.5 122.0 79.0
v 94.0 122.0 78.5
v 93.5 122.0 80.0
v 94.0 122.5 47.0
v 93.5 123.0 48.0
v 94.0 123.0 47.5
v 94.0 122.5 79.0
v 94.0 123.0 79.5
v 93.5 123.0 80.0
v 94.0 123.5 48.0
v 93.5 124.0 49.0
v 94.0 124.0 48.5
v 94.0 123.5 80.0
v 93.5 124.0 81.0
v 94.0 124.0 80.5
v 93.5 125.0 49.0
v 94.0 125.0 48.5
v 93.5 125.0 80.0
v 94.0 124.5 80.0
v 94.0 125.0 79.5
v 93.5 125.0 81.0
v 94.0 125.5 49.0
v 94.0 126.0 49.5
v 94.0 125.5 80.0
v 94.0 126.0 80.5
v 93.5 126.0 81.0
v 93.5 126.0 82.0
v 93.5 127.0 49.0
v 94.0 127.0 49.5
v 93.5 127.0 81.0
v 94.0 127.0 80.5
v 93.5 127.0 82.0
v 94.0 128.0 49.5
v 93.5 128.0 50.0
v 94.0 127.5 81.0
v 94.0 128.0 81.5
v 93.5 128.0 82.0
v 93.5 129.0 50.0
v 94.0 129.0 49.5
v 94.0 128.5 81.0
v 94.0 129.0 80.5
v 93.5 129.0 82.0
v 93.5 130.0 50.0
v 94.0 130.0 49.5
v 94.0 130.0 80.5
v 93.5 131.0 50.0
v 94.0 131.0 49.5
v 94.0 131.0 80.5
v 94.0 131.5 50.0
v 94.0 132.0 50.5
v 94.0 132.0 80.5
v 94.0 132.5 51.0
v 94.0 133.0 51.5
v 94.0 132.5 81.0
v 93.5 133.0 81.0
v 94.0 133.0 81.5
v 94.0 133.5 52.0
v 94.0 134.0 52.5
v 93.5 134.0 81.0
v 94.0 134.0 81.5
v 94.0 135.0 52.5
v 93.5 135.0 81.0
v 94.0 135.0 81.5
v 93.5 136.0 53.0
v 94.0 136.0 52.5
v 93.5 136.0 81.0
v 94.0 136.0 81.5
v 94.0 136.5 53.0
v 94.0 137.0 53.5
v 93.5 137.0 81.0
v 94.0 137.0 81.5
v 94.0 137.5 54.0
v 94.0 138.0 54.5
v 94.0 137.5 81.0
v 94.0 138.0 80.5
v 94.0 138.5 55.0
v 94.0 139.0 55.5
v 94.0 139.0 80.5
v 94.0 139.5 56.0
v 94.0 140.0 56.5
v 94.0 139.5 80.0
v 94.0 140.0 79.5
v 94.0 141.0 56.5
v 94.0 141.0 79.5
v 94.0 141.5 57.0
v 94.0 142.0 57.5
v 94.0 141.5 79.0
v 94.0 142.0 78.5
v 94.0 142.5 58.0
v 94.0 143.0 58.5
v 94.0 142.5 78.0
v 94.0 143.0 77.5
v 94.0 143.5 59.0
v 94.0 144.0 59.5
v 93.5 144.0 76.0
v 94.0 143.5 76.0
v 94.0 144.0 75.5
v 94.0 143.5 77.0
v 94.0 144.5 60.0
v 94.0 144.5 61.0
v 94.0 145.0 61.5
v 93.5 145.0 64.0
v 93.5 145.0 65.0
v 94.0 145.0 65.5
v 94.0 144.5 66.0
v 94.0 144.5 67.0
v 94.0 144.5 68.0
v 94.0 144.5 69.0
v 93.5 145.0 70.0
v 94.0 144.5 70.0
v 94.0 145.0 70.5
v 94.0 144.5 76.0
v 94.0 145.0 76.5
v 94.0 145.5 62.0
v 94.0 145.5 63.0
v 94.0 145.5 64.0
v 94.0 145.5 65.0
v 94.0 146.0 70.5
v 94.0 145.5 75.0
v 94.0 146.0 74.5
v 94.0 145.5 76.0
v 94.0 146.5 71.0
v 94.0 147.0 71.5
v 94.0 147.0 74.5
v 94.0 148.0 71.5
v 94.0 148.0 74.5
v 93.5 149.0 71.0
v 94.0 149.0 71.5
v 94.0 149.0 74.5
v 93.5 150.0 68.0
v 94.0 150.0 67.5
v 94.0 149.5 68.0
v 94.0 149.5 69.0
v 93.5 150.0 69.0
v 94.0 149.5 70.0
v 94.0 149.5 71.0
v 94.0 150.0 74.5
v 94.0 151.0 66.5
v 94.0 150.5 67.0
v 94.0 151.0 74.5
v 94.0 152.0 65.5
v 94.0 151.5 66.0
v 94.0 152.0 74.5
v 94.0 153.0 65.5
v 94.0 153.0 74.5
v 94.0 153.5 66.0
v 93.5 154.0 66.0
v 94.0 154.0 66.5
v 94.0 154.0 74.5
v 94.0 155.0 66.5
v 93.5 155.0 74.0
v 94.0 154.5 74.0
v 94.0 155.0 73.5
v 94.0 155.5 67.0
v 93.5 156.0 68.0
v 94.0 155.5 68.0
v 94.0 156.0 68.5
v 94.0 156.0 73.5
v 94.0 156.5 69.0
v 94.0 156.5 70.0
v 94.0 157.0 70.5
v 94.0 157.0 73.5
v 94.0 158.0 70.5
v 93.5 158.0 73.0
v 94.0 157.5 73.0
v 94.0 158.0 72.5
v 94.0 158.5 71.0
v 93.5 159.0 71.0
v 94.0 158.5 72.0
v 94.0 160.0 70.5
v 94.0 159.5 71.0
v 94.0 160.0 71.5
v 94.0 160.5 71.0
v 94.5 102.0 50.0
v 95.0 102.0 50.5
v 95.0 101.5 51.0
v 94.5 102.0 52.0
v 95.0 102.0 51.5
v 94.5 103.0 49.0
v 95.0 103.0 49.5
v 95.0 102.5 50.0
v 95.0 102.5 52.0
v 95.0 102.5 53.0
v 95.0 102.5 54.0
v 95.0 103.0 54.5
v 94.5 104.0 47.0
v 94.5 104.0 48.0
v 95.0 104.0 48.5
v 95.0 103.5 49.0
v 95.0 103.5 55.0
v 95.0 104.0 55.5
v 94.5 105.0 45.0
v 95.0 105.0 45.5
v 95.0 104.5 46.0
v 95.0 104.5 47.0
v 95.0 104.5 48.0
v 95.0 104.5 56.0
v 95.0 104.5 57.0
v 95.0 105.0 57.5
v 95.0 106.0 44.5
v 95.0 105.5 45.0
v 95.0 105.5 58.0
v 95.0 105.5 59.0
v 94.5 106.0 59.0
v 95.0 106.0 59.5
v 94.5 106.0 60.0
v 94.5 106.0 61.0
v 94.5 106.0 62.0
v 94.5 106.0 63.0
v 95.0 106.0 63.5
v 95.0 105.5 64.0
v 95.0 105.5 65.0
v 95.0 105.5 66.0
v 95.0 105.5 67.0
v 95.0 106.0 67.5
v 94.5 107.0 44.0
v 95.0 107.0 43.5
v 95.0 106.5 44.0
v 95.0 106.5 60.0
v 95.0 106.5 61.0
v 95.0 106.5 62.0
v 95.0 106.5 63.0
v 95.0 106.5 68.0
v 95.0 106.5 69.0
v 95.0 107.0 69.5
v 95.0 108.0 42.5
v 95.0 107.5 43.0
v 95.0 107.5 70.0
v 94.5 108.0 70.0
v 95.0 108.0 70.5
v 95.0 109.0 42.5
v 95.0 109.0 70.5
v 95.0 110.0 42.5
v 95.0 109.5 71.0
v 95.0 110.0 71.5
v 94.5 111.0 42.0
v 95.0 111.0 42.5
v 95.0 111.0 71.5
v 95.0 112.0 42.5
v 95.0 111.5 72.0
v 95.0 112.0 72.5
v 95.0 113.0 42.5
v 95.0 113.0 72.5
v 95.0 114.0 42.5
v 95.0 113.5 73.0
v 94.5 114.0 74.0
v 95.0 114.0 73.5
v 95.0 115.0 42.5
v 95.0 114.5 74.0
v 94.5 115.0 75.0
v 95.0 115.0 74.5
v 95.0 115.5 43.0
v 94.5 116.0 43.0
v 95.0 116.0 43.5
v 94.5 116.0 74.0
v 95.0 115.5 74.0
v 95.0 116.0 73.5
v 94.5 117.0 43.0
v 95.0 117.0 43.5
v 95.0 116.5 74.0
v 94.5 117.0 75.0
v 95.0 117.0 74.5
v 94.5 118.0 43.0
v 95.0 118.0 43.5
v 95.0 117.5 75.0
v 94.5 118.0 76.0
v 95.0 118.0 75.5
v 94.5 119.0 44.0
v 95.0 118.5 44.0
v 95.0 119.0 44.5
v 95.0 118.5 76.0
v 95.0 119.0 76.5
v 94.5 120.0 44.0
v 95.0 119.5 45.0
v 94.5 120.0 45.0
v 95.0 120.0 45.5
v 95.0 119.5 77.0
v 95.0 120.0 77.5
v 94.5 121.0 46.0
v 95.0 120.5 46.0
v 95.0 121.0 46.5
v 94.5 121.0 78.0
v 95.0 121.0 77.5
v 95.0 122.0 46.5
v 94.5 122.0 78.0
v 95.0 122.0 77.5
v 95.0 122.5 47.0
v 94.5 123.0 48.0
v 95.0 122.5 48.0
v 95.0 123.0 48.5
v 95.0 122.5 78.0
v 94.5 123.0 79.0
v 95.0 123.0 78.5
v 95.0 124.0 48.5
v 95.0 123.5 79.0
v 94.5 124.0 80.0
v 95.0 124.0 79.5
v 95.0 125.0 48.5
v 95.0 125.0 79.5
v 94.5 126.0 49.0
v 95.0 126.0 48.5
v 94.5 126.0 80.0
v 95.0 126.0 79.5
v 94.5 127.0 49.0
v 95.0 127.0 48.5
v 94.5 127.0 80.0
v 95.0 127.0 79.5
v 94.5 128.0 49.0
v 95.0 128.0 48.5
v 94.5 128.0 80.0
v 95.0 128.0 79.5
v 94.5 128.0 81.0
v 95.0 128.5 49.0
v 95.0 129.0 49.5
v 95.0 128.5 80.0
v 95.0 129.0 80.5
v 95.0 130.0 49.5
v 95.0 130.0 80.5
v 95.0 131.0 49.5
v 95.0 131.0 80.5
v 94.5 132.0 50.0
v 95.0 132.0 49.5
v 95.0 131.5 81.0
v 94.5 132.0 81.0
v 95.0 132.0 81.5
v 94.5 133.0 50.0
v 95.0 133.0 49.5
v 94.5 133.0 51.0
v 95.0 133.0 81.5
v 95.0 133.5 50.0
v 94.5 134.0 51.0
v 95.0 134.0 50.5
v 94.5 134.0 52.0
v 95.0 134.0 81.5
v 95.0 134.5 51.0
v 94.5 135.0 52.0
v 95.0 135.0 51.5
v 95.0 135.0 81.5
v 95.0 135.5 52.0
v 95.0 136.0 52.5
v 95.0 136.0 81.5
v 95.0 136.5 53.0
v 95.0 137.0 53.5
v 94.5 137.0 81.0
v 95.0 136.5 81.0
v 95.0 137.0 80.5
v 95.0 137.5 54.0
v 95.0 138.0 54.5
v 95.0 138.0 80.5
v 95.0 138.5 55.0
v 94.5 139.0 56.0
v 95.0 138.5 56.0
v 95.0 139.0 56.5
v 94.5 139.0 80.0
v 95.0 138.5 80.0
v 95.0 139.0 79.5
v 95.0 140.0 56.5
v 94.5 140.0 79.0
v 95.0 139.5 79.0
v 95.0 140.0 78.5
v 95.0 141.0 56.5
v 94.5 141.0 79.0
v 95.0 141.0 78.5
v 95.0 141.5 57.0
v 95.0 142.0 57.5
v 95.0 142.0 78.5
v 95.0 142.5 58.0
v 95.0 143.0 58.5
v 94.5 143.0 77.0
v 95.0 142.5 77.0
v 95.0 143.0 76.5
v 95.0 142.5 78.0
v 95.0 143.5 59.0
v 94.5 144.0 60.0
v 95.0 143.5 60.0
v 95.0 144.0 60.5
v 95.0 143.5 76.0
v 95.0 144.0 75.5
v 95.0 144.5 61.0
v 94.5 145.0 62.0
v 95.0 144.5 62.0
v 95.0 145.0 62.5
v 94.5 145.0 66.0
v 94.5 145.0 67.0
v 94.5 145.0 68.0
v 95.0 145.0 68.5
v 95.0 144.5 69.0
v 94.5 145.0 70.0
v 95.0 145.0 69.5
v 95.0 144.5 76.0
v 95.0 145.0 76.5
v 95.0 145.5 63.0
v 95.0 145.5 64.0
v 95.0 145.5 65.0
v 95.0 145.5 66.0
v 95.0 145.5 67.0
v 95.0 145.5 68.0
v 95.0 145.5 70.0
v 95.0 146.0 70.5
v 95.0 145.5 75.0
v 95.0 146.0 74.5
v 95.0 145.5 76.0
v 95.0 146.5 71.0
v 95.0 147.0 71.5
v 95.0 147.0 74.5
v 95.0 148.0 71.5
v 95.0 148.0 74.5
v 95.0 149.0 71.5
v 95.0 149.0 74.5
v 94.5 150.0 67.0
v 95.0 150.0 66.5
v 95.0 149.5 67.0
v 95.0 149.5 68.0
v 95.0 149.5 69.0
v 95.0 149.5 70.0
v 95.0 149.5 71.0
v 95.0 150.0 74.5
v 95.0 151.0 66.5
v 95.0 151.0 74.5
v 95.0 152.0 65.5
v 95.0 151.5 66.0
v 95.0 152.0 74.5
v 95.0 153.0 65.5
v 95.0 153.0 74.5
v 95.0 153.5 66.0
v 95.0 154.0 66.5
v 95.0 154.0 74.5
v 95.0 154.5 67.0
v 94.5 155.0 67.0
v 95.0 155.0 67.5
v 95.0 154.5 74.0
v 95.0 155.0 73.5
v 95.0 155.5 68.0
v 95.0 156.0 68.5
v 95.0 156.0 73.5
v 95.0 156.5 69.0
v 95.0 156.5 70.0
v 95.0 157.0 70.5
v 94.5 157.0 73.0
v 95.0 156.5 73.0
v 95.0 157.0 72.5
v 95.0 157.5 71.0
v 94.5 158.0 71.0
v 94.5 158.0 72.0
v 95.0 157.5 72.0
v 94.5 160.0 71.0
v 95.5 102.0 51.0
v 95.5 103.0 50.0
v 96.0 103.0 50.5
v 96.0 102.5 51.0
v 96.0 102.5 52.0
v 95.5 103.0 53.0
v 96.0 103.0 52.5
v 95.5 103.0 54.0
v 96.0 104.0 48.5
v 96.0 103.5 49.0
v 96.0 103.5 50.0
v 96.0 103.5 53.0
v 96.0 103.5 54.0
v 96.0 103.5 55.0
v 96.0 104.0 55.5
v 95.5 105.0 46.0
v 96.0 105.0 46.5
v 96.0 104.5 47.0
v 96.0 104.5 48.0
v 96.0 104.5 56.0
v 96.0 104.5 57.0
v 96.0 104.5 58.0
v 95.5 105.0 58.0
v 96.0 105.0 58.5
v 95.5 106.0 45.0
v 96.0 106.0 45.5
v 96.0 105.5 46.0
v 96.0 105.5 59.0
v 96.0 105.5 60.0
v 95.5 106.0 60.0
v 96.0 106.0 60.5
v 95.5 106.0 64.0
v 96.0 106.0 64.5
v 96.0 105.5 65.0
v 96.0 105.5 66.0
v 95.5 106.0 67.0
v 96.0 106.0 66.5
v 96.0 107.0 43.5
v 96.0 106.5 44.0
v 96.0 106.5 45.0
v 96.0 106.5 61.0
v 96.0 106.5 62.0
v 95.5 107.0 63.0
v 96.0 107.0 62.5
v 95.5 107.0 64.0
v 96.0 107.0 64.5
v 96.0 106.5 67.0
v 96.0 106.5 68.0
v 95.5 107.0 69.0
v 96.0 107.0 68.5
v 95.5 108.0 43.0
v 96.0 108.0 43.5
v 96.0 107.5 63.0
v 96.0 107.5 64.0
v 96.0 107.5 69.0
v 96.0 107.5 70.0
v 96.0 108.0 70.5
v 95.5 109.0 43.0
v 96.0 109.0 43.5
v 96.0 109.0 70.5
v 95.5 110.0 43.0
v 96.0 110.0 43.5
v 95.5 110.0 71.0
v 96.0 110.0 70.5
v 96.0 111.0 42.5
v 96.0 110.5 43.0
v 96.0 110.5 71.0
v 96.0 111.0 71.5
v 96.0 112.0 42.5
v 95.5 112.0 72.0
v 96.0 112.0 71.5
v 96.0 113.0 42.5
v 96.0 112.5 72.0
v 96.0 113.0 72.5
v 96.0 114.0 42.5
v 95.5 114.0 73.0
v 96.0 114.0 72.5
v 96.0 114.5 43.0
v 95.5 115.0 43.0
v 96.0 115.0 43.5
v 96.0 114.5 73.0
v 95.5 115.0 74.0
v 96.0 115.0 73.5
v 96.0 116.0 43.5
v 96.0 116.0 73.5
v 96.0 116.5 44.0
v 95.5 117.0 44.0
v 96.0 117.0 44.5
v 95.5 117.0 74.0
v 96.0 117.0 73.5
v 95.5 118.0 44.0
v 96.0 117.5 45.0
v 95.5 118.0 45.0
v 96.0 118.0 45.5
v 96.0 117.5 74.0
v 95.5 118.0 75.0
v 96.0 118.0 74.5
v 95.5 119.0 45.0
v 96.0 118.5 46.0
v 95.5 119.0 46.0
v 96.0 119.0 46.5
v 96.0 118.5 75.0
v 95.5 119.0 76.0
v 96.0 119.0 75.5
v 95.5 120.0 46.0
v 96.0 120.0 46.5
v 96.0 119.5 76.0
v 95.5 120.0 77.0
v 96.0 120.0 76.5
v 95.5 121.0 47.0
v 96.0 120.5 47.0
v 95.5 121.0 48.0
v 96.0 120.5 48.0
v 96.0 121.0 48.5
v 96.0 120.5 77.0
v 96.0 121.0 77.5
v 95.5 122.0 47.0
v 95.5 122.0 48.0
v 96.0 122.0 48.5
v 96.0 122.0 77.5
v 96.0 123.0 48.5
v 96.0 122.5 78.0
v 96.0 123.0 78.5
v 96.0 124.0 48.5
v 95.5 124.0 79.0
v 96.0 124.0 78.5
v 96.0 125.0 48.5
v 95.5 125.0 79.0
v 96.0 125.0 78.5
v 96.0 126.0 48.5
v 96.0 125.5 79.0
v 96.0 126.0 79.5
v 96.0 127.0 48.5
v 96.0 127.0 79.5
v 96.0 127.5 49.0
v 95.5 128.0 49.0
v 96.0 128.0 49.5
v 96.0 128.0 79.5
v 96.0 129.0 49.5
v 95.5 129.0 80.0
v 96.0 129.0 79.5
v 96.0 130.0 49.5
v 96.0 129.5 80.0
v 96.0 130.0 80.5
v 96.0 131.0 49.5
v 96.0 131.0 80.5
v 96.0 132.0 49.5
v 96.0 131.5 81.0
v 96.0 132.0 81.5
v 96.0 133.0 49.5
v 95.5 133.0 81.0
v 96.0 132.5 81.0
v 96.0 133.0 80.5
v 96.0 133.5 50.0
v 96.0 134.0 50.5
v 95.5 134.0 81.0
v 96.0 134.0 80.5
v 95.5 135.0 51.0
v 96.0 135.0 50.5
v 95.5 135.0 81.0
v 96.0 135.0 80.5
v 96.0 135.5 51.0
v 95.5 136.0 52.0
v 96.0 136.0 51.5
v 95.5 136.0 81.0
v 96.0 136.0 80.5
v 96.0 136.5 52.0
v 95.5 137.0 53.0
v 96.0 137.0 52.5
v 96.0 137.0 80.5
v 95.5 138.0 53.0
v 96.0 138.0 52.5
v 95.5 138.0 54.0
v 96.0 138.0 80.5
v 96.0 138.5 53.0
v 96.0 138.5 54.0
v 96.0 138.5 55.0
v 95.5 139.0 56.0
v 96.0 139.0 55.5
v 96.0 138.5 80.0
v 96.0 139.0 79.5
v 96.0 139.5 56.0
v 96.0 140.0 56.5
v 95.5 140.0 79.0
v 96.0 140.0 79.5
v 96.0 141.0 56.5
v 95.5 141.0 79.0
v 96.0 141.0 79.5
v 96.0 141.5 57.0
v 96.0 142.0 57.5
v 95.5 142.0 77.0
v 96.0 141.5 77.0
v 96.0 142.0 76.5
v 95.5 142.0 78.0
v 96.0 141.5 78.0
v 96.0 141.5 79.0
v 95.5 143.0 58.0
v 96.0 143.0 57.5
v 96.0 143.0 76.5
v 96.0 143.5 58.0
v 96.0 143.5 59.0
v 96.0 143.5 60.0
v 96.0 144.0 60.5
v 95.5 144.0 75.0
v 96.0 143.5 75.0
v 96.0 144.0 74.5
v 96.0 143.5 76.0
v 96.0 144.5 61.0
v 96.0 144.5 62.0
v 96.0 145.0 62.5
v 95.5 145.0 64.0
v 96.0 144.5 64.0
v 96.0 145.0 63.5
v 96.0 145.0 64.5
v 95.5 145.0 69.0
v 95.5 145.0 75.0
v 96.0 145.0 74.5
v 95.5 145.0 76.0
v 96.0 145.5 63.0
v 96.0 145.5 65.0
v 96.0 145.5 66.0
v 96.0 145.5 67.0
v 96.0 145.5 68.0
v 96.0 145.5 69.0
v 96.0 145.5 70.0
v 96.0 146.0 70.5
v 96.0 146.0 74.5
v 96.0 146.5 71.0
v 96.0 147.0 71.5
v 96.0 147.0 74.5
v 96.0 147.5 72.0
v 95.5 148.0 72.0
v 96.0 148.0 72.5
v 96.0 148.0 74.5
v 95.5 149.0 70.0
v 96.0 149.0 69.5
v 96.0 148.5 70.0
v 96.0 149.0 70.5
v 95.5 149.0 72.0
v 96.0 149.0 72.5
v 96.0 149.0 74.5
v 95.5 150.0 67.0
v 96.0 150.0 67.5
v 96.0 149.5 68.0
v 96.0 149.5 69.0
v 96.0 149.5 71.0
v 95.5 150.0 72.0
v 96.0 150.0 71.5
v 96.0 149.5 73.0
v 95.5 150.0 73.0
v 95.5 150.0 74.0
v 96.0 149.5 74.0
v 96.0 151.0 66.5
v 96.0 150.5 67.0
v 96.0 150.5 72.0
v 96.0 150.5 73.0
v 96.0 151.0 73.5
v 95.5 151.0 74.0
v 95.5 152.0 66.0
v 96.0 152.0 66.5
v 95.5 152.0 74.0
v 96.0 152.0 73.5
v 95.5 153.0 66.0
v 96.0 153.0 66.5
v 95.5 153.0 74.0
v 96.0 153.0 73.5
v 95.5 154.0 67.0
v 96.0 153.5 67.0
v 96.0 154.0 67.5
v 95.5 154.0 74.0
v 96.0 154.0 73.5
v 95.5 155.0 68.0
v 96.0 154.5 68.0
v 96.0 155.0 68.5
v 96.0 155.0 73.5
v 95.5 156.0 69.0
v 96.0 155.5 69.0
v 96.0 156.0 69.5
v 96.0 156.0 73.5
v 96.0 156.5 70.0
v 96.0 157.0 70.5
v 96.0 156.5 73.0
v 96.0 157.0 72.5
v 96.0 157.5 71.0
v 96.0 157.5 72.0
v 97.0 103.0 50.5
v 97.0 102.5 51.0
v 97.0 102.5 52.0
v 97.0 102.5 53.0
v 96.5 103.0 53.0
v 97.0 102.5 54.0
v 96.5 103.0 54.0
v 97.0 103.0 54.5
v 97.0 104.0 48.5
v 97.0 103.5 49.0
v 97.0 103.5 50.0
v 97.0 103.5 55.0
v 97.0 103.5 56.0
v 96.5 104.0 56.0
v 97.0 104.0 56.5
v 96.5 105.0 47.0
v 97.0 105.0 47.5
v 97.0 104.5 48.0
v 97.0 104.5 57.0
v 97.0 104.5 58.0
v 97.0 104.5 59.0
v 96.5 105.0 59.0
v 97.0 105.0 59.5
v 96.5 106.0 45.0
v 97.0 106.0 44.5
v 97.0 105.5 45.0
v 97.0 106.0 45.5
v 96.5 106.0 46.0
v 97.0 106.0 46.5
v 97.0 105.5 47.0
v 97.0 105.5 60.0
v 97.0 105.5 61.0
v 96.5 106.0 61.0
v 97.0 106.0 61.5
v 96.5 106.0 65.0
v 96.5 106.0 66.0
v 97.0 107.0 43.5
v 97.0 106.5 44.0
v 97.0 106.5 46.0
v 97.0 106.5 62.0
v 97.0 106.5 63.0
v 96.5 107.0 63.0
v 97.0 107.0 63.5
v 96.5 107.0 65.0
v 96.5 107.0 66.0
v 96.5 107.0 67.0
v 96.5 107.0 68.0
v 97.0 108.0 43.5
v 97.0 108.0 63.5
v 96.5 108.0 64.0
v 96.5 108.0 65.0
v 97.0 108.0 65.5
v 97.0 107.5 66.0
v 97.0 107.5 67.0
v 97.0 108.0 67.5
v 96.5 108.0 68.0
v 96.5 108.0 69.0
v 96.5 108.0 70.0
v 97.0 109.0 43.5
v 97.0 108.5 64.0
v 97.0 108.5 65.0
v 97.0 108.5 68.0
v 97.0 109.0 68.5
v 96.5 109.0 69.0
v 96.5 109.0 70.0
v 97.0 110.0 43.5
v 97.0 109.5 69.0
v 97.0 110.0 69.5
v 96.5 110.0 70.0
v 96.5 111.0 43.0
v 97.0 111.0 43.5
v 97.0 110.5 70.0
v 96.5 111.0 71.0
v 97.0 111.0 70.5
v 96.5 112.0 43.0
v 97.0 112.0 43.5
v 96.5 112.0 71.0
v 97.0 112.0 70.5
v 96.5 113.0 43.0
v 97.0 113.0 43.5
v 97.0 112.5 71.0
v 96.5 113.0 72.0
v 97.0 113.0 71.5
v 96.5 114.0 43.0
v 97.0 114.0 43.5
v 97.0 113.5 72.0
v 97.0 114.0 72.5
v 96.5 115.0 44.0
v 97.0 114.5 44.0
v 97.0 115.0 44.5
v 96.5 115.0 73.0
v 97.0 115.0 72.5
v 96.5 116.0 44.0
v 97.0 116.0 44.5
v 96.5 116.0 73.0
v 97.0 116.0 72.5
v 96.5 117.0 45.0
v 97.0 116.5 45.0
v 97.0 117.0 45.5
v 97.0 116.5 73.0
v 97.0 117.0 73.5
v 96.5 118.0 46.0
v 97.0 117.5 46.0
v 97.0 118.0 46.5
v 96.5 118.0 74.0
v 97.0 118.0 73.5
v 96.5 119.0 47.0
v 97.0 118.5 47.0
v 96.5 119.0 48.0
v 97.0 118.5 48.0
v 97.0 119.0 48.5
v 97.0 118.5 74.0
v 96.5 119.0 75.0
v 97.0 119.0 74.5
v 96.5 120.0 47.0
v 96.5 120.0 48.0
v 97.0 120.0 48.5
v 97.0 119.5 75.0
v 96.5 120.0 76.0
v 97.0 120.0 75.5
v 97.0 121.0 48.5
v 97.0 120.5 76.0
v 97.0 120.5 77.0
v 97.0 121.0 77.5
v 97.0 122.0 48.5
v 97.0 122.0 77.5
v 97.0 123.0 48.5
v 97.0 122.5 78.0
v 97.0 123.0 78.5
v 97.0 123.5 49.0
v 96.5 124.0 49.0
v 97.0 124.0 49.5
v 97.0 124.0 78.5
v 96.5 125.0 49.0
v 97.0 125.0 49.5
v 97.0 125.0 78.5
v 96.5 126.0 49.0
v 97.0 126.0 49.5
v 96.5 126.0 79.0
v 97.0 126.0 78.5
v 96.5 127.0 49.0
v 97.0 127.0 49.5
v 96.5 127.0 79.0
v 97.0 127.0 78.5
v 97.0 128.0 49.5
v 97.0 127.5 79.0
v 97.0 128.0 79.5
v 97.0 129.0 49.5
v 97.0 129.0 79.5
v 97.0 130.0 49.5
v 96.5 130.0 80.0
v 97.0 130.0 79.5
v 97.0 131.0 49.5
v 97.0 130.5 80.0
v 97.0 131.0 80.5
v 97.0 132.0 49.5
v 96.5 132.0 81.0
v 97.0 132.0 80.5
v 97.0 132.5 50.0
v 96.5 133.0 50.0
v 97.0 133.0 50.5
v 97.0 133.0 80.5
v 97.0 134.0 50.5
v 97.0 134.0 80.5
v 97.0 135.0 50.5
v 97.0 135.0 80.5
v 97.0 135.5 51.0
v 97.0 136.0 51.5
v 97.0 136.0 80.5
v 97.0 136.5 52.0
v 97.0 137.0 52.5
v 97.0 137.0 80.5
v 97.0 137.5 53.0
v 96.5 138.0 53.0
v 97.0 138.0 53.5
v 97.0 138.0 80.5
v 97.0 138.5 54.0
v 96.5 139.0 55.0
v 97.0 139.0 54.5
v 96.5 139.0 79.0
v 97.0 138.5 79.0
v 97.0 139.0 78.5
v 97.0 138.5 80.0
v 97.0 139.5 55.0
v 96.5 140.0 56.0
v 97.0 140.0 55.5
v 96.5 140.0 79.0
v 97.0 140.0 78.5
v 97.0 140.5 56.0
v 97.0 141.0 56.5
v 96.5 141.0 77.0
v 97.0 140.5 77.0
v 97.0 141.0 76.5
v 96.5 141.0 78.0
v 97.0 140.5 78.0
v 96.5 141.0 79.0
v 97.0 141.5 57.0
v 97.0 142.0 57.5
v 97.0 142.0 76.5
v 97.0 143.0 57.5
v 97.0 143.0 76.5
v 97.0 143.5 58.0
v 96.5 144.0 59.0
v 97.0 144.0 58.5
v 96.5 144.0 60.0
v 96.5 144.0 75.0
v 97.0 144.0 75.5
v 97.0 143.5 76.0
v 97.0 144.5 59.0
v 96.5 145.0 60.0
v 97.0 145.0 59.5
v 96.5 145.0 61.0
v 96.5 145.0 62.0
v 96.5 145.0 64.0
v 96.5 145.0 75.0
v 97.0 145.0 75.5
v 97.0 145.5 60.0
v 97.0 145.5 61.0
v 97.0 145.5 62.0
v 97.0 145.5 63.0
v 96.5 146.0 64.0
v 97.0 146.0 63.5
v 96.5 146.0 65.0
v 96.5 146.0 66.0
v 96.5 146.0 67.0
v 96.5 146.0 68.0
v 96.5 146.0 69.0
v 96.5 146.0 70.0
v 97.0 145.5 75.0
v 97.0 146.0 74.5
v 97.0 146.5 64.0
v 97.0 146.5 65.0
v 97.0 146.5 66.0
v 97.0 146.5 67.0
v 97.0 146.5 68.0
v 97.0 146.5 69.0
v 97.0 146.5 70.0
v 96.5 147.0 71.0
v 97.0 147.0 70.5
v 97.0 147.0 74.5
v 97.0 147.5 71.0
v 97.0 147.5 72.0
v 97.0 148.0 72.5
v 97.0 148.0 74.5
v 96.5 149.0 70.0
v 97.0 149.0 72.5
v 97.0 149.0 74.5
v 96.5 150.0 68.0
v 97.0 150.0 68.5
v 97.0 149.5 69.0
v 97.0 149.5 70.0
v 97.0 149.5 71.0
v 97.0 150.0 71.5
v 97.0 149.5 73.0
v 97.0 149.5 74.0
v 97.0 151.0 66.5
v 97.0 150.5 67.0
v 97.0 150.5 68.0
v 97.0 150.5 72.0
v 97.0 150.5 73.0
v 97.0 151.0 73.5
v 97.0 151.5 67.0
v 96.5 152.0 67.0
v 97.0 152.0 67.5
v 97.0 152.0 73.5
v 96.5 153.0 67.0
v 97.0 153.0 67.5
v 97.0 153.0 73.5
v 97.0 154.0 67.5
v 97.0 154.0 73.5
v 97.0 154.5 68.0
v 96.5 155.0 69.0
v 97.0 154.5 69.0
v 97.0 155.0 69.5
v 97.0 154.5 74.0
v 96.5 155.0 74.0
v 97.0 155.0 74.5
v 96.5 156.0 70.0
v 97.0 155.5 70.0
v 97.0 156.0 70.5
v 97.0 155.5 74.0
v 97.0 156.0 73.5
v 96.5 157.0 71.0
v 97.0 156.5 71.0
v 96.5 157.0 72.0
v 97.0 156.5 72.0
v 97.0 156.5 73.0
v 98.0 103.0 50.5
v 98.0 102.5 51.0
v 98.0 102.5 52.0
v 98.0 102.5 53.0
v 98.0 102.5 54.0
v 98.0 102.5 55.0
v 97.5 103.0 55.0
v 98.0 103.0 55.5
v 98.0 104.0 48.5
v 98.0 103.5 49.0
v 98.0 103.5 50.0
v 98.0 103.5 56.0
v 98.0 103.5 57.0
v 97.5 104.0 57.0
v 98.0 104.0 57.5
v 97.5 105.0 45.0
v 98.0 105.0 44.5
v 98.0 104.5 45.0
v 98.0 105.0 45.5
v 98.0 105.0 47.5
v 98.0 104.5 48.0
v 98.0 104.5 58.0
v 98.0 104.5 59.0
v 98.0 105.0 59.5
v 98.0 106.0 44.5
v 98.0 106.0 45.5
v 98.0 106.0 46.5
v 98.0 105.5 47.0
v 98.0 105.5 60.0
v 98.0 105.5 61.0
v 98.0 105.5 62.0
v 97.5 106.0 62.0
v 98.0 106.0 62.5
v 97.5 107.0 44.0
v 98.0 106.5 45.0
v 97.5 107.0 45.0
v 97.5 106.5 45.5
v 98.0 106.5 46.0
v 98.0 107.0 45.5
v 98.0 106.5 63.0
v 98.0 107.0 63.5
v 97.5 108.0 44.0
v 97.5 108.0 45.0
v 98.0 108.0 45.5
v 98.0 107.5 64.0
v 97.5 108.0 64.0
v 98.0 108.0 64.5
v 97.5 108.0 66.0
v 97.5 108.0 67.0
v 98.0 109.0 43.5
v 98.0 108.5 44.0
v 98.0 108.5 45.0
v 98.0 108.5 65.0
v 97.5 109.0 66.0
v 98.0 109.0 65.5
v 97.5 109.0 67.0
v 97.5 109.0 68.0
v 98.0 110.0 43.5
v 98.0 109.5 66.0
v 98.0 109.5 67.0
v 98.0 109.5 68.0
v 97.5 110.0 69.0
v 98.0 110.0 68.5
v 98.0 111.0 43.5
v 98.0 110.5 69.0
v 98.0 110.5 70.0
v 98.0 111.0 70.5
v 98.0 112.0 43.5
v 98.0 111.5 71.0
v 97.5 112.0 71.0
v 98.0 112.0 71.5
v 98.0 113.0 43.5
v 98.0 113.0 71.5
v 98.0 114.0 43.5
v 98.0 113.5 72.0
v 98.0 114.0 72.5
v 98.0 114.5 44.0
v 97.5 115.0 45.0
v 98.0 114.5 45.0
v 98.0 115.0 45.5
v 98.0 115.0 72.5
v 97.5 116.0 45.0
v 98.0 116.0 45.5
v 98.0 116.0 72.5
v 97.5 117.0 46.0
v 98.0 116.5 46.0
v 98.0 117.0 46.5
v 97.5 117.0 73.0
v 98.0 117.0 72.5
v 97.5 118.0 47.0
v 98.0 117.5 47.0
v 97.5 118.0 48.0
v 98.0 117.5 48.0
v 98.0 118.0 48.5
v 98.0 117.5 73.0
v 98.0 118.0 73.5
v 98.0 119.0 48.5
v 97.5 119.0 74.0
v 98.0 119.0 73.5
v 98.0 119.5 49.0
v 97.5 120.0 49.0
v 98.0 120.0 49.5
v 97.5 120.0 74.0
v 98.0 120.0 73.5
v 97.5 120.0 75.0
v 97.5 121.0 49.0
v 98.0 121.0 49.5
v 98.0 120.5 74.0
v 98.0 120.5 75.0
v 98.0 120.5 76.0
v 97.5 121.0 77.0
v 98.0 121.0 76.5
v 97.5 122.0 49.0
v 98.0 122.0 49.5
v 98.0 121.5 77.0
v 98.0 122.0 77.5
v 97.5 123.0 49.0
v 98.0 123.0 49.5
v 98.0 122.5 78.0
v 98.0 123.0 78.5
v 98.0 124.0 49.5
v 97.5 124.0 78.0
v 98.0 123.5 78.0
v 98.0 124.0 77.5
v 98.0 125.0 49.5
v 98.0 124.5 78.0
v 98.0 125.0 78.5
v 98.0 126.0 49.5
v 98.0 126.0 78.5
v 98.0 127.0 49.5
v 98.0 127.0 78.5
v 98.0 127.5 50.0
v 97.5 128.0 50.0
v 98.0 128.0 50.5
v 98.0 127.5 79.0
v 98.0 128.0 79.5
v 98.0 129.0 49.5
v 98.0 128.5 50.0
v 98.0 129.0 79.5
v 98.0 130.0 49.5
v 98.0 130.0 79.5
v 98.0 131.0 49.5
v 98.0 130.5 80.0
v 98.0 131.0 80.5
v 98.0 132.0 49.5
v 98.0 132.0 80.5
v 98.0 132.5 50.0
v 98.0 133.0 50.5
v 98.0 133.0 80.5
v 98.0 134.0 50.5
v 98.0 134.0 80.5
v 98.0 134.5 51.0
v 97.5 135.0 51.0
v 98.0 135.0 51.5
v 98.0 135.0 80.5
v 97.5 136.0 52.0
v 98.0 135.5 52.0
v 98.0 136.0 52.5
v 98.0 136.0 80.5
v 98.0 137.0 52.5
v 97.5 137.0 79.0
v 98.0 136.5 79.0
v 98.0 137.0 78.5
v 98.0 137.0 79.5
v 98.0 137.0 80.5
v 98.0 137.5 53.0
v 98.0 138.0 53.5
v 97.5 138.0 79.0
v 98.0 138.0 78.5
v 98.0 137.5 80.0
v 97.5 138.0 80.0
v 98.0 138.5 54.0
v 98.0 139.0 54.5
v 97.5 139.0 78.0
v 98.0 138.5 78.0
v 98.0 139.0 77.5
v 98.0 139.5 55.0
v 98.0 140.0 55.5
v 97.5 140.0 78.0
v 98.0 140.0 77.5
v 97.5 141.0 56.0
v 98.0 141.0 55.5
v 98.0 140.5 77.0
v 98.0 141.0 76.5
v 98.0 141.5 56.0
v 97.5 142.0 57.0
v 98.0 142.0 56.5
v 97.5 142.0 76.0
v 98.0 141.5 76.0
v 98.0 142.0 75.5
v 98.0 142.5 57.0
v 98.0 143.0 57.5
v 97.5 143.0 76.0
v 98.0 143.0 75.5
v 98.0 143.5 58.0
v 98.0 144.0 58.5
v 98.0 144.0 75.5
v 98.0 144.5 59.0
v 97.5 145.0 60.0
v 98.0 144.5 60.0
v 98.0 145.0 60.5
v 97.5 145.0 75.0
v 98.0 144.5 75.0
v 98.0 145.0 74.5
v 98.0 145.5 61.0
v 98.0 145.5 62.0
v 98.0 145.5 63.0
v 98.0 146.0 63.5
v 97.5 146.0 66.0
v 98.0 145.5 66.0
v 98.0 146.0 65.5
v 97.5 146.0 67.0
v 98.0 145.5 67.0
v 97.5 146.0 68.0
v 98.0 145.5 68.0
v 98.0 146.0 68.5
v 98.0 146.0 74.5
v 98.0 146.5 64.0
v 98.0 146.5 65.0
v 98.0 146.5 69.0
v 98.0 146.5 70.0
v 98.0 147.0 70.5
v 98.0 147.0 74.5
v 98.0 147.5 71.0
v 98.0 147.5 72.0
v 98.0 148.0 72.5
v 98.0 148.0 74.5
v 98.0 148.5 73.0
v 97.5 149.0 73.0
v 97.5 149.0 74.0
v 98.0 148.5 74.0
v 97.5 150.0 69.0
v 97.5 150.0 70.0
v 97.5 150.0 71.0
v 97.5 151.0 67.0
v 97.5 151.0 68.0
v 97.5 151.0 69.0
v 97.5 151.0 70.0
v 97.5 151.0 71.0
v 97.5 151.0 72.0
v 97.5 151.0 73.0
v 97.5 152.0 68.0
v 98.0 152.0 68.5
v 98.0 151.5 69.0
v 98.0 151.5 70.0
v 98.0 151.5 71.0
v 98.0 152.0 71.5
v 97.5 152.0 72.0
v 97.5 152.0 73.0
v 97.5 153.0 68.0
v 98.0 153.0 68.5
v 97.5 153.0 72.0
v 98.0 153.0 71.5
v 98.0 153.0 72.5
v 98.0 152.5 73.0
v 98.0 153.0 73.5
v 97.5 154.0 68.0
v 98.0 154.0 68.5
v 97.5 154.0 71.0
v 98.0 153.5 71.0
v 98.0 154.0 70.5
v 97.5 154.0 72.0
v 98.0 153.5 73.0
v 97.5 154.0 73.0
v 98.0 154.5 69.0
v 97.5 155.0 70.0
v 98.0 154.5 70.0
v 97.5 155.0 71.0
v 97.5 155.0 72.0
v 97.5 155.0 73.0
v 97.5 155.0 74.0
v 98.0 155.5 71.0
v 98.0 156.0 70.5
v 98.0 155.5 72.0
v 98.0 155.5 73.0
v 98.0 155.5 74.0
v 97.5 155.5 73.5
v 97.5 156.0 74.0
v 98.0 156.0 74.5
v 98.0 156.5 71.0
v 98.0 156.5 72.0
v 98.0 156.5 73.0
v 98.0 156.5 74.0
v 98.5 103.0 51.0
v 98.5 103.0 52.0
v 98.5 103.0 53.0
v 98.5 103.0 54.0
v 98.5 103.0 55.0
v 98.5 104.0 49.0
v 98.5 104.0 50.0
v 99.0 104.0 50.5
v 99.0 103.5 51.0
v 99.0 103.5 52.0
v 99.0 103.5 53.0
v 99.0 103.5 54.0
v 99.0 103.5 55.0
v 98.5 104.0 56.0
v 99.0 104.0 55.5
v 98.5 104.0 57.0
v 98.5 105.0 45.0
v 99.0 105.0 47.5
v 99.0 104.5 48.0
v 99.0 104.5 49.0
v 99.0 104.5 50.0
v 99.0 104.5 56.0
v 99.0 104.5 57.0
v 99.0 104.5 58.0
v 99.0 104.5 59.0
v 99.0 104.5 60.0
v 98.5 105.0 60.0
v 99.0 105.0 60.5
v 98.5 106.0 45.0
v 98.5 106.0 47.0
v 99.0 106.0 47.5
v 99.0 105.5 61.0
v 99.0 105.5 62.0
v 99.0 106.0 62.5
v 98.5 107.0 46.0
v 99.0 107.0 46.5
v 99.0 106.5 47.0
v 99.0 106.5 63.0
v 99.0 106.5 64.0
v 98.5 107.0 64.0
v 99.0 107.0 64.5
v 99.0 108.0 45.5
v 99.0 107.5 46.0
v 99.0 107.5 65.0
v 98.5 108.0 65.0
v 99.0 108.0 65.5
v 98.5 109.0 44.0
v 98.5 109.0 45.0
v 99.0 109.0 45.5
v 99.0 109.0 65.5
v 98.5 110.0 44.0
v 98.5 110.0 45.0
v 99.0 110.0 45.5
v 98.5 110.0 66.0
v 99.0 110.0 65.5
v 98.5 110.0 67.0
v 98.5 110.0 68.0
v 98.5 111.0 44.0
v 98.5 111.0 45.0
v 99.0 111.0 45.5
v 98.5 111.0 66.0
v 99.0 111.0 65.5
v 99.0 111.0 66.5
v 99.0 110.5 67.0
v 99.0 110.5 68.0
v 99.0 110.5 69.0
v 98.5 111.0 70.0
v 99.0 111.0 69.5
v 98.5 112.0 44.0
v 99.0 112.0 44.5
v 99.0 111.5 45.0
v 99.0 111.5 66.0
v 99.0 111.5 70.0
v 99.0 111.5 71.0
v 99.0 112.0 71.5
v 98.5 113.0 44.0
v 99.0 113.0 44.5
v 99.0 113.0 71.5
v 98.5 114.0 44.0
v 99.0 113.5 45.0
v 98.5 114.0 45.0
v 99.0 114.0 45.5
v 99.0 113.5 72.0
v 99.0 114.0 72.5
v 99.0 115.0 45.5
v 99.0 115.0 72.5
v 99.0 116.0 45.5
v 99.0 116.0 72.5
v 99.0 116.5 46.0
v 98.5 117.0 47.0
v 99.0 116.5 47.0
v 99.0 117.0 47.5
v 99.0 117.0 72.5
v 99.0 117.5 48.0
v 99.0 118.0 48.5
v 98.5 118.0 73.0
v 99.0 118.0 72.5
v 99.0 118.5 49.0
v 98.5 119.0 49.0
v 99.0 119.0 49.5
v 99.0 118.5 73.0
v 99.0 119.0 73.5
v 99.0 120.0 49.5
v 99.0 120.0 73.5
v 99.0 121.0 49.5
v 99.0 120.5 74.0
v 98.5 121.0 75.0
v 99.0 121.0 74.5
v 98.5 121.0 76.0
v 99.0 122.0 49.5
v 99.0 121.5 75.0
v 99.0 121.5 76.0
v 98.5 122.0 77.0
v 99.0 122.0 76.5
v 99.0 123.0 49.5
v 99.0 122.5 77.0
v 98.5 123.0 78.0
v 99.0 123.0 77.5
v 99.0 124.0 49.5
v 99.0 124.0 77.5
v 99.0 125.0 49.5
v 98.5 125.0 78.0
v 99.0 125.0 77.5
v 99.0 125.5 50.0
v 98.5 126.0 50.0
v 99.0 126.0 50.5
v 99.0 125.5 78.0
v 99.0 126.0 78.5
v 98.5 127.0 50.0
v 99.0 127.0 50.5
v 99.0 127.0 78.5
v 99.0 128.0 50.5
v 98.5 128.0 79.0
v 99.0 128.0 78.5
v 98.5 129.0 50.0
v 99.0 129.0 50.5
v 98.5 129.0 79.0
v 99.0 129.0 78.5
v 98.5 130.0 50.0
v 99.0 130.0 50.5
v 98.5 130.0 79.0
v 99.0 130.0 78.5
v 99.0 131.0 49.5
v 99.0 130.5 50.0
v 99.0 130.5 79.0
v 99.0 130.5 80.0
v 99.0 131.0 80.5
v 99.0 131.5 50.0
v 98.5 132.0 50.0
v 99.0 132.0 50.5
v 99.0 132.0 80.5
v 98.5 133.0 51.0
v 99.0 132.5 51.0
v 99.0 133.0 51.5
v 99.0 133.0 80.5
v 98.5 134.0 51.0
v 99.0 134.0 51.5
v 99.0 134.0 80.5
v 98.5 135.0 52.0
v 99.0 134.5 52.0
v 99.0 135.0 52.5
v 99.0 135.0 80.5
v 99.0 136.0 52.5
v 99.0 136.0 80.5
v 99.0 136.5 53.0
v 98.5 137.0 53.0
v 99.0 137.0 53.5
v 99.0 136.5 79.0
v 99.0 137.0 78.5
v 98.5 137.0 80.0
v 99.0 136.5 80.0
v 98.5 138.0 54.0
v 99.0 137.5 54.0
v 99.0 138.0 54.5
v 98.5 138.0 78.0
v 99.0 137.5 78.0
v 99.0 138.0 77.5
v 99.0 139.0 54.5
v 99.0 139.0 77.5
v 99.0 139.5 55.0
v 99.0 140.0 55.5
v 98.5 140.0 77.0
v 99.0 139.5 77.0
v 99.0 140.0 76.5
v 99.0 140.5 56.0
v 98.5 141.0 56.0
v 99.0 141.0 56.5
v 98.5 141.0 76.0
v 99.0 140.5 76.0
v 99.0 141.0 75.5
v 98.5 142.0 57.0
v 99.0 141.5 57.0
v 99.0 142.0 57.5
v 99.0 142.0 75.5
v 98.5 143.0 58.0
v 99.0 142.5 58.0
v 99.0 143.0 58.5
v 98.5 143.0 75.0
v 99.0 142.5 75.0
v 99.0 143.0 74.5
v 98.5 144.0 59.0
v 99.0 143.5 59.0
v 99.0 144.0 59.5
v 98.5 144.0 75.0
v 99.0 144.0 74.5
v 99.0 144.5 60.0
v 99.0 145.0 60.5
v 99.0 145.0 74.5
v 99.0 145.5 61.0
v 99.0 145.5 62.0
v 99.0 145.5 63.0
v 98.5 146.0 64.0
v 99.0 145.5 64.0
v 98.5 146.0 65.0
v 99.0 145.5 65.0
v 99.0 145.5 66.0
v 99.0 145.5 67.0
v 99.0 145.5 68.0
v 99.0 146.0 68.5
v 99.0 146.0 74.5
v 99.0 146.5 69.0
v 99.0 146.5 70.0
v 98.5 147.0 71.0
v 99.0 146.5 71.0
v 99.0 147.0 71.5
v 99.0 147.0 74.5
v 99.0 147.5 72.0
v 98.5 148.0 73.0
v 99.0 147.5 73.0
v 98.5 148.0 74.0
v 99.0 147.5 74.0
v 98.5 152.0 69.0
v 98.5 152.0 70.0
v 98.5 152.0 71.0
v 98.5 153.0 69.0
v 98.5 153.0 70.0
v 98.5 153.0 71.0
v 98.5 153.0 73.0
v 98.5 154.0 69.0
v 98.5 154.0 70.0
v 99.0 156.0 70.5
v 99.0 155.5 71.0
v 99.0 155.5 72.0
v 99.0 155.5 73.0
v 99.0 155.5 74.0
v 99.0 156.0 74.5
v 99.0 156.5 71.0
v 99.0 156.5 72.0
v 98.5 157.0 73.0
v 99.0 157.0 72.5
v 98.5 157.0 74.0
v 99.0 157.0 74.5
v 99.0 157.5 73.0
v 99.0 157.5 74.0
v 99.5 104.0 51.0
v 100.0 104.0 51.5
v 100.0 103.5 52.0
v 100.0 103.5 53.0
v 100.0 103.5 54.0
v 100.0 103.5 55.0
v 100.0 103.5 56.0
v 99.5 104.0 56.0
v 100.0 104.0 56.5
v 99.5 105.0 48.0
v 99.5 105.0 49.0
v 100.0 105.0 49.5
v 100.0 104.5 50.0
v 100.0 104.5 51.0
v 100.0 104.5 57.0
v 100.0 104.5 58.0
v 100.0 104.5 59.0
v 99.5 105.0 60.0
v 100.0 105.0 59.5
v 99.5 106.0 48.0
v 100.0 106.0 48.5
v 100.0 105.5 49.0
v 100.0 105.5 60.0
v 100.0 105.5 61.0
v 100.0 105.5 62.0
v 100.0 106.0 62.5
v 99.5 107.0 47.0
v 100.0 107.0 47.5
v 100.0 106.5 48.0
v 100.0 106.5 63.0
v 99.5 107.0 64.0
v 100.0 107.0 63.5
v 99.5 108.0 46.0
v 100.0 108.0 46.5
v 100.0 107.5 47.0
v 100.0 107.5 64.0
v 99.5 108.0 65.0
v 100.0 108.0 64.5
v 99.5 109.0 46.0
v 100.0 109.0 46.5
v 100.0 108.5 65.0
v 100.0 109.0 65.5
v 99.5 110.0 46.0
v 100.0 110.0 46.5
v 100.0 109.5 66.0
v 99.5 110.0 66.0
v 100.0 110.0 66.5
v 100.0 111.0 45.5
v 100.0 110.5 46.0
v 99.5 111.0 66.0
v 100.0 111.0 66.5
v 99.5 111.0 67.0
v 99.5 111.0 68.0
v 99.5 111.0 69.0
v 99.5 112.0 45.0
v 100.0 112.0 45.5
v 100.0 112.0 66.5
v 99.5 111.5 66.5
v 99.5 112.0 67.0
v 99.5 112.0 68.0
v 100.0 112.0 68.5
v 100.0 111.5 69.0
v 100.0 111.5 70.0
v 99.5 112.0 71.0
v 100.0 112.0 70.5
v 99.5 113.0 45.0
v 100.0 113.0 45.5
v 100.0 112.5 67.0
v 100.0 112.5 68.0
v 100.0 112.5 71.0
v 100.0 113.0 71.5
v 100.0 114.0 45.5
v 99.5 114.0 72.0
v 100.0 114.0 71.5
v 100.0 115.0 45.5
v 99.5 115.0 72.0
v 100.0 115.0 71.5
v 100.0 115.5 46.0
v 99.5 116.0 46.0
v 100.0 116.0 46.5
v 100.0 115.5 72.0
v 100.0 116.0 72.5
v 100.0 116.5 47.0
v 100.0 117.0 47.5
v 100.0 117.0 72.5
v 100.0 117.5 48.0
v 99.5 118.0 49.0
v 100.0 117.5 49.0
v 100.0 118.0 49.5
v 100.0 118.0 72.5
v 100.0 119.0 49.5
v 99.5 119.0 73.0
v 100.0 119.0 72.5
v 100.0 120.0 49.5
v 99.5 120.0 73.0
v 100.0 120.0 72.5
v 100.0 121.0 49.5
v 100.0 120.5 73.0
v 99.5 121.0 74.0
v 100.0 121.0 73.5
v 100.0 122.0 49.5
v 100.0 121.5 74.0
v 100.0 121.5 75.0
v 99.5 122.0 76.0
v 100.0 122.0 75.5
v 100.0 123.0 49.5
v 100.0 122.5 76.0
v 99.5 123.0 77.0
v 100.0 123.0 76.5
v 100.0 124.0 49.5
v 99.5 124.0 77.0
v 100.0 124.0 76.5
v 100.0 124.5 50.0
v 99.5 125.0 50.0
v 100.0 125.0 50.5
v 100.0 124.5 77.0
v 100.0 125.0 77.5
v 100.0 126.0 50.5
v 99.5 126.0 78.0
v 100.0 126.0 77.5
v 99.5 127.0 50.0
v 100.0 127.0 49.5
v 100.0 126.5 50.0
v 99.5 127.0 78.0
v 100.0 127.0 77.5
v 99.5 128.0 50.0
v 100.0 128.0 49.5
v 100.0 127.5 78.0
v 100.0 128.0 78.5
v 99.5 129.0 50.0
v 100.0 129.0 49.5
v 99.5 129.0 78.0
v 100.0 128.5 78.0
v 100.0 129.0 77.5
v 100.0 129.5 50.0
v 100.0 130.0 50.5
v 99.5 130.0 78.0
v 100.0 130.0 77.5
v 99.5 131.0 50.0
v 100.0 131.0 50.5
v 100.0 130.5 78.0
v 99.5 131.0 79.0
v 100.0 131.0 78.5
v 100.0 131.0 79.5
v 100.0 130.5 80.0
v 100.0 131.0 80.5
v 100.0 132.0 50.5
v 100.0 131.5 79.0
v 100.0 132.0 80.5
v 99.5 133.0 51.0
v 100.0 133.0 50.5
v 100.0 133.0 80.5
v 99.5 134.0 51.0
v 100.0 134.0 50.5
v 100.0 134.0 80.5
v 100.0 134.5 51.0
v 100.0 134.5 52.0
v 100.0 135.0 52.5
v 100.0 135.0 80.5
v 100.0 136.0 52.5
v 99.5 136.0 80.0
v 100.0 135.5 80.0
v 100.0 136.0 79.5
v 100.0 136.5 53.0
v 100.0 137.0 53.5
v 99.5 137.0 79.0
v 100.0 137.0 79.5
v 100.0 137.5 54.0
v 100.0 138.0 54.5
v 100.0 137.5 78.0
v 100.0 138.0 77.5
v 99.5 138.0 79.0
v 100.0 138.0 78.5
v 100.0 138.0 79.5
v 100.0 138.5 55.0
v 99.5 139.0 55.0
v 100.0 139.0 55.5
v 100.0 139.0 77.5
v 100.0 138.5 79.0
v 100.0 140.0 55.5
v 100.0 139.5 77.0
v 100.0 140.0 76.5
v 99.5 141.0 56.0
v 100.0 141.0 55.5
v 100.0 140.5 76.0
v 100.0 141.0 75.5
v 100.0 141.5 56.0
v 100.0 141.5 57.0
v 100.0 142.0 57.5
v 99.5 142.0 75.0
v 100.0 141.5 75.0
v 100.0 142.0 74.5
v 99.5 143.0 58.0
v 100.0 143.0 57.5
v 99.5 143.0 74.0
v 100.0 142.5 74.0
v 100.0 143.0 73.5
v 100.0 143.5 58.0
v 100.0 143.5 59.0
v 100.0 144.0 59.5
v 99.5 144.0 74.0
v 100.0 144.0 73.5
v 100.0 144.5 60.0
v 99.5 145.0 61.0
v 100.0 144.5 61.0
v 99.5 145.0 62.0
v 100.0 144.5 62.0
v 99.5 145.0 63.0
v 100.0 144.5 63.0
v 100.0 145.0 63.5
v 99.5 145.0 74.0
v 100.0 145.0 73.5
v 100.0 145.5 64.0
v 100.0 145.5 65.0
v 100.0 145.5 66.0
v 100.0 145.5 67.0
v 99.5 146.0 68.0
v 100.0 146.0 67.5
v 99.5 146.0 74.0
v 100.0 146.0 73.5
v 100.0 146.5 68.0
v 100.0 146.5 69.0
v 100.0 146.5 70.0
v 100.0 146.5 71.0
v 100.0 147.0 71.5
v 99.5 147.0 74.0
v 100.0 147.0 73.5
v 100.0 147.5 72.0
v 99.5 148.0 73.0
v 100.0 148.0 72.5
v 100.0 148.0 73.5
v 100.0 148.5 73.0
v 99.5 156.0 71.0
v 99.5 156.0 72.0
v 99.5 156.0 73.0
v 99.5 156.0 74.0
v 99.5 157.0 73.0
v 99.5 157.0 74.0
v 100.5 104.0 52.0
v 101.0 104.0 52.5
v 101.0 103.5 53.0
v 101.0 103.5 54.0
v 101.0 103.5 55.0
v 101.0 103.5 56.0
v 101.0 103.5 57.0
v 100.5 104.0 57.0
v 101.0 104.0 57.5
v 100.5 105.0 50.0
v 101.0 105.0 50.5
v 101.0 104.5 51.0
v 101.0 104.5 52.0
v 101.0 104.5 58.0
v 101.0 104.5 59.0
v 101.0 104.5 60.0
v 100.5 105.0 60.0
v 101.0 105.0 60.5
v 100.5 106.0 49.0
v 101.0 106.0 49.5
v 101.0 105.5 50.0
v 101.0 105.5 61.0
v 101.0 105.5 62.0
v 101.0 105.5 63.0
v 100.5 106.0 63.0
v 101.0 106.0 63.5
v 100.5 107.0 48.0
v 101.0 107.0 48.5
v 101.0 106.5 49.0
v 101.0 106.5 64.0
v 100.5 107.0 64.0
v 101.0 107.0 64.5
v 100.5 108.0 47.0
v 101.0 108.0 47.5
v 101.0 107.5 48.0
v 101.0 108.0 64.5
v 100.5 109.0 47.0
v 101.0 109.0 47.5
v 101.0 108.5 65.0
v 101.0 109.0 65.5
v 101.0 110.0 46.5
v 101.0 109.5 47.0
v 101.0 109.5 66.0
v 101.0 110.0 66.5
v 100.5 111.0 46.0
v 101.0 111.0 46.5
v 101.0 111.0 66.5
v 101.0 112.0 45.5
v 101.0 111.5 46.0
v 101.0 112.0 66.5
v 100.5 112.0 69.0
v 100.5 112.0 70.0
v 101.0 113.0 45.5
v 100.5 113.0 67.0
v 101.0 113.0 66.5
v 100.5 113.0 68.0
v 100.5 113.0 69.0
v 100.5 113.0 70.0
v 100.5 113.0 71.0
v 101.0 114.0 45.5
v 100.5 114.0 67.0
v 101.0 114.0 66.5
v 100.5 114.0 68.0
v 100.5 114.0 69.0
v 100.5 114.0 70.0
v 100.5 114.0 71.0
v 101.0 114.5 46.0
v 100.5 115.0 46.0
v 101.0 115.0 46.5
v 101.0 114.5 67.0
v 101.0 115.0 67.5
v 100.5 115.0 68.0
v 100.5 115.0 69.0
v 100.5 115.0 70.0
v 100.5 115.0 71.0
v 101.0 116.0 45.5
v 100.5 116.0 46.0
v 101.0 115.5 46.0
v 100.5 116.0 68.0
v 101.0 116.0 67.5
v 100.5 116.0 69.0
v 100.5 116.0 70.0
v 100.5 116.0 71.0
v 100.5 116.0 72.0
v 101.0 116.5 46.0
v 100.5 117.0 47.0
v 101.0 117.0 46.5
v 101.0 116.5 68.0
v 101.0 116.5 69.0
v 101.0 116.5 70.0
v 101.0 116.5 71.0
v 101.0 117.0 71.5
v 100.5 117.0 72.0
v 101.0 117.5 47.0
v 100.5 118.0 48.0
v 101.0 118.0 47.5
v 100.5 118.0 49.0
v 100.5 118.0 72.0
v 101.0 118.0 71.5
v 100.5 119.0 47.0
v 101.0 119.0 46.5
v 101.0 118.5 47.0
v 101.0 118.5 48.0
v 101.0 119.0 47.5
v 101.0 118.5 49.0
v 101.0 119.0 49.5
v 101.0 118.5 72.0
v 101.0 119.0 72.5
v 101.0 119.5 47.0
v 101.0 120.0 49.5
v 101.0 120.0 72.5
v 101.0 121.0 49.5
v 100.5 121.0 73.0
v 101.0 121.0 72.5
v 101.0 122.0 49.5
v 101.0 121.5 73.0
v 101.0 121.5 74.0
v 100.5 122.0 75.0
v 101.0 122.0 74.5
v 101.0 123.0 49.5
v 101.0 122.5 75.0
v 100.5 123.0 76.0
v 101.0 123.0 75.5
v 101.0 123.5 50.0
v 100.5 124.0 50.0
v 101.0 124.0 50.5
v 101.0 123.5 76.0
v 101.0 124.0 76.5
v 101.0 125.0 50.5
v 100.5 125.0 77.0
v 101.0 125.0 76.5
v 101.0 126.0 50.5
v 100.5 126.0 77.0
v 101.0 126.0 76.5
v 100.5 127.0 50.0
v 101.0 127.0 50.5
v 101.0 126.5 77.0
v 101.0 127.0 77.5
v 100.5 128.0 50.0
v 101.0 128.0 50.5
v 100.5 128.0 78.0
v 101.0 128.0 77.5
v 101.0 129.0 49.5
v 101.0 128.5 50.0
v 101.0 129.0 77.5
v 100.5 130.0 50.0
v 101.0 130.0 49.5
v 101.0 130.0 77.5
v 101.0 130.5 50.0
v 101.0 131.0 50.5
v 100.5 131.0 78.0
v 101.0 131.0 77.5
v 100.5 131.0 80.0
v 101.0 132.0 50.5
v 100.5 132.0 78.0
v 101.0 132.0 77.5
v 100.5 132.0 79.0
v 100.5 132.0 80.0
v 101.0 133.0 50.5
v 100.5 133.0 78.0
v 101.0 133.0 77.5
v 100.5 133.0 79.0
v 100.5 133.0 80.0
v 101.0 134.0 50.5
v 100.5 134.0 78.0
v 101.0 134.0 77.5
v 100.5 134.0 79.0
v 100.5 134.0 80.0
v 101.0 134.5 51.0
v 101.0 134.5 52.0
v 101.0 135.0 52.5
v 100.5 135.0 78.0
v 101.0 135.0 77.5
v 100.5 135.0 79.0
v 100.5 135.0 80.0
v 101.0 135.5 53.0
v 100.5 136.0 53.0
v 101.0 136.0 53.5
v 100.5 136.0 78.0
v 101.0 136.0 77.5
v 100.5 136.0 79.0
v 101.0 137.0 53.5
v 100.5 137.0 77.0
v 101.0 136.5 77.0
v 101.0 137.0 76.5
v 100.5 137.0 78.0
v 100.5 137.0 79.0
v 100.5 138.0 54.0
v 101.0 138.0 53.5
v 100.5 138.0 77.0
v 101.0 138.0 76.5
v 100.5 138.0 79.0
v 101.0 138.5 54.0
v 101.0 138.5 55.0
v 101.0 139.0 55.5
v 100.5 139.0 76.0
v 101.0 138.5 76.0
v 101.0 139.0 75.5
v 100.5 139.0 77.0
v 101.0 140.0 55.5
v 100.5 140.0 76.0
v 101.0 140.0 75.5
v 101.0 141.0 55.5
v 100.5 141.0 75.0
v 101.0 140.5 75.0
v 101.0 141.0 74.5
v 101.0 141.5 56.0
v 100.5 142.0 57.0
v 101.0 142.0 56.5
v 100.5 142.0 74.0
v 101.0 141.5 74.0
v 101.0 142.0 73.5
v 101.0 142.5 57.0
v 101.0 143.0 57.5
v 101.0 143.0 73.5
v 101.0 143.5 58.0
v 100.5 144.0 59.0
v 101.0 144.0 58.5
v 101.0 143.5 60.0
v 101.0 144.0 59.5
v 100.5 144.0 60.0
v 100.5 144.0 61.0
v 101.0 143.5 61.0
v 101.0 144.0 61.5
v 101.0 144.0 73.5
v 101.0 144.5 59.0
v 101.0 144.5 62.0
v 101.0 144.5 63.0
v 100.5 145.0 64.0
v 101.0 144.5 64.0
v 101.0 145.0 64.5
v 101.0 145.0 73.5
v 101.0 145.5 65.0
v 101.0 145.5 66.0
v 100.5 146.0 67.0
v 101.0 146.0 66.5
v 101.0 145.5 68.0
v 101.0 146.0 67.5
v 100.5 146.0 68.0
v 101.0 146.0 68.5
v 100.5 146.0 73.0
v 101.0 145.5 73.0
v 101.0 146.0 72.5
v 101.0 146.5 67.0
v 101.0 146.5 69.0
v 101.0 146.5 70.0
v 101.0 146.5 71.0
v 101.0 147.0 71.5
v 100.5 147.0 73.0
v 101.0 147.0 72.5
v 101.0 147.5 72.0
v 100.5 147.5 72.5
v 101.0 147.5 73.0
v 101.0 148.0 72.5
v 101.0 148.0 73.5
v 101.0 148.5 73.0
v 102.0 104.0 52.5
v 102.0 103.5 53.0
v 102.0 103.5 54.0
v 102.0 103.5 55.0
v 102.0 103.5 56.0
v 101.5 104.0 57.0
v 102.0 104.0 56.5
v 102.0 105.0 50.5
v 102.0 104.5 51.0
v 102.0 104.5 52.0
v 102.0 104.5 57.0
v 102.0 104.5 58.0
v 102.0 104.5 59.0
v 102.0 104.5 60.0
v 102.0 104.5 61.0
v 101.5 105.0 61.0
v 102.0 105.0 61.5
v 101.5 106.0 48.0
v 102.0 106.0 47.5
v 102.0 105.5 48.0
v 102.0 106.0 48.5
v 101.5 106.0 50.0
v 102.0 106.0 50.5
v 102.0 105.5 62.0
v 102.0 105.5 63.0
v 102.0 106.0 63.5
v 101.5 107.0 48.0
v 102.0 107.0 47.5
v 102.0 106.5 49.0
v 102.0 106.5 50.0
v 102.0 106.5 64.0
v 102.0 107.0 64.5
v 102.0 108.0 47.5
v 102.0 107.5 65.0
v 101.5 108.0 65.0
v 102.0 108.0 65.5
v 102.0 109.0 47.5
v 102.0 108.5 66.0
v 101.5 109.0 66.0
v 102.0 109.0 66.5
v 102.0 110.0 46.5
v 102.0 109.5 47.0
v 102.0 110.0 66.5
v 102.0 111.0 46.5
v 102.0 110.5 67.0
v 101.5 111.0 67.0
v 102.0 111.0 67.5
v 101.5 112.0 46.0
v 102.0 112.0 46.5
v 101.5 112.0 67.0
v 102.0 112.0 67.5
v 101.5 113.0 46.0
v 102.0 113.0 46.5
v 101.5 113.0 67.0
v 102.0 113.0 67.5
v 101.5 114.0 46.0
v 102.0 114.0 46.5
v 101.5 114.0 67.0
v 102.0 114.0 67.5
v 102.0 115.0 46.5
v 102.0 114.5 68.0
v 101.5 115.0 68.0
v 102.0 115.0 68.5
v 101.5 116.0 46.0
v 102.0 116.0 46.5
v 102.0 115.5 68.0
v 102.0 116.0 67.5
v 102.0 117.0 46.5
v 101.5 117.0 68.0
v 102.0 117.0 67.5
v 102.0 117.0 68.5
v 102.0 116.5 69.0
v 101.5 117.0 70.0
v 102.0 117.0 69.5
v 101.5 117.0 71.0
v 101.5 118.0 46.0
v 102.0 118.0 45.5
v 102.0 117.5 46.0
v 101.5 118.0 47.0
v 102.0 117.5 68.0
v 102.0 117.5 70.0
v 102.0 117.5 71.0
v 102.0 118.0 71.5
v 102.0 118.5 46.0
v 101.5 119.0 47.0
v 102.0 118.5 47.0
v 102.0 118.5 48.0
v 101.5 119.0 49.0
v 102.0 119.0 48.5
v 101.5 119.0 72.0
v 102.0 119.0 71.5
v 101.5 120.0 49.0
v 102.0 120.0 48.5
v 102.0 119.5 72.0
v 102.0 120.0 72.5
v 102.0 120.5 49.0
v 102.0 121.0 49.5
v 102.0 121.0 72.5
v 102.0 122.0 49.5
v 101.5 122.0 73.0
v 102.0 122.0 72.5
v 101.5 122.0 74.0
v 102.0 123.0 49.5
v 101.5 123.0 73.0
v 102.0 123.0 72.5
v 101.5 123.0 74.0
v 101.5 123.0 75.0
v 101.5 124.0 50.0
v 102.0 124.0 49.5
v 102.0 123.5 73.0
v 102.0 124.0 73.5
v 101.5 124.0 74.0
v 101.5 124.0 75.0
v 101.5 124.0 76.0
v 102.0 124.5 50.0
v 102.0 125.0 50.5
v 102.0 124.5 74.0
v 102.0 124.5 75.0
v 102.0 124.5 76.0
v 102.0 125.0 76.5
v 102.0 126.0 50.5
v 102.0 126.0 76.5
v 102.0 127.0 50.5
v 101.5 127.0 77.0
v 102.0 127.0 76.5
v 102.0 128.0 50.5
v 101.5 128.0 77.0
v 102.0 128.0 76.5
v 101.5 129.0 50.0
v 102.0 129.0 50.5
v 102.0 128.5 77.0
v 102.0 129.0 77.5
v 101.5 130.0 50.0
v 102.0 130.0 50.5
v 102.0 130.0 77.5
v 102.0 131.0 50.5
v 102.0 131.0 77.5
v 102.0 132.0 50.5
v 102.0 132.0 77.5
v 102.0 133.0 50.5
v 102.0 133.0 77.5
v 102.0 134.0 50.5
v 102.0 134.0 77.5
v 102.0 134.5 51.0
v 101.5 135.0 52.0
v 102.0 135.0 51.5
v 101.5 135.0 77.0
v 102.0 134.5 77.0
v 102.0 135.0 76.5
v 102.0 135.5 52.0
v 102.0 135.5 53.0
v 102.0 136.0 53.5
v 101.5 136.0 77.0
v 102.0 136.0 76.5
v 102.0 137.0 53.5
v 101.5 137.0 76.0
v 102.0 136.5 76.0
v 102.0 137.0 75.5
v 102.0 138.0 53.5
v 101.5 138.0 75.0
v 102.0 137.5 75.0
v 102.0 138.0 74.5
v 101.5 138.0 76.0
v 102.0 138.5 54.0
v 101.5 139.0 55.0
v 102.0 139.0 54.5
v 101.5 139.0 75.0
v 102.0 139.0 74.5
v 101.5 140.0 55.0
v 102.0 140.0 54.5
v 101.5 140.0 75.0
v 102.0 140.0 74.5
v 102.0 140.5 55.0
v 102.0 140.5 56.0
v 101.5 141.0 56.0
v 102.0 141.0 56.5
v 101.5 141.0 74.0
v 102.0 140.5 74.0
v 102.0 141.0 73.5
v 101.5 142.0 57.0
v 102.0 141.5 57.0
v 102.0 142.0 57.5
v 101.5 142.0 73.0
v 102.0 141.5 73.0
v 102.0 142.0 72.5
v 101.5 143.0 58.0
v 102.0 142.5 58.0
v 102.0 143.0 58.5
v 101.5 143.0 60.0
v 102.0 142.5 60.0
v 102.0 143.0 59.5
v 102.0 143.0 60.5
v 101.5 143.0 73.0
v 102.0 143.0 72.5
v 102.0 144.0 58.5
v 102.0 144.0 59.5
v 102.0 143.5 61.0
v 102.0 144.0 61.5
v 101.5 144.0 73.0
v 102.0 144.0 72.5
v 102.0 144.5 59.0
v 102.0 144.5 62.0
v 102.0 144.5 63.0
v 102.0 144.5 64.0
v 102.0 145.0 64.5
v 101.5 145.0 71.0
v 102.0 144.5 71.0
v 102.0 145.0 70.5
v 101.5 145.0 72.0
v 102.0 144.5 72.0
v 101.5 145.0 73.0
v 102.0 145.5 65.0
v 102.0 145.5 66.0
v 101.5 146.0 67.0
v 102.0 145.5 67.0
v 102.0 145.5 68.0
v 101.5 146.0 69.0
v 102.0 145.5 69.0
v 101.5 146.0 70.0
v 102.0 145.5 70.0
v 102.0 145.5 71.0
v 102.0 146.0 70.5
v 102.0 146.0 71.5
v 101.5 146.0 72.0
v 102.0 146.5 71.0
v 101.5 147.0 72.0
v 101.5 148.0 73.0
v 103.0 104.0 52.5
v 103.0 103.5 53.0
v 103.0 103.5 54.0
v 103.0 103.5 55.0
v 103.0 103.5 56.0
v 103.0 103.5 57.0
v 102.5 104.0 57.0
v 103.0 103.5 58.0
v 102.5 104.0 58.0
v 103.0 104.0 58.5
v 102.5 105.0 51.0
v 103.0 105.0 51.5
v 103.0 104.5 52.0
v 103.0 104.5 59.0
v 103.0 104.5 60.0
v 103.0 104.5 61.0
v 103.0 105.0 61.5
v 103.0 106.0 47.5
v 103.0 105.5 48.0
v 103.0 105.5 49.0
v 102.5 106.0 49.0
v 103.0 106.0 49.5
v 103.0 106.0 50.5
v 103.0 105.5 51.0
v 103.0 105.5 62.0
v 103.0 105.5 63.0
v 103.0 106.0 63.5
v 103.0 107.0 47.5
v 103.0 106.5 50.0
v 103.0 106.5 64.0
v 103.0 106.5 65.0
v 102.5 107.0 65.0
v 103.0 107.0 65.5
v 103.0 108.0 47.5
v 103.0 107.5 66.0
v 102.5 108.0 66.0
v 103.0 108.0 66.5
v 102.5 109.0 47.0
v 103.0 109.0 46.5
v 103.0 108.5 47.0
v 103.0 108.5 67.0
v 102.5 109.0 67.0
v 103.0 109.0 67.5
v 102.5 110.0 46.0
v 103.0 110.0 45.5
v 103.0 109.5 46.0
v 102.5 110.0 67.0
v 103.0 110.0 67.5
v 102.5 111.0 46.0
v 103.0 111.0 45.5
v 103.0 111.0 67.5
v 102.5 112.0 46.0
v 103.0 112.0 45.5
v 103.0 112.0 67.5
v 102.5 113.0 46.0
v 103.0 113.0 45.5
v 103.0 112.5 68.0
v 102.5 113.0 68.0
v 103.0 113.0 68.5
v 102.5 114.0 46.0
v 103.0 114.0 45.5
v 102.5 114.0 68.0
v 103.0 114.0 68.5
v 103.0 114.5 46.0
v 103.0 115.0 46.5
v 103.0 115.0 68.5
v 102.5 116.0 46.0
v 103.0 116.0 45.5
v 103.0 115.5 46.0
v 102.5 116.0 68.0
v 103.0 115.5 69.0
v 102.5 116.0 69.0
v 103.0 116.0 69.5
v 102.5 117.0 46.0
v 103.0 117.0 45.5
v 102.5 117.0 68.0
v 102.5 117.0 69.0
v 103.0 116.5 69.0
v 103.0 117.0 68.5
v 103.0 118.0 45.5
v 103.0 117.5 69.0
v 102.5 118.0 70.0
v 103.0 118.0 69.5
v 102.5 118.0 71.0
v 103.0 118.5 46.0
v 102.5 119.0 47.0
v 103.0 119.0 46.5
v 102.5 119.0 48.0
v 102.5 119.0 70.0
v 103.0 119.0 69.5
v 102.5 119.0 71.0
v 103.0 119.5 47.0
v 103.0 119.5 48.0
v 103.0 120.0 48.5
v 103.0 119.5 70.0
v 103.0 119.5 71.0
v 102.5 120.0 72.0
v 103.0 120.0 71.5
v 103.0 120.5 49.0
v 103.0 121.0 49.5
v 102.5 121.0 72.0
v 103.0 121.0 71.5
v 103.0 122.0 49.5
v 103.0 121.5 72.0
v 103.0 122.0 72.5
v 103.0 123.0 49.5
v 103.0 123.0 72.5
v 103.0 124.0 49.5
v 102.5 124.0 73.0
v 103.0 124.0 72.5
v 103.0 124.5 50.0
v 103.0 125.0 50.5
v 103.0 124.5 73.0
v 102.5 125.0 74.0
v 103.0 125.0 73.5
v 102.5 125.0 75.0
v 102.5 125.0 76.0
v 103.0 126.0 50.5
v 103.0 125.5 74.0
v 103.0 126.0 74.5
v 102.5 126.0 75.0
v 102.5 126.0 76.0
v 103.0 127.0 50.5
v 103.0 126.5 75.0
v 103.0 127.0 75.5
v 102.5 127.0 76.0
v 102.5 128.0 50.0
v 103.0 128.0 49.5
v 103.0 127.5 50.0
v 102.5 128.0 76.0
v 103.0 128.0 75.5
v 102.5 129.0 50.0
v 103.0 129.0 49.5
v 102.5 129.0 76.0
v 103.0 129.0 75.5
v 102.5 129.0 77.0
v 102.5 130.0 50.0
v 103.0 130.0 49.5
v 103.0 129.5 76.0
v 103.0 130.0 76.5
v 102.5 130.0 77.0
v 103.0 130.5 50.0
v 103.0 131.0 50.5
v 102.5 131.0 77.0
v 103.0 131.0 76.5
v 102.5 132.0 50.0
v 103.0 132.0 49.5
v 103.0 131.5 50.0
v 102.5 132.0 77.0
v 103.0 132.0 76.5
v 102.5 133.0 50.0
v 103.0 133.0 49.5
v 102.5 133.0 77.0
v 103.0 133.0 76.5
v 103.0 133.5 50.0
v 103.0 134.0 50.5
v 102.5 134.0 77.0
v 103.0 134.0 76.5
v 103.0 134.5 51.0
v 103.0 135.0 51.5
v 103.0 135.0 76.5
v 103.0 135.5 52.0
v 102.5 136.0 53.0
v 103.0 136.0 52.5
v 102.5 136.0 76.0
v 103.0 135.5 76.0
v 103.0 136.0 75.5
v 103.0 136.5 53.0
v 103.0 137.0 53.5
v 102.5 137.0 75.0
v 103.0 136.5 75.0
v 103.0 137.0 74.5
v 103.0 137.5 54.0
v 102.5 138.0 54.0
v 103.0 138.0 54.5
v 103.0 138.0 74.5
v 103.0 139.0 54.5
v 103.0 139.0 74.5
v 103.0 139.5 55.0
v 102.5 140.0 55.0
v 103.0 140.0 55.5
v 102.5 140.0 74.0
v 103.0 139.5 74.0
v 103.0 140.0 73.5
v 103.0 140.5 56.0
v 103.0 141.0 56.5
v 102.5 141.0 73.0
v 103.0 140.5 73.0
v 103.0 141.0 72.5
v 103.0 141.5 57.0
v 103.0 142.0 57.5
v 103.0 142.0 72.5
v 103.0 142.5 58.0
v 102.5 143.0 59.0
v 103.0 142.5 59.0
v 103.0 142.5 60.0
v 103.0 143.0 60.5
v 103.0 143.0 72.5
v 102.5 144.0 59.0
v 103.0 143.5 61.0
v 102.5 144.0 62.0
v 103.0 143.5 62.0
v 102.5 144.0 63.0
v 103.0 143.5 63.0
v 102.5 144.0 64.0
v 103.0 143.5 64.0
v 103.0 144.0 64.5
v 102.5 144.0 70.0
v 103.0 143.5 70.0
v 103.0 144.0 69.5
v 102.5 144.0 71.0
v 103.0 143.5 71.0
v 102.5 144.0 72.0
v 103.0 143.5 72.0
v 103.0 145.0 64.5
v 102.5 145.0 67.0
v 103.0 144.5 67.0
v 103.0 145.0 66.5
v 102.5 145.0 68.0
v 103.0 144.5 68.0
v 102.5 145.0 69.0
v 103.0 144.5 69.0
v 102.5 145.0 70.0
v 103.0 145.5 65.0
v 103.0 145.5 66.0
v 102.5 146.0 71.0
v 103.5 104.0 52.0
v 104.0 104.0 51.5
v 104.0 103.5 52.0
v 104.0 103.5 53.0
v 104.0 103.5 54.0
v 104.0 103.5 55.0
v 104.0 103.5 56.0
v 104.0 103.5 57.0
v 103.5 104.0 58.0
v 104.0 104.0 57.5
v 103.5 105.0 48.0
v 104.0 105.0 47.5
v 104.0 104.5 48.0
v 104.0 105.0 48.5
v 104.0 105.0 51.5
v 104.0 104.5 58.0
v 104.0 104.5 59.0
v 104.0 104.5 60.0
v 104.0 104.5 61.0
v 104.0 104.5 62.0
v 103.5 105.0 62.0
v 104.0 105.0 62.5
v 103.5 106.0 48.0
v 104.0 105.5 48.0
v 103.5 106.0 49.0
v 104.0 106.0 50.5
v 104.0 105.5 51.0
v 104.0 105.5 63.0
v 104.0 105.5 64.0
v 103.5 106.0 64.0
v 104.0 106.0 64.5
v 104.0 107.0 47.5
v 104.0 106.5 48.0
v 104.0 106.5 49.0
v 104.0 106.5 50.0
v 104.0 106.5 65.0
v 104.0 107.0 65.5
v 104.0 108.0 47.5
v 104.0 107.5 66.0
v 104.0 108.0 66.5
v 104.0 109.0 46.5
v 104.0 108.5 47.0
v 104.0 108.5 67.0
v 104.0 109.0 67.5
v 103.5 110.0 46.0
v 104.0 110.0 46.5
v 104.0 110.0 67.5
v 104.0 111.0 45.5
v 104.0 110.5 46.0
v 104.0 110.5 68.0
v 103.5 111.0 68.0
v 104.0 111.0 68.5
v 104.0 112.0 45.5
v 103.5 112.0 68.0
v 104.0 112.0 68.5
v 104.0 113.0 45.5
v 104.0 113.0 68.5
v 104.0 114.0 45.5
v 104.0 114.0 68.5
v 103.5 115.0 46.0
v 104.0 115.0 45.5
v 104.0 115.0 68.5
v 103.5 116.0 46.0
v 104.0 115.5 46.0
v 104.0 116.0 46.5
v 103.5 116.0 69.0
v 104.0 116.0 68.5
v 104.0 117.0 45.5
v 104.0 116.5 46.0
v 104.0 117.0 68.5
v 104.0 117.5 46.0
v 103.5 118.0 46.0
v 104.0 118.0 46.5
v 103.5 118.0 69.0
v 104.0 118.0 68.5
v 104.0 119.0 46.5
v 104.0 118.5 69.0
v 104.0 119.0 69.5
v 104.0 119.5 47.0
v 103.5 120.0 48.0
v 104.0 120.0 47.5
v 104.0 119.5 49.0
v 104.0 120.0 48.5
v 103.5 120.0 49.0
v 104.0 120.0 49.5
v 104.0 119.5 70.0
v 103.5 120.0 71.0
v 104.0 120.0 70.5
v 104.0 120.5 48.0
v 104.0 121.0 49.5
v 104.0 120.5 71.0
v 104.0 121.0 71.5
v 104.0 122.0 49.5
v 104.0 121.5 72.0
v 104.0 122.0 72.5
v 104.0 123.0 49.5
v 104.0 123.0 72.5
v 104.0 124.0 49.5
v 104.0 124.0 72.5
v 103.5 125.0 50.0
v 104.0 125.0 49.5
v 103.5 125.0 73.0
v 104.0 125.0 72.5
v 104.0 125.5 50.0
v 104.0 126.0 50.5
v 104.0 125.5 73.0
v 103.5 126.0 74.0
v 104.0 126.0 73.5
v 103.5 127.0 50.0
v 104.0 127.0 49.5
v 104.0 126.5 50.0
v 104.0 126.5 74.0
v 103.5 127.0 75.0
v 104.0 127.0 74.5
v 104.0 128.0 49.5
v 103.5 128.0 75.0
v 104.0 128.0 74.5
v 104.0 129.0 49.5
v 104.0 128.5 75.0
v 104.0 129.0 75.5
v 104.0 130.0 49.5
v 103.5 130.0 76.0
v 104.0 130.0 75.5
v 103.5 131.0 50.0
v 104.0 131.0 49.5
v 103.5 131.0 76.0
v 104.0 131.0 75.5
v 104.0 132.0 49.5
v 103.5 132.0 76.0
v 104.0 132.0 75.5
v 104.0 133.0 49.5
v 103.5 133.0 76.0
v 104.0 133.0 75.5
v 103.5 134.0 50.0
v 104.0 134.0 49.5
v 104.0 133.5 76.0
v 104.0 134.0 76.5
v 104.0 134.5 50.0
v 103.5 135.0 51.0
v 104.0 135.0 50.5
v 104.0 135.0 76.5
v 104.0 135.5 51.0
v 103.5 136.0 52.0
v 104.0 136.0 51.5
v 104.0 135.5 76.0
v 104.0 136.0 75.5
v 104.0 136.5 52.0
v 103.5 137.0 53.0
v 104.0 137.0 52.5
v 104.0 136.5 75.0
v 104.0 137.0 74.5
v 103.5 138.0 53.0
v 104.0 138.0 52.5
v 103.5 138.0 54.0
v 103.5 138.0 74.0
v 104.0 137.5 74.0
v 104.0 138.0 73.5
v 104.0 138.5 53.0
v 104.0 138.5 54.0
v 104.0 138.5 55.0
v 103.5 139.0 55.0
v 104.0 139.0 55.5
v 103.5 139.0 74.0
v 104.0 139.0 73.5
v 103.5 140.0 56.0
v 104.0 139.5 56.0
v 104.0 140.0 56.5
v 103.5 140.0 73.0
v 104.0 139.5 73.0
v 104.0 140.0 72.5
v 103.5 141.0 57.0
v 104.0 140.5 57.0
v 104.0 141.0 57.5
v 104.0 141.0 72.5
v 104.0 142.0 57.5
v 103.5 142.0 59.0
v 104.0 141.5 59.0
v 104.0 142.0 58.5
v 104.0 142.0 59.5
v 103.5 142.0 72.0
v 104.0 141.5 72.0
v 104.0 142.0 71.5
v 103.5 143.0 58.0
v 104.0 143.0 57.5
v 103.5 142.5 58.5
v 104.0 142.5 59.0
v 103.5 143.0 59.0
v 103.5 142.5 59.5
v 103.5 143.0 60.0
v 103.5 143.0 62.0
v 104.0 142.5 62.0
v 104.0 143.0 61.5
v 104.0 143.0 62.5
v 103.5 143.0 64.0
v 104.0 142.5 64.0
v 104.0 143.0 63.5
v 104.0 143.0 64.5
v 103.5 143.0 72.0
v 104.0 143.0 71.5
v 104.0 143.5 58.0
v 104.0 143.5 59.0
v 104.0 143.5 60.0
v 104.0 143.5 61.0
v 104.0 143.5 63.0
v 103.5 144.0 65.0
v 104.0 143.5 65.0
v 103.5 144.0 66.0
v 104.0 143.5 66.0
v 103.5 144.0 67.0
v 104.0 143.5 67.0
v 103.5 144.0 68.0
v 104.0 143.5 68.0
v 103.5 144.0 69.0
v 104.0 143.5 69.0
v 104.0 143.5 70.0
v 104.0 143.5 71.0
v 103.5 145.0 65.0
v 103.5 145.0 66.0
v 104.5 104.0 52.0
v 105.0 104.0 52.5
v 105.0 103.5 53.0
v 105.0 103.5 54.0
v 105.0 103.5 55.0
v 105.0 103.5 56.0
v 104.5 104.0 57.0
v 105.0 104.0 56.5
v 104.5 105.0 48.0
v 104.5 105.0 52.0
v 105.0 105.0 52.5
v 105.0 104.5 57.0
v 105.0 104.5 58.0
v 105.0 104.5 59.0
v 104.5 105.0 60.0
v 105.0 105.0 59.5
v 104.5 105.0 61.0
v 104.5 105.0 62.0
v 104.5 106.0 51.0
v 105.0 106.0 51.5
v 105.0 105.5 52.0
v 105.0 105.5 60.0
v 105.0 105.5 61.0
v 105.0 105.5 62.0
v 105.0 105.5 63.0
v 104.5 106.0 64.0
v 105.0 106.0 63.5
v 104.5 107.0 48.0
v 105.0 107.0 48.5
v 105.0 106.5 49.0
v 105.0 106.5 50.0
v 105.0 106.5 51.0
v 105.0 106.5 64.0
v 105.0 106.5 65.0
v 105.0 107.0 65.5
v 105.0 108.0 47.5
v 105.0 107.5 48.0
v 105.0 107.5 66.0
v 105.0 108.0 66.5
v 105.0 109.0 46.5
v 105.0 108.5 47.0
v 105.0 108.5 67.0
v 105.0 109.0 67.5
v 105.0 110.0 46.5
v 105.0 110.0 67.5
v 105.0 111.0 45.5
v 105.0 110.5 46.0
v 105.0 110.5 68.0
v 105.0 111.0 68.5
v 105.0 112.0 45.5
v 105.0 112.0 68.5
v 105.0 113.0 45.5
v 105.0 113.0 68.5
v 105.0 114.0 45.5
v 105.0 114.0 68.5
v 105.0 114.5 46.0
v 104.5 115.0 46.0
v 105.0 115.0 46.5
v 105.0 115.0 68.5
v 105.0 116.0 46.5
v 105.0 116.0 68.5
v 104.5 117.0 46.0
v 105.0 117.0 46.5
v 105.0 117.0 68.5
v 105.0 118.0 46.5
v 105.0 118.0 68.5
v 105.0 119.0 46.5
v 104.5 119.0 69.0
v 105.0 119.0 68.5
v 105.0 119.5 47.0
v 105.0 120.0 47.5
v 104.5 120.0 49.0
v 105.0 119.5 69.0
v 105.0 119.5 70.0
v 105.0 119.5 71.0
v 104.5 120.0 71.0
v 105.0 120.0 71.5
v 104.5 121.0 48.0
v 105.0 121.0 47.5
v 105.0 121.0 48.5
v 105.0 120.5 49.0
v 105.0 121.0 49.5
v 105.0 120.5 72.0
v 104.5 121.0 72.0
v 105.0 121.0 72.5
v 105.0 121.5 48.0
v 105.0 122.0 49.5
v 105.0 122.0 72.5
v 105.0 123.0 49.5
v 105.0 123.0 72.5
v 105.0 124.0 49.5
v 105.0 124.0 72.5
v 105.0 125.0 49.5
v 105.0 125.0 72.5
v 104.5 126.0 50.0
v 105.0 126.0 49.5
v 105.0 125.5 73.0
v 105.0 126.0 73.5
v 105.0 127.0 49.5
v 104.5 127.0 74.0
v 105.0 127.0 73.5
v 105.0 128.0 49.5
v 105.0 127.5 74.0
v 105.0 128.0 74.5
v 105.0 129.0 49.5
v 104.5 129.0 75.0
v 105.0 129.0 74.5
v 105.0 130.0 49.5
v 105.0 129.5 75.0
v 105.0 130.0 75.5
v 105.0 131.0 49.5
v 105.0 131.0 75.5
v 105.0 132.0 49.5
v 105.0 132.0 75.5
v 105.0 133.0 49.5
v 105.0 133.0 75.5
v 105.0 134.0 49.5
v 104.5 134.0 76.0
v 105.0 134.0 75.5
v 105.0 134.5 50.0
v 105.0 135.0 50.5
v 104.5 135.0 75.0
v 105.0 134.5 75.0
v 105.0 135.0 74.5
v 104.5 135.0 76.0
v 105.0 135.5 51.0
v 105.0 136.0 51.5
v 104.5 136.0 74.0
v 105.0 135.5 74.0
v 105.0 136.0 73.5
v 104.5 136.0 75.0
v 104.5 137.0 52.0
v 105.0 137.0 51.5
v 104.5 137.0 74.0
v 105.0 137.0 73.5
v 105.0 137.5 52.0
v 105.0 138.0 52.5
v 105.0 138.0 73.5
v 105.0 138.5 53.0
v 105.0 138.5 54.0
v 104.5 139.0 55.0
v 105.0 139.0 54.5
v 105.0 139.0 73.5
v 104.5 140.0 55.0
v 105.0 140.0 54.5
v 104.5 140.0 56.0
v 105.0 139.5 73.0
v 105.0 140.0 72.5
v 105.0 140.5 55.0
v 105.0 140.5 56.0
v 105.0 140.5 57.0
v 105.0 141.0 57.5
v 104.5 141.0 72.0
v 105.0 140.5 72.0
v 105.0 141.0 71.5
v 105.0 141.5 58.0
v 104.5 142.0 58.0
v 104.5 142.0 59.0
v 105.0 142.0 58.5
v 105.0 142.0 71.5
v 104.5 143.0 58.0
v 105.0 142.5 59.0
v 104.5 143.0 59.0
v 104.5 142.5 59.5
v 105.0 142.5 60.0
v 104.5 143.0 60.0
v 104.5 143.0 61.0
v 105.0 142.5 61.0
v 104.5 143.0 62.0
v 105.0 143.0 61.5
v 104.5 143.0 64.0
v 104.5 143.0 71.0
v 105.0 142.5 71.0
v 105.0 143.0 70.5
v 105.0 143.5 62.0
v 105.0 143.5 63.0
v 105.0 143.5 64.0
v 105.0 143.5 65.0
v 105.0 143.5 66.0
v 105.0 143.5 67.0
v 105.0 143.5 68.0
v 105.0 143.5 69.0
v 105.0 143.5 70.0
v 105.5 104.0 53.0
v 106.0 104.0 53.5
v 106.0 103.5 54.0
v 106.0 103.5 55.0
v 105.5 104.0 56.0
v 106.0 104.0 55.5
v 106.0 105.0 52.5
v 106.0 104.5 53.0
v 106.0 104.5 56.0
v 106.0 104.5 57.0
v 106.0 104.5 58.0
v 106.0 104.5 59.0
v 106.0 105.0 59.5
v 106.0 106.0 51.5
v 106.0 105.5 52.0
v 106.0 105.5 60.0
v 106.0 105.5 61.0
v 106.0 105.5 62.0
v 105.5 106.0 63.0
v 106.0 106.0 62.5
v 105.5 107.0 49.0
v 105.5 107.0 50.0
v 106.0 107.0 50.5
v 106.0 106.5 51.0
v 106.0 106.5 63.0
v 106.0 106.5 64.0
v 106.0 106.5 65.0
v 106.0 107.0 65.5
v 106.0 108.0 47.5
v 106.0 107.5 48.0
v 106.0 107.5 49.0
v 106.0 107.5 50.0
v 106.0 107.5 66.0
v 106.0 108.0 66.5
v 106.0 109.0 46.5
v 106.0 108.5 47.0
v 106.0 108.5 67.0
v 106.0 109.0 67.5
v 106.0 110.0 46.5
v 106.0 109.5 68.0
v 105.5 110.0 68.0
v 106.0 110.0 68.5
v 105.5 111.0 46.0
v 106.0 111.0 46.5
v 106.0 111.0 68.5
v 105.5 112.0 46.0
v 106.0 112.0 46.5
v 106.0 112.0 68.5
v 105.5 113.0 46.0
v 106.0 113.0 46.5
v 106.0 113.0 68.5
v 105.5 114.0 46.0
v 106.0 114.0 46.5
v 106.0 114.0 68.5
v 106.0 115.0 46.5
v 105.5 115.0 68.0
v 106.0 114.5 68.0
v 106.0 115.0 67.5
v 106.0 116.0 46.5
v 106.0 115.5 68.0
v 106.0 116.0 68.5
v 106.0 117.0 46.5
v 106.0 117.0 68.5
v 106.0 118.0 46.5
v 106.0 118.0 68.5
v 106.0 119.0 46.5
v 106.0 119.0 68.5
v 106.0 119.5 47.0
v 106.0 120.0 47.5
v 106.0 119.5 69.0
v 106.0 119.5 70.0
v 106.0 119.5 71.0
v 106.0 120.0 71.5
v 106.0 121.0 47.5
v 105.5 121.0 49.0
v 106.0 120.5 72.0
v 106.0 121.0 72.5
v 106.0 121.5 48.0
v 106.0 121.5 49.0
v 106.0 122.0 49.5
v 106.0 122.0 72.5
v 106.0 123.0 49.5
v 106.0 123.0 72.5
v 106.0 124.0 49.5
v 105.5 124.0 72.0
v 106.0 123.5 72.0
v 106.0 124.0 71.5
v 106.0 125.0 49.5
v 106.0 124.5 72.0
v 106.0 125.0 72.5
v 106.0 126.0 49.5
v 105.5 126.0 73.0
v 106.0 126.0 72.5
v 106.0 127.0 49.5
v 106.0 126.5 73.0
v 106.0 127.0 73.5
v 106.0 128.0 49.5
v 105.5 128.0 74.0
v 106.0 128.0 73.5
v 106.0 129.0 49.5
v 105.5 129.0 74.0
v 106.0 129.0 73.5
v 106.0 130.0 49.5
v 106.0 129.5 74.0
v 105.5 130.0 75.0
v 106.0 130.0 74.5
v 106.0 131.0 49.5
v 105.5 131.0 74.0
v 106.0 130.5 74.0
v 106.0 131.0 73.5
v 105.5 131.0 75.0
v 106.0 132.0 49.5
v 105.5 132.0 74.0
v 106.0 132.0 73.5
v 106.0 132.0 74.5
v 106.0 131.5 75.0
v 106.0 132.0 75.5
v 106.0 133.0 49.5
v 105.5 133.0 74.0
v 106.0 133.0 73.5
v 106.0 132.5 75.0
v 105.5 133.0 75.0
v 106.0 133.5 50.0
v 105.5 134.0 50.0
v 106.0 134.0 50.5
v 105.5 134.0 74.0
v 106.0 134.0 73.5
v 105.5 134.0 75.0
v 106.0 135.0 50.5
v 105.5 135.0 73.0
v 106.0 134.5 73.0
v 106.0 135.0 72.5
v 105.5 135.0 74.0
v 106.0 135.5 51.0
v 106.0 136.0 51.5
v 105.5 136.0 73.0
v 106.0 136.0 72.5
v 106.0 137.0 51.5
v 105.5 137.0 73.0
v 106.0 137.0 72.5
v 106.0 137.5 52.0
v 106.0 138.0 52.5
v 105.5 138.0 72.0
v 106.0 137.5 72.0
v 106.0 138.0 71.5
v 105.5 138.0 73.0
v 106.0 138.5 53.0
v 105.5 139.0 54.0
v 106.0 139.0 53.5
v 105.5 139.0 72.0
v 106.0 139.0 71.5
v 105.5 139.0 73.0
v 106.0 139.5 54.0
v 106.0 140.0 54.5
v 105.5 140.0 71.0
v 106.0 139.5 71.0
v 106.0 140.0 70.5
v 105.5 140.0 72.0
v 106.0 140.5 55.0
v 106.0 140.5 56.0
v 105.5 141.0 57.0
v 106.0 141.0 56.5
v 105.5 141.0 71.0
v 106.0 141.0 70.5
v 106.0 141.5 57.0
v 106.0 141.5 58.0
v 106.0 142.0 58.5
v 105.5 142.0 60.0
v 106.0 141.5 60.0
v 106.0 142.0 59.5
v 106.0 142.0 60.5
v 105.5 142.0 71.0
v 106.0 142.0 70.5
v 106.0 142.5 59.0
v 106.0 142.5 61.0
v 105.5 143.0 62.0
v 106.0 142.5 62.0
v 105.5 143.0 63.0
v 106.0 142.5 63.0
v 105.5 143.0 64.0
v 106.0 142.5 64.0
v 105.5 143.0 65.0
v 106.0 142.5 65.0
v 106.0 143.0 65.5
v 105.5 143.0 68.0
v 106.0 142.5 68.0
v 106.0 143.0 67.5
v 106.0 143.0 68.5
v 105.5 143.0 70.0
v 106.0 142.5 70.0
v 106.0 143.0 69.5
v 106.0 143.5 66.0
v 106.0 143.5 67.0
v 106.0 143.5 69.0
v 106.5 104.0 54.0
v 106.5 104.0 55.0
v 106.5 105.0 53.0
v 106.5 105.0 54.0
v 107.0 105.0 54.5
v 107.0 104.5 55.0
v 107.0 104.5 56.0
v 107.0 104.5 57.0
v 107.0 104.5 58.0
v 106.5 105.0 59.0
v 107.0 105.0 58.5
v 106.5 106.0 52.0
v 107.0 106.0 52.5
v 107.0 105.5 53.0
v 107.0 105.5 54.0
v 107.0 105.5 59.0
v 107.0 105.5 60.0
v 107.0 105.5 61.0
v 107.0 105.5 62.0
v 107.0 105.5 63.0
v 106.5 106.0 63.0
v 107.0 106.0 63.5
v 106.5 107.0 50.0
v 107.0 107.0 49.5
v 107.0 106.5 50.0
v 107.0 106.5 51.0
v 107.0 106.5 52.0
v 107.0 106.5 64.0
v 107.0 106.5 65.0
v 107.0 106.5 66.0
v 106.5 107.0 66.0
v 107.0 107.0 66.5
v 107.0 108.0 47.5
v 107.0 107.5 48.0
v 107.0 107.5 49.0
v 107.0 107.5 67.0
v 106.5 108.0 67.0
v 107.0 108.0 67.5
v 106.5 109.0 47.0
v 107.0 109.0 47.5
v 107.0 109.0 67.5
v 107.0 110.0 46.5
v 107.0 109.5 47.0
v 107.0 109.5 68.0
v 107.0 110.0 68.5
v 107.0 111.0 46.5
v 107.0 111.0 68.5
v 107.0 112.0 46.5
v 107.0 112.0 68.5
v 107.0 113.0 46.5
v 107.0 113.0 68.5
v 107.0 114.0 46.5
v 107.0 114.0 68.5
v 107.0 115.0 46.5
v 107.0 114.5 68.0
v 107.0 115.0 67.5
v 107.0 116.0 46.5
v 106.5 116.0 68.0
v 107.0 116.0 67.5
v 107.0 117.0 46.5
v 107.0 116.5 68.0
v 107.0 117.0 68.5
v 107.0 118.0 46.5
v 107.0 118.0 68.5
v 107.0 119.0 46.5
v 107.0 119.0 68.5
v 107.0 119.5 47.0
v 107.0 120.0 47.5
v 106.5 120.0 69.0
v 107.0 120.0 68.5
v 106.5 120.0 70.0
v 106.5 120.0 71.0
v 107.0 120.5 48.0
v 106.5 121.0 48.0
v 106.5 121.0 49.0
v 107.0 120.5 49.0
v 107.0 121.0 49.5
v 107.0 120.5 69.0
v 107.0 120.5 70.0
v 107.0 120.5 71.0
v 106.5 121.0 72.0
v 107.0 121.0 71.5
v 107.0 122.0 49.5
v 106.5 122.0 72.0
v 107.0 122.0 71.5
v 107.0 123.0 49.5
v 106.5 123.0 71.0
v 107.0 122.5 71.0
v 107.0 123.0 70.5
v 106.5 123.0 72.0
v 107.0 124.0 49.5
v 106.5 124.0 71.0
v 107.0 124.0 70.5
v 107.0 125.0 49.5
v 107.0 124.5 71.0
v 107.0 124.5 72.0
v 107.0 125.0 72.5
v 107.0 126.0 49.5
v 107.0 126.0 72.5
v 107.0 127.0 49.5
v 106.5 127.0 73.0
v 107.0 127.0 72.5
v 107.0 128.0 49.5
v 107.0 127.5 73.0
v 107.0 128.0 73.5
v 107.0 129.0 49.5
v 106.5 129.0 73.0
v 107.0 128.5 73.0
v 107.0 129.0 72.5
v 107.0 130.0 49.5
v 106.5 130.0 73.0
v 107.0 130.0 72.5
v 106.5 130.0 74.0
v 107.0 131.0 49.5
v 106.5 131.0 73.0
v 107.0 131.0 72.5
v 107.0 132.0 49.5
v 106.5 132.0 73.0
v 107.0 132.0 72.5
v 106.5 132.0 75.0
v 107.0 133.0 49.5
v 106.5 133.0 73.0
v 107.0 133.0 72.5
v 107.0 133.5 50.0
v 107.0 134.0 50.5
v 106.5 134.0 73.0
v 107.0 134.0 72.5
v 107.0 135.0 50.5
v 107.0 135.0 72.5
v 107.0 135.5 51.0
v 107.0 136.0 51.5
v 107.0 136.0 72.5
v 107.0 137.0 51.5
v 106.5 137.0 72.0
v 107.0 136.5 72.0
v 107.0 137.0 71.5
v 107.0 137.5 52.0
v 107.0 138.0 52.5
v 107.0 138.0 71.5
v 107.0 138.5 53.0
v 107.0 139.0 53.5
v 107.0 139.0 71.5
v 106.5 140.0 54.0
v 107.0 140.0 53.5
v 107.0 139.5 71.0
v 107.0 140.0 70.5
v 107.0 140.5 54.0
v 106.5 141.0 55.0
v 107.0 141.0 54.5
v 107.0 141.0 55.5
v 107.0 140.5 56.0
v 106.5 141.0 57.0
v 107.0 140.5 57.0
v 107.0 141.0 57.5
v 106.5 141.0 70.0
v 107.0 140.5 70.0
v 107.0 141.0 69.5
v 107.0 141.5 55.0
v 107.0 141.5 58.0
v 107.0 142.0 58.5
v 107.0 141.5 60.0
v 107.0 142.0 59.5
v 106.5 142.0 61.0
v 107.0 141.5 61.0
v 107.0 142.0 61.5
v 106.5 142.0 63.0
v 107.0 141.5 63.0
v 107.0 142.0 62.5
v 107.0 142.0 63.5
v 106.5 142.0 65.0
v 107.0 141.5 65.0
v 107.0 142.0 64.5
v 107.0 142.0 65.5
v 106.5 142.0 68.0
v 107.0 141.5 68.0
v 107.0 142.0 67.5
v 106.5 142.0 69.0
v 107.0 141.5 69.0
v 106.5 142.0 70.0
v 107.0 142.5 59.0
v 107.0 142.5 62.0
v 107.0 142.5 64.0
v 106.5 143.0 66.0
v 107.0 142.5 66.0
v 106.5 143.0 67.0
v 107.0 142.5 67.0
v 106.5 143.0 69.0
v 107.5 105.0 55.0
v 107.5 105.0 56.0
v 107.5 105.0 57.0
v 107.5 105.0 58.0
v 107.5 106.0 53.0
v 107.5 106.0 54.0
v 107.5 106.0 55.0
v 107.5 106.0 56.0
v 107.5 106.0 57.0
v 107.5 106.0 58.0
v 107.5 106.0 59.0
v 107.5 106.0 60.0
v 107.5 106.0 61.0
v 107.5 106.0 62.0
v 107.5 106.0 63.0
v 107.5 107.0 50.0
v 107.5 107.0 51.0
v 108.0 107.0 51.5
v 108.0 106.5 52.0
v 108.0 106.5 53.0
v 108.0 106.5 54.0
v 108.0 106.5 55.0
v 108.0 106.5 56.0
v 108.0 106.5 57.0
v 108.0 106.5 58.0
v 108.0 106.5 59.0
v 108.0 106.5 60.0
v 108.0 106.5 61.0
v 108.0 106.5 62.0
v 108.0 106.5 63.0
v 108.0 106.5 64.0
v 108.0 106.5 65.0
v 107.5 107.0 66.0
v 108.0 107.0 65.5
v 107.5 108.0 48.0
v 107.5 108.0 49.0
v 108.0 108.0 49.5
v 108.0 107.5 50.0
v 108.0 107.5 51.0
v 108.0 107.5 66.0
v 107.5 108.0 67.0
v 108.0 108.0 66.5
v 108.0 109.0 47.5
v 108.0 108.5 48.0
v 108.0 108.5 49.0
v 108.0 108.5 67.0
v 108.0 109.0 67.5
v 107.5 110.0 47.0
v 108.0 110.0 47.5
v 108.0 109.5 68.0
v 108.0 110.0 68.5
v 107.5 111.0 47.0
v 108.0 111.0 47.5
v 108.0 111.0 68.5
v 107.5 112.0 47.0
v 108.0 112.0 47.5
v 108.0 112.0 68.5
v 108.0 113.0 46.5
v 108.0 112.5 47.0
v 108.0 113.0 68.5
v 108.0 114.0 46.5
v 107.5 114.0 67.0
v 108.0 113.5 67.0
v 108.0 114.0 66.5
v 107.5 114.0 68.0
v 108.0 113.5 68.0
v 108.0 115.0 46.5
v 108.0 114.5 67.0
v 108.0 115.0 67.5
v 108.0 116.0 46.5
v 108.0 116.0 67.5
v 108.0 117.0 46.5
v 108.0 116.5 68.0
v 108.0 117.0 68.5
v 108.0 118.0 46.5
v 108.0 118.0 68.5
v 108.0 118.5 47.0
v 107.5 119.0 47.0
v 107.5 119.0 48.0
v 108.0 118.5 48.0
v 108.0 119.0 48.5
v 108.0 118.5 69.0
v 107.5 119.0 69.0
v 108.0 119.0 69.5
v 107.5 120.0 48.0
v 108.0 119.5 49.0
v 107.5 120.0 49.0
v 107.5 120.0 50.0
v 108.0 119.5 50.0
v 108.0 120.0 50.5
v 107.5 120.0 69.0
v 108.0 119.5 70.0
v 107.5 120.0 70.0
v 108.0 120.0 70.5
v 107.5 121.0 50.0
v 108.0 121.0 50.5
v 108.0 121.0 70.5
v 107.5 121.0 71.0
v 107.5 122.0 50.0
v 108.0 122.0 50.5
v 107.5 122.0 71.0
v 108.0 122.0 70.5
v 108.0 123.0 49.5
v 108.0 122.5 50.0
v 108.0 123.0 70.5
v 108.0 124.0 49.5
v 108.0 124.0 70.5
v 108.0 125.0 49.5
v 108.0 124.5 71.0
v 107.5 125.0 72.0
v 108.0 125.0 71.5
v 108.0 126.0 49.5
v 107.5 126.0 72.0
v 108.0 126.0 71.5
v 108.0 127.0 49.5
v 107.5 127.0 72.0
v 108.0 127.0 71.5
v 108.0 128.0 49.5
v 107.5 128.0 72.0
v 108.0 128.0 71.5
v 107.5 128.0 73.0
v 108.0 129.0 49.5
v 107.5 129.0 72.0
v 108.0 129.0 71.5
v 108.0 130.0 49.5
v 107.5 130.0 72.0
v 108.0 130.0 71.5
v 108.0 131.0 49.5
v 107.5 131.0 72.0
v 108.0 131.0 71.5
v 108.0 132.0 49.5
v 107.5 132.0 72.0
v 108.0 132.0 71.5
v 108.0 132.5 50.0
v 107.5 133.0 50.0
v 108.0 133.0 50.5
v 107.5 133.0 72.0
v 108.0 133.0 71.5
v 108.0 134.0 50.5
v 107.5 134.0 72.0
v 108.0 134.0 71.5
v 108.0 135.0 50.5
v 107.5 135.0 72.0
v 108.0 135.0 71.5
v 108.0 135.5 51.0
v 108.0 136.0 51.5
v 107.5 136.0 71.0
v 108.0 135.5 71.0
v 108.0 136.0 70.5
v 107.5 136.0 72.0
v 108.0 137.0 51.5
v 107.5 137.0 71.0
v 108.0 137.0 70.5
v 108.0 137.5 52.0
v 108.0 138.0 52.5
v 107.5 138.0 71.0
v 108.0 138.0 70.5
v 108.0 138.5 53.0
v 108.0 139.0 53.5
v 107.5 139.0 71.0
v 108.0 139.0 70.5
v 108.0 140.0 53.5
v 107.5 140.0 68.0
v 108.0 139.5 68.0
v 108.0 140.0 67.5
v 107.5 140.0 69.0
v 108.0 139.5 69.0
v 107.5 140.0 70.0
v 108.0 139.5 70.0
v 107.5 141.0 54.0
v 108.0 141.0 53.5
v 107.5 141.0 56.0
v 107.5 141.0 57.0
v 107.5 141.0 63.0
v 108.0 140.5 63.0
v 108.0 141.0 62.5
v 108.0 141.0 63.5
v 107.5 141.0 65.0
v 108.0 140.5 65.0
v 108.0 141.0 64.5
v 107.5 141.0 66.0
v 108.0 140.5 66.0
v 107.5 141.0 67.0
v 108.0 140.5 67.0
v 107.5 141.0 68.0
v 107.5 141.0 69.0
v 108.0 141.5 54.0
v 108.0 141.5 55.0
v 108.0 141.5 56.0
v 108.0 141.5 57.0
v 108.0 141.5 58.0
v 108.0 142.0 58.5
v 108.0 141.5 60.0
v 108.0 142.0 59.5
v 108.0 141.5 61.0
v 107.5 142.0 62.0
v 108.0 141.5 62.0
v 107.5 142.0 64.0
v 108.0 141.5 64.0
v 107.5 142.0 66.0
v 107.5 142.0 67.0
v 108.0 142.5 59.0
v 108.5 107.0 52.0
v 108.5 107.0 53.0
v 109.0 107.0 53.5
v 109.0 106.5 54.0
v 109.0 106.5 55.0
v 109.0 106.5 56.0
v 109.0 106.5 57.0
v 109.0 106.5 58.0
v 109.0 106.5 59.0
v 109.0 106.5 60.0
v 108.5 107.0 61.0
v 109.0 107.0 60.5
v 108.5 107.0 62.0
v 108.5 107.0 63.0
v 108.5 107.0 64.0
v 108.5 107.0 65.0
v 108.5 108.0 50.0
v 108.5 108.0 51.0
v 109.0 108.0 51.5
v 109.0 107.5 52.0
v 109.0 107.5 53.0
v 109.0 107.5 61.0
v 109.0 107.5 62.0
v 109.0 107.5 63.0
v 109.0 107.5 64.0
v 109.0 107.5 65.0
v 108.5 108.0 66.0
v 109.0 108.0 65.5
v 108.5 109.0 48.0
v 108.5 109.0 49.0
v 108.5 109.0 50.0
v 109.0 109.0 50.5
v 109.0 108.5 51.0
v 109.0 108.5 66.0
v 108.5 109.0 67.0
v 109.0 109.0 66.5
v 108.5 110.0 48.0
v 108.5 110.0 49.0
v 109.0 110.0 49.5
v 109.0 109.5 50.0
v 109.0 109.5 67.0
v 108.5 110.0 68.0
v 109.0 110.0 67.5
v 109.0 111.0 47.5
v 109.0 110.5 48.0
v 109.0 110.5 49.0
v 108.5 111.0 68.0
v 109.0 111.0 67.5
v 109.0 112.0 47.5
v 109.0 111.5 68.0
v 109.0 112.0 68.5
v 108.5 113.0 47.0
v 109.0 113.0 47.5
v 109.0 113.0 68.5
v 108.5 114.0 47.0
v 109.0 114.0 47.5
v 109.0 113.5 67.0
v 109.0 114.0 66.5
v 109.0 113.5 68.0
v 108.5 115.0 47.0
v 109.0 115.0 47.5
v 109.0 114.5 67.0
v 109.0 115.0 67.5
v 108.5 116.0 47.0
v 109.0 116.0 47.5
v 109.0 115.5 68.0
v 108.5 116.0 68.0
v 109.0 116.0 68.5
v 108.5 117.0 47.0
v 109.0 117.0 47.5
v 109.0 117.0 68.5
v 108.5 118.0 47.0
v 109.0 118.0 47.5
v 109.0 117.5 69.0
v 108.5 118.0 69.0
v 109.0 117.5 70.0
v 108.5 118.0 70.0
v 109.0 118.0 70.5
v 109.0 118.5 48.0
v 109.0 119.0 48.5
v 108.5 119.0 70.0
v 109.0 119.0 70.5
v 109.0 119.5 49.0
v 109.0 119.5 50.0
v 109.0 120.0 50.5
v 109.0 120.0 70.5
v 109.0 121.0 50.5
v 109.0 121.0 70.5
v 108.5 122.0 50.0
v 109.0 122.0 49.5
v 109.0 121.5 50.0
v 109.0 122.0 70.5
v 109.0 123.0 49.5
v 109.0 123.0 70.5
v 109.0 124.0 49.5
v 109.0 124.0 70.5
v 109.0 125.0 49.5
v 108.5 125.0 71.0
v 109.0 125.0 70.5
v 109.0 126.0 49.5
v 109.0 125.5 71.0
v 109.0 126.0 71.5
v 109.0 127.0 49.5
v 109.0 127.0 71.5
v 109.0 128.0 49.5
v 109.0 128.0 71.5
v 109.0 129.0 49.5
v 109.0 129.0 71.5
v 109.0 130.0 49.5
v 109.0 130.0 71.5
v 109.0 131.0 49.5
v 108.5 131.0 71.0
v 109.0 130.5 71.0
v 109.0 131.0 70.5
v 109.0 132.0 49.5
v 108.5 132.0 71.0
v 109.0 132.0 70.5
v 109.0 132.5 50.0
v 109.0 133.0 50.5
v 109.0 132.5 71.0
v 109.0 133.0 71.5
v 109.0 134.0 50.5
v 108.5 134.0 71.0
v 109.0 133.5 71.0
v 109.0 134.0 70.5
v 109.0 135.0 50.5
v 108.5 135.0 71.0
v 109.0 135.0 70.5
v 109.0 135.5 51.0
v 109.0 136.0 51.5
v 109.0 136.0 70.5
v 109.0 136.5 52.0
v 108.5 137.0 52.0
v 109.0 137.0 52.5
v 109.0 137.0 70.5
v 108.5 138.0 53.0
v 109.0 137.5 53.0
v 109.0 138.0 53.5
v 109.0 138.0 70.5
v 109.0 139.0 53.5
v 108.5 139.0 69.0
v 109.0 138.5 69.0
v 109.0 139.0 68.5
v 108.5 139.0 70.0
v 109.0 138.5 70.0
v 109.0 140.0 53.5
v 108.5 140.0 63.0
v 109.0 139.5 63.0
v 109.0 140.0 62.5
v 109.0 140.0 63.5
v 108.5 140.0 65.0
v 109.0 139.5 65.0
v 109.0 140.0 64.5
v 108.5 140.0 66.0
v 109.0 139.5 66.0
v 108.5 140.0 67.0
v 109.0 139.5 67.0
v 109.0 139.5 68.0
v 109.0 141.0 53.5
v 108.5 141.0 61.0
v 109.0 140.5 61.0
v 109.0 141.0 60.5
v 108.5 141.0 62.0
v 109.0 140.5 62.0
v 108.5 141.0 64.0
v 109.0 140.5 64.0
v 109.0 141.5 54.0
v 109.0 141.5 55.0
v 109.0 141.5 56.0
v 109.0 141.5 57.0
v 108.5 142.0 58.0
v 109.0 142.0 57.5
v 108.5 142.0 60.0
v 109.0 142.0 60.5
v 109.0 142.5 58.0
v 109.0 142.5 59.0
v 109.0 142.5 60.0
v 109.5 107.0 54.0
v 109.5 107.0 55.0
v 109.5 107.0 56.0
v 109.5 107.0 57.0
v 109.5 107.0 58.0
v 109.5 107.0 59.0
v 109.5 107.0 60.0
v 109.5 108.0 52.0
v 109.5 108.0 53.0
v 110.0 108.0 53.5
v 110.0 107.5 54.0
v 110.0 107.5 55.0
v 110.0 107.5 56.0
v 110.0 107.5 57.0
v 110.0 107.5 58.0
v 110.0 107.5 59.0
v 110.0 107.5 60.0
v 110.0 107.5 61.0
v 110.0 107.5 62.0
v 110.0 107.5 63.0
v 109.5 108.0 64.0
v 110.0 108.0 63.5
v 109.5 108.0 65.0
v 110.0 109.0 50.5
v 110.0 108.5 51.0
v 110.0 108.5 52.0
v 110.0 108.5 53.0
v 110.0 108.5 64.0
v 110.0 108.5 65.0
v 109.5 109.0 66.0
v 110.0 109.0 65.5
v 110.0 110.0 49.5
v 110.0 109.5 50.0
v 110.0 109.5 66.0
v 109.5 110.0 67.0
v 110.0 110.0 66.5
v 109.5 111.0 48.0
v 110.0 111.0 48.5
v 110.0 110.5 49.0
v 109.5 111.0 67.0
v 110.0 111.0 66.5
v 110.0 112.0 47.5
v 110.0 111.5 48.0
v 109.5 112.0 67.0
v 110.0 112.0 66.5
v 109.5 112.0 68.0
v 110.0 113.0 47.5
v 109.5 113.0 66.0
v 110.0 112.5 66.0
v 110.0 113.0 65.5
v 109.5 113.0 67.0
v 109.5 113.0 68.0
v 110.0 114.0 47.5
v 109.5 114.0 66.0
v 110.0 114.0 65.5
v 110.0 115.0 47.5
v 110.0 114.5 66.0
v 109.5 115.0 67.0
v 110.0 115.0 66.5
v 110.0 116.0 47.5
v 110.0 115.5 67.0
v 109.5 116.0 68.0
v 110.0 116.0 67.5
v 110.0 117.0 47.5
v 110.0 116.5 68.0
v 110.0 117.0 68.5
v 110.0 118.0 47.5
v 110.0 117.5 69.0
v 109.5 118.0 70.0
v 110.0 118.0 69.5
v 110.0 118.5 48.0
v 109.5 119.0 49.0
v 110.0 118.5 49.0
v 109.5 119.0 50.0
v 110.0 118.5 50.0
v 110.0 119.0 50.5
v 110.0 118.5 70.0
v 110.0 119.0 70.5
v 109.5 120.0 51.0
v 110.0 119.5 51.0
v 110.0 120.0 51.5
v 110.0 119.5 71.0
v 109.5 120.0 71.0
v 110.0 120.0 71.5
v 109.5 121.0 50.0
v 110.0 121.0 49.5
v 110.0 120.5 50.0
v 110.0 120.5 51.0
v 109.5 121.0 71.0
v 110.0 121.0 71.5
v 109.5 122.0 50.0
v 110.0 121.5 50.0
v 110.0 122.0 50.5
v 110.0 121.5 71.0
v 110.0 122.0 70.5
v 109.5 123.0 50.0
v 110.0 123.0 50.5
v 110.0 123.0 70.5
v 110.0 124.0 49.5
v 110.0 123.5 50.0
v 109.5 124.0 70.0
v 110.0 123.5 70.0
v 110.0 124.0 69.5
v 110.0 125.0 49.5
v 109.5 125.0 70.0
v 110.0 125.0 69.5
v 110.0 126.0 49.5
v 110.0 125.5 70.0
v 109.5 126.0 71.0
v 110.0 126.0 70.5
v 110.0 127.0 49.5
v 109.5 127.0 71.0
v 110.0 127.0 70.5
v 110.0 128.0 49.5
v 109.5 128.0 71.0
v 110.0 128.0 70.5
v 110.0 129.0 49.5
v 110.0 128.5 71.0
v 110.0 129.0 71.5
v 110.0 130.0 49.5
v 110.0 130.0 71.5
v 110.0 131.0 49.5
v 109.5 131.0 70.0
v 110.0 130.5 70.0
v 110.0 131.0 69.5
v 110.0 130.5 71.0
v 110.0 131.5 50.0
v 109.5 132.0 50.0
v 110.0 132.0 50.5
v 109.5 132.0 70.0
v 110.0 132.0 69.5
v 110.0 133.0 50.5
v 109.5 133.0 70.0
v 110.0 133.0 69.5
v 109.5 133.0 71.0
v 110.0 134.0 50.5
v 110.0 133.5 70.0
v 110.0 134.0 70.5
v 110.0 134.5 51.0
v 109.5 135.0 51.0
v 110.0 135.0 51.5
v 110.0 135.0 70.5
v 109.5 136.0 52.0
v 110.0 135.5 52.0
v 109.5 136.0 53.0
v 110.0 135.5 53.0
v 110.0 136.0 53.5
v 109.5 136.0 70.0
v 110.0 135.5 70.0
v 110.0 136.0 69.5
v 109.5 137.0 53.0
v 110.0 137.0 53.5
v 109.5 137.0 68.0
v 110.0 136.5 68.0
v 110.0 137.0 67.5
v 110.0 137.0 68.5
v 109.5 137.0 70.0
v 110.0 137.0 69.5
v 110.0 138.0 53.5
v 109.5 138.0 68.0
v 110.0 138.0 67.5
v 110.0 137.5 69.0
v 109.5 138.0 69.0
v 109.5 138.0 70.0
v 110.0 139.0 53.5
v 109.5 139.0 67.0
v 110.0 138.5 67.0
v 110.0 139.0 66.5
v 109.5 139.0 68.0
v 110.0 140.0 53.5
v 109.5 140.0 62.0
v 110.0 139.5 62.0
v 110.0 140.0 61.5
v 110.0 139.5 63.0
v 109.5 140.0 64.0
v 110.0 139.5 64.0
v 110.0 139.5 65.0
v 110.0 139.5 66.0
v 110.0 140.5 54.0
v 109.5 141.0 54.0
v 110.0 141.0 54.5
v 110.0 140.5 61.0
v 110.0 141.0 60.5
v 110.0 141.5 55.0
v 110.0 141.5 56.0
v 110.0 141.5 57.0
v 110.0 142.0 57.5
v 110.0 142.0 60.5
v 110.0 142.5 58.0
v 110.0 142.5 59.0
v 110.0 142.5 60.0
v 110.5 108.0 54.0
v 111.0 108.0 54.5
v 111.0 107.5 55.0
v 110.5 108.0 56.0
v 111.0 108.0 55.5
v 110.5 108.0 57.0
v 110.5 108.0 58.0
v 111.0 108.0 58.5
v 111.0 107.5 59.0
v 111.0 107.5 60.0
v 110.5 108.0 61.0
v 111.0 108.0 60.5
v 110.5 108.0 62.0
v 110.5 108.0 63.0
v 110.5 109.0 51.0
v 110.5 109.0 52.0
v 111.0 109.0 52.5
v 111.0 108.5 53.0
v 111.0 108.5 54.0
v 111.0 108.5 56.0
v 111.0 108.5 57.0
v 111.0 108.5 58.0
v 111.0 108.5 61.0
v 111.0 108.5 62.0
v 111.0 108.5 63.0
v 110.5 109.0 64.0
v 111.0 109.0 63.5
v 110.5 109.0 65.0
v 111.0 110.0 49.5
v 111.0 109.5 50.0
v 111.0 109.5 51.0
v 111.0 109.5 52.0
v 111.0 109.5 64.0
v 111.0 109.5 65.0
v 110.5 110.0 66.0
v 111.0 110.0 65.5
v 110.5 111.0 49.0
v 111.0 111.0 49.5
v 110.5 111.0 66.0
v 111.0 111.0 65.5
v 110.5 112.0 48.0
v 111.0 112.0 48.5
v 111.0 111.5 49.0
v 110.5 112.0 66.0
v 111.0 112.0 65.5
v 110.5 113.0 48.0
v 111.0 113.0 48.5
v 110.5 113.0 65.0
v 111.0 112.5 65.0
v 111.0 113.0 64.5
v 110.5 114.0 48.0
v 111.0 114.0 48.5
v 111.0 113.5 65.0
v 111.0 114.0 65.5
v 111.0 115.0 47.5
v 111.0 114.5 48.0
v 111.0 114.5 66.0
v 111.0 114.5 67.0
v 110.5 115.0 67.0
v 111.0 115.0 67.5
v 111.0 116.0 47.5
v 111.0 115.5 68.0
v 110.5 116.0 68.0
v 111.0 116.0 68.5
v 111.0 117.0 47.5
v 111.0 117.0 68.5
v 111.0 118.0 47.5
v 111.0 117.5 69.0
v 111.0 118.0 69.5
v 111.0 118.5 48.0
v 111.0 118.5 49.0
v 111.0 118.5 50.0
v 110.5 119.0 51.0
v 111.0 118.5 51.0
v 111.0 119.0 51.5
v 111.0 118.5 70.0
v 111.0 119.0 70.5
v 111.0 120.0 51.5
v 111.0 119.5 71.0
v 111.0 120.0 71.5
v 110.5 121.0 50.0
v 110.5 121.0 51.0
v 111.0 121.0 51.5
v 111.0 121.0 71.5
v 110.5 122.0 51.0
v 111.0 122.0 51.5
v 110.5 122.0 71.0
v 111.0 122.0 71.5
v 111.0 123.0 50.5
v 111.0 122.5 51.0
v 110.5 123.0 71.0
v 111.0 123.0 71.5
v 110.5 124.0 50.0
v 111.0 124.0 50.5
v 110.5 124.0 70.0
v 111.0 124.0 70.5
v 111.0 123.5 71.0
v 111.0 125.0 49.5
v 111.0 124.5 50.0
v 110.5 125.0 70.0
v 111.0 125.0 70.5
v 111.0 126.0 49.5
v 111.0 126.0 69.5
v 110.5 126.0 70.0
v 111.0 125.5 70.0
v 111.0 127.0 49.5
v 110.5 127.0 70.0
v 111.0 127.0 69.5
v 111.0 128.0 49.5
v 110.5 128.0 70.0
v 111.0 128.0 69.5
v 111.0 129.0 49.5
v 110.5 129.0 70.0
v 111.0 129.0 69.5
v 110.5 129.0 71.0
v 111.0 130.0 49.5
v 110.5 130.0 70.0
v 111.0 130.0 69.5
v 110.5 130.0 71.0
v 111.0 130.5 50.0
v 110.5 131.0 50.0
v 111.0 131.0 50.5
v 110.5 131.0 69.0
v 111.0 130.5 69.0
v 111.0 131.0 68.5
v 111.0 132.0 50.5
v 110.5 132.0 69.0
v 111.0 132.0 68.5
v 111.0 133.0 50.5
v 110.5 133.0 69.0
v 111.0 133.0 68.5
v 111.0 133.5 51.0
v 110.5 134.0 51.0
v 111.0 134.0 51.5
v 110.5 134.0 69.0
v 111.0 134.0 68.5
v 110.5 134.0 70.0
v 110.5 135.0 52.0
v 111.0 134.5 52.0
v 111.0 135.0 52.5
v 110.5 135.0 68.0
v 111.0 134.5 68.0
v 111.0 135.0 67.5
v 110.5 135.0 69.0
v 110.5 135.0 70.0
v 111.0 135.5 53.0
v 111.0 136.0 53.5
v 111.0 135.5 68.0
v 111.0 136.0 68.5
v 110.5 136.0 69.0
v 111.0 137.0 53.5
v 111.0 136.5 68.0
v 111.0 137.0 67.5
v 110.5 137.0 69.0
v 111.0 138.0 53.5
v 110.5 138.0 66.0
v 111.0 137.5 66.0
v 111.0 138.0 65.5
v 110.5 138.0 67.0
v 111.0 137.5 67.0
v 111.0 138.5 54.0
v 110.5 139.0 54.0
v 110.5 139.0 55.0
v 111.0 138.5 55.0
v 111.0 139.0 55.5
v 110.5 139.0 60.0
v 111.0 138.5 60.0
v 111.0 139.0 59.5
v 111.0 139.0 60.5
v 110.5 139.0 62.0
v 111.0 138.5 62.0
v 111.0 139.0 61.5
v 110.5 139.0 63.0
v 111.0 138.5 63.0
v 110.5 139.0 64.0
v 111.0 138.5 64.0
v 110.5 139.0 65.0
v 111.0 138.5 65.0
v 110.5 139.0 66.0
v 110.5 140.0 54.0
v 110.5 140.0 55.0
v 111.0 140.0 55.5
v 110.5 140.0 60.0
v 111.0 140.0 59.5
v 111.0 139.5 61.0
v 110.5 140.0 61.0
v 110.5 141.0 55.0
v 111.0 141.0 55.5
v 110.5 141.0 60.0
v 111.0 141.0 59.5
v 111.0 141.5 56.0
v 111.0 141.5 57.0
v 111.0 142.0 57.5
v 110.5 142.0 60.0
v 111.0 142.0 59.5
v 110.5 143.0 58.0
v 111.0 143.0 57.5
v 111.0 143.0 58.5
v 111.0 142.5 59.0
v 111.0 143.5 58.0
v 111.5 108.0 55.0
v 111.5 108.0 59.0
v 111.5 108.0 60.0
v 111.5 109.0 53.0
v 111.5 109.0 54.0
v 111.5 109.0 55.0
v 111.5 109.0 56.0
v 111.5 109.0 57.0
v 112.0 109.0 57.5
v 112.0 108.5 58.0
v 112.0 108.5 59.0
v 112.0 108.5 60.0
v 112.0 108.5 61.0
v 111.5 109.0 62.0
v 112.0 109.0 61.5
v 111.5 109.0 63.0
v 111.5 110.0 50.0
v 111.5 110.0 51.0
v 112.0 110.0 51.5
v 112.0 109.5 52.0
v 112.0 109.5 53.0
v 112.0 109.5 54.0
v 112.0 109.5 55.0
v 112.0 109.5 56.0
v 112.0 109.5 57.0
v 112.0 109.5 62.0
v 112.0 109.5 63.0
v 111.5 110.0 64.0
v 112.0 110.0 63.5
v 111.5 110.0 65.0
v 112.0 111.0 49.5
v 112.0 110.5 50.0
v 112.0 110.5 51.0
v 112.0 110.5 64.0
v 112.0 111.0 64.5
v 111.5 111.0 65.0
v 111.5 112.0 49.0
v 112.0 112.0 49.5
v 111.5 112.0 65.0
v 112.0 112.0 64.5
v 112.0 113.0 48.5
v 112.0 112.5 49.0
v 112.0 113.0 64.5
v 112.0 114.0 48.5
v 112.0 113.5 65.0
v 112.0 113.5 66.0
v 111.5 114.0 66.0
v 112.0 113.5 67.0
v 111.5 114.0 67.0
v 112.0 114.0 67.5
v 111.5 115.0 48.0
v 112.0 115.0 48.5
v 112.0 114.5 68.0
v 111.5 115.0 68.0
v 112.0 115.0 68.5
v 111.5 116.0 48.0
v 112.0 116.0 48.5
v 112.0 116.0 68.5
v 111.5 117.0 48.0
v 112.0 117.0 48.5
v 112.0 116.5 69.0
v 111.5 117.0 69.0
v 112.0 117.0 69.5
v 111.5 118.0 48.0
v 112.0 117.5 49.0
v 111.5 118.0 49.0
v 111.5 118.0 50.0
v 112.0 117.5 50.0
v 112.0 118.0 50.5
v 112.0 118.0 69.5
v 112.0 118.5 51.0
v 112.0 119.0 51.5
v 112.0 118.5 70.0
v 112.0 119.0 70.5
v 112.0 120.0 51.5
v 112.0 119.5 71.0
v 112.0 120.0 71.5
v 111.5 121.0 50.0
v 112.0 121.0 49.5
v 112.0 120.5 50.0
v 112.0 121.0 50.5
v 112.0 121.0 51.5
v 112.0 121.0 71.5
v 112.0 121.5 50.0
v 112.0 121.5 52.0
v 111.5 122.0 52.0
v 112.0 122.0 52.5
v 112.0 122.0 71.5
v 111.5 123.0 51.0
v 112.0 123.0 51.5
v 112.0 122.5 52.0
v 112.0 123.0 71.5
v 111.5 124.0 51.0
v 112.0 124.0 51.5
v 112.0 123.5 71.0
v 112.0 124.0 70.5
v 111.5 125.0 50.0
v 111.5 125.0 51.0
v 112.0 125.0 51.5
v 111.5 125.0 70.0
v 112.0 124.5 70.0
v 112.0 125.0 69.5
v 111.5 126.0 50.0
v 112.0 126.0 50.5
v 112.0 125.5 51.0
v 111.5 126.0 69.0
v 112.0 125.5 69.0
v 112.0 126.0 68.5
v 111.5 127.0 50.0
v 112.0 127.0 50.5
v 111.5 127.0 69.0
v 112.0 127.0 68.5
v 111.5 128.0 50.0
v 112.0 128.0 50.5
v 111.5 128.0 69.0
v 112.0 128.0 68.5
v 111.5 129.0 50.0
v 112.0 129.0 50.5
v 111.5 129.0 69.0
v 112.0 129.0 68.5
v 111.5 130.0 50.0
v 112.0 130.0 50.5
v 111.5 130.0 69.0
v 112.0 130.0 68.5
v 112.0 131.0 50.5
v 111.5 131.0 68.0
v 112.0 130.5 68.0
v 112.0 131.0 67.5
v 112.0 131.5 51.0
v 111.5 132.0 51.0
v 112.0 132.0 51.5
v 111.5 132.0 68.0
v 112.0 132.0 67.5
v 111.5 133.0 51.0
v 112.0 133.0 51.5
v 111.5 133.0 68.0
v 112.0 133.0 67.5
v 111.5 134.0 52.0
v 112.0 133.5 52.0
v 112.0 134.0 52.5
v 111.5 134.0 68.0
v 112.0 134.0 67.5
v 112.0 135.0 52.5
v 112.0 135.0 67.5
v 112.0 135.5 53.0
v 112.0 136.0 53.5
v 111.5 136.0 67.0
v 112.0 135.5 67.0
v 112.0 136.0 66.5
v 111.5 136.0 68.0
v 112.0 136.5 54.0
v 111.5 137.0 54.0
v 112.0 137.0 54.5
v 111.5 137.0 64.0
v 112.0 136.5 64.0
v 112.0 137.0 63.5
v 111.5 137.0 65.0
v 112.0 136.5 65.0
v 111.5 137.0 66.0
v 112.0 136.5 66.0
v 111.5 137.0 67.0
v 111.5 138.0 54.0
v 112.0 138.0 54.5
v 111.5 138.0 63.0
v 112.0 137.5 63.0
v 112.0 138.0 62.5
v 111.5 138.0 64.0
v 111.5 138.0 65.0
v 112.0 138.5 55.0
v 112.0 139.0 55.5
v 111.5 139.0 59.0
v 112.0 138.5 59.0
v 112.0 139.0 58.5
v 112.0 138.5 60.0
v 111.5 139.0 61.0
v 112.0 138.5 61.0
v 112.0 138.5 62.0
v 112.0 139.5 56.0
v 111.5 140.0 56.0
v 111.5 140.0 57.0
v 112.0 139.5 57.0
v 112.0 140.0 57.5
v 112.0 139.5 59.0
v 112.0 140.0 59.5
v 111.5 141.0 56.0
v 111.5 141.0 57.0
v 112.0 141.0 57.5
v 112.0 141.0 59.5
v 112.0 142.0 57.5
v 112.0 142.0 59.5
v 112.0 143.0 57.5
v 112.0 142.5 59.0
v 112.0 143.0 58.5
v 112.0 143.5 58.0
v 112.5 109.0 58.0
v 112.5 109.0 59.0
v 112.5 109.0 60.0
v 112.5 109.0 61.0
v 112.5 110.0 52.0
v 112.5 110.0 53.0
v 112.5 110.0 54.0
v 112.5 110.0 55.0
v 113.0 110.0 55.5
v 113.0 109.5 56.0
v 113.0 109.5 57.0
v 113.0 109.5 58.0
v 113.0 109.5 59.0
v 113.0 109.5 60.0
v 113.0 109.5 61.0
v 112.5 110.0 62.0
v 113.0 110.0 61.5
v 112.5 110.0 63.0
v 113.0 111.0 49.5
v 113.0 110.5 50.0
v 113.0 110.5 51.0
v 113.0 110.5 52.0
v 113.0 110.5 53.0
v 113.0 110.5 54.0
v 113.0 110.5 55.0
v 113.0 110.5 62.0
v 113.0 111.0 62.5
v 112.5 111.0 63.0
v 112.5 111.0 64.0
v 113.0 112.0 49.5
v 113.0 111.5 63.0
v 113.0 112.0 63.5
v 112.5 112.0 64.0
v 112.5 113.0 49.0
v 113.0 113.0 49.5
v 113.0 112.5 64.0
v 113.0 112.5 65.0
v 112.5 113.0 65.0
v 113.0 113.0 65.5
v 113.0 114.0 48.5
v 113.0 113.5 49.0
v 113.0 113.5 66.0
v 113.0 113.5 67.0
v 113.0 114.0 67.5
v 113.0 115.0 48.5
v 113.0 114.5 68.0
v 113.0 115.0 68.5
v 113.0 116.0 48.5
v 113.0 115.5 69.0
v 112.5 116.0 69.0
v 113.0 116.0 69.5
v 113.0 116.5 49.0
v 112.5 117.0 49.0
v 113.0 117.0 49.5
v 113.0 117.0 69.5
v 113.0 117.5 50.0
v 112.5 118.0 51.0
v 113.0 117.5 51.0
v 113.0 118.0 51.5
v 113.0 118.0 69.5
v 113.0 119.0 51.5
v 112.5 119.0 70.0
v 113.0 119.0 69.5
v 113.0 120.0 51.5
v 113.0 119.5 70.0
v 112.5 120.0 71.0
v 113.0 120.0 70.5
v 112.5 121.0 50.0
v 113.0 120.5 52.0
v 112.5 121.0 52.0
v 113.0 121.0 52.5
v 112.5 121.0 71.0
v 113.0 121.0 70.5
v 113.0 122.0 52.5
v 112.5 122.0 71.0
v 113.0 122.0 70.5
v 112.5 123.0 52.0
v 113.0 123.0 52.5
v 112.5 123.0 71.0
v 113.0 123.0 70.5
v 113.0 124.0 51.5
v 113.0 123.5 52.0
v 113.0 124.0 70.5
v 113.0 125.0 51.5
v 113.0 124.5 70.0
v 113.0 125.0 69.5
v 112.5 126.0 51.0
v 113.0 126.0 51.5
v 113.0 125.5 69.0
v 113.0 126.0 68.5
v 112.5 127.0 51.0
v 113.0 127.0 51.5
v 113.0 127.0 68.5
v 113.0 128.0 50.5
v 113.0 127.5 51.0
v 113.0 128.0 68.5
v 113.0 129.0 50.5
v 113.0 129.0 68.5
v 113.0 129.5 51.0
v 112.5 130.0 51.0
v 113.0 130.0 51.5
v 112.5 130.0 68.0
v 113.0 129.5 68.0
v 113.0 130.0 67.5
v 112.5 131.0 51.0
v 113.0 130.5 52.0
v 112.5 131.0 52.0
v 113.0 131.0 52.5
v 113.0 131.0 67.5
v 112.5 132.0 52.0
v 113.0 132.0 52.5
v 113.0 132.0 67.5
v 112.5 133.0 52.0
v 113.0 132.5 53.0
v 112.5 133.0 53.0
v 113.0 133.0 53.5
v 112.5 133.0 67.0
v 113.0 132.5 67.0
v 113.0 133.0 66.5
v 113.0 133.5 53.0
v 113.0 134.0 52.5
v 112.5 134.0 67.0
v 113.0 134.0 66.5
v 113.0 134.5 53.0
v 112.5 135.0 53.0
v 113.0 135.0 53.5
v 112.5 135.0 66.0
v 113.0 134.5 66.0
v 113.0 135.0 65.5
v 112.5 135.0 67.0
v 113.0 136.0 53.5
v 112.5 136.0 66.0
v 113.0 136.0 65.5
v 113.0 136.5 54.0
v 113.0 137.0 54.5
v 113.0 136.5 64.0
v 113.0 137.0 63.5
v 113.0 136.5 65.0
v 113.0 138.0 54.5
v 113.0 137.5 63.0
v 113.0 138.0 62.5
v 113.0 138.5 55.0
v 112.5 139.0 56.0
v 113.0 138.5 56.0
v 112.5 139.0 57.0
v 113.0 138.5 57.0
v 112.5 139.0 58.0
v 113.0 138.5 58.0
v 113.0 138.5 59.0
v 113.0 138.5 60.0
v 113.0 138.5 61.0
v 113.0 138.5 62.0
v 112.5 140.0 58.0
v 112.5 140.0 59.0
v 113.0 141.0 57.5
v 113.0 140.5 58.0
v 113.0 141.0 58.5
v 112.5 141.0 59.0
v 113.0 142.0 57.5
v 112.5 142.0 59.0
v 113.0 142.0 58.5
v 113.0 142.5 58.0
v 112.5 143.0 58.0
v 114.0 110.0 55.5
v 114.0 109.5 56.0
v 113.5 110.0 57.0
v 114.0 110.0 56.5
v 113.5 110.0 58.0
v 113.5 110.0 59.0
v 113.5 110.0 60.0
v 113.5 110.0 61.0
v 113.5 111.0 50.0
v 113.5 111.0 51.0
v 113.5 111.0 52.0
v 113.5 111.0 53.0
v 113.5 111.0 54.0
v 113.5 111.0 55.0
v 114.0 110.5 56.0
v 113.5 111.0 56.0
v 114.0 110.5 57.0
v 114.0 111.0 56.5
v 114.0 110.5 58.0
v 114.0 110.5 59.0
v 114.0 110.5 60.0
v 114.0 111.0 60.5
v 113.5 111.0 61.0
v 113.5 111.0 62.0
v 114.0 112.0 49.5
v 114.0 111.5 50.0
v 114.0 111.5 51.0
v 114.0 111.5 52.0
v 114.0 111.5 53.0
v 114.0 111.5 54.0
v 114.0 111.5 55.0
v 114.0 111.5 56.0
v 114.0 111.5 61.0
v 114.0 111.5 62.0
v 113.5 112.0 63.0
v 114.0 112.0 62.5
v 114.0 113.0 49.5
v 113.5 113.0 60.0
v 114.0 112.5 60.0
v 114.0 113.0 59.5
v 114.0 113.0 60.5
v 114.0 112.5 63.0
v 114.0 112.5 64.0
v 114.0 112.5 65.0
v 114.0 113.0 65.5
v 113.5 114.0 49.0
v 114.0 114.0 49.5
v 114.0 113.5 60.0
v 114.0 113.5 66.0
v 114.0 113.5 67.0
v 114.0 114.0 67.5
v 113.5 115.0 49.0
v 114.0 115.0 49.5
v 114.0 114.5 68.0
v 114.0 115.0 68.5
v 113.5 116.0 49.0
v 114.0 116.0 49.5
v 113.5 116.0 69.0
v 114.0 116.0 68.5
v 113.5 117.0 50.0
v 114.0 116.5 50.0
v 114.0 117.0 50.5
v 114.0 116.5 69.0
v 114.0 117.0 69.5
v 114.0 117.5 51.0
v 114.0 118.0 51.5
v 113.5 118.0 53.0
v 114.0 117.5 53.0
v 114.0 118.0 52.5
v 114.0 118.0 53.5
v 114.0 118.0 69.5
v 114.0 118.5 52.0
v 113.5 119.0 52.0
v 113.5 119.0 53.0
v 114.0 119.0 53.5
v 114.0 119.0 69.5
v 113.5 120.0 52.0
v 114.0 120.0 52.5
v 114.0 119.5 53.0
v 113.5 120.0 70.0
v 114.0 120.0 69.5
v 113.5 121.0 53.0
v 114.0 120.5 53.0
v 114.0 121.0 53.5
v 114.0 120.5 70.0
v 114.0 121.0 70.5
v 113.5 122.0 53.0
v 114.0 122.0 53.5
v 113.5 122.0 70.0
v 114.0 121.5 70.0
v 114.0 122.0 69.5
v 113.5 123.0 53.0
v 114.0 123.0 53.5
v 113.5 123.0 70.0
v 114.0 123.0 69.5
v 114.0 124.0 51.5
v 114.0 123.5 52.0
v 114.0 123.5 53.0
v 113.5 124.0 70.0
v 114.0 124.0 69.5
v 114.0 125.0 51.5
v 113.5 125.0 69.0
v 114.0 124.5 69.0
v 114.0 125.0 68.5
v 114.0 126.0 51.5
v 113.5 126.0 68.0
v 114.0 125.5 68.0
v 114.0 126.0 67.5
v 114.0 127.0 51.5
v 113.5 127.0 68.0
v 114.0 127.0 67.5
v 113.5 128.0 51.0
v 114.0 128.0 51.5
v 113.5 128.0 68.0
v 114.0 128.0 67.5
v 113.5 129.0 51.0
v 114.0 129.0 51.5
v 113.5 129.0 68.0
v 114.0 129.0 67.5
v 113.5 130.0 52.0
v 114.0 129.5 52.0
v 113.5 130.0 53.0
v 114.0 129.5 53.0
v 113.5 130.0 54.0
v 114.0 129.5 54.0
v 114.0 130.0 54.5
v 113.5 130.0 67.0
v 114.0 129.5 67.0
v 114.0 130.0 66.5
v 113.5 131.0 53.0
v 113.5 131.0 54.0
v 114.0 130.5 55.0
v 113.5 131.0 55.0
v 114.0 131.0 55.5
v 113.5 131.0 67.0
v 114.0 131.0 66.5
v 113.5 132.0 53.0
v 113.5 132.0 54.0
v 114.0 132.0 54.5
v 114.0 131.5 55.0
v 113.5 132.0 66.0
v 114.0 131.5 66.0
v 114.0 132.0 65.5
v 113.5 132.0 67.0
v 113.5 133.0 54.0
v 114.0 132.5 55.0
v 113.5 133.0 55.0
v 114.0 133.0 55.5
v 113.5 133.0 65.0
v 114.0 132.5 65.0
v 114.0 133.0 64.5
v 113.5 133.0 66.0
v 113.5 134.0 53.0
v 113.5 134.0 54.0
v 113.5 134.0 55.0
v 114.0 134.0 55.5
v 113.5 134.0 64.0
v 114.0 133.5 64.0
v 114.0 134.0 63.5
v 113.5 134.0 65.0
v 113.5 134.0 66.0
v 113.5 135.0 54.0
v 113.5 135.0 55.0
v 114.0 135.0 55.5
v 113.5 135.0 64.0
v 114.0 135.0 63.5
v 113.5 135.0 65.0
v 113.5 136.0 54.0
v 113.5 136.0 55.0
v 114.0 135.5 56.0
v 113.5 136.0 56.0
v 114.0 136.0 56.5
v 113.5 136.0 63.0
v 114.0 135.5 63.0
v 114.0 136.0 62.5
v 113.5 136.0 64.0
v 113.5 136.0 65.0
v 113.5 137.0 55.0
v 113.5 137.0 56.0
v 114.0 137.0 56.5
v 113.5 137.0 60.0
v 114.0 136.5 60.0
v 114.0 137.0 59.5
v 113.5 137.0 61.0
v 114.0 136.5 61.0
v 113.5 137.0 62.0
v 114.0 136.5 62.0
v 113.5 137.0 63.0
v 113.5 138.0 55.0
v 113.5 138.0 56.0
v 114.0 137.5 57.0
v 113.5 138.0 57.0
v 113.5 138.0 58.0
v 114.0 137.5 58.0
v 113.5 138.0 59.0
v 114.0 137.5 59.0
v 113.5 138.0 60.0
v 113.5 138.0 61.0
v 113.5 138.0 62.0
v 113.5 141.0 58.0
v 113.5 142.0 58.0
v 114.5 110.0 56.0
v 114.5 111.0 57.0
v 114.5 111.0 58.0
v 114.5 111.0 59.0
v 114.5 111.0 60.0
v 114.5 112.0 50.0
v 114.5 112.0 51.0
v 115.0 112.0 51.5
v 115.0 111.5 52.0
v 115.0 111.5 53.0
v 114.5 112.0 54.0
v 115.0 112.0 53.5
v 114.5 112.0 55.0
v 114.5 112.0 56.0
v 114.5 112.0 57.0
v 114.5 112.0 58.0
v 114.5 112.0 59.0
v 114.5 112.0 60.0
v 114.5 112.0 61.0
v 114.5 112.0 62.0
v 115.0 111.5 63.0
v 115.0 112.0 62.5
v 114.5 112.0 63.0
v 115.0 112.0 63.5
v 114.5 113.0 50.0
v 114.5 113.0 51.0
v 115.0 112.5 52.0
v 114.5 113.0 52.0
v 114.5 113.0 53.0
v 115.0 112.5 53.0
v 114.5 113.0 54.0
v 114.5 113.0 55.0
v 114.5 113.0 56.0
v 114.5 113.0 57.0
v 114.5 113.0 58.0
v 114.5 113.0 59.0
v 114.5 113.0 60.0
v 115.0 113.0 59.5
v 115.0 112.5 60.0
v 115.0 112.5 61.0
v 114.5 112.5 60.5
v 115.0 112.5 62.0
v 115.0 112.5 64.0
v 115.0 112.5 65.0
v 115.0 113.0 65.5
v 114.5 114.0 50.0
v 114.5 114.0 51.0
v 115.0 114.0 51.5
v 115.0 113.5 52.0
v 115.0 113.5 53.0
v 115.0 113.5 54.0
v 115.0 113.5 55.0
v 115.0 114.0 55.5
v 114.5 114.0 56.0
v 115.0 114.0 56.5
v 115.0 113.5 57.0
v 115.0 113.5 58.0
v 115.0 113.5 59.0
v 115.0 113.5 66.0
v 114.5 114.0 67.0
v 115.0 114.0 66.5
v 114.5 115.0 50.0
v 115.0 115.0 50.5
v 115.0 114.5 51.0
v 115.0 114.5 56.0
v 115.0 114.5 67.0
v 114.5 115.0 68.0
v 115.0 115.0 67.5
v 114.5 116.0 50.0
v 115.0 116.0 50.5
v 115.0 115.5 68.0
v 115.0 116.0 68.5
v 114.5 117.0 51.0
v 115.0 116.5 51.0
v 115.0 117.0 51.5
v 114.5 117.0 69.0
v 115.0 117.0 68.5
v 114.5 118.0 52.0
v 115.0 117.5 52.0
v 115.0 117.5 53.0
v 115.0 118.0 53.5
v 114.5 118.0 69.0
v 115.0 118.0 68.5
v 115.0 119.0 53.5
v 115.0 118.5 69.0
v 115.0 119.0 69.5
v 115.0 120.0 52.5
v 115.0 119.5 53.0
v 115.0 120.0 69.5
v 115.0 120.5 53.0
v 115.0 121.0 53.5
v 114.5 121.0 69.0
v 115.0 120.5 69.0
v 115.0 121.0 68.5
v 114.5 121.0 70.0
v 115.0 122.0 53.5
v 114.5 122.0 69.0
v 115.0 122.0 68.5
v 115.0 123.0 53.5
v 114.5 123.0 69.0
v 115.0 123.0 68.5
v 114.5 124.0 52.0
v 115.0 124.0 52.5
v 115.0 123.5 53.0
v 114.5 124.0 68.0
v 115.0 123.5 68.0
v 115.0 124.0 67.5
v 114.5 124.0 69.0
v 114.5 125.0 52.0
v 115.0 125.0 52.5
v 114.5 125.0 68.0
v 115.0 125.0 67.5
v 114.5 126.0 52.0
v 115.0 126.0 52.5
v 114.5 126.0 63.0
v 115.0 125.5 63.0
v 115.0 126.0 62.5
v 115.0 126.0 63.5
v 115.0 126.0 67.5
v 114.5 127.0 52.0
v 115.0 127.0 52.5
v 115.0 126.5 63.0
v 114.5 127.0 67.0
v 115.0 126.5 67.0
v 115.0 127.0 66.5
v 114.5 128.0 52.0
v 115.0 128.0 52.5
v 114.5 128.0 67.0
v 115.0 128.0 66.5
v 114.5 129.0 52.0
v 115.0 128.5 53.0
v 114.5 129.0 53.0
v 115.0 129.0 53.5
v 114.5 129.0 67.0
v 115.0 129.0 66.5
v 115.0 129.5 54.0
v 114.5 130.0 55.0
v 115.0 129.5 55.0
v 114.5 130.0 56.0
v 115.0 129.5 56.0
v 114.5 130.0 57.0
v 115.0 129.5 57.0
v 114.5 130.0 58.0
v 115.0 129.5 58.0
v 114.5 130.0 59.0
v 115.0 129.5 59.0
v 114.5 130.0 60.0
v 115.0 129.5 60.0
v 114.5 130.0 61.0
v 115.0 129.5 61.0
v 114.5 130.0 62.0
v 115.0 129.5 62.0
v 114.5 130.0 63.0
v 115.0 129.5 63.0
v 114.5 130.0 64.0
v 115.0 129.5 64.0
v 114.5 130.0 65.0
v 115.0 129.5 65.0
v 114.5 130.0 66.0
v 115.0 129.5 66.0
v 114.5 131.0 56.0
v 115.0 131.0 56.5
v 115.0 130.5 57.0
v 115.0 131.0 57.5
v 114.5 131.0 58.0
v 114.5 131.0 59.0
v 114.5 131.0 60.0
v 114.5 131.0 61.0
v 114.5 131.0 62.0
v 114.5 131.0 63.0
v 114.5 131.0 64.0
v 114.5 131.0 65.0
v 114.5 131.0 66.0
v 114.5 132.0 55.0
v 114.5 132.0 56.0
v 115.0 131.5 57.0
v 114.5 132.0 57.0
v 114.5 132.0 58.0
v 114.5 132.0 59.0
v 114.5 132.0 60.0
v 114.5 132.0 61.0
v 114.5 132.0 62.0
v 114.5 132.0 63.0
v 114.5 132.0 64.0
v 114.5 132.0 65.0
v 114.5 133.0 56.0
v 114.5 133.0 57.0
v 114.5 133.0 58.0
v 114.5 133.0 59.0
v 114.5 133.0 60.0
v 114.5 133.0 61.0
v 114.5 133.0 62.0
v 114.5 133.0 63.0
v 114.5 133.0 64.0
v 114.5 134.0 56.0
v 114.5 134.0 57.0
v 114.5 134.0 58.0
v 114.5 134.0 59.0
v 114.5 134.0 60.0
v 114.5 134.0 61.0
v 114.5 134.0 62.0
v 114.5 134.0 63.0
v 114.5 135.0 56.0
v 114.5 135.0 57.0
v 114.5 135.0 58.0
v 114.5 135.0 59.0
v 114.5 135.0 60.0
v 114.5 135.0 61.0
v 114.5 135.0 62.0
v 114.5 135.0 63.0
v 114.5 136.0 57.0
v 114.5 136.0 58.0
v 114.5 136.0 59.0
v 114.5 136.0 60.0
v 114.5 136.0 61.0
v 114.5 136.0 62.0
v 114.5 137.0 57.0
v 114.5 137.0 58.0
v 114.5 137.0 59.0
v 115.5 112.0 52.0
v 115.5 112.0 53.0
v 115.5 112.0 62.0
v 116.0 112.0 61.5
v 116.0 111.5 62.0
v 116.0 111.5 63.0
v 116.0 111.5 64.0
v 115.5 112.0 64.0
v 116.0 112.0 64.5
v 115.5 113.0 57.0
v 116.0 113.0 56.5
v 116.0 112.5 57.0
v 116.0 112.5 58.0
v 115.5 113.0 58.0
v 116.0 113.0 58.5
v 116.0 113.0 59.5
v 116.0 112.5 60.0
v 116.0 112.5 61.0
v 116.0 112.5 65.0
v 116.0 113.0 65.5
v 115.5 114.0 52.0
v 115.5 114.0 53.0
v 115.5 114.0 54.0
v 115.5 114.0 55.0
v 115.5 114.0 57.0
v 116.0 113.5 57.0
v 115.5 113.5 57.5
v 116.0 114.0 57.5
v 116.0 113.5 59.0
v 116.0 113.5 66.0
v 116.0 114.0 66.5
v 115.5 115.0 51.0
v 115.5 115.0 52.0
v 115.5 115.0 53.0
v 115.5 115.0 54.0
v 115.5 115.0 55.0
v 115.5 115.0 56.0
v 116.0 115.0 56.5
v 116.0 114.5 57.0
v 116.0 114.5 67.0
v 116.0 115.0 67.5
v 115.5 116.0 51.0
v 115.5 116.0 52.0
v 115.5 116.0 53.0
v 115.5 116.0 54.0
v 116.0 116.0 54.5
v 116.0 115.5 55.0
v 116.0 115.5 56.0
v 115.5 116.0 68.0
v 116.0 116.0 67.5
v 115.5 117.0 52.0
v 115.5 117.0 53.0
v 116.0 117.0 53.5
v 116.0 116.5 54.0
v 116.0 116.5 68.0
v 116.0 117.0 68.5
v 116.0 118.0 53.5
v 116.0 118.0 68.5
v 115.5 119.0 53.0
v 116.0 119.0 52.5
v 116.0 118.5 53.0
v 115.5 119.0 69.0
v 116.0 119.0 68.5
v 115.5 120.0 53.0
v 116.0 119.5 53.0
v 116.0 120.0 53.5
v 115.5 120.0 69.0
v 116.0 120.0 68.5
v 115.5 121.0 54.0
v 116.0 120.5 54.0
v 116.0 121.0 54.5
v 115.5 121.0 68.0
v 116.0 120.5 68.0
v 116.0 121.0 67.5
v 115.5 122.0 54.0
v 116.0 122.0 54.5
v 115.5 122.0 67.0
v 116.0 121.5 67.0
v 116.0 122.0 66.5
v 115.5 122.0 68.0
v 116.0 123.0 53.5
v 116.0 122.5 54.0
v 115.5 123.0 67.0
v 116.0 123.0 66.5
v 115.5 123.0 68.0
v 115.5 124.0 53.0
v 116.0 124.0 53.5
v 115.5 124.0 64.0
v 116.0 123.5 64.0
v 116.0 124.0 63.5
v 115.5 124.0 65.0
v 116.0 123.5 65.0
v 115.5 124.0 66.0
v 116.0 123.5 66.0
v 115.5 124.0 67.0
v 115.5 125.0 53.0
v 116.0 125.0 53.5
v 116.0 124.5 64.0
v 116.0 125.0 64.5
v 115.5 125.0 65.0
v 115.5 125.0 66.0
v 115.5 125.0 67.0
v 116.0 126.0 52.5
v 116.0 125.5 53.0
v 115.5 126.0 62.0
v 116.0 125.5 62.0
v 116.0 126.0 61.5
v 116.0 125.5 63.0
v 116.0 126.0 63.5
v 116.0 125.5 65.0
v 116.0 126.0 65.5
v 115.5 126.0 66.0
v 115.5 126.0 67.0
v 116.0 126.5 53.0
v 115.5 127.0 53.0
v 116.0 127.0 53.5
v 115.5 127.0 61.0
v 116.0 126.5 61.0
v 116.0 127.0 60.5
v 115.5 127.0 62.0
v 115.5 127.0 63.0
v 116.0 127.0 63.5
v 115.5 127.0 66.0
v 116.0 127.0 65.5
v 115.5 128.0 53.0
v 116.0 127.5 54.0
v 115.5 128.0 54.0
v 116.0 128.0 54.5
v 115.5 128.0 61.0
v 116.0 128.0 60.5
v 115.5 128.0 62.0
v 115.5 128.0 63.0
v 116.0 127.5 64.0
v 115.5 128.0 64.0
v 115.5 128.0 65.0
v 116.0 127.5 65.0
v 115.5 128.0 66.0
v 115.5 129.0 54.0
v 116.0 128.5 55.0
v 115.5 129.0 55.0
v 115.5 129.0 56.0
v 116.0 128.5 56.0
v 115.5 129.0 57.0
v 116.0 128.5 57.0
v 115.5 129.0 58.0
v 116.0 128.5 58.0
v 116.0 129.0 58.5
v 115.5 129.0 60.0
v 116.0 128.5 60.0
v 116.0 129.0 59.5
v 115.5 129.0 61.0
v 115.5 129.0 62.0
v 115.5 129.0 63.0
v 115.5 129.0 64.0
v 115.5 129.0 65.0
v 115.5 129.0 66.0
v 116.0 129.5 59.0
v 115.5 131.0 57.0
v 116.5 112.0 62.0
v 116.5 112.0 63.0
v 116.5 112.0 64.0
v 116.5 113.0 57.0
v 116.5 113.0 58.0
v 116.5 113.0 60.0
v 117.0 113.0 60.5
v 117.0 112.5 61.0
v 117.0 112.5 62.0
v 117.0 112.5 63.0
v 117.0 112.5 64.0
v 116.5 113.0 65.0
v 117.0 113.0 64.5
v 117.0 113.5 58.0
v 117.0 114.0 57.5
v 117.0 113.5 59.0
v 117.0 113.5 60.0
v 116.5 114.0 65.0
v 117.0 114.0 64.5
v 116.5 114.0 66.0
v 116.5 115.0 57.0
v 117.0 115.0 57.5
v 117.0 114.5 65.0
v 117.0 115.0 65.5
v 116.5 115.0 66.0
v 116.5 115.0 67.0
v 116.5 116.0 55.0
v 116.5 116.0 56.0
v 117.0 116.0 56.5
v 117.0 115.5 57.0
v 117.0 115.5 66.0
v 117.0 116.0 66.5
v 116.5 116.0 67.0
v 116.5 117.0 54.0
v 116.5 117.0 55.0
v 117.0 117.0 55.5
v 117.0 116.5 56.0
v 117.0 116.5 67.0
v 116.5 117.0 68.0
v 117.0 117.0 67.5
v 116.5 118.0 54.0
v 117.0 118.0 54.5
v 117.0 117.5 55.0
v 116.5 118.0 68.0
v 117.0 118.0 67.5
v 116.5 119.0 53.0
v 116.5 119.0 54.0
v 117.0 119.0 54.5
v 116.5 119.0 68.0
v 117.0 119.0 67.5
v 116.5 120.0 54.0
v 117.0 120.0 54.5
v 116.5 120.0 68.0
v 117.0 120.0 67.5
v 116.5 121.0 55.0
v 117.0 120.5 55.0
v 117.0 121.0 55.5
v 116.5 121.0 67.0
v 117.0 120.5 67.0
v 117.0 121.0 66.5
v 117.0 122.0 54.5
v 117.0 121.5 55.0
v 116.5 122.0 66.0
v 117.0 121.5 66.0
v 117.0 122.0 65.5
v 116.5 123.0 54.0
v 117.0 123.0 54.5
v 116.5 123.0 64.0
v 117.0 122.5 64.0
v 117.0 123.0 63.5
v 116.5 123.0 65.0
v 117.0 122.5 65.0
v 116.5 123.0 66.0
v 116.5 124.0 54.0
v 117.0 123.5 55.0
v 116.5 124.0 55.0
v 117.0 124.0 55.5
v 117.0 124.0 63.5
v 116.5 125.0 54.0
v 116.5 125.0 55.0
v 117.0 125.0 55.5
v 116.5 125.0 62.0
v 117.0 124.5 62.0
v 117.0 125.0 61.5
v 117.0 125.0 62.5
v 117.0 124.5 64.0
v 117.0 125.0 64.5
v 116.5 126.0 53.0
v 116.5 126.0 54.0
v 116.5 126.0 55.0
v 117.0 125.5 56.0
v 116.5 126.0 56.0
v 116.5 126.0 57.0
v 117.0 125.5 57.0
v 116.5 126.0 58.0
v 117.0 125.5 58.0
v 117.0 126.0 58.5
v 116.5 126.0 60.0
v 117.0 125.5 60.0
v 117.0 126.0 59.5
v 116.5 126.0 61.0
v 117.0 125.5 61.0
v 117.0 126.0 62.5
v 116.5 126.0 63.0
v 117.0 125.5 65.0
v 117.0 126.0 65.5
v 116.5 127.0 54.0
v 116.5 127.0 55.0
v 116.5 127.0 56.0
v 116.5 127.0 57.0
v 116.5 127.0 58.0
v 117.0 126.5 59.0
v 116.5 127.0 59.0
v 116.5 127.0 60.0
v 117.0 126.5 63.0
v 117.0 126.5 64.0
v 116.5 127.0 64.0
v 116.5 127.0 65.0
v 117.0 126.5 65.0
v 116.5 128.0 55.0
v 116.5 128.0 56.0
v 116.5 128.0 57.0
v 116.5 128.0 58.0
v 116.5 128.0 59.0
v 116.5 128.0 60.0
v 116.5 129.0 59.0
v 117.5 113.0 61.0
v 117.5 113.0 62.0
v 117.5 113.0 63.0
v 117.5 113.0 64.0
v 117.5 114.0 58.0
v 117.5 114.0 59.0
v 117.5 114.0 60.0
v 117.5 114.0 61.0
v 117.5 114.0 62.0
v 117.5 114.0 63.0
v 117.5 114.0 64.0
v 117.5 115.0 58.0
v 117.5 115.0 59.0
v 118.0 115.0 59.5
v 118.0 114.5 60.0
v 118.0 114.5 61.0
v 118.0 114.5 62.0
v 118.0 114.5 63.0
v 118.0 115.0 63.5
v 117.5 115.0 64.0
v 117.5 115.0 65.0
v 117.5 116.0 57.0
v 118.0 116.0 57.5
v 118.0 115.5 58.0
v 118.0 115.5 59.0
v 118.0 115.5 64.0
v 118.0 116.0 64.5
v 117.5 116.0 65.0
v 117.5 116.0 66.0
v 117.5 117.0 56.0
v 118.0 117.0 56.5
v 118.0 116.5 57.0
v 118.0 116.5 65.0
v 118.0 116.5 66.0
v 117.5 117.0 67.0
v 118.0 117.0 66.5
v 117.5 118.0 55.0
v 118.0 118.0 55.5
v 118.0 117.5 56.0
v 117.5 118.0 67.0
v 118.0 118.0 66.5
v 117.5 119.0 55.0
v 118.0 119.0 55.5
v 117.5 119.0 67.0
v 118.0 119.0 66.5
v 117.5 120.0 55.0
v 118.0 120.0 55.5
v 117.5 120.0 67.0
v 118.0 120.0 66.5
v 117.5 121.0 56.0
v 118.0 120.5 56.0
v 117.5 121.0 57.0
v 118.0 120.5 57.0
v 118.0 121.0 57.5
v 117.5 121.0 60.0
v 118.0 120.5 60.0
v 118.0 121.0 59.5
v 117.5 121.0 61.0
v 118.0 120.5 61.0
v 118.0 121.0 61.5
v 117.5 121.0 63.0
v 118.0 120.5 63.0
v 118.0 121.0 62.5
v 118.0 121.0 63.5
v 117.5 121.0 65.0
v 118.0 120.5 65.0
v 118.0 121.0 64.5
v 117.5 121.0 66.0
v 118.0 120.5 66.0
v 117.5 122.0 55.0
v 117.5 122.0 56.0
v 117.5 122.0 57.0
v 118.0 122.0 57.5
v 118.0 121.5 60.0
v 118.0 122.0 60.5
v 117.5 122.0 61.0
v 118.0 121.5 62.0
v 117.5 122.0 62.0
v 117.5 122.0 63.0
v 118.0 121.5 64.0
v 117.5 122.0 64.0
v 117.5 122.0 65.0
v 117.5 123.0 55.0
v 117.5 123.0 56.0
v 117.5 123.0 57.0
v 118.0 123.0 57.5
v 117.5 123.0 61.0
v 118.0 123.0 60.5
v 117.5 123.0 62.0
v 117.5 123.0 63.0
v 117.5 124.0 56.0
v 117.5 124.0 57.0
v 118.0 123.5 58.0
v 117.5 124.0 58.0
v 118.0 124.0 58.5
v 117.5 124.0 61.0
v 118.0 124.0 60.5
v 117.5 124.0 62.0
v 118.0 124.0 62.5
v 118.0 123.5 63.0
v 118.0 123.5 64.0
v 117.5 124.0 64.0
v 118.0 124.0 64.5
v 117.5 125.0 56.0
v 117.5 125.0 57.0
v 117.5 125.0 58.0
v 118.0 125.0 58.5
v 117.5 125.0 61.0
v 118.0 125.0 60.5
v 118.0 125.0 62.5
v 118.0 125.0 64.5
v 117.5 126.0 59.0
v 118.0 125.5 59.0
v 118.0 125.5 60.0
v 118.0 125.5 63.0
v 117.5 126.0 63.0
v 117.5 126.0 64.0
v 118.0 125.5 64.0
v 117.5 126.0 65.0
v 118.5 115.0 60.0
v 118.5 115.0 61.0
v 118.5 115.0 62.0
v 118.5 115.0 63.0
v 118.5 116.0 58.0
v 118.5 116.0 59.0
v 118.5 116.0 60.0
v 118.5 116.0 61.0
v 118.5 116.0 62.0
v 118.5 116.0 63.0
v 118.5 116.0 64.0
v 118.5 117.0 57.0
v 118.5 117.0 58.0
v 118.5 117.0 59.0
v 118.5 117.0 60.0
v 118.5 117.0 61.0
v 119.0 117.0 61.5
v 119.0 116.5 62.0
v 119.0 116.5 63.0
v 119.0 117.0 63.5
v 118.5 117.0 64.0
v 118.5 117.0 65.0
v 118.5 117.0 66.0
v 118.5 118.0 56.0
v 118.5 118.0 57.0
v 118.5 118.0 58.0
v 118.5 118.0 59.0
v 118.5 118.0 60.0
v 118.5 118.0 61.0
v 119.0 118.0 61.5
v 118.5 118.0 64.0
v 119.0 118.0 63.5
v 118.5 118.0 65.0
v 118.5 118.0 66.0
v 118.5 119.0 56.0
v 118.5 119.0 57.0
v 118.5 119.0 58.0
v 119.0 119.0 58.5
v 119.0 118.5 59.0
v 119.0 118.5 60.0
v 119.0 118.5 61.0
v 119.0 118.5 64.0
v 119.0 119.0 64.5
v 118.5 119.0 65.0
v 118.5 119.0 66.0
v 118.5 120.0 56.0
v 118.5 120.0 57.0
v 118.5 120.0 58.0
v 119.0 119.5 59.0
v 118.5 120.0 59.0
v 118.5 120.0 60.0
v 119.0 119.5 60.0
v 119.0 120.0 60.5
v 119.0 119.5 65.0
v 119.0 120.0 65.5
v 118.5 120.0 66.0
v 118.5 121.0 58.0
v 118.5 121.0 59.0
v 119.0 120.5 61.0
v 118.5 121.0 62.0
v 119.0 120.5 62.0
v 119.0 120.5 63.0
v 118.5 121.0 64.0
v 119.0 120.5 64.0
v 119.0 120.5 65.0
v 118.5 122.0 58.0
v 118.5 122.0 59.0
v 118.5 122.0 60.0
v 118.5 123.0 58.0
v 118.5 123.0 59.0
v 118.5 123.0 60.0
v 118.5 124.0 59.0
v 118.5 124.0 60.0
v 118.5 124.0 61.0
v 119.0 123.5 61.0
v 119.0 124.0 60.5
v 119.0 123.5 62.0
v 118.5 124.0 62.0
v 119.0 124.0 62.5
v 118.5 124.0 63.0
v 118.5 124.0 64.0
v 118.5 125.0 59.0
v 118.5 125.0 60.0
v 118.5 125.0 61.0
v 119.0 125.0 60.5
v 118.5 125.0 62.0
v 119.0 125.0 62.5
v 118.5 125.0 63.0
v 118.5 125.0 64.0
v 119.0 125.5 61.0
v 119.0 125.5 62.0
v 119.5 117.0 62.0
v 119.5 117.0 63.0
v 119.5 118.0 62.0
v 119.5 118.0 63.0
v 119.5 119.0 59.0
v 119.5 119.0 60.0
v 119.5 119.0 61.0
v 119.5 119.0 62.0
v 119.5 119.0 63.0
v 119.5 119.0 64.0
v 119.5 120.0 61.0
v 119.5 120.0 62.0
v 119.5 120.0 63.0
v 119.5 120.0 64.0
v 119.5 120.0 65.0
v 119.5 124.0 61.0
v 119.5 124.0 62.0
v 119.5 125.0 61.0
v 119.5 125.0 62.0
f 3 2 1
f 1 4 3
f 2 5 1
f 1 5 4
f 8 7 6
f 10 9 6
f 6 9 8
f 12 11 10
f 10 11 9
f 14 13 12
f 12 13 11
f 16 15 14
f 14 15 13
f 18 17 16
f 16 17 15
f 20 19 18
f 18 19 17
f 20 21 19
f 6 7 22
f 22 7 23
f 6 24 10
f 6 22 24
f 10 25 12
f 10 24 25
f 12 26 14
f 12 25 26
f 26 2 3
f 16 26 3
f 14 26 16
f 16 3 4
f 27 16 4
f 18 16 27
f 18 28 20
f 18 27 28
f 21 20 29
f 20 30 29
f 20 28 30
f 30 31 29
f 23 32 22
f 34 33 32
f 33 22 32
f 33 24 22
f 24 35 25
f 24 33 35
f 25 36 26
f 25 35 36
f 37 5 2
f 26 37 2
f 36 37 26
f 27 4 5
f 37 27 5
f 38 27 37
f 27 39 28
f 27 38 39
f 28 40 30
f 28 39 40
f 31 30 41
f 41 30 40
f 33 34 42
f 42 34 43
f 33 44 35
f 33 42 44
f 35 45 36
f 35 44 45
f 36 46 37
f 36 45 46
f 37 47 38
f 37 46 47
f 38 48 39
f 38 47 48
f 39 49 40
f 39 48 49
f 41 40 50
f 40 51 50
f 40 49 51
f 51 52 50
f 43 53 42
f 42 53 44
f 44 53 54
f 56 55 54
f 55 44 54
f 55 45 44
f 45 57 46
f 45 55 57
f 46 58 47
f 46 57 58
f 47 59 48
f 47 58 59
f 48 60 49
f 48 59 60
f 62 51 61
f 51 60 61
f 51 49 60
f 51 62 52
f 56 63 55
f 55 63 57
f 57 63 64
f 66 65 64
f 65 57 64
f 65 58 57
f 58 67 59
f 58 65 67
f 59 68 60
f 59 67 68
f 61 60 69
f 69 60 68
f 66 70 65
f 72 71 70
f 71 65 70
f 71 67 65
f 67 73 68
f 67 71 73
f 69 68 74
f 74 68 73
f 72 75 71
f 71 75 73
f 73 75 76
f 73 76 74
f 79 78 77
f 81 80 77
f 77 80 79
f 83 82 81
f 81 82 80
f 83 84 82
f 77 78 85
f 85 78 86
f 77 87 81
f 77 85 87
f 81 88 83
f 81 87 88
f 84 83 89
f 89 83 88
f 85 86 90
f 90 86 91
f 85 92 87
f 85 90 92
f 87 93 88
f 87 92 93
f 89 88 94
f 88 95 94
f 88 93 95
f 97 96 95
f 95 96 94
f 99 98 97
f 97 98 96
f 99 100 98
f 90 91 101
f 101 91 102
f 90 103 92
f 90 101 103
f 92 104 93
f 92 103 104
f 93 105 95
f 93 104 105
f 95 106 97
f 95 105 106
f 97 107 99
f 97 106 107
f 100 99 108
f 108 99 107
f 111 110 109
f 7 8 109
f 8 111 109
f 8 112 111
f 9 101 102
f 112 9 102
f 8 9 112
f 101 9 11
f 101 11 103
f 103 11 13
f 103 13 104
f 104 13 15
f 104 15 105
f 105 15 17
f 105 17 106
f 106 17 19
f 106 19 107
f 114 113 21
f 21 113 19
f 113 108 19
f 108 107 19
f 116 115 114
f 114 115 113
f 116 117 115
f 109 110 118
f 118 110 119
f 118 23 7
f 118 7 109
f 29 114 21
f 114 29 31
f 120 114 31
f 116 114 120
f 117 116 121
f 116 122 121
f 116 120 122
f 122 123 121
f 118 119 124
f 124 119 125
f 126 32 23
f 118 126 23
f 124 126 118
f 126 34 32
f 41 127 120
f 41 120 31
f 120 128 122
f 120 127 128
f 123 122 129
f 122 130 129
f 122 128 130
f 130 131 129
f 125 132 124
f 134 133 132
f 133 124 132
f 133 126 124
f 133 43 34
f 133 34 126
f 50 127 41
f 127 50 52
f 135 127 52
f 128 127 135
f 128 136 130
f 128 135 136
f 131 130 137
f 137 130 136
f 133 134 138
f 138 134 139
f 140 53 43
f 133 140 43
f 138 140 133
f 141 54 53
f 141 53 140
f 141 56 54
f 61 142 62
f 135 52 62
f 142 135 62
f 143 135 142
f 135 144 136
f 135 143 144
f 137 136 145
f 145 136 144
f 148 147 146
f 150 149 146
f 149 138 146
f 139 148 146
f 139 146 138
f 152 151 149
f 151 138 149
f 151 140 138
f 140 153 141
f 140 151 153
f 154 63 56
f 141 154 56
f 153 154 141
f 155 64 63
f 155 63 154
f 155 66 64
f 69 156 142
f 69 142 61
f 142 157 143
f 142 156 157
f 143 158 144
f 143 157 158
f 145 144 159
f 159 144 158
f 147 160 146
f 146 160 150
f 152 161 151
f 163 162 161
f 162 151 161
f 162 153 151
f 153 164 154
f 153 162 164
f 154 165 155
f 154 164 165
f 166 70 66
f 155 166 66
f 165 166 155
f 166 72 70
f 74 167 156
f 74 156 69
f 156 168 157
f 156 167 168
f 170 158 169
f 158 168 169
f 158 157 168
f 158 170 159
f 163 171 162
f 162 171 164
f 164 171 172
f 174 173 172
f 173 164 172
f 173 165 164
f 165 175 166
f 165 173 175
f 176 75 72
f 166 176 72
f 175 176 166
f 177 76 75
f 177 75 176
f 167 74 76
f 177 167 76
f 178 167 177
f 180 168 179
f 168 178 179
f 168 167 178
f 168 180 169
f 183 182 181
f 185 184 181
f 181 184 183
f 184 185 174
f 185 173 174
f 185 186 173
f 173 187 175
f 173 186 187
f 175 188 176
f 175 187 188
f 176 189 177
f 176 188 189
f 177 190 178
f 177 189 190
f 179 178 191
f 178 192 191
f 178 190 192
f 194 193 192
f 192 193 191
f 194 195 193
f 182 196 181
f 198 197 196
f 197 181 196
f 197 185 181
f 185 199 186
f 185 197 199
f 186 200 187
f 186 199 200
f 187 201 188
f 187 200 201
f 188 202 189
f 188 201 202
f 189 203 190
f 189 202 203
f 190 204 192
f 190 203 204
f 192 205 194
f 192 204 205
f 195 194 206
f 206 194 205
f 198 207 197
f 209 208 207
f 208 197 207
f 208 199 197
f 199 210 200
f 199 208 210
f 200 211 201
f 200 210 211
f 201 212 202
f 201 211 212
f 202 213 203
f 202 212 213
f 203 214 204
f 203 213 214
f 216 205 215
f 205 214 215
f 205 204 214
f 205 216 206
f 209 217 208
f 208 217 210
f 210 217 218
f 210 218 211
f 211 218 219
f 221 220 219
f 220 211 219
f 220 212 211
f 223 213 222
f 213 220 222
f 213 212 220
f 213 223 214
f 214 223 224
f 214 224 215
f 221 225 220
f 220 225 222
f 228 227 226
f 230 229 226
f 226 229 228
f 232 231 230
f 230 231 229
f 232 233 231
f 236 235 234
f 236 234 227
f 234 226 227
f 234 237 226
f 226 238 230
f 226 237 238
f 230 239 232
f 230 238 239
f 233 232 240
f 232 241 240
f 232 239 241
f 241 242 240
f 245 244 243
f 245 243 235
f 243 234 235
f 243 246 234
f 246 78 79
f 237 246 79
f 234 246 237
f 237 79 80
f 237 80 238
f 238 80 82
f 238 82 239
f 239 82 84
f 247 239 84
f 241 239 247
f 242 241 248
f 241 249 248
f 241 247 249
f 249 250 248
f 253 252 251
f 251 254 253
f 243 244 255
f 255 244 256
f 243 257 246
f 243 255 257
f 257 86 78
f 257 78 246
f 89 258 247
f 89 247 84
f 247 259 249
f 247 258 259
f 250 249 260
f 249 261 260
f 249 259 261
f 260 261 252
f 261 251 252
f 261 262 251
f 254 251 263
f 263 251 262
f 255 256 264
f 264 256 265
f 255 266 257
f 255 264 266
f 266 91 86
f 266 86 257
f 94 258 89
f 258 94 96
f 258 96 259
f 259 96 98
f 259 98 261
f 261 98 100
f 267 261 100
f 262 261 267
f 263 262 268
f 268 262 267
f 264 265 269
f 269 265 270
f 264 271 266
f 264 269 271
f 271 102 91
f 271 91 266
f 108 272 267
f 108 267 100
f 268 267 273
f 267 274 273
f 267 272 274
f 274 275 273
f 278 277 276
f 280 279 276
f 276 279 278
f 279 280 270
f 270 280 269
f 280 110 269
f 110 111 269
f 269 111 112
f 269 112 271
f 271 112 102
f 113 272 108
f 272 113 115
f 272 115 274
f 282 281 117
f 117 281 115
f 281 275 115
f 275 274 115
f 284 283 282
f 282 283 281
f 284 285 283
f 276 277 286
f 286 277 287
f 276 288 280
f 276 286 288
f 288 119 110
f 288 110 280
f 121 282 117
f 282 121 123
f 289 282 123
f 284 282 289
f 285 284 290
f 284 291 290
f 284 289 291
f 291 292 290
f 286 287 293
f 293 287 294
f 286 295 288
f 286 293 295
f 295 125 119
f 295 119 288
f 129 289 123
f 289 129 131
f 296 289 131
f 291 289 296
f 292 291 297
f 297 291 296
f 293 294 298
f 298 294 299
f 293 300 295
f 293 298 300
f 301 132 125
f 295 301 125
f 300 301 295
f 301 134 132
f 137 302 296
f 137 296 131
f 297 296 303
f 303 296 302
f 299 304 298
f 306 305 304
f 305 298 304
f 305 300 298
f 300 307 301
f 300 305 307
f 307 139 134
f 307 134 301
f 145 308 302
f 145 302 137
f 303 302 309
f 309 302 308
f 305 306 310
f 310 306 311
f 310 147 148
f 307 310 148
f 305 310 307
f 139 307 148
f 149 150 312
f 312 152 149
f 159 313 308
f 159 308 145
f 309 308 314
f 314 308 313
f 317 316 315
f 317 315 311
f 315 310 311
f 315 318 310
f 319 160 147
f 310 319 147
f 318 319 310
f 312 150 160
f 319 312 160
f 320 312 319
f 321 161 152
f 312 321 152
f 320 321 312
f 321 163 161
f 169 322 170
f 313 159 170
f 322 313 170
f 323 313 322
f 314 313 324
f 324 313 323
f 316 325 315
f 315 325 318
f 318 325 326
f 318 326 319
f 319 326 327
f 319 327 320
f 320 327 328
f 330 329 328
f 329 320 328
f 329 321 320
f 331 171 163
f 321 331 163
f 329 331 321
f 332 172 171
f 332 171 331
f 332 174 172
f 179 333 180
f 322 169 180
f 333 322 180
f 334 322 333
f 322 335 323
f 322 334 335
f 324 323 336
f 336 323 335
f 339 338 337
f 341 340 337
f 337 340 339
f 343 342 341
f 341 342 340
f 342 343 330
f 343 329 330
f 343 344 329
f 344 182 183
f 331 344 183
f 329 344 331
f 331 183 184
f 331 184 332
f 332 184 174
f 191 333 179
f 333 191 193
f 333 193 334
f 334 193 195
f 345 334 195
f 335 334 345
f 336 335 346
f 335 347 346
f 335 345 347
f 347 348 346
f 338 349 337
f 337 349 341
f 341 349 350
f 352 351 350
f 351 341 350
f 351 343 341
f 343 353 344
f 343 351 353
f 354 196 182
f 344 354 182
f 353 354 344
f 354 198 196
f 206 355 345
f 206 345 195
f 357 347 356
f 347 355 356
f 347 345 355
f 347 357 348
f 352 358 351
f 360 359 358
f 359 351 358
f 359 353 351
f 353 361 354
f 353 359 361
f 362 207 198
f 354 362 198
f 361 362 354
f 362 209 207
f 215 363 216
f 355 206 216
f 363 355 216
f 364 355 363
f 356 355 365
f 365 355 364
f 360 366 359
f 368 367 366
f 367 359 366
f 367 361 359
f 361 369 362
f 361 367 369
f 370 217 209
f 362 370 209
f 369 370 362
f 371 218 217
f 371 217 370
f 372 219 218
f 372 218 371
f 372 221 219
f 222 373 223
f 374 224 223
f 374 223 373
f 363 215 224
f 374 363 224
f 375 363 374
f 377 364 376
f 364 375 376
f 364 363 375
f 364 377 365
f 368 378 367
f 380 379 378
f 379 367 378
f 379 369 367
f 369 381 370
f 369 379 381
f 370 382 371
f 370 381 382
f 371 383 372
f 371 382 383
f 384 225 221
f 372 384 221
f 383 384 372
f 373 222 225
f 384 373 225
f 385 373 384
f 373 386 374
f 373 385 386
f 388 375 387
f 375 386 387
f 375 374 386
f 375 388 376
f 380 389 379
f 379 389 381
f 381 389 390
f 392 391 390
f 391 381 390
f 391 382 381
f 382 393 383
f 382 391 393
f 383 394 384
f 383 393 394
f 384 395 385
f 384 394 395
f 397 386 396
f 386 395 396
f 386 385 395
f 386 397 387
f 392 398 391
f 400 399 398
f 399 391 398
f 399 393 391
f 393 401 394
f 393 399 401
f 403 395 402
f 395 401 402
f 395 394 401
f 395 403 396
f 399 400 404
f 404 400 405
f 407 401 406
f 401 404 406
f 401 399 404
f 401 407 402
f 405 408 404
f 404 408 406
f 411 410 409
f 409 412 411
f 415 414 413
f 417 416 413
f 416 409 413
f 410 415 413
f 410 413 409
f 409 416 412
f 420 419 418
f 422 421 418
f 418 421 420
f 421 422 414
f 422 413 414
f 422 423 413
f 417 413 424
f 424 413 423
f 427 426 425
f 429 428 425
f 425 428 427
f 429 430 428
f 418 419 431
f 431 419 432
f 418 433 422
f 418 431 433
f 422 434 423
f 422 433 434
f 424 423 435
f 423 436 435
f 423 434 436
f 435 436 426
f 426 436 425
f 436 227 425
f 227 228 425
f 425 228 229
f 425 229 429
f 437 430 429
f 229 437 429
f 231 437 229
f 439 438 233
f 438 231 233
f 438 437 231
f 441 440 439
f 439 440 438
f 443 442 441
f 441 442 440
f 443 444 442
f 431 432 445
f 445 432 446
f 431 447 433
f 431 445 447
f 433 448 434
f 433 447 448
f 448 235 236
f 436 448 236
f 434 448 436
f 436 236 227
f 240 439 233
f 439 240 242
f 449 439 242
f 441 439 449
f 441 450 443
f 441 449 450
f 444 443 451
f 443 452 451
f 443 450 452
f 452 453 451
f 446 454 445
f 456 455 454
f 455 445 454
f 455 447 445
f 455 244 245
f 448 455 245
f 447 455 448
f 448 245 235
f 248 449 242
f 449 248 250
f 457 449 250
f 450 449 457
f 457 252 253
f 452 457 253
f 450 457 452
f 459 458 254
f 254 458 253
f 458 453 253
f 453 452 253
f 459 460 458
f 463 462 461
f 463 461 456
f 461 455 456
f 461 464 455
f 464 256 244
f 464 244 455
f 260 457 250
f 457 260 252
f 263 465 459
f 263 459 254
f 460 459 466
f 459 467 466
f 459 465 467
f 467 468 466
f 461 462 469
f 469 462 470
f 461 471 464
f 461 469 471
f 471 265 256
f 471 256 464
f 268 472 465
f 268 465 263
f 465 473 467
f 465 472 473
f 468 467 474
f 474 467 473
f 477 476 475
f 479 478 475
f 475 478 477
f 478 479 470
f 479 469 470
f 479 480 469
f 469 481 471
f 469 480 481
f 481 270 265
f 481 265 471
f 273 472 268
f 472 273 275
f 482 472 275
f 473 472 482
f 474 473 483
f 473 484 483
f 473 482 484
f 486 485 484
f 484 485 483
f 486 487 485
f 476 488 475
f 490 489 488
f 489 475 488
f 489 479 475
f 489 277 278
f 480 489 278
f 479 489 480
f 480 278 279
f 480 279 481
f 481 279 270
f 281 482 275
f 482 281 283
f 482 283 484
f 484 283 285
f 491 484 285
f 486 484 491
f 487 486 492
f 486 493 492
f 486 491 493
f 493 494 492
f 489 490 495
f 495 490 496
f 495 287 277
f 495 277 489
f 290 491 285
f 491 290 292
f 497 491 292
f 493 491 497
f 494 493 498
f 498 493 497
f 495 496 499
f 499 496 500
f 499 294 287
f 499 287 495
f 297 501 497
f 297 497 292
f 498 497 502
f 502 497 501
f 499 500 503
f 503 500 504
f 503 299 294
f 503 294 499
f 303 505 501
f 303 501 297
f 502 501 506
f 506 501 505
f 503 504 507
f 507 504 508
f 509 304 299
f 503 509 299
f 507 509 503
f 509 306 304
f 309 510 505
f 309 505 303
f 506 505 511
f 505 512 511
f 505 510 512
f 512 513 511
f 507 508 514
f 514 508 515
f 507 516 509
f 507 514 516
f 516 311 306
f 516 306 509
f 314 517 510
f 314 510 309
f 519 512 518
f 512 517 518
f 512 510 517
f 512 519 513
f 515 520 514
f 521 316 317
f 514 521 317
f 516 514 317
f 520 521 514
f 516 317 311
f 324 522 517
f 324 517 314
f 518 517 523
f 523 517 522
f 325 316 524
f 316 525 524
f 316 521 525
f 526 326 325
f 526 325 524
f 527 327 326
f 527 326 526
f 528 328 327
f 528 327 527
f 528 330 328
f 336 529 522
f 336 522 324
f 523 522 530
f 530 522 529
f 524 525 531
f 531 525 532
f 531 338 339
f 526 531 339
f 524 531 526
f 526 339 340
f 526 340 527
f 527 340 342
f 527 342 528
f 528 342 330
f 346 529 336
f 534 533 348
f 348 533 346
f 533 530 346
f 530 529 346
f 534 535 533
f 532 536 531
f 536 538 537
f 536 537 349
f 531 536 349
f 338 531 349
f 539 350 349
f 539 349 537
f 539 352 350
f 356 540 357
f 540 541 357
f 357 541 348
f 541 542 348
f 542 534 348
f 534 542 535
f 537 538 543
f 543 538 544
f 537 545 539
f 537 543 545
f 546 358 352
f 539 546 352
f 545 546 539
f 546 360 358
f 365 547 540
f 365 540 356
f 541 540 548
f 548 540 547
f 544 549 543
f 543 549 545
f 545 549 550
f 552 551 550
f 551 545 550
f 551 546 545
f 553 366 360
f 546 553 360
f 551 553 546
f 553 368 366
f 376 554 377
f 547 365 377
f 554 547 377
f 555 547 554
f 548 547 556
f 556 547 555
f 552 557 551
f 559 558 557
f 558 551 557
f 558 553 551
f 560 378 368
f 553 560 368
f 558 560 553
f 560 380 378
f 387 561 388
f 554 376 388
f 561 554 388
f 562 554 561
f 564 555 563
f 555 562 563
f 555 554 562
f 555 564 556
f 558 559 565
f 565 559 566
f 558 567 560
f 558 565 567
f 568 389 380
f 560 568 380
f 567 568 560
f 569 390 389
f 569 389 568
f 569 392 390
f 396 570 397
f 561 387 397
f 570 561 397
f 571 561 570
f 573 562 572
f 562 571 572
f 562 561 571
f 562 573 563
f 566 574 565
f 565 574 567
f 567 574 575
f 577 576 575
f 576 567 575
f 576 568 567
f 568 578 569
f 568 576 578
f 579 398 392
f 569 579 392
f 578 579 569
f 579 400 398
f 402 580 403
f 570 396 403
f 580 570 403
f 581 570 580
f 583 571 582
f 571 581 582
f 571 570 581
f 571 583 572
f 577 584 576
f 586 585 584
f 585 576 584
f 585 578 576
f 578 587 579
f 578 585 587
f 587 405 400
f 587 400 579
f 406 588 407
f 580 402 407
f 588 580 407
f 589 580 588
f 591 581 590
f 581 589 590
f 581 580 589
f 581 591 582
f 586 592 585
f 594 593 592
f 593 585 592
f 593 587 585
f 595 408 405
f 587 595 405
f 593 595 587
f 588 406 408
f 595 588 408
f 596 588 595
f 598 589 597
f 589 596 597
f 589 588 596
f 589 598 590
f 594 599 593
f 593 599 595
f 595 599 600
f 595 600 596
f 596 600 601
f 596 601 597
f 604 603 602
f 606 605 602
f 602 605 604
f 608 607 606
f 606 607 605
f 610 609 608
f 608 609 607
f 612 611 610
f 610 611 609
f 410 411 612
f 411 611 612
f 411 613 611
f 615 614 412
f 614 411 412
f 614 613 411
f 615 616 614
f 602 603 617
f 617 603 618
f 602 619 606
f 602 617 619
f 606 620 608
f 606 619 620
f 608 621 610
f 608 620 621
f 621 414 415
f 612 621 415
f 610 621 612
f 410 612 415
f 416 417 622
f 615 412 416
f 622 615 416
f 623 615 622
f 616 615 624
f 615 625 624
f 615 623 625
f 627 626 625
f 625 626 624
f 627 628 626
f 631 630 629
f 629 632 631
f 617 618 633
f 633 618 634
f 617 635 619
f 617 633 635
f 635 419 420
f 620 635 420
f 619 635 620
f 620 420 421
f 620 421 621
f 621 421 414
f 424 636 622
f 424 622 417
f 636 426 427
f 623 636 427
f 622 636 623
f 623 427 428
f 623 428 625
f 625 428 430
f 637 625 430
f 627 625 637
f 628 627 638
f 627 639 638
f 627 637 639
f 638 639 630
f 639 629 630
f 639 640 629
f 632 629 641
f 629 642 641
f 629 640 642
f 644 643 642
f 642 643 641
f 644 645 643
f 648 647 646
f 648 646 634
f 646 633 634
f 646 649 633
f 633 650 635
f 633 649 650
f 650 432 419
f 650 419 635
f 435 636 424
f 636 435 426
f 437 637 430
f 637 437 438
f 637 438 639
f 639 438 440
f 639 440 640
f 640 440 442
f 640 442 642
f 642 442 444
f 651 642 444
f 644 642 651
f 645 644 652
f 644 653 652
f 644 651 653
f 653 654 652
f 646 647 655
f 655 647 656
f 646 657 649
f 646 655 657
f 649 658 650
f 649 657 658
f 658 446 432
f 658 432 650
f 451 651 444
f 651 451 453
f 659 651 453
f 653 651 659
f 654 653 660
f 653 661 660
f 653 659 661
f 661 662 660
f 656 663 655
f 665 664 663
f 664 655 663
f 664 657 655
f 657 666 658
f 657 664 666
f 667 454 446
f 658 667 446
f 666 667 658
f 667 456 454
f 458 659 453
f 659 458 460
f 668 659 460
f 661 659 668
f 662 661 669
f 669 661 668
f 664 665 670
f 670 665 671
f 664 672 666
f 664 670 672
f 672 462 463
f 667 672 463
f 666 672 667
f 667 463 456
f 466 668 460
f 674 673 468
f 468 673 466
f 673 669 466
f 669 668 466
f 674 675 673
f 670 671 676
f 676 671 677
f 670 678 672
f 670 676 678
f 678 470 462
f 678 462 672
f 474 679 674
f 474 674 468
f 675 674 680
f 674 681 680
f 674 679 681
f 681 682 680
f 685 684 683
f 685 683 677
f 677 683 676
f 683 476 676
f 476 477 676
f 676 477 478
f 676 478 678
f 678 478 470
f 483 679 474
f 679 483 485
f 679 485 681
f 687 686 487
f 487 686 485
f 686 682 485
f 682 681 485
f 687 688 686
f 683 684 689
f 689 684 690
f 691 488 476
f 683 691 476
f 689 691 683
f 691 490 488
f 492 687 487
f 492 494 687
f 494 688 687
f 494 692 688
f 690 693 689
f 695 694 693
f 694 689 693
f 694 691 689
f 694 496 490
f 694 490 691
f 498 697 696
f 692 498 696
f 494 498 692
f 697 698 696
f 701 700 699
f 701 699 695
f 699 694 695
f 699 702 694
f 702 500 496
f 702 496 694
f 502 703 697
f 502 697 498
f 698 697 704
f 704 697 703
f 707 706 705
f 705 708 707
f 700 709 699
f 711 710 709
f 710 699 709
f 710 702 699
f 710 504 500
f 710 500 702
f 506 712 703
f 506 703 502
f 704 703 713
f 703 714 713
f 703 712 714
f 714 715 713
f 705 706 716
f 716 706 717
f 708 705 718
f 705 719 718
f 705 716 719
f 719 720 718
f 710 711 721
f 721 711 722
f 721 508 504
f 721 504 710
f 511 712 506
f 712 511 513
f 723 712 513
f 714 712 723
f 715 714 724
f 724 714 723
f 717 725 716
f 716 725 719
f 719 725 726
f 719 726 720
f 721 722 727
f 727 722 728
f 727 515 508
f 727 508 721
f 518 729 519
f 729 730 519
f 519 730 513
f 730 731 513
f 731 723 513
f 723 731 724
f 727 728 732
f 732 728 733
f 734 520 515
f 727 734 515
f 732 734 727
f 734 521 520
f 523 735 729
f 523 729 518
f 730 729 736
f 729 737 736
f 729 735 737
f 737 738 736
f 733 739 732
f 741 740 739
f 740 732 739
f 740 734 732
f 740 525 521
f 740 521 734
f 530 742 735
f 530 735 523
f 744 737 743
f 737 742 743
f 737 735 742
f 737 744 738
f 740 741 745
f 745 741 746
f 745 532 525
f 745 525 740
f 533 742 530
f 748 747 535
f 535 747 533
f 747 743 533
f 743 742 533
f 748 749 747
f 745 746 750
f 750 746 751
f 752 536 532
f 745 752 532
f 750 752 745
f 752 538 536
f 541 753 542
f 753 754 542
f 542 754 535
f 754 755 535
f 755 748 535
f 748 755 749
f 751 756 750
f 758 757 756
f 757 750 756
f 757 752 750
f 757 544 538
f 757 538 752
f 548 759 753
f 548 753 541
f 754 753 760
f 760 753 759
f 757 758 761
f 761 758 762
f 763 549 544
f 757 763 544
f 761 763 757
f 764 550 549
f 764 549 763
f 764 552 550
f 766 765 759
f 548 766 759
f 556 766 548
f 759 765 760
f 762 767 761
f 769 768 767
f 768 761 767
f 768 763 761
f 763 770 764
f 763 768 770
f 771 557 552
f 764 771 552
f 770 771 764
f 771 559 557
f 563 772 564
f 772 773 564
f 773 556 564
f 773 766 556
f 769 774 768
f 776 775 774
f 775 768 774
f 775 770 768
f 770 777 771
f 770 775 777
f 777 566 559
f 777 559 771
f 572 778 573
f 778 779 573
f 573 779 563
f 779 780 563
f 780 772 563
f 772 780 773
f 776 781 775
f 783 782 781
f 782 775 781
f 782 777 775
f 784 574 566
f 777 784 566
f 782 784 777
f 785 575 574
f 785 574 784
f 785 577 575
f 582 786 583
f 786 787 583
f 583 787 572
f 787 788 572
f 788 778 572
f 778 788 779
f 783 789 782
f 791 790 789
f 790 782 789
f 790 784 782
f 793 785 792
f 785 790 792
f 785 784 790
f 793 795 794
f 793 794 584
f 785 793 584
f 577 785 584
f 794 586 584
f 590 796 591
f 796 797 591
f 591 797 582
f 797 798 582
f 798 786 582
f 786 798 787
f 791 799 790
f 790 799 792
f 795 800 794
f 800 802 801
f 800 801 592
f 794 800 592
f 586 794 592
f 801 594 592
f 597 803 598
f 796 590 598
f 803 796 598
f 804 796 803
f 797 796 805
f 805 796 804
f 801 802 806
f 806 802 807
f 808 599 594
f 801 808 594
f 806 808 801
f 809 600 599
f 809 599 808
f 810 601 600
f 810 600 809
f 803 597 601
f 810 803 601
f 811 803 810
f 803 812 804
f 803 811 812
f 805 804 813
f 813 804 812
f 807 814 806
f 816 815 814
f 815 806 814
f 815 808 806
f 808 817 809
f 808 815 817
f 809 818 810
f 809 817 818
f 820 811 819
f 811 818 819
f 811 810 818
f 811 820 812
f 812 820 821
f 812 821 813
f 816 822 815
f 815 822 817
f 817 822 823
f 817 823 818
f 818 823 824
f 818 824 819
f 827 826 825
f 829 828 825
f 825 828 827
f 829 830 828
f 833 832 831
f 835 834 831
f 831 834 833
f 837 836 835
f 835 836 834
f 839 838 837
f 837 838 836
f 841 840 839
f 839 840 838
f 843 842 841
f 841 842 840
f 842 843 826
f 843 825 826
f 843 844 825
f 825 845 829
f 825 844 845
f 830 829 846
f 829 847 846
f 829 845 847
f 849 848 847
f 847 848 846
f 851 850 849
f 849 850 848
f 851 852 850
f 831 832 853
f 853 832 854
f 831 855 835
f 831 853 855
f 855 603 604
f 837 855 604
f 835 855 837
f 837 604 605
f 837 605 839
f 839 605 607
f 839 607 841
f 841 607 609
f 841 609 843
f 843 609 611
f 843 611 844
f 844 611 613
f 844 613 845
f 845 613 614
f 845 614 847
f 847 614 616
f 856 847 616
f 849 847 856
f 849 857 851
f 849 856 857
f 852 851 858
f 851 859 858
f 851 857 859
f 861 860 859
f 859 860 858
f 863 862 861
f 861 862 860
f 865 864 863
f 863 864 862
f 865 866 864
f 869 868 867
f 869 867 854
f 867 853 854
f 867 870 853
f 853 871 855
f 853 870 871
f 871 618 603
f 871 603 855
f 624 856 616
f 856 624 626
f 856 626 857
f 857 626 628
f 872 857 628
f 859 857 872
f 872 630 631
f 861 872 631
f 859 872 861
f 861 631 632
f 873 861 632
f 863 861 873
f 863 874 865
f 863 873 874
f 866 865 875
f 865 876 875
f 865 874 876
f 876 877 875
f 867 868 878
f 878 868 879
f 867 880 870
f 867 878 880
f 870 881 871
f 870 880 881
f 881 634 618
f 881 618 871
f 638 872 628
f 872 638 630
f 641 873 632
f 873 641 643
f 873 643 874
f 874 643 645
f 882 874 645
f 876 874 882
f 877 876 883
f 876 884 883
f 876 882 884
f 884 885 883
f 878 879 886
f 886 879 887
f 878 888 880
f 878 886 888
f 888 647 648
f 881 888 648
f 880 888 881
f 881 648 634
f 652 882 645
f 882 652 654
f 889 882 654
f 884 882 889
f 885 884 890
f 890 884 889
f 886 887 891
f 891 887 892
f 886 893 888
f 886 891 893
f 893 656 647
f 893 647 888
f 660 889 654
f 895 894 662
f 662 894 660
f 894 890 660
f 890 889 660
f 897 896 895
f 895 896 894
f 897 898 896
f 891 892 899
f 899 892 900
f 891 901 893
f 891 899 901
f 902 663 656
f 893 902 656
f 901 902 893
f 902 665 663
f 669 903 895
f 669 895 662
f 895 904 897
f 895 903 904
f 898 897 905
f 905 897 904
f 899 900 906
f 906 900 907
f 899 908 901
f 899 906 908
f 901 909 902
f 901 908 909
f 909 671 665
f 909 665 902
f 673 903 669
f 903 673 675
f 910 903 675
f 904 903 910
f 905 904 911
f 911 904 910
f 907 912 906
f 914 913 912
f 913 906 912
f 913 908 906
f 908 915 909
f 908 913 915
f 915 677 671
f 915 671 909
f 680 910 675
f 917 916 682
f 682 916 680
f 916 911 680
f 911 910 680
f 917 918 916
f 921 920 919
f 923 922 919
f 919 922 921
f 922 923 914
f 923 913 914
f 923 924 913
f 924 684 685
f 915 924 685
f 913 924 915
f 915 685 677
f 686 917 682
f 926 925 688
f 688 925 686
f 925 918 686
f 918 917 686
f 926 927 925
f 920 928 919
f 930 929 928
f 929 919 928
f 929 923 919
f 923 931 924
f 923 929 931
f 931 690 684
f 931 684 924
f 692 932 926
f 692 926 688
f 927 926 933
f 926 934 933
f 926 932 934
f 934 935 933
f 938 937 936
f 936 939 938
f 930 940 929
f 942 941 940
f 941 929 940
f 941 931 929
f 943 693 690
f 931 943 690
f 941 943 931
f 943 695 693
f 696 932 692
f 932 696 698
f 944 932 698
f 934 932 944
f 935 934 945
f 945 934 944
f 936 937 946
f 946 937 947
f 939 936 948
f 936 949 948
f 936 946 949
f 949 950 948
f 942 951 941
f 952 700 701
f 941 952 701
f 943 941 701
f 951 952 941
f 943 701 695
f 704 953 944
f 704 944 698
f 945 944 954
f 954 944 953
f 947 955 946
f 956 706 707
f 946 956 707
f 949 946 707
f 955 956 946
f 958 957 708
f 708 957 707
f 957 950 707
f 950 949 707
f 958 959 957
f 709 700 960
f 700 961 960
f 700 952 961
f 960 711 709
f 713 953 704
f 963 962 715
f 715 962 713
f 962 954 713
f 954 953 713
f 963 964 962
f 956 717 706
f 965 717 956
f 718 958 708
f 718 720 958
f 720 959 958
f 720 966 959
f 960 961 967
f 967 961 968
f 967 722 711
f 967 711 960
f 724 969 963
f 724 963 715
f 964 963 970
f 970 963 969
f 725 717 971
f 717 972 971
f 717 965 972
f 973 726 725
f 973 725 971
f 973 974 726
f 974 720 726
f 974 966 720
f 967 968 975
f 975 968 976
f 975 728 722
f 975 722 967
f 730 977 731
f 969 724 731
f 977 969 731
f 978 969 977
f 970 969 979
f 979 969 978
f 972 980 971
f 971 980 973
f 973 980 981
f 981 982 973
f 982 983 973
f 984 974 973
f 984 973 983
f 983 985 984
f 976 986 975
f 728 975 986
f 987 728 986
f 733 728 987
f 736 977 730
f 978 977 988
f 977 738 988
f 738 989 988
f 738 977 736
f 978 988 979
f 982 990 983
f 983 990 985
f 739 733 991
f 733 992 991
f 733 987 992
f 991 741 739
f 743 993 744
f 993 994 744
f 994 738 744
f 994 989 738
f 991 992 995
f 995 992 996
f 995 746 741
f 995 741 991
f 747 993 743
f 747 749 993
f 749 994 993
f 749 997 994
f 995 996 998
f 998 996 999
f 998 751 746
f 998 746 995
f 754 1000 755
f 1000 1001 755
f 1001 749 755
f 1001 997 749
f 999 1002 998
f 1002 1004 1003
f 1002 1003 756
f 998 1002 756
f 751 998 756
f 1003 758 756
f 760 1005 1000
f 760 1000 754
f 1001 1000 1006
f 1006 1000 1005
f 1003 1004 1007
f 1007 1004 1008
f 1007 762 758
f 1007 758 1003
f 766 1009 765
f 1009 1010 765
f 765 1010 760
f 1010 1011 760
f 1011 1005 760
f 1005 1011 1006
f 1008 1012 1007
f 1012 1014 1013
f 1012 1013 767
f 1007 1012 767
f 762 1007 767
f 1013 769 767
f 773 1015 1009
f 773 1009 766
f 1010 1009 1016
f 1016 1009 1015
f 1014 1017 1013
f 1017 1019 1018
f 1017 1018 774
f 1013 1017 774
f 769 1013 774
f 1018 776 774
f 779 1020 780
f 1020 1021 780
f 780 1021 773
f 1021 1022 773
f 1022 1015 773
f 1015 1022 1016
f 1019 1023 1018
f 1023 1025 1024
f 1023 1024 781
f 1018 1023 781
f 776 1018 781
f 1024 783 781
f 787 1026 788
f 1026 1027 788
f 788 1027 779
f 1027 1028 779
f 1028 1020 779
f 1020 1028 1021
f 1025 1029 1024
f 1029 1031 1030
f 1029 1030 789
f 1024 1029 789
f 783 1024 789
f 1030 791 789
f 792 1032 793
f 1032 795 793
f 797 1033 798
f 1033 1034 798
f 798 1034 787
f 1034 1035 787
f 1035 1026 787
f 1026 1035 1027
f 1030 1031 1036
f 1036 1031 1037
f 1038 799 791
f 1030 1038 791
f 1036 1038 1030
f 1032 792 799
f 1038 1032 799
f 1039 1032 1038
f 1040 800 795
f 1032 1040 795
f 1039 1040 1032
f 1040 802 800
f 805 1041 1033
f 805 1033 797
f 1034 1033 1042
f 1033 1043 1042
f 1033 1041 1043
f 1043 1044 1042
f 1037 1045 1036
f 1036 1045 1038
f 1038 1045 1046
f 1048 1047 1046
f 1047 1038 1046
f 1047 1039 1038
f 1039 1049 1040
f 1039 1047 1049
f 1049 807 802
f 1049 802 1040
f 813 1050 1041
f 813 1041 805
f 1052 1043 1051
f 1043 1050 1051
f 1043 1041 1050
f 1043 1052 1044
f 1048 1053 1047
f 1047 1053 1049
f 1049 1053 1054
f 1054 1056 1055
f 1054 1055 814
f 1049 1054 814
f 807 1049 814
f 1055 816 814
f 819 1057 820
f 1058 821 820
f 1058 820 1057
f 1058 1059 821
f 821 1059 813
f 1059 1060 813
f 1060 1050 813
f 1050 1060 1051
f 1056 1061 1055
f 1055 1061 816
f 1061 822 816
f 1061 1062 822
f 1062 1064 1063
f 823 1062 1063
f 822 1062 823
f 823 1063 1065
f 1066 823 1065
f 824 823 1066
f 819 824 1057
f 824 1067 1057
f 824 1066 1067
f 1057 1067 1058
f 1058 1067 1068
f 1058 1068 1059
f 1064 1069 1063
f 1063 1069 1065
f 1072 1071 1070
f 1074 1073 1070
f 1070 1073 1072
f 1076 1075 1074
f 1074 1075 1073
f 1078 1077 1076
f 1076 1077 1075
f 1080 1079 1078
f 1078 1079 1077
f 1082 1081 1080
f 1080 1081 1079
f 1084 1083 1082
f 1082 1083 1081
f 1084 1085 1083
f 1088 1087 1086
f 1090 1089 1086
f 1086 1089 1088
f 1092 1091 1090
f 1090 1091 1089
f 1091 1092 1071
f 1092 1070 1071
f 1092 1093 1070
f 1070 1094 1074
f 1070 1093 1094
f 1074 1095 1076
f 1074 1094 1095
f 1095 826 827
f 1078 1095 827
f 1076 1095 1078
f 1078 827 828
f 1078 828 1080
f 1080 828 830
f 1096 1080 830
f 1082 1080 1096
f 1082 1097 1084
f 1082 1096 1097
f 1085 1084 1098
f 1084 1099 1098
f 1084 1097 1099
f 1099 1100 1098
f 1103 1102 1101
f 1105 1104 1101
f 1101 1104 1103
f 1104 1105 1087
f 1087 1105 1086
f 1105 832 1086
f 832 833 1086
f 1086 833 834
f 1086 834 1090
f 1090 834 836
f 1090 836 1092
f 1092 836 838
f 1092 838 1093
f 1093 838 840
f 1093 840 1094
f 1094 840 842
f 1094 842 1095
f 1095 842 826
f 846 1096 830
f 1096 846 848
f 1096 848 1097
f 1097 848 850
f 1097 850 1099
f 1107 1106 852
f 852 1106 850
f 1106 1100 850
f 1100 1099 850
f 1109 1108 1107
f 1107 1108 1106
f 1111 1110 1109
f 1109 1110 1108
f 1113 1112 1111
f 1111 1112 1110
f 1113 1114 1112
f 1117 1116 1115
f 1117 1115 1102
f 1115 1101 1102
f 1115 1118 1101
f 1101 1119 1105
f 1101 1118 1119
f 1119 854 832
f 1119 832 1105
f 858 1107 852
f 1107 858 860
f 1107 860 1109
f 1109 860 862
f 1109 862 1111
f 1111 862 864
f 1111 864 1113
f 1121 1120 866
f 866 1120 864
f 1120 1114 864
f 1114 1113 864
f 1121 1122 1120
f 1115 1116 1123
f 1123 1116 1124
f 1115 1125 1118
f 1115 1123 1125
f 1125 868 869
f 1119 1125 869
f 1118 1125 1119
f 1119 869 854
f 875 1121 866
f 1127 1126 877
f 877 1126 875
f 1126 1122 875
f 1122 1121 875
f 1127 1128 1126
f 1123 1124 1129
f 1129 1124 1130
f 1123 1131 1125
f 1123 1129 1131
f 1131 879 868
f 1131 868 1125
f 883 1127 877
f 1133 1132 885
f 885 1132 883
f 1132 1128 883
f 1128 1127 883
f 1133 1134 1132
f 1129 1130 1135
f 1135 1130 1136
f 1129 1137 1131
f 1129 1135 1137
f 1137 887 879
f 1137 879 1131
f 890 1138 1133
f 890 1133 885
f 1134 1133 1139
f 1133 1140 1139
f 1133 1138 1140
f 1140 1141 1139
f 1135 1136 1142
f 1142 1136 1143
f 1135 1144 1137
f 1135 1142 1144
f 1144 892 887
f 1144 887 1137
f 894 1138 890
f 1138 894 896
f 1138 896 1140
f 1146 1145 898
f 898 1145 896
f 1145 1141 896
f 1141 1140 896
f 1146 1147 1145
f 1142 1143 1148
f 1148 1143 1149
f 1142 1150 1144
f 1142 1148 1150
f 1150 900 892
f 1150 892 1144
f 905 1151 1146
f 905 1146 898
f 1147 1146 1152
f 1152 1146 1151
f 1148 1149 1153
f 1153 1149 1154
f 1148 1155 1150
f 1148 1153 1155
f 1155 907 900
f 1155 900 1150
f 911 1156 1151
f 911 1151 905
f 1152 1151 1157
f 1151 1158 1157
f 1151 1156 1158
f 1158 1159 1157
f 1154 1160 1153
f 1162 1161 1160
f 1161 1153 1160
f 1161 1155 1153
f 1163 912 907
f 1155 1163 907
f 1161 1163 1155
f 1163 914 912
f 916 1156 911
f 1156 916 918
f 1164 1156 918
f 1158 1156 1164
f 1159 1158 1165
f 1165 1158 1164
f 1168 1167 1166
f 1168 1166 1162
f 1162 1166 1161
f 1166 920 1161
f 920 921 1161
f 1161 921 922
f 1161 922 1163
f 1163 922 914
f 925 1164 918
f 1170 1169 927
f 927 1169 925
f 1169 1165 925
f 1165 1164 925
f 1170 1171 1169
f 1167 1172 1166
f 1172 1174 1173
f 1172 1173 928
f 1166 1172 928
f 920 1166 928
f 1173 930 928
f 933 1170 927
f 1176 1175 935
f 935 1175 933
f 1175 1171 933
f 1171 1170 933
f 1176 1177 1175
f 1178 937 938
f 939 1178 938
f 1174 1179 1173
f 1179 1181 1180
f 1179 1180 940
f 1173 1179 940
f 930 1173 940
f 1180 942 940
f 945 1182 1176
f 945 1176 935
f 1177 1176 1183
f 1183 1176 1182
f 1184 947 1178
f 1178 947 937
f 948 1185 939
f 1185 1178 939
f 1185 1184 1178
f 950 1185 948
f 1180 1181 1186
f 1186 1181 1187
f 1188 951 942
f 1180 1188 942
f 1186 1188 1180
f 1188 952 951
f 954 1189 1182
f 954 1182 945
f 1183 1182 1190
f 1190 1182 1189
f 1184 955 947
f 1184 1185 1191
f 956 1184 1191
f 1192 956 1191
f 1184 956 955
f 1191 1185 950
f 957 1191 950
f 1193 1191 957
f 957 959 1193
f 1193 959 1194
f 1186 1187 1195
f 1195 1187 1196
f 1186 1197 1188
f 1186 1195 1197
f 1197 961 952
f 1197 952 1188
f 962 1189 954
f 962 964 1189
f 964 1190 1189
f 964 1198 1190
f 1192 965 956
f 1199 965 1192
f 966 1201 1200
f 1194 966 1200
f 959 966 1194
f 1201 1202 1200
f 1196 1203 1195
f 1205 1204 1203
f 1204 1195 1203
f 1204 1197 1195
f 1204 968 961
f 1204 961 1197
f 970 1198 964
f 970 1206 1198
f 1199 972 965
f 1207 972 1199
f 974 1208 1201
f 974 1201 966
f 1202 1201 1209
f 1209 1201 1208
f 1212 1211 1210
f 1212 1210 1205
f 1210 1204 1205
f 1210 1213 1204
f 1213 976 968
f 1213 968 1204
f 979 1206 970
f 979 1214 1206
f 1207 1215 972
f 972 1215 980
f 980 1216 981
f 1215 1216 980
f 1216 1217 981
f 1216 974 1217
f 974 1216 1208
f 1218 1208 1216
f 1208 1218 984
f 1217 984 1218
f 1218 982 1217
f 1217 982 981
f 974 984 1217
f 984 985 1208
f 985 1209 1208
f 985 1219 1209
f 1211 1220 1210
f 1210 1220 1213
f 1213 1220 1221
f 1221 1223 1222
f 1221 1222 986
f 1213 1221 986
f 976 1213 986
f 1222 987 986
f 989 1224 988
f 1224 1225 988
f 1225 979 988
f 1225 1214 979
f 1218 1226 982
f 982 1226 990
f 985 990 1219
f 1219 990 1226
f 1222 1223 1227
f 1227 1223 1228
f 1227 992 987
f 1227 987 1222
f 994 1229 1224
f 994 1224 989
f 1225 1224 1230
f 1230 1224 1229
f 1227 1228 1231
f 1231 1228 1232
f 1231 996 992
f 1231 992 1227
f 997 1233 1229
f 997 1229 994
f 1230 1229 1234
f 1234 1229 1233
f 1231 1232 1235
f 1235 1232 1236
f 1235 999 996
f 1235 996 1231
f 1238 1237 1233
f 997 1238 1233
f 1001 1238 997
f 1233 1237 1234
f 1236 1239 1235
f 1239 1241 1240
f 1239 1240 1002
f 1235 1239 1002
f 999 1235 1002
f 1240 1004 1002
f 1006 1238 1001
f 1006 1242 1238
f 1240 1241 1243
f 1243 1241 1244
f 1243 1008 1004
f 1243 1004 1240
f 1010 1245 1011
f 1245 1246 1011
f 1246 1006 1011
f 1246 1242 1006
f 1244 1247 1243
f 1247 1249 1248
f 1247 1248 1012
f 1243 1247 1012
f 1008 1243 1012
f 1248 1014 1012
f 1251 1250 1245
f 1010 1251 1245
f 1016 1251 1010
f 1245 1250 1246
f 1249 1252 1248
f 1252 1254 1253
f 1252 1253 1017
f 1248 1252 1017
f 1014 1248 1017
f 1253 1019 1017
f 1021 1255 1022
f 1255 1256 1022
f 1256 1016 1022
f 1256 1251 1016
f 1254 1257 1253
f 1257 1259 1258
f 1257 1258 1023
f 1253 1257 1023
f 1019 1253 1023
f 1258 1025 1023
f 1027 1260 1028
f 1260 1261 1028
f 1028 1261 1021
f 1261 1262 1021
f 1262 1255 1021
f 1255 1262 1256
f 1259 1263 1258
f 1263 1265 1264
f 1263 1264 1029
f 1258 1263 1029
f 1025 1258 1029
f 1264 1031 1029
f 1034 1266 1035
f 1266 1267 1035
f 1035 1267 1027
f 1267 1268 1027
f 1268 1260 1027
f 1260 1268 1261
f 1264 1265 1269
f 1269 1265 1270
f 1269 1037 1031
f 1269 1031 1264
f 1042 1266 1034
f 1272 1271 1044
f 1044 1271 1042
f 1271 1267 1042
f 1267 1266 1042
f 1272 1273 1271
f 1270 1274 1269
f 1269 1274 1037
f 1274 1045 1037
f 1274 1275 1045
f 1275 1277 1276
f 1046 1275 1276
f 1045 1275 1046
f 1276 1048 1046
f 1051 1278 1052
f 1278 1279 1052
f 1052 1279 1044
f 1279 1280 1044
f 1280 1272 1044
f 1272 1280 1273
f 1277 1281 1276
f 1281 1283 1282
f 1281 1282 1053
f 1276 1281 1053
f 1048 1276 1053
f 1284 1054 1053
f 1284 1053 1282
f 1284 1056 1054
f 1286 1285 1060
f 1286 1060 1059
f 1051 1060 1278
f 1060 1287 1278
f 1060 1285 1287
f 1278 1287 1279
f 1283 1288 1282
f 1282 1288 1284
f 1284 1288 1289
f 1289 1291 1290
f 1289 1290 1061
f 1284 1289 1061
f 1056 1284 1061
f 1292 1062 1061
f 1292 1061 1290
f 1292 1064 1062
f 1065 1293 1066
f 1294 1067 1066
f 1294 1066 1293
f 1067 1294 1295
f 1296 1067 1295
f 1068 1067 1296
f 1059 1068 1286
f 1286 1068 1296
f 1291 1297 1290
f 1290 1297 1292
f 1292 1297 1298
f 1292 1298 1064
f 1298 1069 1064
f 1298 1299 1069
f 1065 1069 1293
f 1069 1300 1293
f 1069 1299 1300
f 1293 1300 1294
f 1294 1300 1301
f 1294 1301 1295
f 1304 1303 1302
f 1306 1305 1302
f 1302 1305 1304
f 1308 1307 1306
f 1306 1307 1305
f 1308 1309 1307
f 1312 1311 1310
f 1314 1313 1310
f 1310 1313 1312
f 1316 1315 1314
f 1314 1315 1313
f 1071 1072 1316
f 1072 1315 1316
f 1072 1317 1315
f 1073 1302 1303
f 1317 1073 1303
f 1072 1073 1317
f 1302 1073 1075
f 1302 1075 1306
f 1306 1075 1077
f 1306 1077 1308
f 1318 1309 1308
f 1077 1318 1308
f 1079 1318 1077
f 1319 1079 1081
f 1319 1318 1079
f 1320 1081 1083
f 1320 1319 1081
f 1083 1085 1320
f 1320 1085 1321
f 1324 1323 1322
f 1324 1322 1311
f 1311 1322 1310
f 1322 1087 1310
f 1087 1088 1310
f 1310 1088 1089
f 1310 1089 1314
f 1314 1089 1091
f 1314 1091 1316
f 1316 1091 1071
f 1325 1321 1085
f 1325 1085 1098
f 1098 1100 1325
f 1325 1100 1326
f 1329 1328 1327
f 1102 1103 1327
f 1103 1329 1327
f 1103 1330 1329
f 1104 1322 1323
f 1330 1104 1323
f 1103 1104 1330
f 1322 1104 1087
f 1331 1326 1100
f 1331 1100 1106
f 1332 1106 1108
f 1332 1331 1106
f 1333 1108 1110
f 1333 1332 1108
f 1334 1110 1112
f 1334 1333 1110
f 1112 1114 1334
f 1334 1114 1335
f 1327 1328 1117
f 1328 1116 1117
f 1328 1336 1116
f 1327 1117 1102
f 1337 1335 1114
f 1337 1114 1120
f 1120 1122 1337
f 1337 1122 1338
f 1341 1340 1339
f 1343 1342 1339
f 1339 1342 1341
f 1336 1342 1343
f 1124 1336 1343
f 1116 1336 1124
f 1344 1338 1122
f 1344 1122 1126
f 1346 1345 1128
f 1345 1126 1128
f 1345 1344 1126
f 1348 1347 1346
f 1346 1347 1345
f 1348 1349 1347
f 1340 1350 1339
f 1352 1351 1350
f 1351 1339 1350
f 1351 1343 1339
f 1351 1130 1124
f 1351 1124 1343
f 1132 1346 1128
f 1346 1132 1134
f 1353 1346 1134
f 1348 1346 1353
f 1349 1348 1354
f 1348 1355 1354
f 1348 1353 1355
f 1355 1356 1354
f 1351 1352 1357
f 1357 1352 1358
f 1357 1136 1130
f 1357 1130 1351
f 1139 1353 1134
f 1353 1139 1141
f 1359 1353 1141
f 1355 1353 1359
f 1356 1355 1360
f 1360 1355 1359
f 1357 1358 1361
f 1361 1358 1362
f 1361 1143 1136
f 1361 1136 1357
f 1145 1359 1141
f 1364 1363 1147
f 1147 1363 1145
f 1363 1360 1145
f 1360 1359 1145
f 1364 1365 1363
f 1361 1362 1366
f 1366 1362 1367
f 1366 1149 1143
f 1366 1143 1361
f 1152 1368 1364
f 1152 1364 1147
f 1365 1364 1369
f 1364 1370 1369
f 1364 1368 1370
f 1370 1371 1369
f 1366 1367 1372
f 1372 1367 1373
f 1372 1154 1149
f 1372 1149 1366
f 1157 1368 1152
f 1368 1157 1159
f 1374 1368 1159
f 1370 1368 1374
f 1371 1370 1375
f 1375 1370 1374
f 1373 1376 1372
f 1376 1378 1377
f 1376 1377 1160
f 1372 1376 1160
f 1154 1372 1160
f 1377 1162 1160
f 1165 1379 1374
f 1165 1374 1159
f 1375 1374 1380
f 1380 1374 1379
f 1383 1382 1381
f 1383 1381 1378
f 1378 1381 1377
f 1381 1167 1377
f 1167 1168 1377
f 1377 1168 1162
f 1169 1379 1165
f 1385 1384 1171
f 1171 1384 1169
f 1384 1380 1169
f 1380 1379 1169
f 1385 1386 1384
f 1382 1387 1381
f 1387 1389 1388
f 1387 1388 1172
f 1381 1387 1172
f 1167 1381 1172
f 1388 1174 1172
f 1175 1385 1171
f 1391 1390 1177
f 1177 1390 1175
f 1390 1386 1175
f 1386 1385 1175
f 1391 1392 1390
f 1388 1389 1393
f 1393 1389 1394
f 1395 1179 1174
f 1388 1395 1174
f 1393 1395 1388
f 1395 1181 1179
f 1183 1396 1391
f 1183 1391 1177
f 1392 1391 1397
f 1397 1391 1396
f 1394 1398 1393
f 1400 1399 1398
f 1399 1393 1398
f 1399 1395 1393
f 1399 1187 1181
f 1399 1181 1395
f 1190 1401 1396
f 1190 1396 1183
f 1397 1396 1402
f 1402 1396 1401
f 1404 1403 1191
f 1191 1403 1192
f 1406 1404 1405
f 1404 1193 1405
f 1404 1191 1193
f 1194 1405 1193
f 1400 1407 1399
f 1187 1399 1407
f 1408 1187 1407
f 1196 1187 1408
f 1198 1409 1401
f 1198 1401 1190
f 1402 1401 1410
f 1410 1401 1409
f 1403 1199 1192
f 1411 1199 1403
f 1412 1406 1405
f 1414 1412 1413
f 1413 1412 1200
f 1412 1405 1200
f 1405 1194 1200
f 1202 1413 1200
f 1203 1196 1415
f 1196 1416 1415
f 1196 1408 1416
f 1415 1205 1203
f 1206 1417 1409
f 1206 1409 1198
f 1410 1409 1418
f 1418 1409 1417
f 1411 1207 1199
f 1419 1207 1411
f 1422 1421 1420
f 1420 1421 1414
f 1413 1420 1414
f 1423 1420 1413
f 1209 1423 1202
f 1202 1423 1413
f 1415 1416 1212
f 1416 1211 1212
f 1416 1424 1211
f 1415 1212 1205
f 1214 1425 1417
f 1214 1417 1206
f 1418 1417 1426
f 1426 1417 1425
f 1419 1427 1207
f 1207 1427 1215
f 1420 1216 1422
f 1216 1427 1422
f 1216 1215 1427
f 1216 1420 1218
f 1420 1428 1218
f 1420 1423 1428
f 1219 1428 1209
f 1209 1428 1423
f 1220 1211 1429
f 1211 1430 1429
f 1211 1424 1430
f 1431 1221 1220
f 1431 1220 1429
f 1431 1223 1221
f 1225 1432 1425
f 1225 1425 1214
f 1426 1425 1433
f 1433 1425 1432
f 1428 1226 1218
f 1226 1428 1219
f 1429 1430 1434
f 1434 1430 1435
f 1429 1436 1431
f 1429 1434 1436
f 1436 1228 1223
f 1436 1223 1431
f 1230 1437 1432
f 1230 1432 1225
f 1433 1432 1438
f 1438 1432 1437
f 1434 1435 1439
f 1439 1435 1440
f 1434 1441 1436
f 1434 1439 1441
f 1441 1232 1228
f 1441 1228 1436
f 1234 1442 1437
f 1234 1437 1230
f 1438 1437 1443
f 1443 1437 1442
f 1440 1444 1439
f 1446 1445 1444
f 1445 1439 1444
f 1445 1441 1439
f 1445 1236 1232
f 1445 1232 1441
f 1238 1447 1237
f 1442 1234 1237
f 1447 1442 1237
f 1448 1442 1447
f 1443 1442 1449
f 1449 1442 1448
f 1446 1450 1445
f 1450 1452 1451
f 1450 1451 1239
f 1445 1450 1239
f 1236 1445 1239
f 1451 1241 1239
f 1242 1453 1447
f 1242 1447 1238
f 1455 1448 1454
f 1448 1453 1454
f 1448 1447 1453
f 1448 1455 1449
f 1451 1452 1456
f 1456 1452 1457
f 1456 1244 1241
f 1456 1241 1451
f 1246 1458 1453
f 1246 1453 1242
f 1454 1453 1459
f 1459 1453 1458
f 1457 1460 1456
f 1460 1462 1461
f 1460 1461 1247
f 1456 1460 1247
f 1244 1456 1247
f 1461 1249 1247
f 1251 1463 1250
f 1463 1464 1250
f 1250 1464 1246
f 1464 1465 1246
f 1465 1458 1246
f 1458 1465 1459
f 1462 1466 1461
f 1466 1468 1467
f 1466 1467 1252
f 1461 1466 1252
f 1249 1461 1252
f 1467 1254 1252
f 1470 1469 1463
f 1251 1470 1463
f 1256 1470 1251
f 1463 1469 1464
f 1468 1471 1467
f 1471 1473 1472
f 1471 1472 1257
f 1467 1471 1257
f 1254 1467 1257
f 1472 1259 1257
f 1261 1474 1262
f 1474 1475 1262
f 1475 1256 1262
f 1475 1470 1256
f 1473 1476 1472
f 1476 1478 1477
f 1476 1477 1263
f 1472 1476 1263
f 1259 1472 1263
f 1477 1265 1263
f 1267 1479 1268
f 1479 1480 1268
f 1268 1480 1261
f 1480 1481 1261
f 1481 1474 1261
f 1474 1481 1475
f 1478 1482 1477
f 1265 1477 1482
f 1483 1265 1482
f 1270 1265 1483
f 1271 1479 1267
f 1485 1484 1273
f 1273 1484 1271
f 1484 1480 1271
f 1480 1479 1271
f 1485 1486 1484
f 1274 1270 1487
f 1270 1488 1487
f 1270 1483 1488
f 1489 1275 1274
f 1489 1274 1487
f 1489 1277 1275
f 1279 1490 1280
f 1490 1491 1280
f 1280 1491 1273
f 1491 1492 1273
f 1492 1485 1273
f 1485 1492 1486
f 1488 1493 1487
f 1495 1494 1493
f 1494 1487 1493
f 1494 1489 1487
f 1496 1281 1277
f 1489 1496 1277
f 1494 1496 1489
f 1496 1283 1281
f 1286 1497 1285
f 1498 1287 1285
f 1498 1285 1497
f 1498 1499 1287
f 1287 1499 1279
f 1499 1500 1279
f 1500 1490 1279
f 1490 1500 1491
f 1495 1501 1494
f 1494 1501 1496
f 1496 1501 1502
f 1502 1504 1503
f 1502 1503 1288
f 1496 1502 1288
f 1283 1496 1288
f 1505 1289 1288
f 1505 1288 1503
f 1505 1291 1289
f 1295 1506 1296
f 1506 1507 1296
f 1296 1507 1286
f 1507 1508 1286
f 1508 1497 1286
f 1497 1508 1498
f 1498 1508 1509
f 1498 1509 1499
f 1504 1510 1503
f 1503 1510 1505
f 1505 1510 1511
f 1505 1511 1291
f 1511 1297 1291
f 1511 1512 1297
f 1512 1514 1513
f 1298 1512 1513
f 1297 1512 1298
f 1515 1299 1298
f 1515 1298 1513
f 1516 1300 1299
f 1516 1299 1515
f 1300 1516 1517
f 1518 1300 1517
f 1301 1300 1518
f 1295 1301 1506
f 1301 1519 1506
f 1301 1518 1519
f 1506 1519 1507
f 1514 1520 1513
f 1513 1520 1515
f 1515 1520 1521
f 1515 1521 1516
f 1516 1521 1522
f 1516 1522 1517
f 1525 1524 1523
f 1523 1526 1525
f 1529 1528 1527
f 1529 1527 1524
f 1527 1523 1524
f 1527 1530 1523
f 1526 1523 1531
f 1523 1532 1531
f 1523 1530 1532
f 1534 1533 1532
f 1532 1533 1531
f 1536 1535 1534
f 1534 1535 1533
f 1538 1537 1536
f 1536 1537 1535
f 1540 1539 1538
f 1538 1539 1537
f 1542 1541 1540
f 1540 1541 1539
f 1542 1543 1541
f 1546 1545 1544
f 1546 1544 1528
f 1544 1527 1528
f 1544 1547 1527
f 1527 1548 1530
f 1527 1547 1548
f 1530 1549 1532
f 1530 1548 1549
f 1532 1550 1534
f 1532 1549 1550
f 1550 1303 1304
f 1536 1550 1304
f 1534 1550 1536
f 1536 1304 1305
f 1536 1305 1538
f 1538 1305 1307
f 1538 1307 1540
f 1540 1307 1309
f 1551 1540 1309
f 1542 1540 1551
f 1543 1542 1552
f 1542 1553 1552
f 1542 1551 1553
f 1555 1554 1553
f 1553 1554 1552
f 1555 1556 1554
f 1559 1558 1557
f 1559 1557 1545
f 1557 1544 1545
f 1557 1560 1544
f 1560 1311 1312
f 1547 1560 1312
f 1544 1560 1547
f 1547 1312 1313
f 1547 1313 1548
f 1548 1313 1315
f 1548 1315 1549
f 1549 1315 1317
f 1549 1317 1550
f 1550 1317 1303
f 1318 1551 1309
f 1551 1318 1319
f 1551 1319 1553
f 1553 1319 1320
f 1553 1320 1555
f 1562 1561 1321
f 1321 1561 1320
f 1561 1556 1320
f 1556 1555 1320
f 1562 1563 1561
f 1557 1558 1564
f 1564 1558 1565
f 1564 1323 1324
f 1560 1564 1324
f 1557 1564 1560
f 1560 1324 1311
f 1325 1562 1321
f 1567 1566 1326
f 1326 1566 1325
f 1566 1563 1325
f 1563 1562 1325
f 1569 1568 1567
f 1567 1568 1566
f 1569 1570 1568
f 1573 1572 1571
f 1575 1574 1571
f 1571 1574 1573
f 1328 1329 1575
f 1329 1574 1575
f 1329 1576 1574
f 1330 1564 1565
f 1576 1330 1565
f 1329 1330 1576
f 1564 1330 1323
f 1331 1567 1326
f 1567 1331 1332
f 1567 1332 1569
f 1577 1570 1569
f 1332 1577 1569
f 1333 1577 1332
f 1578 1333 1334
f 1578 1577 1333
f 1580 1579 1335
f 1579 1334 1335
f 1579 1578 1334
f 1580 1581 1579
f 1571 1572 1582
f 1582 1572 1583
f 1571 1584 1575
f 1571 1582 1584
f 1584 1336 1328
f 1584 1328 1575
f 1337 1580 1335
f 1586 1585 1338
f 1338 1585 1337
f 1585 1581 1337
f 1581 1580 1337
f 1586 1587 1585
f 1582 1583 1341
f 1583 1340 1341
f 1583 1588 1340
f 1582 1341 1342
f 1582 1342 1584
f 1584 1342 1336
f 1344 1586 1338
f 1589 1587 1586
f 1344 1589 1586
f 1345 1589 1344
f 1591 1589 1590
f 1589 1347 1590
f 1589 1345 1347
f 1349 1590 1347
f 1594 1593 1592
f 1592 1595 1350
f 1588 1592 1350
f 1340 1588 1350
f 1592 1588 1594
f 1595 1352 1350
f 1596 1591 1590
f 1596 1590 1349
f 1354 1596 1349
f 1597 1596 1354
f 1354 1356 1597
f 1597 1356 1598
f 1593 1599 1592
f 1601 1600 1599
f 1600 1592 1599
f 1600 1595 1592
f 1600 1358 1352
f 1600 1352 1595
f 1360 1598 1356
f 1360 1602 1598
f 1600 1601 1603
f 1603 1601 1604
f 1603 1362 1358
f 1603 1358 1600
f 1605 1602 1360
f 1605 1360 1363
f 1607 1606 1365
f 1606 1363 1365
f 1606 1605 1363
f 1607 1608 1606
f 1603 1604 1609
f 1609 1604 1610
f 1609 1367 1362
f 1609 1362 1603
f 1369 1607 1365
f 1369 1371 1607
f 1371 1608 1607
f 1371 1611 1608
f 1609 1610 1612
f 1612 1610 1613
f 1612 1373 1367
f 1612 1367 1609
f 1375 1615 1614
f 1611 1375 1614
f 1371 1375 1611
f 1615 1616 1614
f 1612 1613 1617
f 1617 1613 1618
f 1619 1376 1373
f 1612 1619 1373
f 1617 1619 1612
f 1619 1378 1376
f 1380 1620 1615
f 1380 1615 1375
f 1616 1615 1621
f 1621 1615 1620
f 1617 1618 1622
f 1622 1618 1623
f 1622 1382 1383
f 1619 1622 1383
f 1617 1622 1619
f 1619 1383 1378
f 1384 1620 1380
f 1625 1624 1386
f 1386 1624 1384
f 1624 1621 1384
f 1621 1620 1384
f 1625 1626 1624
f 1623 1627 1622
f 1627 1629 1628
f 1627 1628 1387
f 1622 1627 1387
f 1382 1622 1387
f 1628 1389 1387
f 1390 1625 1386
f 1390 1392 1625
f 1392 1626 1625
f 1392 1630 1626
f 1628 1629 1631
f 1631 1629 1632
f 1631 1394 1389
f 1631 1389 1628
f 1397 1630 1392
f 1397 1633 1630
f 1632 1634 1631
f 1634 1636 1635
f 1634 1635 1398
f 1631 1634 1398
f 1394 1631 1398
f 1635 1400 1398
f 1402 1638 1637
f 1633 1402 1637
f 1397 1402 1633
f 1638 1639 1637
f 1641 1640 1404
f 1404 1640 1403
f 1404 1406 1641
f 1641 1406 1642
f 1636 1643 1635
f 1643 1645 1644
f 1643 1644 1407
f 1635 1643 1407
f 1400 1635 1407
f 1644 1408 1407
f 1647 1646 1638
f 1402 1647 1638
f 1410 1647 1402
f 1638 1646 1639
f 1640 1411 1403
f 1648 1411 1640
f 1649 1642 1406
f 1649 1406 1412
f 1412 1414 1649
f 1649 1414 1650
f 1644 1645 1651
f 1651 1645 1652
f 1651 1416 1408
f 1651 1408 1644
f 1418 1654 1653
f 1647 1418 1653
f 1410 1418 1647
f 1654 1655 1653
f 1648 1419 1411
f 1656 1419 1648
f 1658 1657 1421
f 1658 1421 1422
f 1414 1421 1650
f 1650 1421 1657
f 1651 1652 1659
f 1659 1652 1660
f 1659 1424 1416
f 1659 1416 1651
f 1662 1661 1654
f 1418 1662 1654
f 1426 1662 1418
f 1654 1661 1655
f 1656 1663 1419
f 1419 1663 1427
f 1422 1427 1658
f 1658 1427 1663
f 1660 1664 1659
f 1424 1659 1664
f 1665 1424 1664
f 1430 1424 1665
f 1433 1662 1426
f 1433 1666 1662
f 1665 1435 1430
f 1667 1435 1665
f 1438 1669 1668
f 1666 1438 1668
f 1433 1438 1666
f 1669 1670 1668
f 1667 1440 1435
f 1671 1440 1667
f 1673 1672 1669
f 1438 1673 1669
f 1443 1673 1438
f 1669 1672 1670
f 1671 1674 1440
f 1440 1674 1444
f 1446 1444 1674
f 1446 1674 1675
f 1449 1673 1443
f 1449 1676 1673
f 1450 1446 1677
f 1446 1678 1677
f 1446 1675 1678
f 1677 1452 1450
f 1454 1679 1455
f 1679 1680 1455
f 1680 1449 1455
f 1680 1676 1449
f 1678 1681 1677
f 1452 1677 1681
f 1682 1452 1681
f 1457 1452 1682
f 1459 1683 1679
f 1459 1679 1454
f 1680 1679 1684
f 1684 1679 1683
f 1460 1457 1685
f 1457 1686 1685
f 1457 1682 1686
f 1685 1462 1460
f 1464 1687 1465
f 1687 1688 1465
f 1465 1688 1459
f 1688 1689 1459
f 1689 1683 1459
f 1683 1689 1684
f 1686 1690 1685
f 1690 1692 1691
f 1690 1691 1466
f 1685 1690 1466
f 1462 1685 1466
f 1691 1468 1466
f 1470 1693 1469
f 1687 1464 1469
f 1693 1687 1469
f 1694 1687 1693
f 1688 1687 1695
f 1695 1687 1694
f 1692 1696 1691
f 1696 1698 1697
f 1696 1697 1471
f 1691 1696 1471
f 1468 1691 1471
f 1697 1473 1471
f 1475 1699 1693
f 1475 1693 1470
f 1701 1694 1700
f 1694 1699 1700
f 1694 1693 1699
f 1694 1701 1695
f 1698 1702 1697
f 1702 1704 1703
f 1702 1703 1476
f 1697 1702 1476
f 1473 1697 1476
f 1703 1478 1476
f 1480 1705 1481
f 1705 1706 1481
f 1481 1706 1475
f 1706 1707 1475
f 1707 1699 1475
f 1699 1707 1700
f 1704 1708 1703
f 1708 1710 1709
f 1708 1709 1482
f 1703 1708 1482
f 1478 1703 1482
f 1709 1483 1482
f 1484 1705 1480
f 1712 1711 1486
f 1486 1711 1484
f 1711 1706 1484
f 1706 1705 1484
f 1712 1713 1711
f 1710 1714 1709
f 1483 1709 1714
f 1715 1483 1714
f 1488 1483 1715
f 1491 1716 1492
f 1716 1717 1492
f 1492 1717 1486
f 1717 1718 1486
f 1718 1712 1486
f 1712 1718 1713
f 1715 1719 1488
f 1488 1719 1493
f 1495 1493 1719
f 1495 1719 1720
f 1499 1721 1500
f 1721 1722 1500
f 1500 1722 1491
f 1722 1723 1491
f 1723 1716 1491
f 1716 1723 1717
f 1720 1724 1495
f 1495 1724 1501
f 1724 1726 1725
f 1502 1724 1725
f 1501 1724 1502
f 1725 1504 1502
f 1507 1727 1508
f 1728 1509 1508
f 1728 1508 1727
f 1728 1729 1509
f 1509 1729 1499
f 1729 1730 1499
f 1730 1721 1499
f 1721 1730 1722
f 1726 1731 1725
f 1725 1731 1504
f 1731 1510 1504
f 1731 1732 1510
f 1732 1734 1733
f 1511 1732 1733
f 1510 1732 1511
f 1735 1512 1511
f 1735 1511 1733
f 1735 1514 1512
f 1517 1736 1518
f 1737 1519 1518
f 1737 1518 1736
f 1737 1738 1519
f 1519 1738 1507
f 1738 1739 1507
f 1739 1727 1507
f 1727 1739 1728
f 1728 1739 1740
f 1728 1740 1729
f 1734 1741 1733
f 1733 1741 1735
f 1735 1741 1742
f 1735 1742 1514
f 1742 1520 1514
f 1742 1743 1520
f 1520 1744 1521
f 1743 1744 1520
f 1521 1745 1522
f 1744 1745 1521
f 1517 1522 1736
f 1522 1746 1736
f 1522 1745 1746
f 1736 1746 1737
f 1737 1746 1747
f 1737 1747 1738
f 1750 1749 1748
f 1752 1751 1748
f 1748 1751 1750
f 1754 1753 1752
f 1752 1753 1751
f 1756 1755 1754
f 1754 1755 1753
f 1758 1757 1756
f 1756 1757 1755
f 1760 1759 1758
f 1758 1759 1757
f 1762 1761 1760
f 1760 1761 1759
f 1764 1763 1762
f 1762 1763 1761
f 1764 1765 1763
f 1768 1767 1766
f 1768 1766 1749
f 1766 1748 1749
f 1766 1769 1748
f 1769 1524 1525
f 1752 1769 1525
f 1748 1769 1752
f 1752 1525 1526
f 1770 1752 1526
f 1754 1752 1770
f 1754 1771 1756
f 1754 1770 1771
f 1756 1772 1758
f 1756 1771 1772
f 1758 1773 1760
f 1758 1772 1773
f 1760 1774 1762
f 1760 1773 1774
f 1762 1775 1764
f 1762 1774 1775
f 1765 1764 1776
f 1764 1777 1776
f 1764 1775 1777
f 1777 1778 1776
f 1781 1780 1779
f 1783 1782 1779
f 1779 1782 1781
f 1782 1783 1767
f 1783 1766 1767
f 1783 1784 1766
f 1784 1528 1529
f 1769 1784 1529
f 1766 1784 1769
f 1769 1529 1524
f 1531 1770 1526
f 1770 1531 1533
f 1770 1533 1771
f 1771 1533 1535
f 1771 1535 1772
f 1772 1535 1537
f 1772 1537 1773
f 1773 1537 1539
f 1773 1539 1774
f 1774 1539 1541
f 1774 1541 1775
f 1775 1541 1543
f 1785 1775 1543
f 1777 1775 1785
f 1778 1777 1786
f 1777 1787 1786
f 1777 1785 1787
f 1787 1788 1786
f 1779 1780 1789
f 1789 1780 1790
f 1779 1791 1783
f 1779 1789 1791
f 1791 1545 1546
f 1784 1791 1546
f 1783 1791 1784
f 1784 1546 1528
f 1552 1785 1543
f 1785 1552 1554
f 1785 1554 1787
f 1793 1792 1556
f 1556 1792 1554
f 1792 1788 1554
f 1788 1787 1554
f 1795 1794 1793
f 1793 1794 1792
f 1795 1796 1794
f 1789 1790 1797
f 1797 1790 1798
f 1797 1558 1559
f 1791 1797 1559
f 1789 1797 1791
f 1791 1559 1545
f 1561 1793 1556
f 1793 1561 1563
f 1799 1793 1563
f 1795 1793 1799
f 1796 1795 1800
f 1795 1801 1800
f 1795 1799 1801
f 1801 1802 1800
f 1797 1798 1803
f 1803 1798 1804
f 1803 1565 1558
f 1803 1558 1797
f 1566 1799 1563
f 1799 1566 1568
f 1799 1568 1801
f 1806 1805 1570
f 1570 1805 1568
f 1805 1802 1568
f 1802 1801 1568
f 1806 1807 1805
f 1810 1809 1808
f 1572 1573 1808
f 1573 1810 1808
f 1573 1811 1810
f 1812 1573 1574
f 1812 1811 1573
f 1576 1803 1804
f 1812 1576 1804
f 1574 1576 1812
f 1803 1576 1565
f 1577 1806 1570
f 1813 1807 1806
f 1577 1813 1806
f 1578 1813 1577
f 1814 1578 1579
f 1814 1813 1578
f 1816 1815 1581
f 1815 1579 1581
f 1815 1814 1579
f 1816 1817 1815
f 1808 1809 1818
f 1818 1809 1819
f 1818 1583 1572
f 1818 1572 1808
f 1585 1816 1581
f 1821 1820 1587
f 1587 1820 1585
f 1820 1817 1585
f 1817 1816 1585
f 1821 1822 1820
f 1818 1819 1823
f 1823 1819 1824
f 1823 1588 1583
f 1823 1583 1818
f 1589 1821 1587
f 1826 1825 1591
f 1591 1825 1589
f 1825 1822 1589
f 1822 1821 1589
f 1826 1827 1825
f 1823 1824 1594
f 1824 1593 1594
f 1824 1828 1593
f 1823 1594 1588
f 1596 1826 1591
f 1829 1827 1826
f 1596 1829 1826
f 1597 1829 1596
f 1597 1598 1829
f 1829 1598 1830
f 1599 1593 1831
f 1593 1832 1831
f 1593 1828 1832
f 1831 1601 1599
f 1602 1834 1833
f 1830 1602 1833
f 1598 1602 1830
f 1834 1835 1833
f 1831 1832 1836
f 1836 1832 1837
f 1836 1604 1601
f 1836 1601 1831
f 1605 1834 1602
f 1838 1835 1834
f 1605 1838 1834
f 1606 1838 1605
f 1606 1608 1838
f 1838 1608 1839
f 1836 1837 1840
f 1840 1837 1841
f 1840 1610 1604
f 1840 1604 1836
f 1611 1843 1842
f 1839 1611 1842
f 1608 1611 1839
f 1843 1844 1842
f 1840 1841 1845
f 1845 1841 1846
f 1845 1613 1610
f 1845 1610 1840
f 1614 1843 1611
f 1614 1616 1843
f 1616 1844 1843
f 1616 1847 1844
f 1850 1849 1848
f 1850 1848 1846
f 1848 1845 1846
f 1848 1851 1845
f 1851 1618 1613
f 1851 1613 1845
f 1621 1853 1852
f 1847 1621 1852
f 1616 1621 1847
f 1853 1854 1852
f 1849 1855 1848
f 1857 1856 1855
f 1856 1848 1855
f 1856 1851 1848
f 1856 1623 1618
f 1856 1618 1851
f 1624 1853 1621
f 1624 1626 1853
f 1626 1854 1853
f 1626 1858 1854
f 1856 1857 1859
f 1859 1857 1860
f 1861 1627 1623
f 1856 1861 1623
f 1859 1861 1856
f 1861 1629 1627
f 1630 1858 1626
f 1630 1862 1858
f 1860 1863 1859
f 1865 1864 1863
f 1864 1859 1863
f 1864 1861 1859
f 1864 1632 1629
f 1864 1629 1861
f 1633 1867 1866
f 1862 1633 1866
f 1630 1633 1862
f 1867 1868 1866
f 1865 1869 1864
f 1869 1871 1870
f 1869 1870 1634
f 1864 1869 1634
f 1632 1864 1634
f 1870 1636 1634
f 1637 1867 1633
f 1637 1639 1867
f 1639 1868 1867
f 1639 1872 1868
f 1875 1874 1873
f 1640 1641 1873
f 1641 1875 1873
f 1641 1876 1875
f 1877 1870 1642
f 1870 1876 1642
f 1876 1641 1642
f 1870 1871 1876
f 1878 1643 1636
f 1870 1878 1636
f 1877 1878 1870
f 1878 1645 1643
f 1647 1879 1646
f 1879 1880 1646
f 1880 1639 1646
f 1880 1872 1639
f 1873 1874 1881
f 1881 1874 1882
f 1881 1648 1640
f 1881 1640 1873
f 1649 1877 1642
f 1877 1649 1650
f 1883 1877 1650
f 1878 1877 1883
f 1883 1652 1645
f 1883 1645 1878
f 1653 1879 1647
f 1653 1655 1879
f 1655 1880 1879
f 1655 1884 1880
f 1882 1885 1881
f 1648 1881 1885
f 1886 1648 1885
f 1656 1648 1886
f 1658 1887 1657
f 1883 1650 1657
f 1887 1883 1657
f 1888 1883 1887
f 1888 1660 1652
f 1888 1652 1883
f 1662 1889 1661
f 1889 1890 1661
f 1890 1655 1661
f 1890 1884 1655
f 1886 1891 1656
f 1656 1891 1663
f 1658 1663 1887
f 1663 1892 1887
f 1663 1891 1892
f 1887 1892 1888
f 1888 1892 1893
f 1893 1895 1894
f 1893 1894 1664
f 1888 1893 1664
f 1660 1888 1664
f 1894 1665 1664
f 1666 1896 1889
f 1666 1889 1662
f 1890 1889 1897
f 1897 1889 1896
f 1900 1899 1898
f 1898 1901 1900
f 1894 1895 1902
f 1902 1895 1903
f 1902 1667 1665
f 1902 1665 1894
f 1668 1896 1666
f 1905 1904 1670
f 1670 1904 1668
f 1904 1897 1668
f 1897 1896 1668
f 1905 1906 1904
f 1899 1907 1898
f 1898 1907 1901
f 1903 1908 1902
f 1667 1902 1908
f 1909 1667 1908
f 1671 1667 1909
f 1673 1910 1672
f 1905 1670 1672
f 1910 1905 1672
f 1911 1905 1910
f 1906 1905 1912
f 1912 1905 1911
f 1674 1671 1913
f 1671 1914 1913
f 1671 1909 1914
f 1913 1675 1674
f 1676 1915 1910
f 1676 1910 1673
f 1910 1916 1911
f 1910 1915 1916
f 1912 1911 1917
f 1917 1911 1916
f 1914 1918 1913
f 1675 1913 1918
f 1919 1675 1918
f 1678 1675 1919
f 1680 1920 1915
f 1680 1915 1676
f 1915 1921 1916
f 1915 1920 1921
f 1917 1916 1922
f 1922 1916 1921
f 1681 1678 1923
f 1678 1924 1923
f 1678 1919 1924
f 1923 1682 1681
f 1684 1925 1920
f 1684 1920 1680
f 1927 1921 1926
f 1921 1925 1926
f 1921 1920 1925
f 1921 1927 1922
f 1924 1928 1923
f 1682 1923 1928
f 1929 1682 1928
f 1686 1682 1929
f 1688 1930 1689
f 1930 1931 1689
f 1689 1931 1684
f 1931 1932 1684
f 1932 1925 1684
f 1925 1932 1926
f 1690 1686 1933
f 1686 1934 1933
f 1686 1929 1934
f 1933 1692 1690
f 1695 1935 1930
f 1695 1930 1688
f 1931 1930 1936
f 1936 1930 1935
f 1934 1937 1933
f 1937 1939 1938
f 1937 1938 1696
f 1933 1937 1696
f 1692 1933 1696
f 1938 1698 1696
f 1700 1940 1701
f 1940 1941 1701
f 1701 1941 1695
f 1941 1942 1695
f 1942 1935 1695
f 1935 1942 1936
f 1939 1943 1938
f 1943 1945 1944
f 1943 1944 1702
f 1938 1943 1702
f 1698 1938 1702
f 1944 1704 1702
f 1706 1946 1707
f 1940 1700 1707
f 1946 1940 1707
f 1947 1940 1946
f 1941 1940 1948
f 1948 1940 1947
f 1945 1949 1944
f 1949 1951 1950
f 1949 1950 1708
f 1944 1949 1708
f 1704 1944 1708
f 1950 1710 1708
f 1711 1946 1706
f 1946 1711 1713
f 1952 1946 1713
f 1947 1946 1952
f 1948 1947 1953
f 1947 1954 1953
f 1947 1952 1954
f 1954 1955 1953
f 1951 1956 1950
f 1950 1956 1710
f 1956 1714 1710
f 1956 1957 1714
f 1715 1714 1957
f 1715 1957 1958
f 1717 1959 1718
f 1952 1713 1718
f 1959 1952 1718
f 1960 1952 1959
f 1962 1954 1961
f 1954 1960 1961
f 1954 1952 1960
f 1954 1962 1955
f 1958 1963 1715
f 1715 1963 1719
f 1720 1719 1963
f 1720 1963 1964
f 1722 1965 1723
f 1965 1966 1723
f 1723 1966 1717
f 1966 1967 1717
f 1967 1959 1717
f 1959 1967 1960
f 1960 1967 1968
f 1960 1968 1961
f 1964 1969 1720
f 1720 1969 1724
f 1726 1724 1969
f 1726 1969 1970
f 1972 1971 1730
f 1972 1730 1729
f 1722 1730 1965
f 1730 1973 1965
f 1730 1971 1973
f 1965 1973 1966
f 1970 1974 1726
f 1726 1974 1731
f 1974 1976 1975
f 1732 1974 1975
f 1731 1974 1732
f 1975 1734 1732
f 1738 1977 1739
f 1978 1740 1739
f 1978 1739 1977
f 1978 1979 1740
f 1979 1729 1740
f 1979 1972 1729
f 1976 1980 1975
f 1975 1980 1734
f 1980 1741 1734
f 1980 1981 1741
f 1741 1982 1742
f 1981 1982 1741
f 1742 1983 1743
f 1982 1983 1742
f 1743 1984 1744
f 1983 1984 1743
f 1984 1986 1985
f 1745 1984 1985
f 1744 1984 1745
f 1745 1985 1987
f 1988 1745 1987
f 1746 1745 1988
f 1746 1989 1747
f 1988 1989 1746
f 1738 1747 1977
f 1747 1990 1977
f 1747 1989 1990
f 1977 1990 1978
f 1978 1990 1991
f 1978 1991 1979
f 1986 1992 1985
f 1985 1992 1987
f 1995 1994 1993
f 1997 1996 1993
f 1993 1996 1995
f 1999 1998 1997
f 1997 1998 1996
f 2001 2000 1999
f 1999 2000 1998
f 2001 2002 2000
f 2005 2004 2003
f 2007 2006 2003
f 2003 2006 2005
f 2009 2008 2007
f 2007 2008 2006
f 2011 2010 2009
f 2009 2010 2008
f 2010 2011 1994
f 2011 1993 1994
f 2011 2012 1993
f 1993 2013 1997
f 1993 2012 2013
f 1997 2014 1999
f 1997 2013 2014
f 1999 2015 2001
f 1999 2014 2015
f 2002 2001 2016
f 2001 2017 2016
f 2001 2015 2017
f 2019 2018 2017
f 2017 2018 2016
f 2019 2020 2018
f 2023 2022 2021
f 2023 2021 2004
f 2021 2003 2004
f 2021 2024 2003
f 2024 1749 1750
f 2007 2024 1750
f 2003 2024 2007
f 2007 1750 1751
f 2007 1751 2009
f 2009 1751 1753
f 2009 1753 2011
f 2011 1753 1755
f 2011 1755 2012
f 2012 1755 1757
f 2012 1757 2013
f 2013 1757 1759
f 2013 1759 2014
f 2014 1759 1761
f 2014 1761 2015
f 2015 1761 1763
f 2015 1763 2017
f 2017 1763 1765
f 2025 2017 1765
f 2019 2017 2025
f 2020 2019 2026
f 2019 2027 2026
f 2019 2025 2027
f 2027 2028 2026
f 2031 2030 2029
f 2031 2029 2022
f 2029 2021 2022
f 2029 2032 2021
f 2032 1767 1768
f 2024 2032 1768
f 2021 2032 2024
f 2024 1768 1749
f 1776 2025 1765
f 2025 1776 1778
f 2033 2025 1778
f 2027 2025 2033
f 2028 2027 2034
f 2034 2027 2033
f 2037 2036 2035
f 2037 2035 2030
f 2030 2035 2029
f 2035 1780 2029
f 1780 1781 2029
f 2029 1781 1782
f 2029 1782 2032
f 2032 1782 1767
f 1786 2033 1778
f 2039 2038 1788
f 1788 2038 1786
f 2038 2034 1786
f 2034 2033 1786
f 2041 2040 2039
f 2039 2040 2038
f 2041 2042 2040
f 2035 2036 2043
f 2043 2036 2044
f 2043 1790 1780
f 2043 1780 2035
f 1792 2039 1788
f 2039 1792 1794
f 2039 1794 2041
f 2046 2045 1796
f 1796 2045 1794
f 2045 2042 1794
f 2042 2041 1794
f 2046 2047 2045
f 2050 2049 2048
f 2050 2048 2044
f 2048 2043 2044
f 2048 2051 2043
f 2051 1798 1790
f 2051 1790 2043
f 1800 2046 1796
f 2053 2052 1802
f 1802 2052 1800
f 2052 2047 1800
f 2047 2046 1800
f 2053 2054 2052
f 2057 2056 2055
f 2057 2055 2049
f 2055 2048 2049
f 2055 2058 2048
f 2048 2059 2051
f 2048 2058 2059
f 2059 1804 1798
f 2059 1798 2051
f 1805 2053 1802
f 2061 2060 1807
f 1807 2060 1805
f 2060 2054 1805
f 2054 2053 1805
f 2061 2062 2060
f 2065 2064 2063
f 2065 2063 2056
f 2056 2063 2055
f 2063 1809 2055
f 1809 1810 2055
f 2055 1810 1811
f 2055 1811 2058
f 2058 1811 1812
f 2058 1812 2059
f 2059 1812 1804
f 1813 2061 1807
f 2066 2062 2061
f 1813 2066 2061
f 1814 2066 1813
f 2067 1814 1815
f 2067 2066 1814
f 2069 2068 1817
f 2068 1815 1817
f 2068 2067 1815
f 2069 2070 2068
f 2063 2064 2071
f 2071 2064 2072
f 2071 1819 1809
f 2071 1809 2063
f 1820 2069 1817
f 2074 2073 1822
f 1822 2073 1820
f 2073 2070 1820
f 2070 2069 1820
f 2074 2075 2073
f 2071 2072 2076
f 2076 2072 2077
f 2076 1824 1819
f 2076 1819 2071
f 1825 2074 1822
f 2079 2078 1827
f 1827 2078 1825
f 2078 2075 1825
f 2075 2074 1825
f 2079 2080 2078
f 2076 2077 2081
f 2081 2077 2082
f 2081 1828 1824
f 2081 1824 2076
f 1829 2079 1827
f 2084 2083 1830
f 1830 2083 1829
f 2083 2080 1829
f 2080 2079 1829
f 2084 2085 2083
f 2081 2082 2086
f 2086 2082 2087
f 2086 1832 1828
f 2086 1828 2081
f 1833 2084 1830
f 2089 2088 1835
f 1835 2088 1833
f 2088 2085 1833
f 2085 2084 1833
f 2089 2090 2088
f 2086 2087 2091
f 2091 2087 2092
f 2091 1837 1832
f 2091 1832 2086
f 1838 2089 1835
f 2094 2093 1839
f 1839 2093 1838
f 2093 2090 1838
f 2090 2089 1838
f 2094 2095 2093
f 2091 2092 2096
f 2096 2092 2097
f 2096 1841 1837
f 2096 1837 2091
f 1842 2094 1839
f 1842 1844 2094
f 1844 2095 2094
f 1844 2098 2095
f 2096 2097 2099
f 2099 2097 2100
f 2099 1846 1841
f 2099 1841 2096
f 1847 2102 2101
f 2098 1847 2101
f 1844 1847 2098
f 2102 2103 2101
f 2099 2100 1850
f 2100 1849 1850
f 2100 2104 1849
f 2099 1850 1846
f 1852 2102 1847
f 2106 2105 1854
f 1854 2105 1852
f 2105 2103 1852
f 2103 2102 1852
f 2106 2107 2105
f 2104 2108 1849
f 1849 2108 1855
f 1857 1855 2108
f 1857 2108 2109
f 1858 2110 2106
f 1858 2106 1854
f 2107 2106 2111
f 2111 2106 2110
f 2109 1860 1857
f 2112 1860 2109
f 1862 2113 2110
f 1862 2110 1858
f 2111 2110 2114
f 2114 2110 2113
f 2117 2116 2115
f 2115 2118 1863
f 2112 2115 1863
f 1860 2112 1863
f 2115 2112 2117
f 2118 1865 1863
f 1866 2113 1862
f 1866 1868 2113
f 1868 2114 2113
f 1868 2119 2114
f 2115 2116 2120
f 2120 2116 2121
f 2115 2122 2118
f 2115 2120 2122
f 2123 1869 1865
f 2118 2123 1865
f 2122 2123 2118
f 2123 1871 1869
f 1872 2125 2124
f 2119 1872 2124
f 1868 1872 2119
f 2125 2126 2124
f 2120 2121 2127
f 2127 2121 2128
f 2127 1874 1875
f 2122 2127 1875
f 2120 2127 2122
f 2122 1875 1876
f 2122 1876 2123
f 2123 1876 1871
f 1880 2129 2125
f 1880 2125 1872
f 2126 2125 2130
f 2130 2125 2129
f 2128 2131 2127
f 1874 2127 2131
f 2132 1874 2131
f 1882 1874 2132
f 1884 2133 2129
f 1884 2129 1880
f 2130 2129 2134
f 2134 2129 2133
f 1885 1882 2135
f 1882 2136 2135
f 1882 2132 2136
f 2135 1886 1885
f 1890 2137 2133
f 1890 2133 1884
f 2134 2133 2138
f 2138 2133 2137
f 2136 2139 2135
f 2139 2141 2140
f 2139 2140 1891
f 2135 2139 1891
f 1886 2135 1891
f 2142 1892 1891
f 2142 1891 2140
f 2143 1893 1892
f 2143 1892 2142
f 2143 1895 1893
f 1897 2144 2137
f 1897 2137 1890
f 2138 2137 2145
f 2145 2137 2144
f 2147 2146 2141
f 2146 1899 2141
f 1900 2140 2141
f 1900 2141 1899
f 2148 2146 2147
f 2146 2148 1901
f 2142 1901 2148
f 1901 2142 1900
f 2140 1900 2142
f 2150 2149 2148
f 2149 2142 2148
f 2149 2143 2142
f 2149 1903 1895
f 2149 1895 2143
f 1904 2144 1897
f 2152 2151 1906
f 1906 2151 1904
f 2151 2145 1904
f 2145 2144 1904
f 2152 2153 2151
f 2146 1907 1899
f 1907 2146 1901
f 2150 2154 2149
f 2154 2156 2155
f 2154 2155 1908
f 2149 2154 1908
f 1903 2149 1908
f 2155 1909 1908
f 2158 2157 2152
f 1906 2158 2152
f 1912 2158 1906
f 2152 2157 2153
f 2156 2159 2155
f 1909 2155 2159
f 2160 1909 2159
f 1914 1909 2160
f 1917 2158 1912
f 1917 2161 2158
f 2160 2162 1914
f 1914 2162 1918
f 1919 1918 2162
f 1919 2162 2163
f 1922 2165 2164
f 2161 1922 2164
f 1917 1922 2161
f 2165 2166 2164
f 2163 1924 1919
f 2167 1924 2163
f 1926 2168 1927
f 2168 2169 1927
f 1927 2169 1922
f 2169 2170 1922
f 2170 2165 1922
f 2165 2170 2166
f 1928 1924 2171
f 1924 2172 2171
f 1924 2167 2172
f 2171 1929 1928
f 1931 2173 1932
f 2168 1926 1932
f 2173 2168 1932
f 2174 2168 2173
f 2169 2168 2175
f 2175 2168 2174
f 2172 2176 2171
f 1929 2171 2176
f 2177 1929 2176
f 1934 1929 2177
f 1936 2178 2173
f 1936 2173 1931
f 2180 2174 2179
f 2174 2178 2179
f 2174 2173 2178
f 2174 2180 2175
f 2177 2181 1934
f 1934 2181 1937
f 1939 1937 2181
f 1939 2181 2182
f 1941 2183 1942
f 2178 1936 1942
f 2183 2178 1942
f 2184 2178 2183
f 2179 2178 2185
f 2185 2178 2184
f 2182 2186 1939
f 1939 2186 1943
f 1945 1943 2186
f 1945 2186 2187
f 1948 2188 2183
f 1948 2183 1941
f 2190 2184 2189
f 2184 2188 2189
f 2184 2183 2188
f 2184 2190 2185
f 2187 2191 1945
f 1945 2191 1949
f 1951 1949 2191
f 1951 2191 2192
f 1953 2188 1948
f 2194 2193 1955
f 1955 2193 1953
f 2193 2189 1953
f 2189 2188 1953
f 2196 2195 2194
f 2194 2195 2193
f 2196 2197 2195
f 2192 2198 1951
f 1951 2198 1956
f 1956 2199 1957
f 2198 2199 1956
f 1958 1957 2199
f 1958 2199 2200
f 1961 2201 1962
f 2201 2202 1962
f 1962 2202 1955
f 2202 2203 1955
f 2203 2194 1955
f 2194 2203 2196
f 2196 2203 2204
f 2196 2204 2197
f 2200 2205 1958
f 1958 2205 1963
f 1964 1963 2205
f 1964 2205 2206
f 1966 2207 1967
f 2208 1968 1967
f 2208 1967 2207
f 2208 2209 1968
f 1968 2209 1961
f 2209 2210 1961
f 2210 2201 1961
f 2201 2210 2202
f 2206 2211 1964
f 1964 2211 1969
f 1970 1969 2211
f 1970 2211 2212
f 2214 2213 1971
f 2214 1971 1972
f 1971 2215 1973
f 2213 2215 1971
f 1966 1973 2207
f 1973 2216 2207
f 1973 2215 2216
f 2207 2216 2208
f 2208 2216 2217
f 2208 2217 2209
f 2212 2218 1970
f 1970 2218 1974
f 1976 1974 2218
f 1976 2218 2219
f 1979 2214 1972
f 1979 2220 2214
f 2219 2221 1976
f 1976 2221 1980
f 1980 2222 1981
f 2221 2222 1980
f 1981 2223 1982
f 2222 2223 1981
f 1982 2224 1983
f 2223 2224 1982
f 2224 2226 2225
f 1984 2224 2225
f 1983 2224 1984
f 2225 1986 1984
f 1987 2227 1988
f 1988 2227 2228
f 2229 1988 2228
f 1989 1988 2229
f 2229 2231 2230
f 1990 2229 2230
f 1989 2229 1990
f 2232 1991 1990
f 2232 1990 2230
f 2232 2233 1991
f 2233 1979 1991
f 2233 2220 1979
f 2226 2234 2225
f 2225 2234 1986
f 2234 1992 1986
f 2234 2235 1992
f 1987 1992 2227
f 1992 2236 2227
f 1992 2235 2236
f 2227 2236 2228
f 2231 2237 2230
f 2230 2237 2232
f 2232 2237 2238
f 2232 2238 2233
f 2241 2240 2239
f 2243 2242 2239
f 2239 2242 2241
f 2245 2244 2243
f 2243 2244 2242
f 2247 2246 2245
f 2245 2246 2244
f 1994 1995 2247
f 1995 2246 2247
f 1995 2248 2246
f 2249 1995 1996
f 2249 2248 1995
f 2250 1996 1998
f 2250 2249 1996
f 2251 1998 2000
f 2251 2250 1998
f 2253 2252 2002
f 2252 2000 2002
f 2252 2251 2000
f 2253 2254 2252
f 2257 2256 2255
f 2257 2255 2240
f 2240 2255 2239
f 2255 2004 2239
f 2004 2005 2239
f 2239 2005 2006
f 2239 2006 2243
f 2243 2006 2008
f 2243 2008 2245
f 2245 2008 2010
f 2245 2010 2247
f 2247 2010 1994
f 2016 2253 2002
f 2258 2254 2253
f 2016 2258 2253
f 2018 2258 2016
f 2260 2259 2020
f 2259 2018 2020
f 2259 2258 2018
f 2260 2261 2259
f 2264 2263 2262
f 2264 2262 2256
f 2256 2262 2255
f 2262 2022 2255
f 2022 2023 2255
f 2255 2023 2004
f 2026 2260 2020
f 2266 2265 2028
f 2028 2265 2026
f 2265 2261 2026
f 2261 2260 2026
f 2266 2267 2265
f 2270 2269 2268
f 2270 2268 2263
f 2263 2268 2262
f 2268 2030 2262
f 2030 2031 2262
f 2262 2031 2022
f 2034 2271 2266
f 2034 2266 2028
f 2267 2266 2272
f 2266 2273 2272
f 2266 2271 2273
f 2273 2274 2272
f 2277 2276 2275
f 2277 2275 2269
f 2269 2275 2268
f 2275 2036 2268
f 2036 2037 2268
f 2268 2037 2030
f 2038 2271 2034
f 2271 2038 2040
f 2271 2040 2273
f 2279 2278 2042
f 2042 2278 2040
f 2278 2274 2040
f 2274 2273 2040
f 2279 2280 2278
f 2283 2282 2281
f 2283 2281 2276
f 2281 2275 2276
f 2281 2284 2275
f 2284 2044 2036
f 2284 2036 2275
f 2045 2279 2042
f 2286 2285 2047
f 2047 2285 2045
f 2285 2280 2045
f 2280 2279 2045
f 2286 2287 2285
f 2290 2289 2288
f 2290 2288 2282
f 2288 2281 2282
f 2288 2291 2281
f 2291 2049 2050
f 2284 2291 2050
f 2281 2291 2284
f 2284 2050 2044
f 2052 2286 2047
f 2293 2292 2054
f 2054 2292 2052
f 2292 2287 2052
f 2287 2286 2052
f 2293 2294 2292
f 2288 2289 2295
f 2295 2289 2296
f 2295 2056 2057
f 2291 2295 2057
f 2288 2295 2291
f 2291 2057 2049
f 2060 2293 2054
f 2298 2297 2062
f 2062 2297 2060
f 2297 2294 2060
f 2294 2293 2060
f 2300 2299 2298
f 2298 2299 2297
f 2300 2301 2299
f 2304 2303 2302
f 2304 2302 2296
f 2296 2302 2295
f 2302 2064 2295
f 2064 2065 2295
f 2295 2065 2056
f 2066 2298 2062
f 2298 2066 2067
f 2298 2067 2300
f 2305 2301 2300
f 2067 2305 2300
f 2068 2305 2067
f 2307 2306 2070
f 2306 2068 2070
f 2306 2305 2068
f 2307 2308 2306
f 2302 2303 2309
f 2309 2303 2310
f 2309 2072 2064
f 2309 2064 2302
f 2073 2307 2070
f 2312 2311 2075
f 2075 2311 2073
f 2311 2308 2073
f 2308 2307 2073
f 2312 2313 2311
f 2309 2310 2314
f 2314 2310 2315
f 2314 2077 2072
f 2314 2072 2309
f 2078 2312 2075
f 2317 2316 2080
f 2080 2316 2078
f 2316 2313 2078
f 2313 2312 2078
f 2317 2318 2316
f 2314 2315 2319
f 2319 2315 2320
f 2319 2082 2077
f 2319 2077 2314
f 2083 2317 2080
f 2322 2321 2085
f 2085 2321 2083
f 2321 2318 2083
f 2318 2317 2083
f 2322 2323 2321
f 2319 2320 2324
f 2324 2320 2325
f 2324 2087 2082
f 2324 2082 2319
f 2088 2322 2085
f 2327 2326 2090
f 2090 2326 2088
f 2326 2323 2088
f 2323 2322 2088
f 2327 2328 2326
f 2325 2329 2324
f 2087 2324 2329
f 2330 2087 2329
f 2092 2087 2330
f 2093 2327 2090
f 2093 2095 2327
f 2095 2328 2327
f 2095 2331 2328
f 2330 2097 2092
f 2332 2097 2330
f 2098 2334 2333
f 2331 2098 2333
f 2095 2098 2331
f 2334 2335 2333
f 2332 2100 2097
f 2336 2100 2332
f 2101 2334 2098
f 2101 2103 2334
f 2103 2335 2334
f 2103 2337 2335
f 2340 2339 2338
f 2336 2340 2338
f 2104 2336 2338
f 2100 2336 2104
f 2341 2337 2103
f 2341 2103 2105
f 2343 2342 2107
f 2342 2105 2107
f 2342 2341 2105
f 2343 2344 2342
f 2338 2339 2345
f 2345 2339 2346
f 2347 2108 2104
f 2338 2347 2104
f 2345 2347 2338
f 2347 2109 2108
f 2111 2348 2343
f 2111 2343 2107
f 2344 2343 2349
f 2349 2343 2348
f 2345 2346 2350
f 2350 2346 2351
f 2345 2352 2347
f 2345 2350 2352
f 2352 2112 2109
f 2352 2109 2347
f 2114 2353 2348
f 2114 2348 2111
f 2349 2348 2354
f 2354 2348 2353
f 2350 2351 2355
f 2355 2351 2356
f 2355 2116 2117
f 2352 2355 2117
f 2350 2355 2352
f 2352 2117 2112
f 2119 2357 2353
f 2119 2353 2114
f 2354 2353 2358
f 2353 2359 2358
f 2353 2357 2359
f 2359 2360 2358
f 2356 2361 2355
f 2116 2355 2361
f 2362 2116 2361
f 2121 2116 2362
f 2124 2357 2119
f 2357 2124 2126
f 2363 2357 2126
f 2359 2357 2363
f 2360 2359 2364
f 2364 2359 2363
f 2362 2128 2121
f 2365 2128 2362
f 2130 2366 2363
f 2130 2363 2126
f 2364 2363 2367
f 2367 2363 2366
f 2365 2368 2128
f 2128 2368 2131
f 2132 2131 2368
f 2132 2368 2369
f 2134 2370 2366
f 2134 2366 2130
f 2367 2366 2371
f 2371 2366 2370
f 2369 2136 2132
f 2372 2136 2369
f 2138 2373 2370
f 2138 2370 2134
f 2371 2370 2374
f 2374 2370 2373
f 2372 2375 2136
f 2136 2375 2139
f 2141 2139 2375
f 2141 2375 2376
f 2145 2377 2373
f 2145 2373 2138
f 2374 2373 2378
f 2378 2373 2377
f 2376 2379 2141
f 2141 2379 2147
f 2379 2381 2380
f 2148 2379 2380
f 2147 2379 2148
f 2380 2150 2148
f 2151 2377 2145
f 2383 2382 2153
f 2153 2382 2151
f 2382 2378 2151
f 2378 2377 2151
f 2383 2384 2382
f 2387 2386 2385
f 2387 2385 2381
f 2385 2380 2381
f 2385 2388 2380
f 2389 2154 2150
f 2380 2389 2150
f 2388 2389 2380
f 2389 2156 2154
f 2158 2390 2157
f 2383 2153 2157
f 2390 2383 2157
f 2391 2383 2390
f 2384 2383 2392
f 2392 2383 2391
f 2386 2393 2385
f 2385 2393 2388
f 2388 2393 2394
f 2388 2394 2389
f 2389 2394 2395
f 2389 2395 2156
f 2395 2159 2156
f 2395 2396 2159
f 2160 2159 2396
f 2160 2396 2397
f 2161 2398 2390
f 2161 2390 2158
f 2400 2391 2399
f 2391 2398 2399
f 2391 2390 2398
f 2391 2400 2392
f 2162 2160 2401
f 2160 2402 2401
f 2160 2397 2402
f 2401 2163 2162
f 2164 2398 2161
f 2164 2166 2398
f 2166 2399 2398
f 2166 2403 2399
f 2402 2404 2401
f 2163 2401 2404
f 2405 2163 2404
f 2167 2163 2405
f 2169 2406 2170
f 2406 2407 2170
f 2407 2166 2170
f 2407 2403 2166
f 2405 2172 2167
f 2408 2172 2405
f 2175 2409 2406
f 2175 2406 2169
f 2407 2406 2410
f 2410 2406 2409
f 2408 2411 2172
f 2172 2411 2176
f 2177 2176 2411
f 2177 2411 2412
f 2179 2413 2180
f 2409 2175 2180
f 2413 2409 2180
f 2414 2409 2413
f 2410 2409 2415
f 2415 2409 2414
f 2412 2416 2177
f 2177 2416 2181
f 2182 2181 2416
f 2182 2416 2417
f 2185 2418 2413
f 2185 2413 2179
f 2420 2414 2419
f 2414 2418 2419
f 2414 2413 2418
f 2414 2420 2415
f 2186 2182 2421
f 2182 2422 2421
f 2182 2417 2422
f 2421 2187 2186
f 2189 2423 2190
f 2418 2185 2190
f 2423 2418 2190
f 2424 2418 2423
f 2419 2418 2425
f 2425 2418 2424
f 2422 2426 2421
f 2426 2428 2427
f 2426 2427 2191
f 2421 2426 2191
f 2187 2421 2191
f 2427 2192 2191
f 2193 2423 2189
f 2423 2193 2195
f 2423 2195 2424
f 2195 2197 2424
f 2197 2425 2424
f 2197 2429 2425
f 2428 2430 2427
f 2430 2432 2431
f 2430 2431 2198
f 2427 2430 2198
f 2192 2427 2198
f 2433 2199 2198
f 2433 2198 2431
f 2433 2200 2199
f 2202 2434 2203
f 2435 2204 2203
f 2435 2203 2434
f 2435 2436 2204
f 2436 2197 2204
f 2436 2429 2197
f 2432 2437 2431
f 2431 2437 2433
f 2433 2437 2438
f 2438 2440 2439
f 2438 2439 2205
f 2433 2438 2205
f 2200 2433 2205
f 2439 2206 2205
f 2443 2442 2441
f 2444 2441 2442
f 2209 2445 2210
f 2434 2202 2210
f 2445 2434 2210
f 2446 2434 2445
f 2448 2435 2447
f 2435 2446 2447
f 2435 2434 2446
f 2435 2448 2436
f 2440 2449 2439
f 2439 2449 2206
f 2449 2211 2206
f 2449 2450 2211
f 2441 2451 2212
f 2450 2441 2212
f 2211 2450 2212
f 2443 2441 2450
f 2441 2444 2452
f 2441 2452 2451
f 2214 2453 2213
f 2454 2215 2213
f 2454 2213 2453
f 2455 2216 2215
f 2455 2215 2454
f 2456 2217 2216
f 2456 2216 2455
f 2456 2457 2217
f 2217 2457 2209
f 2457 2458 2209
f 2458 2445 2209
f 2445 2458 2446
f 2446 2458 2459
f 2446 2459 2447
f 2451 2218 2212
f 2219 2218 2451
f 2452 2219 2451
f 2460 2219 2452
f 2463 2462 2461
f 2465 2464 2461
f 2465 2461 2462
f 2466 2464 2465
f 2468 2467 2453
f 2214 2468 2453
f 2220 2468 2214
f 2453 2467 2454
f 2454 2467 2469
f 2454 2469 2455
f 2455 2469 2470
f 2455 2470 2456
f 2456 2470 2471
f 2456 2471 2457
f 2460 2472 2219
f 2219 2472 2221
f 2221 2473 2222
f 2472 2473 2221
f 2461 2223 2463
f 2223 2473 2463
f 2223 2222 2473
f 2223 2461 2224
f 2224 2461 2464
f 2475 2474 2226
f 2475 2226 2224
f 2466 2475 2224
f 2464 2466 2224
f 2477 2476 2474
f 2477 2474 2475
f 2478 2476 2477
f 2228 2479 2229
f 2479 2231 2229
f 2482 2481 2480
f 2481 2468 2480
f 2468 2233 2480
f 2468 2220 2233
f 2474 2234 2226
f 2234 2474 2235
f 2235 2474 2476
f 2478 2483 2476
f 2483 2235 2476
f 2483 2236 2235
f 2228 2236 2479
f 2236 2484 2479
f 2236 2483 2484
f 2479 2484 2231
f 2484 2237 2231
f 2484 2485 2237
f 2480 2238 2482
f 2238 2485 2482
f 2238 2237 2485
f 2238 2480 2233
f 2488 2487 2486
f 2490 2489 2486
f 2486 2489 2488
f 2492 2491 2490
f 2490 2491 2489
f 2494 2493 2492
f 2492 2493 2491
f 2496 2495 2494
f 2494 2495 2493
f 2498 2497 2496
f 2496 2497 2495
f 2498 2499 2497
f 2502 2501 2500
f 2240 2241 2500
f 2241 2502 2500
f 2241 2503 2502
f 2242 2486 2487
f 2503 2242 2487
f 2241 2242 2503
f 2486 2242 2244
f 2486 2244 2490
f 2490 2244 2246
f 2490 2246 2492
f 2492 2246 2248
f 2492 2248 2494
f 2494 2248 2249
f 2494 2249 2496
f 2496 2249 2250
f 2496 2250 2498
f 2504 2499 2498
f 2250 2504 2498
f 2251 2504 2250
f 2505 2251 2252
f 2505 2504 2251
f 2507 2506 2254
f 2506 2252 2254
f 2506 2505 2252
f 2507 2508 2506
f 2511 2510 2509
f 2511 2509 2501
f 2501 2509 2500
f 2509 2256 2500
f 2256 2257 2500
f 2500 2257 2240
f 2258 2507 2254
f 2512 2508 2507
f 2258 2512 2507
f 2259 2512 2258
f 2514 2513 2261
f 2513 2259 2261
f 2513 2512 2259
f 2514 2515 2513
f 2518 2517 2516
f 2518 2516 2510
f 2510 2516 2509
f 2516 2263 2509
f 2263 2264 2509
f 2509 2264 2256
f 2265 2514 2261
f 2520 2519 2267
f 2267 2519 2265
f 2519 2515 2265
f 2515 2514 2265
f 2520 2521 2519
f 2516 2517 2270
f 2517 2269 2270
f 2517 2522 2269
f 2516 2270 2263
f 2272 2520 2267
f 2524 2523 2274
f 2274 2523 2272
f 2523 2521 2272
f 2521 2520 2272
f 2524 2525 2523
f 2528 2527 2526
f 2530 2529 2526
f 2526 2529 2528
f 2276 2277 2530
f 2277 2529 2530
f 2277 2531 2529
f 2277 2269 2522
f 2277 2522 2531
f 2278 2524 2274
f 2533 2532 2280
f 2280 2532 2278
f 2532 2525 2278
f 2525 2524 2278
f 2533 2534 2532
f 2526 2527 2535
f 2535 2527 2536
f 2535 2282 2283
f 2530 2535 2283
f 2526 2535 2530
f 2530 2283 2276
f 2285 2533 2280
f 2538 2537 2287
f 2287 2537 2285
f 2537 2534 2285
f 2534 2533 2285
f 2538 2539 2537
f 2535 2536 2290
f 2536 2289 2290
f 2536 2540 2289
f 2535 2290 2282
f 2292 2538 2287
f 2542 2541 2294
f 2294 2541 2292
f 2541 2539 2292
f 2539 2538 2292
f 2542 2543 2541
f 2546 2545 2544
f 2544 2547 2546
f 2550 2549 2548
f 2540 2550 2548
f 2296 2540 2548
f 2289 2540 2296
f 2297 2542 2294
f 2551 2543 2542
f 2297 2551 2542
f 2299 2551 2297
f 2552 2544 2301
f 2544 2551 2301
f 2551 2299 2301
f 2544 2545 2551
f 2547 2544 2553
f 2544 2554 2553
f 2544 2552 2554
f 2554 2555 2553
f 2558 2557 2556
f 2556 2559 2558
f 2548 2549 2304
f 2549 2303 2304
f 2549 2560 2303
f 2548 2304 2296
f 2305 2552 2301
f 2552 2305 2306
f 2552 2306 2554
f 2562 2561 2308
f 2308 2561 2306
f 2561 2555 2306
f 2555 2554 2306
f 2562 2563 2561
f 2557 2564 2556
f 2564 2565 2556
f 2565 2566 2556
f 2567 2559 2556
f 2567 2556 2566
f 2560 2567 2566
f 2310 2560 2566
f 2303 2560 2310
f 2311 2562 2308
f 2569 2568 2313
f 2313 2568 2311
f 2568 2563 2311
f 2563 2562 2311
f 2569 2570 2568
f 2566 2565 2571
f 2571 2565 2572
f 2571 2315 2310
f 2571 2310 2566
f 2316 2569 2313
f 2316 2318 2569
f 2318 2570 2569
f 2318 2573 2570
f 2571 2572 2574
f 2574 2572 2575
f 2574 2320 2315
f 2574 2315 2571
f 2576 2573 2318
f 2576 2318 2321
f 2321 2323 2576
f 2576 2323 2577
f 2574 2575 2578
f 2578 2575 2579
f 2578 2325 2320
f 2578 2320 2574
f 2580 2577 2323
f 2580 2323 2326
f 2326 2328 2580
f 2580 2328 2581
f 2579 2582 2578
f 2582 2584 2583
f 2582 2583 2329
f 2578 2582 2329
f 2325 2578 2329
f 2583 2330 2329
f 2331 2586 2585
f 2581 2331 2585
f 2328 2331 2581
f 2586 2587 2585
f 2583 2584 2588
f 2588 2584 2589
f 2588 2332 2330
f 2588 2330 2583
f 2333 2586 2331
f 2591 2590 2335
f 2335 2590 2333
f 2590 2587 2333
f 2587 2586 2333
f 2591 2592 2590
f 2588 2589 2593
f 2593 2589 2594
f 2593 2336 2332
f 2593 2332 2588
f 2337 2595 2591
f 2337 2591 2335
f 2592 2591 2596
f 2596 2591 2595
f 2599 2598 2597
f 2599 2597 2594
f 2594 2597 2593
f 2597 2339 2593
f 2339 2340 2593
f 2593 2340 2336
f 2341 2595 2337
f 2600 2596 2595
f 2341 2600 2595
f 2342 2600 2341
f 2602 2601 2344
f 2601 2342 2344
f 2601 2600 2342
f 2602 2603 2601
f 2597 2598 2604
f 2604 2598 2605
f 2604 2346 2339
f 2604 2339 2597
f 2349 2606 2602
f 2349 2602 2344
f 2603 2602 2607
f 2607 2602 2606
f 2605 2608 2604
f 2346 2604 2608
f 2609 2346 2608
f 2351 2346 2609
f 2354 2610 2606
f 2354 2606 2349
f 2607 2606 2611
f 2611 2606 2610
f 2609 2356 2351
f 2612 2356 2609
f 2358 2610 2354
f 2614 2613 2360
f 2360 2613 2358
f 2613 2611 2358
f 2611 2610 2358
f 2614 2615 2613
f 2612 2616 2356
f 2356 2616 2361
f 2362 2361 2616
f 2362 2616 2617
f 2364 2618 2614
f 2364 2614 2360
f 2615 2614 2619
f 2619 2614 2618
f 2617 2365 2362
f 2620 2365 2617
f 2367 2621 2618
f 2367 2618 2364
f 2619 2618 2622
f 2622 2618 2621
f 2368 2365 2623
f 2365 2624 2623
f 2365 2620 2624
f 2623 2369 2368
f 2371 2625 2621
f 2371 2621 2367
f 2622 2621 2626
f 2626 2621 2625
f 2624 2627 2623
f 2372 2369 2623
f 2628 2372 2623
f 2627 2628 2623
f 2372 2628 2629
f 2630 2629 2628
f 2374 2631 2625
f 2374 2625 2371
f 2626 2625 2632
f 2632 2625 2631
f 2629 2375 2372
f 2376 2375 2629
f 2630 2376 2629
f 2633 2376 2630
f 2378 2634 2631
f 2378 2631 2374
f 2632 2631 2635
f 2635 2631 2634
f 2379 2376 2636
f 2376 2637 2636
f 2376 2633 2637
f 2636 2381 2379
f 2382 2634 2378
f 2382 2384 2634
f 2384 2635 2634
f 2384 2638 2635
f 2636 2637 2387
f 2637 2386 2387
f 2637 2639 2386
f 2636 2387 2381
f 2392 2638 2384
f 2392 2640 2638
f 2393 2386 2641
f 2386 2642 2641
f 2386 2639 2642
f 2393 2641 2643
f 2644 2393 2643
f 2394 2393 2644
f 2394 2645 2395
f 2644 2645 2394
f 2645 2647 2646
f 2396 2645 2646
f 2395 2645 2396
f 2646 2397 2396
f 2399 2648 2400
f 2648 2649 2400
f 2649 2392 2400
f 2649 2640 2392
f 2642 2650 2641
f 2641 2650 2643
f 2647 2651 2646
f 2397 2646 2651
f 2652 2397 2651
f 2402 2397 2652
f 2403 2653 2648
f 2403 2648 2399
f 2649 2648 2654
f 2654 2648 2653
f 2404 2402 2655
f 2402 2656 2655
f 2402 2652 2656
f 2655 2405 2404
f 2407 2657 2653
f 2407 2653 2403
f 2654 2653 2658
f 2658 2653 2657
f 2656 2659 2655
f 2405 2655 2659
f 2660 2405 2659
f 2408 2405 2660
f 2410 2661 2657
f 2410 2657 2407
f 2658 2657 2662
f 2662 2657 2661
f 2660 2663 2408
f 2408 2663 2411
f 2412 2411 2663
f 2412 2663 2664
f 2666 2665 2661
f 2410 2666 2661
f 2415 2666 2410
f 2661 2665 2662
f 2664 2667 2412
f 2412 2667 2416
f 2417 2416 2667
f 2417 2667 2668
f 2419 2669 2420
f 2669 2670 2420
f 2670 2415 2420
f 2670 2666 2415
f 2668 2422 2417
f 2671 2422 2668
f 2425 2672 2669
f 2425 2669 2419
f 2670 2669 2673
f 2669 2674 2673
f 2669 2672 2674
f 2674 2675 2673
f 2671 2676 2422
f 2422 2676 2426
f 2428 2426 2676
f 2428 2676 2677
f 2429 2678 2672
f 2429 2672 2425
f 2680 2674 2679
f 2674 2678 2679
f 2674 2672 2678
f 2674 2680 2675
f 2677 2681 2428
f 2428 2681 2430
f 2432 2430 2681
f 2432 2681 2682
f 2685 2684 2683
f 2687 2686 2683
f 2687 2683 2684
f 2688 2686 2687
f 2436 2689 2678
f 2436 2678 2429
f 2679 2678 2690
f 2690 2678 2689
f 2682 2691 2432
f 2432 2691 2437
f 2683 2438 2685
f 2438 2691 2685
f 2438 2437 2691
f 2438 2683 2440
f 2683 2692 2440
f 2683 2686 2692
f 2686 2688 2693
f 2686 2693 2692
f 2695 2694 2442
f 2695 2442 2443
f 2444 2442 2694
f 2444 2694 2696
f 2699 2698 2697
f 2700 2697 2698
f 2447 2701 2448
f 2701 2702 2448
f 2448 2702 2436
f 2702 2703 2436
f 2703 2689 2436
f 2689 2703 2690
f 2692 2449 2440
f 2693 2704 2692
f 2704 2449 2692
f 2704 2450 2449
f 2443 2450 2695
f 2695 2450 2704
f 2696 2452 2444
f 2705 2452 2696
f 2708 2707 2706
f 2706 2707 2699
f 2697 2706 2699
f 2709 2706 2697
f 2697 2700 2710
f 2697 2710 2709
f 2457 2711 2458
f 2712 2459 2458
f 2712 2458 2711
f 2712 2713 2459
f 2459 2713 2447
f 2713 2714 2447
f 2714 2701 2447
f 2701 2714 2702
f 2705 2460 2452
f 2715 2460 2705
f 2708 2706 2716
f 2708 2716 2717
f 2463 2716 2462
f 2716 2709 2462
f 2716 2706 2709
f 2465 2462 2709
f 2718 2465 2709
f 2710 2718 2709
f 2719 2465 2718
f 2719 2466 2465
f 2468 2720 2467
f 2721 2469 2467
f 2721 2467 2720
f 2722 2470 2469
f 2722 2469 2721
f 2723 2471 2470
f 2723 2470 2722
f 2711 2457 2471
f 2723 2711 2471
f 2724 2711 2723
f 2711 2725 2712
f 2711 2724 2725
f 2713 2712 2726
f 2726 2712 2725
f 2715 2727 2460
f 2460 2727 2472
f 2716 2473 2717
f 2473 2727 2717
f 2473 2472 2727
f 2473 2716 2463
f 2718 2728 2719
f 2728 2730 2729
f 2728 2729 2475
f 2719 2728 2475
f 2466 2719 2475
f 2731 2477 2475
f 2731 2475 2729
f 2731 2478 2477
f 2482 2732 2481
f 2732 2733 2481
f 2481 2733 2468
f 2733 2734 2468
f 2734 2720 2468
f 2736 2735 2734
f 2735 2720 2734
f 2735 2721 2720
f 2721 2737 2722
f 2721 2735 2737
f 2722 2738 2723
f 2722 2737 2738
f 2740 2724 2739
f 2724 2738 2739
f 2724 2723 2738
f 2724 2740 2725
f 2725 2740 2741
f 2725 2741 2726
f 2730 2742 2729
f 2729 2742 2731
f 2731 2742 2743
f 2743 2745 2744
f 2743 2744 2483
f 2731 2743 2483
f 2478 2731 2483
f 2746 2484 2483
f 2746 2483 2744
f 2747 2485 2484
f 2747 2484 2746
f 2747 2748 2485
f 2485 2748 2482
f 2748 2749 2482
f 2749 2732 2482
f 2732 2749 2733
f 2736 2750 2735
f 2735 2750 2737
f 2737 2750 2751
f 2737 2751 2738
f 2738 2751 2752
f 2738 2752 2739
f 2745 2753 2744
f 2744 2753 2746
f 2746 2753 2754
f 2746 2754 2747
f 2747 2754 2755
f 2747 2755 2748
f 2758 2757 2756
f 2487 2488 2756
f 2488 2758 2756
f 2488 2759 2758
f 2760 2488 2489
f 2760 2759 2488
f 2761 2489 2491
f 2761 2760 2489
f 2762 2491 2493
f 2762 2761 2491
f 2763 2493 2495
f 2763 2762 2493
f 2764 2495 2497
f 2764 2763 2495
f 2766 2765 2499
f 2765 2497 2499
f 2765 2764 2497
f 2768 2767 2766
f 2766 2767 2765
f 2768 2769 2767
f 2772 2771 2770
f 2501 2502 2770
f 2502 2772 2770
f 2502 2773 2772
f 2503 2756 2757
f 2773 2503 2757
f 2502 2503 2773
f 2756 2503 2487
f 2504 2766 2499
f 2766 2504 2505
f 2766 2505 2768
f 2774 2769 2768
f 2505 2774 2768
f 2506 2774 2505
f 2776 2775 2508
f 2775 2506 2508
f 2775 2774 2506
f 2776 2777 2775
f 2780 2779 2778
f 2780 2778 2771
f 2771 2778 2770
f 2778 2510 2770
f 2510 2511 2770
f 2770 2511 2501
f 2512 2776 2508
f 2781 2777 2776
f 2512 2781 2776
f 2513 2781 2512
f 2513 2515 2781
f 2781 2515 2782
f 2785 2784 2783
f 2785 2783 2779
f 2779 2783 2778
f 2783 2517 2778
f 2517 2518 2778
f 2778 2518 2510
f 2786 2782 2515
f 2786 2515 2519
f 2519 2521 2786
f 2786 2521 2787
f 2790 2789 2788
f 2792 2791 2788
f 2788 2791 2790
f 2791 2792 2784
f 2792 2783 2784
f 2792 2793 2783
f 2793 2522 2517
f 2793 2517 2783
f 2794 2787 2521
f 2794 2521 2523
f 2523 2525 2794
f 2794 2525 2795
f 2798 2797 2796
f 2798 2796 2789
f 2789 2796 2788
f 2796 2527 2788
f 2527 2528 2788
f 2788 2528 2529
f 2788 2529 2792
f 2792 2529 2531
f 2792 2531 2793
f 2793 2531 2522
f 2799 2795 2525
f 2799 2525 2532
f 2801 2800 2534
f 2800 2532 2534
f 2800 2799 2532
f 2801 2802 2800
f 2797 2803 2796
f 2527 2796 2803
f 2804 2527 2803
f 2536 2527 2804
f 2537 2801 2534
f 2537 2539 2801
f 2539 2802 2801
f 2539 2805 2802
f 2808 2807 2806
f 2804 2808 2806
f 2540 2804 2806
f 2536 2804 2540
f 2809 2805 2539
f 2809 2539 2541
f 2541 2543 2809
f 2809 2543 2810
f 2812 2811 2546
f 2546 2811 2545
f 2546 2547 2812
f 2812 2547 2813
f 2816 2815 2814
f 2816 2814 2807
f 2807 2814 2806
f 2814 2549 2806
f 2549 2550 2806
f 2806 2550 2540
f 2817 2810 2543
f 2817 2543 2551
f 2551 2545 2811
f 2551 2811 2817
f 2547 2553 2818
f 2819 2547 2818
f 2813 2547 2819
f 2555 2818 2553
f 2821 2820 2558
f 2558 2820 2557
f 2822 2814 2559
f 2814 2821 2559
f 2821 2558 2559
f 2814 2815 2821
f 2822 2560 2549
f 2822 2549 2814
f 2823 2819 2818
f 2825 2823 2824
f 2824 2823 2561
f 2823 2818 2561
f 2818 2555 2561
f 2563 2824 2561
f 2564 2557 2826
f 2557 2827 2826
f 2557 2820 2827
f 2567 2822 2559
f 2565 2564 2826
f 2822 2567 2560
f 2828 2825 2824
f 2830 2828 2829
f 2829 2828 2568
f 2828 2824 2568
f 2824 2563 2568
f 2570 2829 2568
f 2827 2831 2826
f 2565 2826 2831
f 2832 2565 2831
f 2572 2565 2832
f 2833 2830 2829
f 2829 2570 2833
f 2570 2834 2833
f 2570 2573 2834
f 2832 2575 2572
f 2835 2575 2832
f 2836 2834 2573
f 2836 2573 2576
f 2576 2577 2836
f 2836 2577 2837
f 2835 2579 2575
f 2838 2579 2835
f 2839 2837 2577
f 2839 2577 2580
f 2580 2581 2839
f 2839 2581 2840
f 2838 2841 2579
f 2579 2841 2582
f 2584 2582 2841
f 2584 2841 2842
f 2843 2840 2581
f 2843 2581 2585
f 2845 2844 2587
f 2844 2585 2587
f 2844 2843 2585
f 2845 2846 2844
f 2849 2848 2847
f 2842 2849 2847
f 2589 2842 2847
f 2584 2842 2589
f 2590 2845 2587
f 2851 2850 2592
f 2592 2850 2590
f 2850 2846 2590
f 2846 2845 2590
f 2851 2852 2850
f 2847 2848 2853
f 2853 2848 2854
f 2853 2594 2589
f 2853 2589 2847
f 2596 2855 2851
f 2596 2851 2592
f 2852 2851 2856
f 2856 2851 2855
f 2853 2854 2599
f 2854 2598 2599
f 2854 2857 2598
f 2853 2599 2594
f 2600 2855 2596
f 2858 2856 2855
f 2600 2858 2855
f 2601 2858 2600
f 2601 2603 2858
f 2858 2603 2859
f 2857 2605 2598
f 2860 2605 2857
f 2607 2862 2861
f 2859 2607 2861
f 2603 2607 2859
f 2862 2863 2861
f 2860 2864 2605
f 2605 2864 2608
f 2609 2608 2864
f 2609 2864 2865
f 2611 2866 2862
f 2611 2862 2607
f 2863 2862 2867
f 2867 2862 2866
f 2865 2612 2609
f 2868 2612 2865
f 2613 2866 2611
f 2613 2615 2866
f 2615 2867 2866
f 2615 2869 2867
f 2616 2612 2870
f 2612 2871 2870
f 2612 2868 2871
f 2870 2617 2616
f 2619 2873 2872
f 2869 2619 2872
f 2615 2619 2869
f 2873 2874 2872
f 2871 2875 2870
f 2617 2870 2875
f 2876 2617 2875
f 2620 2617 2876
f 2622 2877 2873
f 2622 2873 2619
f 2874 2873 2878
f 2878 2873 2877
f 2880 2624 2879
f 2624 2876 2879
f 2624 2620 2876
f 2881 2880 2879
f 2626 2882 2877
f 2626 2877 2622
f 2878 2877 2883
f 2883 2877 2882
f 2880 2627 2624
f 2881 2884 2880
f 2884 2627 2880
f 2884 2628 2627
f 2630 2628 2884
f 2630 2884 2885
f 2632 2886 2882
f 2632 2882 2626
f 2883 2882 2887
f 2887 2882 2886
f 2885 2633 2630
f 2888 2633 2885
f 2890 2889 2886
f 2632 2890 2886
f 2635 2890 2632
f 2886 2889 2887
f 2892 2637 2891
f 2637 2888 2891
f 2637 2633 2888
f 2893 2892 2891
f 2638 2895 2894
f 2890 2638 2894
f 2635 2638 2890
f 2895 2896 2894
f 2897 2639 2892
f 2892 2639 2637
f 2892 2893 2898
f 2899 2892 2898
f 2897 2892 2899
f 2900 2899 2898
f 2640 2901 2895
f 2640 2895 2638
f 2896 2895 2902
f 2902 2895 2901
f 2904 2903 2897
f 2903 2639 2897
f 2903 2642 2639
f 2643 2905 2644
f 2905 2897 2644
f 2897 2899 2644
f 2905 2904 2897
f 2900 2906 2899
f 2906 2644 2899
f 2906 2645 2644
f 2647 2645 2906
f 2647 2906 2907
f 2649 2908 2901
f 2649 2901 2640
f 2902 2901 2909
f 2909 2901 2908
f 2903 2910 2642
f 2642 2910 2650
f 2643 2650 2905
f 2905 2650 2910
f 2651 2647 2911
f 2647 2912 2911
f 2647 2907 2912
f 2911 2652 2651
f 2654 2913 2908
f 2654 2908 2649
f 2909 2908 2914
f 2914 2908 2913
f 2912 2915 2911
f 2652 2911 2915
f 2916 2652 2915
f 2656 2652 2916
f 2658 2917 2913
f 2658 2913 2654
f 2914 2913 2918
f 2918 2913 2917
f 2916 2919 2656
f 2656 2919 2659
f 2660 2659 2919
f 2660 2919 2920
f 2662 2921 2917
f 2662 2917 2658
f 2918 2917 2922
f 2922 2917 2921
f 2920 2923 2660
f 2660 2923 2663
f 2664 2663 2923
f 2664 2923 2924
f 2666 2925 2665
f 2921 2662 2665
f 2925 2921 2665
f 2926 2921 2925
f 2922 2921 2927
f 2927 2921 2926
f 2667 2664 2928
f 2664 2929 2928
f 2664 2924 2929
f 2928 2668 2667
f 2670 2930 2925
f 2670 2925 2666
f 2925 2931 2926
f 2925 2930 2931
f 2927 2926 2932
f 2932 2926 2931
f 2929 2933 2928
f 2668 2928 2933
f 2934 2668 2933
f 2671 2668 2934
f 2673 2930 2670
f 2930 2673 2675
f 2935 2930 2675
f 2931 2930 2935
f 2932 2931 2936
f 2931 2937 2936
f 2931 2935 2937
f 2937 2938 2936
f 2934 2939 2671
f 2671 2939 2676
f 2677 2676 2939
f 2677 2939 2940
f 2679 2941 2680
f 2935 2675 2680
f 2941 2935 2680
f 2942 2935 2941
f 2944 2937 2943
f 2937 2942 2943
f 2937 2935 2942
f 2937 2944 2938
f 2940 2945 2677
f 2677 2945 2681
f 2682 2681 2945
f 2682 2945 2946
f 2685 2947 2684
f 2948 2687 2684
f 2948 2684 2947
f 2948 2688 2687
f 2690 2949 2941
f 2690 2941 2679
f 2951 2942 2950
f 2942 2949 2950
f 2942 2941 2949
f 2942 2951 2943
f 2946 2952 2682
f 2682 2952 2691
f 2685 2691 2947
f 2691 2953 2947
f 2691 2952 2953
f 2947 2953 2948
f 2948 2953 2954
f 2693 2688 2948
f 2955 2693 2948
f 2954 2955 2948
f 2693 2955 2956
f 2694 2695 2956
f 2955 2694 2956
f 2957 2694 2955
f 2696 2694 2957
f 2696 2957 2958
f 2960 2959 2698
f 2960 2698 2699
f 2962 2961 2700
f 2698 2962 2700
f 2959 2962 2698
f 2963 2961 2962
f 2702 2964 2703
f 2964 2965 2703
f 2703 2965 2690
f 2965 2966 2690
f 2966 2949 2690
f 2949 2966 2950
f 2956 2704 2693
f 2704 2956 2695
f 2958 2705 2696
f 2967 2705 2958
f 2969 2968 2707
f 2969 2707 2708
f 2699 2707 2960
f 2960 2707 2968
f 2970 2710 2961
f 2961 2710 2700
f 2961 2963 2971
f 2961 2971 2970
f 2713 2972 2714
f 2972 2973 2714
f 2714 2973 2702
f 2973 2974 2702
f 2974 2964 2702
f 2964 2974 2965
f 2976 2715 2975
f 2715 2967 2975
f 2715 2705 2967
f 2975 2969 2976
f 2969 2717 2976
f 2969 2708 2717
f 2977 2718 2970
f 2970 2718 2710
f 2970 2971 2978
f 2970 2978 2977
f 2726 2979 2972
f 2726 2972 2713
f 2973 2972 2980
f 2980 2972 2979
f 2976 2727 2715
f 2727 2976 2717
f 2977 2728 2718
f 2730 2728 2977
f 2978 2730 2977
f 2981 2730 2978
f 2733 2982 2734
f 2982 2736 2734
f 2739 2983 2740
f 2984 2741 2740
f 2984 2740 2983
f 2984 2985 2741
f 2741 2985 2726
f 2985 2986 2726
f 2986 2979 2726
f 2979 2986 2980
f 2981 2987 2730
f 2730 2987 2742
f 2987 2989 2988
f 2743 2987 2988
f 2742 2987 2743
f 2988 2745 2743
f 2748 2990 2749
f 2990 2991 2749
f 2749 2991 2733
f 2991 2992 2733
f 2992 2982 2733
f 2982 2992 2736
f 2992 2750 2736
f 2992 2993 2750
f 2993 2995 2994
f 2751 2993 2994
f 2750 2993 2751
f 2996 2752 2751
f 2996 2751 2994
f 2996 2997 2752
f 2752 2997 2739
f 2997 2998 2739
f 2998 2983 2739
f 2983 2998 2984
f 2984 2998 2999
f 2984 2999 2985
f 2989 3000 2988
f 2988 3000 2745
f 3000 2753 2745
f 3000 3001 2753
f 2753 3002 2754
f 3001 3002 2753
f 2754 3003 2755
f 3002 3003 2754
f 2748 2755 2990
f 2755 3004 2990
f 2755 3003 3004
f 2990 3004 2991
f 2995 3005 2994
f 2994 3005 2996
f 2996 3005 3006
f 2996 3006 2997
f 3009 3008 3007
f 3007 3010 3009
f 3008 3011 3007
f 3007 3011 3010
f 3014 3013 3012
f 3016 3015 3012
f 3012 3015 3014
f 2757 2758 3016
f 2758 3015 3016
f 2758 3017 3015
f 3018 2758 2759
f 3018 3017 2758
f 3019 2759 2760
f 3019 3018 2759
f 3020 2760 2761
f 3020 3019 2760
f 3021 2761 2762
f 3021 3020 2761
f 3022 2762 2763
f 3022 3021 2762
f 3023 2763 2764
f 3023 3022 2763
f 3024 2764 2765
f 3024 3023 2764
f 3025 2765 2767
f 3025 3024 2765
f 3027 3026 2769
f 3026 2767 2769
f 3026 3025 2767
f 3027 3028 3026
f 3031 3030 3029
f 3031 3029 3013
f 3013 3029 3012
f 3029 2771 3012
f 2771 2772 3012
f 3012 2772 2773
f 3012 2773 3016
f 3016 2773 2757
f 2774 3027 2769
f 3032 3028 3027
f 2774 3032 3027
f 2775 3032 2774
f 2775 2777 3032
f 3032 2777 3033
f 3036 3035 3034
f 3036 3034 3030
f 3030 3034 3029
f 3034 2779 3029
f 2779 2780 3029
f 3029 2780 2771
f 3037 3033 2777
f 3037 2777 2781
f 2781 2782 3037
f 3037 2782 3038
f 3034 3035 2785
f 3035 2784 2785
f 3035 3039 2784
f 3034 2785 2779
f 3040 3038 2782
f 3040 2782 2786
f 2786 2787 3040
f 3040 2787 3041
f 3044 3043 3042
f 2789 2790 3042
f 2790 3044 3042
f 2790 3045 3044
f 3046 2790 2791
f 3046 3045 2790
f 2791 2784 3039
f 2791 3039 3046
f 3047 3041 2787
f 3047 2787 2794
f 3049 3048 2795
f 3048 2794 2795
f 3048 3047 2794
f 3049 3050 3048
f 3042 3043 2798
f 3043 2797 2798
f 3043 3051 2797
f 3042 2798 2789
f 2799 3049 2795
f 3052 3050 3049
f 2799 3052 3049
f 2800 3052 2799
f 2800 2802 3052
f 3052 2802 3053
f 2803 2797 3054
f 2797 3055 3054
f 2797 3051 3055
f 3054 2804 2803
f 2805 3057 3056
f 3053 2805 3056
f 2802 2805 3053
f 3057 3058 3056
f 3054 3055 2808
f 3055 2807 2808
f 3055 3059 2807
f 3054 2808 2804
f 2809 3057 2805
f 3061 3060 2810
f 2810 3060 2809
f 3060 3058 2809
f 3058 3057 2809
f 3061 2811 3060
f 2811 2812 3060
f 3063 3062 3060
f 3063 3060 2812
f 2813 3063 2812
f 3066 3065 3064
f 2815 2816 3064
f 2816 3066 3064
f 2816 3067 3066
f 2816 2807 3059
f 2816 3059 3067
f 2817 3061 2810
f 3063 3068 3062
f 2811 3061 2817
f 3063 2813 3068
f 2813 3069 3068
f 2813 2819 3069
f 3064 3065 2821
f 3065 2820 2821
f 3065 3070 2820
f 3064 2821 2815
f 3071 3069 2819
f 3071 2819 2823
f 2823 2825 3071
f 3071 2825 3072
f 3070 2827 2820
f 3073 2827 3070
f 3074 3072 2825
f 3074 2825 2828
f 2828 2830 3074
f 3074 2830 3075
f 2831 2827 3076
f 2827 3077 3076
f 2827 3073 3077
f 3076 2832 2831
f 3078 3075 2830
f 3078 2830 2833
f 3080 3079 2834
f 3079 2833 2834
f 3079 3078 2833
f 3080 3081 3079
f 3077 3082 3076
f 2832 3076 3082
f 3083 2832 3082
f 2835 2832 3083
f 2836 3080 2834
f 3085 3084 2837
f 2837 3084 2836
f 3084 3081 2836
f 3081 3080 2836
f 3085 3086 3084
f 3089 3088 3087
f 3083 3089 3087
f 2838 3083 3087
f 2835 3083 2838
f 2839 3085 2837
f 3091 3090 2840
f 2840 3090 2839
f 3090 3086 2839
f 3086 3085 2839
f 3093 3092 3091
f 3091 3092 3090
f 3093 3094 3092
f 3088 3095 3087
f 3095 3097 3096
f 3095 3096 2841
f 3087 3095 2841
f 2838 3087 2841
f 3096 2842 2841
f 2843 3091 2840
f 3091 2843 2844
f 3091 2844 3093
f 3099 3098 2846
f 2846 3098 2844
f 3098 3094 2844
f 3094 3093 2844
f 3099 3100 3098
f 3103 3102 3101
f 3103 3101 3097
f 3097 3101 3096
f 3101 2848 3096
f 2848 2849 3096
f 3096 2849 2842
f 2850 3099 2846
f 3105 3104 2852
f 2852 3104 2850
f 3104 3100 2850
f 3100 3099 2850
f 3105 3106 3104
f 3101 3102 3107
f 3107 3102 3108
f 3107 2854 2848
f 3107 2848 3101
f 2856 3109 3105
f 2856 3105 2852
f 3106 3105 3110
f 3110 3105 3109
f 3108 3111 3107
f 2854 3107 3111
f 3112 2854 3111
f 2857 2854 3112
f 2858 3109 2856
f 3114 3113 2859
f 2859 3113 2858
f 3113 3110 2858
f 3110 3109 2858
f 3114 3115 3113
f 3112 2860 2857
f 3116 2860 3112
f 2861 3114 2859
f 2861 2863 3114
f 2863 3115 3114
f 2863 3117 3115
f 3120 3119 3118
f 3118 3121 2864
f 3116 3118 2864
f 2860 3116 2864
f 3118 3116 3120
f 3121 2865 2864
f 2867 3123 3122
f 3117 2867 3122
f 2863 2867 3117
f 3123 3124 3122
f 3118 3119 3125
f 3125 3119 3126
f 3128 3121 3127
f 3121 3125 3127
f 3121 3118 3125
f 2865 3121 3128
f 3129 2865 3128
f 2868 2865 3129
f 2869 3130 3123
f 2869 3123 2867
f 3124 3123 3131
f 3131 3123 3130
f 3126 3132 3125
f 3125 3132 3127
f 3134 2871 3133
f 2871 3129 3133
f 2871 2868 3129
f 3135 3134 3133
f 2872 3130 2869
f 2872 2874 3130
f 2874 3131 3130
f 2874 3136 3131
f 3134 2875 2871
f 2876 2875 3134
f 3135 2876 3134
f 3137 2876 3135
f 2878 3136 2874
f 2878 3138 3136
f 3137 3139 2876
f 2876 3139 2879
f 2881 2879 3139
f 2881 3139 3140
f 2883 3138 2878
f 2883 3141 3138
f 2884 2881 3142
f 2881 3143 3142
f 2881 3140 3143
f 3142 2885 2884
f 2887 3141 2883
f 2887 3144 3141
f 3143 3145 3142
f 2885 3142 3145
f 3146 2885 3145
f 2888 2885 3146
f 2890 3147 2889
f 3144 2887 3148
f 2887 3147 3148
f 3147 3149 3148
f 2887 2889 3147
f 3149 3150 3148
f 3146 3151 2888
f 2888 3151 2891
f 2893 2891 3151
f 2893 3151 3152
f 2894 3147 2890
f 3147 2894 2896
f 3153 3147 2896
f 3149 3147 3153
f 3150 3149 3154
f 3154 3149 3153
f 3152 3155 2893
f 2893 3155 2898
f 2900 2898 3155
f 2900 3155 3156
f 2902 3157 3153
f 2902 3153 2896
f 3154 3153 3158
f 3158 3153 3157
f 3159 2903 2904
f 2905 3159 2904
f 3156 3160 2900
f 2900 3160 2906
f 2907 2906 3160
f 2907 3160 3161
f 2909 3162 3157
f 2909 3157 2902
f 3158 3157 3163
f 3163 3157 3162
f 3159 2910 2903
f 2910 3159 2905
f 3165 2912 3164
f 2912 3161 3164
f 2912 2907 3161
f 3166 3165 3164
f 2914 3167 3162
f 2914 3162 2909
f 3163 3162 3168
f 3168 3162 3167
f 3165 2915 2912
f 3170 3169 2916
f 3170 2916 2915
f 3166 3170 2915
f 3165 3166 2915
f 3171 3169 3170
f 3173 3172 3167
f 2914 3173 3167
f 2918 3173 2914
f 3167 3172 3168
f 3169 2919 2916
f 2920 2919 3169
f 3171 2920 3169
f 3174 2920 3171
f 2922 3173 2918
f 2922 3175 3173
f 3174 3176 2920
f 2920 3176 2923
f 2924 2923 3176
f 2924 3176 3177
f 2927 3179 3178
f 3175 2927 3178
f 2922 2927 3175
f 3179 3180 3178
f 3182 2929 3181
f 2929 3177 3181
f 2929 2924 3177
f 3183 3182 3181
f 2932 3184 3179
f 2932 3179 2927
f 3180 3179 3185
f 3185 3179 3184
f 3182 2933 2929
f 2934 2933 3182
f 3183 2934 3182
f 3186 2934 3183
f 2936 3184 2932
f 2936 2938 3184
f 2938 3185 3184
f 2938 3187 3185
f 2939 2934 3188
f 2934 3189 3188
f 2934 3186 3189
f 3188 2940 2939
f 3192 3191 3190
f 3194 3193 3190
f 3194 3190 3191
f 3195 3193 3194
f 2943 3196 2944
f 3196 3197 2944
f 3197 2938 2944
f 3197 3187 2938
f 3189 3198 3188
f 3188 3198 2940
f 3198 2945 2940
f 3198 3199 2945
f 3190 3200 2946
f 3199 3190 2946
f 2945 3199 2946
f 3192 3190 3199
f 3201 3190 3193
f 3200 3190 3201
f 3193 3195 3202
f 3203 3193 3202
f 3201 3193 3203
f 3205 3204 3203
f 3205 3203 3202
f 3207 3206 3204
f 3207 3204 3205
f 3208 3206 3207
f 3210 3209 2951
f 3210 2951 2950
f 2943 2951 3196
f 2951 3211 3196
f 2951 3209 3211
f 3196 3211 3197
f 3200 2952 2946
f 2952 3200 2953
f 2953 3200 3201
f 2953 3201 2954
f 2954 3201 3203
f 2954 3203 2955
f 2955 3203 3204
f 2955 3204 2957
f 2957 3204 3206
f 2958 2957 3206
f 3208 2958 3206
f 3212 2958 3208
f 2960 3213 2959
f 3214 2962 2959
f 3214 2959 3213
f 3214 2963 2962
f 3216 3215 2966
f 3216 2966 2965
f 2950 2966 3210
f 3210 2966 3215
f 3218 2967 3217
f 2967 3212 3217
f 2967 2958 3212
f 2968 2969 3218
f 3217 2968 3218
f 3219 2968 3217
f 2960 2968 3213
f 2968 3220 3213
f 2968 3219 3220
f 3213 3220 3214
f 3214 3220 3221
f 2963 3214 3221
f 3222 2963 3221
f 2971 2963 3222
f 2973 3223 2974
f 3223 3224 2974
f 3224 2965 2974
f 3224 3216 2965
f 3218 2975 2967
f 2975 3218 2969
f 3222 2978 2971
f 3225 2978 3222
f 2980 3226 3223
f 2980 3223 2973
f 3224 3223 3227
f 3227 3223 3226
f 3229 2981 3228
f 2981 3225 3228
f 2981 2978 3225
f 3230 3229 3228
f 2985 3231 2986
f 3231 3232 2986
f 2986 3232 2980
f 3232 3233 2980
f 3233 3226 2980
f 3226 3233 3227
f 3229 2987 2981
f 3235 3234 2989
f 3235 2989 2987
f 3230 3235 2987
f 3229 3230 2987
f 3236 3234 3235
f 3239 3238 3237
f 2992 2991 3237
f 3238 2992 3237
f 3240 2992 3238
f 3240 3242 3241
f 2993 3240 3241
f 2992 3240 2993
f 3241 2995 2993
f 2997 3243 2998
f 2998 3243 3244
f 3245 2998 3244
f 2999 2998 3245
f 2985 2999 3231
f 2999 3246 3231
f 2999 3245 3246
f 3231 3246 3232
f 3234 3000 2989
f 3236 3247 3234
f 3247 3000 3234
f 3247 3001 3000
f 3001 3248 3002
f 3247 3248 3001
f 3002 3249 3003
f 3248 3249 3002
f 3237 3004 3239
f 3004 3249 3239
f 3004 3003 3249
f 3004 3237 2991
f 3242 3250 3241
f 3250 3252 3251
f 3250 3251 3005
f 3241 3250 3005
f 2995 3241 3005
f 3253 3006 3005
f 3253 3005 3251
f 3253 3254 3006
f 3006 3254 2997
f 3254 3255 2997
f 3255 3243 2997
f 3243 3255 3244
f 3251 3252 3009
f 3252 3008 3009
f 3252 3256 3008
f 3251 3009 3010
f 3257 3251 3010
f 3253 3251 3257
f 3254 3253 3258
f 3258 3253 3257
f 3256 3259 3008
f 3008 3259 3011
f 3010 3011 3257
f 3011 3260 3257
f 3011 3259 3260
f 3257 3260 3258
f 3263 3262 3261
f 3265 3264 3261
f 3261 3264 3263
f 3267 3266 3265
f 3265 3266 3264
f 3269 3268 3267
f 3267 3268 3266
f 3271 3270 3269
f 3269 3270 3268
f 3273 3272 3271
f 3271 3272 3270
f 3273 3274 3272
f 3275 3013 3014
f 3262 3276 3261
f 3276 3014 3261
f 3014 3015 3261
f 3014 3276 3275
f 3261 3015 3017
f 3261 3017 3265
f 3265 3017 3018
f 3265 3018 3267
f 3267 3018 3019
f 3267 3019 3269
f 3269 3019 3020
f 3269 3020 3271
f 3271 3020 3021
f 3271 3021 3273
f 3277 3274 3273
f 3021 3277 3273
f 3022 3277 3021
f 3278 3022 3023
f 3278 3277 3022
f 3279 3023 3024
f 3279 3278 3023
f 3281 3279 3280
f 3279 3025 3280
f 3279 3024 3025
f 3026 3282 3025
f 3025 3282 3280
f 3028 3282 3026
f 3283 3030 3031
f 3284 3283 3031
f 3284 3031 3013
f 3285 3284 3013
f 3275 3285 3013
f 3285 3275 3276
f 3286 3281 3280
f 3286 3280 3282
f 3286 3282 3287
f 3289 3287 3288
f 3288 3287 3032
f 3287 3282 3032
f 3282 3028 3032
f 3033 3288 3032
f 3291 3290 3036
f 3036 3290 3035
f 3036 3030 3283
f 3292 3036 3283
f 3291 3036 3292
f 3292 3283 3284
f 3293 3289 3288
f 3293 3288 3033
f 3037 3293 3033
f 3294 3293 3037
f 3037 3038 3294
f 3294 3038 3295
f 3298 3297 3296
f 3290 3298 3296
f 3039 3290 3296
f 3035 3290 3039
f 3299 3295 3038
f 3299 3038 3040
f 3040 3041 3299
f 3299 3041 3300
f 3301 3043 3044
f 3045 3302 3044
f 3044 3302 3301
f 3297 3303 3296
f 3303 3045 3296
f 3045 3046 3296
f 3045 3303 3302
f 3296 3046 3039
f 3304 3300 3041
f 3304 3041 3047
f 3306 3304 3305
f 3304 3048 3305
f 3304 3047 3048
f 3050 3305 3048
f 3308 3307 3301
f 3307 3043 3301
f 3307 3051 3043
f 3308 3301 3302
f 3308 3302 3309
f 3309 3302 3303
f 3310 3306 3305
f 3312 3310 3311
f 3311 3310 3052
f 3310 3305 3052
f 3305 3050 3052
f 3053 3311 3052
f 3307 3055 3051
f 3313 3055 3307
f 3314 3312 3311
f 3316 3314 3315
f 3315 3314 3056
f 3314 3311 3056
f 3311 3053 3056
f 3058 3315 3056
f 3319 3318 3317
f 3313 3319 3317
f 3059 3313 3317
f 3055 3313 3059
f 3320 3316 3315
f 3320 3315 3058
f 3060 3320 3058
f 3321 3320 3060
f 3060 3062 3321
f 3321 3062 3322
f 3324 3323 3066
f 3066 3323 3065
f 3067 3317 3318
f 3324 3067 3318
f 3066 3067 3324
f 3317 3067 3059
f 3325 3322 3062
f 3325 3062 3068
f 3068 3069 3325
f 3325 3069 3326
f 3323 3070 3065
f 3327 3070 3323
f 3328 3326 3069
f 3328 3069 3071
f 3330 3329 3072
f 3329 3071 3072
f 3329 3328 3071
f 3330 3331 3329
f 3327 3073 3070
f 3332 3073 3327
f 3074 3330 3072
f 3334 3333 3075
f 3075 3333 3074
f 3333 3331 3074
f 3331 3330 3074
f 3334 3335 3333
f 3332 3077 3073
f 3336 3077 3332
f 3078 3334 3075
f 3337 3335 3334
f 3078 3337 3334
f 3079 3337 3078
f 3339 3338 3081
f 3338 3079 3081
f 3338 3337 3079
f 3339 3340 3338
f 3082 3077 3341
f 3077 3342 3341
f 3077 3336 3342
f 3341 3083 3082
f 3084 3339 3081
f 3084 3086 3339
f 3086 3340 3339
f 3086 3343 3340
f 3341 3342 3089
f 3342 3088 3089
f 3342 3344 3088
f 3341 3089 3083
f 3345 3343 3086
f 3345 3086 3090
f 3346 3090 3092
f 3346 3345 3090
f 3348 3347 3094
f 3347 3092 3094
f 3347 3346 3092
f 3348 3349 3347
f 3095 3088 3350
f 3088 3351 3350
f 3088 3344 3351
f 3350 3097 3095
f 3098 3348 3094
f 3353 3352 3100
f 3100 3352 3098
f 3352 3349 3098
f 3349 3348 3098
f 3353 3354 3352
f 3350 3351 3103
f 3351 3102 3103
f 3351 3355 3102
f 3350 3103 3097
f 3104 3353 3100
f 3104 3106 3353
f 3106 3354 3353
f 3106 3356 3354
f 3355 3108 3102
f 3357 3108 3355
f 3110 3359 3358
f 3356 3110 3358
f 3106 3110 3356
f 3359 3360 3358
f 3357 3361 3108
f 3108 3361 3111
f 3112 3111 3361
f 3112 3361 3362
f 3113 3359 3110
f 3364 3363 3115
f 3115 3363 3113
f 3363 3360 3113
f 3360 3359 3113
f 3364 3365 3363
f 3362 3116 3112
f 3366 3116 3362
f 3117 3367 3364
f 3117 3364 3115
f 3365 3364 3368
f 3368 3364 3367
f 3369 3119 3120
f 3370 3369 3120
f 3116 3370 3120
f 3366 3370 3116
f 3122 3367 3117
f 3122 3124 3367
f 3124 3368 3367
f 3124 3371 3368
f 3372 3126 3369
f 3369 3126 3119
f 3373 3128 3127
f 3369 3373 3127
f 3372 3369 3127
f 3373 3369 3370
f 3129 3128 3373
f 3129 3373 3374
f 3131 3371 3124
f 3131 3375 3371
f 3372 3132 3126
f 3132 3372 3127
f 3374 3376 3129
f 3129 3376 3133
f 3135 3133 3376
f 3135 3376 3377
f 3136 3379 3378
f 3375 3136 3378
f 3131 3136 3375
f 3379 3380 3378
f 3377 3137 3135
f 3381 3137 3377
f 3138 3382 3379
f 3138 3379 3136
f 3380 3379 3383
f 3383 3379 3382
f 3381 3384 3137
f 3137 3384 3139
f 3140 3139 3384
f 3140 3384 3385
f 3141 3386 3382
f 3141 3382 3138
f 3383 3382 3387
f 3387 3382 3386
f 3385 3143 3140
f 3388 3143 3385
f 3144 3389 3386
f 3144 3386 3141
f 3387 3386 3390
f 3390 3386 3389
f 3388 3391 3143
f 3143 3391 3145
f 3146 3145 3391
f 3146 3391 3392
f 3148 3389 3144
f 3394 3393 3150
f 3150 3393 3148
f 3393 3390 3148
f 3390 3389 3148
f 3394 3395 3393
f 3392 3396 3146
f 3146 3396 3151
f 3398 3397 3152
f 3151 3398 3152
f 3396 3398 3151
f 3399 3397 3398
f 3154 3400 3394
f 3154 3394 3150
f 3395 3394 3401
f 3401 3394 3400
f 3397 3155 3152
f 3156 3155 3397
f 3399 3156 3397
f 3402 3156 3399
f 3158 3403 3400
f 3158 3400 3154
f 3401 3400 3404
f 3404 3400 3403
f 3402 3405 3156
f 3156 3405 3160
f 3161 3160 3405
f 3161 3405 3406
f 3408 3407 3403
f 3158 3408 3403
f 3163 3408 3158
f 3403 3407 3404
f 3406 3409 3161
f 3161 3409 3164
f 3166 3164 3409
f 3166 3409 3410
f 3168 3408 3163
f 3168 3411 3408
f 3410 3412 3166
f 3166 3412 3170
f 3171 3170 3412
f 3171 3412 3413
f 3415 3414 3172
f 3415 3172 3173
f 3168 3172 3411
f 3411 3172 3414
f 3417 3174 3416
f 3174 3413 3416
f 3174 3171 3413
f 3418 3417 3416
f 3175 3415 3173
f 3175 3419 3415
f 3417 3176 3174
f 3177 3176 3417
f 3418 3177 3417
f 3420 3177 3418
f 3175 3178 3421
f 3422 3175 3421
f 3419 3175 3422
f 3180 3421 3178
f 3420 3423 3177
f 3177 3423 3181
f 3183 3181 3423
f 3183 3423 3424
f 3422 3421 3425
f 3422 3425 3426
f 3185 3425 3180
f 3180 3425 3421
f 3428 3186 3427
f 3186 3424 3427
f 3186 3183 3424
f 3429 3428 3427
f 3426 3425 3430
f 3426 3430 3431
f 3187 3430 3185
f 3185 3430 3425
f 3432 3189 3428
f 3428 3189 3186
f 3428 3429 3433
f 3434 3428 3433
f 3432 3428 3434
f 3191 3192 3434
f 3433 3191 3434
f 3435 3191 3433
f 3435 3437 3436
f 3194 3435 3436
f 3191 3435 3194
f 3436 3195 3194
f 3431 3430 3438
f 3431 3438 3439
f 3197 3438 3187
f 3187 3438 3430
f 3432 3198 3189
f 3198 3432 3199
f 3199 3432 3434
f 3199 3434 3192
f 3437 3440 3436
f 3436 3440 3195
f 3440 3202 3195
f 3440 3441 3202
f 3441 3443 3442
f 3205 3441 3442
f 3202 3441 3205
f 3444 3207 3205
f 3444 3205 3442
f 3444 3208 3207
f 3446 3445 3209
f 3446 3209 3210
f 3438 3211 3439
f 3211 3445 3439
f 3211 3209 3445
f 3211 3438 3197
f 3443 3447 3442
f 3442 3447 3444
f 3444 3447 3448
f 3208 3444 3448
f 3449 3208 3448
f 3212 3208 3449
f 3216 3450 3215
f 3450 3451 3215
f 3451 3210 3215
f 3451 3446 3210
f 3449 3452 3212
f 3212 3452 3217
f 3217 3453 3219
f 3452 3453 3217
f 3219 3454 3220
f 3453 3454 3219
f 3220 3455 3221
f 3454 3455 3220
f 3457 3456 3222
f 3221 3457 3222
f 3455 3457 3221
f 3458 3456 3457
f 3224 3459 3450
f 3224 3450 3216
f 3451 3450 3460
f 3460 3450 3459
f 3461 3225 3456
f 3456 3225 3222
f 3456 3458 3462
f 3456 3462 3461
f 3464 3463 3459
f 3224 3464 3459
f 3227 3464 3224
f 3459 3463 3460
f 3461 3228 3225
f 3230 3228 3461
f 3462 3230 3461
f 3465 3230 3462
f 3232 3466 3233
f 3466 3467 3233
f 3467 3227 3233
f 3467 3464 3227
f 3465 3468 3230
f 3230 3468 3235
f 3236 3235 3468
f 3236 3468 3469
f 3472 3471 3470
f 3474 3473 3470
f 3474 3470 3471
f 3238 3239 3473
f 3474 3238 3473
f 3475 3238 3474
f 3238 3476 3240
f 3475 3476 3238
f 3242 3240 3476
f 3242 3476 3477
f 3244 3478 3245
f 3245 3478 3479
f 3480 3245 3479
f 3246 3245 3480
f 3232 3246 3466
f 3246 3481 3466
f 3246 3480 3481
f 3466 3481 3467
f 3469 3482 3236
f 3236 3482 3247
f 3470 3248 3472
f 3248 3482 3472
f 3248 3247 3482
f 3248 3470 3249
f 3249 3470 3473
f 3249 3473 3239
f 3477 3483 3242
f 3242 3483 3250
f 3252 3250 3483
f 3252 3483 3484
f 3254 3485 3255
f 3485 3486 3255
f 3255 3486 3244
f 3486 3487 3244
f 3487 3478 3244
f 3478 3487 3479
f 3484 3256 3252
f 3488 3256 3484
f 3258 3489 3485
f 3258 3485 3254
f 3486 3485 3490
f 3490 3485 3489
f 3259 3256 3491
f 3256 3492 3491
f 3256 3488 3492
f 3493 3260 3259
f 3493 3259 3491
f 3493 3494 3260
f 3260 3494 3258
f 3494 3495 3258
f 3495 3489 3258
f 3489 3495 3490
f 3492 3496 3491
f 3491 3496 3493
f 3493 3496 3497
f 3493 3497 3494
f 3499 3498 3263
f 3263 3498 3262
f 3500 3263 3264
f 3500 3499 3263
f 3501 3264 3266
f 3501 3500 3264
f 3502 3266 3268
f 3502 3501 3266
f 3503 3268 3270
f 3503 3502 3268
f 3504 3270 3272
f 3504 3503 3270
f 3506 3505 3274
f 3505 3272 3274
f 3505 3504 3272
f 3506 3507 3505
f 3498 3276 3262
f 3508 3276 3498
f 3277 3506 3274
f 3509 3507 3506
f 3277 3509 3506
f 3278 3509 3277
f 3510 3278 3279
f 3510 3509 3278
f 3512 3511 3281
f 3511 3279 3281
f 3511 3510 3279
f 3514 3513 3512
f 3512 3513 3511
f 3514 3515 3513
f 3518 3517 3516
f 3284 3285 3516
f 3285 3518 3516
f 3285 3519 3518
f 3285 3276 3508
f 3285 3508 3519
f 3286 3512 3281
f 3512 3286 3287
f 3512 3287 3514
f 3521 3520 3289
f 3289 3520 3287
f 3520 3515 3287
f 3515 3514 3287
f 3521 3522 3520
f 3524 3523 3291
f 3291 3523 3290
f 3292 3516 3517
f 3524 3292 3517
f 3291 3292 3524
f 3516 3292 3284
f 3293 3521 3289
f 3525 3522 3521
f 3293 3525 3521
f 3294 3525 3293
f 3527 3526 3295
f 3526 3294 3295
f 3526 3525 3294
f 3527 3528 3526
f 3530 3529 3298
f 3298 3529 3297
f 3298 3290 3523
f 3298 3523 3530
f 3299 3527 3295
f 3532 3531 3300
f 3300 3531 3299
f 3531 3528 3299
f 3528 3527 3299
f 3532 3533 3531
f 3536 3535 3534
f 3529 3536 3534
f 3303 3529 3534
f 3297 3529 3303
f 3304 3532 3300
f 3538 3537 3306
f 3306 3537 3304
f 3537 3533 3304
f 3533 3532 3304
f 3538 3539 3537
f 3541 3540 3308
f 3308 3540 3307
f 3309 3534 3535
f 3541 3309 3535
f 3308 3309 3541
f 3534 3309 3303
f 3310 3538 3306
f 3543 3542 3312
f 3312 3542 3310
f 3542 3539 3310
f 3539 3538 3310
f 3543 3544 3542
f 3540 3313 3307
f 3545 3313 3540
f 3314 3543 3312
f 3547 3546 3316
f 3316 3546 3314
f 3546 3544 3314
f 3544 3543 3314
f 3547 3548 3546
f 3550 3549 3319
f 3319 3549 3318
f 3319 3313 3545
f 3319 3545 3550
f 3320 3547 3316
f 3320 3321 3547
f 3321 3551 3547
f 3551 3548 3547
f 3321 3552 3551
f 3322 3552 3321
f 3553 3323 3324
f 3554 3553 3324
f 3318 3554 3324
f 3549 3554 3318
f 3555 3551 3552
f 3557 3555 3556
f 3556 3555 3325
f 3555 3552 3325
f 3552 3322 3325
f 3326 3556 3325
f 3559 3558 3553
f 3558 3323 3553
f 3558 3327 3323
f 3559 3553 3554
f 3560 3557 3556
f 3560 3556 3326
f 3328 3560 3326
f 3561 3560 3328
f 3563 3561 3562
f 3561 3329 3562
f 3561 3328 3329
f 3331 3562 3329
f 3558 3332 3327
f 3564 3332 3558
f 3565 3563 3562
f 3565 3562 3331
f 3333 3565 3331
f 3566 3565 3333
f 3333 3335 3566
f 3566 3335 3567
f 3564 3336 3332
f 3568 3336 3564
f 3569 3567 3335
f 3569 3335 3337
f 3571 3569 3570
f 3569 3338 3570
f 3569 3337 3338
f 3340 3570 3338
f 3568 3342 3336
f 3572 3342 3568
f 3573 3571 3570
f 3570 3340 3573
f 3340 3574 3573
f 3340 3343 3574
f 3572 3344 3342
f 3575 3344 3572
f 3576 3574 3343
f 3576 3343 3345
f 3578 3576 3577
f 3576 3346 3577
f 3576 3345 3346
f 3347 3579 3346
f 3346 3579 3577
f 3349 3579 3347
f 3581 3351 3580
f 3351 3575 3580
f 3351 3344 3575
f 3582 3581 3580
f 3583 3578 3577
f 3583 3577 3579
f 3583 3579 3584
f 3584 3579 3349
f 3352 3584 3349
f 3585 3584 3352
f 3352 3354 3585
f 3585 3354 3586
f 3588 3587 3581
f 3587 3351 3581
f 3587 3355 3351
f 3588 3581 3582
f 3356 3590 3589
f 3586 3356 3589
f 3354 3356 3586
f 3590 3591 3589
f 3593 3357 3592
f 3357 3587 3592
f 3357 3355 3587
f 3594 3593 3592
f 3358 3590 3356
f 3596 3595 3360
f 3360 3595 3358
f 3595 3591 3358
f 3591 3590 3358
f 3596 3597 3595
f 3599 3361 3598
f 3361 3357 3598
f 3598 3357 3593
f 3600 3598 3593
f 3593 3594 3600
f 3361 3599 3362
f 3363 3596 3360
f 3363 3365 3596
f 3365 3597 3596
f 3365 3601 3597
f 3598 3602 3599
f 3362 3599 3602
f 3603 3362 3602
f 3366 3362 3603
f 3368 3601 3365
f 3368 3604 3601
f 3603 3370 3366
f 3605 3370 3603
f 3371 3607 3606
f 3604 3371 3606
f 3368 3371 3604
f 3607 3608 3606
f 3373 3370 3609
f 3370 3610 3609
f 3370 3605 3610
f 3609 3374 3373
f 3375 3611 3607
f 3375 3607 3371
f 3608 3607 3612
f 3612 3607 3611
f 3610 3613 3609
f 3613 3615 3614
f 3613 3614 3376
f 3609 3613 3376
f 3374 3609 3376
f 3614 3377 3376
f 3378 3611 3375
f 3378 3380 3611
f 3380 3612 3611
f 3380 3616 3612
f 3615 3617 3614
f 3377 3614 3617
f 3618 3377 3617
f 3381 3377 3618
f 3383 3616 3380
f 3383 3619 3616
f 3618 3620 3381
f 3381 3620 3384
f 3385 3384 3620
f 3385 3620 3621
f 3387 3619 3383
f 3387 3622 3619
f 3621 3388 3385
f 3623 3388 3621
f 3390 3625 3624
f 3622 3390 3624
f 3387 3390 3622
f 3625 3626 3624
f 3623 3627 3388
f 3388 3627 3391
f 3392 3391 3627
f 3392 3627 3628
f 3393 3625 3390
f 3393 3395 3625
f 3395 3626 3625
f 3395 3629 3626
f 3628 3630 3392
f 3392 3630 3396
f 3396 3631 3398
f 3630 3631 3396
f 3399 3398 3631
f 3399 3631 3632
f 3401 3629 3395
f 3401 3633 3629
f 3632 3402 3399
f 3634 3402 3632
f 3404 3633 3401
f 3404 3635 3633
f 3634 3636 3402
f 3402 3636 3405
f 3406 3405 3636
f 3406 3636 3637
f 3408 3638 3407
f 3638 3639 3407
f 3639 3404 3407
f 3639 3635 3404
f 3637 3640 3406
f 3406 3640 3409
f 3410 3409 3640
f 3410 3640 3641
f 3643 3642 3638
f 3408 3643 3638
f 3411 3643 3408
f 3638 3642 3639
f 3641 3644 3410
f 3410 3644 3412
f 3413 3412 3644
f 3413 3644 3645
f 3415 3646 3414
f 3646 3647 3414
f 3647 3411 3414
f 3647 3643 3411
f 3645 3648 3413
f 3413 3648 3416
f 3418 3416 3648
f 3418 3648 3649
f 3419 3650 3646
f 3419 3646 3415
f 3647 3646 3651
f 3651 3646 3650
f 3653 3420 3652
f 3420 3649 3652
f 3420 3418 3649
f 3654 3653 3652
f 3656 3655 3650
f 3419 3656 3650
f 3422 3656 3419
f 3650 3655 3651
f 3653 3423 3420
f 3424 3423 3653
f 3654 3424 3653
f 3657 3424 3654
f 3426 3656 3422
f 3426 3658 3656
f 3657 3659 3424
f 3424 3659 3427
f 3429 3427 3659
f 3429 3659 3660
f 3431 3658 3426
f 3431 3661 3658
f 3433 3429 3662
f 3429 3663 3662
f 3429 3660 3663
f 3664 3435 3433
f 3664 3433 3662
f 3664 3437 3435
f 3439 3661 3431
f 3439 3665 3661
f 3663 3666 3662
f 3662 3666 3664
f 3664 3666 3667
f 3664 3667 3437
f 3667 3440 3437
f 3667 3668 3440
f 3668 3670 3669
f 3441 3668 3669
f 3440 3668 3441
f 3669 3443 3441
f 3446 3671 3445
f 3671 3672 3445
f 3672 3439 3445
f 3672 3665 3439
f 3670 3673 3669
f 3669 3673 3443
f 3673 3447 3443
f 3673 3674 3447
f 3674 3676 3675
f 3448 3674 3675
f 3447 3674 3448
f 3675 3449 3448
f 3451 3677 3671
f 3451 3671 3446
f 3672 3671 3678
f 3678 3671 3677
f 3676 3679 3675
f 3679 3681 3680
f 3679 3680 3452
f 3675 3679 3452
f 3449 3675 3452
f 3452 3680 3682
f 3683 3452 3682
f 3453 3452 3683
f 3683 3685 3684
f 3454 3683 3684
f 3453 3683 3454
f 3454 3684 3686
f 3687 3454 3686
f 3455 3454 3687
f 3455 3688 3457
f 3687 3688 3455
f 3690 3689 3458
f 3457 3690 3458
f 3688 3690 3457
f 3691 3689 3690
f 3693 3692 3677
f 3451 3693 3677
f 3460 3693 3451
f 3677 3692 3678
f 3681 3694 3680
f 3680 3694 3682
f 3685 3695 3684
f 3684 3695 3686
f 3696 3462 3689
f 3689 3462 3458
f 3689 3691 3697
f 3689 3697 3696
f 3464 3698 3463
f 3698 3699 3463
f 3699 3460 3463
f 3699 3693 3460
f 3700 3465 3696
f 3696 3465 3462
f 3696 3697 3701
f 3696 3701 3700
f 3704 3703 3702
f 3705 3702 3703
f 3707 3706 3698
f 3464 3707 3698
f 3467 3707 3464
f 3698 3706 3699
f 3700 3468 3465
f 3709 3708 3469
f 3709 3469 3468
f 3701 3709 3468
f 3700 3701 3468
f 3708 3709 3704
f 3708 3704 3702
f 3472 3708 3702
f 3471 3472 3702
f 3705 3710 3702
f 3710 3471 3702
f 3710 3474 3471
f 3710 3712 3711
f 3475 3710 3711
f 3474 3710 3475
f 3713 3476 3475
f 3713 3475 3711
f 3713 3477 3476
f 3479 3714 3480
f 3480 3714 3715
f 3716 3480 3715
f 3481 3480 3716
f 3467 3481 3707
f 3707 3481 3716
f 3708 3482 3469
f 3482 3708 3472
f 3712 3717 3711
f 3711 3717 3713
f 3713 3717 3718
f 3713 3718 3477
f 3718 3483 3477
f 3718 3719 3483
f 3484 3483 3719
f 3484 3719 3720
f 3486 3721 3487
f 3721 3722 3487
f 3487 3722 3479
f 3722 3723 3479
f 3723 3714 3479
f 3714 3723 3715
f 3720 3488 3484
f 3724 3488 3720
f 3490 3725 3721
f 3490 3721 3486
f 3722 3721 3726
f 3726 3721 3725
f 3724 3492 3488
f 3727 3492 3724
f 3494 3728 3495
f 3728 3729 3495
f 3495 3729 3490
f 3729 3730 3490
f 3730 3725 3490
f 3725 3730 3726
f 3733 3732 3731
f 3731 3734 3496
f 3727 3731 3496
f 3492 3727 3496
f 3731 3727 3733
f 3496 3734 3735
f 3736 3496 3735
f 3497 3496 3736
f 3494 3497 3728
f 3497 3737 3728
f 3497 3736 3737
f 3728 3737 3729
f 3731 3732 3738
f 3738 3732 3739
f 3741 3734 3740
f 3734 3738 3740
f 3734 3731 3738
f 3734 3741 3735
f 3739 3742 3738
f 3738 3742 3740
f 3745 3744 3743
f 3747 3746 3743
f 3743 3746 3745
f 3747 3748 3746
f 3749 3498 3499
f 3744 3750 3743
f 3750 3499 3743
f 3499 3500 3743
f 3499 3750 3749
f 3743 3500 3501
f 3743 3501 3747
f 3751 3748 3747
f 3501 3751 3747
f 3502 3751 3501
f 3752 3502 3503
f 3752 3751 3502
f 3753 3503 3504
f 3753 3752 3503
f 3754 3504 3505
f 3754 3753 3504
f 3756 3755 3507
f 3755 3505 3507
f 3755 3754 3505
f 3756 3757 3755
f 3760 3759 3758
f 3761 3760 3749
f 3760 3508 3749
f 3508 3498 3749
f 3760 3758 3508
f 3761 3749 3750
f 3509 3756 3507
f 3762 3757 3756
f 3509 3762 3756
f 3510 3762 3509
f 3763 3510 3511
f 3763 3762 3510
f 3764 3511 3513
f 3764 3763 3511
f 3513 3515 3764
f 3764 3515 3765
f 3767 3766 3518
f 3518 3766 3517
f 3519 3758 3759
f 3767 3519 3759
f 3518 3519 3767
f 3758 3519 3508
f 3768 3765 3515
f 3768 3515 3520
f 3770 3769 3522
f 3769 3520 3522
f 3769 3768 3520
f 3770 3771 3769
f 3773 3772 3524
f 3524 3772 3523
f 3524 3517 3766
f 3524 3766 3773
f 3525 3770 3522
f 3774 3771 3770
f 3525 3774 3770
f 3526 3774 3525
f 3526 3528 3774
f 3774 3528 3775
f 3777 3776 3530
f 3530 3776 3529
f 3530 3523 3772
f 3530 3772 3777
f 3778 3775 3528
f 3778 3528 3531
f 3780 3779 3533
f 3779 3531 3533
f 3779 3778 3531
f 3780 3781 3779
f 3783 3782 3536
f 3536 3782 3535
f 3536 3529 3776
f 3536 3776 3783
f 3537 3780 3533
f 3785 3784 3539
f 3539 3784 3537
f 3784 3781 3537
f 3781 3780 3537
f 3785 3786 3784
f 3788 3787 3541
f 3541 3787 3540
f 3541 3535 3782
f 3541 3782 3788
f 3542 3785 3539
f 3790 3789 3544
f 3544 3789 3542
f 3789 3786 3542
f 3786 3785 3542
f 3790 3791 3789
f 3787 3545 3540
f 3792 3545 3787
f 3546 3790 3544
f 3546 3548 3790
f 3548 3791 3790
f 3548 3793 3791
f 3795 3794 3550
f 3550 3794 3549
f 3550 3545 3792
f 3550 3792 3795
f 3551 3797 3796
f 3793 3551 3796
f 3548 3551 3793
f 3797 3798 3796
f 3794 3554 3549
f 3799 3554 3794
f 3555 3797 3551
f 3801 3800 3557
f 3557 3800 3555
f 3800 3798 3555
f 3798 3797 3555
f 3801 3802 3800
f 3803 3558 3559
f 3804 3803 3559
f 3554 3804 3559
f 3799 3804 3554
f 3560 3801 3557
f 3805 3802 3801
f 3560 3805 3801
f 3561 3805 3560
f 3561 3563 3805
f 3805 3563 3806
f 3808 3807 3803
f 3807 3558 3803
f 3807 3564 3558
f 3808 3803 3804
f 3809 3806 3563
f 3809 3563 3565
f 3810 3565 3566
f 3810 3809 3565
f 3566 3567 3810
f 3810 3567 3811
f 3807 3568 3564
f 3812 3568 3807
f 3813 3811 3567
f 3813 3567 3569
f 3569 3571 3813
f 3813 3571 3814
f 3816 3572 3815
f 3572 3812 3815
f 3572 3568 3812
f 3817 3816 3815
f 3818 3814 3571
f 3818 3571 3573
f 3820 3819 3574
f 3819 3573 3574
f 3819 3818 3573
f 3820 3821 3819
f 3822 3575 3816
f 3816 3575 3572
f 3816 3817 3823
f 3816 3823 3822
f 3576 3820 3574
f 3825 3824 3578
f 3578 3824 3576
f 3824 3821 3576
f 3821 3820 3576
f 3825 3826 3824
f 3822 3580 3575
f 3582 3580 3822
f 3823 3582 3822
f 3827 3582 3823
f 3583 3825 3578
f 3828 3826 3825
f 3583 3828 3825
f 3584 3828 3583
f 3829 3584 3585
f 3829 3828 3584
f 3585 3586 3829
f 3829 3586 3830
f 3831 3587 3588
f 3832 3831 3588
f 3582 3832 3588
f 3827 3832 3582
f 3833 3830 3586
f 3833 3586 3589
f 3589 3591 3833
f 3833 3591 3834
f 3831 3592 3587
f 3594 3592 3831
f 3832 3594 3831
f 3835 3594 3832
f 3836 3834 3591
f 3836 3591 3595
f 3595 3597 3836
f 3836 3597 3837
f 3838 3598 3600
f 3839 3838 3600
f 3594 3839 3600
f 3835 3839 3594
f 3601 3837 3597
f 3601 3840 3837
f 3842 3602 3841
f 3602 3598 3841
f 3841 3598 3838
f 3843 3841 3838
f 3838 3839 3843
f 3602 3842 3603
f 3604 3845 3844
f 3840 3604 3844
f 3601 3604 3840
f 3845 3846 3844
f 3842 3841 3847
f 3847 3841 3848
f 3847 3605 3603
f 3847 3603 3842
f 3606 3845 3604
f 3606 3608 3845
f 3608 3846 3845
f 3608 3849 3846
f 3848 3850 3847
f 3605 3847 3850
f 3851 3605 3850
f 3610 3605 3851
f 3612 3849 3608
f 3612 3852 3849
f 3851 3853 3610
f 3610 3853 3613
f 3615 3613 3853
f 3615 3853 3854
f 3616 3856 3855
f 3852 3616 3855
f 3612 3616 3852
f 3856 3857 3855
f 3854 3858 3615
f 3615 3858 3617
f 3618 3617 3858
f 3618 3858 3859
f 3861 3860 3856
f 3616 3861 3856
f 3619 3861 3616
f 3856 3860 3857
f 3859 3862 3618
f 3618 3862 3620
f 3621 3620 3862
f 3621 3862 3863
f 3622 3865 3864
f 3861 3622 3864
f 3619 3622 3861
f 3865 3866 3864
f 3868 3623 3867
f 3623 3863 3867
f 3623 3621 3863
f 3869 3868 3867
f 3624 3865 3622
f 3624 3626 3865
f 3626 3866 3865
f 3626 3870 3866
f 3868 3627 3623
f 3628 3627 3868
f 3869 3628 3868
f 3871 3628 3869
f 3629 3870 3626
f 3629 3872 3870
f 3871 3873 3628
f 3628 3873 3630
f 3630 3874 3631
f 3873 3874 3630
f 3632 3631 3874
f 3632 3874 3875
f 3633 3872 3629
f 3633 3876 3872
f 3878 3634 3877
f 3634 3875 3877
f 3634 3632 3875
f 3880 3879 3878
f 3880 3878 3877
f 3881 3879 3880
f 3635 3876 3633
f 3635 3882 3876
f 3878 3636 3634
f 3636 3878 3637
f 3878 3883 3637
f 3878 3879 3883
f 3879 3881 3884
f 3879 3884 3883
f 3639 3882 3635
f 3639 3885 3882
f 3883 3640 3637
f 3641 3640 3883
f 3884 3641 3883
f 3886 3641 3884
f 3643 3887 3642
f 3887 3888 3642
f 3888 3639 3642
f 3888 3885 3639
f 3886 3889 3641
f 3641 3889 3644
f 3645 3644 3889
f 3645 3889 3890
f 3647 3891 3887
f 3647 3887 3643
f 3888 3887 3892
f 3892 3887 3891
f 3890 3893 3645
f 3645 3893 3648
f 3649 3648 3893
f 3649 3893 3894
f 3896 3895 3891
f 3647 3896 3891
f 3651 3896 3647
f 3891 3895 3892
f 3894 3897 3649
f 3649 3897 3652
f 3654 3652 3897
f 3654 3897 3898
f 3656 3899 3655
f 3899 3900 3655
f 3900 3651 3655
f 3900 3896 3651
f 3902 3657 3901
f 3657 3898 3901
f 3657 3654 3898
f 3903 3902 3901
f 3658 3904 3899
f 3658 3899 3656
f 3900 3899 3905
f 3905 3899 3904
f 3902 3659 3657
f 3660 3659 3902
f 3903 3660 3902
f 3906 3660 3903
f 3661 3907 3904
f 3661 3904 3658
f 3905 3904 3908
f 3908 3904 3907
f 3906 3663 3660
f 3909 3663 3906
f 3665 3910 3907
f 3665 3907 3661
f 3908 3907 3911
f 3911 3907 3910
f 3909 3912 3663
f 3663 3912 3666
f 3912 3914 3913
f 3667 3912 3913
f 3666 3912 3667
f 3667 3913 3915
f 3916 3667 3915
f 3668 3667 3916
f 3670 3668 3916
f 3670 3916 3917
f 3919 3918 3910
f 3665 3919 3910
f 3672 3919 3665
f 3910 3918 3911
f 3914 3920 3913
f 3913 3920 3915
f 3917 3921 3670
f 3670 3921 3673
f 3921 3923 3922
f 3674 3921 3922
f 3673 3921 3674
f 3676 3674 3922
f 3926 3925 3924
f 3927 3926 3924
f 3678 3919 3672
f 3678 3928 3919
f 3923 3929 3922
f 3925 3926 3929
f 3926 3679 3929
f 3676 3922 3929
f 3676 3929 3679
f 3681 3679 3926
f 3927 3681 3926
f 3930 3681 3927
f 3932 3931 3683
f 3932 3683 3682
f 3685 3683 3931
f 3685 3931 3933
f 3686 3934 3687
f 3687 3934 3935
f 3936 3687 3935
f 3688 3687 3936
f 3688 3937 3690
f 3936 3937 3688
f 3691 3690 3937
f 3691 3937 3938
f 3693 3939 3692
f 3939 3940 3692
f 3940 3678 3692
f 3940 3928 3678
f 3930 3941 3681
f 3681 3941 3694
f 3682 3694 3932
f 3932 3694 3941
f 3933 3942 3685
f 3685 3942 3695
f 3686 3695 3934
f 3695 3943 3934
f 3695 3942 3943
f 3934 3943 3935
f 3945 3697 3944
f 3697 3938 3944
f 3697 3691 3938
f 3946 3945 3944
f 3948 3947 3939
f 3693 3948 3939
f 3699 3948 3693
f 3939 3947 3940
f 3949 3701 3945
f 3945 3701 3697
f 3951 3950 3946
f 3950 3952 3946
f 3703 3946 3952
f 3946 3703 3945
f 3704 3945 3703
f 3945 3704 3950
f 3950 3949 3945
f 3951 3949 3950
f 3950 3704 3952
f 3952 3705 3703
f 3707 3953 3706
f 3953 3954 3706
f 3954 3699 3706
f 3954 3948 3699
f 3949 3709 3701
f 3949 3951 3709
f 3951 3955 3709
f 3952 3704 3709
f 3952 3709 3955
f 3955 3957 3956
f 3955 3956 3710
f 3952 3955 3710
f 3705 3952 3710
f 3956 3712 3710
f 3715 3958 3716
f 3958 3959 3716
f 3716 3959 3707
f 3959 3960 3707
f 3960 3953 3707
f 3953 3960 3954
f 3957 3961 3956
f 3961 3963 3962
f 3961 3962 3717
f 3956 3961 3717
f 3712 3956 3717
f 3964 3718 3717
f 3964 3717 3962
f 3965 3719 3718
f 3965 3718 3964
f 3965 3720 3719
f 3722 3966 3723
f 3966 3967 3723
f 3723 3967 3715
f 3967 3968 3715
f 3968 3958 3715
f 3958 3968 3959
f 3963 3969 3962
f 3962 3969 3964
f 3964 3969 3970
f 3964 3970 3965
f 3965 3970 3971
f 3720 3965 3971
f 3972 3720 3971
f 3724 3720 3972
f 3974 3973 3966
f 3722 3974 3966
f 3726 3974 3722
f 3966 3973 3967
f 3972 3727 3724
f 3975 3727 3972
f 3729 3976 3730
f 3976 3977 3730
f 3977 3726 3730
f 3977 3974 3726
f 3979 3978 3733
f 3733 3978 3732
f 3733 3727 3975
f 3733 3975 3979
f 3735 3980 3736
f 3736 3980 3981
f 3982 3736 3981
f 3737 3736 3982
f 3729 3737 3976
f 3737 3983 3976
f 3737 3982 3983
f 3976 3983 3977
f 3986 3985 3984
f 3978 3986 3984
f 3739 3978 3984
f 3732 3978 3739
f 3740 3987 3741
f 3987 3988 3741
f 3741 3988 3735
f 3988 3989 3735
f 3989 3980 3735
f 3980 3989 3981
f 3984 3985 3990
f 3990 3985 3991
f 3984 3990 3739
f 3990 3992 3739
f 3992 3742 3739
f 3990 3993 3992
f 3740 3742 3987
f 3742 3994 3987
f 3742 3992 3994
f 3987 3994 3988
f 3991 3995 3990
f 3990 3995 3993
f 3997 3996 3745
f 3745 3996 3744
f 3998 3745 3746
f 3998 3997 3745
f 3746 3748 3998
f 3998 3748 3999
f 3996 3750 3744
f 4000 3750 3996
f 4001 3999 3748
f 4001 3748 3751
f 4002 3751 3752
f 4002 4001 3751
f 4003 3752 3753
f 4003 4002 3752
f 4005 4003 4004
f 4003 3754 4004
f 4003 3753 3754
f 3755 4006 3754
f 3754 4006 4004
f 3757 4006 3755
f 4009 4008 4007
f 3759 3760 4007
f 3760 4009 4007
f 3760 4010 4009
f 4011 3760 3761
f 4011 4010 3760
f 3761 3750 4000
f 3761 4000 4011
f 4012 4005 4004
f 4012 4004 4006
f 4012 4006 4013
f 4013 4006 3757
f 3762 4013 3757
f 4014 4013 3762
f 4015 3762 3763
f 4015 4014 3762
f 4016 3763 3764
f 4016 4015 3763
f 3764 3765 4016
f 4016 3765 4017
f 4007 4008 3767
f 4008 3766 3767
f 4008 4018 3766
f 4007 3767 3759
f 4019 4017 3765
f 4019 3765 3768
f 4020 3768 3769
f 4020 4019 3768
f 3769 3771 4020
f 4020 3771 4021
f 4023 4022 3773
f 3773 4022 3772
f 3773 3766 4018
f 3773 4018 4023
f 4024 4021 3771
f 4024 3771 3774
f 3774 3775 4024
f 4024 3775 4025
f 4027 4026 3777
f 3777 4026 3776
f 3777 3772 4022
f 3777 4022 4027
f 4028 4025 3775
f 4028 3775 3778
f 4030 4028 4029
f 4028 3779 4029
f 4028 3778 3779
f 3781 4029 3779
f 4032 4031 3783
f 3783 4031 3782
f 3783 3776 4026
f 3783 4026 4032
f 4033 4030 4029
f 4033 4029 3781
f 3784 4033 3781
f 4034 4033 3784
f 3784 3786 4034
f 4034 3786 4035
f 4037 4036 3788
f 3788 4036 3787
f 3788 3782 4031
f 3788 4031 4037
f 4038 4035 3786
f 4038 3786 3789
f 3789 3791 4038
f 4038 3791 4039
f 4036 3792 3787
f 4040 3792 4036
f 3793 4039 3791
f 3793 4041 4039
f 4043 4042 3795
f 3795 4042 3794
f 3795 3792 4040
f 3795 4040 4043
f 4044 4041 3793
f 4044 3793 3796
f 3796 3798 4044
f 4044 3798 4045
f 4042 3799 3794
f 4046 3799 4042
f 4047 4045 3798
f 4047 3798 3800
f 3800 3802 4047
f 4047 3802 4048
f 4046 3804 3799
f 4049 3804 4046
f 4050 4048 3802
f 4050 3802 3805
f 4052 4051 3806
f 4051 3805 3806
f 4051 4050 3805
f 4052 4053 4051
f 4054 3807 3808
f 3804 4049 4055
f 4054 3804 4055
f 4056 4054 4055
f 3808 3804 4054
f 4057 4056 4055
f 3809 4052 3806
f 4058 4053 4052
f 3809 4058 4052
f 3810 4058 3809
f 4060 4059 3811
f 4059 3810 3811
f 4059 4058 3810
f 4060 4061 4059
f 4063 4062 4054
f 4062 3807 4054
f 4062 3812 3807
f 4063 4054 4056
f 4063 4056 4064
f 4064 4056 4057
f 3813 4060 3811
f 4066 4065 3814
f 3814 4065 3813
f 4065 4061 3813
f 4061 4060 3813
f 4066 4067 4065
f 4062 4068 3812
f 3812 4068 3815
f 3817 3815 4068
f 3817 4068 4069
f 3818 4066 3814
f 4070 4067 4066
f 3818 4070 4066
f 3819 4070 3818
f 3819 3821 4070
f 4070 3821 4071
f 4069 3823 3817
f 4072 3823 4069
f 4073 4071 3821
f 4073 3821 3824
f 4075 4074 3826
f 4074 3824 3826
f 4074 4073 3824
f 4075 4076 4074
f 4072 3827 3823
f 4077 3827 4072
f 3828 4075 3826
f 4078 4076 4075
f 3828 4078 4075
f 3829 4078 3828
f 4080 4079 3830
f 4079 3829 3830
f 4079 4078 3829
f 4080 4081 4079
f 4077 3832 3827
f 4082 3832 4077
f 3833 4080 3830
f 3833 3834 4080
f 3834 4081 4080
f 3834 4083 4081
f 4086 4085 4084
f 4082 4086 4084
f 3835 4082 4084
f 3832 4082 3835
f 4087 4083 3834
f 4087 3834 3836
f 3836 3837 4087
f 4087 3837 4088
f 4084 4085 4089
f 4089 4085 4090
f 3835 4091 3839
f 3835 4092 4091
f 4092 3835 4093
f 4084 4093 3835
f 4093 4084 4094
f 4091 4094 4084
f 4084 4089 4091
f 4091 4089 3839
f 4092 4094 4091
f 4095 4092 4093
f 3840 4097 4096
f 4088 3840 4096
f 3837 3840 4088
f 4097 4098 4096
f 4089 4090 3843
f 4090 3841 3843
f 4090 4099 3841
f 4092 4100 4094
f 3839 4089 3843
f 4100 4092 4095
f 3844 4097 3840
f 3844 3846 4097
f 3846 4098 4097
f 3846 4101 4098
f 4099 3848 3841
f 4102 3848 4099
f 4105 4104 4103
f 4106 4103 4104
f 3849 4101 3846
f 3849 4107 4101
f 4102 4108 3848
f 3848 4108 3850
f 3851 3850 4108
f 3851 4108 4109
f 4110 4105 4103
f 4110 4103 4106
f 3852 4112 4111
f 4107 3852 4111
f 3849 3852 4107
f 4112 4113 4111
f 3853 3851 4114
f 3851 4115 4114
f 3851 4109 4115
f 4114 3854 3853
f 3855 4112 3852
f 3855 3857 4112
f 3857 4113 4112
f 3857 4116 4113
f 4115 4117 4114
f 4114 4117 3854
f 4117 3858 3854
f 4117 4118 3858
f 4120 4119 3859
f 3858 4120 3859
f 4118 4120 3858
f 4121 4119 4120
f 3861 4122 3860
f 4122 4123 3860
f 4123 3857 3860
f 4123 4116 3857
f 4119 3862 3859
f 3863 3862 4119
f 4121 3863 4119
f 4124 3863 4121
f 3864 4122 3861
f 3864 3866 4122
f 3866 4123 4122
f 3866 4125 4123
f 3867 3863 4126
f 3863 4127 4126
f 3863 4124 4127
f 4126 3869 3867
f 3870 4125 3866
f 3870 4128 4125
f 4127 4129 4126
f 3869 4126 4129
f 4130 3869 4129
f 3871 3869 4130
f 3872 4132 4131
f 4128 3872 4131
f 3870 3872 4128
f 4132 4133 4131
f 4130 4134 3871
f 3871 4134 3873
f 3873 4135 3874
f 4134 4135 3873
f 3875 3874 4135
f 3875 4135 4136
f 4139 4138 4137
f 4140 4137 4138
f 3876 4141 4132
f 3876 4132 3872
f 4133 4132 4142
f 4142 4132 4141
f 4136 4143 3875
f 3875 4143 3877
f 3877 4144 3880
f 4143 4144 3877
f 4137 4145 3881
f 4144 4137 3881
f 3880 4144 3881
f 4139 4137 4144
f 4137 4140 4146
f 4147 4137 4146
f 4145 4137 4147
f 4148 4147 4146
f 3882 4149 4141
f 3882 4141 3876
f 4142 4141 4150
f 4150 4141 4149
f 4151 3884 4145
f 4145 3884 3881
f 4152 4145 4147
f 4151 4145 4152
f 4147 4148 4153
f 4147 4153 4152
f 3885 4154 4149
f 3885 4149 3882
f 4150 4149 4155
f 4155 4149 4154
f 4156 3886 4151
f 4151 3886 3884
f 4152 4158 4157
f 4156 4152 4157
f 4151 4152 4156
f 4158 4152 4153
f 4160 4159 4154
f 3885 4160 4154
f 3888 4160 3885
f 4154 4159 4155
f 4156 3889 3886
f 3890 3889 4156
f 4157 3890 4156
f 4161 3890 4157
f 3892 4160 3888
f 3892 4162 4160
f 4161 4163 3890
f 3890 4163 3893
f 3894 3893 4163
f 3894 4163 4164
f 4166 4165 3895
f 4166 3895 3896
f 3892 3895 4162
f 4162 3895 4165
f 4164 4167 3894
f 3894 4167 3897
f 3898 3897 4167
f 3898 4167 4168
f 3900 4166 3896
f 3900 4169 4166
f 3901 3898 4170
f 3898 4171 4170
f 3898 4168 4171
f 4170 3903 3901
f 3905 4169 3900
f 3905 4172 4169
f 4171 4173 4170
f 3903 4170 4173
f 4174 3903 4173
f 3906 3903 4174
f 3908 4172 3905
f 3908 4175 4172
f 4177 3909 4176
f 3909 4174 4176
f 3909 3906 4174
f 4178 4177 4176
f 3911 4175 3908
f 3911 4179 4175
f 4177 3912 3909
f 4181 4180 3914
f 4181 3914 3912
f 4178 4181 3912
f 4177 4178 3912
f 3916 3915 4180
f 4181 3916 4180
f 4182 3916 4181
f 3917 3916 4182
f 3917 4182 4183
f 3919 4184 3918
f 4184 4185 3918
f 4185 3911 3918
f 4185 4179 3911
f 4180 3920 3914
f 3920 4180 3915
f 4183 4186 3917
f 3917 4186 3921
f 3923 3921 4186
f 3923 4186 4187
f 4189 4188 3924
f 4189 3924 3925
f 3927 3924 4188
f 3927 4188 4190
f 4192 4191 4184
f 3919 4192 4184
f 3928 4192 3919
f 4184 4191 4185
f 3929 3923 4193
f 3923 4194 4193
f 3923 4187 4194
f 4193 4195 3929
f 4195 3925 3929
f 4195 4189 3925
f 4190 3930 3927
f 4196 3930 4190
f 3932 4197 3931
f 4197 3933 3931
f 4199 4198 3936
f 4199 3936 3935
f 4198 4201 4200
f 3937 4198 4200
f 3936 4198 3937
f 4200 3938 3937
f 3940 4192 3928
f 3940 4202 4192
f 4194 4203 4193
f 4193 4203 4195
f 3941 3930 4204
f 3930 4205 4204
f 3930 4196 4205
f 4197 3932 3941
f 4204 4197 3941
f 4206 4197 4204
f 4197 4206 3933
f 4206 4207 3933
f 4207 3942 3933
f 4206 4208 4207
f 3942 4209 3943
f 4207 4209 3942
f 3935 3943 4199
f 4199 3943 4209
f 4201 4210 4200
f 4210 4212 4211
f 4210 4211 3944
f 4200 4210 3944
f 3938 4200 3944
f 4211 3946 3944
f 3948 4213 3947
f 4213 4214 3947
f 4214 3940 3947
f 4214 4202 3940
f 4205 4215 4204
f 4204 4215 4206
f 4206 4215 4216
f 4206 4216 4208
f 4212 4217 4211
f 3946 4211 4217
f 4218 3946 4217
f 3951 3946 4218
f 4220 4219 4213
f 3948 4220 4213
f 3954 4220 3948
f 4213 4219 4214
f 4218 4221 3951
f 3951 4221 3955
f 3957 3955 4221
f 3957 4221 4222
f 3959 4223 3960
f 4223 4224 3960
f 4224 3954 3960
f 4224 4220 3954
f 4222 4225 3957
f 3957 4225 3961
f 3963 3961 4225
f 3963 4225 4226
f 3967 4227 3968
f 4227 4228 3968
f 3968 4228 3959
f 4228 4229 3959
f 4229 4223 3959
f 4223 4229 4224
f 4226 4230 3963
f 3963 4230 3969
f 4230 4232 4231
f 3970 4230 4231
f 3969 4230 3970
f 4233 3971 3970
f 4233 3970 4231
f 3972 3971 4233
f 4236 4235 4234
f 4237 4236 4234
f 3974 4238 3973
f 4238 4239 3973
f 3973 4239 3967
f 4239 4240 3967
f 4240 4227 3967
f 4227 4240 4228
f 4232 4241 4231
f 4231 4241 4233
f 4233 4241 4242
f 3972 4233 3975
f 4242 3975 4233
f 3975 4242 4243
f 4235 4243 4242
f 4243 4235 4236
f 4236 4237 4244
f 4236 4244 4243
f 4246 4245 4238
f 3974 4246 4238
f 3977 4246 3974
f 4238 4245 4239
f 4247 3978 3979
f 4248 4247 3979
f 4248 3979 3975
f 4249 4248 3975
f 4243 4249 3975
f 4249 4243 4244
f 3981 4250 3982
f 3982 4250 4251
f 4252 3982 4251
f 3983 3982 4252
f 3977 3983 4246
f 4246 3983 4252
f 4253 3985 3986
f 4254 4253 3986
f 4254 3986 3978
f 4255 4254 3978
f 4247 4255 3978
f 4255 4247 4248
f 4257 4256 3989
f 4257 3989 3988
f 3981 3989 4250
f 3989 4258 4250
f 3989 4256 4258
f 4250 4258 4251
f 4260 4259 4253
f 4259 3985 4253
f 4259 3991 3985
f 3992 3993 4261
f 4253 4254 4260
f 3992 4261 4262
f 4263 3992 4262
f 3994 3992 4263
f 3988 3994 4257
f 4257 3994 4263
f 4259 4264 3991
f 3991 4264 3995
f 3995 4264 3993
f 4264 4265 3993
f 4265 4261 3993
f 4265 4264 4266
f 4262 4261 4267
f 4267 4261 4265
f 4266 4268 4265
f 4265 4268 4267
f 4269 3996 3997
f 4269 3997 4270
f 3997 4271 4270
f 3997 3998 4271
f 3998 3999 4271
f 4271 3999 4272
f 4274 4273 4269
f 4273 3996 4269
f 4273 4000 3996
f 4274 4269 4270
f 4275 4272 3999
f 4275 3999 4001
f 4277 4275 4276
f 4275 4002 4276
f 4275 4001 4002
f 4003 4278 4002
f 4002 4278 4276
f 4005 4278 4003
f 4279 4008 4009
f 4279 4009 4280
f 4009 4281 4280
f 4009 4010 4281
f 4282 4010 4011
f 4282 4281 4010
f 4011 4000 4273
f 4011 4273 4282
f 4283 4277 4276
f 4283 4276 4278
f 4283 4278 4284
f 4284 4278 4005
f 4012 4284 4005
f 4285 4284 4012
f 4286 4012 4013
f 4286 4285 4012
f 4287 4013 4014
f 4287 4286 4013
f 4288 4014 4015
f 4288 4287 4014
f 4289 4015 4016
f 4289 4288 4015
f 4016 4017 4289
f 4289 4017 4290
f 4293 4292 4291
f 4294 4293 4279
f 4293 4018 4279
f 4018 4008 4279
f 4293 4291 4018
f 4294 4279 4280
f 4295 4290 4017
f 4295 4017 4019
f 4296 4019 4020
f 4296 4295 4019
f 4020 4021 4296
f 4296 4021 4297
f 4291 4292 4023
f 4292 4022 4023
f 4292 4298 4022
f 4291 4023 4018
f 4299 4297 4021
f 4299 4021 4024
f 4024 4025 4299
f 4299 4025 4300
f 4302 4301 4027
f 4027 4301 4026
f 4027 4022 4298
f 4027 4298 4302
f 4303 4300 4025
f 4303 4025 4028
f 4028 4030 4303
f 4303 4030 4304
f 4306 4305 4032
f 4032 4305 4031
f 4032 4026 4301
f 4032 4301 4306
f 4307 4304 4030
f 4307 4030 4033
f 4308 4033 4034
f 4308 4307 4033
f 4034 4035 4308
f 4308 4035 4309
f 4311 4310 4037
f 4037 4310 4036
f 4037 4031 4305
f 4037 4305 4311
f 4312 4309 4035
f 4312 4035 4038
f 4038 4039 4312
f 4312 4039 4313
f 4310 4040 4036
f 4314 4040 4310
f 4041 4316 4315
f 4313 4041 4315
f 4039 4041 4313
f 4316 4317 4315
f 4318 4042 4043
f 4319 4318 4043
f 4040 4319 4043
f 4314 4319 4040
f 4044 4316 4041
f 4321 4320 4045
f 4045 4320 4044
f 4320 4317 4044
f 4317 4316 4044
f 4321 4322 4320
f 4324 4323 4318
f 4323 4042 4318
f 4323 4046 4042
f 4324 4318 4319
f 4047 4321 4045
f 4326 4325 4048
f 4048 4325 4047
f 4325 4322 4047
f 4322 4321 4047
f 4326 4327 4325
f 4323 4049 4046
f 4328 4049 4323
f 4050 4326 4048
f 4329 4327 4326
f 4050 4329 4326
f 4051 4329 4050
f 4331 4330 4053
f 4330 4051 4053
f 4330 4329 4051
f 4331 4332 4330
f 4328 4333 4049
f 4049 4333 4055
f 4057 4055 4333
f 4057 4333 4334
f 4058 4331 4053
f 4335 4332 4331
f 4058 4335 4331
f 4059 4335 4058
f 4059 4061 4335
f 4335 4061 4336
f 4337 4062 4063
f 4064 4338 4063
f 4063 4338 4337
f 4339 4338 4064
f 4057 4339 4064
f 4334 4339 4057
f 4340 4336 4061
f 4340 4061 4065
f 4065 4067 4340
f 4340 4067 4341
f 4337 4068 4062
f 4337 4338 4342
f 4069 4337 4342
f 4343 4069 4342
f 4337 4069 4068
f 4342 4338 4339
f 4344 4341 4067
f 4344 4067 4070
f 4070 4071 4344
f 4344 4071 4345
f 4343 4072 4069
f 4346 4072 4343
f 4347 4345 4071
f 4347 4071 4073
f 4348 4073 4074
f 4348 4347 4073
f 4350 4349 4076
f 4349 4074 4076
f 4349 4348 4074
f 4350 4351 4349
f 4353 4077 4352
f 4077 4346 4352
f 4077 4072 4346
f 4354 4353 4352
f 4078 4350 4076
f 4355 4351 4350
f 4078 4355 4350
f 4079 4355 4078
f 4079 4081 4355
f 4355 4081 4356
f 4357 4082 4353
f 4353 4082 4077
f 4353 4354 4358
f 4353 4358 4357
f 4083 4360 4359
f 4356 4083 4359
f 4081 4083 4356
f 4360 4361 4359
f 4363 4362 4086
f 4086 4362 4085
f 4363 4086 4082
f 4364 4363 4082
f 4357 4364 4082
f 4363 4364 4365
f 4357 4358 4366
f 4357 4366 4364
f 4087 4360 4083
f 4368 4367 4088
f 4088 4367 4087
f 4367 4361 4087
f 4361 4360 4087
f 4368 4369 4367
f 4362 4090 4085
f 4370 4090 4362
f 4365 4364 4093
f 4094 4365 4093
f 4371 4365 4094
f 4373 4372 4095
f 4373 4095 4093
f 4366 4373 4093
f 4364 4366 4093
f 4374 4372 4373
f 4096 4368 4088
f 4376 4375 4098
f 4098 4375 4096
f 4375 4369 4096
f 4369 4368 4096
f 4376 4377 4375
f 4370 4099 4090
f 4378 4099 4370
f 4379 4371 4094
f 4379 4094 4100
f 4379 4100 4095
f 4380 4379 4095
f 4372 4380 4095
f 4379 4380 4381
f 4372 4374 4382
f 4372 4382 4380
f 4101 4383 4376
f 4101 4376 4098
f 4377 4376 4384
f 4384 4376 4383
f 4386 4102 4385
f 4102 4378 4385
f 4102 4099 4378
f 4387 4386 4385
f 4381 4380 4104
f 4105 4381 4104
f 4388 4381 4105
f 4390 4389 4106
f 4390 4106 4104
f 4382 4390 4104
f 4380 4382 4104
f 4391 4389 4390
f 4107 4392 4383
f 4107 4383 4101
f 4384 4383 4393
f 4393 4383 4392
f 4395 4108 4394
f 4108 4102 4394
f 4394 4102 4386
f 4396 4394 4386
f 4386 4387 4396
f 4108 4395 4109
f 4397 4388 4105
f 4397 4105 4110
f 4397 4110 4106
f 4398 4397 4106
f 4389 4398 4106
f 4397 4398 4399
f 4389 4391 4400
f 4389 4400 4398
f 4111 4392 4107
f 4402 4401 4113
f 4113 4401 4111
f 4401 4393 4111
f 4393 4392 4111
f 4402 4403 4401
f 4395 4394 4404
f 4404 4394 4405
f 4404 4115 4109
f 4404 4109 4395
f 4408 4407 4406
f 4406 4407 4399
f 4398 4406 4399
f 4409 4406 4398
f 4398 4400 4410
f 4398 4410 4409
f 4116 4411 4402
f 4116 4402 4113
f 4403 4402 4412
f 4412 4402 4411
f 4404 4405 4413
f 4413 4405 4414
f 4415 4117 4115
f 4404 4415 4115
f 4413 4415 4404
f 4416 4408 4406
f 4117 4416 4406
f 4118 4117 4406
f 4416 4117 4415
f 4118 4406 4120
f 4120 4406 4409
f 4121 4120 4409
f 4410 4121 4409
f 4417 4121 4410
f 4123 4418 4411
f 4123 4411 4116
f 4412 4411 4419
f 4419 4411 4418
f 4414 4420 4413
f 4413 4420 4415
f 4415 4420 4421
f 4415 4421 4416
f 4417 4124 4121
f 4422 4124 4417
f 4125 4423 4418
f 4125 4418 4123
f 4419 4418 4424
f 4424 4418 4423
f 4422 4127 4124
f 4425 4127 4422
f 4128 4426 4423
f 4128 4423 4125
f 4424 4423 4427
f 4427 4423 4426
f 4425 4428 4127
f 4127 4428 4129
f 4130 4129 4428
f 4130 4428 4429
f 4432 4431 4430
f 4434 4433 4430
f 4434 4430 4431
f 4435 4433 4434
f 4438 4437 4436
f 4439 4436 4437
f 4131 4426 4128
f 4131 4133 4426
f 4133 4427 4426
f 4133 4440 4427
f 4429 4441 4130
f 4130 4441 4134
f 4430 4135 4432
f 4135 4441 4432
f 4135 4134 4441
f 4135 4430 4136
f 4430 4442 4136
f 4430 4433 4442
f 4433 4435 4443
f 4444 4433 4443
f 4442 4433 4444
f 4444 4443 4438
f 4444 4438 4436
f 4139 4444 4436
f 4138 4139 4436
f 4140 4138 4436
f 4439 4140 4436
f 4445 4140 4439
f 4142 4440 4133
f 4142 4446 4440
f 4442 4143 4136
f 4143 4442 4144
f 4144 4442 4444
f 4144 4444 4139
f 4445 4447 4140
f 4140 4447 4146
f 4148 4146 4447
f 4148 4447 4448
f 4150 4446 4142
f 4150 4449 4446
f 4448 4153 4148
f 4450 4153 4448
f 4155 4449 4150
f 4155 4451 4449
f 4453 4452 4158
f 4158 4452 4157
f 4158 4153 4450
f 4158 4450 4453
f 4160 4454 4159
f 4454 4455 4159
f 4455 4155 4159
f 4455 4451 4155
f 4452 4161 4157
f 4456 4161 4452
f 4458 4457 4454
f 4160 4458 4454
f 4162 4458 4160
f 4454 4457 4455
f 4456 4459 4161
f 4161 4459 4163
f 4164 4163 4459
f 4164 4459 4460
f 4166 4461 4165
f 4461 4462 4165
f 4462 4162 4165
f 4462 4458 4162
f 4167 4164 4463
f 4164 4464 4463
f 4164 4460 4464
f 4463 4168 4167
f 4169 4465 4461
f 4169 4461 4166
f 4462 4461 4466
f 4466 4461 4465
f 4464 4467 4463
f 4168 4463 4467
f 4468 4168 4467
f 4171 4168 4468
f 4172 4469 4465
f 4172 4465 4169
f 4466 4465 4470
f 4470 4465 4469
f 4468 4471 4171
f 4171 4471 4173
f 4174 4173 4471
f 4174 4471 4472
f 4175 4473 4469
f 4175 4469 4172
f 4470 4469 4474
f 4474 4469 4473
f 4472 4475 4174
f 4174 4475 4176
f 4178 4176 4475
f 4178 4475 4476
f 4478 4477 4473
f 4175 4478 4473
f 4179 4478 4175
f 4473 4477 4474
f 4181 4178 4479
f 4178 4480 4479
f 4178 4476 4480
f 4181 4479 4481
f 4482 4181 4481
f 4182 4181 4482
f 4183 4182 4482
f 4183 4482 4483
f 4185 4478 4179
f 4185 4484 4478
f 4480 4485 4479
f 4479 4485 4481
f 4483 4486 4183
f 4183 4486 4186
f 4187 4186 4486
f 4187 4486 4487
f 4189 4488 4188
f 4488 4190 4188
f 4192 4489 4191
f 4489 4490 4191
f 4490 4185 4191
f 4490 4484 4185
f 4492 4194 4491
f 4194 4487 4491
f 4194 4187 4487
f 4195 4493 4189
f 4493 4492 4189
f 4491 4189 4492
f 4189 4491 4488
f 4494 4488 4491
f 4488 4494 4493
f 4493 4495 4488
f 4195 4495 4493
f 4493 4494 4492
f 4495 4196 4190
f 4495 4190 4488
f 4497 4496 4198
f 4497 4198 4199
f 4201 4198 4496
f 4201 4496 4498
f 4202 4499 4489
f 4202 4489 4192
f 4490 4489 4500
f 4500 4489 4499
f 4492 4203 4194
f 4492 4494 4203
f 4494 4501 4203
f 4495 4195 4203
f 4495 4203 4501
f 4196 4495 4501
f 4502 4196 4501
f 4205 4196 4502
f 4504 4503 4207
f 4504 4207 4208
f 4207 4505 4209
f 4503 4505 4207
f 4199 4209 4497
f 4497 4209 4505
f 4498 4506 4201
f 4201 4506 4210
f 4212 4210 4506
f 4212 4506 4507
f 4509 4508 4499
f 4202 4509 4499
f 4214 4509 4202
f 4499 4508 4500
f 4502 4510 4205
f 4205 4510 4215
f 4510 4512 4511
f 4216 4510 4511
f 4215 4510 4216
f 4511 4513 4216
f 4513 4208 4216
f 4513 4504 4208
f 4507 4514 4212
f 4212 4514 4217
f 4218 4217 4514
f 4218 4514 4515
f 4220 4516 4219
f 4516 4517 4219
f 4517 4214 4219
f 4517 4509 4214
f 4512 4518 4511
f 4511 4518 4513
f 4221 4218 4519
f 4218 4520 4519
f 4218 4515 4520
f 4519 4222 4221
f 4522 4521 4516
f 4220 4522 4516
f 4224 4522 4220
f 4516 4521 4517
f 4525 4524 4523
f 4527 4526 4523
f 4523 4526 4525
f 4529 4528 4527
f 4527 4528 4526
f 4529 4530 4528
f 4520 4531 4519
f 4519 4531 4222
f 4531 4225 4222
f 4531 4532 4225
f 4226 4225 4532
f 4226 4532 4533
f 4228 4534 4229
f 4534 4535 4229
f 4535 4224 4229
f 4535 4522 4224
f 4524 4536 4523
f 4523 4536 4527
f 4527 4536 4537
f 4527 4537 4529
f 4529 4537 4538
f 4529 4538 4530
f 4230 4226 4539
f 4226 4540 4539
f 4226 4533 4540
f 4232 4230 4539
f 4543 4542 4541
f 4544 4543 4541
f 4235 4545 4234
f 4545 4237 4234
f 4547 4546 4240
f 4547 4240 4239
f 4228 4240 4534
f 4240 4548 4534
f 4240 4546 4548
f 4534 4548 4535
f 4540 4549 4539
f 4542 4543 4549
f 4543 4241 4549
f 4232 4539 4549
f 4232 4549 4241
f 4544 4550 4543
f 4550 4241 4543
f 4550 4242 4241
f 4235 4242 4545
f 4242 4551 4545
f 4242 4550 4551
f 4244 4237 4545
f 4552 4244 4545
f 4551 4552 4545
f 4244 4552 4553
f 4554 4553 4552
f 4556 4555 4245
f 4556 4245 4246
f 4239 4245 4547
f 4547 4245 4555
f 4557 4248 4249
f 4558 4557 4249
f 4558 4249 4244
f 4559 4558 4244
f 4553 4559 4244
f 4559 4553 4554
f 4561 4560 4252
f 4561 4252 4251
f 4246 4252 4556
f 4556 4252 4560
f 4562 4254 4255
f 4563 4562 4255
f 4563 4255 4248
f 4564 4563 4248
f 4557 4564 4248
f 4256 4257 4565
f 4557 4558 4564
f 4256 4565 4566
f 4567 4256 4566
f 4258 4256 4567
f 4251 4258 4561
f 4561 4258 4567
f 4568 4259 4260
f 4569 4568 4260
f 4569 4260 4254
f 4570 4569 4254
f 4562 4570 4254
f 4263 4262 4571
f 4562 4563 4570
f 4571 4572 4263
f 4263 4572 4257
f 4572 4573 4257
f 4573 4565 4257
f 4565 4573 4566
f 4575 4264 4574
f 4264 4259 4574
f 4574 4259 4568
f 4576 4574 4568
f 4568 4569 4576
f 4264 4575 4266
f 4578 4577 4571
f 4262 4578 4571
f 4267 4578 4262
f 4571 4577 4572
f 4581 4580 4579
f 4581 4579 4574
f 4579 4575 4574
f 4579 4582 4575
f 4575 4582 4266
f 4582 4583 4266
f 4583 4268 4266
f 4582 4584 4583
f 4267 4268 4578
f 4578 4268 4583
f 4580 4585 4579
f 4579 4585 4582
f 4582 4585 4586
f 4582 4586 4584
f 4589 4588 4587
f 4587 4590 4589
f 4588 4591 4587
f 4587 4591 4590
f 4592 4270 4271
f 4272 4592 4271
f 4594 4593 4274
f 4274 4593 4273
f 4274 4270 4592
f 4595 4274 4592
f 4594 4274 4595
f 4595 4592 4272
f 4275 4595 4272
f 4596 4595 4275
f 4275 4277 4596
f 4596 4277 4597
f 4600 4599 4598
f 4280 4281 4598
f 4281 4600 4598
f 4281 4601 4600
f 4602 4281 4282
f 4602 4601 4281
f 4282 4273 4593
f 4282 4593 4602
f 4603 4597 4277
f 4603 4277 4283
f 4604 4283 4284
f 4604 4603 4283
f 4605 4284 4285
f 4605 4604 4284
f 4606 4285 4286
f 4606 4605 4285
f 4607 4286 4287
f 4607 4606 4286
f 4608 4287 4288
f 4608 4607 4287
f 4609 4288 4289
f 4609 4608 4288
f 4289 4290 4609
f 4609 4290 4610
f 4612 4611 4293
f 4293 4611 4292
f 4294 4598 4599
f 4612 4294 4599
f 4293 4294 4612
f 4598 4294 4280
f 4613 4610 4290
f 4613 4290 4295
f 4614 4295 4296
f 4614 4613 4295
f 4296 4297 4614
f 4614 4297 4615
f 4611 4298 4292
f 4616 4298 4611
f 4617 4615 4297
f 4617 4297 4299
f 4299 4300 4617
f 4617 4300 4618
f 4620 4619 4302
f 4302 4619 4301
f 4302 4298 4616
f 4302 4616 4620
f 4621 4618 4300
f 4621 4300 4303
f 4623 4622 4304
f 4622 4303 4304
f 4622 4621 4303
f 4623 4624 4622
f 4626 4625 4306
f 4306 4625 4305
f 4306 4301 4619
f 4306 4619 4626
f 4307 4623 4304
f 4627 4624 4623
f 4307 4627 4623
f 4308 4627 4307
f 4629 4628 4309
f 4628 4308 4309
f 4628 4627 4308
f 4629 4630 4628
f 4631 4310 4311
f 4632 4631 4311
f 4305 4632 4311
f 4625 4632 4305
f 4312 4629 4309
f 4312 4313 4629
f 4313 4630 4629
f 4313 4633 4630
f 4635 4634 4631
f 4634 4310 4631
f 4634 4314 4310
f 4635 4631 4632
f 4636 4633 4313
f 4636 4313 4315
f 4315 4317 4636
f 4636 4317 4637
f 4639 4319 4638
f 4319 4634 4638
f 4319 4314 4634
f 4640 4639 4638
f 4641 4637 4317
f 4641 4317 4320
f 4320 4322 4641
f 4641 4322 4642
f 4643 4323 4324
f 4319 4639 4324
f 4639 4643 4324
f 4639 4644 4643
f 4639 4640 4645
f 4639 4645 4644
f 4646 4642 4322
f 4646 4322 4325
f 4325 4327 4646
f 4646 4327 4647
f 4648 4328 4643
f 4643 4328 4323
f 4644 4650 4649
f 4648 4644 4649
f 4643 4644 4648
f 4650 4644 4645
f 4651 4647 4327
f 4651 4327 4329
f 4652 4329 4330
f 4652 4651 4329
f 4330 4332 4652
f 4652 4332 4653
f 4648 4333 4328
f 4334 4333 4648
f 4649 4334 4648
f 4654 4334 4649
f 4655 4653 4332
f 4655 4332 4335
f 4335 4336 4655
f 4655 4336 4656
f 4654 4339 4334
f 4657 4339 4654
f 4658 4656 4336
f 4658 4336 4340
f 4340 4341 4658
f 4658 4341 4659
f 4660 4343 4342
f 4661 4660 4342
f 4339 4661 4342
f 4657 4661 4339
f 4662 4659 4341
f 4662 4341 4344
f 4664 4663 4345
f 4663 4344 4345
f 4663 4662 4344
f 4664 4665 4663
f 4666 4346 4660
f 4660 4346 4343
f 4660 4661 4667
f 4660 4667 4666
f 4347 4664 4345
f 4668 4665 4664
f 4347 4668 4664
f 4348 4668 4347
f 4669 4348 4349
f 4669 4668 4348
f 4671 4670 4351
f 4670 4349 4351
f 4670 4669 4349
f 4671 4672 4670
f 4666 4352 4346
f 4354 4352 4666
f 4667 4354 4666
f 4673 4354 4667
f 4355 4671 4351
f 4675 4674 4356
f 4356 4674 4355
f 4674 4672 4355
f 4672 4671 4355
f 4675 4676 4674
f 4673 4358 4354
f 4677 4358 4673
f 4359 4675 4356
f 4679 4678 4361
f 4361 4678 4359
f 4678 4676 4359
f 4676 4675 4359
f 4679 4680 4678
f 4681 4362 4363
f 4365 4681 4363
f 4677 4366 4358
f 4682 4366 4677
f 4367 4679 4361
f 4684 4683 4369
f 4369 4683 4367
f 4683 4680 4367
f 4680 4679 4367
f 4684 4685 4683
f 4686 4370 4681
f 4681 4370 4362
f 4371 4686 4365
f 4365 4686 4681
f 4682 4687 4366
f 4366 4687 4373
f 4689 4688 4374
f 4373 4689 4374
f 4687 4689 4373
f 4690 4688 4689
f 4375 4684 4369
f 4375 4377 4684
f 4377 4685 4684
f 4377 4691 4685
f 4692 4378 4686
f 4686 4378 4370
f 4379 4693 4371
f 4693 4686 4371
f 4693 4692 4686
f 4381 4693 4379
f 4694 4382 4688
f 4688 4382 4374
f 4688 4690 4695
f 4688 4695 4694
f 4384 4691 4377
f 4384 4696 4691
f 4692 4385 4378
f 4385 4692 4387
f 4692 4697 4387
f 4692 4693 4697
f 4388 4697 4381
f 4381 4697 4693
f 4694 4390 4382
f 4391 4390 4694
f 4695 4391 4694
f 4698 4391 4695
f 4393 4696 4384
f 4393 4699 4696
f 4701 4700 4396
f 4396 4700 4394
f 4701 4396 4387
f 4702 4701 4387
f 4697 4702 4387
f 4701 4702 4703
f 4397 4704 4388
f 4704 4697 4388
f 4704 4702 4697
f 4399 4704 4397
f 4706 4400 4705
f 4400 4698 4705
f 4400 4391 4698
f 4707 4706 4705
f 4708 4699 4393
f 4708 4393 4401
f 4401 4403 4708
f 4708 4403 4709
f 4700 4405 4394
f 4710 4405 4700
f 4703 4702 4711
f 4703 4711 4712
f 4408 4711 4407
f 4711 4704 4407
f 4711 4702 4704
f 4407 4704 4399
f 4713 4410 4706
f 4706 4410 4400
f 4706 4707 4714
f 4706 4714 4713
f 4412 4709 4403
f 4412 4715 4709
f 4717 4414 4716
f 4414 4710 4716
f 4414 4405 4710
f 4717 4716 4712
f 4711 4717 4712
f 4718 4717 4711
f 4416 4718 4408
f 4408 4718 4711
f 4720 4719 4713
f 4719 4410 4713
f 4719 4417 4410
f 4720 4713 4714
f 4419 4715 4412
f 4419 4721 4715
f 4717 4420 4414
f 4420 4717 4421
f 4421 4717 4718
f 4421 4718 4416
f 4719 4422 4417
f 4722 4422 4719
f 4424 4721 4419
f 4424 4723 4721
f 4722 4425 4422
f 4724 4425 4722
f 4427 4726 4725
f 4723 4427 4725
f 4424 4427 4723
f 4726 4727 4725
f 4724 4728 4425
f 4425 4728 4428
f 4730 4729 4429
f 4428 4730 4429
f 4728 4730 4428
f 4431 4432 4729
f 4730 4431 4729
f 4731 4431 4730
f 4431 4732 4434
f 4731 4732 4431
f 4435 4434 4732
f 4435 4732 4733
f 4438 4734 4437
f 4734 4439 4437
f 4440 4735 4726
f 4440 4726 4427
f 4727 4726 4736
f 4736 4726 4735
f 4729 4441 4429
f 4441 4729 4432
f 4733 4737 4435
f 4435 4737 4443
f 4443 4737 4438
f 4737 4738 4438
f 4738 4734 4438
f 4738 4737 4739
f 4738 4445 4439
f 4738 4439 4734
f 4446 4740 4735
f 4446 4735 4440
f 4736 4735 4741
f 4741 4735 4740
f 4739 4742 4738
f 4738 4742 4445
f 4742 4447 4445
f 4742 4743 4447
f 4448 4447 4743
f 4448 4743 4744
f 4449 4745 4740
f 4449 4740 4446
f 4741 4740 4746
f 4746 4740 4745
f 4744 4450 4448
f 4747 4450 4744
f 4749 4748 4745
f 4449 4749 4745
f 4451 4749 4449
f 4745 4748 4746
f 4750 4452 4453
f 4751 4750 4453
f 4450 4751 4453
f 4747 4751 4450
f 4455 4749 4451
f 4455 4752 4749
f 4753 4456 4750
f 4750 4456 4452
f 4750 4751 4754
f 4750 4754 4753
f 4458 4755 4457
f 4755 4756 4457
f 4756 4455 4457
f 4756 4752 4455
f 4753 4459 4456
f 4460 4459 4753
f 4754 4460 4753
f 4757 4460 4754
f 4759 4758 4755
f 4458 4759 4755
f 4462 4759 4458
f 4755 4758 4756
f 4761 4464 4760
f 4464 4757 4760
f 4464 4460 4757
f 4762 4761 4760
f 4466 4759 4462
f 4466 4763 4759
f 4761 4467 4464
f 4468 4467 4761
f 4762 4468 4761
f 4764 4468 4762
f 4470 4763 4466
f 4470 4765 4763
f 4764 4766 4468
f 4468 4766 4471
f 4472 4471 4766
f 4472 4766 4767
f 4474 4765 4470
f 4474 4768 4765
f 4475 4472 4769
f 4472 4770 4769
f 4472 4767 4770
f 4769 4476 4475
f 4478 4771 4477
f 4771 4772 4477
f 4772 4474 4477
f 4772 4768 4474
f 4770 4773 4769
f 4476 4769 4773
f 4774 4476 4773
f 4480 4476 4774
f 4481 4775 4482
f 4775 4483 4482
f 4484 4776 4771
f 4484 4771 4478
f 4772 4771 4777
f 4777 4771 4776
f 4774 4778 4480
f 4480 4778 4485
f 4485 4778 4481
f 4778 4779 4481
f 4779 4775 4481
f 4779 4778 4780
f 4781 4486 4483
f 4775 4781 4483
f 4779 4781 4775
f 4781 4487 4486
f 4490 4782 4776
f 4490 4776 4484
f 4777 4776 4783
f 4783 4776 4782
f 4780 4784 4779
f 4779 4784 4781
f 4781 4784 4785
f 4785 4787 4786
f 4785 4786 4491
f 4781 4785 4491
f 4487 4781 4491
f 4786 4494 4491
f 4497 4788 4496
f 4788 4498 4496
f 4500 4789 4782
f 4500 4782 4490
f 4783 4782 4790
f 4790 4782 4789
f 4787 4791 4786
f 4791 4793 4792
f 4791 4792 4501
f 4786 4791 4501
f 4494 4786 4501
f 4792 4502 4501
f 4504 4794 4503
f 4795 4505 4503
f 4795 4503 4794
f 4788 4497 4505
f 4795 4788 4505
f 4796 4788 4795
f 4797 4506 4498
f 4788 4797 4498
f 4796 4797 4788
f 4797 4507 4506
f 4509 4798 4508
f 4798 4799 4508
f 4508 4799 4500
f 4799 4800 4500
f 4800 4789 4500
f 4789 4800 4790
f 4793 4801 4792
f 4801 4803 4802
f 4801 4802 4510
f 4792 4801 4510
f 4502 4792 4510
f 4802 4512 4510
f 4513 4804 4794
f 4513 4794 4504
f 4806 4795 4805
f 4795 4804 4805
f 4795 4794 4804
f 4795 4806 4796
f 4796 4806 4807
f 4809 4808 4807
f 4808 4796 4807
f 4808 4797 4796
f 4810 4514 4507
f 4797 4810 4507
f 4808 4810 4797
f 4810 4515 4514
f 4517 4811 4798
f 4517 4798 4509
f 4799 4798 4812
f 4812 4798 4811
f 4803 4813 4802
f 4813 4815 4814
f 4813 4814 4518
f 4802 4813 4518
f 4512 4802 4518
f 4814 4816 4518
f 4518 4816 4513
f 4816 4817 4513
f 4817 4804 4513
f 4817 4818 4804
f 4818 4819 4804
f 4820 4805 4804
f 4820 4804 4819
f 4819 4821 4820
f 4809 4822 4808
f 4808 4822 4810
f 4810 4822 4823
f 4520 4515 4810
f 4824 4520 4810
f 4823 4824 4810
f 4520 4824 4825
f 4826 4825 4824
f 4522 4827 4521
f 4827 4828 4521
f 4521 4828 4517
f 4828 4829 4517
f 4829 4811 4517
f 4811 4829 4812
f 4815 4830 4814
f 4814 4830 4816
f 4819 4818 4525
f 4818 4524 4525
f 4818 4831 4524
f 4832 4821 4819
f 4525 4832 4819
f 4526 4832 4525
f 4834 4832 4833
f 4832 4528 4833
f 4832 4526 4528
f 4530 4833 4528
f 4825 4531 4520
f 4826 4835 4825
f 4835 4531 4825
f 4835 4532 4531
f 4837 4836 4533
f 4532 4837 4533
f 4835 4837 4532
f 4838 4836 4837
f 4840 4839 4827
f 4522 4840 4827
f 4535 4840 4522
f 4827 4839 4828
f 4831 4841 4524
f 4524 4841 4536
f 4536 4842 4537
f 4841 4842 4536
f 4833 4538 4834
f 4538 4842 4834
f 4538 4537 4842
f 4538 4833 4530
f 4843 4540 4836
f 4836 4540 4533
f 4844 4541 4542
f 4836 4844 4542
f 4843 4836 4542
f 4844 4836 4838
f 4846 4845 4544
f 4541 4846 4544
f 4844 4846 4541
f 4847 4845 4846
f 4547 4848 4546
f 4546 4848 4849
f 4850 4546 4849
f 4548 4546 4850
f 4535 4548 4840
f 4840 4548 4850
f 4843 4549 4540
f 4549 4843 4542
f 4845 4550 4544
f 4847 4851 4845
f 4851 4550 4845
f 4851 4551 4550
f 4551 4852 4552
f 4851 4852 4551
f 4554 4552 4852
f 4554 4852 4853
f 4556 4854 4555
f 4854 4855 4555
f 4555 4855 4547
f 4855 4856 4547
f 4856 4848 4547
f 4848 4856 4849
f 4858 4857 4559
f 4559 4857 4558
f 4559 4554 4853
f 4559 4853 4858
f 4860 4859 4560
f 4860 4560 4561
f 4556 4560 4854
f 4560 4861 4854
f 4560 4859 4861
f 4854 4861 4855
f 4863 4862 4564
f 4564 4862 4563
f 4564 4558 4857
f 4564 4857 4863
f 4566 4864 4567
f 4864 4865 4567
f 4865 4561 4567
f 4865 4860 4561
f 4866 4569 4570
f 4867 4866 4570
f 4563 4867 4570
f 4862 4867 4563
f 4572 4868 4573
f 4868 4869 4573
f 4573 4869 4566
f 4869 4870 4566
f 4870 4864 4566
f 4864 4870 4865
f 4871 4574 4576
f 4569 4866 4576
f 4866 4871 4576
f 4866 4872 4871
f 4873 4577 4578
f 4866 4873 4578
f 4872 4866 4578
f 4873 4866 4867
f 4572 4577 4868
f 4577 4874 4868
f 4577 4873 4874
f 4868 4874 4869
f 4877 4876 4875
f 4580 4581 4875
f 4581 4877 4875
f 4581 4878 4877
f 4581 4574 4871
f 4879 4581 4871
f 4878 4581 4879
f 4879 4881 4880
f 4879 4882 4881
f 4882 4879 4584
f 4871 4584 4879
f 4584 4871 4583
f 4881 4583 4871
f 4871 4872 4881
f 4881 4872 4880
f 4882 4583 4881
f 4880 4872 4883
f 4872 4578 4883
f 4583 4882 4883
f 4583 4883 4578
f 4875 4876 4884
f 4884 4876 4885
f 4886 4585 4580
f 4875 4886 4580
f 4884 4886 4875
f 4887 4586 4585
f 4887 4585 4886
f 4882 4584 4586
f 4887 4882 4586
f 4888 4882 4887
f 4883 4882 4889
f 4889 4882 4888
f 4884 4885 4890
f 4890 4885 4891
f 4890 4588 4589
f 4886 4890 4589
f 4884 4890 4886
f 4886 4589 4590
f 4892 4886 4590
f 4887 4886 4892
f 4887 4893 4888
f 4887 4892 4893
f 4889 4888 4894
f 4888 4895 4894
f 4888 4893 4895
f 4895 4896 4894
f 4891 4897 4890
f 4890 4897 4588
f 4897 4591 4588
f 4897 4898 4591
f 4591 4898 4590
f 4898 4899 4590
f 4899 4892 4590
f 4899 4898 4900
f 4892 4901 4893
f 4892 4899 4901
f 4893 4902 4895
f 4893 4901 4902
f 4896 4895 4903
f 4903 4895 4902
f 4900 4904 4899
f 4899 4904 4901
f 4901 4904 4905
f 4901 4905 4902
f 4902 4905 4906
f 4902 4906 4903
f 4907 4593 4594
f 4595 4908 4594
f 4594 4908 4907
f 4596 4909 4595
f 4595 4909 4908
f 4597 4909 4596
f 4910 4599 4600
f 4601 4911 4600
f 4600 4911 4910
f 4602 4912 4601
f 4601 4912 4911
f 4913 4912 4602
f 4913 4602 4593
f 4914 4913 4593
f 4907 4914 4593
f 4914 4907 4908
f 4914 4908 4915
f 4915 4908 4909
f 4915 4909 4916
f 4916 4909 4597
f 4603 4916 4597
f 4917 4916 4603
f 4918 4603 4604
f 4918 4917 4603
f 4919 4604 4605
f 4919 4918 4604
f 4920 4605 4606
f 4920 4919 4605
f 4921 4606 4607
f 4921 4920 4606
f 4922 4607 4608
f 4922 4921 4607
f 4923 4608 4609
f 4923 4922 4608
f 4609 4610 4923
f 4923 4610 4924
f 4926 4925 4612
f 4612 4925 4611
f 4612 4599 4910
f 4927 4612 4910
f 4926 4612 4927
f 4927 4910 4911
f 4927 4911 4928
f 4928 4911 4912
f 4928 4912 4929
f 4929 4912 4913
f 4930 4924 4610
f 4930 4610 4613
f 4931 4613 4614
f 4931 4930 4613
f 4614 4615 4931
f 4931 4615 4932
f 4925 4616 4611
f 4933 4616 4925
f 4934 4932 4615
f 4934 4615 4617
f 4936 4935 4618
f 4935 4617 4618
f 4935 4934 4617
f 4936 4937 4935
f 4938 4619 4620
f 4939 4938 4620
f 4616 4939 4620
f 4933 4939 4616
f 4621 4936 4618
f 4940 4937 4936
f 4621 4940 4936
f 4622 4940 4621
f 4622 4624 4940
f 4940 4624 4941
f 4943 4942 4626
f 4626 4942 4625
f 4626 4619 4938
f 4944 4626 4938
f 4943 4626 4944
f 4944 4938 4939
f 4945 4941 4624
f 4945 4624 4627
f 4946 4627 4628
f 4946 4945 4627
f 4628 4630 4946
f 4946 4630 4947
f 4942 4632 4625
f 4948 4632 4942
f 4633 4950 4949
f 4947 4633 4949
f 4630 4633 4947
f 4950 4951 4949
f 4952 4634 4635
f 4953 4952 4635
f 4632 4953 4635
f 4948 4953 4632
f 4636 4950 4633
f 4636 4637 4950
f 4637 4951 4950
f 4637 4954 4951
f 4952 4638 4634
f 4640 4638 4952
f 4953 4640 4952
f 4955 4640 4953
f 4956 4954 4637
f 4956 4637 4641
f 4958 4957 4642
f 4957 4641 4642
f 4957 4956 4641
f 4958 4959 4957
f 4955 4645 4640
f 4960 4645 4955
f 4646 4958 4642
f 4962 4961 4647
f 4647 4961 4646
f 4961 4959 4646
f 4959 4958 4646
f 4962 4963 4961
f 4965 4964 4650
f 4650 4964 4649
f 4650 4645 4960
f 4650 4960 4965
f 4651 4962 4647
f 4966 4963 4962
f 4651 4966 4962
f 4652 4966 4651
f 4652 4653 4966
f 4966 4653 4967
f 4969 4654 4968
f 4654 4964 4968
f 4654 4649 4964
f 4970 4969 4968
f 4971 4967 4653
f 4971 4653 4655
f 4655 4656 4971
f 4971 4656 4972
f 4973 4657 4969
f 4969 4657 4654
f 4969 4970 4974
f 4969 4974 4973
f 4975 4972 4656
f 4975 4656 4658
f 4977 4976 4659
f 4976 4658 4659
f 4976 4975 4658
f 4977 4978 4976
f 4980 4979 4973
f 4979 4657 4973
f 4979 4661 4657
f 4980 4973 4974
f 4662 4977 4659
f 4981 4978 4977
f 4662 4981 4977
f 4663 4981 4662
f 4663 4665 4981
f 4981 4665 4982
f 4979 4667 4661
f 4983 4667 4979
f 4984 4982 4665
f 4984 4665 4668
f 4985 4668 4669
f 4985 4984 4668
f 4986 4669 4670
f 4986 4985 4669
f 4670 4672 4986
f 4986 4672 4987
f 4983 4673 4667
f 4988 4673 4983
f 4989 4987 4672
f 4989 4672 4674
f 4674 4676 4989
f 4989 4676 4990
f 4988 4677 4673
f 4991 4677 4988
f 4992 4990 4676
f 4992 4676 4678
f 4678 4680 4992
f 4992 4680 4993
f 4995 4682 4994
f 4682 4991 4994
f 4682 4677 4991
f 4997 4996 4995
f 4997 4995 4994
f 4998 4996 4997
f 4999 4993 4680
f 4999 4680 4683
f 4683 4685 4999
f 4999 4685 5000
f 4995 4687 4682
f 4687 4995 4689
f 4689 4995 4996
f 4690 4689 4996
f 4998 4690 4996
f 5001 4690 4998
f 4691 5000 4685
f 4691 5002 5000
f 5001 4695 4690
f 5003 4695 5001
f 4696 5002 4691
f 4696 5004 5002
f 5007 5006 5005
f 5005 5008 5007
f 5010 4698 5009
f 4698 5003 5009
f 4698 4695 5003
f 5011 5010 5009
f 4699 5013 5012
f 5004 4699 5012
f 4696 4699 5004
f 5013 5014 5012
f 5005 5006 4701
f 5006 4700 4701
f 5006 5015 4700
f 4701 4703 5005
f 4703 5008 5005
f 4703 5016 5008
f 5010 4705 4698
f 4707 4705 5010
f 5011 4707 5010
f 5017 4707 5011
f 4708 5013 4699
f 4708 4709 5013
f 4709 5014 5013
f 4709 5018 5014
f 5020 4710 5019
f 4710 5015 5019
f 4710 4700 5015
f 5019 5016 5020
f 5016 4712 5020
f 5016 4703 4712
f 5017 4714 4707
f 5021 4714 5017
f 4715 5018 4709
f 4715 5022 5018
f 5020 4716 4710
f 4716 5020 4712
f 5023 4719 4720
f 4714 5021 5024
f 5023 4714 5024
f 5025 5023 5024
f 4720 4714 5023
f 5026 5025 5024
f 4721 5022 4715
f 4721 5027 5022
f 5029 5028 5023
f 5028 4719 5023
f 5028 4722 4719
f 5029 5023 5025
f 5029 5025 5030
f 5033 5032 5031
f 5026 5030 5025
f 5034 5032 5033
f 4723 5036 5035
f 5027 4723 5035
f 4721 4723 5027
f 5036 5037 5035
f 5039 4724 5038
f 4724 5028 5038
f 4724 4722 5028
f 5040 5039 5038
f 5031 5032 5041
f 5031 5041 5042
f 5032 5034 5043
f 5044 5032 5043
f 5041 5032 5044
f 5046 5045 5044
f 5046 5044 5043
f 5048 5047 5045
f 5048 5045 5046
f 5049 5047 5048
f 4725 5036 4723
f 5051 5050 4727
f 4727 5050 4725
f 5050 5037 4725
f 5037 5036 4725
f 5051 5052 5050
f 5039 4728 4724
f 5040 5053 5039
f 5053 4728 5039
f 5053 4730 4728
f 5041 4731 5042
f 4731 5053 5042
f 4731 4730 5053
f 4731 5041 4732
f 4732 5041 5044
f 4732 5044 4733
f 5044 5054 4733
f 5044 5045 5054
f 5055 5045 5047
f 5054 5045 5055
f 5047 5049 5056
f 5047 5056 5055
f 4736 5057 5051
f 4736 5051 4727
f 5052 5051 5058
f 5058 5051 5057
f 5054 4737 4733
f 4737 5054 4739
f 5054 5059 4739
f 5054 5055 5059
f 5055 5056 5060
f 5055 5060 5059
f 4741 5061 5057
f 4741 5057 4736
f 5058 5057 5062
f 5062 5057 5061
f 5059 4742 4739
f 5060 5063 5059
f 5063 4742 5059
f 5063 4743 4742
f 4744 4743 5063
f 4744 5063 5064
f 4746 5065 5061
f 4746 5061 4741
f 5062 5061 5066
f 5066 5061 5065
f 5068 4747 5067
f 4747 5064 5067
f 4747 4744 5064
f 5069 5068 5067
f 4749 5070 4748
f 5065 4746 4748
f 5070 5065 4748
f 5071 5065 5070
f 5066 5065 5072
f 5072 5065 5071
f 5073 4751 5068
f 5068 4751 4747
f 5068 5069 5074
f 5068 5074 5073
f 4752 5075 5070
f 4752 5070 4749
f 5077 5071 5076
f 5071 5075 5076
f 5071 5070 5075
f 5071 5077 5072
f 5079 5078 5073
f 5078 4751 5073
f 5078 4754 4751
f 5079 5073 5074
f 5081 5080 5075
f 4752 5081 5075
f 4756 5081 4752
f 5075 5080 5076
f 5078 4757 4754
f 5082 4757 5078
f 4759 5083 4758
f 5083 5084 4758
f 5084 4756 4758
f 5084 5081 4756
f 4760 4757 5085
f 4757 5086 5085
f 4757 5082 5086
f 5085 4762 4760
f 4763 5087 5083
f 4763 5083 4759
f 5084 5083 5088
f 5088 5083 5087
f 5086 5089 5085
f 4762 5085 5089
f 5090 4762 5089
f 4764 4762 5090
f 4765 5091 5087
f 4765 5087 4763
f 5088 5087 5092
f 5092 5087 5091
f 5090 5093 4764
f 4764 5093 4766
f 4767 4766 5093
f 4767 5093 5094
f 5096 5095 5091
f 4765 5096 5091
f 4768 5096 4765
f 5091 5095 5092
f 5094 4770 4767
f 5097 4770 5094
f 4772 5096 4768
f 4772 5098 5096
f 5097 5099 4770
f 4770 5099 4773
f 5101 5100 4774
f 4773 5101 4774
f 5099 5101 4773
f 5102 5100 5101
f 4777 5098 4772
f 4777 5103 5098
f 5100 4778 4774
f 5105 5104 4780
f 5105 4780 4778
f 5102 5105 4778
f 5100 5102 4778
f 5106 5104 5105
f 4783 5103 4777
f 4783 5107 5103
f 5104 4784 4780
f 4785 4784 5104
f 5108 4785 5104
f 5106 5108 5104
f 5109 4785 5108
f 5109 4787 4785
f 4790 5107 4783
f 4790 5110 5107
f 5108 5111 5109
f 5111 5113 5112
f 5111 5112 4791
f 5109 5111 4791
f 4787 5109 4791
f 5112 4793 4791
f 4799 5114 4800
f 5114 5115 4800
f 5115 4790 4800
f 5115 5110 4790
f 5113 5116 5112
f 5112 5116 4793
f 5116 4801 4793
f 5116 5117 4801
f 4803 4801 5117
f 4803 5117 5118
f 4805 5119 4806
f 5120 4807 4806
f 5120 4806 5119
f 5120 4809 4807
f 5122 5121 5114
f 4799 5122 5114
f 4812 5122 4799
f 5114 5121 5115
f 5118 5123 4803
f 4803 5123 4813
f 4815 4813 5123
f 4815 5123 5124
f 4816 5125 4817
f 4820 5119 4805
f 4818 4817 5125
f 5119 4820 4821
f 5126 5119 4821
f 5120 5119 5126
f 5127 4822 4809
f 5120 5127 4809
f 5126 5127 5120
f 5128 4823 4822
f 5128 4822 5127
f 5129 4824 4823
f 5129 4823 5128
f 5129 4826 4824
f 5131 5130 4829
f 5131 4829 4828
f 4812 4829 5122
f 5122 4829 5130
f 5124 5132 4815
f 4815 5132 4830
f 4830 5132 4816
f 5132 5133 4816
f 5133 5125 4816
f 5133 5132 5134
f 5133 4831 4818
f 5133 4818 5125
f 5126 4821 4832
f 5137 5136 5135
f 5138 5136 5137
f 5136 5138 4834
f 5127 4834 5138
f 4834 5127 4832
f 5126 4832 5127
f 5127 5138 5128
f 5128 5138 5139
f 5141 5140 5139
f 5140 5128 5139
f 5140 5129 5128
f 5142 4835 4826
f 5129 5142 4826
f 5140 5142 5129
f 5143 4837 4835
f 5143 4835 5142
f 5143 4838 4837
f 4840 5144 4839
f 5144 5145 4839
f 5145 4828 4839
f 5145 5131 4828
f 5133 5134 5146
f 5146 5134 5147
f 5148 4841 4831
f 5133 5148 4831
f 5146 5148 5133
f 4841 5149 4842
f 4841 5136 5149
f 5136 4841 5135
f 5148 5135 4841
f 5135 5148 5150
f 5149 5150 5148
f 5148 5151 5149
f 5149 5151 4842
f 5136 5150 5149
f 5150 5136 5152
f 5136 4834 5152
f 4842 5151 5152
f 4842 5152 4834
f 5141 5153 5140
f 5140 5153 5142
f 5142 5153 5154
f 5142 5154 5143
f 5143 5154 5155
f 5155 5157 5156
f 5155 5156 4844
f 5143 5155 4844
f 4838 5143 4844
f 5158 4846 4844
f 5158 4844 5156
f 5158 4847 4846
f 4849 5159 4850
f 5159 5160 4850
f 4850 5160 4840
f 5160 5161 4840
f 5161 5144 4840
f 5144 5161 5145
f 5147 5162 5146
f 5164 5163 5162
f 5163 5146 5162
f 5163 5148 5146
f 5148 5165 5151
f 5148 5163 5165
f 5152 5151 5166
f 5151 5167 5166
f 5151 5165 5167
f 5167 5168 5166
f 5157 5169 5156
f 5156 5169 5158
f 5158 5169 5170
f 5158 5170 4847
f 5170 4851 4847
f 5170 5171 4851
f 5171 5173 5172
f 4852 5171 5172
f 4851 5171 4852
f 5172 4853 4852
f 4855 5174 4856
f 5159 4849 4856
f 5174 5159 4856
f 5175 5159 5174
f 5160 5159 5176
f 5176 5159 5175
f 5164 5177 5163
f 5163 5177 5165
f 5165 5177 5178
f 5165 5178 5167
f 5167 5178 5179
f 5167 5179 5168
f 5181 5180 5173
f 5180 4857 5173
f 4858 5172 5173
f 4858 5173 4857
f 4858 4853 5172
f 5180 5181 5182
f 4860 5183 4859
f 5184 4861 4859
f 5184 4859 5183
f 5184 5185 4861
f 4861 5185 4855
f 5185 5186 4855
f 5186 5174 4855
f 5174 5186 5175
f 5175 5186 5187
f 5175 5187 5176
f 5188 4862 4863
f 4857 5180 4863
f 5180 5188 4863
f 5180 5189 5188
f 5180 5182 5190
f 5180 5190 5189
f 4865 5191 5183
f 4865 5183 4860
f 5193 5184 5192
f 5184 5191 5192
f 5184 5183 5191
f 5184 5193 5185
f 5194 4867 5188
f 5188 4867 4862
f 5189 5196 5195
f 5194 5189 5195
f 5188 5189 5194
f 5198 5197 4869
f 5197 5196 4869
f 5189 4869 5196
f 4869 5189 4870
f 5190 4870 5189
f 4870 5190 5197
f 5197 5199 4870
f 5198 5199 5197
f 5197 5190 5196
f 4865 4870 5191
f 4870 5200 5191
f 4870 5199 5200
f 5191 5200 5192
f 5194 4873 4867
f 5195 5201 5194
f 5201 4873 5194
f 5201 4874 4873
f 4869 4874 5198
f 5198 4874 5201
f 5203 5202 4877
f 4877 5202 4876
f 5204 4877 4878
f 5204 5203 4877
f 5205 4878 4879
f 5205 5204 4878
f 5206 4879 4880
f 5206 5205 4879
f 5208 5207 4883
f 5207 4880 4883
f 5207 5206 4880
f 5208 5209 5207
f 5202 4885 4876
f 5210 4885 5202
f 4889 5211 5208
f 4889 5208 4883
f 5209 5208 5212
f 5208 5213 5212
f 5208 5211 5213
f 5213 5214 5212
f 5210 4891 4885
f 5215 4891 5210
f 4894 5211 4889
f 5213 5211 5216
f 5211 4896 5216
f 4896 5217 5216
f 4896 5211 4894
f 5213 5216 5214
f 5215 5218 4891
f 4891 5218 4897
f 4897 5219 4898
f 5218 5219 4897
f 4900 4898 5219
f 4900 5219 5220
f 4903 5217 4896
f 4903 5221 5217
f 5220 5222 4900
f 4900 5222 4904
f 5222 5224 5223
f 4905 5222 5223
f 4904 5222 4905
f 5225 4906 4905
f 5225 4905 5223
f 5225 5226 4906
f 5226 4903 4906
f 5226 5221 4903
f 5223 5224 5227
f 5227 5224 5228
f 5223 5229 5225
f 5223 5227 5229
f 5226 5225 5230
f 5230 5225 5229
f 5228 5231 5227
f 5227 5231 5229
f 5229 5231 5232
f 5229 5232 5230
f 5234 5233 4914
f 4914 5233 4913
f 5235 4914 4915
f 5235 5234 4914
f 5236 4915 4916
f 5236 5235 4915
f 5237 4916 4917
f 5237 5236 4916
f 5238 4917 4918
f 5238 5237 4917
f 5239 4918 4919
f 5239 5238 4918
f 5240 4919 4920
f 5240 5239 4919
f 5241 4920 4921
f 5241 5240 4920
f 5242 4921 4922
f 5242 5241 4921
f 5243 4922 4923
f 5243 5242 4922
f 4923 4924 5243
f 5243 4924 5244
f 5245 4925 4926
f 4927 5246 4926
f 4926 5246 5245
f 5246 4927 5247
f 4927 5248 5247
f 4927 4928 5248
f 5249 4928 4929
f 5249 5248 4928
f 4929 4913 5233
f 4929 5233 5249
f 5250 5244 4924
f 5250 4924 4930
f 5251 4930 4931
f 5251 5250 4930
f 5253 5252 4932
f 5252 4931 4932
f 5252 5251 4931
f 5253 5254 5252
f 5256 5255 5245
f 5255 4925 5245
f 5255 4933 4925
f 5256 5245 5246
f 5256 5246 5257
f 5257 5246 5247
f 4934 5253 4932
f 5258 5254 5253
f 4934 5258 5253
f 4935 5258 4934
f 4935 4937 5258
f 5258 4937 5259
f 5255 4939 4933
f 5260 4939 5255
f 5261 5259 4937
f 5261 4937 4940
f 5263 5262 4941
f 5262 4940 4941
f 5262 5261 4940
f 5263 5264 5262
f 5265 4942 4943
f 4944 5266 4943
f 4943 5266 5265
f 5267 5266 4944
f 4939 5267 4944
f 5260 5267 4939
f 4945 5263 4941
f 5268 5264 5263
f 4945 5268 5263
f 4946 5268 4945
f 4946 4947 5268
f 5268 4947 5269
f 5271 5270 5265
f 5270 4942 5265
f 5270 4948 4942
f 5271 5265 5266
f 5271 5266 5272
f 5272 5266 5267
f 5273 5269 4947
f 5273 4947 4949
f 5275 5274 4951
f 5274 4949 4951
f 5274 5273 4949
f 5275 5276 5274
f 5270 4953 4948
f 5277 4953 5270
f 4954 5278 5275
f 4954 5275 4951
f 5276 5275 5279
f 5279 5275 5278
f 5277 4955 4953
f 5280 4955 5277
f 4956 5278 4954
f 5281 5279 5278
f 4956 5281 5278
f 4957 5281 4956
f 5283 5282 4959
f 5282 4957 4959
f 5282 5281 4957
f 5283 5284 5282
f 5280 4960 4955
f 5285 4960 5280
f 4961 5283 4959
f 5287 5286 4963
f 4963 5286 4961
f 5286 5284 4961
f 5284 5283 4961
f 5287 5288 5286
f 5289 4964 4965
f 5290 5289 4965
f 4960 5290 4965
f 5285 5290 4960
f 4966 5287 4963
f 4966 4967 5287
f 4967 5288 5287
f 4967 5291 5288
f 5289 4968 4964
f 4970 4968 5289
f 5290 4970 5289
f 5292 4970 5290
f 5293 5291 4967
f 5293 4967 4971
f 5295 5294 4972
f 5294 4971 4972
f 5294 5293 4971
f 5295 5296 5294
f 5292 4974 4970
f 5297 4974 5292
f 4975 5295 4972
f 5298 5296 5295
f 4975 5298 5295
f 4976 5298 4975
f 5300 5299 4978
f 5299 4976 4978
f 5299 5298 4976
f 5300 5301 5299
f 5303 5302 4980
f 4980 5302 4979
f 4980 4974 5297
f 4980 5297 5303
f 4981 5300 4978
f 5305 5304 4982
f 4982 5304 4981
f 5304 5301 4981
f 5301 5300 4981
f 5307 5306 5305
f 5305 5306 5304
f 5307 5308 5306
f 5302 4983 4979
f 5309 4983 5302
f 4984 5305 4982
f 5305 4984 4985
f 5305 4985 5307
f 5310 5308 5307
f 4985 5310 5307
f 4986 5310 4985
f 4986 4987 5310
f 5310 4987 5311
f 5309 4988 4983
f 5312 4988 5309
f 5313 5311 4987
f 5313 4987 4989
f 4989 4990 5313
f 5313 4990 5314
f 5312 4991 4988
f 5315 4991 5312
f 5316 5314 4990
f 5316 4990 4992
f 4992 4993 5316
f 5316 4993 5317
f 5315 5318 4991
f 4991 5318 4994
f 4994 5319 4997
f 5318 5319 4994
f 4998 4997 5319
f 4998 5319 5320
f 5321 5317 4993
f 5321 4993 4999
f 4999 5000 5321
f 5321 5000 5322
f 5320 5001 4998
f 5323 5001 5320
f 5002 5322 5000
f 5002 5324 5322
f 5326 5003 5325
f 5003 5323 5325
f 5003 5001 5323
f 5327 5326 5325
f 5004 5329 5328
f 5324 5004 5328
f 5002 5004 5324
f 5329 5330 5328
f 5331 5006 5007
f 5008 5331 5007
f 5326 5009 5003
f 5011 5009 5326
f 5327 5011 5326
f 5332 5011 5327
f 5012 5329 5004
f 5012 5014 5329
f 5014 5330 5329
f 5014 5333 5330
f 5334 5015 5331
f 5331 5015 5006
f 5016 5334 5008
f 5008 5334 5331
f 5332 5017 5011
f 5335 5017 5332
f 5018 5333 5014
f 5018 5336 5333
f 5334 5019 5015
f 5019 5334 5016
f 5335 5021 5017
f 5337 5021 5335
f 5340 5339 5338
f 5341 5338 5339
f 5022 5336 5018
f 5022 5342 5336
f 5345 5344 5343
f 5024 5347 5346
f 5347 5024 5343
f 5021 5343 5024
f 5343 5021 5345
f 5337 5345 5021
f 5338 5348 5026
f 5346 5338 5026
f 5024 5346 5026
f 5340 5338 5346
f 5338 5341 5349
f 5350 5338 5349
f 5348 5338 5350
f 5352 5351 5350
f 5352 5350 5349
f 5353 5351 5352
f 5027 5355 5354
f 5342 5027 5354
f 5022 5027 5342
f 5355 5356 5354
f 5343 5344 5029
f 5344 5028 5029
f 5344 5357 5028
f 5029 5030 5343
f 5030 5358 5343
f 5358 5347 5343
f 5030 5359 5358
f 5030 5026 5359
f 5026 5348 5359
f 5033 5031 5359
f 5033 5359 5348
f 5033 5348 5034
f 5348 5360 5034
f 5348 5350 5360
f 5351 5362 5361
f 5360 5351 5361
f 5350 5351 5360
f 5362 5351 5353
f 5035 5355 5027
f 5035 5037 5355
f 5037 5356 5355
f 5037 5363 5356
f 5357 5364 5028
f 5028 5364 5038
f 5364 5365 5038
f 5365 5358 5038
f 5359 5038 5358
f 5038 5359 5040
f 5366 5040 5359
f 5040 5366 5365
f 5365 5367 5040
f 5364 5367 5365
f 5365 5366 5358
f 5359 5031 5366
f 5031 5368 5366
f 5031 5042 5368
f 5360 5043 5034
f 5361 5369 5360
f 5369 5043 5360
f 5369 5046 5043
f 5046 5370 5048
f 5369 5370 5046
f 5372 5371 5049
f 5048 5372 5049
f 5370 5372 5048
f 5373 5371 5372
f 5374 5363 5037
f 5374 5037 5050
f 5050 5052 5374
f 5374 5052 5375
f 5367 5376 5040
f 5040 5376 5053
f 5042 5053 5368
f 5368 5053 5376
f 5377 5056 5371
f 5371 5056 5049
f 5371 5373 5378
f 5371 5378 5377
f 5058 5375 5052
f 5058 5379 5375
f 5380 5060 5377
f 5377 5060 5056
f 5377 5378 5381
f 5377 5381 5380
f 5062 5379 5058
f 5062 5382 5379
f 5380 5063 5060
f 5384 5383 5064
f 5384 5064 5063
f 5381 5384 5063
f 5380 5381 5063
f 5385 5383 5384
f 5066 5382 5062
f 5066 5386 5382
f 5383 5067 5064
f 5069 5067 5383
f 5385 5069 5383
f 5387 5069 5385
f 5072 5386 5066
f 5072 5388 5386
f 5387 5074 5069
f 5389 5074 5387
f 5391 5390 5077
f 5391 5077 5076
f 5072 5077 5388
f 5388 5077 5390
f 5392 5078 5079
f 5393 5392 5079
f 5074 5393 5079
f 5389 5393 5074
f 5081 5394 5080
f 5394 5395 5080
f 5395 5076 5080
f 5395 5391 5076
f 5396 5082 5392
f 5392 5082 5078
f 5392 5393 5397
f 5392 5397 5396
f 5399 5398 5394
f 5081 5399 5394
f 5084 5399 5081
f 5394 5398 5395
f 5400 5086 5396
f 5396 5086 5082
f 5396 5397 5401
f 5396 5401 5400
f 5088 5399 5084
f 5088 5402 5399
f 5400 5089 5086
f 5404 5403 5090
f 5404 5090 5089
f 5401 5404 5089
f 5400 5401 5089
f 5406 5405 5403
f 5406 5403 5404
f 5407 5405 5406
f 5092 5402 5088
f 5092 5408 5402
f 5403 5093 5090
f 5093 5403 5094
f 5403 5409 5094
f 5403 5405 5409
f 5405 5407 5410
f 5405 5410 5409
f 5096 5411 5095
f 5411 5412 5095
f 5412 5092 5095
f 5412 5408 5092
f 5413 5097 5409
f 5409 5097 5094
f 5409 5410 5414
f 5415 5409 5414
f 5413 5409 5415
f 5416 5415 5414
f 5418 5417 5411
f 5096 5418 5411
f 5098 5418 5096
f 5411 5417 5412
f 5413 5099 5097
f 5099 5413 5101
f 5101 5413 5415
f 5420 5419 5102
f 5420 5102 5101
f 5416 5420 5101
f 5415 5416 5101
f 5421 5419 5420
f 5103 5418 5098
f 5103 5422 5418
f 5419 5105 5102
f 5106 5105 5419
f 5421 5106 5419
f 5423 5106 5421
f 5107 5422 5103
f 5107 5424 5422
f 5426 5108 5425
f 5108 5423 5425
f 5108 5106 5423
f 5427 5426 5425
f 5110 5424 5107
f 5110 5428 5424
f 5426 5111 5108
f 5113 5111 5426
f 5427 5113 5426
f 5429 5113 5427
f 5115 5428 5110
f 5115 5430 5428
f 5429 5431 5113
f 5113 5431 5116
f 5431 5433 5432
f 5117 5431 5432
f 5116 5431 5117
f 5432 5118 5117
f 5435 5434 5121
f 5435 5121 5122
f 5115 5121 5430
f 5430 5121 5434
f 5433 5436 5432
f 5432 5436 5118
f 5436 5123 5118
f 5436 5437 5123
f 5124 5123 5437
f 5124 5437 5438
f 5441 5440 5439
f 5442 5439 5440
f 5131 5443 5130
f 5443 5444 5130
f 5444 5122 5130
f 5444 5435 5122
f 5132 5124 5445
f 5124 5446 5445
f 5124 5438 5446
f 5445 5134 5132
f 5448 5447 5137
f 5448 5137 5135
f 5439 5138 5441
f 5138 5447 5441
f 5138 5137 5447
f 5442 5449 5439
f 5449 5138 5439
f 5449 5139 5138
f 5451 5450 5141
f 5139 5451 5141
f 5449 5451 5139
f 5452 5450 5451
f 5454 5453 5443
f 5131 5454 5443
f 5145 5454 5131
f 5443 5453 5444
f 5446 5455 5445
f 5134 5445 5455
f 5456 5134 5455
f 5147 5134 5456
f 5457 5448 5135
f 5457 5135 5150
f 5150 5152 5457
f 5457 5152 5458
f 5450 5153 5141
f 5452 5459 5450
f 5459 5153 5450
f 5459 5154 5153
f 5154 5460 5155
f 5459 5460 5154
f 5157 5155 5460
f 5157 5460 5461
f 5160 5462 5161
f 5462 5463 5161
f 5463 5145 5161
f 5463 5454 5145
f 5162 5147 5464
f 5147 5465 5464
f 5147 5456 5465
f 5464 5164 5162
f 5466 5458 5152
f 5466 5152 5166
f 5166 5168 5466
f 5466 5168 5467
f 5461 5468 5157
f 5157 5468 5169
f 5169 5469 5170
f 5468 5469 5169
f 5170 5470 5171
f 5469 5470 5170
f 5472 5471 5173
f 5171 5472 5173
f 5470 5472 5171
f 5473 5471 5472
f 5475 5474 5462
f 5160 5475 5462
f 5176 5475 5160
f 5462 5474 5463
f 5465 5476 5464
f 5476 5478 5477
f 5476 5477 5177
f 5464 5476 5177
f 5164 5464 5177
f 5479 5178 5177
f 5479 5177 5477
f 5178 5479 5480
f 5481 5178 5480
f 5179 5178 5481
f 5168 5179 5467
f 5467 5179 5481
f 5471 5181 5173
f 5182 5181 5471
f 5473 5182 5471
f 5482 5182 5473
f 5484 5483 5186
f 5484 5186 5185
f 5483 5486 5485
f 5187 5483 5485
f 5186 5483 5187
f 5485 5487 5187
f 5487 5176 5187
f 5487 5475 5176
f 5478 5488 5477
f 5477 5488 5479
f 5479 5488 5489
f 5479 5489 5480
f 5482 5190 5182
f 5490 5190 5482
f 5492 5491 5193
f 5492 5193 5192
f 5185 5193 5484
f 5484 5193 5491
f 5486 5493 5485
f 5485 5493 5487
f 5495 5494 5196
f 5196 5494 5195
f 5490 5496 5190
f 5490 5199 5496
f 5199 5490 5497
f 5495 5497 5490
f 5497 5495 5198
f 5496 5198 5495
f 5495 5196 5496
f 5496 5196 5190
f 5199 5198 5496
f 5199 5497 5498
f 5499 5199 5498
f 5200 5199 5499
f 5192 5200 5492
f 5492 5200 5499
f 5201 5195 5500
f 5195 5501 5500
f 5195 5494 5501
f 5497 5198 5201
f 5500 5497 5201
f 5502 5497 5500
f 5498 5497 5503
f 5503 5497 5502
f 5504 5202 5203
f 5204 5505 5203
f 5203 5505 5504
f 5205 5506 5204
f 5204 5506 5505
f 5206 5507 5205
f 5205 5507 5506
f 5207 5508 5206
f 5206 5508 5507
f 5509 5508 5501
f 5207 5501 5508
f 5501 5207 5500
f 5209 5500 5207
f 5500 5209 5510
f 5512 5502 5511
f 5502 5510 5511
f 5502 5500 5510
f 5502 5512 5503
f 5513 5210 5504
f 5504 5210 5202
f 5514 5504 5505
f 5513 5504 5514
f 5515 5505 5506
f 5514 5505 5515
f 5516 5506 5507
f 5515 5506 5516
f 5508 5518 5517
f 5516 5508 5517
f 5507 5508 5516
f 5209 5212 5510
f 5508 5509 5518
f 5520 5519 5214
f 5214 5519 5212
f 5519 5511 5212
f 5511 5510 5212
f 5520 5521 5519
f 5523 5522 5513
f 5522 5210 5513
f 5522 5215 5210
f 5523 5513 5514
f 5523 5514 5524
f 5524 5514 5515
f 5524 5515 5525
f 5525 5515 5516
f 5525 5516 5526
f 5526 5516 5517
f 5217 5527 5216
f 5527 5528 5216
f 5216 5528 5214
f 5528 5529 5214
f 5529 5520 5214
f 5520 5529 5521
f 5522 5530 5215
f 5215 5530 5218
f 5530 5532 5531
f 5219 5530 5531
f 5218 5530 5219
f 5531 5220 5219
f 5535 5534 5533
f 5534 5536 5527
f 5221 5534 5527
f 5217 5221 5527
f 5533 5534 5221
f 5527 5536 5528
f 5532 5537 5531
f 5537 5539 5538
f 5537 5538 5222
f 5531 5537 5222
f 5220 5531 5222
f 5538 5224 5222
f 5535 5533 5540
f 5535 5540 5541
f 5226 5540 5221
f 5221 5540 5533
f 5539 5542 5538
f 5224 5538 5542
f 5543 5224 5542
f 5228 5224 5543
f 5541 5540 5544
f 5541 5544 5545
f 5230 5544 5226
f 5226 5544 5540
f 5543 5546 5228
f 5228 5546 5231
f 5544 5232 5545
f 5232 5546 5545
f 5232 5231 5546
f 5232 5544 5230
f 5547 5233 5234
f 5235 5548 5234
f 5234 5548 5547
f 5236 5549 5235
f 5235 5549 5548
f 5237 5550 5236
f 5236 5550 5549
f 5238 5551 5237
f 5237 5551 5550
f 5239 5552 5238
f 5238 5552 5551
f 5240 5553 5239
f 5239 5553 5552
f 5241 5554 5240
f 5240 5554 5553
f 5242 5555 5241
f 5241 5555 5554
f 5243 5556 5242
f 5242 5556 5555
f 5244 5556 5243
f 5557 5247 5248
f 5249 5558 5248
f 5248 5558 5557
f 5559 5558 5249
f 5559 5249 5233
f 5560 5559 5233
f 5547 5560 5233
f 5560 5547 5548
f 5560 5548 5561
f 5561 5548 5549
f 5561 5549 5562
f 5562 5549 5550
f 5562 5550 5563
f 5563 5550 5551
f 5563 5551 5564
f 5564 5551 5552
f 5564 5552 5565
f 5565 5552 5553
f 5565 5553 5566
f 5566 5553 5554
f 5566 5554 5567
f 5567 5554 5555
f 5567 5555 5568
f 5568 5555 5556
f 5568 5556 5569
f 5571 5569 5570
f 5570 5569 5250
f 5569 5556 5250
f 5556 5244 5250
f 5251 5572 5250
f 5250 5572 5570
f 5252 5573 5251
f 5251 5573 5572
f 5254 5573 5252
f 5574 5255 5256
f 5574 5256 5575
f 5256 5576 5575
f 5256 5257 5576
f 5257 5247 5557
f 5577 5257 5557
f 5576 5257 5577
f 5577 5557 5558
f 5577 5558 5578
f 5578 5558 5559
f 5579 5571 5570
f 5579 5570 5572
f 5579 5572 5580
f 5580 5572 5573
f 5580 5573 5581
f 5581 5573 5254
f 5258 5581 5254
f 5582 5581 5258
f 5258 5259 5582
f 5582 5259 5583
f 5585 5584 5574
f 5584 5255 5574
f 5584 5260 5255
f 5585 5574 5575
f 5586 5583 5259
f 5586 5259 5261
f 5587 5261 5262
f 5587 5586 5261
f 5262 5264 5587
f 5587 5264 5588
f 5584 5267 5260
f 5589 5267 5584
f 5590 5588 5264
f 5590 5264 5268
f 5268 5269 5590
f 5590 5269 5591
f 5593 5592 5271
f 5271 5592 5270
f 5594 5271 5272
f 5594 5593 5271
f 5272 5267 5589
f 5272 5589 5594
f 5595 5591 5269
f 5595 5269 5273
f 5596 5273 5274
f 5596 5595 5273
f 5274 5276 5596
f 5596 5276 5597
f 5592 5277 5270
f 5598 5277 5592
f 5279 5600 5599
f 5597 5279 5599
f 5276 5279 5597
f 5600 5601 5599
f 5603 5280 5602
f 5280 5598 5602
f 5280 5277 5598
f 5604 5603 5602
f 5281 5600 5279
f 5605 5601 5600
f 5281 5605 5600
f 5282 5605 5281
f 5282 5284 5605
f 5605 5284 5606
f 5608 5607 5603
f 5607 5280 5603
f 5607 5285 5280
f 5608 5603 5604
f 5609 5606 5284
f 5609 5284 5286
f 5286 5288 5609
f 5609 5288 5610
f 5607 5290 5285
f 5611 5290 5607
f 5291 5613 5612
f 5610 5291 5612
f 5288 5291 5610
f 5613 5614 5612
f 5611 5292 5290
f 5615 5292 5611
f 5293 5613 5291
f 5616 5614 5613
f 5293 5616 5613
f 5294 5616 5293
f 5294 5296 5616
f 5616 5296 5617
f 5615 5297 5292
f 5618 5297 5615
f 5619 5617 5296
f 5619 5296 5298
f 5620 5298 5299
f 5620 5619 5298
f 5299 5301 5620
f 5620 5301 5621
f 5623 5622 5303
f 5303 5622 5302
f 5303 5297 5618
f 5303 5618 5623
f 5624 5621 5301
f 5624 5301 5304
f 5625 5304 5306
f 5625 5624 5304
f 5306 5308 5625
f 5625 5308 5626
f 5622 5309 5302
f 5627 5309 5622
f 5628 5626 5308
f 5628 5308 5310
f 5630 5629 5311
f 5629 5310 5311
f 5629 5628 5310
f 5630 5631 5629
f 5627 5312 5309
f 5632 5312 5627
f 5313 5630 5311
f 5634 5633 5314
f 5314 5633 5313
f 5633 5631 5313
f 5631 5630 5313
f 5634 5635 5633
f 5637 5315 5636
f 5315 5632 5636
f 5315 5312 5632
f 5639 5638 5637
f 5639 5637 5636
f 5640 5638 5639
f 5316 5634 5314
f 5642 5641 5317
f 5317 5641 5316
f 5641 5635 5316
f 5635 5634 5316
f 5642 5643 5641
f 5637 5318 5315
f 5318 5637 5319
f 5319 5637 5638
f 5645 5644 5320
f 5645 5320 5319
f 5640 5645 5319
f 5638 5640 5319
f 5646 5644 5645
f 5321 5642 5317
f 5321 5322 5642
f 5322 5643 5642
f 5322 5647 5643
f 5648 5323 5644
f 5644 5323 5320
f 5644 5646 5649
f 5644 5649 5648
f 5324 5651 5650
f 5647 5324 5650
f 5322 5324 5647
f 5651 5652 5650
f 5648 5325 5323
f 5327 5325 5648
f 5649 5327 5648
f 5653 5327 5649
f 5328 5651 5324
f 5328 5330 5651
f 5330 5652 5651
f 5330 5654 5652
f 5653 5332 5327
f 5655 5332 5653
f 5333 5654 5330
f 5333 5656 5654
f 5655 5335 5332
f 5657 5335 5655
f 5336 5656 5333
f 5336 5658 5656
f 5657 5337 5335
f 5659 5337 5657
f 5661 5660 5339
f 5661 5339 5340
f 5341 5339 5660
f 5341 5660 5662
f 5342 5664 5663
f 5658 5342 5663
f 5336 5342 5658
f 5664 5665 5663
f 5667 5666 5345
f 5345 5666 5344
f 5346 5347 5668
f 5669 5668 5347
f 5659 5345 5337
f 5345 5659 5667
f 5340 5346 5661
f 5661 5346 5668
f 5662 5670 5341
f 5341 5670 5349
f 5349 5671 5352
f 5670 5671 5349
f 5353 5352 5671
f 5353 5671 5672
f 5354 5664 5342
f 5354 5356 5664
f 5356 5665 5664
f 5356 5673 5665
f 5666 5357 5344
f 5674 5357 5666
f 5358 5676 5675
f 5669 5358 5675
f 5347 5358 5669
f 5676 5677 5675
f 5678 5361 5362
f 5353 5672 5679
f 5678 5353 5679
f 5680 5678 5679
f 5362 5353 5678
f 5681 5680 5679
f 5363 5673 5356
f 5363 5682 5673
f 5674 5683 5357
f 5357 5683 5364
f 5683 5684 5364
f 5683 5358 5684
f 5358 5683 5676
f 5685 5676 5683
f 5676 5685 5366
f 5684 5366 5685
f 5685 5367 5684
f 5684 5367 5364
f 5358 5366 5684
f 5366 5368 5676
f 5368 5677 5676
f 5368 5686 5677
f 5678 5369 5361
f 5369 5678 5370
f 5370 5678 5680
f 5372 5370 5680
f 5687 5372 5680
f 5681 5687 5680
f 5688 5372 5687
f 5688 5373 5372
f 5363 5374 5689
f 5690 5363 5689
f 5682 5363 5690
f 5375 5689 5374
f 5685 5691 5367
f 5367 5691 5376
f 5368 5376 5686
f 5686 5376 5691
f 5687 5692 5688
f 5378 5373 5688
f 5693 5378 5688
f 5692 5693 5688
f 5378 5693 5694
f 5695 5694 5693
f 5696 5690 5689
f 5689 5375 5696
f 5375 5697 5696
f 5375 5379 5697
f 5698 5381 5694
f 5694 5381 5378
f 5694 5695 5699
f 5694 5699 5698
f 5382 5697 5379
f 5382 5700 5697
f 5698 5384 5381
f 5385 5384 5698
f 5699 5385 5698
f 5701 5385 5699
f 5386 5700 5382
f 5386 5702 5700
f 5701 5387 5385
f 5703 5387 5701
f 5388 5702 5386
f 5388 5704 5702
f 5703 5389 5387
f 5705 5389 5703
f 5391 5706 5390
f 5706 5707 5390
f 5707 5388 5390
f 5707 5704 5388
f 5705 5393 5389
f 5708 5393 5705
f 5710 5709 5706
f 5391 5710 5706
f 5395 5710 5391
f 5706 5709 5707
f 5712 5397 5711
f 5397 5708 5711
f 5397 5393 5708
f 5713 5712 5711
f 5715 5714 5398
f 5715 5398 5399
f 5395 5398 5710
f 5710 5398 5714
f 5716 5401 5712
f 5712 5401 5397
f 5712 5713 5717
f 5712 5717 5716
f 5402 5715 5399
f 5402 5718 5715
f 5716 5404 5401
f 5717 5719 5716
f 5719 5404 5716
f 5719 5406 5404
f 5407 5406 5719
f 5407 5719 5720
f 5408 5718 5402
f 5408 5721 5718
f 5720 5410 5407
f 5722 5410 5720
f 5412 5721 5408
f 5412 5723 5721
f 5722 5724 5410
f 5410 5724 5414
f 5416 5414 5724
f 5416 5724 5725
f 5418 5726 5417
f 5726 5727 5417
f 5727 5412 5417
f 5727 5723 5412
f 5725 5728 5416
f 5416 5728 5420
f 5421 5420 5728
f 5421 5728 5729
f 5422 5730 5726
f 5422 5726 5418
f 5727 5726 5731
f 5731 5726 5730
f 5729 5423 5421
f 5732 5423 5729
f 5424 5733 5730
f 5424 5730 5422
f 5731 5730 5734
f 5734 5730 5733
f 5732 5735 5423
f 5423 5735 5425
f 5427 5425 5735
f 5427 5735 5736
f 5738 5737 5733
f 5424 5738 5733
f 5428 5738 5424
f 5733 5737 5734
f 5736 5429 5427
f 5739 5429 5736
f 5430 5738 5428
f 5430 5740 5738
f 5739 5741 5429
f 5429 5741 5431
f 5433 5431 5741
f 5433 5741 5742
f 5744 5743 5434
f 5744 5434 5435
f 5430 5434 5740
f 5740 5434 5743
f 5742 5745 5433
f 5433 5745 5436
f 5745 5747 5746
f 5437 5745 5746
f 5436 5745 5437
f 5746 5438 5437
f 5441 5748 5440
f 5748 5442 5440
f 5444 5744 5435
f 5444 5749 5744
f 5747 5750 5746
f 5438 5746 5750
f 5751 5438 5750
f 5446 5438 5751
f 5448 5752 5447
f 5748 5441 5447
f 5752 5748 5447
f 5753 5748 5752
f 5754 5449 5442
f 5748 5754 5442
f 5753 5754 5748
f 5755 5451 5449
f 5755 5449 5754
f 5755 5452 5451
f 5454 5756 5453
f 5756 5757 5453
f 5757 5444 5453
f 5757 5749 5444
f 5751 5758 5446
f 5446 5758 5455
f 5456 5455 5758
f 5456 5758 5759
f 5457 5752 5448
f 5753 5752 5760
f 5752 5458 5760
f 5458 5761 5760
f 5458 5752 5457
f 5753 5760 5754
f 5754 5760 5762
f 5754 5762 5755
f 5755 5762 5763
f 5755 5763 5452
f 5763 5459 5452
f 5763 5764 5459
f 5459 5765 5460
f 5764 5765 5459
f 5461 5460 5765
f 5461 5765 5766
f 5768 5767 5756
f 5454 5768 5756
f 5463 5768 5454
f 5756 5767 5757
f 5759 5465 5456
f 5769 5465 5759
f 5770 5761 5458
f 5770 5458 5466
f 5466 5467 5770
f 5770 5467 5771
f 5766 5772 5461
f 5461 5772 5468
f 5468 5773 5469
f 5772 5773 5468
f 5469 5774 5470
f 5773 5774 5469
f 5470 5775 5472
f 5774 5775 5470
f 5473 5472 5775
f 5473 5775 5776
f 5778 5777 5474
f 5778 5474 5475
f 5463 5474 5768
f 5768 5474 5777
f 5769 5779 5465
f 5465 5779 5476
f 5478 5476 5779
f 5478 5779 5780
f 5782 5781 5481
f 5782 5481 5480
f 5467 5481 5771
f 5771 5481 5781
f 5776 5482 5473
f 5783 5482 5776
f 5484 5784 5483
f 5486 5483 5784
f 5787 5786 5785
f 5785 5778 5787
f 5778 5487 5787
f 5778 5475 5487
f 5780 5788 5478
f 5478 5788 5488
f 5488 5789 5489
f 5788 5789 5488
f 5480 5489 5782
f 5782 5489 5789
f 5783 5490 5482
f 5790 5490 5783
f 5792 5791 5491
f 5792 5491 5492
f 5484 5491 5784
f 5491 5793 5784
f 5491 5791 5793
f 5786 5787 5793
f 5787 5493 5793
f 5486 5784 5793
f 5486 5793 5493
f 5493 5787 5487
f 5795 5794 5495
f 5495 5794 5494
f 5495 5490 5790
f 5495 5790 5795
f 5498 5796 5499
f 5796 5797 5499
f 5797 5492 5499
f 5797 5792 5492
f 5794 5501 5494
f 5798 5501 5794
f 5800 5799 5796
f 5498 5800 5796
f 5503 5800 5498
f 5796 5799 5797
f 5798 5509 5501
f 5801 5509 5798
f 5511 5802 5512
f 5802 5803 5512
f 5803 5503 5512
f 5803 5800 5503
f 5806 5805 5804
f 5808 5807 5804
f 5804 5807 5806
f 5517 5518 5808
f 5518 5807 5808
f 5518 5809 5807
f 5518 5509 5801
f 5518 5801 5809
f 5519 5802 5511
f 5811 5810 5521
f 5521 5810 5519
f 5810 5803 5519
f 5803 5802 5519
f 5811 5812 5810
f 5814 5813 5523
f 5523 5813 5522
f 5815 5523 5524
f 5815 5814 5523
f 5525 5804 5805
f 5815 5525 5805
f 5524 5525 5815
f 5804 5525 5526
f 5804 5526 5808
f 5808 5526 5517
f 5528 5816 5529
f 5816 5817 5529
f 5529 5817 5521
f 5817 5818 5521
f 5818 5811 5521
f 5811 5818 5812
f 5530 5522 5819
f 5522 5820 5819
f 5522 5813 5820
f 5819 5532 5530
f 5535 5821 5534
f 5534 5821 5822
f 5823 5534 5822
f 5536 5534 5823
f 5528 5536 5816
f 5536 5824 5816
f 5536 5823 5824
f 5816 5824 5817
f 5820 5825 5819
f 5825 5827 5826
f 5825 5826 5537
f 5819 5825 5537
f 5532 5819 5537
f 5826 5539 5537
f 5541 5828 5821
f 5541 5821 5535
f 5822 5821 5829
f 5829 5821 5828
f 5827 5830 5826
f 5830 5832 5831
f 5830 5831 5542
f 5826 5830 5542
f 5539 5826 5542
f 5831 5543 5542
f 5834 5833 5828
f 5541 5834 5828
f 5545 5834 5541
f 5828 5833 5829
f 5832 5835 5831
f 5835 5837 5836
f 5835 5836 5546
f 5831 5835 5546
f 5543 5831 5546
f 5836 5838 5546
f 5838 5545 5546
f 5838 5834 5545
f 5837 5839 5836
f 5836 5839 5838
f 5840 5559 5560
f 5840 5560 5841
f 5560 5842 5841
f 5560 5561 5842
f 5843 5561 5562
f 5843 5842 5561
f 5844 5562 5563
f 5844 5843 5562
f 5845 5563 5564
f 5845 5844 5563
f 5846 5564 5565
f 5846 5845 5564
f 5847 5565 5566
f 5847 5846 5565
f 5848 5566 5567
f 5848 5847 5566
f 5849 5567 5568
f 5849 5848 5567
f 5851 5849 5850
f 5849 5569 5850
f 5849 5568 5569
f 5571 5850 5569
f 5852 5575 5576
f 5852 5576 5853
f 5576 5854 5853
f 5576 5577 5854
f 5855 5577 5578
f 5855 5854 5577
f 5578 5559 5840
f 5856 5578 5840
f 5855 5578 5856
f 5856 5840 5841
f 5857 5851 5850
f 5859 5857 5858
f 5858 5857 5579
f 5857 5850 5579
f 5850 5571 5579
f 5580 5860 5579
f 5579 5860 5858
f 5581 5861 5580
f 5580 5861 5860
f 5582 5862 5581
f 5581 5862 5861
f 5583 5862 5582
f 5863 5584 5585
f 5864 5863 5585
f 5864 5585 5575
f 5865 5864 5575
f 5852 5865 5575
f 5865 5852 5853
f 5866 5859 5858
f 5866 5858 5860
f 5866 5860 5867
f 5869 5868 5867
f 5860 5869 5867
f 5861 5869 5860
f 5870 5861 5862
f 5869 5861 5870
f 5586 5871 5583
f 5871 5862 5583
f 5871 5870 5862
f 5587 5872 5586
f 5586 5872 5871
f 5588 5872 5587
f 5873 5589 5863
f 5863 5589 5584
f 5863 5864 5874
f 5863 5874 5873
f 5875 5868 5869
f 5877 5876 5875
f 5869 5877 5875
f 5870 5877 5869
f 5878 5870 5871
f 5877 5870 5878
f 5879 5871 5872
f 5878 5871 5879
f 5590 5880 5588
f 5880 5872 5588
f 5880 5879 5872
f 5591 5880 5590
f 5881 5592 5593
f 5594 5882 5593
f 5593 5882 5881
f 5883 5882 5594
f 5883 5594 5589
f 5884 5883 5589
f 5873 5884 5589
f 5884 5873 5874
f 5885 5876 5877
f 5885 5877 5878
f 5885 5878 5886
f 5886 5878 5879
f 5886 5879 5887
f 5887 5879 5880
f 5887 5880 5888
f 5890 5888 5889
f 5889 5888 5595
f 5888 5880 5595
f 5880 5591 5595
f 5596 5891 5595
f 5595 5891 5889
f 5597 5891 5596
f 5892 5598 5881
f 5881 5598 5592
f 5893 5881 5882
f 5892 5881 5893
f 5882 5883 5894
f 5882 5894 5893
f 5895 5890 5889
f 5895 5889 5891
f 5895 5891 5896
f 5898 5896 5897
f 5897 5896 5599
f 5896 5891 5599
f 5891 5597 5599
f 5601 5897 5599
f 5892 5602 5598
f 5602 5892 5604
f 5892 5899 5604
f 5892 5893 5899
f 5893 5894 5900
f 5893 5900 5899
f 5901 5898 5897
f 5903 5901 5902
f 5902 5901 5605
f 5901 5897 5605
f 5897 5601 5605
f 5606 5902 5605
f 5904 5607 5608
f 5905 5904 5608
f 5905 5608 5604
f 5906 5905 5604
f 5899 5906 5604
f 5906 5899 5900
f 5907 5903 5902
f 5909 5907 5908
f 5908 5907 5609
f 5907 5902 5609
f 5902 5606 5609
f 5610 5908 5609
f 5910 5611 5904
f 5904 5611 5607
f 5904 5905 5911
f 5904 5911 5910
f 5912 5909 5908
f 5912 5908 5610
f 5612 5912 5610
f 5913 5912 5612
f 5915 5914 5614
f 5914 5612 5614
f 5914 5913 5612
f 5915 5916 5914
f 5918 5917 5910
f 5917 5611 5910
f 5917 5615 5611
f 5918 5910 5911
f 5616 5915 5614
f 5920 5919 5617
f 5617 5919 5616
f 5919 5916 5616
f 5916 5915 5616
f 5920 5921 5919
f 5924 5923 5922
f 5917 5924 5922
f 5618 5917 5922
f 5615 5917 5618
f 5619 5920 5617
f 5925 5921 5920
f 5619 5925 5920
f 5620 5925 5619
f 5620 5621 5925
f 5925 5621 5926
f 5922 5923 5623
f 5923 5622 5623
f 5923 5927 5622
f 5922 5623 5618
f 5928 5926 5621
f 5928 5621 5624
f 5930 5928 5929
f 5928 5625 5929
f 5928 5624 5625
f 5626 5929 5625
f 5927 5627 5622
f 5931 5627 5927
f 5932 5930 5929
f 5932 5929 5626
f 5628 5932 5626
f 5933 5932 5628
f 5935 5933 5934
f 5933 5629 5934
f 5933 5628 5629
f 5631 5934 5629
f 5937 5632 5936
f 5632 5931 5936
f 5632 5627 5931
f 5938 5937 5936
f 5939 5935 5934
f 5939 5934 5631
f 5633 5939 5631
f 5940 5939 5633
f 5633 5635 5940
f 5940 5635 5941
f 5937 5636 5632
f 5938 5942 5937
f 5942 5636 5937
f 5942 5639 5636
f 5640 5639 5942
f 5640 5942 5943
f 5635 5641 5944
f 5945 5635 5944
f 5941 5635 5945
f 5643 5944 5641
f 5645 5640 5946
f 5640 5947 5946
f 5640 5943 5947
f 5946 5646 5645
f 5948 5945 5944
f 5944 5643 5948
f 5643 5949 5948
f 5643 5647 5949
f 5947 5950 5946
f 5646 5946 5950
f 5951 5646 5950
f 5649 5646 5951
f 5952 5949 5647
f 5952 5647 5650
f 5650 5652 5952
f 5952 5652 5953
f 5951 5653 5649
f 5954 5653 5951
f 5654 5953 5652
f 5654 5955 5953
f 5954 5655 5653
f 5956 5655 5954
f 5656 5955 5654
f 5656 5957 5955
f 5956 5657 5655
f 5958 5657 5956
f 5658 5957 5656
f 5658 5959 5957
f 5961 5659 5960
f 5659 5958 5960
f 5659 5657 5958
f 5660 5661 5961
f 5960 5660 5961
f 5962 5660 5960
f 5662 5660 5962
f 5662 5962 5963
f 5964 5959 5658
f 5964 5658 5663
f 5663 5665 5964
f 5964 5665 5965
f 5966 5666 5667
f 5667 5659 5966
f 5659 5961 5966
f 5668 5669 5966
f 5668 5966 5961
f 5668 5961 5661
f 5963 5967 5662
f 5662 5967 5670
f 5670 5968 5671
f 5967 5968 5670
f 5970 5969 5672
f 5671 5970 5672
f 5968 5970 5671
f 5971 5969 5970
f 5673 5965 5665
f 5673 5972 5965
f 5973 5674 5966
f 5966 5674 5666
f 5675 5974 5669
f 5974 5966 5669
f 5974 5973 5966
f 5677 5974 5675
f 5969 5679 5672
f 5681 5679 5969
f 5971 5681 5969
f 5975 5681 5971
f 5682 5972 5673
f 5682 5976 5972
f 5973 5683 5674
f 5683 5973 5685
f 5973 5977 5685
f 5973 5974 5977
f 5686 5977 5677
f 5677 5977 5974
f 5979 5687 5978
f 5687 5975 5978
f 5687 5681 5975
f 5980 5979 5978
f 5690 5976 5682
f 5690 5981 5976
f 5977 5691 5685
f 5691 5977 5686
f 5979 5692 5687
f 5693 5692 5979
f 5982 5693 5979
f 5980 5982 5979
f 5983 5693 5982
f 5983 5695 5693
f 5984 5981 5690
f 5984 5690 5696
f 5696 5697 5984
f 5984 5697 5985
f 5982 5986 5983
f 5695 5983 5986
f 5987 5695 5986
f 5699 5695 5987
f 5700 5985 5697
f 5700 5988 5985
f 5987 5701 5699
f 5989 5701 5987
f 5702 5988 5700
f 5702 5990 5988
f 5989 5703 5701
f 5991 5703 5989
f 5704 5990 5702
f 5704 5992 5990
f 5991 5705 5703
f 5993 5705 5991
f 5707 5992 5704
f 5707 5994 5992
f 5993 5708 5705
f 5995 5708 5993
f 5997 5996 5709
f 5997 5709 5710
f 5707 5709 5994
f 5994 5709 5996
f 5711 5708 5998
f 5708 5999 5998
f 5708 5995 5999
f 5998 5713 5711
f 5715 6000 5714
f 6000 6001 5714
f 6001 5710 5714
f 6001 5997 5710
f 5999 6002 5998
f 5713 5998 6002
f 6003 5713 6002
f 5717 5713 6003
f 6005 6004 6000
f 5715 6005 6000
f 5718 6005 5715
f 6000 6004 6001
f 5719 5717 6006
f 5717 6007 6006
f 5717 6003 6007
f 6006 5720 5719
f 5721 6005 5718
f 5721 6008 6005
f 6006 6007 6009
f 6009 6007 6010
f 6009 5722 5720
f 6009 5720 6006
f 5723 6008 5721
f 5723 6011 6008
f 6010 6012 6009
f 6012 6014 6013
f 6012 6013 5724
f 6009 6012 5724
f 5722 6009 5724
f 6013 5725 5724
f 5727 6011 5723
f 5727 6015 6011
f 6014 6016 6013
f 6016 6018 6017
f 6016 6017 5728
f 6013 6016 5728
f 5725 6013 5728
f 6017 5729 5728
f 5731 6015 5727
f 5731 6019 6015
f 6018 6020 6017
f 5729 6017 6020
f 6021 5729 6020
f 5732 5729 6021
f 5734 6019 5731
f 5734 6022 6019
f 6021 6023 5732
f 5732 6023 5735
f 5736 5735 6023
f 5736 6023 6024
f 5738 6025 5737
f 6025 6026 5737
f 6026 5734 5737
f 6026 6022 5734
f 6024 5739 5736
f 6027 5739 6024
f 6029 6028 6025
f 5738 6029 6025
f 5740 6029 5738
f 6025 6028 6026
f 6027 6030 5739
f 5739 6030 5741
f 5742 5741 6030
f 5742 6030 6031
f 5744 6032 5743
f 6032 6033 5743
f 6033 5740 5743
f 6033 6029 5740
f 6031 6034 5742
f 5742 6034 5745
f 5747 5745 6034
f 5747 6034 6035
f 6037 6036 6032
f 5744 6037 6032
f 5749 6037 5744
f 6032 6036 6033
f 6035 6038 5747
f 5747 6038 5750
f 5751 5750 6038
f 5751 6038 6039
f 5757 6037 5749
f 5757 6040 6037
f 6039 6041 5751
f 5751 6041 5758
f 6043 6042 5759
f 5758 6043 5759
f 6041 6043 5758
f 6044 6042 6043
f 6046 6045 5760
f 6046 5760 5761
f 5760 6047 5762
f 6045 6047 5760
f 5762 6048 5763
f 6047 6048 5762
f 5763 6049 5764
f 6048 6049 5763
f 5764 6050 5765
f 6049 6050 5764
f 6052 6051 5766
f 5765 6052 5766
f 6050 6052 5765
f 6053 6051 6052
f 5768 6054 5767
f 6054 6055 5767
f 6055 5757 5767
f 6055 6040 5757
f 6056 5769 6042
f 6042 5769 5759
f 6042 6044 6057
f 6058 6042 6057
f 6056 6042 6058
f 6060 6059 6058
f 6060 6058 6057
f 6061 6059 5770
f 6059 6046 5770
f 6046 5761 5770
f 6046 6059 6060
f 5771 6061 5770
f 6051 5772 5766
f 6053 6062 6051
f 6062 5772 6051
f 6062 5773 5772
f 6062 6064 6063
f 5774 6062 6063
f 5773 6062 5774
f 6065 5775 5774
f 6065 5774 6063
f 6065 5776 5775
f 5778 6066 5777
f 6066 6067 5777
f 5777 6067 5768
f 6067 6068 5768
f 6068 6054 5768
f 6054 6068 6055
f 6056 5779 5769
f 5779 6056 5780
f 6056 6069 5780
f 6056 6058 6069
f 6070 6058 6059
f 6069 6058 6070
f 5782 6070 5781
f 6070 6061 5781
f 6070 6059 6061
f 5781 6061 5771
f 6064 6071 6063
f 6063 6071 6065
f 6065 6071 6072
f 5776 6065 6072
f 6073 5776 6072
f 5783 5776 6073
f 6075 6074 5785
f 6075 5785 5786
f 5778 5785 6066
f 5785 6076 6066
f 5785 6074 6076
f 6066 6076 6067
f 6069 5788 5780
f 5788 6069 5789
f 5789 6069 6070
f 5789 6070 5782
f 6073 5790 5783
f 6077 5790 6073
f 5792 6078 5791
f 5791 6078 6079
f 6080 5791 6079
f 5793 5791 6080
f 5786 5793 6075
f 6075 5793 6080
f 6081 5794 5795
f 6082 6081 5795
f 5790 6082 5795
f 6077 6082 5790
f 6084 6083 6078
f 5792 6084 6078
f 5797 6084 5792
f 6078 6083 6079
f 6086 6085 6081
f 6085 5794 6081
f 6085 5798 5794
f 6086 6081 6082
f 5800 6087 5799
f 6087 6088 5799
f 6088 5797 5799
f 6088 6084 5797
f 6085 5801 5798
f 6089 5801 6085
f 5803 6090 6087
f 5803 6087 5800
f 6088 6087 6091
f 6091 6087 6090
f 6093 6092 5806
f 5806 6092 5805
f 6094 5806 5807
f 6094 6093 5806
f 6095 5807 5809
f 6095 6094 5807
f 5809 5801 6089
f 5809 6089 6095
f 5810 6090 5803
f 5810 5812 6090
f 5812 6091 6090
f 5812 6096 6091
f 6098 6097 5814
f 5814 6097 5813
f 6099 5814 5815
f 6099 6098 5814
f 5815 5805 6092
f 5815 6092 6099
f 5817 6100 5818
f 6100 6101 5818
f 6101 5812 5818
f 6101 6096 5812
f 6097 5820 5813
f 6102 5820 6097
f 5822 6103 5823
f 6104 5824 5823
f 6104 5823 6103
f 6100 5817 5824
f 6104 6100 5824
f 6105 6100 6104
f 6101 6100 6106
f 6106 6100 6105
f 6102 6107 5820
f 5820 6107 5825
f 5827 5825 6107
f 5827 6107 6108
f 5829 6109 6103
f 5829 6103 5822
f 6103 6110 6104
f 6103 6109 6110
f 6104 6111 6105
f 6104 6110 6111
f 6106 6105 6112
f 6112 6105 6111
f 6108 6113 5827
f 5827 6113 5830
f 5832 5830 6113
f 5832 6113 6114
f 5834 6115 5833
f 6115 6116 5833
f 5833 6116 5829
f 6116 6117 5829
f 6117 6109 5829
f 6119 6118 6117
f 6118 6109 6117
f 6118 6110 6109
f 6121 6111 6120
f 6111 6118 6120
f 6111 6110 6118
f 6111 6121 6112
f 6114 6122 5832
f 5832 6122 5835
f 5837 5835 6122
f 5837 6122 6123
f 5838 6124 6115
f 5838 6115 5834
f 6116 6115 6125
f 6125 6115 6124
f 6119 6126 6118
f 6118 6126 6120
f 6123 6127 5837
f 5837 6127 5839
f 5838 5839 6124
f 5839 6128 6124
f 5839 6127 6128
f 6124 6128 6125
f 6129 5841 5842
f 6129 5842 6130
f 5842 6131 6130
f 5842 5843 6131
f 6132 5843 5844
f 6132 6131 5843
f 6133 5844 5845
f 6133 6132 5844
f 6134 5845 5846
f 6134 6133 5845
f 6135 5846 5847
f 6135 6134 5846
f 6137 6135 6136
f 6135 5848 6136
f 6135 5847 5848
f 5849 6138 5848
f 5848 6138 6136
f 5851 6138 5849
f 6139 5853 5854
f 6139 5854 6140
f 5854 6141 6140
f 5854 5855 6141
f 6142 5855 5856
f 6142 6141 5855
f 5856 5841 6129
f 6143 5856 6129
f 6142 5856 6143
f 6143 6129 6130
f 6144 6137 6136
f 6146 6145 6144
f 6136 6146 6144
f 6138 6146 6136
f 5857 6147 5851
f 6147 6138 5851
f 6147 6146 6138
f 5859 6147 5857
f 6149 6148 5865
f 5865 6148 5864
f 5865 5853 6139
f 6150 5865 6139
f 6149 5865 6150
f 6150 6139 6140
f 6151 6145 6146
f 6153 6152 6151
f 6146 6153 6151
f 6147 6153 6146
f 5866 6154 5859
f 6154 6147 5859
f 6154 6153 6147
f 5867 6155 5866
f 5866 6155 6154
f 5868 6155 5867
f 6148 5874 5864
f 6156 5874 6148
f 6157 6152 6153
f 6157 6153 6154
f 6157 6154 6158
f 6158 6154 6155
f 6158 6155 6159
f 6161 6159 6160
f 6160 6159 5875
f 6159 6155 5875
f 6155 5868 5875
f 5876 6160 5875
f 6162 5883 5884
f 6163 6162 5884
f 5874 6163 5884
f 6156 6163 5874
f 6164 6161 6160
f 6164 6160 5876
f 5885 6164 5876
f 6165 6164 5885
f 6166 5885 5886
f 6166 6165 5885
f 6167 5886 5887
f 6167 6166 5886
f 6168 5887 5888
f 6168 6167 5887
f 6170 6169 5890
f 6169 5888 5890
f 6169 6168 5888
f 6170 6171 6169
f 6172 5894 6162
f 6162 5894 5883
f 6162 6163 6173
f 6162 6173 6172
f 5895 6170 5890
f 6174 6171 6170
f 5895 6174 6170
f 5896 6174 5895
f 6176 6175 5898
f 6175 5896 5898
f 6175 6174 5896
f 6178 6177 6176
f 6176 6177 6175
f 6178 6179 6177
f 6180 5900 6172
f 6172 5900 5894
f 6172 6173 6181
f 6172 6181 6180
f 5901 6176 5898
f 6176 5901 5903
f 6182 6176 5903
f 6178 6176 6182
f 6179 6178 6183
f 6183 6178 6182
f 6185 6184 5906
f 5906 6184 5905
f 5906 5900 6180
f 6186 5906 6180
f 6185 5906 6186
f 6186 6180 6181
f 5907 6182 5903
f 6188 6187 5909
f 5909 6187 5907
f 6187 6183 5907
f 6183 6182 5907
f 6188 6189 6187
f 6184 5911 5905
f 6190 5911 6184
f 5912 6188 5909
f 5912 5913 6188
f 5913 6191 6188
f 6191 6189 6188
f 5913 6192 6191
f 5914 6193 5913
f 5913 6193 6192
f 5916 6193 5914
f 6195 6194 5918
f 5918 6194 5917
f 5918 5911 6190
f 5918 6190 6195
f 6196 6191 6192
f 6196 6192 6193
f 6196 6193 6197
f 6199 6197 6198
f 6198 6197 5919
f 6197 6193 5919
f 6193 5916 5919
f 5921 6198 5919
f 6200 5923 5924
f 6201 6200 5924
f 5917 6201 5924
f 6194 6201 5917
f 6202 6199 6198
f 6204 6202 6203
f 6203 6202 5925
f 6202 6198 5925
f 6198 5921 5925
f 5926 6203 5925
f 6205 5927 6200
f 6200 5927 5923
f 6200 6201 6206
f 6200 6206 6205
f 6207 6204 6203
f 6209 6207 6208
f 6208 6207 5928
f 6207 6203 5928
f 6203 5926 5928
f 5930 6208 5928
f 6210 5931 6205
f 6205 5931 5927
f 6205 6206 6211
f 6205 6211 6210
f 6212 6209 6208
f 6214 6212 6213
f 6213 6212 5932
f 6212 6208 5932
f 6208 5930 5932
f 5933 6215 5932
f 5932 6215 6213
f 5935 6215 5933
f 6210 5936 5931
f 5938 5936 6210
f 6211 5938 6210
f 6216 5938 6211
f 6217 6214 6213
f 6219 6218 6217
f 6213 6219 6217
f 6215 6219 6213
f 5939 6220 5935
f 6220 6215 5935
f 6220 6219 6215
f 5940 6221 5939
f 5939 6221 6220
f 5941 6221 5940
f 6216 6222 5938
f 5938 6222 5942
f 5943 5942 6222
f 5943 6222 6223
f 6224 6218 6219
f 6226 6225 6224
f 6219 6226 6224
f 6220 6226 6219
f 6227 6220 6221
f 6226 6220 6227
f 5945 6227 5941
f 5941 6227 6221
f 6223 5947 5943
f 6228 5947 6223
f 6229 6225 6226
f 6229 6226 6227
f 6229 6227 6230
f 6232 6230 6231
f 6231 6230 5948
f 6230 6227 5948
f 6227 5945 5948
f 5949 6231 5948
f 5950 5947 6233
f 5947 6234 6233
f 5947 6228 6234
f 6233 5951 5950
f 6235 6232 6231
f 6237 6235 6236
f 6236 6235 5952
f 6235 6231 5952
f 6231 5949 5952
f 5953 6236 5952
f 6234 6238 6233
f 5951 6233 6238
f 6239 5951 6238
f 5954 5951 6239
f 6237 6236 6240
f 6237 6240 6241
f 5955 6240 5953
f 5953 6240 6236
f 6239 5956 5954
f 6242 5956 6239
f 6243 6241 6240
f 6240 5955 6243
f 5955 6244 6243
f 5955 5957 6244
f 6246 5958 6245
f 5958 6242 6245
f 5958 5956 6242
f 6247 6246 6245
f 5959 6244 5957
f 5959 6248 6244
f 6246 5960 5958
f 6247 6249 6246
f 6249 5960 6246
f 6249 5962 5960
f 6251 6250 5963
f 5962 6251 5963
f 6249 6251 5962
f 6252 6250 6251
f 6255 6254 6253
f 6256 6253 6254
f 5959 5964 6257
f 6258 5959 6257
f 6248 5959 6258
f 5965 6257 5964
f 6250 5967 5963
f 6252 6259 6250
f 6259 5967 6250
f 6259 5968 5967
f 6253 5970 6255
f 5970 6259 6255
f 5970 5968 6259
f 5971 5970 6253
f 6256 5971 6253
f 6260 5971 6256
f 6261 6258 6257
f 6257 5965 6261
f 5965 6262 6261
f 5965 5972 6262
f 6260 5975 5971
f 6263 5975 6260
f 5976 6262 5972
f 5976 6264 6262
f 6263 6265 5975
f 5975 6265 5978
f 5980 5978 6265
f 5980 6265 6266
f 5981 6264 5976
f 5981 6267 6264
f 6266 5982 5980
f 6268 5982 6266
f 6269 6267 5981
f 6269 5981 5984
f 5984 5985 6269
f 6269 5985 6270
f 6268 6271 5982
f 5982 6271 5986
f 5987 5986 6271
f 5987 6271 6272
f 5988 6270 5985
f 5988 6273 6270
f 6272 5989 5987
f 6274 5989 6272
f 5990 6273 5988
f 5990 6275 6273
f 6274 5991 5989
f 6276 5991 6274
f 5992 6275 5990
f 5992 6277 6275
f 6276 5993 5991
f 6278 5993 6276
f 5994 6277 5992
f 5994 6279 6277
f 6278 5995 5993
f 6280 5995 6278
f 6282 6281 5996
f 6282 5996 5997
f 5994 5996 6279
f 6279 5996 6281
f 6280 5999 5995
f 6283 5999 6280
f 6286 6285 6284
f 6285 6282 6284
f 6282 6001 6284
f 6282 5997 6001
f 6002 5999 6287
f 5999 6288 6287
f 5999 6283 6288
f 6287 6003 6002
f 6286 6284 6004
f 6005 6286 6004
f 6289 6286 6005
f 6004 6284 6001
f 6288 6290 6287
f 6003 6287 6290
f 6291 6003 6290
f 6007 6003 6291
f 6008 6289 6005
f 6008 6292 6289
f 6291 6010 6007
f 6293 6010 6291
f 6011 6292 6008
f 6011 6294 6292
f 6293 6295 6010
f 6010 6295 6012
f 6014 6012 6295
f 6014 6295 6296
f 6015 6294 6011
f 6015 6297 6294
f 6296 6298 6014
f 6014 6298 6016
f 6018 6016 6298
f 6018 6298 6299
f 6019 6297 6015
f 6019 6300 6297
f 6299 6301 6018
f 6018 6301 6020
f 6021 6020 6301
f 6021 6301 6302
f 6022 6300 6019
f 6022 6303 6300
f 6302 6304 6021
f 6021 6304 6023
f 6024 6023 6304
f 6024 6304 6305
f 6026 6303 6022
f 6026 6306 6303
f 6305 6027 6024
f 6307 6027 6305
f 6309 6308 6028
f 6309 6028 6029
f 6026 6028 6306
f 6306 6028 6308
f 6307 6310 6027
f 6027 6310 6030
f 6031 6030 6310
f 6031 6310 6311
f 6033 6309 6029
f 6033 6312 6309
f 6311 6313 6031
f 6031 6313 6034
f 6035 6034 6313
f 6035 6313 6314
f 6316 6315 6036
f 6316 6036 6037
f 6033 6036 6312
f 6312 6036 6315
f 6314 6317 6035
f 6035 6317 6038
f 6039 6038 6317
f 6039 6317 6318
f 6040 6316 6037
f 6040 6319 6316
f 6318 6320 6039
f 6039 6320 6041
f 6320 6322 6321
f 6043 6320 6321
f 6041 6320 6043
f 6321 6044 6043
f 6046 6323 6045
f 6324 6047 6045
f 6324 6045 6323
f 6325 6048 6047
f 6325 6047 6324
f 6326 6049 6048
f 6326 6048 6325
f 6049 6326 6327
f 6328 6049 6327
f 6050 6049 6328
f 6050 6329 6052
f 6328 6329 6050
f 6053 6052 6329
f 6053 6329 6330
f 6333 6332 6331
f 6332 6319 6331
f 6319 6055 6331
f 6319 6040 6055
f 6322 6334 6321
f 6321 6334 6044
f 6334 6057 6044
f 6334 6335 6057
f 6057 6336 6060
f 6335 6336 6057
f 6046 6060 6323
f 6060 6337 6323
f 6060 6336 6337
f 6323 6337 6324
f 6324 6337 6338
f 6324 6338 6325
f 6325 6338 6339
f 6325 6339 6326
f 6326 6339 6340
f 6326 6340 6327
f 6330 6341 6053
f 6053 6341 6062
f 6064 6062 6341
f 6064 6341 6342
f 6333 6331 6068
f 6067 6333 6068
f 6343 6333 6067
f 6068 6331 6055
f 6342 6344 6064
f 6064 6344 6071
f 6071 6345 6072
f 6344 6345 6071
f 6073 6072 6345
f 6073 6345 6346
f 6075 6347 6074
f 6074 6347 6348
f 6349 6074 6348
f 6076 6074 6349
f 6067 6076 6343
f 6343 6076 6349
f 6346 6077 6073
f 6350 6077 6346
f 6352 6351 6080
f 6352 6080 6079
f 6075 6080 6347
f 6080 6353 6347
f 6080 6351 6353
f 6347 6353 6348
f 6356 6355 6354
f 6350 6356 6354
f 6082 6350 6354
f 6077 6350 6082
f 6084 6357 6083
f 6357 6358 6083
f 6358 6079 6083
f 6358 6352 6079
f 6354 6355 6086
f 6355 6085 6086
f 6355 6359 6085
f 6354 6086 6082
f 6088 6360 6357
f 6088 6357 6084
f 6358 6357 6361
f 6361 6357 6360
f 6359 6089 6085
f 6362 6089 6359
f 6091 6363 6360
f 6091 6360 6088
f 6361 6360 6364
f 6364 6360 6363
f 6367 6366 6365
f 6092 6093 6365
f 6093 6367 6365
f 6093 6368 6367
f 6369 6093 6094
f 6369 6368 6093
f 6370 6094 6095
f 6370 6369 6094
f 6095 6089 6362
f 6095 6362 6370
f 6372 6371 6363
f 6091 6372 6363
f 6096 6372 6091
f 6363 6371 6364
f 6374 6373 6098
f 6098 6373 6097
f 6099 6365 6366
f 6374 6099 6366
f 6098 6099 6374
f 6365 6099 6092
f 6101 6376 6375
f 6372 6101 6375
f 6096 6101 6372
f 6376 6377 6375
f 6373 6102 6097
f 6378 6102 6373
f 6380 6379 6376
f 6101 6380 6376
f 6106 6380 6101
f 6376 6379 6377
f 6107 6102 6381
f 6102 6382 6381
f 6102 6378 6382
f 6381 6108 6107
f 6112 6380 6106
f 6112 6383 6380
f 6382 6384 6381
f 6381 6384 6108
f 6384 6113 6108
f 6384 6385 6113
f 6114 6113 6385
f 6114 6385 6386
f 6116 6387 6117
f 6387 6119 6117
f 6120 6388 6121
f 6388 6389 6121
f 6389 6112 6121
f 6389 6383 6112
f 6122 6114 6390
f 6114 6391 6390
f 6114 6386 6391
f 6390 6123 6122
f 6125 6392 6387
f 6125 6387 6116
f 6393 6126 6119
f 6387 6393 6119
f 6392 6393 6387
f 6388 6120 6126
f 6393 6388 6126
f 6394 6388 6393
f 6389 6388 6395
f 6395 6388 6394
f 6391 6396 6390
f 6390 6396 6123
f 6396 6127 6123
f 6396 6397 6127
f 6127 6398 6128
f 6397 6398 6127
f 6125 6128 6392
f 6128 6399 6392
f 6128 6398 6399
f 6401 6400 6399
f 6400 6392 6399
f 6400 6393 6392
f 6403 6394 6402
f 6394 6400 6402
f 6394 6393 6400
f 6394 6403 6395
f 6401 6404 6400
f 6400 6404 6402
f 6407 6406 6405
f 6130 6131 6405
f 6131 6407 6405
f 6131 6408 6407
f 6409 6131 6132
f 6409 6408 6131
f 6410 6132 6133
f 6410 6409 6132
f 6411 6133 6134
f 6411 6410 6133
f 6413 6411 6412
f 6411 6135 6412
f 6411 6134 6135
f 6137 6412 6135
f 6414 6140 6141
f 6414 6141 6415
f 6141 6416 6415
f 6141 6142 6416
f 6143 6405 6406
f 6416 6143 6406
f 6142 6143 6416
f 6405 6143 6130
f 6417 6413 6412
f 6419 6417 6418
f 6418 6417 6144
f 6417 6412 6144
f 6412 6137 6144
f 6145 6418 6144
f 6420 6148 6149
f 6420 6149 6421
f 6149 6422 6421
f 6149 6150 6422
f 6150 6140 6414
f 6423 6150 6414
f 6422 6150 6423
f 6423 6414 6415
f 6424 6419 6418
f 6426 6424 6425
f 6425 6424 6151
f 6424 6418 6151
f 6418 6145 6151
f 6152 6425 6151
f 6428 6427 6420
f 6427 6148 6420
f 6427 6156 6148
f 6428 6420 6421
f 6429 6426 6425
f 6431 6429 6430
f 6430 6429 6157
f 6429 6425 6157
f 6425 6152 6157
f 6158 6432 6157
f 6157 6432 6430
f 6159 6433 6158
f 6158 6433 6432
f 6161 6433 6159
f 6427 6163 6156
f 6434 6163 6427
f 6435 6431 6430
f 6435 6430 6432
f 6435 6432 6436
f 6436 6432 6433
f 6436 6433 6437
f 6437 6433 6161
f 6164 6437 6161
f 6438 6437 6164
f 6439 6164 6165
f 6439 6438 6164
f 6440 6165 6166
f 6440 6439 6165
f 6441 6166 6167
f 6441 6440 6166
f 6442 6167 6168
f 6442 6441 6167
f 6443 6168 6169
f 6443 6442 6168
f 6445 6444 6171
f 6444 6169 6171
f 6444 6443 6169
f 6445 6446 6444
f 6434 6173 6163
f 6447 6173 6434
f 6174 6445 6171
f 6448 6446 6445
f 6174 6448 6445
f 6175 6448 6174
f 6449 6175 6177
f 6449 6448 6175
f 6177 6179 6449
f 6449 6179 6450
f 6453 6452 6451
f 6447 6453 6451
f 6181 6447 6451
f 6173 6447 6181
f 6183 6455 6454
f 6450 6183 6454
f 6179 6183 6450
f 6455 6456 6454
f 6458 6457 6185
f 6185 6457 6184
f 6186 6451 6452
f 6458 6186 6452
f 6185 6186 6458
f 6451 6186 6181
f 6187 6455 6183
f 6460 6459 6189
f 6189 6459 6187
f 6459 6456 6187
f 6456 6455 6187
f 6460 6461 6459
f 6457 6190 6184
f 6462 6190 6457
f 6191 6463 6460
f 6191 6460 6189
f 6461 6460 6464
f 6464 6460 6463
f 6466 6465 6195
f 6195 6465 6194
f 6195 6190 6462
f 6195 6462 6466
f 6196 6463 6191
f 6467 6464 6463
f 6196 6467 6463
f 6197 6467 6196
f 6197 6199 6467
f 6467 6199 6468
f 6465 6201 6194
f 6469 6201 6465
f 6470 6468 6199
f 6470 6199 6202
f 6202 6204 6470
f 6470 6204 6471
f 6469 6206 6201
f 6472 6206 6469
f 6473 6471 6204
f 6473 6204 6207
f 6207 6209 6473
f 6473 6209 6474
f 6472 6211 6206
f 6475 6211 6472
f 6476 6474 6209
f 6476 6209 6212
f 6212 6214 6476
f 6476 6214 6477
f 6479 6216 6478
f 6216 6475 6478
f 6216 6211 6475
f 6480 6479 6478
f 6481 6477 6214
f 6481 6214 6217
f 6217 6218 6481
f 6481 6218 6482
f 6479 6222 6216
f 6223 6222 6479
f 6480 6223 6479
f 6483 6223 6480
f 6218 6224 6484
f 6485 6218 6484
f 6482 6218 6485
f 6225 6484 6224
f 6483 6228 6223
f 6486 6228 6483
f 6487 6485 6484
f 6489 6487 6488
f 6488 6487 6229
f 6487 6484 6229
f 6484 6225 6229
f 6230 6490 6229
f 6229 6490 6488
f 6232 6490 6230
f 6486 6234 6228
f 6491 6234 6486
f 6492 6489 6488
f 6492 6488 6490
f 6492 6490 6493
f 6495 6493 6494
f 6494 6493 6235
f 6493 6490 6235
f 6490 6232 6235
f 6237 6494 6235
f 6238 6234 6496
f 6234 6497 6496
f 6234 6491 6497
f 6496 6239 6238
f 6495 6494 6498
f 6495 6498 6499
f 6241 6498 6237
f 6237 6498 6494
f 6497 6500 6496
f 6239 6496 6500
f 6501 6239 6500
f 6242 6239 6501
f 6502 6499 6498
f 6504 6502 6503
f 6503 6502 6243
f 6502 6498 6243
f 6498 6241 6243
f 6244 6503 6243
f 6245 6242 6505
f 6242 6506 6505
f 6242 6501 6506
f 6505 6247 6245
f 6507 6504 6503
f 6503 6244 6507
f 6244 6508 6507
f 6244 6248 6508
f 6506 6509 6505
f 6505 6509 6247
f 6509 6249 6247
f 6509 6510 6249
f 6510 6512 6511
f 6251 6510 6511
f 6249 6510 6251
f 6511 6252 6251
f 6255 6513 6254
f 6513 6256 6254
f 6258 6508 6248
f 6258 6514 6508
f 6512 6515 6511
f 6511 6515 6252
f 6515 6259 6252
f 6515 6516 6259
f 6255 6259 6513
f 6259 6517 6513
f 6259 6516 6517
f 6256 6513 6517
f 6518 6256 6517
f 6260 6256 6518
f 6258 6261 6519
f 6520 6258 6519
f 6514 6258 6520
f 6262 6519 6261
f 6522 6263 6521
f 6263 6518 6521
f 6263 6260 6518
f 6523 6522 6521
f 6524 6520 6519
f 6519 6262 6524
f 6262 6525 6524
f 6262 6264 6525
f 6522 6265 6263
f 6266 6265 6522
f 6523 6266 6522
f 6526 6266 6523
f 6267 6525 6264
f 6267 6527 6525
f 6526 6268 6266
f 6528 6268 6526
f 6529 6527 6267
f 6529 6267 6269
f 6269 6270 6529
f 6529 6270 6530
f 6533 6532 6531
f 6531 6534 6271
f 6528 6531 6271
f 6268 6528 6271
f 6531 6528 6533
f 6534 6272 6271
f 6273 6530 6270
f 6273 6535 6530
f 6532 6536 6531
f 6531 6536 6534
f 6534 6536 6537
f 6272 6534 6537
f 6538 6272 6537
f 6274 6272 6538
f 6275 6535 6273
f 6275 6539 6535
f 6538 6276 6274
f 6540 6276 6538
f 6543 6542 6541
f 6544 6541 6542
f 6277 6539 6275
f 6277 6545 6539
f 6540 6278 6276
f 6546 6278 6540
f 6543 6541 6547
f 6543 6547 6548
f 6541 6544 6549
f 6550 6541 6549
f 6547 6541 6550
f 6549 6545 6550
f 6545 6279 6550
f 6545 6277 6279
f 6546 6280 6278
f 6551 6280 6546
f 6548 6547 6552
f 6548 6552 6553
f 6282 6552 6281
f 6552 6550 6281
f 6552 6547 6550
f 6281 6550 6279
f 6551 6283 6280
f 6554 6283 6551
f 6553 6552 6285
f 6286 6553 6285
f 6555 6553 6286
f 6285 6552 6282
f 6557 6288 6556
f 6288 6554 6556
f 6288 6283 6554
f 6558 6557 6556
f 6289 6555 6286
f 6289 6559 6555
f 6557 6290 6288
f 6561 6560 6291
f 6561 6291 6290
f 6558 6561 6290
f 6557 6558 6290
f 6562 6560 6561
f 6292 6559 6289
f 6292 6563 6559
f 6564 6293 6560
f 6560 6293 6291
f 6560 6562 6565
f 6560 6565 6564
f 6294 6563 6292
f 6294 6566 6563
f 6564 6295 6293
f 6568 6567 6296
f 6568 6296 6295
f 6565 6568 6295
f 6564 6565 6295
f 6569 6567 6568
f 6297 6566 6294
f 6297 6570 6566
f 6567 6298 6296
f 6299 6298 6567
f 6569 6299 6567
f 6571 6299 6569
f 6300 6570 6297
f 6300 6572 6570
f 6571 6573 6299
f 6299 6573 6301
f 6302 6301 6573
f 6302 6573 6574
f 6303 6572 6300
f 6303 6575 6572
f 6574 6576 6302
f 6302 6576 6304
f 6305 6304 6576
f 6305 6576 6577
f 6306 6575 6303
f 6306 6578 6575
f 6580 6307 6579
f 6307 6577 6579
f 6307 6305 6577
f 6581 6580 6579
f 6583 6582 6308
f 6583 6308 6309
f 6306 6308 6578
f 6578 6308 6582
f 6580 6310 6307
f 6311 6310 6580
f 6581 6311 6580
f 6584 6311 6581
f 6312 6583 6309
f 6312 6585 6583
f 6584 6586 6311
f 6311 6586 6313
f 6314 6313 6586
f 6314 6586 6587
f 6589 6588 6315
f 6589 6315 6316
f 6312 6315 6585
f 6585 6315 6588
f 6587 6590 6314
f 6314 6590 6317
f 6318 6317 6590
f 6318 6590 6591
f 6594 6593 6592
f 6593 6589 6592
f 6589 6319 6592
f 6589 6316 6319
f 6591 6595 6318
f 6318 6595 6320
f 6322 6320 6595
f 6322 6595 6596
f 6327 6597 6328
f 6598 6329 6328
f 6598 6328 6597
f 6598 6330 6329
f 6601 6600 6599
f 6599 6600 6594
f 6599 6594 6592
f 6333 6599 6592
f 6332 6333 6592
f 6332 6592 6319
f 6596 6602 6322
f 6322 6602 6334
f 6334 6603 6335
f 6602 6603 6334
f 6603 6605 6604
f 6336 6603 6604
f 6335 6603 6336
f 6606 6337 6336
f 6606 6336 6604
f 6337 6606 6607
f 6608 6337 6607
f 6338 6337 6608
f 6338 6609 6339
f 6608 6609 6338
f 6339 6610 6340
f 6609 6610 6339
f 6327 6340 6597
f 6340 6611 6597
f 6340 6610 6611
f 6597 6611 6598
f 6598 6611 6612
f 6598 6612 6330
f 6612 6341 6330
f 6612 6613 6341
f 6342 6341 6613
f 6342 6613 6614
f 6601 6599 6615
f 6601 6615 6616
f 6343 6615 6333
f 6333 6615 6599
f 6605 6617 6604
f 6604 6617 6606
f 6606 6617 6618
f 6606 6618 6607
f 6614 6619 6342
f 6342 6619 6344
f 6619 6621 6620
f 6345 6619 6620
f 6344 6619 6345
f 6620 6346 6345
f 6624 6623 6622
f 6626 6625 6622
f 6626 6622 6623
f 6625 6626 6616
f 6625 6616 6615
f 6348 6625 6615
f 6349 6348 6615
f 6349 6615 6343
f 6621 6627 6620
f 6346 6620 6627
f 6628 6346 6627
f 6350 6346 6628
f 6624 6622 6351
f 6352 6624 6351
f 6629 6624 6352
f 6351 6622 6353
f 6353 6622 6625
f 6353 6625 6348
f 6630 6355 6356
f 6631 6630 6356
f 6350 6631 6356
f 6628 6631 6350
f 6358 6629 6352
f 6358 6632 6629
f 6634 6633 6630
f 6633 6355 6630
f 6633 6359 6355
f 6634 6630 6631
f 6361 6632 6358
f 6361 6635 6632
f 6638 6637 6636
f 6633 6638 6636
f 6362 6633 6636
f 6359 6633 6362
f 6364 6635 6361
f 6364 6639 6635
f 6641 6640 6367
f 6367 6640 6366
f 6642 6367 6368
f 6642 6641 6367
f 6643 6368 6369
f 6643 6642 6368
f 6370 6636 6637
f 6643 6370 6637
f 6369 6370 6643
f 6636 6370 6362
f 6372 6644 6371
f 6644 6645 6371
f 6645 6364 6371
f 6645 6639 6364
f 6647 6646 6374
f 6374 6646 6373
f 6374 6366 6640
f 6374 6640 6647
f 6375 6644 6372
f 6375 6377 6644
f 6377 6645 6644
f 6377 6648 6645
f 6646 6378 6373
f 6649 6378 6646
f 6380 6650 6379
f 6650 6651 6379
f 6651 6377 6379
f 6651 6648 6377
f 6649 6382 6378
f 6652 6382 6649
f 6383 6653 6650
f 6383 6650 6380
f 6651 6650 6654
f 6654 6650 6653
f 6652 6655 6382
f 6382 6655 6384
f 6655 6657 6656
f 6385 6655 6656
f 6384 6655 6385
f 6656 6386 6385
f 6389 6658 6653
f 6389 6653 6383
f 6654 6653 6659
f 6659 6653 6658
f 6657 6660 6656
f 6386 6656 6660
f 6661 6386 6660
f 6391 6386 6661
f 6663 6662 6658
f 6389 6663 6658
f 6395 6663 6389
f 6658 6662 6659
f 6661 6664 6391
f 6391 6664 6396
f 6396 6665 6397
f 6664 6665 6396
f 6397 6666 6398
f 6665 6666 6397
f 6666 6668 6667
f 6399 6666 6667
f 6398 6666 6399
f 6667 6401 6399
f 6402 6669 6403
f 6669 6670 6403
f 6670 6395 6403
f 6670 6663 6395
f 6667 6668 6671
f 6671 6668 6672
f 6673 6404 6401
f 6667 6673 6401
f 6671 6673 6667
f 6669 6402 6404
f 6673 6669 6404
f 6674 6669 6673
f 6670 6669 6675
f 6675 6669 6674
f 6671 6672 6676
f 6676 6672 6677
f 6679 6673 6678
f 6673 6676 6678
f 6673 6671 6676
f 6673 6679 6674
f 6674 6679 6680
f 6674 6680 6675
f 6676 6677 6681
f 6681 6677 6682
f 6678 6676 6683
f 6683 6676 6681
f 6682 6684 6681
f 6681 6684 6683
f 6685 6406 6407
f 6685 6407 6686
f 6407 6687 6686
f 6407 6408 6687
f 6688 6408 6409
f 6688 6687 6408
f 6689 6409 6410
f 6689 6688 6409
f 6691 6689 6690
f 6689 6411 6690
f 6689 6410 6411
f 6413 6690 6411
f 6692 6415 6416
f 6693 6692 6416
f 6693 6416 6406
f 6694 6693 6406
f 6685 6694 6406
f 6694 6685 6686
f 6695 6691 6690
f 6695 6690 6413
f 6417 6695 6413
f 6696 6695 6417
f 6417 6419 6696
f 6696 6419 6697
f 6698 6421 6422
f 6698 6422 6699
f 6422 6700 6699
f 6422 6423 6700
f 6423 6415 6692
f 6701 6423 6692
f 6700 6423 6701
f 6701 6692 6693
f 6702 6697 6419
f 6702 6419 6424
f 6424 6426 6702
f 6702 6426 6703
f 6705 6704 6428
f 6428 6704 6427
f 6428 6421 6698
f 6706 6428 6698
f 6705 6428 6706
f 6706 6698 6699
f 6707 6703 6426
f 6707 6426 6429
f 6709 6708 6431
f 6708 6429 6431
f 6708 6707 6429
f 6709 6710 6708
f 6704 6434 6427
f 6711 6434 6704
f 6435 6709 6431
f 6712 6710 6709
f 6435 6712 6709
f 6436 6712 6435
f 6714 6712 6713
f 6712 6437 6713
f 6712 6436 6437
f 6713 6437 6715
f 6437 6716 6715
f 6437 6438 6716
f 6717 6438 6439
f 6717 6716 6438
f 6718 6439 6440
f 6718 6717 6439
f 6719 6440 6441
f 6719 6718 6440
f 6720 6441 6442
f 6720 6719 6441
f 6721 6442 6443
f 6721 6720 6442
f 6722 6443 6444
f 6722 6721 6443
f 6724 6723 6446
f 6723 6444 6446
f 6723 6722 6444
f 6724 6725 6723
f 6711 6447 6434
f 6726 6447 6711
f 6727 6714 6713
f 6727 6713 6715
f 6448 6724 6446
f 6728 6725 6724
f 6448 6728 6724
f 6449 6728 6448
f 6730 6729 6450
f 6729 6449 6450
f 6729 6728 6449
f 6730 6731 6729
f 6734 6733 6732
f 6452 6453 6732
f 6453 6734 6732
f 6453 6735 6734
f 6453 6447 6726
f 6453 6726 6735
f 6454 6730 6450
f 6454 6456 6730
f 6456 6731 6730
f 6456 6736 6731
f 6732 6733 6458
f 6733 6457 6458
f 6733 6737 6457
f 6732 6458 6452
f 6738 6736 6456
f 6738 6456 6459
f 6459 6461 6738
f 6738 6461 6739
f 6737 6462 6457
f 6740 6462 6737
f 6464 6742 6741
f 6739 6464 6741
f 6461 6464 6739
f 6742 6743 6741
f 6745 6744 6466
f 6466 6744 6465
f 6466 6462 6740
f 6466 6740 6745
f 6467 6742 6464
f 6467 6468 6742
f 6468 6743 6742
f 6468 6746 6743
f 6748 6469 6747
f 6469 6744 6747
f 6469 6465 6744
f 6749 6748 6747
f 6750 6746 6468
f 6750 6468 6470
f 6470 6471 6750
f 6750 6471 6751
f 6752 6472 6748
f 6748 6472 6469
f 6748 6749 6753
f 6748 6753 6752
f 6471 6473 6754
f 6755 6471 6754
f 6751 6471 6755
f 6474 6754 6473
f 6756 6475 6752
f 6752 6475 6472
f 6752 6753 6757
f 6752 6757 6756
f 6758 6755 6754
f 6758 6754 6474
f 6476 6758 6474
f 6759 6758 6476
f 6476 6477 6759
f 6759 6477 6760
f 6756 6478 6475
f 6480 6478 6756
f 6757 6480 6756
f 6761 6480 6757
f 6762 6760 6477
f 6762 6477 6481
f 6481 6482 6762
f 6762 6482 6763
f 6761 6483 6480
f 6764 6483 6761
f 6767 6766 6765
f 6766 6763 6765
f 6763 6485 6765
f 6763 6482 6485
f 6764 6486 6483
f 6768 6486 6764
f 6769 6767 6765
f 6771 6769 6770
f 6770 6769 6487
f 6769 6765 6487
f 6765 6485 6487
f 6489 6770 6487
f 6768 6491 6486
f 6772 6491 6768
f 6773 6771 6770
f 6775 6773 6774
f 6774 6773 6492
f 6773 6770 6492
f 6770 6489 6492
f 6493 6776 6492
f 6492 6776 6774
f 6495 6776 6493
f 6778 6497 6777
f 6497 6772 6777
f 6497 6491 6772
f 6779 6778 6777
f 6775 6774 6780
f 6775 6780 6781
f 6782 6774 6776
f 6780 6774 6782
f 6499 6782 6495
f 6495 6782 6776
f 6778 6500 6497
f 6501 6500 6778
f 6779 6501 6778
f 6783 6501 6779
f 6784 6781 6780
f 6786 6785 6784
f 6780 6786 6784
f 6782 6786 6780
f 6502 6787 6499
f 6787 6782 6499
f 6787 6786 6782
f 6504 6787 6502
f 6789 6506 6788
f 6506 6783 6788
f 6506 6501 6783
f 6791 6790 6789
f 6791 6789 6788
f 6792 6790 6791
f 6793 6785 6786
f 6795 6794 6793
f 6786 6795 6793
f 6787 6795 6786
f 6507 6796 6504
f 6796 6787 6504
f 6796 6795 6787
f 6508 6796 6507
f 6789 6509 6506
f 6509 6789 6510
f 6510 6789 6790
f 6798 6797 6512
f 6798 6512 6510
f 6792 6798 6510
f 6790 6792 6510
f 6799 6797 6798
f 6794 6795 6800
f 6794 6800 6801
f 6802 6795 6796
f 6800 6795 6802
f 6514 6802 6508
f 6508 6802 6796
f 6797 6515 6512
f 6799 6803 6797
f 6803 6515 6797
f 6803 6516 6515
f 6803 6805 6804
f 6517 6803 6804
f 6516 6803 6517
f 6804 6518 6517
f 6806 6801 6800
f 6808 6807 6806
f 6800 6808 6806
f 6802 6808 6800
f 6520 6808 6514
f 6514 6808 6802
f 6805 6809 6804
f 6809 6811 6810
f 6809 6810 6521
f 6804 6809 6521
f 6518 6804 6521
f 6810 6523 6521
f 6812 6807 6808
f 6814 6812 6813
f 6813 6812 6524
f 6812 6808 6524
f 6808 6520 6524
f 6525 6813 6524
f 6810 6811 6815
f 6815 6811 6816
f 6815 6526 6523
f 6815 6523 6810
f 6819 6818 6817
f 6817 6818 6814
f 6813 6817 6814
f 6820 6817 6813
f 6527 6820 6525
f 6525 6820 6813
f 6816 6821 6815
f 6526 6815 6821
f 6822 6526 6821
f 6528 6526 6822
f 6823 6819 6817
f 6825 6824 6823
f 6817 6825 6823
f 6820 6825 6817
f 6529 6826 6527
f 6826 6820 6527
f 6826 6825 6820
f 6530 6826 6529
f 6827 6532 6533
f 6828 6827 6533
f 6528 6828 6533
f 6822 6828 6528
f 6824 6825 6829
f 6824 6829 6830
f 6831 6825 6826
f 6829 6825 6831
f 6535 6831 6530
f 6530 6831 6826
f 6827 6536 6532
f 6537 6536 6827
f 6832 6537 6827
f 6828 6832 6827
f 6833 6537 6832
f 6833 6538 6537
f 6834 6830 6829
f 6836 6835 6834
f 6829 6836 6834
f 6831 6836 6829
f 6539 6836 6535
f 6535 6836 6831
f 6833 6832 6837
f 6837 6832 6838
f 6837 6540 6538
f 6837 6538 6833
f 6840 6839 6542
f 6840 6542 6543
f 6836 6841 6544
f 6839 6836 6544
f 6542 6839 6544
f 6835 6836 6839
f 6545 6841 6539
f 6539 6841 6836
f 6837 6838 6842
f 6842 6838 6843
f 6842 6546 6540
f 6842 6540 6837
f 6548 6840 6543
f 6548 6844 6840
f 6841 6549 6544
f 6549 6841 6545
f 6842 6843 6845
f 6845 6843 6846
f 6845 6551 6546
f 6845 6546 6842
f 6553 6844 6548
f 6553 6847 6844
f 6846 6848 6845
f 6551 6845 6848
f 6849 6551 6848
f 6554 6551 6849
f 6555 6847 6553
f 6555 6850 6847
f 6849 6851 6554
f 6554 6851 6556
f 6558 6556 6851
f 6558 6851 6852
f 6559 6854 6853
f 6850 6559 6853
f 6555 6559 6850
f 6854 6855 6853
f 6852 6856 6558
f 6558 6856 6561
f 6562 6561 6856
f 6562 6856 6857
f 6563 6858 6854
f 6563 6854 6559
f 6855 6854 6859
f 6859 6854 6858
f 6857 6565 6562
f 6860 6565 6857
f 6566 6861 6858
f 6566 6858 6563
f 6859 6858 6862
f 6862 6858 6861
f 6568 6565 6863
f 6565 6864 6863
f 6565 6860 6864
f 6863 6569 6568
f 6570 6865 6861
f 6570 6861 6566
f 6862 6861 6866
f 6866 6861 6865
f 6864 6867 6863
f 6569 6863 6867
f 6868 6569 6867
f 6571 6569 6868
f 6572 6869 6865
f 6572 6865 6570
f 6866 6865 6870
f 6870 6865 6869
f 6868 6871 6571
f 6571 6871 6573
f 6574 6573 6871
f 6574 6871 6872
f 6874 6873 6869
f 6572 6874 6869
f 6575 6874 6572
f 6869 6873 6870
f 6872 6875 6574
f 6574 6875 6576
f 6577 6576 6875
f 6577 6875 6876
f 6578 6874 6575
f 6578 6877 6874
f 6876 6878 6577
f 6577 6878 6579
f 6581 6579 6878
f 6581 6878 6879
f 6881 6880 6582
f 6881 6582 6583
f 6578 6582 6877
f 6877 6582 6880
f 6879 6584 6581
f 6882 6584 6879
f 6585 6881 6583
f 6585 6883 6881
f 6882 6884 6584
f 6584 6884 6586
f 6587 6586 6884
f 6587 6884 6885
f 6887 6886 6588
f 6887 6588 6589
f 6585 6588 6883
f 6883 6588 6886
f 6885 6888 6587
f 6587 6888 6590
f 6591 6590 6888
f 6591 6888 6889
f 6891 6890 6593
f 6891 6593 6594
f 6589 6593 6887
f 6887 6593 6890
f 6889 6892 6591
f 6591 6892 6595
f 6596 6595 6892
f 6596 6892 6893
f 6896 6895 6894
f 6600 6601 6894
f 6895 6600 6894
f 6897 6600 6895
f 6594 6600 6891
f 6891 6600 6897
f 6893 6898 6596
f 6596 6898 6602
f 6602 6899 6603
f 6898 6899 6602
f 6605 6603 6899
f 6605 6899 6900
f 6607 6901 6608
f 6902 6609 6608
f 6902 6608 6901
f 6609 6902 6903
f 6904 6609 6903
f 6610 6609 6904
f 6610 6905 6611
f 6904 6905 6610
f 6611 6906 6612
f 6905 6906 6611
f 6612 6907 6613
f 6906 6907 6612
f 6909 6908 6614
f 6613 6909 6614
f 6907 6909 6613
f 6910 6908 6909
f 6911 6896 6894
f 6894 6601 6911
f 6601 6912 6911
f 6601 6616 6912
f 6900 6913 6605
f 6605 6913 6617
f 6617 6914 6618
f 6913 6914 6617
f 6607 6618 6901
f 6618 6915 6901
f 6618 6914 6915
f 6901 6915 6902
f 6902 6915 6916
f 6902 6916 6903
f 6908 6619 6614
f 6621 6619 6908
f 6910 6621 6908
f 6917 6621 6910
f 6919 6918 6623
f 6919 6623 6624
f 6623 6920 6626
f 6918 6920 6623
f 6616 6626 6912
f 6912 6626 6920
f 6917 6921 6621
f 6621 6921 6627
f 6628 6627 6921
f 6628 6921 6922
f 6629 6919 6624
f 6629 6923 6919
f 6922 6631 6628
f 6924 6631 6922
f 6632 6923 6629
f 6632 6925 6923
f 6926 6633 6634
f 6927 6926 6634
f 6631 6927 6634
f 6924 6927 6631
f 6635 6925 6632
f 6635 6928 6925
f 6931 6930 6929
f 6933 6932 6929
f 6929 6932 6931
f 6637 6638 6933
f 6638 6932 6933
f 6638 6934 6932
f 6638 6633 6926
f 6935 6638 6926
f 6934 6638 6935
f 6935 6926 6927
f 6639 6928 6635
f 6639 6936 6928
f 6938 6937 6641
f 6641 6937 6640
f 6642 6929 6930
f 6938 6642 6930
f 6641 6642 6938
f 6929 6642 6643
f 6929 6643 6933
f 6933 6643 6637
f 6645 6936 6639
f 6645 6939 6936
f 6941 6940 6647
f 6647 6940 6646
f 6647 6640 6937
f 6647 6937 6941
f 6648 6939 6645
f 6648 6942 6939
f 6940 6649 6646
f 6943 6649 6940
f 6651 6942 6648
f 6651 6944 6942
f 6946 6652 6945
f 6652 6943 6945
f 6652 6649 6943
f 6947 6946 6945
f 6654 6944 6651
f 6654 6948 6944
f 6946 6655 6652
f 6657 6655 6946
f 6947 6657 6946
f 6949 6657 6947
f 6952 6951 6950
f 6951 6948 6950
f 6948 6659 6950
f 6948 6654 6659
f 6949 6953 6657
f 6657 6953 6660
f 6955 6954 6661
f 6660 6955 6661
f 6953 6955 6660
f 6956 6954 6955
f 6952 6950 6662
f 6663 6952 6662
f 6957 6952 6663
f 6662 6950 6659
f 6954 6664 6661
f 6956 6958 6954
f 6958 6664 6954
f 6958 6665 6664
f 6665 6959 6666
f 6958 6959 6665
f 6668 6666 6959
f 6668 6959 6960
f 6670 6957 6663
f 6670 6961 6957
f 6960 6672 6668
f 6962 6672 6960
f 6965 6964 6963
f 6964 6961 6963
f 6961 6675 6963
f 6961 6670 6675
f 6967 6677 6966
f 6677 6962 6966
f 6677 6672 6962
f 6679 6678 6967
f 6966 6679 6967
f 6968 6679 6966
f 6963 6680 6965
f 6680 6968 6965
f 6680 6679 6968
f 6680 6963 6675
f 6970 6969 6967
f 6969 6677 6967
f 6969 6682 6677
f 6967 6678 6970
f 6678 6971 6970
f 6678 6683 6971
f 6969 6972 6682
f 6682 6972 6684
f 6683 6684 6971
f 6971 6684 6972
f 6973 6686 6687
f 6973 6687 6974
f 6687 6975 6974
f 6687 6688 6975
f 6977 6975 6976
f 6975 6689 6976
f 6975 6688 6689
f 6691 6976 6689
f 6978 6693 6694
f 6979 6978 6694
f 6979 6694 6686
f 6980 6979 6686
f 6973 6980 6686
f 6980 6973 6974
f 6981 6977 6976
f 6981 6976 6691
f 6695 6981 6691
f 6982 6981 6695
f 6983 6695 6696
f 6983 6982 6695
f 6696 6697 6983
f 6983 6697 6984
f 6985 6699 6700
f 6701 6986 6700
f 6700 6986 6985
f 6987 6986 6701
f 6987 6701 6693
f 6988 6987 6693
f 6978 6988 6693
f 6988 6978 6979
f 6989 6984 6697
f 6989 6697 6702
f 6702 6703 6989
f 6989 6703 6990
f 6991 6704 6705
f 6991 6705 6992
f 6705 6993 6992
f 6705 6706 6993
f 6706 6699 6985
f 6994 6706 6985
f 6993 6706 6994
f 6994 6985 6986
f 6994 6986 6995
f 6995 6986 6987
f 6996 6990 6703
f 6996 6703 6707
f 6997 6707 6708
f 6997 6996 6707
f 6708 6710 6997
f 6997 6710 6998
f 7000 6999 6991
f 6999 6704 6991
f 6999 6711 6704
f 7000 6991 6992
f 7001 6998 6710
f 7001 6710 6712
f 7003 7002 6714
f 7002 6712 6714
f 7002 7001 6712
f 7003 6715 7002
f 6715 6716 7002
f 7005 7004 7002
f 7005 7002 6716
f 6717 7006 6716
f 6716 7006 7005
f 6718 7007 6717
f 6717 7007 7006
f 6719 7008 6718
f 6718 7008 7007
f 7008 6719 7009
f 6719 7010 7009
f 6719 6720 7010
f 7011 6720 6721
f 7011 7010 6720
f 7012 6721 6722
f 7012 7011 6721
f 7013 6722 6723
f 7013 7012 6722
f 6723 6725 7013
f 7013 6725 7014
f 7017 7016 7015
f 6999 7017 7015
f 6726 6999 7015
f 6711 6999 6726
f 6727 7003 6714
f 7005 7018 7004
f 6715 7003 6727
f 7018 7005 7006
f 7018 7006 7019
f 7019 7006 7007
f 7019 7007 7020
f 7020 7007 7008
f 7020 7008 7021
f 7021 7008 7009
f 7022 7014 6725
f 7022 6725 6728
f 7023 6728 6729
f 7023 7022 6728
f 6729 6731 7023
f 7023 6731 7024
f 7026 7025 6734
f 6734 7025 6733
f 6735 7015 7016
f 7026 6735 7016
f 6734 6735 7026
f 7015 6735 6726
f 6736 7028 7027
f 7024 6736 7027
f 6731 6736 7024
f 7028 7029 7027
f 7025 6737 6733
f 7030 6737 7025
f 6738 7028 6736
f 6738 6739 7028
f 6739 7029 7028
f 6739 7031 7029
f 7030 6740 6737
f 7032 6740 7030
f 7033 7031 6739
f 7033 6739 6741
f 6741 6743 7033
f 7033 6743 7034
f 7035 6744 6745
f 7036 7035 6745
f 6740 7036 6745
f 7032 7036 6740
f 6746 7034 6743
f 6746 7037 7034
f 7035 6747 6744
f 6749 6747 7035
f 7036 6749 7035
f 7038 6749 7036
f 7039 7037 6746
f 7039 6746 6750
f 6750 6751 7039
f 7039 6751 7040
f 7038 6753 6749
f 7041 6753 7038
f 6755 7040 6751
f 6755 7042 7040
f 7041 6757 6753
f 7043 6757 7041
f 7044 7042 6755
f 7044 6755 6758
f 7046 7044 7045
f 7044 6759 7045
f 7044 6758 6759
f 6760 7045 6759
f 7043 6761 6757
f 7047 6761 7043
f 7048 7046 7045
f 7050 7048 7049
f 7049 7048 6762
f 7048 7045 6762
f 7045 6760 6762
f 6763 7049 6762
f 7052 6764 7051
f 6764 7047 7051
f 6764 6761 7047
f 7053 7052 7051
f 7056 7055 7054
f 7054 7055 7050
f 7054 7050 7049
f 6767 7054 7049
f 6766 6767 7049
f 6766 7049 6763
f 7057 6768 7052
f 7052 6768 6764
f 7052 7053 7058
f 7052 7058 7057
f 7059 7056 7054
f 7061 7059 7060
f 7060 7059 6769
f 7059 7054 6769
f 7054 6767 6769
f 6771 7060 6769
f 7062 6772 7057
f 7057 6772 6768
f 7057 7058 7063
f 7057 7063 7062
f 7064 7061 7060
f 7066 7064 7065
f 7065 7064 6773
f 7064 7060 6773
f 7060 6771 6773
f 6775 7065 6773
f 7062 6777 6772
f 7068 7067 6779
f 7068 6779 6777
f 7063 7068 6777
f 7062 7063 6777
f 7069 7067 7068
f 7070 7066 7065
f 7065 6775 7070
f 6775 7071 7070
f 6775 6781 7071
f 7072 6783 7067
f 7067 6783 6779
f 7067 7069 7073
f 7074 7067 7073
f 7072 7067 7074
f 7075 7074 7073
f 7076 7071 6781
f 7076 6781 6784
f 6784 6785 7076
f 7076 6785 7077
f 7072 6788 6783
f 6788 7072 6791
f 6791 7072 7074
f 7079 7078 6792
f 7079 6792 6791
f 7075 7079 6791
f 7074 7075 6791
f 7080 7078 7079
f 6785 6793 7081
f 7082 6785 7081
f 7077 6785 7082
f 6794 7081 6793
f 7078 6798 6792
f 6799 6798 7078
f 7080 6799 7078
f 7083 6799 7080
f 7082 7081 7084
f 7082 7084 7085
f 6801 7084 6794
f 6794 7084 7081
f 7083 7086 6799
f 6799 7086 6803
f 7088 7087 6805
f 6803 7088 6805
f 7086 7088 6803
f 7089 7087 7088
f 7090 7085 7084
f 7092 7090 7091
f 7091 7090 6806
f 7090 7084 6806
f 7084 6801 6806
f 6807 7091 6806
f 7087 6809 6805
f 6811 6809 7087
f 7089 6811 7087
f 7093 6811 7089
f 7094 7092 7091
f 7096 7094 7095
f 7095 7094 6812
f 7094 7091 6812
f 7091 6807 6812
f 6814 7095 6812
f 7093 6816 6811
f 7097 6816 7093
f 7096 7095 6818
f 6819 7096 6818
f 7098 7096 6819
f 6818 7095 6814
f 6821 6816 7099
f 6816 7100 7099
f 6816 7097 7100
f 7099 6822 6821
f 6819 6823 7101
f 7102 6819 7101
f 7098 6819 7102
f 6824 7101 6823
f 7099 7100 7103
f 7103 7100 7104
f 7103 6828 6822
f 7103 6822 7099
f 7102 7101 7105
f 7102 7105 7106
f 6830 7105 6824
f 6824 7105 7101
f 7103 7104 7107
f 7107 7104 7108
f 7107 6832 6828
f 7107 6828 7103
f 7106 7105 7109
f 7106 7109 7110
f 6834 7111 6830
f 7111 7105 6830
f 7111 7109 7105
f 6835 7111 6834
f 7108 7112 7107
f 6832 7107 7112
f 7113 6832 7112
f 6838 6832 7113
f 7114 7110 7109
f 6840 7115 6839
f 7115 7109 6839
f 7109 7111 6839
f 7115 7114 7109
f 6839 7111 6835
f 7113 6843 6838
f 7116 6843 7113
f 6844 7115 6840
f 6844 7117 7115
f 7116 6846 6843
f 7118 6846 7116
f 6847 7117 6844
f 6847 7119 7117
f 6848 6846 7120
f 6846 7121 7120
f 6846 7118 7121
f 7120 6849 6848
f 6850 7123 7122
f 7119 6850 7122
f 6847 6850 7119
f 7123 7124 7122
f 7120 7121 7125
f 7125 7121 7126
f 7127 6851 6849
f 7120 7127 6849
f 7125 7127 7120
f 7127 6852 6851
f 6853 7123 6850
f 6853 6855 7123
f 6855 7124 7123
f 6855 7128 7124
f 7126 7129 7125
f 7131 7130 7129
f 7130 7125 7129
f 7130 7127 7125
f 7132 6856 6852
f 7127 7132 6852
f 7130 7132 7127
f 7132 6857 6856
f 6859 7128 6855
f 6859 7133 7128
f 7131 7134 7130
f 7136 7135 7134
f 7135 7130 7134
f 7135 7132 7130
f 7135 6860 6857
f 7135 6857 7132
f 6862 7133 6859
f 6862 7137 7133
f 7136 7138 7135
f 6860 7135 7138
f 7139 6860 7138
f 6864 6860 7139
f 6866 7137 6862
f 6866 7140 7137
f 7139 7141 6864
f 6864 7141 6867
f 6868 6867 7141
f 6868 7141 7142
f 7145 7144 7143
f 7144 7140 7143
f 7140 6870 7143
f 7140 6866 6870
f 7142 7146 6868
f 6868 7146 6871
f 6872 6871 7146
f 6872 7146 7147
f 7145 7143 6873
f 6874 7145 6873
f 7148 7145 6874
f 6873 7143 6870
f 7147 7149 6872
f 6872 7149 6875
f 7151 7150 6876
f 6875 7151 6876
f 7149 7151 6875
f 7152 7150 7151
f 7155 7154 7153
f 7154 7148 7153
f 7148 6877 7153
f 7148 6874 6877
f 7150 6878 6876
f 6879 6878 7150
f 7152 6879 7150
f 7156 6879 7152
f 7159 7158 7157
f 7157 7158 7155
f 7157 7155 7153
f 6881 7157 7153
f 6880 6881 7153
f 6880 7153 6877
f 7156 6882 6879
f 7160 6882 7156
f 7159 7157 7161
f 7159 7161 7162
f 6883 7161 6881
f 6881 7161 7157
f 7160 7163 6882
f 6882 7163 6884
f 6885 6884 7163
f 6885 7163 7164
f 7162 7161 6886
f 6887 7162 6886
f 7165 7162 6887
f 6886 7161 6883
f 7164 7166 6885
f 6885 7166 6888
f 6889 6888 7166
f 6889 7166 7167
f 7170 7169 7168
f 6890 6891 7168
f 7169 6890 7168
f 7171 6890 7169
f 6887 6890 7165
f 7165 6890 7171
f 7167 7172 6889
f 6889 7172 6892
f 7174 7173 6893
f 6892 7174 6893
f 7172 7174 6892
f 7175 7173 7174
f 7177 7176 6895
f 7177 6895 6896
f 7168 6897 7170
f 6897 7176 7170
f 6897 6895 7176
f 6897 7168 6891
f 7173 6898 6893
f 7175 7178 7173
f 7178 6898 7173
f 7178 6899 6898
f 7180 7179 6900
f 6899 7180 6900
f 7178 7180 6899
f 7181 7179 7180
f 6903 7182 6904
f 7183 6905 6904
f 7183 6904 7182
f 7184 6906 6905
f 7184 6905 7183
f 6906 7184 7185
f 7186 6906 7185
f 6907 6906 7186
f 7186 7188 7187
f 6909 7186 7187
f 6907 7186 6909
f 7187 6910 6909
f 7189 7177 6896
f 7189 6896 6911
f 6911 6912 7189
f 7189 6912 7190
f 7179 6913 6900
f 7181 7191 7179
f 7191 6913 7179
f 7191 6914 6913
f 6914 7192 6915
f 7191 7192 6914
f 6915 7193 6916
f 7192 7193 6915
f 6903 6916 7182
f 6916 7194 7182
f 6916 7193 7194
f 7182 7194 7183
f 7183 7194 7195
f 7183 7195 7184
f 7184 7195 7196
f 7184 7196 7185
f 7188 7197 7187
f 6910 7187 7197
f 7198 6910 7197
f 6917 6910 7198
f 7200 7199 6918
f 7200 6918 6919
f 6918 7201 6920
f 7199 7201 6918
f 6912 6920 7190
f 7190 6920 7201
f 7198 7202 6917
f 6917 7202 6921
f 6922 6921 7202
f 6922 7202 7203
f 6923 7200 6919
f 6923 7204 7200
f 7203 6924 6922
f 7205 6924 7203
f 6925 7204 6923
f 6925 7206 7204
f 7205 6927 6924
f 7207 6927 7205
f 6928 7206 6925
f 6928 7208 7206
f 7211 7210 7209
f 6930 6931 7209
f 6931 7211 7209
f 6931 7212 7211
f 7213 6931 6932
f 7213 7212 6931
f 7214 6932 6934
f 7214 7213 6932
f 7215 6934 6935
f 7215 7214 6934
f 6935 6927 7207
f 6935 7207 7215
f 6936 7208 6928
f 6936 7216 7208
f 7209 7210 6938
f 7210 6937 6938
f 7210 7217 6937
f 7209 6938 6930
f 6939 7216 6936
f 6939 7218 7216
f 7220 7219 6941
f 6941 7219 6940
f 6941 6937 7217
f 6941 7217 7220
f 6942 7218 6939
f 6942 7221 7218
f 7219 6943 6940
f 7222 6943 7219
f 6944 7221 6942
f 6944 7223 7221
f 7222 7224 6943
f 6943 7224 6945
f 6947 6945 7224
f 6947 7224 7225
f 6948 7223 6944
f 6948 7226 7223
f 7228 6949 7227
f 6949 7225 7227
f 6949 6947 7225
f 7229 7228 7227
f 7231 7230 6951
f 7231 6951 6952
f 6948 6951 7226
f 7226 6951 7230
f 7228 6953 6949
f 7229 7232 7228
f 7232 6953 7228
f 7232 6955 6953
f 6956 6955 7232
f 6956 7232 7233
f 6957 7231 6952
f 6957 7234 7231
f 7233 7235 6956
f 6956 7235 6958
f 6958 7236 6959
f 7235 7236 6958
f 6960 6959 7236
f 6960 7236 7237
f 7240 7239 7238
f 7239 7234 7238
f 7234 6961 7238
f 7234 6957 6961
f 7242 6962 7241
f 6962 7237 7241
f 6962 6960 7237
f 7244 7243 7242
f 7244 7242 7241
f 7243 7244 7240
f 7243 7240 7238
f 6965 7243 7238
f 6964 6965 7238
f 6964 7238 6961
f 7242 6966 6962
f 6966 7242 6968
f 6968 7242 7243
f 6968 7243 6965
f 7245 6969 6970
f 6971 7245 6970
f 7245 6972 6969
f 6972 7245 6971
f 7246 6974 6975
f 6977 7246 6975
f 7247 6979 6980
f 7248 7247 6980
f 7248 6980 6974
f 7249 7248 6974
f 7246 7249 6974
f 7249 7246 6977
f 6981 7249 6977
f 7250 7249 6981
f 7252 7250 7251
f 7250 6982 7251
f 7250 6981 6982
f 6983 7253 6982
f 6982 7253 7251
f 6984 7253 6983
f 7255 7254 6988
f 6988 7254 6987
f 6988 6979 7247
f 7256 6988 7247
f 7255 6988 7256
f 7256 7247 7248
f 7257 7252 7251
f 7257 7251 7253
f 7257 7253 7258
f 7258 7253 6984
f 6989 7258 6984
f 7259 7258 6989
f 6989 6990 7259
f 7259 6990 7260
f 7261 6992 6993
f 7261 6993 7262
f 6993 7263 7262
f 6993 6994 7263
f 7264 6994 6995
f 7264 7263 6994
f 6995 6987 7254
f 6995 7254 7264
f 7265 7260 6990
f 7265 6990 6996
f 7266 6996 6997
f 7266 7265 6996
f 7268 7267 6998
f 7267 6997 6998
f 7267 7266 6997
f 7268 7269 7267
f 7270 6999 7000
f 7271 7270 7000
f 7271 7000 6992
f 7272 7271 6992
f 7261 7272 6992
f 7272 7261 7262
f 7001 7268 6998
f 7273 7269 7268
f 7001 7273 7268
f 7002 7273 7001
f 7275 7274 7004
f 7274 7002 7004
f 7274 7273 7002
f 7275 7276 7274
f 7277 7009 7010
f 7277 7010 7278
f 7010 7279 7278
f 7010 7011 7279
f 7280 7011 7012
f 7280 7279 7011
f 7282 7280 7281
f 7280 7013 7281
f 7280 7012 7013
f 7014 7281 7013
f 7284 7283 7017
f 7017 7283 7016
f 7017 6999 7270
f 7285 7017 7270
f 7284 7017 7285
f 7285 7270 7271
f 7018 7275 7004
f 7286 7276 7275
f 7018 7286 7275
f 7019 7286 7018
f 7287 7019 7020
f 7287 7286 7019
f 7289 7287 7288
f 7287 7021 7288
f 7287 7020 7021
f 7009 7277 7021
f 7277 7288 7021
f 7277 7290 7288
f 7277 7278 7291
f 7277 7291 7290
f 7292 7282 7281
f 7292 7281 7014
f 7022 7292 7014
f 7293 7292 7022
f 7295 7293 7294
f 7293 7023 7294
f 7293 7022 7023
f 7024 7294 7023
f 7296 7025 7026
f 7297 7296 7026
f 7016 7297 7026
f 7283 7297 7016
f 7298 7289 7288
f 7298 7288 7290
f 7298 7290 7299
f 7299 7290 7291
f 7300 7295 7294
f 7300 7294 7024
f 7027 7300 7024
f 7301 7300 7027
f 7027 7029 7301
f 7301 7029 7302
f 7303 7030 7296
f 7296 7030 7025
f 7296 7297 7304
f 7296 7304 7303
f 7031 7302 7029
f 7031 7305 7302
f 7306 7032 7303
f 7303 7032 7030
f 7303 7304 7307
f 7303 7307 7306
f 7031 7033 7308
f 7309 7031 7308
f 7305 7031 7309
f 7034 7308 7033
f 7311 7310 7306
f 7310 7032 7306
f 7310 7036 7032
f 7311 7306 7307
f 7312 7309 7308
f 7308 7034 7312
f 7034 7313 7312
f 7034 7037 7313
f 7310 7038 7036
f 7314 7038 7310
f 7037 7039 7315
f 7316 7037 7315
f 7313 7037 7316
f 7040 7315 7039
f 7314 7041 7038
f 7317 7041 7314
f 7318 7316 7315
f 7315 7040 7318
f 7040 7319 7318
f 7040 7042 7319
f 7317 7043 7041
f 7320 7043 7317
f 7042 7044 7321
f 7322 7042 7321
f 7319 7042 7322
f 7046 7321 7044
f 7324 7047 7323
f 7047 7320 7323
f 7047 7043 7320
f 7325 7324 7323
f 7326 7322 7321
f 7328 7326 7327
f 7327 7326 7048
f 7326 7321 7048
f 7321 7046 7048
f 7050 7327 7048
f 7324 7051 7047
f 7053 7051 7324
f 7325 7053 7324
f 7329 7053 7325
f 7328 7327 7055
f 7056 7328 7055
f 7330 7328 7056
f 7055 7327 7050
f 7332 7058 7331
f 7058 7329 7331
f 7058 7053 7329
f 7333 7332 7331
f 7056 7059 7334
f 7335 7056 7334
f 7330 7056 7335
f 7061 7334 7059
f 7336 7063 7332
f 7332 7063 7058
f 7332 7333 7337
f 7338 7332 7337
f 7336 7332 7338
f 7339 7338 7337
f 7340 7335 7334
f 7342 7340 7341
f 7341 7340 7064
f 7340 7334 7064
f 7334 7061 7064
f 7066 7341 7064
f 7336 7068 7063
f 7068 7336 7069
f 7336 7343 7069
f 7336 7338 7343
f 7338 7339 7344
f 7345 7338 7344
f 7343 7338 7345
f 7346 7345 7344
f 7347 7342 7341
f 7349 7347 7348
f 7348 7347 7070
f 7347 7341 7070
f 7341 7066 7070
f 7071 7348 7070
f 7343 7073 7069
f 7073 7343 7075
f 7343 7350 7075
f 7343 7345 7350
f 7345 7346 7351
f 7345 7351 7350
f 7352 7349 7348
f 7354 7352 7353
f 7353 7352 7076
f 7352 7348 7076
f 7348 7071 7076
f 7077 7353 7076
f 7350 7079 7075
f 7356 7355 7080
f 7356 7080 7079
f 7351 7356 7079
f 7350 7351 7079
f 7358 7357 7355
f 7358 7355 7356
f 7359 7357 7358
f 7360 7354 7353
f 7353 7077 7360
f 7077 7361 7360
f 7077 7082 7361
f 7362 7083 7355
f 7355 7083 7080
f 7363 7355 7357
f 7362 7355 7363
f 7357 7359 7364
f 7357 7364 7363
f 7085 7361 7082
f 7085 7365 7361
f 7362 7086 7083
f 7086 7362 7088
f 7088 7362 7363
f 7089 7088 7363
f 7364 7089 7363
f 7366 7089 7364
f 7367 7365 7085
f 7367 7085 7090
f 7090 7092 7367
f 7367 7092 7368
f 7366 7093 7089
f 7369 7093 7366
f 7092 7094 7370
f 7371 7092 7370
f 7368 7092 7371
f 7096 7370 7094
f 7369 7097 7093
f 7372 7097 7369
f 7371 7370 7373
f 7371 7373 7374
f 7098 7373 7096
f 7096 7373 7370
f 7372 7100 7097
f 7375 7100 7372
f 7376 7374 7373
f 7373 7098 7376
f 7098 7377 7376
f 7098 7102 7377
f 7375 7104 7100
f 7378 7104 7375
f 7106 7377 7102
f 7106 7379 7377
f 7381 7108 7380
f 7108 7378 7380
f 7108 7104 7378
f 7382 7381 7380
f 7110 7379 7106
f 7110 7383 7379
f 7381 7112 7108
f 7113 7112 7381
f 7382 7113 7381
f 7384 7113 7382
f 7110 7114 7385
f 7386 7110 7385
f 7383 7110 7386
f 7115 7385 7114
f 7384 7116 7113
f 7387 7116 7384
f 7388 7386 7385
f 7385 7115 7388
f 7115 7389 7388
f 7115 7117 7389
f 7387 7118 7116
f 7390 7118 7387
f 7119 7389 7117
f 7119 7391 7389
f 7390 7121 7118
f 7392 7121 7390
f 7393 7391 7119
f 7393 7119 7122
f 7122 7124 7393
f 7393 7124 7394
f 7392 7126 7121
f 7395 7126 7392
f 7398 7397 7396
f 7397 7394 7396
f 7394 7128 7396
f 7394 7124 7128
f 7395 7399 7126
f 7126 7399 7129
f 7131 7129 7399
f 7131 7399 7400
f 7398 7396 7401
f 7398 7401 7402
f 7133 7401 7128
f 7128 7401 7396
f 7134 7131 7403
f 7131 7404 7403
f 7131 7400 7404
f 7403 7136 7134
f 7402 7401 7405
f 7402 7405 7406
f 7137 7405 7133
f 7133 7405 7401
f 7404 7407 7403
f 7407 7409 7408
f 7407 7408 7138
f 7403 7407 7138
f 7136 7403 7138
f 7408 7139 7138
f 7406 7405 7410
f 7406 7410 7411
f 7140 7410 7137
f 7137 7410 7405
f 7409 7412 7408
f 7412 7414 7413
f 7412 7413 7141
f 7408 7412 7141
f 7139 7408 7141
f 7413 7142 7141
f 7411 7410 7144
f 7145 7411 7144
f 7415 7411 7145
f 7144 7410 7140
f 7413 7414 7416
f 7416 7414 7417
f 7418 7146 7142
f 7413 7418 7142
f 7416 7418 7413
f 7418 7147 7146
f 7148 7415 7145
f 7148 7419 7415
f 7417 7420 7416
f 7416 7420 7418
f 7418 7420 7421
f 7418 7421 7147
f 7421 7149 7147
f 7421 7422 7149
f 7422 7424 7423
f 7151 7422 7423
f 7149 7422 7151
f 7423 7152 7151
f 7426 7425 7154
f 7426 7154 7155
f 7148 7154 7419
f 7419 7154 7425
f 7424 7427 7423
f 7152 7423 7427
f 7428 7152 7427
f 7156 7152 7428
f 7159 7429 7158
f 7429 7430 7158
f 7430 7155 7158
f 7430 7426 7155
f 7428 7160 7156
f 7431 7160 7428
f 7162 7432 7429
f 7162 7429 7159
f 7430 7429 7433
f 7433 7429 7432
f 7431 7434 7160
f 7160 7434 7163
f 7164 7163 7434
f 7164 7434 7435
f 7438 7437 7436
f 7440 7439 7436
f 7440 7436 7437
f 7440 7441 7432
f 7165 7440 7432
f 7162 7165 7432
f 7439 7440 7165
f 7432 7441 7433
f 7166 7164 7442
f 7164 7443 7442
f 7164 7435 7443
f 7442 7167 7166
f 7438 7436 7169
f 7170 7438 7169
f 7444 7438 7170
f 7169 7436 7171
f 7171 7436 7439
f 7171 7439 7165
f 7443 7445 7442
f 7442 7445 7167
f 7445 7172 7167
f 7445 7446 7172
f 7172 7447 7174
f 7446 7447 7172
f 7175 7174 7447
f 7175 7447 7448
f 7451 7450 7449
f 7176 7177 7449
f 7450 7176 7449
f 7452 7176 7450
f 7170 7176 7444
f 7444 7176 7452
f 7448 7453 7175
f 7175 7453 7178
f 7178 7454 7180
f 7453 7454 7178
f 7181 7180 7454
f 7181 7454 7455
f 7458 7457 7456
f 7459 7456 7457
f 7185 7460 7186
f 7460 7188 7186
f 7451 7449 7461
f 7451 7461 7462
f 7189 7463 7177
f 7463 7449 7177
f 7463 7461 7449
f 7190 7463 7189
f 7455 7464 7181
f 7181 7464 7191
f 7456 7192 7458
f 7192 7464 7458
f 7192 7191 7464
f 7459 7465 7456
f 7465 7192 7456
f 7465 7193 7192
f 7193 7466 7194
f 7465 7466 7193
f 7194 7467 7195
f 7466 7467 7194
f 7195 7468 7196
f 7467 7468 7195
f 7185 7196 7460
f 7196 7469 7460
f 7196 7468 7469
f 7460 7469 7188
f 7469 7197 7188
f 7469 7470 7197
f 7198 7197 7470
f 7198 7470 7471
f 7462 7461 7199
f 7200 7462 7199
f 7472 7462 7200
f 7199 7461 7201
f 7201 7461 7463
f 7201 7463 7190
f 7471 7473 7198
f 7198 7473 7202
f 7203 7202 7473
f 7203 7473 7474
f 7204 7472 7200
f 7204 7475 7472
f 7477 7205 7476
f 7205 7474 7476
f 7205 7203 7474
f 7478 7477 7476
f 7206 7475 7204
f 7206 7479 7475
f 7482 7481 7480
f 7480 7483 7482
f 7484 7207 7477
f 7477 7207 7205
f 7477 7478 7485
f 7477 7485 7484
f 7208 7479 7206
f 7208 7486 7479
f 7487 7210 7211
f 7487 7211 7488
f 7211 7489 7488
f 7211 7212 7489
f 7490 7212 7213
f 7490 7489 7212
f 7214 7480 7481
f 7490 7214 7481
f 7213 7214 7490
f 7491 7483 7480
f 7214 7491 7480
f 7215 7491 7214
f 7491 7215 7207
f 7492 7491 7207
f 7484 7492 7207
f 7491 7492 7493
f 7484 7485 7494
f 7495 7484 7494
f 7492 7484 7495
f 7497 7496 7495
f 7497 7495 7494
f 7497 7486 7496
f 7486 7216 7496
f 7486 7208 7216
f 7499 7498 7487
f 7498 7210 7487
f 7498 7217 7210
f 7499 7487 7488
f 7500 7493 7492
f 7500 7492 7495
f 7500 7495 7501
f 7503 7502 7501
f 7495 7503 7501
f 7496 7503 7495
f 7218 7503 7216
f 7216 7503 7496
f 7504 7219 7220
f 7505 7504 7220
f 7217 7505 7220
f 7498 7505 7217
f 7502 7503 7506
f 7502 7506 7507
f 7221 7506 7218
f 7218 7506 7503
f 7508 7222 7504
f 7504 7222 7219
f 7504 7505 7509
f 7504 7509 7508
f 7507 7506 7510
f 7507 7510 7511
f 7223 7510 7221
f 7221 7510 7506
f 7508 7224 7222
f 7513 7512 7225
f 7513 7225 7224
f 7509 7513 7224
f 7508 7509 7224
f 7514 7512 7513
f 7511 7510 7515
f 7511 7515 7516
f 7226 7515 7223
f 7223 7515 7510
f 7512 7227 7225
f 7518 7517 7229
f 7518 7229 7227
f 7514 7518 7227
f 7512 7514 7227
f 7519 7517 7518
f 7516 7515 7230
f 7231 7516 7230
f 7520 7516 7231
f 7230 7515 7226
f 7517 7232 7229
f 7522 7521 7233
f 7522 7233 7232
f 7519 7522 7232
f 7517 7519 7232
f 7523 7521 7522
f 7234 7520 7231
f 7234 7524 7520
f 7521 7235 7233
f 7523 7525 7521
f 7525 7235 7521
f 7525 7236 7235
f 7237 7236 7525
f 7237 7525 7526
f 7528 7527 7239
f 7528 7239 7240
f 7234 7239 7524
f 7524 7239 7527
f 7526 7529 7237
f 7237 7529 7241
f 7241 7530 7244
f 7529 7530 7241
f 7240 7244 7528
f 7528 7244 7530
f 7532 7531 7249
f 7249 7531 7248
f 7533 7249 7250
f 7533 7532 7249
f 7535 7534 7252
f 7534 7250 7252
f 7534 7533 7250
f 7537 7536 7535
f 7535 7536 7534
f 7537 7538 7536
f 7540 7539 7255
f 7255 7539 7254
f 7541 7255 7256
f 7541 7540 7255
f 7256 7248 7531
f 7256 7531 7541
f 7257 7535 7252
f 7535 7257 7258
f 7535 7258 7537
f 7542 7538 7537
f 7258 7542 7537
f 7259 7542 7258
f 7544 7543 7260
f 7543 7259 7260
f 7543 7542 7259
f 7544 7545 7543
f 7546 7262 7263
f 7546 7263 7547
f 7263 7548 7547
f 7263 7264 7548
f 7264 7254 7539
f 7264 7539 7548
f 7265 7544 7260
f 7549 7545 7544
f 7265 7549 7544
f 7266 7549 7265
f 7550 7266 7267
f 7550 7549 7266
f 7552 7551 7269
f 7551 7267 7269
f 7551 7550 7267
f 7552 7553 7551
f 7556 7555 7554
f 7554 7271 7556
f 7271 7272 7556
f 7558 7557 7556
f 7558 7556 7272
f 7559 7558 7272
f 7559 7272 7262
f 7560 7559 7262
f 7546 7560 7262
f 7560 7546 7547
f 7273 7552 7269
f 7561 7553 7552
f 7273 7561 7552
f 7274 7561 7273
f 7563 7562 7276
f 7562 7274 7276
f 7562 7561 7274
f 7563 7564 7562
f 7565 7278 7279
f 7280 7566 7279
f 7279 7566 7565
f 7282 7566 7280
f 7568 7567 7284
f 7284 7567 7283
f 7285 7554 7555
f 7568 7285 7555
f 7284 7285 7568
f 7558 7569 7557
f 7271 7554 7285
f 7569 7558 7559
f 7286 7563 7276
f 7570 7564 7563
f 7286 7570 7563
f 7287 7570 7286
f 7572 7571 7289
f 7571 7287 7289
f 7571 7570 7287
f 7572 7573 7571
f 7574 7291 7565
f 7565 7291 7278
f 7575 7565 7566
f 7574 7565 7575
f 7292 7576 7282
f 7576 7566 7282
f 7576 7575 7566
f 7293 7577 7292
f 7292 7577 7576
f 7295 7577 7293
f 7567 7297 7283
f 7578 7297 7567
f 7298 7572 7289
f 7298 7299 7572
f 7299 7579 7572
f 7579 7573 7572
f 7299 7580 7579
f 7291 7574 7299
f 7574 7580 7299
f 7574 7581 7580
f 7575 7583 7582
f 7581 7575 7582
f 7574 7575 7581
f 7583 7575 7576
f 7583 7576 7584
f 7586 7585 7584
f 7576 7586 7584
f 7577 7586 7576
f 7300 7587 7295
f 7587 7577 7295
f 7587 7586 7577
f 7301 7588 7300
f 7300 7588 7587
f 7302 7588 7301
f 7578 7304 7297
f 7589 7304 7578
f 7590 7579 7580
f 7590 7580 7581
f 7590 7581 7591
f 7591 7581 7582
f 7592 7585 7586
f 7594 7593 7592
f 7586 7594 7592
f 7587 7594 7586
f 7595 7587 7588
f 7594 7587 7595
f 7305 7595 7302
f 7302 7595 7588
f 7589 7307 7304
f 7596 7307 7589
f 7597 7593 7594
f 7599 7598 7597
f 7594 7599 7597
f 7595 7599 7594
f 7309 7599 7305
f 7305 7599 7595
f 7600 7310 7311
f 7601 7600 7311
f 7307 7601 7311
f 7596 7601 7307
f 7602 7598 7599
f 7604 7602 7603
f 7603 7602 7312
f 7602 7599 7312
f 7599 7309 7312
f 7313 7603 7312
f 7605 7314 7600
f 7600 7314 7310
f 7600 7601 7606
f 7600 7606 7605
f 7604 7603 7607
f 7604 7607 7608
f 7316 7607 7313
f 7313 7607 7603
f 7609 7317 7605
f 7605 7317 7314
f 7605 7606 7610
f 7605 7610 7609
f 7611 7608 7607
f 7613 7611 7612
f 7612 7611 7318
f 7611 7607 7318
f 7607 7316 7318
f 7319 7612 7318
f 7614 7320 7609
f 7609 7320 7317
f 7609 7610 7615
f 7609 7615 7614
f 7616 7613 7612
f 7612 7319 7616
f 7319 7617 7616
f 7319 7322 7617
f 7614 7323 7320
f 7619 7618 7325
f 7619 7325 7323
f 7615 7619 7323
f 7614 7615 7323
f 7620 7618 7619
f 7322 7326 7621
f 7622 7322 7621
f 7617 7322 7622
f 7328 7621 7326
f 7623 7329 7618
f 7618 7329 7325
f 7618 7620 7624
f 7618 7624 7623
f 7622 7621 7625
f 7622 7625 7626
f 7330 7625 7328
f 7328 7625 7621
f 7623 7331 7329
f 7628 7627 7333
f 7628 7333 7331
f 7624 7628 7331
f 7623 7624 7331
f 7629 7627 7628
f 7630 7626 7625
f 7625 7330 7630
f 7330 7631 7630
f 7330 7335 7631
f 7627 7337 7333
f 7633 7632 7339
f 7633 7339 7337
f 7629 7633 7337
f 7627 7629 7337
f 7634 7632 7633
f 7335 7340 7635
f 7636 7335 7635
f 7631 7335 7636
f 7342 7635 7340
f 7632 7344 7339
f 7638 7637 7346
f 7638 7346 7344
f 7634 7638 7344
f 7632 7634 7344
f 7640 7639 7637
f 7640 7637 7638
f 7641 7639 7640
f 7642 7636 7635
f 7644 7642 7643
f 7643 7642 7347
f 7642 7635 7347
f 7635 7342 7347
f 7349 7643 7347
f 7645 7351 7637
f 7637 7351 7346
f 7646 7637 7639
f 7645 7637 7646
f 7639 7641 7647
f 7639 7647 7646
f 7648 7644 7643
f 7650 7648 7649
f 7649 7648 7352
f 7648 7643 7352
f 7643 7349 7352
f 7354 7649 7352
f 7645 7356 7351
f 7356 7645 7358
f 7358 7645 7646
f 7359 7358 7646
f 7647 7359 7646
f 7651 7359 7647
f 7652 7650 7649
f 7652 7649 7354
f 7360 7652 7354
f 7653 7652 7360
f 7360 7361 7653
f 7653 7361 7654
f 7651 7364 7359
f 7655 7364 7651
f 7365 7654 7361
f 7365 7656 7654
f 7655 7366 7364
f 7657 7366 7655
f 7658 7656 7365
f 7658 7365 7367
f 7367 7368 7658
f 7658 7368 7659
f 7661 7369 7660
f 7369 7657 7660
f 7369 7366 7657
f 7662 7661 7660
f 7371 7659 7368
f 7371 7663 7659
f 7664 7372 7661
f 7661 7372 7369
f 7661 7662 7665
f 7661 7665 7664
f 7374 7663 7371
f 7374 7666 7663
f 7667 7375 7664
f 7664 7375 7372
f 7664 7665 7668
f 7664 7668 7667
f 7374 7376 7669
f 7670 7374 7669
f 7666 7374 7670
f 7377 7669 7376
f 7671 7378 7667
f 7667 7378 7375
f 7667 7668 7672
f 7667 7672 7671
f 7670 7669 7673
f 7670 7673 7674
f 7379 7673 7377
f 7377 7673 7669
f 7671 7380 7378
f 7382 7380 7671
f 7672 7382 7671
f 7675 7382 7672
f 7676 7674 7673
f 7673 7379 7676
f 7379 7677 7676
f 7379 7383 7677
f 7675 7384 7382
f 7678 7384 7675
f 7386 7677 7383
f 7386 7679 7677
f 7678 7387 7384
f 7680 7387 7678
f 7386 7388 7681
f 7682 7386 7681
f 7679 7386 7682
f 7389 7681 7388
f 7680 7390 7387
f 7683 7390 7680
f 7684 7682 7681
f 7681 7389 7684
f 7389 7685 7684
f 7389 7391 7685
f 7683 7392 7390
f 7686 7392 7683
f 7391 7393 7687
f 7688 7391 7687
f 7685 7391 7688
f 7394 7687 7393
f 7690 7395 7689
f 7395 7686 7689
f 7395 7392 7686
f 7691 7690 7689
f 7688 7687 7397
f 7398 7688 7397
f 7692 7688 7398
f 7397 7687 7394
f 7690 7399 7395
f 7400 7399 7690
f 7691 7400 7690
f 7693 7400 7691
f 7402 7692 7398
f 7402 7694 7692
f 7693 7404 7400
f 7695 7404 7693
f 7406 7694 7402
f 7406 7696 7694
f 7695 7697 7404
f 7404 7697 7407
f 7409 7407 7697
f 7409 7697 7698
f 7411 7696 7406
f 7411 7699 7696
f 7698 7700 7409
f 7409 7700 7412
f 7414 7412 7700
f 7414 7700 7701
f 7415 7699 7411
f 7415 7702 7699
f 7704 7417 7703
f 7417 7701 7703
f 7417 7414 7701
f 7705 7704 7703
f 7419 7702 7415
f 7419 7706 7702
f 7704 7420 7417
f 7705 7707 7704
f 7707 7420 7704
f 7707 7421 7420
f 7707 7709 7708
f 7422 7707 7708
f 7421 7707 7422
f 7708 7424 7422
f 7712 7711 7710
f 7425 7426 7710
f 7711 7425 7710
f 7713 7425 7711
f 7419 7425 7706
f 7706 7425 7713
f 7709 7714 7708
f 7714 7716 7715
f 7714 7715 7427
f 7708 7714 7427
f 7424 7708 7427
f 7715 7428 7427
f 7712 7710 7717
f 7712 7717 7718
f 7430 7717 7426
f 7426 7717 7710
f 7716 7719 7715
f 7428 7715 7719
f 7720 7428 7719
f 7431 7428 7720
f 7723 7722 7721
f 7725 7724 7721
f 7725 7721 7722
f 7724 7725 7718
f 7717 7724 7718
f 7726 7724 7717
f 7433 7726 7430
f 7430 7726 7717
f 7720 7727 7431
f 7431 7727 7434
f 7435 7434 7727
f 7435 7727 7728
f 7723 7721 7437
f 7438 7723 7437
f 7729 7723 7438
f 7437 7721 7440
f 7440 7721 7724
f 7440 7724 7441
f 7441 7724 7726
f 7441 7726 7433
f 7728 7443 7435
f 7730 7443 7728
f 7444 7729 7438
f 7444 7731 7729
f 7730 7732 7443
f 7443 7732 7445
f 7732 7734 7733
f 7446 7732 7733
f 7445 7732 7446
f 7735 7447 7446
f 7735 7446 7733
f 7735 7448 7447
f 7451 7736 7450
f 7450 7736 7737
f 7738 7450 7737
f 7452 7450 7738
f 7444 7452 7731
f 7731 7452 7738
f 7734 7739 7733
f 7741 7740 7739
f 7740 7733 7739
f 7740 7735 7733
f 7742 7453 7448
f 7735 7742 7448
f 7740 7742 7735
f 7743 7454 7453
f 7743 7453 7742
f 7743 7455 7454
f 7458 7744 7457
f 7744 7459 7457
f 7462 7745 7736
f 7462 7736 7451
f 7737 7736 7746
f 7746 7736 7745
f 7741 7747 7740
f 7740 7747 7742
f 7742 7747 7748
f 7742 7748 7743
f 7743 7748 7749
f 7743 7749 7455
f 7749 7464 7455
f 7749 7750 7464
f 7464 7750 7458
f 7750 7751 7458
f 7751 7744 7458
f 7751 7750 7752
f 7753 7465 7459
f 7744 7753 7459
f 7751 7753 7744
f 7754 7466 7465
f 7754 7465 7753
f 7755 7467 7466
f 7755 7466 7754
f 7756 7468 7467
f 7756 7467 7755
f 7757 7469 7468
f 7757 7468 7756
f 7758 7470 7469
f 7758 7469 7757
f 7758 7471 7470
f 7760 7759 7745
f 7462 7760 7745
f 7472 7760 7462
f 7745 7759 7746
f 7752 7761 7751
f 7751 7761 7753
f 7753 7761 7762
f 7753 7762 7754
f 7754 7762 7763
f 7754 7763 7755
f 7755 7763 7764
f 7755 7764 7756
f 7756 7764 7765
f 7756 7765 7757
f 7757 7765 7766
f 7757 7766 7758
f 7758 7766 7767
f 7767 7769 7768
f 7767 7768 7473
f 7758 7767 7473
f 7471 7758 7473
f 7768 7474 7473
f 7475 7760 7472
f 7475 7770 7760
f 7769 7771 7768
f 7768 7771 7474
f 7771 7476 7474
f 7771 7772 7476
f 7478 7476 7772
f 7478 7772 7773
f 7479 7770 7475
f 7479 7774 7770
f 7775 7481 7482
f 7483 7775 7482
f 7773 7485 7478
f 7776 7485 7773
f 7486 7774 7479
f 7486 7777 7774
f 7778 7488 7489
f 7778 7489 7779
f 7489 7780 7779
f 7489 7490 7780
f 7490 7481 7775
f 7781 7490 7775
f 7780 7490 7781
f 7781 7775 7483
f 7491 7781 7483
f 7782 7781 7491
f 7491 7493 7782
f 7782 7493 7783
f 7776 7784 7485
f 7485 7784 7494
f 7494 7785 7497
f 7784 7785 7494
f 7486 7497 7777
f 7777 7497 7785
f 7787 7786 7499
f 7499 7786 7498
f 7499 7488 7778
f 7788 7499 7778
f 7787 7499 7788
f 7788 7778 7779
f 7789 7783 7493
f 7789 7493 7500
f 7790 7500 7501
f 7790 7789 7500
f 7501 7502 7790
f 7790 7502 7791
f 7793 7505 7792
f 7505 7786 7792
f 7505 7498 7786
f 7794 7793 7792
f 7507 7791 7502
f 7507 7795 7791
f 7796 7509 7793
f 7793 7509 7505
f 7793 7794 7797
f 7793 7797 7796
f 7511 7795 7507
f 7511 7798 7795
f 7796 7513 7509
f 7514 7513 7796
f 7797 7514 7796
f 7799 7514 7797
f 7516 7798 7511
f 7516 7800 7798
f 7799 7801 7514
f 7514 7801 7518
f 7803 7802 7519
f 7518 7803 7519
f 7801 7803 7518
f 7804 7802 7803
f 7520 7806 7805
f 7800 7520 7805
f 7516 7520 7800
f 7806 7807 7805
f 7802 7522 7519
f 7809 7808 7523
f 7809 7523 7522
f 7804 7809 7522
f 7802 7804 7522
f 7810 7808 7809
f 7812 7811 7806
f 7520 7812 7806
f 7524 7812 7520
f 7806 7811 7807
f 7808 7525 7523
f 7814 7813 7526
f 7814 7526 7525
f 7810 7814 7525
f 7808 7810 7525
f 7816 7815 7813
f 7816 7813 7814
f 7527 7528 7815
f 7816 7527 7815
f 7817 7527 7816
f 7524 7527 7812
f 7812 7527 7817
f 7813 7529 7526
f 7529 7813 7530
f 7530 7813 7815
f 7530 7815 7528
f 7819 7818 7532
f 7532 7818 7531
f 7820 7532 7533
f 7820 7819 7532
f 7821 7533 7534
f 7821 7820 7533
f 7822 7534 7536
f 7822 7821 7534
f 7824 7823 7538
f 7823 7536 7538
f 7823 7822 7536
f 7824 7825 7823
f 7827 7826 7540
f 7540 7826 7539
f 7828 7540 7541
f 7828 7827 7540
f 7541 7531 7818
f 7541 7818 7828
f 7542 7824 7538
f 7829 7825 7824
f 7542 7829 7824
f 7543 7829 7542
f 7831 7830 7545
f 7830 7543 7545
f 7830 7829 7543
f 7831 7832 7830
f 7835 7834 7833
f 7833 7836 7835
f 7838 7837 7548
f 7548 7837 7547
f 7548 7539 7826
f 7548 7826 7838
f 7549 7831 7545
f 7839 7832 7831
f 7549 7839 7831
f 7550 7839 7549
f 7840 7550 7551
f 7840 7839 7550
f 7551 7553 7840
f 7840 7553 7841
f 7833 7834 7556
f 7834 7555 7556
f 7834 7842 7555
f 7556 7557 7833
f 7557 7836 7833
f 7557 7843 7836
f 7845 7844 7560
f 7560 7844 7559
f 7560 7547 7837
f 7560 7837 7845
f 7846 7841 7553
f 7846 7553 7561
f 7847 7561 7562
f 7847 7846 7561
f 7849 7848 7564
f 7848 7562 7564
f 7848 7847 7562
f 7849 7850 7848
f 7851 7567 7568
f 7555 7842 7852
f 7851 7555 7852
f 7853 7851 7852
f 7568 7555 7851
f 7855 7854 7569
f 7854 7856 7569
f 7853 7569 7856
f 7569 7853 7557
f 7852 7557 7853
f 7557 7852 7854
f 7854 7843 7557
f 7855 7843 7854
f 7854 7852 7856
f 7569 7559 7844
f 7569 7844 7855
f 7570 7849 7564
f 7857 7850 7849
f 7570 7857 7849
f 7571 7857 7570
f 7571 7573 7857
f 7857 7573 7858
f 7859 7578 7851
f 7851 7578 7567
f 7860 7851 7853
f 7859 7851 7860
f 7853 7856 7861
f 7853 7861 7860
f 7579 7863 7862
f 7858 7579 7862
f 7573 7579 7858
f 7863 7864 7862
f 7865 7582 7583
f 7584 7866 7583
f 7583 7866 7865
f 7585 7866 7584
f 7868 7867 7859
f 7867 7578 7859
f 7867 7589 7578
f 7868 7859 7860
f 7868 7860 7869
f 7869 7860 7861
f 7590 7863 7579
f 7870 7864 7863
f 7590 7870 7863
f 7591 7870 7590
f 7870 7591 7582
f 7871 7870 7582
f 7865 7871 7582
f 7870 7871 7872
f 7873 7865 7866
f 7871 7865 7873
f 7592 7874 7585
f 7874 7866 7585
f 7874 7873 7866
f 7593 7874 7592
f 7867 7596 7589
f 7875 7596 7867
f 7876 7872 7871
f 7876 7871 7873
f 7876 7873 7877
f 7877 7873 7874
f 7877 7874 7878
f 7880 7878 7879
f 7879 7878 7597
f 7878 7874 7597
f 7874 7593 7597
f 7598 7879 7597
f 7875 7601 7596
f 7881 7601 7875
f 7882 7880 7879
f 7882 7879 7598
f 7602 7882 7598
f 7883 7882 7602
f 7602 7604 7883
f 7883 7604 7884
f 7881 7606 7601
f 7885 7606 7881
f 7608 7887 7886
f 7884 7608 7886
f 7604 7608 7884
f 7887 7888 7886
f 7885 7610 7606
f 7889 7610 7885
f 7611 7887 7608
f 7611 7613 7887
f 7613 7888 7887
f 7613 7890 7888
f 7889 7615 7610
f 7891 7615 7889
f 7892 7890 7613
f 7892 7613 7616
f 7616 7617 7892
f 7892 7617 7893
f 7891 7894 7615
f 7615 7894 7619
f 7896 7895 7620
f 7619 7896 7620
f 7894 7896 7619
f 7897 7895 7896
f 7622 7893 7617
f 7622 7898 7893
f 7899 7624 7895
f 7895 7624 7620
f 7895 7897 7900
f 7895 7900 7899
f 7626 7898 7622
f 7626 7901 7898
f 7899 7628 7624
f 7903 7902 7629
f 7903 7629 7628
f 7900 7903 7628
f 7899 7900 7628
f 7904 7902 7903
f 7626 7630 7905
f 7906 7626 7905
f 7901 7626 7906
f 7631 7905 7630
f 7902 7633 7629
f 7908 7907 7634
f 7908 7634 7633
f 7904 7908 7633
f 7902 7904 7633
f 7910 7909 7907
f 7910 7907 7908
f 7911 7909 7910
f 7912 7906 7905
f 7905 7631 7912
f 7631 7913 7912
f 7631 7636 7913
f 7907 7638 7634
f 7638 7907 7640
f 7640 7907 7909
f 7641 7640 7909
f 7911 7641 7909
f 7914 7641 7911
f 7636 7642 7915
f 7916 7636 7915
f 7913 7636 7916
f 7644 7915 7642
f 7918 7647 7917
f 7647 7914 7917
f 7647 7641 7914
f 7919 7918 7917
f 7916 7915 7920
f 7916 7920 7921
f 7648 7922 7644
f 7922 7915 7644
f 7922 7920 7915
f 7650 7922 7648
f 7923 7651 7918
f 7918 7651 7647
f 7918 7919 7924
f 7918 7924 7923
f 7925 7921 7920
f 7925 7920 7922
f 7925 7922 7926
f 7926 7922 7650
f 7652 7926 7650
f 7927 7926 7652
f 7929 7927 7928
f 7927 7653 7928
f 7927 7652 7653
f 7654 7928 7653
f 7930 7655 7923
f 7923 7655 7651
f 7923 7924 7931
f 7923 7931 7930
f 7932 7929 7928
f 7928 7654 7932
f 7654 7933 7932
f 7654 7656 7933
f 7934 7657 7930
f 7930 7657 7655
f 7930 7931 7935
f 7930 7935 7934
f 7936 7933 7656
f 7936 7656 7658
f 7658 7659 7936
f 7936 7659 7937
f 7934 7660 7657
f 7662 7660 7934
f 7935 7662 7934
f 7938 7662 7935
f 7941 7940 7939
f 7940 7937 7939
f 7937 7663 7939
f 7937 7659 7663
f 7938 7665 7662
f 7942 7665 7938
f 7943 7941 7939
f 7939 7663 7943
f 7663 7944 7943
f 7663 7666 7944
f 7942 7668 7665
f 7945 7668 7942
f 7670 7944 7666
f 7670 7946 7944
f 7945 7672 7668
f 7947 7672 7945
f 7674 7946 7670
f 7674 7948 7946
f 7950 7675 7949
f 7675 7947 7949
f 7675 7672 7947
f 7951 7950 7949
f 7952 7948 7674
f 7952 7674 7676
f 7676 7677 7952
f 7952 7677 7953
f 7955 7954 7950
f 7954 7675 7950
f 7954 7678 7675
f 7955 7950 7951
f 7679 7953 7677
f 7679 7956 7953
f 7954 7680 7678
f 7957 7680 7954
f 7682 7956 7679
f 7682 7958 7956
f 7957 7683 7680
f 7959 7683 7957
f 7960 7958 7682
f 7960 7682 7684
f 7684 7685 7960
f 7960 7685 7961
f 7959 7686 7683
f 7962 7686 7959
f 7688 7961 7685
f 7688 7963 7961
f 7962 7964 7686
f 7686 7964 7689
f 7691 7689 7964
f 7691 7964 7965
f 7692 7963 7688
f 7692 7966 7963
f 7965 7693 7691
f 7967 7693 7965
f 7694 7966 7692
f 7694 7968 7966
f 7970 7695 7969
f 7695 7967 7969
f 7695 7693 7967
f 7971 7970 7969
f 7696 7968 7694
f 7696 7972 7968
f 7970 7697 7695
f 7974 7973 7698
f 7974 7698 7697
f 7971 7974 7697
f 7970 7971 7697
f 7975 7973 7974
f 7699 7972 7696
f 7699 7976 7972
f 7973 7700 7698
f 7701 7700 7973
f 7975 7701 7973
f 7977 7701 7975
f 7980 7979 7978
f 7981 7978 7979
f 7702 7976 7699
f 7702 7982 7976
f 7977 7983 7701
f 7701 7983 7703
f 7705 7703 7983
f 7705 7983 7984
f 7980 7978 7985
f 7980 7985 7986
f 7978 7981 7987
f 7988 7978 7987
f 7985 7978 7988
f 7987 7982 7988
f 7982 7706 7988
f 7982 7702 7706
f 7984 7989 7705
f 7705 7989 7707
f 7709 7707 7989
f 7709 7989 7990
f 7993 7992 7991
f 7991 7992 7986
f 7991 7986 7985
f 7712 7991 7985
f 7711 7712 7985
f 7711 7985 7713
f 7713 7985 7988
f 7713 7988 7706
f 7990 7994 7709
f 7709 7994 7714
f 7716 7714 7994
f 7716 7994 7995
f 7993 7991 7996
f 7993 7996 7997
f 7718 7996 7712
f 7712 7996 7991
f 7719 7716 7998
f 7716 7999 7998
f 7716 7995 7999
f 7998 7720 7719
f 8001 8000 7722
f 8001 7722 7723
f 7996 7725 7997
f 7725 8000 7997
f 7725 7722 8000
f 7725 7996 7718
f 7999 8002 7998
f 8002 8004 8003
f 8002 8003 7727
f 7998 8002 7727
f 7720 7998 7727
f 8003 7728 7727
f 8007 8006 8005
f 8006 8001 8005
f 8001 7729 8005
f 8001 7723 7729
f 8004 8008 8003
f 7728 8003 8008
f 8009 7728 8008
f 7730 7728 8009
f 8007 8005 8010
f 8007 8010 8011
f 7731 8010 7729
f 7729 8010 8005
f 8009 8012 7730
f 7730 8012 7732
f 7734 7732 8012
f 7734 8012 8013
f 8011 8010 7738
f 7737 8011 7738
f 8014 8011 7737
f 7738 8010 7731
f 8013 8015 7734
f 7734 8015 7739
f 8017 8016 7741
f 7739 8017 7741
f 8015 8017 7739
f 8018 8016 8017
f 8021 8020 8019
f 8020 8014 8019
f 8014 7746 8019
f 8014 7737 7746
f 8016 7747 7741
f 8018 8022 8016
f 8022 7747 8016
f 8022 7748 7747
f 7748 8023 7749
f 8022 8023 7748
f 7749 8024 7750
f 8023 8024 7749
f 7752 7750 8024
f 7752 8024 8025
f 8028 8027 8026
f 8030 8029 8026
f 8030 8026 8027
f 8032 8031 8029
f 8032 8029 8030
f 8033 8031 8032
f 8021 8019 7759
f 7760 8021 7759
f 8034 8021 7760
f 7759 8019 7746
f 8025 8035 7752
f 7752 8035 7761
f 7761 8036 7762
f 8035 8036 7761
f 8026 7763 8028
f 7763 8036 8028
f 7763 7762 8036
f 7763 8026 7764
f 7764 8026 8029
f 7764 8029 7765
f 7765 8029 8031
f 8033 8037 8031
f 8037 7765 8031
f 8037 7766 7765
f 7766 8038 7767
f 8037 8038 7766
f 7769 7767 8038
f 7769 8038 8039
f 7770 8034 7760
f 7770 8040 8034
f 8039 8041 7769
f 7769 8041 7771
f 7771 8042 7772
f 8041 8042 7771
f 7773 7772 8042
f 7773 8042 8043
f 7774 8040 7770
f 7774 8044 8040
f 8046 7776 8045
f 7776 8043 8045
f 7776 7773 8043
f 8048 8047 8046
f 8048 8046 8045
f 8048 8044 8047
f 8044 7777 8047
f 8044 7774 7777
f 8049 7779 7780
f 7781 8050 7780
f 7780 8050 8049
f 7782 8051 7781
f 7781 8051 8050
f 7783 8051 7782
f 8046 7784 7776
f 7784 8046 7785
f 7785 8046 8047
f 7785 8047 7777
f 8052 7786 7787
f 7788 8053 7787
f 7787 8053 8052
f 7779 8049 7788
f 8049 8053 7788
f 8049 8054 8053
f 8055 8049 8050
f 8054 8049 8055
f 8056 8050 8051
f 8055 8050 8056
f 7789 8057 7783
f 8057 8051 7783
f 8057 8056 8051
f 7790 8058 7789
f 7789 8058 8057
f 7791 8058 7790
f 8052 7792 7786
f 7792 8052 7794
f 8052 8059 7794
f 8052 8053 8059
f 8054 8061 8060
f 8059 8054 8060
f 8053 8054 8059
f 8061 8054 8055
f 8061 8055 8062
f 8062 8055 8056
f 8062 8056 8063
f 8065 8064 8063
f 8056 8065 8063
f 8057 8065 8056
f 8066 8057 8058
f 8065 8057 8066
f 7795 8066 7791
f 7791 8066 8058
f 8067 7797 8059
f 8059 7797 7794
f 8059 8060 8068
f 8059 8068 8067
f 8064 8065 8069
f 8064 8069 8070
f 8066 8072 8071
f 8069 8066 8071
f 8065 8066 8069
f 8066 7795 8072
f 7795 8073 8072
f 7795 7798 8073
f 8074 7799 8067
f 8067 7799 7797
f 8067 8068 8075
f 8067 8075 8074
f 8078 8077 8076
f 8076 8077 8070
f 8069 8076 8070
f 8079 8076 8069
f 8069 8071 8080
f 8081 8069 8080
f 8079 8069 8081
f 8080 8073 8081
f 8073 7800 8081
f 8073 7798 7800
f 8074 7801 7799
f 8075 8082 8074
f 8082 7801 8074
f 8082 7803 7801
f 8084 8083 7804
f 7803 8084 7804
f 8082 8084 7803
f 8083 8084 8078
f 8076 8083 8078
f 8085 8083 8076
f 8086 8076 8079
f 8085 8076 8086
f 8087 8079 8081
f 8086 8079 8087
f 7805 8088 7800
f 8088 8081 7800
f 8088 8087 8081
f 7807 8088 7805
f 8083 7809 7804
f 8083 8085 8089
f 7810 8083 8089
f 8090 7810 8089
f 8083 7810 7809
f 8089 8085 8086
f 8089 8086 8091
f 8091 8086 8087
f 8091 8087 8092
f 8092 8094 8093
f 8092 8095 8094
f 8095 8092 7812
f 8087 7812 8092
f 7812 8087 7811
f 8094 7811 8087
f 8087 8088 8094
f 8094 8088 8093
f 8095 7811 8094
f 8093 8088 8096
f 8088 7807 8096
f 7811 8095 8096
f 7811 8096 7807
f 8090 8097 7810
f 7810 8097 7814
f 7814 8098 7816
f 8097 8098 7814
f 7816 8099 7817
f 8098 8099 7816
f 7812 7817 8095
f 7817 8100 8095
f 7817 8099 8100
f 8095 8100 8096
f 8101 7818 7819
f 7820 8102 7819
f 7819 8102 8101
f 7821 8103 7820
f 7820 8103 8102
f 7822 8104 7821
f 7821 8104 8103
f 7823 8105 7822
f 7822 8105 8104
f 7825 8105 7823
f 8106 7826 7827
f 7828 8107 7827
f 7827 8107 8106
f 8108 8107 7828
f 8108 7828 7818
f 8109 8108 7818
f 8101 8109 7818
f 8109 8101 8102
f 8109 8102 8110
f 8110 8102 8103
f 8110 8103 8111
f 8111 8103 8104
f 8111 8104 8112
f 8112 8104 8105
f 8112 8105 8113
f 8115 8113 8114
f 8114 8113 7829
f 8113 8105 7829
f 8105 7825 7829
f 7830 8116 7829
f 7829 8116 8114
f 7832 8116 7830
f 8117 7834 7835
f 7836 8117 7835
f 8119 8118 7838
f 7838 8118 7837
f 7838 7826 8106
f 8120 7838 8106
f 8119 7838 8120
f 8120 8106 8107
f 8120 8107 8121
f 8121 8107 8108
f 8122 8115 8114
f 8122 8114 8116
f 8122 8116 8123
f 8123 8116 7832
f 7839 8123 7832
f 8124 8123 7839
f 8125 7839 7840
f 8125 8124 7839
f 8127 8126 7841
f 8126 7840 7841
f 8126 8125 7840
f 8127 8128 8126
f 8129 7842 8117
f 8117 7842 7834
f 7843 8129 7836
f 7836 8129 8117
f 8130 7844 7845
f 8131 8130 7845
f 7837 8131 7845
f 8118 8131 7837
f 7846 8127 7841
f 8132 8128 8127
f 7846 8132 8127
f 7847 8132 7846
f 8133 7847 7848
f 8133 8132 7847
f 7848 7850 8133
f 8133 7850 8134
f 8129 7852 7842
f 7856 7852 8135
f 7852 8129 8135
f 7843 7855 8135
f 7843 8135 8129
f 8136 8135 7855
f 8136 7855 7844
f 8137 8136 7844
f 8130 8137 7844
f 8137 8130 8131
f 8138 8134 7850
f 8138 7850 7857
f 8140 8139 7858
f 8139 7857 7858
f 8139 8138 7857
f 8140 8141 8139
f 8143 8142 8135
f 8142 7856 8135
f 8142 7861 7856
f 8143 8135 8136
f 7862 8140 7858
f 8145 8144 7864
f 7864 8144 7862
f 8144 8141 7862
f 8141 8140 7862
f 8145 8146 8144
f 8147 7867 7868
f 7869 8148 7868
f 7868 8148 8147
f 8149 8148 7869
f 7861 8149 7869
f 8142 8149 7861
f 7870 8145 7864
f 7870 7872 8145
f 7872 8146 8145
f 7872 8150 8146
f 8151 7875 8147
f 8147 7875 7867
f 8152 8147 8148
f 8151 8147 8152
f 8148 8149 8153
f 8148 8153 8152
f 7872 7876 8154
f 8155 7872 8154
f 8150 7872 8155
f 7877 8156 7876
f 7876 8156 8154
f 7878 8157 7877
f 7877 8157 8156
f 7880 8157 7878
f 8158 7881 8151
f 8151 7881 7875
f 8159 8151 8152
f 8158 8151 8159
f 8152 8153 8160
f 8152 8160 8159
f 8155 8154 8161
f 8155 8161 8162
f 8156 8164 8163
f 8161 8156 8163
f 8154 8156 8161
f 8164 8156 8157
f 8164 8157 8165
f 8165 8157 7880
f 7882 8165 7880
f 8166 8165 7882
f 8168 8166 8167
f 8166 7883 8167
f 8166 7882 7883
f 7884 8167 7883
f 8169 7885 8158
f 8158 7885 7881
f 8159 8171 8170
f 8169 8159 8170
f 8158 8159 8169
f 8171 8159 8160
f 8172 8162 8161
f 8172 8161 8163
f 8173 8168 8167
f 8173 8167 7884
f 7886 8173 7884
f 8174 8173 7886
f 7886 7888 8174
f 8174 7888 8175
f 8176 7889 8169
f 8169 7889 7885
f 8169 8170 8177
f 8169 8177 8176
f 7890 8175 7888
f 7890 8178 8175
f 8179 7891 8176
f 8176 7891 7889
f 8176 8177 8180
f 8181 8176 8180
f 8179 8176 8181
f 8182 8181 8180
f 8183 8178 7890
f 8183 7890 7892
f 7892 7893 8183
f 8183 7893 8184
f 8179 7894 7891
f 7894 8179 7896
f 7896 8179 8181
f 7897 7896 8181
f 8182 7897 8181
f 8185 7897 8182
f 7898 8184 7893
f 7898 8186 8184
f 8185 7900 7897
f 8187 7900 8185
f 7901 8186 7898
f 7901 8188 8186
f 8187 8189 7900
f 7900 8189 7903
f 8191 8190 7904
f 7903 8191 7904
f 8189 8191 7903
f 8192 8190 8191
f 7906 8188 7901
f 7906 8193 8188
f 8190 7908 7904
f 8192 8194 8190
f 8194 7908 8190
f 8194 7910 7908
f 7911 7910 8194
f 7911 8194 8195
f 7906 7912 8196
f 8197 7906 8196
f 8193 7906 8197
f 7913 8196 7912
f 8199 7914 8198
f 7914 8195 8198
f 7914 7911 8195
f 8200 8199 8198
f 8201 8197 8196
f 8196 7913 8201
f 7913 8202 8201
f 7913 7916 8202
f 8199 7917 7914
f 7919 7917 8199
f 8200 7919 8199
f 8203 7919 8200
f 7921 8202 7916
f 7921 8204 8202
f 8203 7924 7919
f 8205 7924 8203
f 8206 8204 7921
f 8206 7921 7925
f 8208 8206 8207
f 8206 7926 8207
f 8206 7925 7926
f 7927 8209 7926
f 7926 8209 8207
f 7929 8209 7927
f 8205 7931 7924
f 8210 7931 8205
f 8211 8208 8207
f 8211 8207 8209
f 8211 8209 8212
f 8214 8212 8213
f 8213 8212 7932
f 8212 8209 7932
f 8209 7929 7932
f 7933 8213 7932
f 8210 7935 7931
f 8215 7935 8210
f 8216 8214 8213
f 8218 8216 8217
f 8217 8216 7936
f 8216 8213 7936
f 8213 7933 7936
f 7937 8217 7936
f 8215 7938 7935
f 8219 7938 8215
f 8218 8217 7940
f 7941 8218 7940
f 8220 8218 7941
f 7940 8217 7937
f 8219 7942 7938
f 8221 7942 8219
f 7941 7943 8222
f 8223 7941 8222
f 8220 7941 8223
f 7944 8222 7943
f 8225 7945 8224
f 7945 8221 8224
f 7945 7942 8221
f 8226 8225 8224
f 8227 8223 8222
f 8222 7944 8227
f 7944 8228 8227
f 7944 7946 8228
f 8229 7947 8225
f 8225 7947 7945
f 8225 8226 8230
f 8225 8230 8229
f 7948 8228 7946
f 7948 8231 8228
f 8229 7949 7947
f 7951 7949 8229
f 8230 7951 8229
f 8232 7951 8230
f 7948 7952 8233
f 8234 7948 8233
f 8231 7948 8234
f 7953 8233 7952
f 8235 7954 7955
f 8236 8235 7955
f 7951 8236 7955
f 8232 8236 7951
f 8234 8233 8237
f 8234 8237 8238
f 7956 8237 7953
f 7953 8237 8233
f 8239 7957 8235
f 8235 7957 7954
f 8235 8236 8240
f 8235 8240 8239
f 8238 8237 8241
f 8238 8241 8242
f 7958 8241 7956
f 7956 8241 8237
f 8244 8243 8239
f 8243 7957 8239
f 8243 7959 7957
f 8244 8239 8240
f 8245 8242 8241
f 8245 8241 7958
f 7960 8245 7958
f 8246 8245 7960
f 7960 7961 8246
f 8246 7961 8247
f 8249 7962 8248
f 7962 8243 8248
f 7962 7959 8243
f 8250 8249 8248
f 7963 8247 7961
f 7963 8251 8247
f 8249 7964 7962
f 8253 8252 7965
f 8253 7965 7964
f 8250 8253 7964
f 8249 8250 7964
f 8254 8252 8253
f 7966 8251 7963
f 7966 8255 8251
f 8256 7967 8252
f 8252 7967 7965
f 8252 8254 8257
f 8252 8257 8256
f 7968 8255 7966
f 7968 8258 8255
f 8256 7969 7967
f 8260 8259 7971
f 8260 7971 7969
f 8257 8260 7969
f 8256 8257 7969
f 8261 8259 8260
f 7972 8258 7968
f 7972 8262 8258
f 8259 7974 7971
f 7975 7974 8259
f 8261 7975 8259
f 8263 7975 8261
f 7976 8262 7972
f 7976 8264 8262
f 8266 7977 8265
f 7977 8263 8265
f 7977 7975 8263
f 8267 8266 8265
f 8269 8268 7979
f 8269 7979 7980
f 8271 8270 7981
f 7979 8271 7981
f 8268 8271 7979
f 8271 8264 8270
f 8264 7982 8270
f 8264 7976 7982
f 8266 7983 7977
f 8273 8272 7984
f 8273 7984 7983
f 8267 8273 7983
f 8266 8267 7983
f 8274 8272 8273
f 8277 8276 8275
f 8276 8269 8275
f 8269 7986 8275
f 8269 7980 7986
f 8270 7987 7981
f 7987 8270 7982
f 8272 7989 7984
f 7990 7989 8272
f 8274 7990 8272
f 8278 7990 8274
f 8277 8275 7992
f 7993 8277 7992
f 8279 8277 7993
f 7992 8275 7986
f 8278 8280 7990
f 7990 8280 7994
f 7995 7994 8280
f 7995 8280 8281
f 8284 8283 8282
f 8283 8279 8282
f 8279 7997 8282
f 8279 7993 7997
f 8286 7999 8285
f 7999 8281 8285
f 7999 7995 8281
f 8287 8286 8285
f 8290 8289 8288
f 8288 8289 8284
f 8288 8284 8282
f 8001 8288 8282
f 8000 8001 8282
f 8000 8282 7997
f 8286 8002 7999
f 8292 8291 8004
f 8292 8004 8002
f 8287 8292 8002
f 8286 8287 8002
f 8293 8291 8292
f 8290 8288 8006
f 8007 8290 8006
f 8294 8290 8007
f 8006 8288 8001
f 8291 8008 8004
f 8296 8295 8009
f 8296 8009 8008
f 8293 8296 8008
f 8291 8293 8008
f 8297 8295 8296
f 8300 8299 8298
f 8299 8294 8298
f 8294 8011 8298
f 8294 8007 8011
f 8295 8012 8009
f 8302 8301 8013
f 8302 8013 8012
f 8297 8302 8012
f 8295 8297 8012
f 8303 8301 8302
f 8300 8298 8304
f 8300 8304 8305
f 8014 8304 8011
f 8011 8304 8298
f 8301 8015 8013
f 8303 8306 8301
f 8306 8015 8301
f 8306 8017 8015
f 8018 8017 8306
f 8018 8306 8307
f 8305 8304 8020
f 8021 8305 8020
f 8308 8305 8021
f 8020 8304 8014
f 8307 8309 8018
f 8018 8309 8022
f 8022 8310 8023
f 8309 8310 8022
f 8023 8311 8024
f 8310 8311 8023
f 8313 8312 8025
f 8024 8313 8025
f 8311 8313 8024
f 8315 8314 8312
f 8315 8312 8313
f 8027 8028 8314
f 8315 8027 8314
f 8316 8027 8315
f 8027 8317 8030
f 8316 8317 8027
f 8030 8318 8032
f 8317 8318 8030
f 8033 8032 8318
f 8033 8318 8319
f 8034 8308 8021
f 8034 8320 8308
f 8312 8035 8025
f 8035 8312 8036
f 8036 8312 8314
f 8036 8314 8028
f 8319 8321 8033
f 8033 8321 8037
f 8037 8322 8038
f 8321 8322 8037
f 8324 8323 8039
f 8038 8324 8039
f 8322 8324 8038
f 8325 8323 8324
f 8040 8320 8034
f 8040 8326 8320
f 8323 8041 8039
f 8325 8327 8323
f 8327 8041 8323
f 8327 8042 8041
f 8329 8328 8043
f 8042 8329 8043
f 8327 8329 8042
f 8331 8330 8328
f 8331 8328 8329
f 8331 8326 8330
f 8326 8044 8330
f 8326 8040 8044
f 8328 8045 8043
f 8045 8328 8048
f 8048 8328 8330
f 8048 8330 8044
f 8332 8060 8061
f 8062 8333 8061
f 8061 8333 8332
f 8063 8334 8062
f 8062 8334 8333
f 8064 8334 8063
f 8335 8068 8332
f 8332 8068 8060
f 8336 8332 8333
f 8335 8332 8336
f 8337 8333 8334
f 8336 8333 8337
f 8070 8337 8064
f 8064 8337 8334
f 8338 8071 8072
f 8073 8338 8072
f 8339 8075 8335
f 8335 8075 8068
f 8340 8335 8336
f 8339 8335 8340
f 8078 8340 8077
f 8340 8337 8077
f 8340 8336 8337
f 8077 8337 8070
f 8338 8080 8071
f 8080 8338 8073
f 8339 8082 8075
f 8082 8339 8084
f 8084 8339 8340
f 8084 8340 8078
f 8342 8341 8089
f 8089 8341 8090
f 8343 8089 8091
f 8343 8342 8089
f 8344 8091 8092
f 8344 8343 8091
f 8345 8092 8093
f 8345 8344 8092
f 8093 8096 8345
f 8345 8096 8346
f 8341 8347 8090
f 8090 8347 8097
f 8097 8348 8098
f 8347 8348 8097
f 8348 8350 8349
f 8099 8348 8349
f 8098 8348 8099
f 8351 8100 8099
f 8351 8099 8349
f 8351 8352 8100
f 8352 8096 8100
f 8352 8346 8096
f 8350 8353 8349
f 8349 8353 8351
f 8351 8353 8354
f 8351 8354 8352
f 8355 8108 8109
f 8355 8109 8356
f 8109 8357 8356
f 8109 8110 8357
f 8358 8110 8111
f 8358 8357 8110
f 8359 8111 8112
f 8359 8358 8111
f 8360 8112 8113
f 8360 8359 8112
f 8362 8361 8115
f 8361 8113 8115
f 8361 8360 8113
f 8362 8363 8361
f 8364 8118 8119
f 8120 8365 8119
f 8119 8365 8364
f 8365 8120 8366
f 8120 8367 8366
f 8120 8121 8367
f 8121 8108 8355
f 8368 8121 8355
f 8367 8121 8368
f 8368 8355 8356
f 8122 8362 8115
f 8369 8363 8362
f 8122 8369 8362
f 8123 8369 8122
f 8370 8123 8124
f 8370 8369 8123
f 8371 8124 8125
f 8371 8370 8124
f 8373 8371 8372
f 8371 8126 8372
f 8371 8125 8126
f 8128 8372 8126
f 8374 8131 8364
f 8364 8131 8118
f 8365 8376 8375
f 8374 8365 8375
f 8364 8365 8374
f 8376 8365 8366
f 8377 8373 8372
f 8377 8372 8128
f 8132 8377 8128
f 8378 8377 8132
f 8379 8132 8133
f 8379 8378 8132
f 8133 8134 8379
f 8379 8134 8380
f 8381 8136 8137
f 8382 8381 8137
f 8382 8137 8131
f 8383 8382 8131
f 8374 8383 8131
f 8383 8374 8375
f 8384 8380 8134
f 8384 8134 8138
f 8386 8384 8385
f 8384 8139 8385
f 8384 8138 8139
f 8141 8385 8139
f 8387 8142 8143
f 8388 8387 8143
f 8388 8143 8136
f 8389 8388 8136
f 8381 8389 8136
f 8389 8381 8382
f 8390 8386 8385
f 8392 8390 8391
f 8391 8390 8144
f 8390 8385 8144
f 8385 8141 8144
f 8146 8391 8144
f 8393 8149 8387
f 8387 8149 8142
f 8387 8388 8394
f 8387 8394 8393
f 8395 8392 8391
f 8391 8146 8395
f 8146 8396 8395
f 8146 8150 8396
f 8397 8153 8393
f 8393 8153 8149
f 8393 8394 8398
f 8393 8398 8397
f 8155 8400 8399
f 8396 8155 8399
f 8150 8155 8396
f 8400 8401 8399
f 8403 8402 8397
f 8402 8153 8397
f 8402 8160 8153
f 8403 8397 8398
f 8162 8404 8400
f 8162 8400 8155
f 8401 8406 8405
f 8406 8401 8164
f 8400 8164 8401
f 8164 8400 8163
f 8404 8163 8400
f 8165 8407 8164
f 8164 8407 8406
f 8166 8408 8165
f 8165 8408 8407
f 8168 8408 8166
f 8409 8170 8171
f 8410 8409 8171
f 8160 8410 8171
f 8402 8410 8160
f 8172 8404 8162
f 8405 8412 8411
f 8412 8404 8411
f 8172 8411 8404
f 8411 8172 8413
f 8163 8413 8172
f 8413 8163 8412
f 8412 8406 8413
f 8405 8406 8412
f 8412 8163 8404
f 8414 8406 8407
f 8413 8406 8414
f 8408 8416 8415
f 8414 8408 8415
f 8407 8408 8414
f 8416 8408 8168
f 8173 8416 8168
f 8417 8416 8173
f 8419 8417 8418
f 8417 8174 8418
f 8417 8173 8174
f 8175 8418 8174
f 8420 8177 8409
f 8409 8177 8170
f 8409 8410 8421
f 8409 8421 8420
f 8422 8411 8413
f 8422 8413 8414
f 8422 8414 8423
f 8423 8414 8415
f 8424 8419 8418
f 8418 8175 8424
f 8175 8425 8424
f 8175 8178 8425
f 8420 8180 8177
f 8182 8180 8420
f 8421 8182 8420
f 8426 8182 8421
f 8178 8183 8427
f 8428 8178 8427
f 8425 8178 8428
f 8184 8427 8183
f 8426 8185 8182
f 8429 8185 8426
f 8428 8427 8430
f 8428 8430 8431
f 8186 8430 8184
f 8184 8430 8427
f 8433 8187 8432
f 8187 8429 8432
f 8187 8185 8429
f 8434 8433 8432
f 8435 8431 8430
f 8430 8186 8435
f 8186 8436 8435
f 8186 8188 8436
f 8433 8189 8187
f 8434 8437 8433
f 8437 8189 8433
f 8437 8191 8189
f 8192 8191 8437
f 8192 8437 8438
f 8193 8436 8188
f 8193 8439 8436
f 8438 8440 8192
f 8192 8440 8194
f 8442 8441 8195
f 8194 8442 8195
f 8440 8442 8194
f 8443 8441 8442
f 8197 8439 8193
f 8197 8444 8439
f 8441 8198 8195
f 8200 8198 8441
f 8443 8200 8441
f 8445 8200 8443
f 8197 8201 8446
f 8447 8197 8446
f 8444 8197 8447
f 8202 8446 8201
f 8445 8203 8200
f 8448 8203 8445
f 8447 8446 8449
f 8447 8449 8450
f 8204 8449 8202
f 8202 8449 8446
f 8448 8205 8203
f 8451 8205 8448
f 8452 8450 8449
f 8454 8452 8453
f 8453 8452 8206
f 8452 8449 8206
f 8449 8204 8206
f 8208 8453 8206
f 8451 8210 8205
f 8455 8210 8451
f 8456 8454 8453
f 8456 8453 8208
f 8211 8456 8208
f 8457 8456 8211
f 8459 8457 8458
f 8457 8212 8458
f 8457 8211 8212
f 8214 8458 8212
f 8455 8215 8210
f 8460 8215 8455
f 8461 8459 8458
f 8463 8461 8462
f 8462 8461 8216
f 8461 8458 8216
f 8458 8214 8216
f 8218 8462 8216
f 8460 8219 8215
f 8464 8219 8460
f 8463 8462 8465
f 8463 8465 8466
f 8220 8465 8218
f 8218 8465 8462
f 8468 8221 8467
f 8221 8464 8467
f 8221 8219 8464
f 8469 8468 8467
f 8470 8466 8465
f 8465 8220 8470
f 8220 8471 8470
f 8220 8223 8471
f 8468 8224 8221
f 8226 8224 8468
f 8469 8226 8468
f 8472 8226 8469
f 8223 8227 8473
f 8474 8223 8473
f 8471 8223 8474
f 8228 8473 8227
f 8477 8476 8475
f 8472 8477 8475
f 8230 8472 8475
f 8226 8472 8230
f 8474 8473 8478
f 8474 8478 8479
f 8231 8478 8228
f 8228 8478 8473
f 8475 8476 8480
f 8480 8476 8481
f 8480 8232 8230
f 8480 8230 8475
f 8482 8479 8478
f 8478 8231 8482
f 8231 8483 8482
f 8231 8234 8483
f 8480 8481 8484
f 8484 8481 8485
f 8484 8236 8232
f 8484 8232 8480
f 8488 8487 8486
f 8487 8483 8486
f 8483 8238 8486
f 8483 8234 8238
f 8485 8489 8484
f 8236 8484 8489
f 8490 8236 8489
f 8240 8236 8490
f 8488 8486 8491
f 8488 8491 8492
f 8242 8491 8238
f 8238 8491 8486
f 8493 8243 8244
f 8494 8493 8244
f 8240 8494 8244
f 8490 8494 8240
f 8495 8492 8491
f 8497 8495 8496
f 8496 8495 8245
f 8495 8491 8245
f 8491 8242 8245
f 8496 8245 8498
f 8245 8499 8498
f 8245 8246 8499
f 8246 8247 8499
f 8499 8247 8500
f 8493 8248 8243
f 8250 8248 8493
f 8494 8250 8493
f 8501 8250 8494
f 8502 8497 8496
f 8502 8496 8498
f 8251 8500 8247
f 8251 8503 8500
f 8253 8250 8504
f 8250 8505 8504
f 8250 8501 8505
f 8504 8254 8253
f 8255 8503 8251
f 8255 8506 8503
f 8504 8505 8507
f 8507 8505 8508
f 8507 8257 8254
f 8507 8254 8504
f 8258 8506 8255
f 8258 8509 8506
f 8508 8510 8507
f 8507 8510 8257
f 8510 8260 8257
f 8510 8511 8260
f 8261 8260 8511
f 8261 8511 8512
f 8262 8509 8258
f 8262 8513 8509
f 8512 8263 8261
f 8514 8263 8512
f 8517 8516 8515
f 8516 8513 8515
f 8513 8264 8515
f 8513 8262 8264
f 8514 8518 8263
f 8263 8518 8265
f 8267 8265 8518
f 8267 8518 8519
f 8269 8520 8268
f 8521 8517 8515
f 8268 8521 8515
f 8271 8268 8515
f 8521 8268 8520
f 8271 8515 8264
f 8519 8522 8267
f 8267 8522 8273
f 8274 8273 8522
f 8274 8522 8523
f 8525 8524 8276
f 8525 8276 8277
f 8276 8524 8269
f 8524 8526 8269
f 8526 8520 8269
f 8526 8524 8527
f 8521 8520 8528
f 8528 8520 8526
f 8530 8278 8529
f 8278 8523 8529
f 8278 8274 8523
f 8531 8530 8529
f 8279 8525 8277
f 8279 8532 8525
f 8527 8533 8526
f 8526 8533 8528
f 8530 8280 8278
f 8281 8280 8530
f 8531 8281 8530
f 8534 8281 8531
f 8536 8535 8283
f 8536 8283 8284
f 8279 8283 8532
f 8532 8283 8535
f 8285 8281 8537
f 8281 8538 8537
f 8281 8534 8538
f 8537 8287 8285
f 8540 8539 8289
f 8540 8289 8290
f 8284 8289 8536
f 8536 8289 8539
f 8538 8541 8537
f 8537 8541 8287
f 8541 8292 8287
f 8541 8542 8292
f 8293 8292 8542
f 8293 8542 8543
f 8546 8545 8544
f 8545 8540 8544
f 8540 8294 8544
f 8540 8290 8294
f 8296 8293 8547
f 8293 8548 8547
f 8293 8543 8548
f 8547 8297 8296
f 8551 8550 8549
f 8549 8550 8546
f 8549 8546 8544
f 8300 8549 8544
f 8299 8300 8544
f 8299 8544 8294
f 8548 8552 8547
f 8547 8552 8297
f 8552 8302 8297
f 8552 8553 8302
f 8303 8302 8553
f 8303 8553 8554
f 8551 8549 8555
f 8551 8555 8556
f 8305 8555 8300
f 8300 8555 8549
f 8554 8557 8303
f 8303 8557 8306
f 8559 8558 8307
f 8306 8559 8307
f 8557 8559 8306
f 8561 8560 8558
f 8561 8558 8559
f 8563 8562 8560
f 8563 8560 8561
f 8564 8562 8563
f 8556 8555 8565
f 8556 8565 8566
f 8308 8565 8305
f 8305 8565 8555
f 8558 8309 8307
f 8309 8558 8310
f 8310 8558 8560
f 8310 8560 8311
f 8311 8560 8562
f 8564 8567 8562
f 8567 8311 8562
f 8567 8313 8311
f 8313 8568 8315
f 8567 8568 8313
f 8315 8569 8316
f 8568 8569 8315
f 8316 8570 8317
f 8569 8570 8316
f 8570 8572 8571
f 8318 8570 8571
f 8317 8570 8318
f 8571 8319 8318
f 8566 8565 8573
f 8566 8573 8574
f 8320 8573 8308
f 8308 8573 8565
f 8572 8575 8571
f 8571 8575 8319
f 8575 8321 8319
f 8575 8576 8321
f 8321 8577 8322
f 8576 8577 8321
f 8322 8578 8324
f 8577 8578 8322
f 8325 8324 8578
f 8325 8578 8579
f 8574 8573 8580
f 8574 8580 8581
f 8326 8580 8320
f 8320 8580 8573
f 8579 8582 8325
f 8325 8582 8327
f 8582 8584 8583
f 8329 8582 8583
f 8327 8582 8329
f 8585 8581 8580
f 8329 8585 8580
f 8331 8329 8580
f 8585 8329 8583
f 8331 8580 8326
f 8584 8586 8583
f 8583 8586 8585
f 8587 8341 8342
f 8343 8588 8342
f 8342 8588 8587
f 8344 8589 8343
f 8343 8589 8588
f 8345 8590 8344
f 8344 8590 8589
f 8346 8590 8345
f 8587 8347 8341
f 8347 8587 8348
f 8348 8587 8588
f 8348 8588 8350
f 8588 8591 8350
f 8588 8589 8591
f 8592 8589 8590
f 8591 8589 8592
f 8352 8592 8346
f 8346 8592 8590
f 8591 8353 8350
f 8353 8591 8354
f 8354 8591 8592
f 8354 8592 8352
f 8593 8356 8357
f 8593 8357 8594
f 8357 8595 8594
f 8357 8358 8595
f 8596 8358 8359
f 8596 8595 8358
f 8597 8359 8360
f 8597 8596 8359
f 8598 8360 8361
f 8598 8597 8360
f 8600 8599 8363
f 8599 8361 8363
f 8599 8598 8361
f 8600 8601 8599
f 8602 8366 8367
f 8602 8367 8603
f 8367 8604 8603
f 8367 8368 8604
f 8368 8356 8593
f 8605 8368 8593
f 8604 8368 8605
f 8605 8593 8594
f 8369 8600 8363
f 8606 8601 8600
f 8369 8606 8600
f 8370 8606 8369
f 8607 8370 8371
f 8607 8606 8370
f 8609 8608 8373
f 8608 8371 8373
f 8608 8607 8371
f 8609 8610 8608
f 8611 8375 8376
f 8612 8611 8376
f 8612 8376 8366
f 8613 8612 8366
f 8602 8613 8366
f 8613 8602 8603
f 8377 8609 8373
f 8614 8610 8609
f 8377 8614 8609
f 8378 8614 8377
f 8615 8378 8379
f 8615 8614 8378
f 8617 8616 8380
f 8616 8379 8380
f 8616 8615 8379
f 8617 8618 8616
f 8619 8382 8383
f 8620 8619 8383
f 8620 8383 8375
f 8621 8620 8375
f 8611 8621 8375
f 8621 8611 8612
f 8384 8617 8380
f 8623 8622 8386
f 8386 8622 8384
f 8622 8618 8384
f 8618 8617 8384
f 8623 8624 8622
f 8625 8388 8389
f 8626 8625 8389
f 8626 8389 8382
f 8627 8626 8382
f 8619 8627 8382
f 8627 8619 8620
f 8390 8623 8386
f 8390 8392 8623
f 8392 8624 8623
f 8392 8628 8624
f 8629 8394 8625
f 8625 8394 8388
f 8625 8626 8630
f 8625 8630 8629
f 8631 8628 8392
f 8631 8392 8395
f 8395 8396 8631
f 8631 8396 8632
f 8634 8633 8629
f 8633 8394 8629
f 8633 8398 8394
f 8634 8629 8630
f 8635 8632 8396
f 8635 8396 8399
f 8399 8401 8635
f 8635 8401 8636
f 8637 8402 8403
f 8638 8637 8403
f 8398 8638 8403
f 8633 8638 8398
f 8405 8636 8401
f 8405 8639 8636
f 8641 8640 8637
f 8640 8402 8637
f 8640 8410 8402
f 8641 8637 8638
f 8411 8639 8405
f 8411 8642 8639
f 8643 8415 8416
f 8417 8644 8416
f 8416 8644 8643
f 8419 8644 8417
f 8640 8421 8410
f 8645 8421 8640
f 8411 8422 8646
f 8647 8411 8646
f 8642 8411 8647
f 8423 8648 8422
f 8422 8648 8646
f 8415 8643 8423
f 8643 8648 8423
f 8643 8649 8648
f 8650 8643 8644
f 8649 8643 8650
f 8424 8651 8419
f 8651 8644 8419
f 8651 8650 8644
f 8425 8651 8424
f 8645 8426 8421
f 8652 8426 8645
f 8647 8646 8653
f 8647 8653 8654
f 8655 8646 8648
f 8653 8646 8655
f 8656 8648 8649
f 8655 8648 8656
f 8657 8649 8650
f 8656 8649 8657
f 8658 8650 8651
f 8657 8650 8658
f 8428 8658 8425
f 8425 8658 8651
f 8660 8429 8659
f 8429 8652 8659
f 8429 8426 8652
f 8661 8660 8659
f 8662 8654 8653
f 8664 8663 8662
f 8653 8664 8662
f 8655 8664 8653
f 8665 8655 8656
f 8664 8655 8665
f 8666 8656 8657
f 8665 8656 8666
f 8667 8657 8658
f 8666 8657 8667
f 8431 8667 8428
f 8428 8667 8658
f 8669 8432 8668
f 8432 8429 8668
f 8668 8429 8660
f 8670 8668 8660
f 8660 8661 8670
f 8432 8669 8434
f 8663 8664 8671
f 8663 8671 8672
f 8673 8664 8665
f 8671 8664 8673
f 8674 8665 8666
f 8673 8665 8674
f 8675 8666 8667
f 8674 8666 8675
f 8435 8676 8431
f 8676 8667 8431
f 8676 8675 8667
f 8436 8676 8435
f 8668 8677 8669
f 8677 8679 8678
f 8677 8678 8437
f 8669 8677 8437
f 8434 8669 8437
f 8678 8438 8437
f 8680 8672 8671
f 8680 8671 8673
f 8680 8673 8681
f 8681 8673 8674
f 8681 8674 8682
f 8682 8674 8675
f 8682 8675 8683
f 8685 8684 8683
f 8675 8685 8683
f 8676 8685 8675
f 8439 8685 8436
f 8436 8685 8676
f 8679 8686 8678
f 8686 8688 8687
f 8686 8687 8440
f 8678 8686 8440
f 8438 8678 8440
f 8689 8442 8440
f 8689 8440 8687
f 8689 8443 8442
f 8684 8685 8690
f 8684 8690 8691
f 8444 8690 8439
f 8439 8690 8685
f 8694 8693 8692
f 8696 8695 8692
f 8695 8687 8692
f 8688 8694 8692
f 8688 8692 8687
f 8687 8695 8689
f 8689 8695 8697
f 8443 8689 8697
f 8698 8443 8697
f 8445 8443 8698
f 8699 8691 8690
f 8690 8444 8699
f 8444 8700 8699
f 8444 8447 8700
f 8693 8701 8692
f 8692 8701 8696
f 8698 8448 8445
f 8702 8448 8698
f 8450 8700 8447
f 8450 8703 8700
f 8702 8451 8448
f 8704 8451 8702
f 8450 8452 8705
f 8706 8450 8705
f 8703 8450 8706
f 8454 8705 8452
f 8704 8455 8451
f 8707 8455 8704
f 8708 8706 8705
f 8708 8705 8454
f 8456 8708 8454
f 8709 8708 8456
f 8711 8709 8710
f 8709 8457 8710
f 8709 8456 8457
f 8459 8710 8457
f 8707 8460 8455
f 8712 8460 8707
f 8713 8711 8710
f 8715 8713 8714
f 8714 8713 8461
f 8713 8710 8461
f 8710 8459 8461
f 8463 8714 8461
f 8717 8464 8716
f 8464 8712 8716
f 8464 8460 8712
f 8718 8717 8716
f 8719 8715 8714
f 8714 8463 8719
f 8463 8720 8719
f 8463 8466 8720
f 8717 8467 8464
f 8469 8467 8717
f 8718 8469 8717
f 8721 8469 8718
f 8466 8470 8722
f 8723 8466 8722
f 8720 8466 8723
f 8471 8722 8470
f 8721 8472 8469
f 8724 8472 8721
f 8723 8722 8725
f 8723 8725 8726
f 8474 8725 8471
f 8471 8725 8722
f 8727 8476 8477
f 8728 8727 8477
f 8472 8728 8477
f 8724 8728 8472
f 8729 8726 8725
f 8725 8474 8729
f 8474 8730 8729
f 8474 8479 8730
f 8731 8481 8727
f 8727 8481 8476
f 8727 8728 8732
f 8727 8732 8731
f 8479 8482 8733
f 8734 8479 8733
f 8730 8479 8734
f 8483 8733 8482
f 8736 8735 8731
f 8735 8481 8731
f 8735 8485 8481
f 8736 8731 8732
f 8734 8733 8487
f 8488 8734 8487
f 8737 8734 8488
f 8487 8733 8483
f 8489 8485 8738
f 8485 8739 8738
f 8485 8735 8739
f 8738 8490 8489
f 8492 8737 8488
f 8492 8740 8737
f 8739 8741 8738
f 8490 8738 8741
f 8742 8490 8741
f 8494 8490 8742
f 8492 8495 8743
f 8744 8492 8743
f 8740 8492 8744
f 8497 8743 8495
f 8745 8498 8499
f 8500 8745 8499
f 8742 8501 8494
f 8746 8501 8742
f 8744 8743 8747
f 8744 8747 8748
f 8502 8749 8497
f 8749 8743 8497
f 8749 8747 8743
f 8498 8745 8502
f 8745 8749 8502
f 8745 8750 8749
f 8503 8750 8500
f 8500 8750 8745
f 8746 8505 8501
f 8751 8505 8746
f 8748 8747 8752
f 8748 8752 8753
f 8754 8747 8749
f 8752 8747 8754
f 8755 8749 8750
f 8754 8749 8755
f 8506 8755 8503
f 8503 8755 8750
f 8751 8508 8505
f 8756 8508 8751
f 8753 8752 8757
f 8753 8757 8758
f 8759 8752 8754
f 8757 8752 8759
f 8760 8754 8755
f 8759 8754 8760
f 8509 8760 8506
f 8506 8760 8755
f 8756 8761 8508
f 8508 8761 8510
f 8510 8762 8511
f 8761 8762 8510
f 8512 8511 8762
f 8512 8762 8763
f 8758 8757 8764
f 8758 8764 8765
f 8766 8757 8759
f 8764 8757 8766
f 8767 8759 8760
f 8766 8759 8767
f 8513 8767 8509
f 8509 8767 8760
f 8769 8514 8768
f 8514 8763 8768
f 8514 8512 8763
f 8770 8769 8768
f 8765 8764 8771
f 8765 8771 8772
f 8773 8764 8766
f 8771 8764 8773
f 8517 8773 8516
f 8773 8767 8516
f 8773 8766 8767
f 8516 8767 8513
f 8769 8518 8514
f 8519 8518 8769
f 8770 8519 8769
f 8774 8519 8770
f 8777 8776 8775
f 8775 8776 8772
f 8771 8775 8772
f 8778 8775 8771
f 8779 8771 8773
f 8778 8771 8779
f 8521 8779 8517
f 8517 8779 8773
f 8522 8519 8780
f 8519 8781 8780
f 8519 8774 8781
f 8780 8523 8522
f 8777 8775 8782
f 8777 8782 8783
f 8525 8782 8524
f 8782 8778 8524
f 8782 8775 8778
f 8524 8778 8527
f 8778 8784 8527
f 8778 8779 8784
f 8528 8784 8521
f 8521 8784 8779
f 8781 8785 8780
f 8780 8785 8523
f 8785 8529 8523
f 8785 8786 8529
f 8531 8529 8786
f 8531 8786 8787
f 8790 8789 8788
f 8788 8789 8783
f 8782 8788 8783
f 8791 8788 8782
f 8532 8791 8525
f 8525 8791 8782
f 8784 8533 8527
f 8533 8784 8528
f 8787 8534 8531
f 8792 8534 8787
f 8790 8788 8793
f 8790 8793 8794
f 8536 8793 8535
f 8793 8791 8535
f 8793 8788 8791
f 8535 8791 8532
f 8792 8538 8534
f 8795 8538 8792
f 8798 8797 8796
f 8796 8797 8794
f 8796 8794 8793
f 8540 8796 8793
f 8539 8540 8793
f 8539 8793 8536
f 8795 8799 8538
f 8538 8799 8541
f 8799 8801 8800
f 8542 8799 8800
f 8541 8799 8542
f 8800 8543 8542
f 8804 8803 8802
f 8802 8803 8798
f 8802 8798 8796
f 8546 8802 8796
f 8545 8546 8796
f 8545 8796 8540
f 8801 8805 8800
f 8543 8800 8805
f 8806 8543 8805
f 8548 8543 8806
f 8804 8802 8550
f 8551 8804 8550
f 8807 8804 8551
f 8550 8802 8546
f 8806 8808 8548
f 8548 8808 8552
f 8808 8810 8809
f 8553 8808 8809
f 8552 8808 8553
f 8554 8553 8809
f 8813 8812 8811
f 8815 8814 8813
f 8815 8813 8811
f 8816 8814 8815
f 8556 8807 8551
f 8556 8817 8807
f 8810 8818 8809
f 8812 8813 8818
f 8813 8557 8818
f 8554 8809 8818
f 8554 8818 8557
f 8557 8813 8559
f 8559 8813 8814
f 8816 8819 8814
f 8819 8559 8814
f 8819 8561 8559
f 8561 8820 8563
f 8819 8820 8561
f 8822 8821 8564
f 8563 8822 8564
f 8820 8822 8563
f 8823 8821 8822
f 8566 8817 8556
f 8566 8824 8817
f 8821 8567 8564
f 8823 8825 8821
f 8825 8567 8821
f 8825 8568 8567
f 8568 8826 8569
f 8825 8826 8568
f 8826 8828 8827
f 8570 8826 8827
f 8569 8826 8570
f 8572 8570 8827
f 8831 8830 8829
f 8832 8831 8829
f 8835 8834 8833
f 8834 8824 8833
f 8824 8574 8833
f 8824 8566 8574
f 8828 8836 8827
f 8830 8831 8836
f 8831 8575 8836
f 8572 8827 8836
f 8572 8836 8575
f 8832 8837 8831
f 8837 8575 8831
f 8837 8576 8575
f 8576 8838 8577
f 8837 8838 8576
f 8577 8839 8578
f 8838 8839 8577
f 8579 8578 8839
f 8579 8839 8840
f 8835 8833 8841
f 8835 8841 8842
f 8581 8841 8574
f 8574 8841 8833
f 8840 8843 8579
f 8579 8843 8582
f 8843 8844 8582
f 8844 8842 8582
f 8841 8582 8842
f 8582 8841 8584
f 8845 8584 8841
f 8584 8845 8844
f 8844 8846 8584
f 8843 8846 8844
f 8844 8845 8842
f 8841 8581 8845
f 8581 8847 8845
f 8581 8585 8847
f 8846 8848 8584
f 8584 8848 8586
f 8585 8586 8847
f 8847 8586 8848
f 8850 8849 8595
f 8595 8849 8594
f 8851 8595 8596
f 8851 8850 8595
f 8852 8596 8597
f 8852 8851 8596
f 8853 8597 8598
f 8853 8852 8597
f 8855 8853 8854
f 8853 8599 8854
f 8853 8598 8599
f 8601 8854 8599
f 8857 8856 8604
f 8604 8856 8603
f 8858 8604 8605
f 8858 8857 8604
f 8605 8594 8849
f 8605 8849 8858
f 8859 8855 8854
f 8859 8854 8601
f 8606 8859 8601
f 8860 8859 8606
f 8861 8606 8607
f 8861 8860 8606
f 8862 8607 8608
f 8862 8861 8607
f 8864 8863 8610
f 8863 8608 8610
f 8863 8862 8608
f 8864 8865 8863
f 8868 8867 8866
f 8866 8869 8868
f 8870 8612 8613
f 8871 8870 8613
f 8603 8871 8613
f 8856 8871 8603
f 8614 8864 8610
f 8872 8865 8864
f 8614 8872 8864
f 8615 8872 8614
f 8873 8615 8616
f 8873 8872 8615
f 8616 8618 8873
f 8873 8618 8874
f 8866 8867 8875
f 8875 8867 8876
f 8621 8877 8620
f 8877 8866 8620
f 8866 8875 8620
f 8866 8877 8869
f 8621 8612 8870
f 8878 8621 8870
f 8877 8621 8878
f 8878 8870 8871
f 8879 8874 8618
f 8879 8618 8622
f 8622 8624 8879
f 8879 8624 8880
f 8875 8876 8627
f 8876 8626 8627
f 8876 8881 8626
f 8875 8627 8620
f 8628 8883 8882
f 8880 8628 8882
f 8624 8628 8880
f 8883 8884 8882
f 8881 8630 8626
f 8885 8630 8881
f 8631 8883 8628
f 8887 8886 8632
f 8632 8886 8631
f 8886 8884 8631
f 8884 8883 8631
f 8887 8888 8886
f 8890 8889 8634
f 8634 8889 8633
f 8634 8630 8885
f 8634 8885 8890
f 8635 8887 8632
f 8635 8636 8887
f 8636 8888 8887
f 8636 8891 8888
f 8889 8638 8633
f 8892 8638 8889
f 8639 8894 8893
f 8891 8639 8893
f 8636 8639 8891
f 8894 8895 8893
f 8896 8640 8641
f 8897 8896 8641
f 8638 8897 8641
f 8892 8897 8638
f 8642 8898 8894
f 8642 8894 8639
f 8895 8894 8899
f 8899 8894 8898
f 8900 8645 8896
f 8896 8645 8640
f 8896 8897 8901
f 8896 8901 8900
f 8647 8902 8898
f 8647 8898 8642
f 8899 8898 8903
f 8903 8898 8902
f 8904 8652 8900
f 8900 8652 8645
f 8900 8901 8905
f 8900 8905 8904
f 8654 8906 8902
f 8654 8902 8647
f 8903 8902 8907
f 8907 8902 8906
f 8904 8659 8652
f 8661 8659 8904
f 8905 8661 8904
f 8908 8661 8905
f 8662 8906 8654
f 8910 8909 8663
f 8663 8909 8662
f 8909 8907 8662
f 8907 8906 8662
f 8910 8911 8909
f 8912 8668 8670
f 8913 8912 8670
f 8661 8913 8670
f 8908 8913 8661
f 8915 8914 8910
f 8663 8915 8910
f 8672 8915 8663
f 8910 8914 8911
f 8912 8677 8668
f 8679 8677 8912
f 8913 8679 8912
f 8916 8679 8913
f 8672 8680 8917
f 8918 8672 8917
f 8915 8672 8918
f 8917 8680 8919
f 8680 8920 8919
f 8680 8681 8920
f 8922 8920 8921
f 8920 8682 8921
f 8920 8681 8682
f 8683 8923 8682
f 8682 8923 8921
f 8684 8923 8683
f 8926 8925 8924
f 8924 8927 8686
f 8916 8924 8686
f 8679 8916 8686
f 8924 8916 8926
f 8927 8688 8686
f 8928 8918 8917
f 8928 8917 8919
f 8929 8922 8921
f 8929 8921 8923
f 8929 8923 8930
f 8923 8684 8930
f 8684 8931 8930
f 8684 8691 8931
f 8925 8932 8924
f 8934 8933 8932
f 8693 8932 8933
f 8932 8693 8924
f 8694 8924 8693
f 8924 8694 8927
f 8694 8688 8927
f 8696 8933 8695
f 8934 8695 8933
f 8695 8934 8935
f 8935 8937 8936
f 8697 8935 8936
f 8695 8935 8697
f 8936 8698 8697
f 8691 8699 8938
f 8939 8691 8938
f 8931 8691 8939
f 8700 8938 8699
f 8933 8701 8693
f 8701 8933 8696
f 8936 8937 8940
f 8940 8937 8941
f 8940 8702 8698
f 8940 8698 8936
f 8942 8939 8938
f 8938 8700 8942
f 8700 8943 8942
f 8700 8703 8943
f 8941 8944 8940
f 8702 8940 8944
f 8945 8702 8944
f 8704 8702 8945
f 8706 8943 8703
f 8706 8946 8943
f 8945 8707 8704
f 8947 8707 8945
f 8706 8708 8948
f 8949 8706 8948
f 8946 8706 8949
f 8709 8950 8708
f 8708 8950 8948
f 8711 8950 8709
f 8947 8712 8707
f 8951 8712 8947
f 8949 8948 8952
f 8949 8952 8953
f 8954 8948 8950
f 8952 8948 8954
f 8713 8955 8711
f 8955 8950 8711
f 8955 8954 8950
f 8715 8955 8713
f 8716 8712 8956
f 8712 8957 8956
f 8712 8951 8957
f 8956 8718 8716
f 8958 8953 8952
f 8960 8959 8958
f 8952 8960 8958
f 8954 8960 8952
f 8961 8954 8955
f 8960 8954 8961
f 8719 8962 8715
f 8962 8955 8715
f 8962 8961 8955
f 8720 8962 8719
f 8957 8963 8956
f 8718 8956 8963
f 8964 8718 8963
f 8721 8718 8964
f 8965 8959 8960
f 8965 8960 8961
f 8965 8961 8966
f 8966 8961 8962
f 8966 8962 8967
f 8962 8720 8967
f 8720 8968 8967
f 8720 8723 8968
f 8964 8724 8721
f 8969 8724 8964
f 8726 8968 8723
f 8726 8970 8968
f 8969 8728 8724
f 8971 8728 8969
f 8726 8729 8972
f 8973 8726 8972
f 8970 8726 8973
f 8730 8972 8729
f 8971 8732 8728
f 8974 8732 8971
f 8973 8972 8975
f 8973 8975 8976
f 8734 8975 8730
f 8730 8975 8972
f 8977 8735 8736
f 8978 8977 8736
f 8732 8978 8736
f 8974 8978 8732
f 8979 8976 8975
f 8975 8734 8979
f 8734 8980 8979
f 8734 8737 8980
f 8981 8739 8977
f 8977 8739 8735
f 8977 8978 8982
f 8977 8982 8981
f 8740 8980 8737
f 8740 8983 8980
f 8981 8741 8739
f 8742 8741 8981
f 8982 8742 8981
f 8984 8742 8982
f 8744 8983 8740
f 8744 8985 8983
f 8984 8746 8742
f 8986 8746 8984
f 8748 8985 8744
f 8748 8987 8985
f 8986 8751 8746
f 8988 8751 8986
f 8753 8987 8748
f 8753 8989 8987
f 8988 8756 8751
f 8990 8756 8988
f 8758 8989 8753
f 8758 8991 8989
f 8990 8992 8756
f 8756 8992 8761
f 8992 8994 8993
f 8762 8992 8993
f 8761 8992 8762
f 8993 8763 8762
f 8997 8996 8995
f 8996 8991 8995
f 8991 8765 8995
f 8991 8758 8765
f 8994 8998 8993
f 8993 8998 8763
f 8998 8768 8763
f 8998 8999 8768
f 8770 8768 8999
f 8770 8999 9000
f 8997 8995 9001
f 8997 9001 9002
f 8772 9001 8765
f 8765 9001 8995
f 9000 8774 8770
f 9003 8774 9000
f 9006 9005 9004
f 9004 9005 9002
f 9004 9002 9001
f 8777 9004 9001
f 8776 8777 9001
f 8776 9001 8772
f 9003 8781 8774
f 9007 8781 9003
f 9010 9009 9008
f 9008 9009 9006
f 9004 9008 9006
f 9011 9008 9004
f 8783 9011 8777
f 8777 9011 9004
f 9007 9012 8781
f 8781 9012 8785
f 9012 9014 9013
f 8786 9012 9013
f 8785 9012 8786
f 9013 8787 8786
f 9010 9008 9015
f 9010 9015 9016
f 8790 9015 8789
f 9015 9011 8789
f 9015 9008 9011
f 8789 9011 8783
f 9013 9014 9017
f 9017 9014 9018
f 9017 8792 8787
f 9017 8787 9013
f 9016 9015 9019
f 9016 9019 9020
f 8794 9019 8790
f 8790 9019 9015
f 9018 9021 9017
f 8795 8792 9017
f 9022 8795 9017
f 9021 9022 9017
f 8795 9022 9023
f 9024 9023 9022
f 9027 9026 9025
f 9025 9026 9020
f 9025 9020 9019
f 8798 9025 9019
f 8797 8798 9019
f 8797 9019 8794
f 9023 8799 8795
f 9029 9028 8801
f 9029 8801 8799
f 9024 9029 8799
f 9023 9024 8799
f 9030 9028 9029
f 9033 9032 9031
f 9031 9032 9027
f 9031 9027 9025
f 8804 9031 9025
f 8803 8804 9025
f 8803 9025 8798
f 9028 8805 8801
f 9035 9034 8806
f 9035 8806 8805
f 9030 9035 8805
f 9028 9030 8805
f 9036 9034 9035
f 9039 9038 9037
f 9040 9037 9038
f 9033 9031 9041
f 9033 9041 9042
f 8807 9041 8804
f 8804 9041 9031
f 9034 8808 8806
f 8810 8808 9034
f 9036 8810 9034
f 9043 8810 9036
f 9039 9037 8811
f 8812 9039 8811
f 9044 9039 8812
f 9040 9045 9037
f 9045 8811 9037
f 9045 8815 8811
f 8816 8815 9045
f 8816 9045 9046
f 9042 9041 9047
f 9042 9047 9048
f 8817 9047 8807
f 8807 9047 9041
f 9043 9049 8810
f 8810 9049 8818
f 8812 8818 9044
f 9044 8818 9049
f 9046 9050 8816
f 8816 9050 8819
f 8819 9051 8820
f 9050 9051 8819
f 8820 9052 8822
f 9051 9052 8820
f 8823 8822 9052
f 8823 9052 9053
f 9056 9055 9054
f 9058 9057 9054
f 9058 9054 9055
f 9057 9058 9048
f 9047 9057 9048
f 9059 9057 9047
f 8824 9059 8817
f 8817 9059 9047
f 9053 9060 8823
f 8823 9060 8825
f 8825 9061 8826
f 9060 9061 8825
f 9063 9062 8828
f 8826 9063 8828
f 9061 9063 8826
f 8829 8830 9062
f 9063 8829 9062
f 9064 8829 9063
f 9066 9065 8832
f 8829 9066 8832
f 9064 9066 8829
f 9068 9067 9065
f 9068 9065 9066
f 9056 9054 9069
f 9068 9070 9067
f 9072 9071 9069
f 9054 9072 9069
f 9057 9072 9054
f 8835 9072 8834
f 9072 9059 8834
f 9072 9057 9059
f 8834 9059 8824
f 9062 8836 8828
f 8836 9062 8830
f 9065 8837 8832
f 8837 9065 8838
f 8838 9065 9067
f 9070 9073 9067
f 9073 8838 9067
f 9073 8839 8838
f 9072 9074 8840
f 9073 9072 8840
f 8839 9073 8840
f 9071 9072 9073
f 8842 9074 8835
f 8835 9074 9072
f 9074 8843 8840
f 8846 8843 9075
f 8843 9074 9075
f 8842 8845 9075
f 8842 9075 9074
f 8847 9075 8845
f 9075 8848 8846
f 8848 9075 8847
f 9077 9076 8850
f 8850 9076 8849
f 9078 8850 8851
f 9078 9077 8850
f 9079 8851 8852
f 9079 9078 8851
f 9080 8852 8853
f 9080 9079 8852
f 9082 9081 8855
f 9081 8853 8855
f 9081 9080 8853
f 9084 9083 9082
f 9082 9083 9081
f 9084 9085 9083
f 9086 8856 8857
f 9086 8857 9087
f 8857 9088 9087
f 8857 8858 9088
f 8858 8849 9076
f 8858 9076 9088
f 8859 9082 8855
f 9082 8859 8860
f 9082 8860 9084
f 9089 9085 9084
f 8860 9089 9084
f 8861 9089 8860
f 9090 8861 8862
f 9090 9089 8861
f 9091 8862 8863
f 9091 9090 8862
f 8863 8865 9091
f 9091 8865 9092
f 9094 9093 8868
f 8868 9093 8867
f 9096 9095 8869
f 9095 8868 8869
f 9095 9094 8868
f 9096 9097 9095
f 9099 9098 9086
f 9098 8856 9086
f 9098 8871 8856
f 9099 9086 9087
f 9100 9092 8865
f 9100 8865 8872
f 9101 8872 8873
f 9101 9100 8872
f 8873 8874 9101
f 9101 8874 9102
f 9093 8876 8867
f 9103 8876 9093
f 8877 9096 8869
f 9104 9097 9096
f 8877 9104 9096
f 8878 9104 8877
f 8878 8871 9098
f 8878 9098 9104
f 9105 9102 8874
f 9105 8874 8879
f 9107 9106 8880
f 9106 8879 8880
f 9106 9105 8879
f 9107 9108 9106
f 9103 8881 8876
f 9109 8881 9103
f 8882 9107 8880
f 9111 9110 8884
f 8884 9110 8882
f 9110 9108 8882
f 9108 9107 8882
f 9111 9112 9110
f 9115 9114 9113
f 9109 9115 9113
f 8885 9109 9113
f 8881 9109 8885
f 8886 9111 8884
f 9117 9116 8888
f 8888 9116 8886
f 9116 9112 8886
f 9112 9111 8886
f 9117 9118 9116
f 9121 9120 9119
f 9121 9119 9114
f 9114 9119 9113
f 9119 8889 9113
f 8889 8890 9113
f 9113 8890 8885
f 8891 9122 9117
f 8891 9117 8888
f 9118 9117 9123
f 9123 9117 9122
f 9119 9120 9124
f 9124 9120 9125
f 9124 8892 8889
f 9124 8889 9119
f 8893 9122 8891
f 8893 8895 9122
f 8895 9123 9122
f 8895 9126 9123
f 9124 9125 9127
f 9127 9125 9128
f 9127 8897 8892
f 9127 8892 9124
f 8899 9126 8895
f 8899 9129 9126
f 9127 9128 9130
f 9130 9128 9131
f 9130 8901 8897
f 9130 8897 9127
f 8903 9133 9132
f 9129 8903 9132
f 8899 8903 9129
f 9133 9134 9132
f 9130 9131 9135
f 9135 9131 9136
f 9135 8905 8901
f 9135 8901 9130
f 8907 9137 9133
f 8907 9133 8903
f 9134 9133 9138
f 9138 9133 9137
f 9136 9139 9135
f 8905 9135 9139
f 9140 8905 9139
f 8908 8905 9140
f 8909 9137 8907
f 8909 8911 9137
f 8911 9138 9137
f 8911 9141 9138
f 9144 9143 9142
f 9140 9144 9142
f 8913 9140 9142
f 8908 9140 8913
f 8915 9145 8914
f 9141 8911 9146
f 8911 9145 9146
f 9145 9147 9146
f 8911 8914 9145
f 9147 9148 9146
f 9142 9143 9149
f 9149 9143 9150
f 9149 8916 8913
f 9149 8913 9142
f 8918 9151 9145
f 8918 9145 8915
f 9154 9153 9152
f 9147 8919 8920
f 8919 9147 9151
f 9145 9151 9147
f 9152 9153 8922
f 9153 9148 8922
f 9147 8920 8922
f 9147 8922 9148
f 9149 9150 8926
f 9150 8925 8926
f 9150 9155 8925
f 9149 8926 8916
f 8928 9151 8918
f 9152 9156 9154
f 8919 9151 8928
f 9158 9156 9157
f 9157 9156 8929
f 9156 9152 8929
f 9152 8922 8929
f 8930 9159 8929
f 8929 9159 9157
f 8931 9159 8930
f 9155 9160 8925
f 8925 9160 8932
f 9160 9162 9161
f 8934 9160 9161
f 8932 9160 8934
f 9163 8935 8934
f 9163 8934 9161
f 9163 8937 8935
f 9158 9157 9164
f 9158 9164 9165
f 9166 9157 9159
f 9164 9157 9166
f 8939 9166 8931
f 8931 9166 9159
f 9162 9167 9161
f 9161 9167 9163
f 9163 9167 9168
f 8937 9163 9168
f 9169 8937 9168
f 8941 8937 9169
f 9170 9165 9164
f 9170 9164 9166
f 9170 9166 9171
f 9173 9171 9172
f 9172 9171 8942
f 9171 9166 8942
f 9166 8939 8942
f 8943 9172 8942
f 9169 9174 8941
f 8941 9174 8944
f 8945 8944 9174
f 8945 9174 9175
f 9173 9172 9176
f 9173 9176 9177
f 8946 9176 8943
f 8943 9176 9172
f 9175 8947 8945
f 9178 8947 9175
f 9179 9177 9176
f 9176 8946 9179
f 8946 9180 9179
f 8946 8949 9180
f 9178 8951 8947
f 9181 8951 9178
f 8953 9180 8949
f 8953 9182 9180
f 9181 8957 8951
f 9183 8957 9181
f 8953 8958 9184
f 9185 8953 9184
f 9182 8953 9185
f 8959 9184 8958
f 9183 9186 8957
f 8957 9186 8963
f 8964 8963 9186
f 8964 9186 9187
f 9188 9185 9184
f 9190 9188 9189
f 9189 9188 8965
f 9188 9184 8965
f 9184 8959 8965
f 8966 9191 8965
f 8965 9191 9189
f 8967 9192 8966
f 8966 9192 9191
f 8968 9192 8967
f 9187 8969 8964
f 9193 8969 9187
f 9194 9190 9189
f 9196 9195 9194
f 9189 9196 9194
f 9191 9196 9189
f 9197 9191 9192
f 9196 9191 9197
f 8970 9197 8968
f 8968 9197 9192
f 9193 8971 8969
f 9198 8971 9193
f 9199 9195 9196
f 9201 9200 9199
f 9196 9201 9199
f 9197 9201 9196
f 8973 9201 8970
f 8970 9201 9197
f 9204 9203 9202
f 9198 9204 9202
f 8974 9198 9202
f 8971 9198 8974
f 9200 9201 9205
f 9200 9205 9206
f 8976 9205 8973
f 8973 9205 9201
f 9202 9203 9207
f 9207 9203 9208
f 9207 8978 8974
f 9207 8974 9202
f 9206 9205 9209
f 9206 9209 9210
f 8979 9211 8976
f 9211 9205 8976
f 9211 9209 9205
f 8980 9211 8979
f 9207 9208 9212
f 9212 9208 9213
f 9212 8982 8978
f 9212 8978 9207
f 9214 9210 9209
f 9216 9215 9214
f 9209 9216 9214
f 9211 9216 9209
f 8983 9216 8980
f 8980 9216 9211
f 9213 9217 9212
f 8982 9212 9217
f 9218 8982 9217
f 8984 8982 9218
f 9215 9216 9219
f 9215 9219 9220
f 8985 9219 8983
f 8983 9219 9216
f 9223 9222 9221
f 9218 9223 9221
f 8986 9218 9221
f 8984 9218 8986
f 9220 9219 9224
f 9220 9224 9225
f 8987 9224 8985
f 8985 9224 9219
f 9221 9222 9226
f 9226 9222 9227
f 9226 8988 8986
f 9226 8986 9221
f 9225 9224 9228
f 9225 9228 9229
f 8989 9228 8987
f 8987 9228 9224
f 9227 9230 9226
f 8988 9226 9230
f 9231 8988 9230
f 8990 8988 9231
f 9229 9228 9232
f 9229 9232 9233
f 8991 9232 8989
f 8989 9232 9228
f 9231 9234 8990
f 8990 9234 8992
f 8994 8992 9234
f 8994 9234 9235
f 9233 9232 8996
f 8997 9233 8996
f 9236 9233 8997
f 8996 9232 8991
f 9235 9237 8994
f 8994 9237 8998
f 9237 9239 9238
f 8999 9237 9238
f 8998 9237 8999
f 9238 9000 8999
f 9242 9241 9240
f 9241 9236 9240
f 9236 9002 9240
f 9236 8997 9002
f 9239 9243 9238
f 9000 9238 9243
f 9244 9000 9243
f 9003 9000 9244
f 9247 9246 9245
f 9245 9246 9242
f 9245 9242 9240
f 9006 9245 9240
f 9005 9006 9240
f 9005 9240 9002
f 9249 9007 9248
f 9007 9244 9248
f 9007 9003 9244
f 9250 9249 9248
f 9247 9245 9009
f 9010 9247 9009
f 9251 9247 9010
f 9009 9245 9006
f 9249 9012 9007
f 9014 9012 9249
f 9250 9014 9249
f 9252 9014 9250
f 9016 9251 9010
f 9016 9253 9251
f 9255 9018 9254
f 9018 9252 9254
f 9018 9014 9252
f 9256 9255 9254
f 9259 9258 9257
f 9258 9253 9257
f 9253 9020 9257
f 9253 9016 9020
f 9255 9021 9018
f 9256 9260 9255
f 9260 9021 9255
f 9260 9022 9021
f 9024 9022 9260
f 9024 9260 9261
f 9264 9263 9262
f 9262 9263 9259
f 9262 9259 9257
f 9027 9262 9257
f 9026 9027 9257
f 9026 9257 9020
f 9261 9265 9024
f 9024 9265 9029
f 9030 9029 9265
f 9030 9265 9266
f 9264 9262 9032
f 9033 9264 9032
f 9267 9264 9033
f 9032 9262 9027
f 9266 9268 9030
f 9030 9268 9035
f 9270 9269 9036
f 9035 9270 9036
f 9268 9270 9035
f 9038 9039 9269
f 9270 9038 9269
f 9271 9038 9270
f 9040 9038 9271
f 9040 9271 9272
f 9042 9267 9033
f 9042 9273 9267
f 9274 9043 9269
f 9269 9043 9036
f 9044 9274 9039
f 9039 9274 9269
f 9272 9275 9040
f 9040 9275 9045
f 9277 9276 9046
f 9045 9277 9046
f 9275 9277 9045
f 9279 9278 9276
f 9279 9276 9277
f 9281 9280 9278
f 9281 9278 9279
f 9282 9280 9281
f 9285 9284 9283
f 9287 9286 9283
f 9287 9283 9284
f 9289 9288 9286
f 9289 9286 9287
f 9289 9273 9288
f 9273 9048 9288
f 9273 9042 9048
f 9274 9049 9043
f 9049 9274 9044
f 9276 9050 9046
f 9050 9276 9051
f 9051 9276 9278
f 9051 9278 9052
f 9052 9278 9280
f 9053 9052 9280
f 9282 9053 9280
f 9290 9053 9282
f 9293 9292 9291
f 9295 9294 9291
f 9295 9291 9292
f 9297 9296 9294
f 9297 9294 9295
f 9296 9297 9285
f 9283 9296 9285
f 9298 9296 9283
f 9056 9298 9055
f 9298 9286 9055
f 9298 9283 9286
f 9055 9286 9058
f 9058 9286 9288
f 9058 9288 9048
f 9290 9299 9053
f 9053 9299 9060
f 9060 9300 9061
f 9299 9300 9060
f 9291 9063 9293
f 9063 9300 9293
f 9063 9061 9300
f 9063 9291 9064
f 9064 9291 9294
f 9064 9294 9066
f 9066 9294 9296
f 9066 9296 9068
f 9068 9296 9298
f 9070 9068 9301
f 9068 9298 9301
f 9056 9069 9301
f 9056 9301 9298
f 9071 9301 9069
f 9301 9073 9070
f 9073 9301 9071
f 9304 9303 9302
f 9076 9077 9302
f 9077 9304 9302
f 9077 9305 9304
f 9306 9077 9078
f 9306 9305 9077
f 9307 9078 9079
f 9307 9306 9078
f 9308 9079 9080
f 9308 9307 9079
f 9309 9080 9081
f 9309 9308 9080
f 9311 9309 9310
f 9309 9083 9310
f 9309 9081 9083
f 9085 9310 9083
f 9314 9313 9312
f 9312 9315 9314
f 9302 9303 9088
f 9303 9087 9088
f 9303 9316 9087
f 9302 9088 9076
f 9317 9311 9310
f 9317 9310 9085
f 9089 9317 9085
f 9318 9317 9089
f 9319 9089 9090
f 9319 9318 9089
f 9320 9090 9091
f 9320 9319 9090
f 9322 9321 9092
f 9321 9091 9092
f 9321 9320 9091
f 9322 9323 9321
f 9325 9324 9313
f 9324 9093 9313
f 9094 9312 9313
f 9094 9313 9093
f 9095 9312 9094
f 9312 9095 9315
f 9326 9315 9095
f 9315 9326 9325
f 9324 9325 9326
f 9097 9326 9095
f 9328 9327 9099
f 9099 9327 9098
f 9099 9087 9316
f 9099 9316 9328
f 9100 9322 9092
f 9329 9323 9322
f 9100 9329 9322
f 9101 9329 9100
f 9331 9330 9102
f 9330 9101 9102
f 9330 9329 9101
f 9331 9332 9330
f 9334 9333 9324
f 9333 9093 9324
f 9333 9103 9093
f 9334 9324 9326
f 9334 9326 9335
f 9335 9326 9097
f 9104 9335 9097
f 9336 9335 9104
f 9104 9098 9327
f 9104 9327 9336
f 9105 9331 9102
f 9337 9332 9331
f 9105 9337 9331
f 9106 9337 9105
f 9106 9108 9337
f 9337 9108 9338
f 9333 9109 9103
f 9339 9109 9333
f 9340 9338 9108
f 9340 9108 9110
f 9110 9112 9340
f 9340 9112 9341
f 9343 9342 9115
f 9115 9342 9114
f 9115 9109 9339
f 9115 9339 9343
f 9344 9341 9112
f 9344 9112 9116
f 9116 9118 9344
f 9344 9118 9345
f 9346 9120 9121
f 9347 9346 9121
f 9114 9347 9121
f 9342 9347 9114
f 9123 9345 9118
f 9123 9348 9345
f 9350 9349 9346
f 9349 9120 9346
f 9349 9125 9120
f 9350 9346 9347
f 9126 9352 9351
f 9348 9126 9351
f 9123 9126 9348
f 9352 9353 9351
f 9349 9128 9125
f 9354 9128 9349
f 9129 9355 9352
f 9129 9352 9126
f 9353 9352 9356
f 9356 9352 9355
f 9354 9131 9128
f 9357 9131 9354
f 9132 9355 9129
f 9132 9134 9355
f 9134 9356 9355
f 9134 9358 9356
f 9357 9136 9131
f 9359 9136 9357
f 9138 9358 9134
f 9138 9360 9358
f 9139 9136 9361
f 9136 9362 9361
f 9136 9359 9362
f 9361 9140 9139
f 9141 9360 9138
f 9141 9363 9360
f 9365 9364 9362
f 9364 9143 9362
f 9144 9361 9362
f 9144 9362 9143
f 9144 9140 9361
f 9364 9365 9366
f 9141 9146 9367
f 9368 9141 9367
f 9363 9141 9368
f 9148 9367 9146
f 9370 9369 9364
f 9369 9143 9364
f 9369 9150 9143
f 9370 9364 9366
f 9368 9367 9153
f 9154 9368 9153
f 9371 9368 9154
f 9153 9367 9148
f 9373 9155 9372
f 9155 9369 9372
f 9155 9150 9369
f 9374 9373 9372
f 9154 9156 9375
f 9376 9154 9375
f 9371 9154 9376
f 9158 9375 9156
f 9373 9160 9155
f 9162 9160 9373
f 9374 9162 9373
f 9377 9162 9374
f 9378 9376 9375
f 9375 9158 9378
f 9158 9379 9378
f 9158 9165 9379
f 9377 9380 9162
f 9162 9380 9167
f 9380 9382 9381
f 9168 9380 9381
f 9167 9380 9168
f 9169 9168 9381
f 9385 9384 9383
f 9386 9385 9383
f 9387 9379 9165
f 9387 9165 9170
f 9389 9387 9388
f 9387 9171 9388
f 9387 9170 9171
f 9173 9388 9171
f 9382 9390 9381
f 9384 9385 9390
f 9385 9174 9390
f 9169 9381 9390
f 9169 9390 9174
f 9175 9174 9385
f 9386 9175 9385
f 9391 9175 9386
f 9392 9389 9388
f 9388 9173 9392
f 9173 9393 9392
f 9173 9177 9393
f 9391 9178 9175
f 9394 9178 9391
f 9395 9393 9177
f 9395 9177 9179
f 9179 9180 9395
f 9395 9180 9396
f 9394 9181 9178
f 9397 9181 9394
f 9182 9396 9180
f 9182 9398 9396
f 9397 9183 9181
f 9399 9183 9397
f 9185 9398 9182
f 9185 9400 9398
f 9186 9183 9401
f 9183 9402 9401
f 9183 9399 9402
f 9401 9187 9186
f 9185 9188 9403
f 9404 9185 9403
f 9400 9185 9404
f 9190 9403 9188
f 9402 9405 9401
f 9187 9401 9405
f 9406 9187 9405
f 9193 9187 9406
f 9407 9404 9403
f 9409 9407 9408
f 9408 9407 9194
f 9407 9403 9194
f 9403 9190 9194
f 9195 9408 9194
f 9412 9411 9410
f 9406 9412 9410
f 9198 9406 9410
f 9193 9406 9198
f 9413 9409 9408
f 9415 9413 9414
f 9414 9413 9199
f 9413 9408 9199
f 9408 9195 9199
f 9200 9414 9199
f 9410 9411 9204
f 9411 9203 9204
f 9411 9416 9203
f 9410 9204 9198
f 9415 9414 9417
f 9415 9417 9418
f 9206 9417 9200
f 9200 9417 9414
f 9416 9208 9203
f 9419 9208 9416
f 9420 9418 9417
f 9417 9206 9420
f 9206 9421 9420
f 9206 9210 9421
f 9419 9213 9208
f 9422 9213 9419
f 9210 9214 9423
f 9424 9210 9423
f 9421 9210 9424
f 9215 9423 9214
f 9217 9213 9425
f 9213 9426 9425
f 9213 9422 9426
f 9425 9218 9217
f 9424 9423 9427
f 9424 9427 9428
f 9220 9427 9215
f 9215 9427 9423
f 9425 9426 9223
f 9426 9222 9223
f 9426 9429 9222
f 9425 9223 9218
f 9428 9427 9430
f 9428 9430 9431
f 9225 9430 9220
f 9220 9430 9427
f 9429 9227 9222
f 9432 9227 9429
f 9431 9430 9433
f 9431 9433 9434
f 9229 9433 9225
f 9225 9433 9430
f 9230 9227 9435
f 9227 9436 9435
f 9227 9432 9436
f 9435 9231 9230
f 9437 9434 9433
f 9433 9229 9437
f 9229 9438 9437
f 9229 9233 9438
f 9436 9439 9435
f 9439 9441 9440
f 9439 9440 9234
f 9435 9439 9234
f 9231 9435 9234
f 9440 9235 9234
f 9236 9438 9233
f 9236 9442 9438
f 9441 9443 9440
f 9443 9445 9444
f 9443 9444 9237
f 9440 9443 9237
f 9235 9440 9237
f 9444 9239 9237
f 9447 9446 9241
f 9447 9241 9242
f 9236 9241 9442
f 9442 9241 9446
f 9445 9448 9444
f 9448 9450 9449
f 9448 9449 9243
f 9444 9448 9243
f 9239 9444 9243
f 9449 9244 9243
f 9452 9451 9246
f 9452 9246 9247
f 9242 9246 9447
f 9447 9246 9451
f 9449 9450 9453
f 9453 9450 9454
f 9455 9248 9244
f 9449 9455 9244
f 9453 9455 9449
f 9455 9250 9248
f 9458 9457 9456
f 9457 9452 9456
f 9452 9251 9456
f 9452 9247 9251
f 9454 9459 9453
f 9453 9459 9455
f 9455 9459 9460
f 9252 9250 9455
f 9461 9252 9455
f 9460 9461 9455
f 9252 9461 9462
f 9463 9462 9461
f 9458 9456 9464
f 9458 9464 9465
f 9253 9464 9251
f 9251 9464 9456
f 9462 9254 9252
f 9467 9466 9256
f 9467 9256 9254
f 9463 9467 9254
f 9462 9463 9254
f 9468 9466 9467
f 9471 9470 9469
f 9469 9470 9465
f 9469 9465 9464
f 9259 9469 9464
f 9258 9259 9464
f 9258 9464 9253
f 9466 9260 9256
f 9473 9472 9261
f 9473 9261 9260
f 9468 9473 9260
f 9466 9468 9260
f 9474 9472 9473
f 9471 9469 9263
f 9264 9471 9263
f 9475 9471 9264
f 9263 9469 9259
f 9472 9265 9261
f 9266 9265 9472
f 9474 9266 9472
f 9476 9266 9474
f 9479 9478 9477
f 9480 9477 9478
f 9483 9482 9481
f 9482 9475 9481
f 9475 9267 9481
f 9475 9264 9267
f 9268 9266 9484
f 9266 9485 9484
f 9266 9476 9485
f 9268 9486 9270
f 9268 9477 9486
f 9477 9268 9479
f 9484 9479 9268
f 9479 9484 9487
f 9486 9487 9484
f 9484 9488 9486
f 9486 9488 9270
f 9477 9487 9486
f 9270 9489 9271
f 9489 9477 9271
f 9480 9271 9477
f 9271 9480 9490
f 9487 9490 9480
f 9490 9487 9489
f 9489 9488 9490
f 9270 9488 9489
f 9489 9487 9477
f 9490 9272 9271
f 9493 9492 9491
f 9494 9491 9492
f 9497 9496 9495
f 9498 9495 9496
f 9483 9481 9499
f 9483 9499 9500
f 9273 9499 9267
f 9267 9499 9481
f 9485 9501 9484
f 9484 9501 9488
f 9488 9501 9502
f 9488 9502 9490
f 9490 9502 9503
f 9490 9503 9272
f 9503 9275 9272
f 9503 9504 9275
f 9491 9277 9493
f 9277 9504 9493
f 9277 9275 9504
f 9494 9505 9491
f 9505 9277 9491
f 9505 9279 9277
f 9495 9281 9497
f 9281 9505 9497
f 9281 9279 9505
f 9507 9506 9282
f 9507 9282 9281
f 9498 9507 9281
f 9495 9498 9281
f 9509 9508 9506
f 9509 9506 9507
f 9511 9510 9508
f 9511 9508 9509
f 9513 9512 9510
f 9513 9510 9511
f 9515 9514 9512
f 9515 9512 9513
f 9284 9285 9514
f 9515 9284 9514
f 9516 9284 9515
f 9284 9517 9287
f 9516 9517 9284
f 9499 9289 9500
f 9289 9517 9500
f 9289 9287 9517
f 9289 9499 9273
f 9518 9290 9506
f 9506 9290 9282
f 9519 9506 9508
f 9518 9506 9519
f 9293 9519 9292
f 9519 9510 9292
f 9519 9508 9510
f 9292 9510 9295
f 9295 9510 9512
f 9295 9512 9297
f 9297 9512 9514
f 9297 9514 9285
f 9518 9299 9290
f 9299 9518 9300
f 9300 9518 9519
f 9300 9519 9293
f 9520 9303 9304
f 9520 9304 9521
f 9304 9522 9521
f 9304 9305 9522
f 9523 9305 9306
f 9523 9522 9305
f 9524 9306 9307
f 9524 9523 9306
f 9525 9307 9308
f 9525 9524 9307
f 9527 9525 9526
f 9525 9309 9526
f 9525 9308 9309
f 9311 9526 9309
f 9528 9313 9314
f 9315 9528 9314
f 9529 9316 9520
f 9520 9316 9303
f 9520 9521 9530
f 9520 9530 9529
f 9531 9527 9526
f 9531 9526 9311
f 9317 9531 9311
f 9532 9531 9317
f 9533 9317 9318
f 9533 9532 9317
f 9535 9533 9534
f 9533 9319 9534
f 9533 9318 9319
f 9320 9536 9319
f 9319 9536 9534
f 9321 9537 9320
f 9320 9537 9536
f 9323 9537 9321
f 9528 9325 9313
f 9325 9528 9315
f 9538 9327 9328
f 9539 9538 9328
f 9539 9328 9316
f 9540 9539 9316
f 9529 9540 9316
f 9540 9529 9530
f 9541 9535 9534
f 9541 9534 9536
f 9541 9536 9542
f 9542 9536 9537
f 9542 9537 9543
f 9543 9537 9323
f 9329 9543 9323
f 9544 9543 9329
f 9546 9544 9545
f 9544 9330 9545
f 9544 9329 9330
f 9332 9545 9330
f 9547 9333 9334
f 9547 9334 9548
f 9334 9549 9548
f 9334 9335 9549
f 9550 9335 9336
f 9550 9549 9335
f 9336 9327 9538
f 9551 9336 9538
f 9550 9336 9551
f 9551 9538 9539
f 9552 9546 9545
f 9552 9545 9332
f 9337 9552 9332
f 9553 9552 9337
f 9337 9338 9553
f 9553 9338 9554
f 9556 9555 9547
f 9555 9333 9547
f 9555 9339 9333
f 9556 9547 9548
f 9557 9554 9338
f 9557 9338 9340
f 9340 9341 9557
f 9557 9341 9558
f 9560 9559 9343
f 9343 9559 9342
f 9343 9339 9555
f 9343 9555 9560
f 9561 9558 9341
f 9561 9341 9344
f 9344 9345 9561
f 9561 9345 9562
f 9559 9347 9342
f 9563 9347 9559
f 9348 9562 9345
f 9348 9564 9562
f 9566 9565 9350
f 9350 9565 9349
f 9350 9347 9563
f 9350 9563 9566
f 9567 9564 9348
f 9567 9348 9351
f 9351 9353 9567
f 9567 9353 9568
f 9565 9354 9349
f 9569 9354 9565
f 9356 9568 9353
f 9356 9570 9568
f 9569 9357 9354
f 9571 9357 9569
f 9358 9570 9356
f 9358 9572 9570
f 9571 9359 9357
f 9573 9359 9571
f 9360 9572 9358
f 9360 9574 9572
f 9576 9362 9575
f 9362 9573 9575
f 9362 9359 9573
f 9577 9576 9575
f 9363 9574 9360
f 9363 9578 9574
f 9576 9365 9362
f 9366 9365 9576
f 9577 9366 9576
f 9579 9366 9577
f 9368 9578 9363
f 9368 9580 9578
f 9581 9369 9370
f 9582 9581 9370
f 9366 9582 9370
f 9579 9582 9366
f 9371 9580 9368
f 9371 9583 9580
f 9581 9372 9369
f 9374 9372 9581
f 9582 9374 9581
f 9584 9374 9582
f 9376 9583 9371
f 9376 9585 9583
f 9584 9377 9374
f 9586 9377 9584
f 9376 9378 9587
f 9588 9376 9587
f 9585 9376 9588
f 9379 9587 9378
f 9586 9589 9377
f 9377 9589 9380
f 9382 9380 9589
f 9382 9589 9590
f 9384 9591 9383
f 9591 9386 9383
f 9592 9588 9587
f 9592 9587 9379
f 9387 9592 9379
f 9593 9592 9387
f 9595 9594 9389
f 9594 9387 9389
f 9594 9593 9387
f 9595 9596 9594
f 9390 9382 9597
f 9382 9598 9597
f 9382 9590 9598
f 9597 9599 9390
f 9390 9599 9384
f 9599 9600 9384
f 9600 9591 9384
f 9386 9591 9600
f 9601 9386 9600
f 9391 9386 9601
f 9392 9595 9389
f 9603 9602 9393
f 9393 9602 9392
f 9602 9596 9392
f 9596 9595 9392
f 9603 9604 9602
f 9598 9605 9597
f 9597 9605 9599
f 9601 9394 9391
f 9606 9394 9601
f 9395 9603 9393
f 9395 9396 9603
f 9396 9604 9603
f 9396 9607 9604
f 9606 9397 9394
f 9608 9397 9606
f 9398 9607 9396
f 9398 9609 9607
f 9608 9399 9397
f 9610 9399 9608
f 9400 9609 9398
f 9400 9611 9609
f 9610 9402 9399
f 9612 9402 9610
f 9404 9611 9400
f 9404 9613 9611
f 9405 9402 9614
f 9402 9615 9614
f 9402 9612 9615
f 9614 9406 9405
f 9616 9613 9404
f 9616 9404 9407
f 9407 9409 9616
f 9616 9409 9617
f 9614 9615 9412
f 9615 9411 9412
f 9615 9618 9411
f 9614 9412 9406
f 9409 9413 9619
f 9620 9409 9619
f 9617 9409 9620
f 9415 9619 9413
f 9618 9416 9411
f 9621 9416 9618
f 9622 9620 9619
f 9619 9415 9622
f 9415 9623 9622
f 9415 9418 9623
f 9621 9419 9416
f 9624 9419 9621
f 9418 9420 9625
f 9626 9418 9625
f 9623 9418 9626
f 9421 9625 9420
f 9624 9422 9419
f 9627 9422 9624
f 9628 9626 9625
f 9625 9421 9628
f 9421 9629 9628
f 9421 9424 9629
f 9627 9426 9422
f 9630 9426 9627
f 9428 9629 9424
f 9428 9631 9629
f 9630 9429 9426
f 9632 9429 9630
f 9431 9631 9428
f 9431 9633 9631
f 9632 9432 9429
f 9634 9432 9632
f 9434 9633 9431
f 9434 9635 9633
f 9634 9436 9432
f 9636 9436 9634
f 9434 9437 9637
f 9638 9434 9637
f 9635 9434 9638
f 9438 9637 9437
f 9636 9639 9436
f 9436 9639 9439
f 9441 9439 9639
f 9441 9639 9640
f 9643 9642 9641
f 9641 9642 9638
f 9637 9641 9638
f 9644 9641 9637
f 9442 9644 9438
f 9438 9644 9637
f 9640 9645 9441
f 9441 9645 9443
f 9445 9443 9645
f 9445 9645 9646
f 9649 9648 9647
f 9647 9648 9643
f 9641 9647 9643
f 9650 9647 9641
f 9447 9650 9446
f 9650 9644 9446
f 9650 9641 9644
f 9446 9644 9442
f 9448 9445 9651
f 9445 9652 9651
f 9445 9646 9652
f 9651 9450 9448
f 9649 9647 9653
f 9649 9653 9654
f 9452 9653 9451
f 9653 9650 9451
f 9653 9647 9650
f 9451 9650 9447
f 9652 9655 9651
f 9450 9651 9655
f 9656 9450 9655
f 9454 9450 9656
f 9654 9653 9457
f 9458 9654 9457
f 9657 9654 9458
f 9457 9653 9452
f 9656 9658 9454
f 9454 9658 9459
f 9459 9659 9460
f 9658 9659 9459
f 9659 9661 9660
f 9461 9659 9660
f 9460 9659 9461
f 9660 9463 9461
f 9465 9657 9458
f 9465 9662 9657
f 9660 9661 9663
f 9663 9661 9664
f 9665 9467 9463
f 9660 9665 9463
f 9663 9665 9660
f 9665 9468 9467
f 9667 9666 9470
f 9667 9470 9471
f 9465 9470 9662
f 9662 9470 9666
f 9664 9668 9663
f 9663 9668 9665
f 9665 9668 9669
f 9665 9669 9468
f 9669 9473 9468
f 9669 9670 9473
f 9474 9473 9670
f 9474 9670 9671
f 9674 9673 9672
f 9673 9667 9672
f 9667 9475 9672
f 9667 9471 9475
f 9676 9476 9675
f 9476 9671 9675
f 9476 9474 9671
f 9677 9478 9479
f 9678 9676 9675
f 9677 9480 9478
f 9674 9672 9482
f 9483 9674 9482
f 9679 9674 9483
f 9482 9672 9475
f 9680 9485 9676
f 9676 9485 9476
f 9677 9479 9487
f 9678 9681 9676
f 9682 9676 9681
f 9676 9682 9680
f 9684 9683 9681
f 9684 9677 9683
f 9677 9684 9480
f 9685 9480 9684
f 9480 9685 9487
f 9683 9487 9685
f 9685 9682 9683
f 9683 9682 9681
f 9677 9487 9683
f 9687 9686 9685
f 9687 9685 9684
f 9688 9492 9493
f 9689 9686 9687
f 9688 9494 9492
f 9497 9690 9496
f 9690 9498 9496
f 9693 9692 9691
f 9692 9679 9691
f 9679 9500 9691
f 9679 9483 9500
f 9680 9501 9485
f 9501 9680 9502
f 9502 9680 9682
f 9502 9682 9503
f 9503 9682 9685
f 9503 9685 9504
f 9504 9685 9686
f 9686 9689 9504
f 9689 9694 9504
f 9688 9493 9504
f 9688 9504 9694
f 9688 9694 9494
f 9694 9505 9494
f 9694 9695 9505
f 9497 9505 9690
f 9505 9696 9690
f 9505 9695 9696
f 9690 9696 9498
f 9696 9507 9498
f 9696 9697 9507
f 9507 9698 9509
f 9697 9698 9507
f 9509 9699 9511
f 9698 9699 9509
f 9511 9700 9513
f 9699 9700 9511
f 9513 9701 9515
f 9700 9701 9513
f 9515 9702 9516
f 9701 9702 9515
f 9691 9517 9693
f 9517 9702 9693
f 9517 9516 9702
f 9517 9691 9500
f 9703 9521 9522
f 9703 9522 9704
f 9522 9705 9704
f 9522 9523 9705
f 9706 9523 9524
f 9706 9705 9523
f 9708 9706 9707
f 9706 9525 9707
f 9706 9524 9525
f 9527 9707 9525
f 9710 9709 9703
f 9709 9521 9703
f 9709 9530 9521
f 9710 9703 9704
f 9711 9708 9707
f 9711 9707 9527
f 9531 9711 9527
f 9712 9711 9531
f 9713 9531 9532
f 9713 9712 9531
f 9714 9532 9533
f 9714 9713 9532
f 9533 9535 9714
f 9714 9535 9715
f 9717 9716 9540
f 9540 9716 9539
f 9540 9530 9709
f 9540 9709 9717
f 9718 9715 9535
f 9718 9535 9541
f 9719 9541 9542
f 9719 9718 9541
f 9720 9542 9543
f 9720 9719 9542
f 9722 9720 9721
f 9720 9544 9721
f 9720 9543 9544
f 9546 9721 9544
f 9723 9548 9549
f 9550 9724 9549
f 9549 9724 9723
f 9724 9550 9725
f 9550 9726 9725
f 9550 9551 9726
f 9551 9539 9716
f 9551 9716 9726
f 9727 9722 9721
f 9727 9721 9546
f 9552 9727 9546
f 9728 9727 9552
f 9729 9552 9553
f 9729 9728 9552
f 9553 9554 9729
f 9729 9554 9730
f 9732 9731 9556
f 9556 9731 9555
f 9556 9548 9723
f 9733 9556 9723
f 9732 9556 9733
f 9733 9723 9724
f 9733 9724 9734
f 9734 9724 9725
f 9735 9730 9554
f 9735 9554 9557
f 9557 9558 9735
f 9735 9558 9736
f 9738 9737 9560
f 9560 9737 9559
f 9560 9555 9731
f 9560 9731 9738
f 9739 9736 9558
f 9739 9558 9561
f 9561 9562 9739
f 9739 9562 9740
f 9737 9563 9559
f 9741 9563 9737
f 9564 9743 9742
f 9740 9564 9742
f 9562 9564 9740
f 9743 9744 9742
f 9745 9565 9566
f 9746 9745 9566
f 9563 9746 9566
f 9741 9746 9563
f 9567 9743 9564
f 9567 9568 9743
f 9568 9744 9743
f 9568 9747 9744
f 9748 9569 9745
f 9745 9569 9565
f 9745 9746 9749
f 9745 9749 9748
f 9570 9747 9568
f 9570 9750 9747
f 9751 9571 9748
f 9748 9571 9569
f 9748 9749 9752
f 9748 9752 9751
f 9572 9750 9570
f 9572 9753 9750
f 9754 9573 9751
f 9751 9573 9571
f 9751 9752 9755
f 9751 9755 9754
f 9574 9753 9572
f 9574 9756 9753
f 9754 9575 9573
f 9577 9575 9754
f 9755 9577 9754
f 9757 9577 9755
f 9760 9759 9758
f 9759 9756 9758
f 9756 9578 9758
f 9756 9574 9578
f 9757 9579 9577
f 9761 9579 9757
f 9762 9760 9758
f 9758 9578 9762
f 9578 9763 9762
f 9578 9580 9763
f 9761 9582 9579
f 9764 9582 9761
f 9583 9763 9580
f 9583 9765 9763
f 9764 9584 9582
f 9766 9584 9764
f 9585 9765 9583
f 9585 9767 9765
f 9766 9586 9584
f 9768 9586 9766
f 9588 9767 9585
f 9588 9769 9767
f 9768 9770 9586
f 9586 9770 9589
f 9590 9589 9770
f 9590 9770 9771
f 9772 9769 9588
f 9772 9588 9592
f 9773 9592 9593
f 9773 9772 9592
f 9774 9593 9594
f 9774 9773 9593
f 9594 9596 9774
f 9774 9596 9775
f 9771 9598 9590
f 9776 9598 9771
f 9599 9777 9600
f 9777 9601 9600
f 9778 9775 9596
f 9778 9596 9602
f 9602 9604 9778
f 9778 9604 9779
f 9776 9780 9598
f 9598 9780 9605
f 9599 9605 9777
f 9605 9781 9777
f 9605 9780 9781
f 9601 9777 9781
f 9782 9601 9781
f 9606 9601 9782
f 9607 9779 9604
f 9607 9783 9779
f 9782 9608 9606
f 9784 9608 9782
f 9609 9783 9607
f 9609 9785 9783
f 9784 9610 9608
f 9786 9610 9784
f 9789 9788 9787
f 9788 9785 9787
f 9785 9611 9787
f 9785 9609 9611
f 9786 9612 9610
f 9790 9612 9786
f 9791 9789 9787
f 9787 9611 9791
f 9611 9792 9791
f 9611 9613 9792
f 9790 9615 9612
f 9793 9615 9790
f 9613 9616 9794
f 9795 9613 9794
f 9792 9613 9795
f 9617 9794 9616
f 9793 9618 9615
f 9796 9618 9793
f 9797 9795 9794
f 9794 9617 9797
f 9617 9798 9797
f 9617 9620 9798
f 9796 9621 9618
f 9799 9621 9796
f 9620 9622 9800
f 9801 9620 9800
f 9798 9620 9801
f 9623 9800 9622
f 9799 9624 9621
f 9802 9624 9799
f 9801 9800 9803
f 9801 9803 9804
f 9626 9803 9623
f 9623 9803 9800
f 9802 9627 9624
f 9805 9627 9802
f 9806 9804 9803
f 9808 9806 9807
f 9807 9806 9628
f 9806 9803 9628
f 9803 9626 9628
f 9629 9807 9628
f 9805 9630 9627
f 9809 9630 9805
f 9812 9811 9810
f 9810 9811 9808
f 9807 9810 9808
f 9813 9810 9807
f 9631 9813 9629
f 9629 9813 9807
f 9809 9632 9630
f 9814 9632 9809
f 9812 9810 9815
f 9812 9815 9816
f 9813 9818 9817
f 9815 9813 9817
f 9810 9813 9815
f 9813 9631 9818
f 9631 9819 9818
f 9631 9633 9819
f 9814 9634 9632
f 9820 9634 9814
f 9816 9815 9821
f 9816 9821 9822
f 9815 9817 9823
f 9824 9815 9823
f 9821 9815 9824
f 9823 9819 9824
f 9819 9635 9824
f 9819 9633 9635
f 9826 9636 9825
f 9636 9820 9825
f 9636 9634 9820
f 9827 9826 9825
f 9822 9821 9828
f 9822 9828 9829
f 9830 9821 9824
f 9828 9821 9830
f 9638 9830 9635
f 9635 9830 9824
f 9826 9639 9636
f 9640 9639 9826
f 9827 9640 9826
f 9831 9640 9827
f 9834 9833 9832
f 9832 9833 9829
f 9828 9832 9829
f 9835 9832 9828
f 9643 9835 9642
f 9835 9830 9642
f 9835 9828 9830
f 9642 9830 9638
f 9831 9836 9640
f 9640 9836 9645
f 9646 9645 9836
f 9646 9836 9837
f 9834 9832 9838
f 9834 9838 9839
f 9649 9838 9648
f 9838 9835 9648
f 9838 9832 9835
f 9648 9835 9643
f 9837 9652 9646
f 9840 9652 9837
f 9839 9838 9841
f 9839 9841 9842
f 9654 9841 9649
f 9649 9841 9838
f 9840 9843 9652
f 9652 9843 9655
f 9656 9655 9843
f 9656 9843 9844
f 9847 9846 9845
f 9845 9846 9842
f 9841 9845 9842
f 9848 9845 9841
f 9657 9848 9654
f 9654 9848 9841
f 9844 9849 9656
f 9656 9849 9658
f 9849 9851 9850
f 9659 9849 9850
f 9658 9849 9659
f 9850 9661 9659
f 9847 9845 9852
f 9847 9852 9853
f 9854 9845 9848
f 9852 9845 9854
f 9662 9854 9657
f 9657 9854 9848
f 9851 9855 9850
f 9661 9850 9855
f 9856 9661 9855
f 9664 9661 9856
f 9859 9858 9857
f 9857 9858 9853
f 9852 9857 9853
f 9860 9857 9852
f 9667 9860 9666
f 9860 9854 9666
f 9860 9852 9854
f 9666 9854 9662
f 9856 9861 9664
f 9664 9861 9668
f 9668 9862 9669
f 9861 9862 9668
f 9862 9864 9863
f 9670 9862 9863
f 9669 9862 9670
f 9863 9671 9670
f 9859 9857 9865
f 9859 9865 9866
f 9674 9865 9673
f 9865 9860 9673
f 9865 9857 9860
f 9673 9860 9667
f 9864 9867 9863
f 9863 9867 9671
f 9867 9675 9671
f 9867 9868 9675
f 9678 9675 9868
f 9678 9868 9869
f 9872 9871 9870
f 9873 9870 9871
f 9866 9865 9874
f 9866 9874 9875
f 9679 9874 9674
f 9674 9874 9865
f 9869 9876 9678
f 9678 9876 9681
f 9870 9684 9872
f 9684 9876 9872
f 9684 9681 9876
f 9873 9877 9870
f 9877 9684 9870
f 9877 9687 9684
f 9879 9878 9689
f 9687 9879 9689
f 9877 9879 9687
f 9881 9880 9878
f 9881 9878 9879
f 9883 9882 9880
f 9883 9880 9881
f 9885 9884 9882
f 9885 9882 9883
f 9886 9884 9885
f 9889 9888 9887
f 9890 9887 9888
f 9893 9892 9891
f 9891 9892 9875
f 9891 9875 9874
f 9693 9891 9874
f 9692 9693 9874
f 9692 9874 9679
f 9878 9694 9689
f 9694 9878 9695
f 9695 9878 9880
f 9695 9880 9696
f 9696 9880 9882
f 9696 9882 9697
f 9697 9882 9884
f 9886 9894 9884
f 9894 9697 9884
f 9894 9698 9697
f 9698 9895 9699
f 9894 9895 9698
f 9887 9700 9889
f 9700 9895 9889
f 9700 9699 9895
f 9890 9896 9887
f 9896 9700 9887
f 9896 9701 9700
f 9891 9702 9893
f 9702 9896 9893
f 9702 9701 9896
f 9702 9891 9693
f 9897 9704 9705
f 9706 9898 9705
f 9705 9898 9897
f 9708 9898 9706
f 9899 9709 9710
f 9704 9897 9710
f 9897 9899 9710
f 9897 9900 9899
f 9898 9902 9901
f 9900 9898 9901
f 9897 9898 9900
f 9902 9898 9708
f 9711 9902 9708
f 9903 9902 9711
f 9904 9711 9712
f 9904 9903 9711
f 9905 9712 9713
f 9905 9904 9712
f 9907 9905 9906
f 9905 9714 9906
f 9905 9713 9714
f 9715 9906 9714
f 9908 9716 9717
f 9909 9908 9717
f 9909 9717 9709
f 9910 9909 9709
f 9899 9910 9709
f 9910 9899 9900
f 9910 9900 9911
f 9911 9900 9901
f 9912 9907 9906
f 9912 9906 9715
f 9718 9912 9715
f 9913 9912 9718
f 9914 9718 9719
f 9914 9913 9718
f 9915 9719 9720
f 9915 9914 9719
f 9917 9916 9722
f 9916 9720 9722
f 9916 9915 9720
f 9917 9918 9916
f 9921 9920 9919
f 9725 9726 9919
f 9726 9921 9919
f 9726 9922 9921
f 9726 9716 9908
f 9923 9726 9908
f 9922 9726 9923
f 9923 9908 9909
f 9727 9917 9722
f 9924 9918 9917
f 9727 9924 9917
f 9728 9924 9727
f 9925 9728 9729
f 9925 9924 9728
f 9927 9926 9730
f 9926 9729 9730
f 9926 9925 9729
f 9927 9928 9926
f 9930 9929 9732
f 9732 9929 9731
f 9931 9732 9733
f 9931 9930 9732
f 9734 9919 9920
f 9931 9734 9920
f 9733 9734 9931
f 9919 9734 9725
f 9735 9927 9730
f 9933 9932 9736
f 9736 9932 9735
f 9932 9928 9735
f 9928 9927 9735
f 9933 9934 9932
f 9935 9737 9738
f 9936 9935 9738
f 9731 9936 9738
f 9929 9936 9731
f 9739 9933 9736
f 9739 9740 9933
f 9740 9934 9933
f 9740 9937 9934
f 9939 9938 9935
f 9938 9737 9935
f 9938 9741 9737
f 9939 9935 9936
f 9940 9937 9740
f 9940 9740 9742
f 9742 9744 9940
f 9940 9744 9941
f 9938 9746 9741
f 9942 9746 9938
f 9747 9941 9744
f 9747 9943 9941
f 9942 9749 9746
f 9944 9749 9942
f 9750 9943 9747
f 9750 9945 9943
f 9944 9752 9749
f 9946 9752 9944
f 9753 9945 9750
f 9753 9947 9945
f 9946 9755 9752
f 9948 9755 9946
f 9756 9947 9753
f 9756 9949 9947
f 9948 9757 9755
f 9950 9757 9948
f 9952 9951 9759
f 9952 9759 9760
f 9756 9759 9949
f 9949 9759 9951
f 9950 9761 9757
f 9953 9761 9950
f 9760 9762 9954
f 9955 9760 9954
f 9952 9760 9955
f 9763 9954 9762
f 9953 9764 9761
f 9956 9764 9953
f 9957 9955 9954
f 9954 9763 9957
f 9763 9958 9957
f 9763 9765 9958
f 9956 9766 9764
f 9959 9766 9956
f 9767 9958 9765
f 9767 9960 9958
f 9959 9768 9766
f 9961 9768 9959
f 9769 9960 9767
f 9769 9962 9960
f 9961 9963 9768
f 9768 9963 9770
f 9771 9770 9963
f 9771 9963 9964
f 9769 9772 9965
f 9966 9769 9965
f 9962 9769 9966
f 9773 9967 9772
f 9772 9967 9965
f 9774 9968 9773
f 9773 9968 9967
f 9775 9968 9774
f 9970 9776 9969
f 9776 9964 9969
f 9776 9771 9964
f 9972 9971 9970
f 9972 9970 9969
f 9973 9971 9972
f 9974 9966 9965
f 9974 9965 9967
f 9974 9967 9975
f 9975 9967 9968
f 9975 9968 9976
f 9978 9976 9977
f 9977 9976 9778
f 9976 9968 9778
f 9968 9775 9778
f 9779 9977 9778
f 9970 9780 9776
f 9780 9970 9781
f 9781 9970 9971
f 9782 9781 9971
f 9973 9782 9971
f 9979 9782 9973
f 9978 9977 9980
f 9978 9980 9981
f 9783 9980 9779
f 9779 9980 9977
f 9979 9784 9782
f 9982 9784 9979
f 9985 9984 9983
f 9983 9984 9981
f 9980 9983 9981
f 9986 9983 9980
f 9785 9986 9783
f 9783 9986 9980
f 9982 9786 9784
f 9987 9786 9982
f 9985 9983 9988
f 9985 9988 9989
f 9789 9988 9788
f 9988 9986 9788
f 9988 9983 9986
f 9788 9986 9785
f 9987 9790 9786
f 9990 9790 9987
f 9991 9989 9988
f 9991 9988 9789
f 9791 9991 9789
f 9992 9991 9791
f 9791 9792 9992
f 9992 9792 9993
f 9990 9793 9790
f 9994 9793 9990
f 9795 9993 9792
f 9795 9995 9993
f 9994 9796 9793
f 9996 9796 9994
f 9795 9797 9997
f 9998 9795 9997
f 9995 9795 9998
f 9798 9997 9797
f 9996 9799 9796
f 9999 9799 9996
f 10000 9998 9997
f 9997 9798 10000
f 9798 10001 10000
f 9798 9801 10001
f 9999 9802 9799
f 10002 9802 9999
f 10005 10004 10003
f 10004 10001 10003
f 10001 9804 10003
f 10001 9801 9804
f 10002 9805 9802
f 10006 9805 10002
f 10005 10003 10007
f 10005 10007 10008
f 9806 10009 9804
f 10009 10003 9804
f 10009 10007 10003
f 9808 10009 9806
f 10006 9809 9805
f 10010 9809 10006
f 10008 10007 10011
f 10008 10011 10012
f 9812 10011 9811
f 10011 10009 9811
f 10011 10007 10009
f 9811 10009 9808
f 10010 9814 9809
f 10013 9814 10010
f 10012 10011 10014
f 10012 10014 10015
f 9816 10014 9812
f 9812 10014 10011
f 10016 9817 9818
f 9819 10016 9818
f 10013 9820 9814
f 10017 9820 10013
f 10015 10014 10018
f 10015 10018 10019
f 9822 10018 9816
f 9816 10018 10014
f 10016 9823 9817
f 9823 10016 9819
f 10017 10020 9820
f 9820 10020 9825
f 9827 9825 10020
f 9827 10020 10021
f 10019 10018 10022
f 10019 10022 10023
f 9829 10022 9822
f 9822 10022 10018
f 10021 9831 9827
f 10024 9831 10021
f 10023 10022 9833
f 9834 10023 9833
f 10025 10023 9834
f 9833 10022 9829
f 10024 10026 9831
f 9831 10026 9836
f 9837 9836 10026
f 9837 10026 10027
f 9839 10025 9834
f 9839 10028 10025
f 10027 9840 9837
f 10029 9840 10027
f 10032 10031 10030
f 10031 10028 10030
f 10028 9842 10030
f 10028 9839 9842
f 10029 10033 9840
f 9840 10033 9843
f 9844 9843 10033
f 9844 10033 10034
f 10032 10030 9846
f 9847 10032 9846
f 10035 10032 9847
f 9846 10030 9842
f 10034 10036 9844
f 9844 10036 9849
f 9851 9849 10036
f 9851 10036 10037
f 9853 10035 9847
f 9853 10038 10035
f 9855 9851 10039
f 9851 10040 10039
f 9851 10037 10040
f 10039 9856 9855
f 10042 10041 9858
f 10042 9858 9859
f 9853 9858 10038
f 10038 9858 10041
f 10040 10043 10039
f 10043 10045 10044
f 10043 10044 9861
f 10039 10043 9861
f 9856 10039 9861
f 9861 10044 10046
f 10047 9861 10046
f 9862 9861 10047
f 10049 10048 9864
f 9862 10049 9864
f 10047 10049 9862
f 10050 10048 10049
f 10053 10052 10051
f 10052 10042 10051
f 10042 9866 10051
f 10042 9859 9866
f 10045 10054 10044
f 10044 10054 10046
f 10048 9867 9864
f 10050 10055 10048
f 10055 9867 10048
f 10055 9868 9867
f 9869 9868 10055
f 9869 10055 10056
f 10058 10057 9871
f 10058 9871 9872
f 10060 10059 9873
f 9871 10060 9873
f 10057 10060 9871
f 10061 10059 10060
f 10064 10063 10062
f 10065 10062 10063
f 10068 10067 10066
f 10069 10066 10067
f 10072 10071 10070
f 10074 10073 10070
f 10074 10070 10071
f 10073 10074 10053
f 10051 10073 10053
f 10075 10073 10051
f 9875 10075 9866
f 9866 10075 10051
f 10056 10076 9869
f 9869 10076 9876
f 9872 9876 10058
f 10058 9876 10076
f 10059 9877 9873
f 10061 10077 10059
f 10077 9877 10059
f 10077 9879 9877
f 10062 9881 10064
f 9881 10077 10064
f 9881 9879 10077
f 10065 10078 10062
f 10078 9881 10062
f 10078 9883 9881
f 10066 9885 10068
f 9885 10078 10068
f 9885 9883 10078
f 10080 10079 9886
f 10080 9886 9885
f 10069 10080 9885
f 10066 10069 9885
f 10082 10081 10079
f 10082 10079 10080
f 10081 10082 10072
f 10081 10072 10070
f 9889 10081 10070
f 9888 9889 10070
f 9888 10070 9890
f 10070 10083 9890
f 10070 10073 10083
f 9893 10083 9892
f 10083 10075 9892
f 10083 10073 10075
f 9892 10075 9875
f 10079 9894 9886
f 9894 10079 9895
f 9895 10079 10081
f 9895 10081 9889
f 10083 9896 9890
f 9896 10083 9893
f 10084 9901 9902
f 9903 10085 9902
f 9902 10085 10084
f 9904 10086 9903
f 9903 10086 10085
f 9905 10087 9904
f 9904 10087 10086
f 9907 10087 9905
f 10088 9909 9910
f 9911 10089 9910
f 9910 10089 10088
f 9901 10084 9911
f 10084 10089 9911
f 10084 10090 10089
f 10091 10084 10085
f 10090 10084 10091
f 10092 10085 10086
f 10091 10085 10092
f 10093 10086 10087
f 10092 10086 10093
f 9912 10094 9907
f 10094 10087 9907
f 10094 10093 10087
f 9913 10095 9912
f 9912 10095 10094
f 9914 10096 9913
f 9913 10096 10095
f 9915 10097 9914
f 9914 10097 10096
f 9916 10098 9915
f 9915 10098 10097
f 9918 10098 9916
f 10099 9920 9921
f 9922 10100 9921
f 9921 10100 10099
f 10100 9922 10101
f 9922 10102 10101
f 9922 9923 10102
f 9923 9909 10088
f 10103 9923 10088
f 10102 9923 10103
f 10103 10088 10089
f 10103 10089 10104
f 10104 10089 10090
f 10104 10090 10105
f 10105 10090 10091
f 10105 10091 10106
f 10106 10091 10092
f 10106 10092 10107
f 10107 10092 10093
f 10107 10093 10108
f 10108 10093 10094
f 10108 10094 10109
f 10109 10094 10095
f 10109 10095 10110
f 10110 10095 10096
f 10110 10096 10111
f 10111 10096 10097
f 10111 10097 10112
f 10112 10097 10098
f 10112 10098 10113
f 10113 10098 9918
f 9924 10113 9918
f 10114 10113 9924
f 10115 9924 9925
f 10115 10114 9924
f 10117 10115 10116
f 10115 9926 10116
f 10115 9925 9926
f 9928 10116 9926
f 10118 9929 9930
f 9931 10119 9930
f 9930 10119 10118
f 10120 10119 9931
f 10120 9931 9920
f 10121 10120 9920
f 10099 10121 9920
f 10121 10099 10100
f 10121 10100 10122
f 10122 10100 10101
f 10123 10117 10116
f 10125 10123 10124
f 10124 10123 9932
f 10123 10116 9932
f 10116 9928 9932
f 9934 10124 9932
f 10127 10126 10118
f 10126 9929 10118
f 10126 9936 9929
f 10127 10118 10119
f 10127 10119 10128
f 10128 10119 10120
f 10129 10125 10124
f 10124 9934 10129
f 9934 10130 10129
f 9934 9937 10130
f 10131 9938 9939
f 10132 10131 9939
f 9936 10132 9939
f 10126 10132 9936
f 10133 10130 9937
f 10133 9937 9940
f 9940 9941 10133
f 10133 9941 10134
f 10135 9942 10131
f 10131 9942 9938
f 10131 10132 10136
f 10131 10136 10135
f 9943 10134 9941
f 9943 10137 10134
f 10138 9944 10135
f 10135 9944 9942
f 10135 10136 10139
f 10135 10139 10138
f 9945 10137 9943
f 9945 10140 10137
f 10142 10141 10138
f 10141 9944 10138
f 10141 9946 9944
f 10142 10138 10139
f 9947 10140 9945
f 9947 10143 10140
f 10141 9948 9946
f 10144 9948 10141
f 10147 10146 10145
f 10149 10148 10145
f 10149 10145 10146
f 10149 10143 10148
f 10143 9949 10148
f 10143 9947 9949
f 10144 9950 9948
f 10150 9950 10144
f 10151 10147 10145
f 9952 10152 9951
f 10152 10145 9951
f 10145 10148 9951
f 10152 10151 10145
f 9951 10148 9949
f 10150 9953 9950
f 10153 9953 10150
f 9955 10152 9952
f 9955 10154 10152
f 10153 9956 9953
f 10155 9956 10153
f 10156 10154 9955
f 10156 9955 9957
f 9957 9958 10156
f 10156 9958 10157
f 10155 9959 9956
f 10158 9959 10155
f 9960 10157 9958
f 9960 10159 10157
f 10161 9961 10160
f 9961 10158 10160
f 9961 9959 10158
f 10163 10162 10161
f 10163 10161 10160
f 10164 10162 10163
f 9962 10166 10165
f 10159 9962 10165
f 9960 9962 10159
f 10166 10167 10165
f 10161 9963 9961
f 9963 10161 9964
f 10161 10168 9964
f 10161 10162 10168
f 10162 10164 10169
f 10170 10162 10169
f 10168 10162 10170
f 10172 10171 10170
f 10172 10170 10169
f 10173 10171 10172
f 9966 10174 10166
f 9966 10166 9962
f 10167 10166 10175
f 10166 10176 10175
f 10166 10174 10176
f 10176 10177 10175
f 10168 9969 9964
f 9969 10168 9972
f 9972 10168 10170
f 9972 10170 9973
f 10170 10178 9973
f 10170 10171 10178
f 10171 10173 10179
f 10171 10179 10178
f 9974 10174 9966
f 10174 9974 9975
f 10174 9975 10176
f 9975 9976 10176
f 9976 10180 10176
f 10180 10177 10176
f 9976 10181 10180
f 9978 10181 9976
f 10182 9979 10178
f 10178 9979 9973
f 10178 10179 10183
f 10178 10183 10182
f 10180 10181 10184
f 10180 10184 10185
f 9981 10184 9978
f 9978 10184 10181
f 10187 10186 10182
f 10186 9979 10182
f 10186 9982 9979
f 10187 10182 10183
f 10185 10184 9984
f 9985 10185 9984
f 10188 10185 9985
f 9984 10184 9981
f 10186 9987 9982
f 10189 9987 10186
f 9989 10188 9985
f 9989 10190 10188
f 10189 9990 9987
f 10191 9990 10189
f 10192 10190 9989
f 10192 9989 9991
f 10194 10192 10193
f 10192 9992 10193
f 10192 9991 9992
f 9993 10193 9992
f 10191 9994 9990
f 10195 9994 10191
f 10194 10193 10196
f 10194 10196 10197
f 9995 10196 9993
f 9993 10196 10193
f 10195 9996 9994
f 10198 9996 10195
f 10197 10196 10199
f 10197 10199 10200
f 9998 10199 9995
f 9995 10199 10196
f 10198 9999 9996
f 10201 9999 10198
f 10200 10199 10202
f 10200 10202 10203
f 10000 10204 9998
f 10204 10199 9998
f 10204 10202 10199
f 10001 10204 10000
f 10201 10002 9999
f 10205 10002 10201
f 10203 10202 10206
f 10203 10206 10207
f 10005 10206 10004
f 10206 10204 10004
f 10206 10202 10204
f 10004 10204 10001
f 10205 10006 10002
f 10208 10006 10205
f 10207 10206 10209
f 10207 10209 10210
f 10008 10209 10005
f 10005 10209 10206
f 10208 10010 10006
f 10211 10010 10208
f 10210 10209 10212
f 10210 10212 10213
f 10012 10212 10008
f 10008 10212 10209
f 10211 10013 10010
f 10214 10013 10211
f 10213 10212 10215
f 10213 10215 10216
f 10015 10215 10012
f 10012 10215 10212
f 10218 10017 10217
f 10017 10214 10217
f 10017 10013 10214
f 10219 10218 10217
f 10216 10215 10220
f 10216 10220 10221
f 10019 10220 10015
f 10015 10220 10215
f 10218 10020 10017
f 10021 10020 10218
f 10219 10021 10218
f 10222 10021 10219
f 10221 10220 10223
f 10221 10223 10224
f 10023 10223 10019
f 10019 10223 10220
f 10222 10024 10021
f 10225 10024 10222
f 10224 10223 10226
f 10224 10226 10227
f 10025 10226 10023
f 10023 10226 10223
f 10225 10228 10024
f 10024 10228 10026
f 10027 10026 10228
f 10027 10228 10229
f 10232 10231 10230
f 10230 10231 10227
f 10226 10230 10227
f 10233 10230 10226
f 10028 10233 10025
f 10025 10233 10226
f 10229 10029 10027
f 10234 10029 10229
f 10232 10230 10235
f 10232 10235 10236
f 10032 10235 10031
f 10235 10233 10031
f 10235 10230 10233
f 10031 10233 10028
f 10234 10237 10029
f 10029 10237 10033
f 10034 10033 10237
f 10034 10237 10238
f 10236 10235 10239
f 10236 10239 10240
f 10035 10239 10032
f 10032 10239 10235
f 10238 10241 10034
f 10034 10241 10036
f 10037 10036 10241
f 10037 10241 10242
f 10240 10239 10243
f 10240 10243 10244
f 10038 10243 10035
f 10035 10243 10239
f 10242 10040 10037
f 10245 10040 10242
f 10248 10247 10246
f 10250 10249 10246
f 10250 10246 10247
f 10252 10251 10249
f 10252 10249 10250
f 10251 10252 10244
f 10251 10244 10243
f 10042 10251 10243
f 10041 10042 10243
f 10041 10243 10038
f 10043 10040 10253
f 10040 10254 10253
f 10040 10245 10254
f 10253 10045 10043
f 10046 10255 10047
f 10256 10049 10047
f 10256 10047 10255
f 10256 10050 10049
f 10259 10258 10257
f 10260 10257 10258
f 10263 10262 10261
f 10265 10264 10261
f 10265 10261 10262
f 10267 10266 10264
f 10267 10264 10265
f 10266 10267 10248
f 10246 10266 10248
f 10268 10266 10246
f 10269 10246 10249
f 10268 10246 10269
f 10053 10269 10052
f 10269 10251 10052
f 10269 10249 10251
f 10052 10251 10042
f 10254 10270 10253
f 10253 10270 10045
f 10270 10054 10045
f 10270 10271 10054
f 10046 10054 10255
f 10054 10272 10255
f 10054 10271 10272
f 10255 10272 10256
f 10256 10272 10273
f 10256 10273 10050
f 10273 10055 10050
f 10273 10274 10055
f 10056 10055 10274
f 10056 10274 10275
f 10277 10276 10057
f 10277 10057 10058
f 10057 10278 10060
f 10276 10278 10057
f 10280 10279 10061
f 10060 10280 10061
f 10278 10280 10060
f 10279 10280 10259
f 10279 10259 10257
f 10064 10279 10257
f 10063 10064 10257
f 10282 10281 10065
f 10282 10065 10063
f 10260 10282 10063
f 10257 10260 10063
f 10281 10282 10263
f 10281 10263 10261
f 10068 10281 10261
f 10067 10068 10261
f 10067 10261 10069
f 10261 10283 10069
f 10261 10264 10283
f 10284 10264 10266
f 10283 10264 10284
f 10072 10284 10071
f 10284 10268 10071
f 10284 10266 10268
f 10071 10268 10074
f 10074 10268 10269
f 10074 10269 10053
f 10275 10285 10056
f 10056 10285 10076
f 10058 10076 10277
f 10277 10076 10285
f 10279 10077 10061
f 10077 10279 10064
f 10281 10078 10065
f 10078 10281 10068
f 10283 10080 10069
f 10080 10283 10082
f 10082 10283 10284
f 10082 10284 10072
f 10286 10101 10102
f 10103 10287 10102
f 10102 10287 10286
f 10287 10103 10288
f 10103 10289 10288
f 10103 10104 10289
f 10290 10104 10105
f 10290 10289 10104
f 10291 10105 10106
f 10291 10290 10105
f 10292 10106 10107
f 10292 10291 10106
f 10293 10107 10108
f 10293 10292 10107
f 10294 10108 10109
f 10294 10293 10108
f 10295 10109 10110
f 10295 10294 10109
f 10297 10295 10296
f 10295 10111 10296
f 10295 10110 10111
f 10112 10298 10111
f 10111 10298 10296
f 10113 10299 10112
f 10112 10299 10298
f 10114 10300 10113
f 10113 10300 10299
f 10115 10301 10114
f 10114 10301 10300
f 10117 10301 10115
f 10302 10120 10121
f 10122 10303 10121
f 10121 10303 10302
f 10304 10303 10122
f 10304 10122 10101
f 10305 10304 10101
f 10286 10305 10101
f 10305 10286 10287
f 10305 10287 10306
f 10306 10287 10288
f 10307 10297 10296
f 10307 10296 10298
f 10307 10298 10308
f 10308 10298 10299
f 10308 10299 10309
f 10309 10299 10300
f 10309 10300 10310
f 10310 10300 10301
f 10310 10301 10311
f 10313 10311 10312
f 10312 10311 10123
f 10311 10301 10123
f 10301 10117 10123
f 10125 10312 10123
f 10314 10126 10127
f 10128 10315 10127
f 10127 10315 10314
f 10120 10302 10128
f 10302 10315 10128
f 10302 10316 10315
f 10303 10318 10317
f 10316 10303 10317
f 10302 10303 10316
f 10318 10303 10304
f 10319 10313 10312
f 10321 10319 10320
f 10320 10319 10129
f 10319 10312 10129
f 10312 10125 10129
f 10130 10320 10129
f 10322 10132 10314
f 10314 10132 10126
f 10323 10314 10315
f 10322 10314 10323
f 10316 10325 10324
f 10323 10316 10324
f 10315 10316 10323
f 10325 10316 10317
f 10326 10321 10320
f 10328 10326 10327
f 10327 10326 10133
f 10326 10320 10133
f 10320 10130 10133
f 10134 10327 10133
f 10330 10329 10322
f 10329 10132 10322
f 10329 10136 10132
f 10330 10322 10323
f 10330 10323 10331
f 10331 10323 10324
f 10328 10327 10332
f 10328 10332 10333
f 10137 10332 10134
f 10134 10332 10327
f 10329 10139 10136
f 10334 10139 10329
f 10335 10333 10332
f 10332 10137 10335
f 10137 10336 10335
f 10137 10140 10336
f 10337 10141 10142
f 10338 10337 10142
f 10139 10338 10142
f 10334 10338 10139
f 10143 10336 10140
f 10143 10339 10336
f 10340 10144 10337
f 10337 10144 10141
f 10337 10338 10341
f 10337 10341 10340
f 10343 10342 10146
f 10343 10146 10147
f 10146 10344 10149
f 10342 10344 10146
f 10143 10149 10339
f 10339 10149 10344
f 10345 10150 10340
f 10340 10150 10144
f 10340 10341 10346
f 10340 10346 10345
f 10347 10343 10147
f 10347 10147 10151
f 10151 10152 10347
f 10347 10152 10348
f 10349 10153 10345
f 10345 10153 10150
f 10345 10346 10350
f 10345 10350 10349
f 10154 10352 10351
f 10348 10154 10351
f 10152 10154 10348
f 10352 10353 10351
f 10354 10155 10349
f 10349 10155 10153
f 10349 10350 10355
f 10349 10355 10354
f 10156 10352 10154
f 10156 10157 10352
f 10157 10353 10352
f 10157 10356 10353
f 10357 10158 10354
f 10354 10158 10155
f 10354 10355 10358
f 10354 10358 10357
f 10159 10360 10359
f 10356 10159 10359
f 10157 10159 10356
f 10362 10361 10360
f 10360 10361 10359
f 10362 10363 10361
f 10357 10160 10158
f 10358 10364 10357
f 10364 10160 10357
f 10364 10163 10160
f 10164 10163 10364
f 10164 10364 10365
f 10165 10360 10159
f 10360 10165 10167
f 10366 10360 10167
f 10362 10360 10366
f 10363 10362 10367
f 10367 10362 10366
f 10365 10368 10164
f 10164 10368 10169
f 10169 10369 10172
f 10368 10369 10169
f 10173 10172 10369
f 10173 10369 10370
f 10175 10366 10167
f 10175 10177 10366
f 10177 10367 10366
f 10177 10371 10367
f 10370 10179 10173
f 10372 10179 10370
f 10180 10371 10177
f 10180 10373 10371
f 10376 10375 10374
f 10372 10376 10374
f 10183 10372 10374
f 10179 10372 10183
f 10185 10373 10180
f 10185 10377 10373
f 10374 10375 10187
f 10375 10186 10187
f 10375 10378 10186
f 10374 10187 10183
f 10188 10377 10185
f 10188 10379 10377
f 10378 10189 10186
f 10380 10189 10378
f 10190 10379 10188
f 10190 10381 10379
f 10380 10191 10189
f 10382 10191 10380
f 10190 10192 10383
f 10384 10190 10383
f 10381 10190 10384
f 10194 10383 10192
f 10382 10195 10191
f 10385 10195 10382
f 10386 10384 10383
f 10383 10194 10386
f 10194 10387 10386
f 10194 10197 10387
f 10385 10198 10195
f 10388 10198 10385
f 10200 10387 10197
f 10200 10389 10387
f 10388 10201 10198
f 10390 10201 10388
f 10203 10389 10200
f 10203 10391 10389
f 10390 10205 10201
f 10392 10205 10390
f 10207 10391 10203
f 10207 10393 10391
f 10392 10208 10205
f 10394 10208 10392
f 10210 10393 10207
f 10210 10395 10393
f 10394 10211 10208
f 10396 10211 10394
f 10399 10398 10397
f 10398 10395 10397
f 10395 10213 10397
f 10395 10210 10213
f 10396 10214 10211
f 10400 10214 10396
f 10399 10397 10401
f 10399 10401 10402
f 10216 10401 10213
f 10213 10401 10397
f 10400 10403 10214
f 10214 10403 10217
f 10219 10217 10403
f 10219 10403 10404
f 10405 10402 10401
f 10401 10216 10405
f 10216 10406 10405
f 10216 10221 10406
f 10404 10222 10219
f 10407 10222 10404
f 10410 10409 10408
f 10409 10406 10408
f 10406 10224 10408
f 10406 10221 10224
f 10407 10225 10222
f 10411 10225 10407
f 10410 10408 10412
f 10410 10412 10413
f 10227 10412 10224
f 10224 10412 10408
f 10411 10414 10225
f 10225 10414 10228
f 10229 10228 10414
f 10229 10414 10415
f 10413 10412 10231
f 10232 10413 10231
f 10416 10413 10232
f 10231 10412 10227
f 10418 10234 10417
f 10234 10415 10417
f 10234 10229 10415
f 10419 10418 10417
f 10236 10416 10232
f 10236 10420 10416
f 10418 10237 10234
f 10422 10421 10238
f 10422 10238 10237
f 10419 10422 10237
f 10418 10419 10237
f 10423 10421 10422
f 10240 10420 10236
f 10240 10424 10420
f 10421 10241 10238
f 10242 10241 10421
f 10423 10242 10421
f 10425 10242 10423
f 10428 10427 10426
f 10430 10429 10426
f 10430 10426 10427
f 10430 10424 10429
f 10424 10244 10429
f 10424 10240 10244
f 10425 10245 10242
f 10431 10245 10425
f 10434 10433 10432
f 10435 10432 10433
f 10438 10437 10436
f 10440 10439 10436
f 10440 10436 10437
f 10442 10441 10439
f 10442 10439 10440
f 10247 10248 10441
f 10442 10247 10441
f 10443 10247 10442
f 10426 10250 10428
f 10250 10443 10428
f 10250 10247 10443
f 10250 10426 10252
f 10252 10426 10429
f 10252 10429 10244
f 10431 10254 10245
f 10444 10254 10431
f 10447 10446 10445
f 10449 10448 10445
f 10449 10445 10446
f 10448 10449 10434
f 10448 10434 10432
f 10259 10448 10432
f 10258 10259 10432
f 10451 10450 10260
f 10451 10260 10258
f 10435 10451 10258
f 10432 10435 10258
f 10450 10451 10438
f 10450 10438 10436
f 10263 10450 10436
f 10262 10263 10436
f 10262 10436 10265
f 10265 10436 10439
f 10265 10439 10267
f 10267 10439 10441
f 10267 10441 10248
f 10444 10452 10254
f 10254 10452 10270
f 10270 10453 10271
f 10452 10453 10270
f 10271 10454 10272
f 10453 10454 10271
f 10272 10455 10273
f 10454 10455 10272
f 10455 10457 10456
f 10274 10455 10456
f 10273 10455 10274
f 10456 10275 10274
f 10277 10458 10276
f 10459 10447 10445
f 10276 10459 10445
f 10278 10276 10445
f 10459 10276 10458
f 10278 10445 10280
f 10280 10445 10448
f 10280 10448 10259
f 10450 10282 10260
f 10282 10450 10263
f 10457 10460 10456
f 10456 10460 10275
f 10460 10285 10275
f 10460 10461 10285
f 10277 10285 10458
f 10285 10462 10458
f 10285 10461 10462
f 10458 10462 10459
f 10463 10288 10289
f 10290 10464 10289
f 10289 10464 10463
f 10291 10465 10290
f 10290 10465 10464
f 10292 10466 10291
f 10291 10466 10465
f 10293 10467 10292
f 10292 10467 10466
f 10294 10468 10293
f 10293 10468 10467
f 10295 10469 10294
f 10294 10469 10468
f 10297 10469 10295
f 10470 10304 10305
f 10306 10471 10305
f 10305 10471 10470
f 10472 10471 10306
f 10472 10306 10288
f 10473 10472 10288
f 10463 10473 10288
f 10473 10463 10464
f 10473 10464 10474
f 10474 10464 10465
f 10474 10465 10475
f 10475 10465 10466
f 10475 10466 10476
f 10476 10466 10467
f 10476 10467 10477
f 10477 10467 10468
f 10477 10468 10478
f 10478 10468 10469
f 10478 10469 10479
f 10479 10469 10297
f 10307 10479 10297
f 10480 10479 10307
f 10481 10307 10308
f 10481 10480 10307
f 10482 10308 10309
f 10482 10481 10308
f 10484 10482 10483
f 10482 10310 10483
f 10482 10309 10310
f 10311 10485 10310
f 10310 10485 10483
f 10313 10485 10311
f 10487 10486 10318
f 10318 10486 10317
f 10318 10304 10470
f 10488 10318 10470
f 10487 10318 10488
f 10488 10470 10471
f 10488 10471 10489
f 10489 10471 10472
f 10490 10484 10483
f 10490 10483 10485
f 10490 10485 10491
f 10493 10491 10492
f 10492 10491 10319
f 10491 10485 10319
f 10485 10313 10319
f 10321 10492 10319
f 10495 10494 10325
f 10325 10494 10324
f 10325 10317 10486
f 10325 10486 10495
f 10496 10493 10492
f 10498 10496 10497
f 10497 10496 10326
f 10496 10492 10326
f 10492 10321 10326
f 10328 10497 10326
f 10499 10329 10330
f 10499 10330 10500
f 10330 10501 10500
f 10330 10331 10501
f 10331 10324 10494
f 10331 10494 10501
f 10498 10497 10502
f 10498 10502 10503
f 10333 10502 10328
f 10328 10502 10497
f 10505 10504 10499
f 10504 10329 10499
f 10504 10334 10329
f 10505 10499 10500
f 10503 10502 10506
f 10503 10506 10507
f 10335 10508 10333
f 10508 10502 10333
f 10508 10506 10502
f 10336 10508 10335
f 10504 10338 10334
f 10509 10338 10504
f 10512 10511 10510
f 10510 10511 10507
f 10506 10510 10507
f 10513 10510 10506
f 10514 10506 10508
f 10513 10506 10514
f 10339 10514 10336
f 10336 10514 10508
f 10509 10341 10338
f 10515 10341 10509
f 10512 10510 10516
f 10512 10516 10517
f 10343 10516 10342
f 10516 10513 10342
f 10516 10510 10513
f 10342 10513 10344
f 10344 10513 10514
f 10344 10514 10339
f 10515 10346 10341
f 10518 10346 10515
f 10519 10517 10516
f 10521 10519 10520
f 10520 10519 10347
f 10519 10516 10347
f 10516 10343 10347
f 10348 10520 10347
f 10518 10350 10346
f 10522 10350 10518
f 10523 10521 10520
f 10525 10523 10524
f 10524 10523 10351
f 10523 10520 10351
f 10520 10348 10351
f 10353 10524 10351
f 10522 10355 10350
f 10526 10355 10522
f 10527 10525 10524
f 10524 10353 10527
f 10353 10528 10527
f 10353 10356 10528
f 10526 10358 10355
f 10529 10358 10526
f 10530 10528 10356
f 10530 10356 10359
f 10532 10530 10531
f 10530 10361 10531
f 10530 10359 10361
f 10363 10531 10361
f 10529 10533 10358
f 10358 10533 10364
f 10535 10534 10365
f 10364 10535 10365
f 10533 10535 10364
f 10537 10536 10534
f 10537 10534 10535
f 10538 10536 10537
f 10539 10532 10531
f 10531 10363 10539
f 10363 10540 10539
f 10363 10367 10540
f 10534 10368 10365
f 10368 10534 10369
f 10369 10534 10536
f 10542 10541 10370
f 10542 10370 10369
f 10538 10542 10369
f 10536 10538 10369
f 10543 10541 10542
f 10371 10545 10544
f 10540 10371 10544
f 10367 10371 10540
f 10545 10546 10544
f 10549 10548 10547
f 10550 10549 10541
f 10549 10372 10541
f 10372 10370 10541
f 10549 10547 10372
f 10550 10541 10543
f 10373 10551 10545
f 10373 10545 10371
f 10546 10545 10552
f 10552 10545 10551
f 10554 10553 10548
f 10553 10375 10548
f 10376 10547 10548
f 10376 10548 10375
f 10376 10372 10547
f 10553 10554 10555
f 10557 10556 10551
f 10373 10557 10551
f 10377 10557 10373
f 10551 10556 10552
f 10558 10378 10553
f 10553 10378 10375
f 10553 10555 10559
f 10553 10559 10558
f 10379 10557 10377
f 10379 10560 10557
f 10562 10561 10558
f 10561 10378 10558
f 10561 10380 10378
f 10562 10558 10559
f 10565 10564 10563
f 10564 10560 10563
f 10560 10381 10563
f 10560 10379 10381
f 10561 10382 10380
f 10566 10382 10561
f 10565 10563 10567
f 10565 10567 10568
f 10384 10567 10381
f 10381 10567 10563
f 10566 10385 10382
f 10569 10385 10566
f 10570 10568 10567
f 10572 10570 10571
f 10571 10570 10386
f 10570 10567 10386
f 10567 10384 10386
f 10387 10571 10386
f 10569 10388 10385
f 10573 10388 10569
f 10572 10571 10574
f 10572 10574 10575
f 10389 10574 10387
f 10387 10574 10571
f 10573 10390 10388
f 10576 10390 10573
f 10575 10574 10577
f 10575 10577 10578
f 10391 10577 10389
f 10389 10577 10574
f 10576 10392 10390
f 10579 10392 10576
f 10580 10578 10577
f 10577 10391 10580
f 10391 10581 10580
f 10391 10393 10581
f 10579 10394 10392
f 10582 10394 10579
f 10395 10581 10393
f 10395 10583 10581
f 10582 10396 10394
f 10584 10396 10582
f 10587 10586 10585
f 10398 10399 10585
f 10586 10398 10585
f 10588 10398 10586
f 10395 10398 10583
f 10583 10398 10588
f 10590 10400 10589
f 10400 10584 10589
f 10400 10396 10584
f 10591 10590 10589
f 10587 10585 10592
f 10587 10592 10593
f 10402 10592 10399
f 10399 10592 10585
f 10590 10403 10400
f 10404 10403 10590
f 10591 10404 10590
f 10594 10404 10591
f 10593 10592 10595
f 10593 10595 10596
f 10405 10597 10402
f 10597 10592 10402
f 10597 10595 10592
f 10406 10597 10405
f 10594 10407 10404
f 10598 10407 10594
f 10599 10596 10595
f 10410 10600 10409
f 10600 10595 10409
f 10595 10597 10409
f 10600 10599 10595
f 10409 10597 10406
f 10602 10411 10601
f 10411 10598 10601
f 10411 10407 10598
f 10603 10602 10601
f 10413 10600 10410
f 10413 10604 10600
f 10602 10414 10411
f 10606 10605 10415
f 10606 10415 10414
f 10603 10606 10414
f 10602 10603 10414
f 10608 10607 10605
f 10608 10605 10606
f 10609 10607 10608
f 10612 10611 10610
f 10611 10604 10610
f 10604 10416 10610
f 10604 10413 10416
f 10605 10417 10415
f 10417 10605 10419
f 10605 10613 10419
f 10605 10607 10613
f 10607 10609 10614
f 10607 10614 10613
f 10617 10616 10615
f 10618 10615 10616
f 10612 10610 10619
f 10612 10619 10620
f 10420 10619 10416
f 10416 10619 10610
f 10613 10422 10419
f 10423 10422 10613
f 10614 10423 10613
f 10621 10423 10614
f 10617 10615 10622
f 10617 10622 10623
f 10615 10618 10624
f 10625 10615 10624
f 10622 10615 10625
f 10625 10624 10620
f 10619 10625 10620
f 10626 10625 10619
f 10424 10626 10420
f 10420 10626 10619
f 10621 10425 10423
f 10627 10425 10621
f 10630 10629 10628
f 10628 10629 10623
f 10622 10628 10623
f 10631 10628 10622
f 10428 10631 10427
f 10631 10625 10427
f 10631 10622 10625
f 10427 10625 10430
f 10430 10625 10626
f 10430 10626 10424
f 10627 10431 10425
f 10632 10431 10627
f 10635 10634 10633
f 10433 10434 10633
f 10634 10433 10633
f 10636 10433 10634
f 10638 10637 10435
f 10433 10638 10435
f 10636 10638 10433
f 10437 10438 10637
f 10638 10437 10637
f 10639 10437 10638
f 10437 10640 10440
f 10639 10640 10437
f 10628 10442 10630
f 10442 10640 10630
f 10442 10440 10640
f 10442 10628 10443
f 10443 10628 10631
f 10443 10631 10428
f 10642 10444 10641
f 10444 10632 10641
f 10444 10431 10632
f 10643 10642 10641
f 10645 10644 10446
f 10645 10446 10447
f 10633 10449 10635
f 10449 10644 10635
f 10449 10446 10644
f 10449 10633 10434
f 10637 10451 10435
f 10451 10637 10438
f 10642 10452 10444
f 10643 10646 10642
f 10646 10452 10642
f 10646 10453 10452
f 10453 10647 10454
f 10646 10647 10453
f 10454 10648 10455
f 10647 10648 10454
f 10457 10455 10648
f 10457 10648 10649
f 10459 10645 10447
f 10459 10650 10645
f 10649 10651 10457
f 10457 10651 10460
f 10460 10652 10461
f 10651 10652 10460
f 10461 10653 10462
f 10652 10653 10461
f 10459 10462 10650
f 10650 10462 10653
f 10654 10472 10473
f 10654 10473 10655
f 10473 10656 10655
f 10473 10474 10656
f 10658 10656 10657
f 10656 10475 10657
f 10656 10474 10475
f 10476 10659 10475
f 10475 10659 10657
f 10477 10660 10476
f 10476 10660 10659
f 10660 10477 10661
f 10477 10662 10661
f 10477 10478 10662
f 10663 10478 10479
f 10663 10662 10478
f 10665 10663 10664
f 10663 10480 10664
f 10663 10479 10480
f 10481 10666 10480
f 10480 10666 10664
f 10482 10667 10481
f 10481 10667 10666
f 10484 10667 10482
f 10668 10486 10487
f 10488 10669 10487
f 10487 10669 10668
f 10669 10488 10670
f 10488 10671 10670
f 10488 10489 10671
f 10489 10472 10654
f 10672 10489 10654
f 10671 10489 10672
f 10672 10654 10655
f 10673 10658 10657
f 10673 10657 10659
f 10673 10659 10674
f 10674 10659 10660
f 10674 10660 10675
f 10675 10660 10661
f 10676 10665 10664
f 10676 10664 10666
f 10676 10666 10677
f 10677 10666 10667
f 10677 10667 10678
f 10680 10678 10679
f 10679 10678 10490
f 10678 10667 10490
f 10667 10484 10490
f 10491 10681 10490
f 10490 10681 10679
f 10493 10681 10491
f 10683 10682 10495
f 10495 10682 10494
f 10495 10486 10668
f 10684 10495 10668
f 10683 10495 10684
f 10684 10668 10669
f 10684 10669 10685
f 10685 10669 10670
f 10686 10680 10679
f 10686 10679 10681
f 10686 10681 10687
f 10689 10687 10688
f 10688 10687 10496
f 10687 10681 10496
f 10681 10493 10496
f 10498 10688 10496
f 10690 10500 10501
f 10691 10690 10501
f 10494 10691 10501
f 10682 10691 10494
f 10689 10688 10692
f 10689 10692 10693
f 10503 10692 10498
f 10498 10692 10688
f 10694 10504 10505
f 10695 10694 10505
f 10695 10505 10500
f 10696 10695 10500
f 10690 10696 10500
f 10696 10690 10691
f 10693 10692 10697
f 10693 10697 10698
f 10507 10697 10503
f 10503 10697 10692
f 10699 10509 10694
f 10694 10509 10504
f 10694 10695 10700
f 10694 10700 10699
f 10703 10702 10701
f 10701 10702 10698
f 10701 10698 10697
f 10512 10701 10697
f 10511 10512 10697
f 10511 10697 10507
f 10704 10515 10699
f 10699 10515 10509
f 10699 10700 10705
f 10699 10705 10704
f 10706 10703 10701
f 10701 10512 10706
f 10512 10707 10706
f 10512 10517 10707
f 10709 10708 10704
f 10708 10515 10704
f 10708 10518 10515
f 10709 10704 10705
f 10710 10707 10517
f 10710 10517 10519
f 10712 10711 10521
f 10711 10519 10521
f 10711 10710 10519
f 10712 10713 10711
f 10708 10522 10518
f 10714 10522 10708
f 10523 10712 10521
f 10716 10715 10525
f 10525 10715 10523
f 10715 10713 10523
f 10713 10712 10523
f 10716 10717 10715
f 10714 10526 10522
f 10718 10526 10714
f 10527 10716 10525
f 10527 10528 10716
f 10528 10717 10716
f 10528 10719 10717
f 10718 10529 10526
f 10720 10529 10718
f 10721 10719 10528
f 10721 10528 10530
f 10530 10532 10721
f 10721 10532 10722
f 10720 10723 10529
f 10529 10723 10533
f 10533 10724 10535
f 10723 10724 10533
f 10535 10725 10537
f 10724 10725 10535
f 10727 10726 10538
f 10537 10727 10538
f 10725 10727 10537
f 10728 10726 10727
f 10729 10722 10532
f 10729 10532 10539
f 10539 10540 10729
f 10729 10540 10730
f 10726 10542 10538
f 10543 10542 10726
f 10728 10543 10726
f 10731 10543 10728
f 10732 10730 10540
f 10732 10540 10544
f 10544 10546 10732
f 10732 10546 10733
f 10734 10548 10549
f 10550 10735 10549
f 10549 10735 10734
f 10736 10735 10550
f 10543 10736 10550
f 10731 10736 10543
f 10552 10733 10546
f 10552 10737 10733
f 10734 10554 10548
f 10554 10734 10555
f 10734 10738 10555
f 10734 10735 10738
f 10735 10736 10739
f 10735 10739 10738
f 10557 10740 10556
f 10740 10741 10556
f 10741 10552 10556
f 10741 10737 10552
f 10743 10742 10738
f 10742 10555 10738
f 10742 10559 10555
f 10743 10738 10739
f 10560 10744 10740
f 10560 10740 10557
f 10741 10740 10745
f 10745 10740 10744
f 10746 10561 10562
f 10747 10746 10562
f 10559 10747 10562
f 10742 10747 10559
f 10565 10748 10564
f 10748 10749 10564
f 10564 10749 10560
f 10749 10750 10560
f 10750 10744 10560
f 10744 10750 10745
f 10752 10751 10746
f 10751 10561 10746
f 10751 10566 10561
f 10752 10746 10747
f 10568 10753 10748
f 10568 10748 10565
f 10749 10748 10754
f 10754 10748 10753
f 10751 10569 10566
f 10755 10569 10751
f 10753 10568 10570
f 10758 10757 10756
f 10757 10758 10572
f 10758 10754 10572
f 10753 10570 10572
f 10753 10572 10754
f 10755 10573 10569
f 10759 10573 10755
f 10756 10757 10760
f 10756 10760 10761
f 10575 10760 10572
f 10572 10760 10757
f 10759 10576 10573
f 10762 10576 10759
f 10761 10760 10763
f 10761 10763 10764
f 10578 10763 10575
f 10575 10763 10760
f 10762 10579 10576
f 10765 10579 10762
f 10764 10763 10766
f 10764 10766 10767
f 10580 10768 10578
f 10768 10763 10578
f 10768 10766 10763
f 10581 10768 10580
f 10765 10582 10579
f 10769 10582 10765
f 10767 10766 10770
f 10767 10770 10771
f 10772 10766 10768
f 10770 10766 10772
f 10583 10772 10581
f 10581 10772 10768
f 10774 10584 10773
f 10584 10769 10773
f 10584 10582 10769
f 10775 10774 10773
f 10778 10777 10776
f 10776 10777 10771
f 10776 10771 10770
f 10587 10776 10770
f 10586 10587 10770
f 10586 10770 10588
f 10588 10770 10772
f 10588 10772 10583
f 10774 10589 10584
f 10591 10589 10774
f 10775 10591 10774
f 10779 10591 10775
f 10778 10776 10780
f 10778 10780 10781
f 10593 10780 10587
f 10587 10780 10776
f 10779 10594 10591
f 10782 10594 10779
f 10781 10780 10783
f 10781 10783 10784
f 10596 10783 10593
f 10593 10783 10780
f 10786 10598 10785
f 10598 10782 10785
f 10598 10594 10782
f 10787 10786 10785
f 10784 10783 10788
f 10784 10788 10789
f 10599 10790 10596
f 10790 10783 10596
f 10790 10788 10783
f 10600 10790 10599
f 10786 10601 10598
f 10792 10791 10603
f 10792 10603 10601
f 10787 10792 10601
f 10786 10787 10601
f 10793 10791 10792
f 10796 10795 10794
f 10794 10795 10789
f 10788 10794 10789
f 10797 10794 10788
f 10798 10788 10790
f 10797 10788 10798
f 10604 10798 10600
f 10600 10798 10790
f 10791 10606 10603
f 10793 10799 10791
f 10799 10606 10791
f 10799 10608 10606
f 10609 10608 10799
f 10609 10799 10800
f 10801 10796 10794
f 10803 10802 10801
f 10794 10803 10801
f 10797 10803 10794
f 10612 10803 10611
f 10803 10798 10611
f 10803 10797 10798
f 10611 10798 10604
f 10800 10614 10609
f 10804 10614 10800
f 10806 10805 10616
f 10806 10616 10617
f 10803 10807 10618
f 10805 10803 10618
f 10616 10805 10618
f 10802 10803 10805
f 10620 10807 10612
f 10612 10807 10803
f 10804 10621 10614
f 10808 10621 10804
f 10811 10810 10809
f 10813 10812 10809
f 10813 10809 10810
f 10813 10806 10812
f 10806 10623 10812
f 10806 10617 10623
f 10807 10624 10618
f 10624 10807 10620
f 10815 10627 10814
f 10627 10808 10814
f 10627 10621 10808
f 10817 10816 10815
f 10817 10815 10814
f 10818 10816 10817
f 10821 10820 10819
f 10822 10819 10820
f 10825 10824 10823
f 10827 10826 10823
f 10827 10823 10824
f 10829 10828 10826
f 10829 10826 10827
f 10831 10830 10828
f 10831 10828 10829
f 10830 10831 10811
f 10809 10830 10811
f 10832 10830 10809
f 10630 10832 10629
f 10832 10812 10629
f 10832 10809 10812
f 10629 10812 10623
f 10833 10632 10815
f 10815 10632 10627
f 10834 10815 10816
f 10833 10815 10834
f 10816 10818 10835
f 10816 10835 10834
f 10821 10819 10836
f 10821 10836 10837
f 10819 10822 10838
f 10839 10819 10838
f 10836 10819 10839
f 10839 10838 10825
f 10839 10825 10823
f 10635 10839 10823
f 10634 10635 10823
f 10634 10823 10636
f 10636 10823 10826
f 10636 10826 10638
f 10638 10826 10828
f 10638 10828 10639
f 10639 10828 10830
f 10639 10830 10640
f 10640 10830 10832
f 10640 10832 10630
f 10833 10641 10632
f 10641 10833 10643
f 10833 10840 10643
f 10833 10834 10840
f 10834 10835 10841
f 10834 10841 10840
f 10837 10836 10842
f 10837 10842 10843
f 10645 10842 10644
f 10842 10839 10644
f 10842 10836 10839
f 10644 10839 10635
f 10840 10646 10643
f 10841 10844 10840
f 10844 10646 10840
f 10844 10647 10646
f 10647 10845 10648
f 10844 10845 10647
f 10649 10648 10845
f 10649 10845 10846
f 10843 10842 10847
f 10843 10847 10848
f 10650 10847 10645
f 10645 10847 10842
f 10651 10649 10849
f 10649 10850 10849
f 10649 10846 10850
f 10651 10849 10851
f 10852 10651 10851
f 10652 10651 10852
f 10847 10653 10848
f 10653 10852 10848
f 10653 10652 10852
f 10653 10847 10650
f 10850 10853 10849
f 10849 10853 10851
f 10854 10655 10656
f 10658 10854 10656
f 10855 10661 10662
f 10663 10856 10662
f 10662 10856 10855
f 10665 10856 10663
f 10857 10670 10671
f 10672 10858 10671
f 10671 10858 10857
f 10655 10854 10672
f 10854 10858 10672
f 10854 10859 10858
f 10673 10860 10658
f 10860 10854 10658
f 10860 10859 10854
f 10674 10861 10673
f 10673 10861 10860
f 10861 10674 10862
f 10674 10863 10862
f 10674 10675 10863
f 10675 10661 10855
f 10864 10675 10855
f 10863 10675 10864
f 10864 10855 10856
f 10864 10856 10865
f 10865 10856 10665
f 10676 10865 10665
f 10866 10865 10676
f 10868 10866 10867
f 10866 10677 10867
f 10866 10676 10677
f 10678 10869 10677
f 10677 10869 10867
f 10680 10869 10678
f 10870 10682 10683
f 10684 10871 10683
f 10683 10871 10870
f 10871 10684 10872
f 10684 10873 10872
f 10684 10685 10873
f 10685 10670 10857
f 10874 10685 10857
f 10873 10685 10874
f 10874 10857 10858
f 10874 10858 10875
f 10875 10858 10859
f 10875 10859 10876
f 10876 10859 10860
f 10876 10860 10877
f 10877 10860 10861
f 10877 10861 10878
f 10878 10861 10862
f 10879 10868 10867
f 10879 10867 10869
f 10879 10869 10880
f 10882 10880 10881
f 10881 10880 10686
f 10880 10869 10686
f 10869 10680 10686
f 10687 10883 10686
f 10686 10883 10881
f 10689 10883 10687
f 10885 10884 10870
f 10884 10682 10870
f 10884 10691 10682
f 10885 10870 10871
f 10885 10871 10886
f 10886 10871 10872
f 10887 10882 10881
f 10889 10888 10887
f 10881 10889 10887
f 10883 10889 10881
f 10693 10889 10689
f 10689 10889 10883
f 10890 10695 10696
f 10891 10890 10696
f 10691 10891 10696
f 10884 10891 10691
f 10888 10889 10892
f 10888 10892 10893
f 10698 10892 10693
f 10693 10892 10889
f 10895 10894 10890
f 10894 10695 10890
f 10894 10700 10695
f 10895 10890 10891
f 10893 10892 10702
f 10703 10893 10702
f 10896 10893 10703
f 10702 10892 10698
f 10894 10705 10700
f 10897 10705 10894
f 10898 10896 10703
f 10898 10703 10706
f 10900 10899 10707
f 10899 10706 10707
f 10899 10898 10706
f 10902 10901 10900
f 10900 10901 10899
f 10902 10903 10901
f 10904 10708 10709
f 10905 10904 10709
f 10705 10905 10709
f 10897 10905 10705
f 10710 10900 10707
f 10900 10710 10711
f 10900 10711 10902
f 10907 10906 10713
f 10713 10906 10711
f 10906 10903 10711
f 10903 10902 10711
f 10907 10908 10906
f 10909 10714 10904
f 10904 10714 10708
f 10904 10905 10910
f 10904 10910 10909
f 10715 10907 10713
f 10715 10717 10907
f 10717 10908 10907
f 10717 10911 10908
f 10912 10718 10909
f 10909 10718 10714
f 10909 10910 10913
f 10909 10913 10912
f 10719 10915 10914
f 10911 10719 10914
f 10717 10719 10911
f 10915 10916 10914
f 10917 10720 10912
f 10912 10720 10718
f 10912 10913 10918
f 10919 10912 10918
f 10917 10912 10919
f 10921 10920 10919
f 10921 10919 10918
f 10922 10920 10921
f 10721 10915 10719
f 10721 10722 10915
f 10722 10916 10915
f 10722 10923 10916
f 10917 10723 10720
f 10723 10917 10724
f 10724 10917 10919
f 10724 10919 10725
f 10725 10919 10920
f 10922 10924 10920
f 10924 10725 10920
f 10924 10727 10725
f 10728 10727 10924
f 10728 10924 10925
f 10926 10923 10722
f 10926 10722 10729
f 10729 10730 10926
f 10926 10730 10927
f 10925 10731 10728
f 10928 10731 10925
f 10929 10927 10730
f 10929 10730 10732
f 10732 10733 10929
f 10929 10733 10930
f 10933 10932 10931
f 10931 10934 10933
f 10928 10736 10731
f 10935 10736 10928
f 10737 10930 10733
f 10737 10936 10930
f 10932 10937 10931
f 10931 10937 10934
f 10939 10739 10938
f 10739 10935 10938
f 10739 10736 10935
f 10940 10939 10938
f 10741 10936 10737
f 10741 10941 10936
f 10942 10742 10743
f 10943 10942 10743
f 10943 10743 10739
f 10944 10943 10739
f 10939 10944 10739
f 10944 10939 10940
f 10745 10941 10741
f 10745 10945 10941
f 10946 10747 10942
f 10942 10747 10742
f 10942 10943 10947
f 10942 10947 10946
f 10949 10948 10750
f 10949 10750 10749
f 10745 10750 10945
f 10945 10750 10948
f 10950 10751 10752
f 10747 10946 10752
f 10946 10950 10752
f 10946 10951 10950
f 10946 10947 10952
f 10946 10952 10951
f 10955 10954 10953
f 10954 10949 10953
f 10949 10754 10953
f 10949 10749 10754
f 10956 10755 10950
f 10950 10755 10751
f 10951 10958 10957
f 10956 10951 10957
f 10950 10951 10956
f 10958 10951 10952
f 10961 10960 10959
f 10959 10960 10955
f 10959 10955 10953
f 10756 10959 10953
f 10758 10756 10953
f 10758 10953 10754
f 10962 10759 10956
f 10956 10759 10755
f 10956 10957 10963
f 10956 10963 10962
f 10961 10959 10964
f 10961 10964 10965
f 10761 10964 10756
f 10756 10964 10959
f 10966 10762 10962
f 10962 10762 10759
f 10962 10963 10967
f 10962 10967 10966
f 10965 10964 10968
f 10965 10968 10969
f 10764 10968 10761
f 10761 10968 10964
f 10970 10765 10966
f 10966 10765 10762
f 10966 10967 10971
f 10966 10971 10970
f 10969 10968 10972
f 10969 10972 10973
f 10767 10972 10764
f 10764 10972 10968
f 10974 10769 10970
f 10970 10769 10765
f 10970 10971 10975
f 10970 10975 10974
f 10973 10972 10976
f 10973 10976 10977
f 10771 10976 10767
f 10767 10976 10972
f 10974 10773 10769
f 10775 10773 10974
f 10975 10775 10974
f 10978 10775 10975
f 10981 10980 10979
f 10979 10980 10977
f 10979 10977 10976
f 10778 10979 10976
f 10777 10778 10976
f 10777 10976 10771
f 10983 10779 10982
f 10779 10978 10982
f 10779 10775 10978
f 10984 10983 10982
f 10981 10979 10985
f 10981 10985 10986
f 10781 10985 10778
f 10778 10985 10979
f 10987 10782 10983
f 10983 10782 10779
f 10983 10984 10988
f 10983 10988 10987
f 10986 10985 10989
f 10986 10989 10990
f 10784 10989 10781
f 10781 10989 10985
f 10987 10785 10782
f 10992 10991 10787
f 10992 10787 10785
f 10988 10992 10785
f 10987 10988 10785
f 10993 10991 10992
f 10990 10989 10994
f 10990 10994 10995
f 10789 10994 10784
f 10784 10994 10989
f 10991 10792 10787
f 10793 10792 10991
f 10993 10793 10991
f 10996 10793 10993
f 10995 10994 10795
f 10796 10995 10795
f 10997 10995 10796
f 10795 10994 10789
f 10996 10998 10793
f 10793 10998 10799
f 10800 10799 10998
f 10800 10998 10999
f 11002 11001 11000
f 11003 11000 10801
f 11000 10997 10801
f 10997 10796 10801
f 10997 11000 11001
f 10802 11003 10801
f 11005 10804 11004
f 10804 10999 11004
f 10804 10800 10999
f 11006 11005 11004
f 11009 11008 11007
f 11011 11010 11007
f 11011 11007 11008
f 11013 11012 11010
f 11013 11010 11011
f 11012 11013 11002
f 11000 11012 11002
f 11014 11012 11000
f 10806 11014 10805
f 11014 11003 10805
f 11014 11000 11003
f 10805 11003 10802
f 11015 10808 11005
f 11005 10808 10804
f 11005 11006 11016
f 11005 11016 11015
f 11019 11018 11017
f 11017 11018 11009
f 11007 11017 11009
f 11020 11017 11007
f 11021 11007 11010
f 11020 11007 11021
f 10811 11021 10810
f 11021 11012 10810
f 11021 11010 11012
f 10810 11012 10813
f 10813 11012 11014
f 10813 11014 10806
f 11015 10814 10808
f 11016 11022 11015
f 11022 10814 11015
f 11022 10817 10814
f 10818 10817 11022
f 10818 11022 11023
f 11026 11025 11024
f 10820 10821 11024
f 11025 10820 11024
f 11027 10820 11025
f 11029 11028 10822
f 10820 11029 10822
f 11027 11029 10820
f 10824 10825 11028
f 11029 10824 11028
f 11030 10824 11029
f 11017 10827 11019
f 10827 11030 11019
f 10827 10824 11030
f 10827 11017 10829
f 10829 11017 11020
f 10829 11020 10831
f 10831 11020 11021
f 10831 11021 10811
f 11032 10835 11031
f 10835 11023 11031
f 10835 10818 11023
f 11034 11033 11032
f 11034 11032 11031
f 11035 11033 11034
f 11036 11026 11024
f 11024 10821 11036
f 10821 11037 11036
f 10821 10837 11037
f 11028 10838 10822
f 10838 11028 10825
f 11038 10841 11032
f 11032 10841 10835
f 11039 11032 11033
f 11038 11032 11039
f 11033 11035 11040
f 11033 11040 11039
f 10843 11037 10837
f 10843 11041 11037
f 11038 10844 10841
f 10844 11038 10845
f 10845 11038 11039
f 10846 10845 11039
f 11040 10846 11039
f 11042 10846 11040
f 10848 11041 10843
f 10848 11043 11041
f 11042 10850 10846
f 11044 10850 11042
f 11046 11045 10852
f 11046 10852 10851
f 10848 10852 11043
f 11043 10852 11045
f 11044 11047 10850
f 10850 11047 10853
f 10851 10853 11046
f 11046 10853 11047
f 11048 10862 10863
f 10864 11049 10863
f 10863 11049 11048
f 10865 11050 10864
f 10864 11050 11049
f 10866 11051 10865
f 10865 11051 11050
f 10868 11051 10866
f 11052 10872 10873
f 10874 11053 10873
f 10873 11053 11052
f 10875 11054 10874
f 10874 11054 11053
f 10876 11055 10875
f 10875 11055 11054
f 11055 10876 11056
f 10876 11057 11056
f 10876 10877 11057
f 11058 10877 10878
f 11058 11057 10877
f 10878 10862 11048
f 11059 10878 11048
f 11058 10878 11059
f 11059 11048 11049
f 11059 11049 11060
f 11060 11049 11050
f 11060 11050 11061
f 11061 11050 11051
f 11061 11051 11062
f 11064 11062 11063
f 11063 11062 10879
f 11062 11051 10879
f 11051 10868 10879
f 10880 11065 10879
f 10879 11065 11063
f 10882 11065 10880
f 11067 11066 10885
f 10885 11066 10884
f 11068 10885 10886
f 11068 11067 10885
f 10886 10872 11052
f 11069 10886 11052
f 11068 10886 11069
f 11069 11052 11053
f 11069 11053 11070
f 11070 11053 11054
f 11070 11054 11071
f 11071 11054 11055
f 11071 11055 11072
f 11072 11055 11056
f 11073 11064 11063
f 11075 11074 11073
f 11063 11075 11073
f 11065 11075 11063
f 10887 11076 10882
f 11076 11065 10882
f 11076 11075 11065
f 10888 11076 10887
f 11066 10891 10884
f 11077 10891 11066
f 11078 11074 11075
f 11080 11079 11078
f 11075 11080 11078
f 11076 11080 11075
f 10893 11080 10888
f 10888 11080 11076
f 11081 10894 10895
f 11082 11081 10895
f 10891 11082 10895
f 11077 11082 10891
f 11083 11079 11080
f 10893 10896 11080
f 10896 11084 11080
f 11084 11083 11080
f 11084 10896 11085
f 11085 11086 11084
f 11088 11087 11081
f 11087 10894 11081
f 11087 10897 10894
f 11088 11081 11082
f 10898 11085 10896
f 11089 11086 11085
f 10898 11089 11085
f 10899 11089 10898
f 11090 10899 10901
f 11090 11089 10899
f 10901 10903 11090
f 11090 10903 11091
f 11087 10905 10897
f 11092 10905 11087
f 11093 11091 10903
f 11093 10903 10906
f 10906 10908 11093
f 11093 10908 11094
f 11092 10910 10905
f 11095 10910 11092
f 10911 11097 11096
f 11094 10911 11096
f 10908 10911 11094
f 11097 11098 11096
f 11100 10913 11099
f 10913 11095 11099
f 10913 10910 11095
f 11101 11100 11099
f 10914 11097 10911
f 10914 10916 11097
f 10916 11098 11097
f 10916 11102 11098
f 11100 10918 10913
f 11101 11103 11100
f 11103 10918 11100
f 11103 10921 10918
f 11105 11104 10922
f 10921 11105 10922
f 11103 11105 10921
f 11106 11104 11105
f 10923 11102 10916
f 10923 11107 11102
f 11104 10924 10922
f 10925 10924 11104
f 11106 10925 11104
f 11108 10925 11106
f 10923 10926 11109
f 11110 10923 11109
f 11107 10923 11110
f 10927 11109 10926
f 11108 10928 10925
f 11111 10928 11108
f 11112 11110 11109
f 11114 11112 11113
f 11113 11112 10929
f 11112 11109 10929
f 11109 10927 10929
f 10930 11113 10929
f 11115 10932 10933
f 10934 11115 10933
f 11117 10935 11116
f 10935 11111 11116
f 10935 10928 11111
f 11118 11117 11116
f 11114 11113 11119
f 11114 11119 11120
f 10936 11119 10930
f 10930 11119 11113
f 11115 10937 10932
f 10937 11115 10934
f 11117 10938 10935
f 10940 10938 11117
f 11118 10940 11117
f 11121 10940 11118
f 11120 11119 11122
f 11120 11122 11123
f 10941 11122 10936
f 10936 11122 11119
f 11124 10943 10944
f 11125 11124 10944
f 10940 11125 10944
f 11121 11125 10940
f 11123 11122 11126
f 11123 11126 11127
f 10945 11126 10941
f 10941 11126 11122
f 11129 11128 11124
f 11128 10943 11124
f 11128 10947 10943
f 11129 11124 11125
f 11127 11126 10948
f 10949 11127 10948
f 11130 11127 10949
f 10948 11126 10945
f 11128 10952 10947
f 11131 10952 11128
f 11133 11132 10954
f 11133 10954 10955
f 10949 10954 11130
f 11130 10954 11132
f 11134 10957 10958
f 11135 11134 10958
f 10952 11135 10958
f 11131 11135 10952
f 11137 11136 10960
f 11137 10960 10961
f 10955 10960 11133
f 11133 10960 11136
f 11138 10963 11134
f 11134 10963 10957
f 11134 11135 11139
f 11134 11139 11138
f 10965 11137 10961
f 10965 11140 11137
f 11142 11141 11138
f 11141 10963 11138
f 11141 10967 10963
f 11142 11138 11139
f 10969 11140 10965
f 10969 11143 11140
f 11141 10971 10967
f 11144 10971 11141
f 10973 11143 10969
f 10973 11145 11143
f 11147 10975 11146
f 10975 11144 11146
f 10975 10971 11144
f 11148 11147 11146
f 11151 11150 11149
f 11150 11145 11149
f 11145 10977 11149
f 11145 10973 10977
f 11152 10978 11147
f 11147 10978 10975
f 11147 11148 11153
f 11154 11147 11153
f 11152 11147 11154
f 11155 11154 11153
f 11151 11149 10980
f 10981 11151 10980
f 11156 11151 10981
f 10980 11149 10977
f 11152 10982 10978
f 10982 11152 10984
f 11152 11157 10984
f 11152 11154 11157
f 11154 11155 11158
f 11154 11158 11157
f 10986 11156 10981
f 10986 11159 11156
f 11160 10988 11157
f 11157 10988 10984
f 11157 11158 11161
f 11162 11157 11161
f 11160 11157 11162
f 11163 11162 11161
f 11166 11165 11164
f 11165 11159 11164
f 11159 10990 11164
f 11159 10986 10990
f 11160 10992 10988
f 11160 11162 11167
f 10993 11160 11167
f 11168 10993 11167
f 11160 10993 10992
f 11167 11162 11163
f 11166 11164 11169
f 11166 11169 11170
f 10995 11169 10990
f 10990 11169 11164
f 11172 10996 11171
f 10996 11168 11171
f 10996 10993 11168
f 11173 11172 11171
f 11176 11175 11174
f 11174 11175 11170
f 11169 11174 11170
f 11177 11174 11169
f 10997 11177 10995
f 10995 11177 11169
f 11172 10998 10996
f 10999 10998 11172
f 11173 10999 11172
f 11178 10999 11173
f 11176 11174 11179
f 11176 11179 11180
f 11002 11179 11001
f 11179 11177 11001
f 11179 11174 11177
f 11001 11177 10997
f 11178 11181 10999
f 10999 11181 11004
f 11006 11004 11181
f 11006 11181 11182
f 11184 11183 11008
f 11184 11008 11009
f 11008 11185 11011
f 11183 11185 11008
f 11179 11013 11180
f 11013 11185 11180
f 11013 11011 11185
f 11013 11179 11002
f 11182 11016 11006
f 11186 11016 11182
f 11188 11187 11018
f 11188 11018 11019
f 11009 11018 11184
f 11184 11018 11187
f 11186 11189 11016
f 11016 11189 11022
f 11191 11190 11023
f 11022 11191 11023
f 11189 11191 11022
f 11193 11192 11190
f 11193 11190 11191
f 11195 11194 11192
f 11195 11192 11193
f 11025 11026 11194
f 11195 11025 11194
f 11196 11025 11195
f 11025 11197 11027
f 11196 11197 11025
f 11027 11198 11029
f 11197 11198 11027
f 11029 11199 11030
f 11198 11199 11029
f 11019 11030 11188
f 11188 11030 11199
f 11190 11031 11023
f 11031 11190 11034
f 11034 11190 11192
f 11034 11192 11035
f 11192 11200 11035
f 11192 11194 11200
f 11036 11201 11026
f 11201 11194 11026
f 11201 11200 11194
f 11037 11201 11036
f 11203 11202 11200
f 11202 11035 11200
f 11202 11040 11035
f 11205 11204 11203
f 11200 11205 11203
f 11201 11205 11200
f 11041 11205 11037
f 11037 11205 11201
f 11202 11042 11040
f 11206 11042 11202
f 11204 11205 11207
f 11204 11207 11208
f 11043 11207 11041
f 11041 11207 11205
f 11210 11044 11209
f 11044 11206 11209
f 11044 11042 11206
f 11210 11209 11208
f 11210 11208 11207
f 11046 11210 11207
f 11045 11046 11207
f 11045 11207 11043
f 11210 11047 11044
f 11047 11210 11046
f 11212 11211 11057
f 11057 11211 11056
f 11214 11212 11213
f 11212 11058 11213
f 11212 11057 11058
f 11059 11215 11058
f 11058 11215 11213
f 11060 11216 11059
f 11059 11216 11215
f 11061 11217 11060
f 11060 11217 11216
f 11062 11218 11061
f 11061 11218 11217
f 11064 11218 11062
f 11219 11066 11067
f 11068 11220 11067
f 11067 11220 11219
f 11069 11221 11068
f 11068 11221 11220
f 11070 11222 11069
f 11069 11222 11221
f 11071 11223 11070
f 11070 11223 11222
f 11072 11224 11071
f 11071 11224 11223
f 11056 11211 11225
f 11224 11056 11225
f 11226 11224 11225
f 11072 11056 11224
f 11214 11213 11227
f 11225 11228 11226
f 11227 11213 11215
f 11227 11215 11229
f 11229 11215 11216
f 11229 11216 11230
f 11230 11216 11217
f 11230 11217 11231
f 11233 11232 11231
f 11217 11233 11231
f 11218 11233 11217
f 11073 11234 11064
f 11234 11218 11064
f 11234 11233 11218
f 11074 11234 11073
f 11236 11235 11219
f 11235 11066 11219
f 11235 11077 11066
f 11236 11219 11220
f 11236 11220 11237
f 11237 11220 11221
f 11237 11221 11238
f 11238 11221 11222
f 11238 11222 11239
f 11239 11222 11223
f 11239 11223 11240
f 11240 11223 11224
f 11240 11224 11241
f 11241 11224 11226
f 11241 11226 11242
f 11242 11226 11228
f 11243 11232 11233
f 11243 11233 11234
f 11243 11234 11244
f 11246 11244 11245
f 11245 11244 11078
f 11244 11234 11078
f 11234 11074 11078
f 11079 11245 11078
f 11235 11082 11077
f 11247 11082 11235
f 11250 11249 11248
f 11251 11248 11249
f 11252 11246 11245
f 11252 11245 11079
f 11083 11252 11079
f 11253 11252 11083
f 11254 11083 11084
f 11254 11253 11083
f 11084 11086 11254
f 11254 11086 11255
f 11256 11087 11088
f 11257 11256 11088
f 11082 11257 11088
f 11247 11257 11082
f 11258 11250 11248
f 11258 11248 11251
f 11259 11255 11086
f 11259 11086 11089
f 11260 11089 11090
f 11260 11259 11089
f 11090 11091 11260
f 11260 11091 11261
f 11262 11092 11256
f 11256 11092 11087
f 11256 11257 11263
f 11256 11263 11262
f 11264 11261 11091
f 11264 11091 11093
f 11093 11094 11264
f 11264 11094 11265
f 11266 11095 11262
f 11262 11095 11092
f 11262 11263 11267
f 11262 11267 11266
f 11094 11096 11268
f 11269 11094 11268
f 11265 11094 11269
f 11098 11268 11096
f 11266 11099 11095
f 11271 11270 11101
f 11271 11101 11099
f 11267 11271 11099
f 11266 11267 11099
f 11272 11270 11271
f 11273 11269 11268
f 11268 11098 11273
f 11098 11274 11273
f 11098 11102 11274
f 11270 11103 11101
f 11272 11275 11270
f 11275 11103 11270
f 11275 11105 11103
f 11106 11105 11275
f 11106 11275 11276
f 11279 11278 11277
f 11280 11277 11278
f 11107 11274 11102
f 11107 11281 11274
f 11283 11108 11282
f 11108 11276 11282
f 11108 11106 11276
f 11283 11282 11279
f 11277 11283 11279
f 11284 11283 11277
f 11277 11280 11285
f 11277 11285 11284
f 11110 11281 11107
f 11110 11286 11281
f 11287 11111 11283
f 11283 11111 11108
f 11284 11289 11288
f 11287 11284 11288
f 11283 11284 11287
f 11289 11284 11285
f 11110 11112 11290
f 11291 11110 11290
f 11286 11110 11291
f 11114 11290 11112
f 11287 11116 11111
f 11293 11292 11118
f 11293 11118 11116
f 11288 11293 11116
f 11287 11288 11116
f 11294 11292 11293
f 11295 11291 11290
f 11290 11114 11295
f 11114 11296 11295
f 11114 11120 11296
f 11297 11121 11292
f 11292 11121 11118
f 11292 11294 11298
f 11292 11298 11297
f 11301 11300 11299
f 11300 11296 11299
f 11296 11123 11299
f 11296 11120 11123
f 11302 11125 11297
f 11297 11125 11121
f 11297 11298 11303
f 11297 11303 11302
f 11301 11299 11304
f 11301 11304 11305
f 11127 11304 11123
f 11123 11304 11299
f 11307 11306 11129
f 11129 11306 11128
f 11129 11125 11302
f 11308 11129 11302
f 11307 11129 11308
f 11308 11302 11303
f 11305 11304 11309
f 11305 11309 11310
f 11130 11309 11127
f 11127 11309 11304
f 11306 11131 11128
f 11311 11131 11306
f 11314 11313 11312
f 11312 11313 11310
f 11312 11310 11309
f 11133 11312 11309
f 11132 11133 11309
f 11132 11309 11130
f 11311 11135 11131
f 11315 11135 11311
f 11318 11317 11316
f 11316 11317 11314
f 11316 11314 11312
f 11137 11316 11312
f 11136 11137 11312
f 11136 11312 11133
f 11315 11139 11135
f 11319 11139 11315
f 11318 11316 11320
f 11318 11320 11321
f 11140 11320 11137
f 11137 11320 11316
f 11322 11141 11142
f 11323 11322 11142
f 11139 11323 11142
f 11319 11323 11139
f 11321 11320 11324
f 11321 11324 11325
f 11143 11324 11140
f 11140 11324 11320
f 11326 11144 11322
f 11322 11144 11141
f 11322 11323 11327
f 11322 11327 11326
f 11325 11324 11328
f 11325 11328 11329
f 11145 11328 11143
f 11143 11328 11324
f 11326 11146 11144
f 11331 11330 11148
f 11331 11148 11146
f 11327 11331 11146
f 11326 11327 11146
f 11333 11332 11330
f 11333 11330 11331
f 11335 11334 11332
f 11335 11332 11333
f 11336 11334 11335
f 11339 11338 11337
f 11337 11338 11329
f 11337 11329 11328
f 11151 11337 11328
f 11150 11151 11328
f 11150 11328 11145
f 11330 11153 11148
f 11153 11330 11155
f 11330 11340 11155
f 11330 11332 11340
f 11341 11332 11334
f 11340 11332 11341
f 11334 11336 11342
f 11343 11334 11342
f 11341 11334 11343
f 11344 11343 11342
f 11339 11337 11345
f 11339 11345 11346
f 11156 11345 11151
f 11151 11345 11337
f 11347 11158 11340
f 11340 11158 11155
f 11348 11340 11341
f 11347 11340 11348
f 11343 11350 11349
f 11348 11343 11349
f 11341 11343 11348
f 11350 11343 11344
f 11353 11352 11351
f 11351 11352 11346
f 11345 11351 11346
f 11354 11351 11345
f 11159 11354 11156
f 11156 11354 11345
f 11347 11161 11158
f 11161 11347 11163
f 11347 11355 11163
f 11347 11348 11355
f 11348 11349 11356
f 11357 11348 11356
f 11355 11348 11357
f 11358 11357 11356
f 11361 11360 11359
f 11359 11360 11353
f 11351 11359 11353
f 11362 11359 11351
f 11166 11362 11165
f 11362 11354 11165
f 11362 11351 11354
f 11165 11354 11159
f 11363 11168 11167
f 11163 11355 11167
f 11355 11363 11167
f 11355 11364 11363
f 11365 11355 11357
f 11364 11355 11365
f 11357 11358 11366
f 11357 11366 11365
f 11369 11368 11367
f 11367 11368 11361
f 11359 11367 11361
f 11370 11367 11359
f 11371 11359 11362
f 11370 11359 11371
f 11170 11371 11166
f 11166 11371 11362
f 11363 11171 11168
f 11171 11363 11173
f 11363 11372 11173
f 11363 11364 11372
f 11373 11364 11365
f 11372 11364 11373
f 11365 11366 11374
f 11365 11374 11373
f 11369 11367 11375
f 11369 11375 11376
f 11377 11367 11370
f 11375 11367 11377
f 11176 11377 11175
f 11377 11371 11175
f 11377 11370 11371
f 11175 11371 11170
f 11378 11178 11372
f 11372 11178 11173
f 11379 11372 11373
f 11378 11372 11379
f 11373 11374 11380
f 11381 11373 11380
f 11379 11373 11381
f 11382 11381 11380
f 11385 11384 11383
f 11383 11384 11376
f 11375 11383 11376
f 11386 11383 11375
f 11387 11375 11377
f 11386 11375 11387
f 11180 11387 11176
f 11176 11387 11377
f 11378 11181 11178
f 11181 11378 11182
f 11378 11388 11182
f 11378 11379 11388
f 11389 11379 11381
f 11388 11379 11389
f 11381 11382 11390
f 11381 11390 11389
f 11393 11392 11391
f 11395 11394 11391
f 11395 11391 11392
f 11397 11396 11394
f 11397 11394 11395
f 11396 11397 11385
f 11383 11396 11385
f 11398 11396 11383
f 11184 11398 11183
f 11398 11386 11183
f 11398 11383 11386
f 11183 11386 11185
f 11185 11386 11387
f 11185 11387 11180
f 11399 11186 11388
f 11388 11186 11182
f 11400 11388 11389
f 11399 11388 11400
f 11389 11390 11401
f 11402 11389 11401
f 11400 11389 11402
f 11404 11403 11402
f 11404 11402 11401
f 11406 11405 11403
f 11406 11403 11404
f 11405 11406 11393
f 11391 11405 11393
f 11407 11405 11391
f 11408 11391 11394
f 11407 11391 11408
f 11409 11394 11396
f 11408 11394 11409
f 11188 11409 11187
f 11409 11398 11187
f 11409 11396 11398
f 11187 11398 11184
f 11399 11189 11186
f 11189 11399 11191
f 11191 11399 11400
f 11191 11400 11193
f 11193 11400 11402
f 11193 11402 11195
f 11195 11402 11403
f 11195 11403 11196
f 11196 11403 11405
f 11196 11405 11197
f 11197 11405 11407
f 11197 11407 11198
f 11198 11407 11408
f 11198 11408 11199
f 11199 11408 11409
f 11199 11409 11188
f 11410 11202 11203
f 11204 11410 11203
f 11411 11206 11410
f 11410 11206 11202
f 11208 11411 11204
f 11204 11411 11410
f 11411 11209 11206
f 11209 11411 11208
f 11412 11211 11212
f 11214 11412 11212
f 11412 11225 11211
f 11228 11225 11413
f 11225 11412 11413
f 11214 11227 11413
f 11214 11413 11412
f 11229 11414 11227
f 11227 11414 11413
f 11230 11415 11229
f 11229 11415 11414
f 11231 11416 11230
f 11230 11416 11415
f 11232 11416 11231
f 11417 11235 11236
f 11237 11418 11236
f 11236 11418 11417
f 11418 11237 11419
f 11237 11420 11419
f 11237 11238 11420
f 11421 11238 11239
f 11421 11420 11238
f 11423 11421 11422
f 11421 11240 11422
f 11421 11239 11240
f 11241 11424 11240
f 11240 11424 11422
f 11242 11425 11241
f 11241 11425 11424
f 11228 11413 11242
f 11413 11425 11242
f 11413 11426 11425
f 11427 11413 11414
f 11426 11413 11427
f 11428 11414 11415
f 11427 11414 11428
f 11429 11415 11416
f 11428 11415 11429
f 11243 11430 11232
f 11430 11416 11232
f 11430 11429 11416
f 11244 11431 11243
f 11243 11431 11430
f 11433 11431 11432
f 11431 11244 11432
f 11246 11434 11432
f 11246 11432 11244
f 11434 11435 11432
f 11436 11247 11417
f 11417 11247 11235
f 11437 11417 11418
f 11436 11417 11437
f 11418 11419 11438
f 11439 11418 11438
f 11437 11418 11439
f 11441 11440 11439
f 11441 11439 11438
f 11440 11441 11423
f 11422 11440 11423
f 11442 11440 11422
f 11443 11422 11424
f 11442 11422 11443
f 11444 11424 11425
f 11443 11424 11444
f 11445 11425 11426
f 11444 11425 11445
f 11446 11426 11427
f 11445 11426 11446
f 11447 11427 11428
f 11446 11427 11447
f 11448 11249 11250
f 11450 11449 11429
f 11447 11429 11449
f 11429 11447 11428
f 11450 11452 11451
f 11452 11448 11451
f 11251 11451 11448
f 11451 11251 11430
f 11249 11430 11251
f 11430 11249 11452
f 11452 11429 11430
f 11450 11429 11452
f 11452 11249 11448
f 11451 11430 11431
f 11451 11431 11453
f 11246 11252 11434
f 11431 11433 11453
f 11454 11435 11434
f 11252 11454 11434
f 11253 11454 11252
f 11455 11253 11254
f 11455 11454 11253
f 11254 11255 11455
f 11455 11255 11456
f 11457 11257 11436
f 11436 11257 11247
f 11458 11436 11437
f 11457 11436 11458
f 11439 11460 11459
f 11458 11439 11459
f 11437 11439 11458
f 11460 11439 11440
f 11460 11440 11461
f 11461 11440 11442
f 11461 11442 11462
f 11462 11442 11443
f 11462 11443 11463
f 11465 11464 11463
f 11443 11465 11463
f 11444 11465 11443
f 11445 11467 11466
f 11465 11445 11466
f 11444 11445 11465
f 11467 11445 11446
f 11467 11446 11468
f 11468 11446 11447
f 11468 11447 11469
f 11250 11258 11448
f 11447 11449 11469
f 11448 11258 11251
f 11470 11456 11255
f 11470 11255 11259
f 11472 11470 11471
f 11470 11260 11471
f 11470 11259 11260
f 11261 11471 11260
f 11473 11263 11457
f 11457 11263 11257
f 11458 11475 11474
f 11473 11458 11474
f 11457 11458 11473
f 11475 11458 11459
f 11476 11464 11465
f 11476 11465 11466
f 11477 11472 11471
f 11479 11477 11478
f 11478 11477 11264
f 11477 11471 11264
f 11471 11261 11264
f 11265 11478 11264
f 11480 11267 11473
f 11473 11267 11263
f 11473 11474 11481
f 11473 11481 11480
f 11482 11479 11478
f 11478 11265 11482
f 11265 11483 11482
f 11265 11269 11483
f 11480 11271 11267
f 11485 11484 11272
f 11485 11272 11271
f 11481 11485 11271
f 11480 11481 11271
f 11486 11484 11485
f 11269 11273 11487
f 11488 11269 11487
f 11483 11269 11488
f 11274 11487 11273
f 11484 11275 11272
f 11490 11489 11276
f 11490 11276 11275
f 11486 11490 11275
f 11484 11486 11275
f 11278 11279 11489
f 11490 11278 11489
f 11491 11278 11490
f 11280 11278 11491
f 11280 11491 11492
f 11488 11487 11493
f 11488 11493 11494
f 11281 11493 11274
f 11274 11493 11487
f 11489 11282 11276
f 11282 11489 11279
f 11492 11285 11280
f 11495 11285 11492
f 11496 11494 11493
f 11493 11281 11496
f 11281 11497 11496
f 11281 11286 11497
f 11499 11498 11289
f 11289 11498 11288
f 11289 11285 11495
f 11289 11495 11499
f 11291 11497 11286
f 11291 11500 11497
f 11498 11501 11288
f 11288 11501 11293
f 11294 11293 11501
f 11294 11501 11502
f 11505 11504 11503
f 11506 11503 11295
f 11503 11500 11295
f 11500 11291 11295
f 11500 11503 11504
f 11296 11506 11295
f 11502 11298 11294
f 11507 11298 11502
f 11505 11503 11508
f 11505 11508 11509
f 11301 11508 11300
f 11508 11506 11300
f 11508 11503 11506
f 11300 11506 11296
f 11507 11303 11298
f 11510 11303 11507
f 11509 11508 11511
f 11509 11511 11512
f 11305 11511 11301
f 11301 11511 11508
f 11513 11306 11307
f 11513 11307 11514
f 11307 11515 11514
f 11307 11308 11515
f 11308 11303 11510
f 11308 11510 11515
f 11518 11517 11516
f 11516 11517 11512
f 11511 11516 11512
f 11519 11516 11511
f 11310 11519 11305
f 11305 11519 11511
f 11520 11311 11513
f 11513 11311 11306
f 11513 11514 11521
f 11513 11521 11520
f 11518 11516 11522
f 11518 11522 11523
f 11314 11522 11313
f 11522 11519 11313
f 11522 11516 11519
f 11313 11519 11310
f 11524 11315 11520
f 11520 11315 11311
f 11520 11521 11525
f 11520 11525 11524
f 11528 11527 11526
f 11529 11526 11527
f 11523 11522 11317
f 11318 11523 11317
f 11530 11523 11318
f 11317 11522 11314
f 11531 11319 11524
f 11524 11319 11315
f 11524 11525 11532
f 11524 11532 11531
f 11533 11528 11526
f 11533 11526 11529
f 11536 11535 11534
f 11535 11530 11534
f 11530 11321 11534
f 11530 11318 11321
f 11537 11323 11531
f 11531 11323 11319
f 11531 11532 11538
f 11531 11538 11537
f 11536 11534 11539
f 11536 11539 11540
f 11325 11539 11321
f 11321 11539 11534
f 11541 11327 11537
f 11537 11327 11323
f 11537 11538 11542
f 11543 11537 11542
f 11541 11537 11543
f 11544 11543 11542
f 11540 11539 11545
f 11540 11545 11546
f 11329 11545 11325
f 11325 11545 11539
f 11541 11331 11327
f 11331 11541 11333
f 11333 11541 11543
f 11544 11547 11543
f 11547 11333 11543
f 11547 11335 11333
f 11549 11548 11336
f 11335 11549 11336
f 11547 11549 11335
f 11551 11550 11548
f 11551 11548 11549
f 11553 11552 11550
f 11553 11550 11551
f 11555 11554 11552
f 11555 11552 11553
f 11557 11556 11554
f 11557 11554 11555
f 11559 11558 11556
f 11559 11556 11557
f 11561 11560 11558
f 11561 11558 11559
f 11563 11562 11560
f 11563 11560 11561
f 11565 11564 11562
f 11565 11562 11563
f 11567 11566 11564
f 11567 11564 11565
f 11569 11568 11566
f 11569 11566 11567
f 11571 11570 11568
f 11571 11568 11569
f 11570 11571 11546
f 11570 11546 11545
f 11339 11570 11545
f 11338 11339 11545
f 11338 11545 11329
f 11548 11342 11336
f 11342 11548 11344
f 11548 11572 11344
f 11548 11550 11572
f 11552 11574 11573
f 11572 11552 11573
f 11550 11552 11572
f 11576 11575 11574
f 11552 11576 11574
f 11554 11576 11552
f 11577 11554 11556
f 11576 11554 11577
f 11578 11556 11558
f 11577 11556 11578
f 11579 11558 11560
f 11578 11558 11579
f 11580 11560 11562
f 11579 11560 11580
f 11581 11562 11564
f 11580 11562 11581
f 11582 11564 11566
f 11581 11564 11582
f 11583 11566 11568
f 11582 11566 11583
f 11584 11568 11570
f 11583 11568 11584
f 11346 11584 11339
f 11339 11584 11570
f 11585 11349 11350
f 11344 11572 11350
f 11572 11585 11350
f 11572 11586 11585
f 11572 11573 11587
f 11588 11572 11587
f 11586 11572 11588
f 11588 11587 11575
f 11576 11588 11575
f 11589 11588 11576
f 11590 11576 11577
f 11589 11576 11590
f 11591 11577 11578
f 11590 11577 11591
f 11592 11578 11579
f 11591 11578 11592
f 11593 11579 11580
f 11592 11579 11593
f 11594 11580 11581
f 11593 11580 11594
f 11595 11581 11582
f 11594 11581 11595
f 11596 11582 11583
f 11595 11582 11596
f 11353 11596 11352
f 11596 11584 11352
f 11596 11583 11584
f 11352 11584 11346
f 11585 11356 11349
f 11356 11585 11358
f 11585 11597 11358
f 11585 11586 11597
f 11598 11586 11588
f 11597 11586 11598
f 11599 11588 11589
f 11598 11588 11599
f 11600 11589 11590
f 11599 11589 11600
f 11601 11590 11591
f 11600 11590 11601
f 11602 11591 11592
f 11601 11591 11602
f 11603 11592 11593
f 11602 11592 11603
f 11604 11593 11594
f 11603 11593 11604
f 11605 11594 11595
f 11604 11594 11605
f 11361 11605 11360
f 11605 11596 11360
f 11605 11595 11596
f 11360 11596 11353
f 11606 11366 11597
f 11597 11366 11358
f 11607 11597 11598
f 11606 11597 11607
f 11608 11598 11599
f 11607 11598 11608
f 11609 11599 11600
f 11608 11599 11609
f 11610 11600 11601
f 11609 11600 11610
f 11611 11601 11602
f 11610 11601 11611
f 11612 11602 11603
f 11611 11602 11612
f 11613 11603 11604
f 11612 11603 11613
f 11369 11613 11368
f 11613 11605 11368
f 11613 11604 11605
f 11368 11605 11361
f 11614 11374 11606
f 11606 11374 11366
f 11615 11606 11607
f 11614 11606 11615
f 11616 11607 11608
f 11615 11607 11616
f 11617 11608 11609
f 11616 11608 11617
f 11618 11609 11610
f 11617 11609 11618
f 11619 11610 11611
f 11618 11610 11619
f 11620 11611 11612
f 11619 11611 11620
f 11621 11612 11613
f 11620 11612 11621
f 11376 11621 11369
f 11369 11621 11613
f 11614 11380 11374
f 11380 11614 11382
f 11614 11622 11382
f 11614 11615 11622
f 11623 11615 11616
f 11622 11615 11623
f 11624 11616 11617
f 11623 11616 11624
f 11625 11617 11618
f 11624 11617 11625
f 11626 11618 11619
f 11625 11618 11626
f 11627 11619 11620
f 11626 11619 11627
f 11385 11627 11384
f 11627 11621 11384
f 11627 11620 11621
f 11384 11621 11376
f 11628 11390 11622
f 11622 11390 11382
f 11629 11622 11623
f 11628 11622 11629
f 11630 11623 11624
f 11629 11623 11630
f 11393 11630 11392
f 11630 11625 11392
f 11630 11624 11625
f 11392 11625 11395
f 11395 11625 11626
f 11395 11626 11397
f 11397 11626 11627
f 11397 11627 11385
f 11628 11401 11390
f 11401 11628 11404
f 11404 11628 11629
f 11404 11629 11406
f 11406 11629 11630
f 11406 11630 11393
f 11631 11419 11420
f 11421 11632 11420
f 11420 11632 11631
f 11423 11632 11421
f 11635 11634 11633
f 11433 11432 11633
f 11432 11635 11633
f 11432 11636 11635
f 11638 11637 11435
f 11637 11432 11435
f 11637 11636 11432
f 11638 11639 11637
f 11631 11438 11419
f 11438 11631 11441
f 11441 11631 11632
f 11441 11632 11423
f 11642 11641 11640
f 11644 11643 11640
f 11640 11643 11642
f 11644 11645 11643
f 11647 11646 11450
f 11450 11646 11449
f 11648 11450 11451
f 11648 11647 11450
f 11453 11633 11634
f 11648 11453 11634
f 11451 11453 11648
f 11633 11453 11433
f 11454 11638 11435
f 11649 11639 11638
f 11454 11649 11638
f 11455 11649 11454
f 11455 11456 11649
f 11649 11456 11650
f 11651 11459 11460
f 11461 11652 11460
f 11460 11652 11651
f 11462 11653 11461
f 11461 11653 11652
f 11463 11654 11462
f 11462 11654 11653
f 11464 11654 11463
f 11656 11655 11641
f 11655 11466 11641
f 11467 11640 11641
f 11467 11641 11466
f 11468 11657 11467
f 11468 11655 11657
f 11655 11468 11658
f 11644 11658 11468
f 11658 11644 11656
f 11657 11656 11644
f 11644 11640 11657
f 11657 11640 11467
f 11655 11656 11657
f 11659 11645 11644
f 11468 11659 11644
f 11469 11659 11468
f 11469 11449 11646
f 11469 11646 11659
f 11660 11650 11456
f 11660 11456 11470
f 11470 11472 11660
f 11660 11472 11661
f 11662 11474 11475
f 11459 11651 11475
f 11651 11662 11475
f 11651 11663 11662
f 11664 11651 11652
f 11663 11651 11664
f 11665 11652 11653
f 11664 11652 11665
f 11666 11653 11654
f 11665 11653 11666
f 11476 11667 11464
f 11667 11654 11464
f 11667 11666 11654
f 11668 11667 11476
f 11668 11476 11466
f 11669 11668 11466
f 11655 11669 11466
f 11669 11655 11658
f 11670 11661 11472
f 11670 11472 11477
f 11477 11479 11670
f 11670 11479 11671
f 11672 11481 11662
f 11662 11481 11474
f 11673 11662 11663
f 11672 11662 11673
f 11674 11663 11664
f 11673 11663 11674
f 11675 11664 11665
f 11674 11664 11675
f 11666 11677 11676
f 11675 11666 11676
f 11665 11666 11675
f 11677 11666 11667
f 11677 11667 11678
f 11678 11667 11668
f 11479 11482 11679
f 11680 11479 11679
f 11671 11479 11680
f 11483 11679 11482
f 11672 11485 11481
f 11485 11672 11486
f 11672 11681 11486
f 11672 11673 11681
f 11682 11673 11674
f 11681 11673 11682
f 11675 11684 11683
f 11682 11675 11683
f 11674 11675 11682
f 11684 11675 11676
f 11685 11680 11679
f 11679 11483 11685
f 11483 11686 11685
f 11483 11488 11686
f 11681 11490 11486
f 11490 11681 11491
f 11491 11681 11682
f 11492 11491 11682
f 11683 11492 11682
f 11687 11492 11683
f 11494 11686 11488
f 11494 11688 11686
f 11691 11690 11689
f 11687 11691 11689
f 11495 11687 11689
f 11492 11687 11495
f 11494 11496 11692
f 11693 11494 11692
f 11688 11494 11693
f 11497 11692 11496
f 11695 11694 11690
f 11694 11498 11690
f 11499 11689 11690
f 11499 11690 11498
f 11499 11495 11689
f 11694 11695 11696
f 11693 11692 11697
f 11693 11697 11698
f 11500 11697 11497
f 11497 11697 11692
f 11694 11501 11498
f 11700 11699 11502
f 11700 11502 11501
f 11696 11700 11501
f 11694 11696 11501
f 11701 11699 11700
f 11704 11703 11702
f 11702 11703 11698
f 11702 11698 11697
f 11505 11702 11697
f 11504 11505 11697
f 11504 11697 11500
f 11705 11507 11699
f 11699 11507 11502
f 11699 11701 11706
f 11699 11706 11705
f 11709 11708 11707
f 11707 11708 11704
f 11702 11707 11704
f 11710 11707 11702
f 11509 11710 11505
f 11505 11710 11702
f 11712 11711 11705
f 11711 11507 11705
f 11711 11510 11507
f 11712 11705 11706
f 11709 11707 11713
f 11709 11713 11714
f 11715 11707 11710
f 11713 11707 11715
f 11512 11715 11509
f 11509 11715 11710
f 11716 11514 11515
f 11717 11716 11515
f 11510 11717 11515
f 11711 11717 11510
f 11720 11719 11718
f 11722 11721 11718
f 11722 11718 11719
f 11724 11723 11721
f 11724 11721 11722
f 11723 11724 11714
f 11713 11723 11714
f 11725 11723 11713
f 11518 11725 11517
f 11725 11715 11517
f 11725 11713 11715
f 11517 11715 11512
f 11726 11521 11716
f 11716 11521 11514
f 11716 11717 11727
f 11716 11727 11726
f 11728 11720 11718
f 11730 11729 11728
f 11718 11730 11728
f 11721 11730 11718
f 11731 11721 11723
f 11730 11721 11731
f 11732 11723 11725
f 11731 11723 11732
f 11523 11732 11518
f 11518 11732 11725
f 11734 11733 11726
f 11733 11521 11726
f 11733 11525 11521
f 11734 11726 11727
f 11737 11736 11735
f 11527 11528 11735
f 11736 11527 11735
f 11738 11527 11736
f 11529 11527 11738
f 11529 11738 11739
f 11740 11729 11730
f 11742 11741 11740
f 11730 11742 11740
f 11731 11742 11730
f 11743 11731 11732
f 11742 11731 11743
f 11530 11743 11523
f 11523 11743 11732
f 11745 11532 11744
f 11532 11733 11744
f 11532 11525 11733
f 11746 11745 11744
f 11749 11748 11747
f 11747 11748 11737
f 11735 11747 11737
f 11750 11747 11735
f 11533 11751 11528
f 11751 11735 11528
f 11751 11750 11735
f 11752 11751 11533
f 11529 11752 11533
f 11739 11752 11529
f 11741 11742 11753
f 11741 11753 11754
f 11536 11753 11535
f 11753 11743 11535
f 11753 11742 11743
f 11535 11743 11530
f 11755 11538 11745
f 11745 11538 11532
f 11745 11746 11756
f 11757 11745 11756
f 11755 11745 11757
f 11758 11757 11756
f 11749 11747 11759
f 11749 11759 11760
f 11761 11747 11750
f 11759 11747 11761
f 11762 11750 11751
f 11761 11750 11762
f 11751 11752 11763
f 11764 11751 11763
f 11762 11751 11764
f 11766 11765 11764
f 11766 11764 11763
f 11765 11766 11754
f 11753 11765 11754
f 11767 11765 11753
f 11540 11767 11536
f 11536 11767 11753
f 11755 11542 11538
f 11542 11755 11544
f 11755 11768 11544
f 11755 11757 11768
f 11757 11758 11769
f 11770 11757 11769
f 11768 11757 11770
f 11772 11771 11770
f 11772 11770 11769
f 11774 11773 11771
f 11774 11771 11772
f 11776 11775 11773
f 11776 11773 11774
f 11777 11775 11776
f 11780 11779 11778
f 11778 11779 11760
f 11759 11778 11760
f 11781 11778 11759
f 11782 11759 11761
f 11781 11759 11782
f 11783 11761 11762
f 11782 11761 11783
f 11784 11762 11764
f 11783 11762 11784
f 11785 11764 11765
f 11784 11764 11785
f 11786 11765 11767
f 11785 11765 11786
f 11546 11786 11540
f 11540 11786 11767
f 11768 11547 11544
f 11547 11768 11549
f 11549 11768 11770
f 11549 11770 11551
f 11551 11770 11771
f 11551 11771 11553
f 11553 11771 11773
f 11553 11773 11555
f 11555 11773 11775
f 11777 11787 11775
f 11787 11555 11775
f 11787 11557 11555
f 11778 11559 11780
f 11559 11787 11780
f 11559 11557 11787
f 11559 11778 11561
f 11561 11778 11781
f 11561 11781 11563
f 11563 11781 11782
f 11563 11782 11565
f 11565 11782 11783
f 11565 11783 11567
f 11567 11783 11784
f 11567 11784 11569
f 11569 11784 11785
f 11569 11785 11571
f 11571 11785 11786
f 11571 11786 11546
f 11788 11573 11574
f 11575 11788 11574
f 11788 11587 11573
f 11587 11788 11575
f 11789 11634 11635
f 11636 11790 11635
f 11635 11790 11789
f 11637 11791 11636
f 11636 11791 11790
f 11639 11791 11637
f 11792 11641 11642
f 11643 11793 11642
f 11642 11793 11792
f 11645 11793 11643
f 11794 11646 11647
f 11794 11647 11795
f 11647 11796 11795
f 11647 11648 11796
f 11648 11634 11789
f 11797 11648 11789
f 11796 11648 11797
f 11797 11789 11790
f 11797 11790 11798
f 11798 11790 11791
f 11798 11791 11799
f 11801 11799 11800
f 11800 11799 11649
f 11799 11791 11649
f 11791 11639 11649
f 11650 11800 11649
f 11792 11656 11641
f 11792 11793 11802
f 11658 11792 11802
f 11803 11658 11802
f 11792 11658 11656
f 11802 11793 11645
f 11659 11802 11645
f 11804 11802 11659
f 11659 11646 11794
f 11805 11659 11794
f 11804 11659 11805
f 11805 11794 11795
f 11801 11800 11806
f 11801 11806 11807
f 11660 11808 11650
f 11808 11800 11650
f 11808 11806 11800
f 11661 11808 11660
f 11809 11668 11669
f 11810 11809 11669
f 11658 11810 11669
f 11803 11810 11658
f 11811 11807 11806
f 11813 11812 11811
f 11806 11813 11811
f 11808 11813 11806
f 11670 11814 11661
f 11814 11808 11661
f 11814 11813 11808
f 11671 11814 11670
f 11815 11676 11677
f 11678 11816 11677
f 11677 11816 11815
f 11817 11816 11678
f 11817 11678 11668
f 11818 11817 11668
f 11809 11818 11668
f 11818 11809 11810
f 11819 11812 11813
f 11821 11820 11819
f 11813 11821 11819
f 11814 11821 11813
f 11680 11821 11671
f 11671 11821 11814
f 11822 11683 11684
f 11676 11815 11684
f 11815 11822 11684
f 11815 11823 11822
f 11816 11825 11824
f 11823 11816 11824
f 11815 11816 11823
f 11825 11816 11817
f 11826 11820 11821
f 11828 11826 11827
f 11827 11826 11685
f 11826 11821 11685
f 11821 11680 11685
f 11686 11827 11685
f 11829 11687 11822
f 11822 11687 11683
f 11823 11831 11830
f 11829 11823 11830
f 11822 11823 11829
f 11831 11823 11824
f 11828 11827 11832
f 11828 11832 11833
f 11688 11832 11686
f 11686 11832 11827
f 11834 11690 11691
f 11687 11829 11691
f 11829 11834 11691
f 11829 11835 11834
f 11829 11830 11836
f 11829 11836 11835
f 11833 11832 11837
f 11833 11837 11838
f 11693 11837 11688
f 11688 11837 11832
f 11834 11695 11690
f 11695 11834 11696
f 11834 11839 11696
f 11834 11835 11839
f 11835 11836 11840
f 11835 11840 11839
f 11838 11837 11841
f 11838 11841 11842
f 11698 11841 11693
f 11693 11841 11837
f 11839 11700 11696
f 11844 11843 11701
f 11844 11701 11700
f 11840 11844 11700
f 11839 11840 11700
f 11845 11843 11844
f 11848 11847 11846
f 11846 11847 11842
f 11846 11842 11841
f 11704 11846 11841
f 11703 11704 11841
f 11703 11841 11698
f 11850 11849 11843
f 11849 11701 11843
f 11849 11706 11701
f 11850 11843 11845
f 11853 11852 11851
f 11851 11852 11848
f 11851 11848 11846
f 11709 11851 11846
f 11708 11709 11846
f 11708 11846 11704
f 11854 11711 11712
f 11855 11854 11712
f 11706 11855 11712
f 11849 11855 11706
f 11858 11857 11856
f 11860 11859 11856
f 11860 11856 11857
f 11859 11860 11853
f 11851 11859 11853
f 11861 11859 11851
f 11714 11861 11709
f 11709 11861 11851
f 11862 11717 11854
f 11854 11717 11711
f 11854 11855 11863
f 11864 11854 11863
f 11862 11854 11864
f 11865 11864 11863
f 11858 11856 11719
f 11720 11858 11719
f 11866 11858 11720
f 11719 11856 11722
f 11722 11856 11859
f 11722 11859 11724
f 11724 11859 11861
f 11724 11861 11714
f 11867 11727 11862
f 11862 11727 11717
f 11868 11862 11864
f 11867 11862 11868
f 11864 11865 11869
f 11864 11869 11868
f 11872 11871 11870
f 11873 11870 11871
f 11874 11866 11720
f 11874 11720 11728
f 11728 11729 11874
f 11874 11729 11875
f 11876 11733 11734
f 11727 11867 11734
f 11867 11876 11734
f 11867 11877 11876
f 11878 11867 11868
f 11877 11867 11878
f 11868 11869 11879
f 11880 11868 11879
f 11878 11868 11880
f 11882 11881 11880
f 11882 11880 11879
f 11884 11883 11881
f 11884 11881 11882
f 11885 11883 11884
f 11888 11887 11886
f 11890 11889 11886
f 11890 11886 11887
f 11889 11890 11872
f 11889 11872 11870
f 11737 11889 11870
f 11736 11737 11870
f 11738 11736 11870
f 11891 11738 11870
f 11873 11891 11870
f 11892 11738 11891
f 11892 11739 11738
f 11893 11875 11729
f 11893 11729 11740
f 11740 11741 11893
f 11893 11741 11894
f 11876 11744 11733
f 11744 11876 11746
f 11876 11895 11746
f 11876 11877 11895
f 11896 11877 11878
f 11895 11877 11896
f 11897 11878 11880
f 11896 11878 11897
f 11898 11880 11881
f 11897 11880 11898
f 11899 11881 11883
f 11898 11881 11899
f 11883 11885 11900
f 11901 11883 11900
f 11899 11883 11901
f 11901 11900 11888
f 11886 11901 11888
f 11902 11901 11886
f 11749 11902 11748
f 11902 11889 11748
f 11902 11886 11889
f 11748 11889 11737
f 11891 11903 11892
f 11752 11739 11892
f 11904 11752 11892
f 11903 11904 11892
f 11752 11904 11905
f 11907 11906 11905
f 11907 11905 11904
f 11907 11894 11906
f 11894 11754 11906
f 11894 11741 11754
f 11895 11756 11746
f 11756 11895 11758
f 11895 11908 11758
f 11895 11896 11908
f 11909 11896 11897
f 11908 11896 11909
f 11910 11897 11898
f 11909 11897 11910
f 11911 11898 11899
f 11910 11898 11911
f 11912 11899 11901
f 11911 11899 11912
f 11913 11901 11902
f 11912 11901 11913
f 11760 11913 11749
f 11749 11913 11902
f 11905 11763 11752
f 11763 11905 11766
f 11766 11905 11906
f 11766 11906 11754
f 11908 11769 11758
f 11769 11908 11772
f 11772 11908 11909
f 11772 11909 11774
f 11774 11909 11910
f 11774 11910 11776
f 11776 11910 11911
f 11776 11911 11777
f 11911 11914 11777
f 11911 11912 11914
f 11780 11914 11779
f 11914 11913 11779
f 11914 11912 11913
f 11779 11913 11760
f 11914 11787 11777
f 11787 11914 11780
f 11915 11795 11796
f 11797 11916 11796
f 11796 11916 11915
f 11798 11917 11797
f 11797 11917 11916
f 11799 11918 11798
f 11798 11918 11917
f 11801 11918 11799
f 11919 11803 11802
f 11804 11920 11802
f 11802 11920 11919
f 11805 11921 11804
f 11804 11921 11920
f 11795 11915 11805
f 11915 11921 11805
f 11915 11922 11921
f 11923 11915 11916
f 11922 11915 11923
f 11924 11916 11917
f 11923 11916 11924
f 11925 11917 11918
f 11924 11917 11925
f 11807 11925 11801
f 11801 11925 11918
f 11926 11810 11919
f 11919 11810 11803
f 11927 11919 11920
f 11926 11919 11927
f 11921 11929 11928
f 11927 11921 11928
f 11920 11921 11927
f 11929 11921 11922
f 11929 11922 11930
f 11930 11922 11923
f 11930 11923 11931
f 11931 11923 11924
f 11931 11924 11932
f 11934 11933 11932
f 11924 11934 11932
f 11925 11934 11924
f 11811 11935 11807
f 11935 11925 11807
f 11935 11934 11925
f 11812 11935 11811
f 11936 11817 11818
f 11937 11936 11818
f 11937 11818 11810
f 11938 11937 11810
f 11926 11938 11810
f 11938 11926 11927
f 11938 11927 11939
f 11939 11927 11928
f 11940 11933 11934
f 11942 11941 11940
f 11934 11942 11940
f 11935 11942 11934
f 11819 11943 11812
f 11943 11935 11812
f 11943 11942 11935
f 11820 11943 11819
f 11944 11824 11825
f 11945 11944 11825
f 11945 11825 11817
f 11946 11945 11817
f 11936 11946 11817
f 11946 11936 11937
f 11947 11941 11942
f 11947 11942 11943
f 11947 11943 11948
f 11950 11948 11949
f 11949 11948 11826
f 11948 11943 11826
f 11943 11820 11826
f 11828 11949 11826
f 11951 11830 11831
f 11952 11951 11831
f 11952 11831 11824
f 11953 11952 11824
f 11944 11953 11824
f 11953 11944 11945
f 11950 11949 11954
f 11950 11954 11955
f 11833 11954 11828
f 11828 11954 11949
f 11956 11836 11951
f 11951 11836 11830
f 11951 11952 11957
f 11951 11957 11956
f 11955 11954 11958
f 11955 11958 11959
f 11838 11958 11833
f 11833 11958 11954
f 11960 11840 11956
f 11956 11840 11836
f 11956 11957 11961
f 11956 11961 11960
f 11959 11958 11962
f 11959 11962 11963
f 11842 11962 11838
f 11838 11962 11958
f 11960 11844 11840
f 11965 11964 11845
f 11965 11845 11844
f 11961 11965 11844
f 11960 11961 11844
f 11967 11966 11964
f 11967 11964 11965
f 11968 11966 11967
f 11971 11970 11969
f 11973 11972 11969
f 11973 11969 11970
f 11974 11972 11973
f 11977 11976 11975
f 11978 11975 11976
f 11981 11980 11979
f 11983 11982 11979
f 11983 11979 11980
f 11982 11983 11963
f 11982 11963 11962
f 11848 11982 11962
f 11847 11848 11962
f 11847 11962 11842
f 11984 11849 11850
f 11845 11964 11850
f 11964 11984 11850
f 11964 11985 11984
f 11986 11964 11966
f 11985 11964 11986
f 11966 11968 11987
f 11966 11987 11986
f 11988 11971 11969
f 11990 11989 11988
f 11969 11990 11988
f 11972 11990 11969
f 11972 11974 11991
f 11992 11972 11991
f 11990 11972 11992
f 11992 11991 11977
f 11975 11992 11977
f 11993 11992 11975
f 11975 11978 11994
f 11995 11975 11994
f 11993 11975 11995
f 11995 11994 11981
f 11979 11995 11981
f 11996 11995 11979
f 11853 11996 11852
f 11996 11982 11852
f 11996 11979 11982
f 11852 11982 11848
f 11997 11855 11984
f 11984 11855 11849
f 11998 11984 11985
f 11997 11984 11998
f 11999 11985 11986
f 11998 11985 11999
f 11986 11987 12000
f 11986 12000 11999
f 11989 11990 12001
f 11989 12001 12002
f 12003 11990 11992
f 12001 11990 12003
f 12004 11992 11993
f 12003 11992 12004
f 11858 12004 11857
f 12004 11995 11857
f 12004 11993 11995
f 11857 11995 11860
f 11860 11995 11996
f 11860 11996 11853
f 11997 11863 11855
f 11863 11997 11865
f 11997 12005 11865
f 11997 11998 12005
f 12006 11998 11999
f 12005 11998 12006
f 11999 12000 12007
f 12008 11999 12007
f 12006 11999 12008
f 12009 12008 12007
f 12002 12001 12010
f 12002 12010 12011
f 12012 12001 12003
f 12010 12001 12012
f 12004 12014 12013
f 12012 12004 12013
f 12003 12004 12012
f 11858 11866 12004
f 11866 12015 12004
f 12015 12014 12004
f 12015 11866 12016
f 12016 12017 12015
f 12018 11869 12005
f 12005 11869 11865
f 12019 12005 12006
f 12018 12005 12019
f 12020 12006 12008
f 12019 12006 12020
f 12008 12009 12021
f 12008 12021 12020
f 12011 12010 12022
f 12011 12022 12023
f 11872 12022 11871
f 12022 12012 11871
f 12022 12010 12012
f 11873 11871 12012
f 12013 11873 12012
f 12024 11873 12013
f 11874 12016 11866
f 11874 11875 12016
f 11875 12017 12016
f 11875 12025 12017
f 12018 11879 11869
f 11879 12018 11882
f 11882 12018 12019
f 11882 12019 11884
f 11884 12019 12020
f 12027 12026 11885
f 12027 11885 11884
f 12021 12027 11884
f 12020 12021 11884
f 11887 11888 12026
f 12027 11887 12026
f 12028 11887 12027
f 12022 11890 12023
f 11890 12028 12023
f 11890 11887 12028
f 11890 12022 11872
f 12030 11891 12029
f 11891 12024 12029
f 11891 11873 12024
f 12032 12031 12030
f 12032 12030 12029
f 12033 12031 11893
f 12031 12025 11893
f 12025 11875 11893
f 12025 12031 12032
f 11894 12033 11893
f 12026 11900 11885
f 11900 12026 11888
f 12030 11903 11891
f 11903 12030 11904
f 11904 12030 12031
f 11904 12031 11907
f 11907 12031 12033
f 11907 12033 11894
f 12034 11928 11929
f 11930 12035 11929
f 11929 12035 12034
f 11931 12036 11930
f 11930 12036 12035
f 11932 12037 11931
f 11931 12037 12036
f 11933 12037 11932
f 12038 11937 11938
f 11939 12039 11938
f 11938 12039 12038
f 11928 12034 11939
f 12034 12039 11939
f 12034 12040 12039
f 12041 12034 12035
f 12040 12034 12041
f 12042 12035 12036
f 12041 12035 12042
f 12043 12036 12037
f 12042 12036 12043
f 11940 12044 11933
f 12044 12037 11933
f 12044 12043 12037
f 11941 12044 11940
f 12045 11945 11946
f 11937 12038 11946
f 12038 12045 11946
f 12038 12046 12045
f 12047 12038 12039
f 12046 12038 12047
f 12048 12039 12040
f 12047 12039 12048
f 12049 12040 12041
f 12048 12040 12049
f 12042 12051 12050
f 12049 12042 12050
f 12041 12042 12049
f 12051 12042 12043
f 12051 12043 12052
f 12054 12053 12052
f 12043 12054 12052
f 12044 12054 12043
f 11947 12055 11941
f 12055 12044 11941
f 12055 12054 12044
f 11948 12056 11947
f 11947 12056 12055
f 11950 12056 11948
f 12057 11952 11953
f 11945 12045 11953
f 12045 12057 11953
f 12045 12058 12057
f 12059 12045 12046
f 12058 12045 12059
f 12060 12046 12047
f 12059 12046 12060
f 12061 12047 12048
f 12060 12047 12061
f 12062 12048 12049
f 12061 12048 12062
f 12049 12050 12063
f 12049 12063 12062
f 12053 12054 12064
f 12053 12064 12065
f 12066 12054 12055
f 12064 12054 12066
f 12067 12055 12056
f 12066 12055 12067
f 11955 12067 11950
f 11950 12067 12056
f 12068 11957 12057
f 12057 11957 11952
f 12069 12057 12058
f 12068 12057 12069
f 12070 12058 12059
f 12069 12058 12070
f 12060 12072 12071
f 12070 12060 12071
f 12059 12060 12070
f 12072 12060 12061
f 12072 12061 12073
f 12073 12061 12062
f 12073 12062 12074
f 12074 12062 12063
f 12075 12065 12064
f 12077 12076 12075
f 12064 12077 12075
f 12066 12077 12064
f 12078 12066 12067
f 12077 12066 12078
f 11959 12078 11955
f 11955 12078 12067
f 12079 11961 12068
f 12068 11961 11957
f 12080 12068 12069
f 12079 12068 12080
f 12081 12069 12070
f 12080 12069 12081
f 12070 12071 12082
f 12083 12070 12082
f 12081 12070 12083
f 12085 12084 12083
f 12085 12083 12082
f 12086 12084 12085
f 12087 12076 12077
f 12089 12088 12087
f 12077 12089 12087
f 12078 12089 12077
f 11963 12089 11959
f 11959 12089 12078
f 12079 11965 11961
f 11965 12079 11967
f 11967 12079 12080
f 11967 12080 11968
f 12080 12090 11968
f 12080 12081 12090
f 12091 12081 12083
f 12090 12081 12091
f 11971 12091 11970
f 12091 12084 11970
f 12091 12083 12084
f 12086 12092 12084
f 12092 11970 12084
f 12092 11973 11970
f 12094 12093 11974
f 11973 12094 11974
f 12092 12094 11973
f 11976 11977 12093
f 12094 11976 12093
f 12095 11976 12094
f 12097 12096 11978
f 11976 12097 11978
f 12095 12097 11976
f 11980 11981 12096
f 12097 11980 12096
f 12098 11980 12097
f 12089 11983 12088
f 11983 12098 12088
f 11983 11980 12098
f 11983 12089 11963
f 12099 11987 12090
f 12090 11987 11968
f 12100 12090 12091
f 12099 12090 12100
f 11988 12101 11971
f 12101 12091 11971
f 12101 12100 12091
f 11989 12101 11988
f 12093 11991 11974
f 11991 12093 11977
f 12096 11994 11978
f 11994 12096 11981
f 12102 12000 12099
f 12099 12000 11987
f 12103 12099 12100
f 12102 12099 12103
f 12104 12100 12101
f 12103 12100 12104
f 12002 12104 11989
f 11989 12104 12101
f 12102 12007 12000
f 12007 12102 12009
f 12102 12105 12009
f 12102 12103 12105
f 12106 12103 12104
f 12105 12103 12106
f 12011 12107 12002
f 12108 12002 12107
f 12002 12108 12104
f 12109 12104 12108
f 12104 12109 12106
f 12111 12110 12107
f 12107 12110 12108
f 12111 12013 12110
f 12013 12014 12110
f 12113 12112 12110
f 12113 12110 12014
f 12015 12114 12014
f 12014 12114 12113
f 12017 12114 12015
f 12115 12021 12105
f 12105 12021 12009
f 12116 12105 12106
f 12115 12105 12116
f 12107 12011 12117
f 12023 12117 12011
f 12118 12106 12109
f 12106 12118 12116
f 12107 12119 12111
f 12107 12117 12119
f 12119 12013 12111
f 12013 12119 12024
f 12112 12113 12120
f 12121 12120 12113
f 12122 12113 12114
f 12121 12113 12122
f 12025 12122 12017
f 12017 12122 12114
f 12115 12027 12021
f 12027 12115 12028
f 12028 12115 12116
f 12116 12118 12028
f 12118 12123 12028
f 12117 12023 12028
f 12117 12028 12123
f 12117 12123 12119
f 12119 12123 12124
f 12120 12121 12124
f 12121 12029 12124
f 12024 12119 12124
f 12024 12124 12029
f 12029 12121 12032
f 12032 12121 12122
f 12032 12122 12025
f 12125 12050 12051
f 12052 12126 12051
f 12051 12126 12125
f 12053 12126 12052
f 12127 12063 12125
f 12125 12063 12050
f 12128 12125 12126
f 12127 12125 12128
f 12065 12128 12053
f 12053 12128 12126
f 12129 12071 12072
f 12073 12130 12072
f 12072 12130 12129
f 12074 12131 12073
f 12073 12131 12130
f 12063 12127 12074
f 12127 12131 12074
f 12127 12132 12131
f 12133 12127 12128
f 12132 12127 12133
f 12075 12134 12065
f 12134 12128 12065
f 12134 12133 12128
f 12076 12134 12075
f 12129 12082 12071
f 12082 12129 12085
f 12085 12129 12130
f 12085 12130 12086
f 12130 12135 12086
f 12130 12131 12135
f 12136 12131 12132
f 12135 12131 12136
f 12137 12132 12133
f 12136 12132 12137
f 12138 12133 12134
f 12137 12133 12138
f 12087 12139 12076
f 12139 12134 12076
f 12139 12138 12134
f 12088 12139 12087
f 12135 12092 12086
f 12092 12135 12094
f 12094 12135 12136
f 12094 12136 12095
f 12095 12136 12137
f 12095 12137 12097
f 12097 12137 12138
f 12097 12138 12098
f 12098 12138 12139
f 12098 12139 12088
f 12140 12109 12108
f 12110 12141 12108
f 12108 12141 12140
f 12112 12141 12110
f 12142 12118 12140
f 12140 12118 12109
f 12143 12140 12141
f 12142 12140 12143
f 12120 12143 12112
f 12112 12143 12141
f 12142 12123 12118
f 12123 12142 12124
f 12124 12142 12143
f 12124 12143 12120
